Date,Log_Return,Volatility,Range,Close
2010-02-02,-0.01430682701245135,0.010227607446609072,0.028374112734020115,4830.10009765625
2010-02-03,0.020846999413257735,0.011323532259882835,0.023956507193902358,4931.85009765625
2010-02-04,-0.017694688705123994,0.011713214305344442,0.020421580492008838,4845.35009765625
2010-02-05,-0.026496781268445523,0.012715541393292382,0.02853568396266684,4718.64990234375
2010-02-08,0.008808956769992533,0.01310720568732679,0.02597468802628784,4760.39990234375
2010-02-09,0.006751796164294356,0.013306299365226657,0.014824743333068102,4792.64990234375
2010-02-10,-0.007424173049006029,0.01330592232988607,0.016553854529308267,4757.2001953125
2010-02-11,0.014534800298261869,0.013843158638317761,0.017930907928863496,4826.85009765625
2010-02-15,-0.005171975135166793,0.013681092616073927,0.012848986933002684,4801.9501953125
2010-02-16,0.011141443639869172,0.01411446548292737,0.018256685855686558,4855.75
2010-02-17,0.011924704368882228,0.014447250124521839,0.01467238454543142,4914.0
2010-02-18,-0.005356199200524958,0.014389787311604231,0.009891997212418803,4887.75
2010-02-19,-0.008805489760123469,0.014426166269648277,0.0168734136200529,4844.89990234375
2010-02-22,0.002370817440569972,0.013600426830079067,0.013621181054679075,4856.39990234375
2010-02-23,0.0028067612985113975,0.01347241468910097,0.010461945432972705,4870.0498046875
2010-02-24,-0.002353813207905825,0.013442237156616368,0.009447145560691803,4858.60009765625
2010-02-25,0.00023664559057058937,0.011454835073152274,0.009167098037450486,4859.75
2010-02-26,0.012788865005232845,0.011791834299482013,0.02713158685708674,4922.2998046875
2010-03-02,0.01905628423679781,0.01249204813692603,0.018756248287073948,5017.0
2010-03-03,0.014072353623684244,0.01280619991819179,0.015359348449089764,5088.10009765625
2010-03-04,-0.0015440261478846663,0.012263287043053324,0.009438550329708183,5080.25
2010-03-05,0.0016619605947973564,0.011479980221859861,0.0099436193358101,5088.7001953125
2010-03-08,0.006912950461775033,0.010591398841212069,0.010724081833040593,5124.0
2010-03-09,-0.004400769901265003,0.008273930954191063,0.007340920715720866,5101.5
2010-03-10,0.002887134691252988,0.008194614466587816,0.008863933086977766,5116.25
2010-03-11,0.0033464398319566976,0.008161087847906074,0.009837534764619307,5133.39990234375
2010-03-12,0.0007010628286984394,0.007785708777833124,0.007007981312049835,5137.0
2010-03-15,-0.0015780592864252823,0.007447144971475983,0.009719357040331448,5128.89990234375
2010-03-16,0.013402000790980504,0.007527547426697049,0.01607314270942405,5198.10009765625
2010-03-17,0.006481289167163449,0.007364018023512035,0.01593113385424507,5231.89990234375
2010-03-18,0.0026723183478340206,0.007108341070030945,0.007863283853656916,5245.89990234375
2010-03-19,0.0032163668929633504,0.006813278117780816,0.006241943238462328,5262.7998046875
2010-03-22,-0.011005003954608747,0.007039689112534845,0.014197415632841631,5205.2001953125
2010-03-23,0.003854011649290952,0.007034017659588359,0.009607141635675435,5225.2998046875
2010-03-25,0.006694875828928294,0.007062843932325749,0.012232836014297942,5260.39990234375
2010-03-26,0.004097762953683076,0.006910015964219805,0.006285534894452859,5282.0
2010-03-29,0.003939616419884685,0.006848192595403167,0.016481684515724657,5302.85009765625
2010-03-30,-0.007647695404744314,0.007046577383644685,0.013995363302317477,5262.4501953125
2010-03-31,-0.0025400829491546485,0.006103189479333289,0.011192394678514928,5249.10009765625
2010-04-01,0.00785610742115299,0.0056082522969260916,0.009337473271666194,5290.5
2010-04-05,0.014617134988492871,0.006210233349389013,0.016047594052398827,5368.39990234375
2010-04-06,-0.0004471423471397832,0.006247627647501057,0.006885893967806559,5366.0
2010-04-07,0.0016106854412794307,0.006169355007830166,0.010158819392578532,5374.64990234375
2010-04-08,-0.013147309710539474,0.0069380322310623735,0.01760783849498422,5304.4501953125
2010-04-09,0.010744286598761555,0.007210938331092286,0.01402530802676365,5361.75
2010-04-12,-0.004120906136825128,0.007348285155394826,0.01072157572634085,5339.7001953125
2010-04-13,-0.0031418105563994977,0.007432967561671751,0.01029500609187699,5322.9501953125
2010-04-15,-0.009314437828800527,0.007808620041086325,0.020450943503316055,5273.60009765625
2010-04-16,-0.0020880400510003044,0.0073066736118284365,0.008645916306706235,5262.60009765625
2010-04-19,-0.011264936095264202,0.007627485096452277,0.022705198189934855,5203.64990234375
2010-04-20,0.005070133360250802,0.007694727397704773,0.009359322842489365,5230.10009765625
2010-04-21,0.0028257402454029998,0.007686221778315521,0.006863810686627774,5244.89990234375
2010-04-22,0.004650876550451328,0.007312862800911191,0.0210082277661695,5269.35009765625
2010-04-23,0.006573090991872485,0.007401042491588478,0.007805264150660277,5304.10009765625
2010-04-26,0.0034536355429986695,0.007298758350123031,0.008078985884709686,5322.4501953125
2010-04-27,-0.002652689456282345,0.007283898337221095,0.005491330038050864,5308.35009765625
2010-04-28,-0.017655659171124917,0.00824518556739995,0.020285843163182708,5215.4501953125
2010-04-29,0.007392810217539679,0.008276568121209034,0.00950680818798459,5254.14990234375
2010-04-30,0.004529016135379945,0.008316778353832703,0.00769223368226601,5278.0
2010-05-03,-0.010523154984110675,0.008449313384033739,0.013144491048776985,5222.75
2010-05-04,-0.014318672982353193,0.00817129868563607,0.0223948343570943,5148.5
2010-05-05,-0.004594416530933983,0.00817999901698233,0.017922320319708987,5124.89990234375
2010-05-06,-0.006666163674476285,0.008181182782253348,0.017118929190995526,5090.85009765625
2010-05-07,-0.014403456807526558,0.008269849421508239,0.020137266193154674,5018.0498046875
2010-05-10,0.03438574403959364,0.01140090689425612,0.034022586203930186,5193.60009765625
2010-05-11,-0.011123364586176314,0.011588597825961732,0.015614847081449609,5136.14990234375
2010-05-12,0.003983372356512285,0.011659120721216392,0.014360155211447142,5156.64990234375
2010-05-13,0.004305534740252186,0.011581521333409336,0.012502655239715466,5178.89990234375
2010-05-14,-0.016627442603929482,0.012104146845887695,0.023912791732109553,5093.5
2010-05-17,-0.0066185160897830105,0.011953195486705166,0.025356194225911746,5059.89990234375
2010-05-18,0.0012443672728817412,0.011874545523414697,0.015978483319194364,5066.2001953125
2010-05-19,-0.02935369831893425,0.013334785422997075,0.03190271633713773,4919.64990234375
2010-05-20,0.005665260344674226,0.013368109299597312,0.011308552471531485,4947.60009765625
2010-05-21,-0.0033304234883113635,0.013170953471946984,0.02117161163066226,4931.14990234375
2010-05-24,0.002592439572484712,0.013147910686268907,0.021460493165080034,4943.9501953125
2010-05-25,-0.02814346627068717,0.014232966362419266,0.033317709958651895,4806.75
2010-05-26,0.022758735608322447,0.015173893300193479,0.024027004712121686,4917.39990234375
2010-05-27,0.01727782415402294,0.015680773450716088,0.02378525267878344,5003.10009765625
2010-05-28,0.012602334221159585,0.015971062213357458,0.014141754271804557,5066.5498046875
2010-05-31,0.0038905382570750065,0.01589334023003037,0.011609676038822887,5086.2998046875
2010-06-01,-0.023090492266616938,0.016384273839951002,0.025331050194666062,4970.2001953125
2010-06-02,0.009939952188865392,0.016573286293392928,0.01277934388019905,5019.85009765625
2010-06-03,0.01789717455385668,0.017037696176324946,0.020653613730310147,5110.5
2010-06-04,0.004879962836728166,0.016710714979556243,0.010962867235420115,5135.5
2010-06-07,-0.019962312910597833,0.015389469506932325,0.025566188977453316,5034.0
2010-06-08,-0.009360298632856782,0.015336768879171106,0.02086388701475026,4987.10009765625
2010-06-09,0.0026432734937479525,0.015314589675674124,0.014099154601472139,5000.2998046875
2010-06-10,0.015537780712110243,0.01574025439674097,0.017248867005038856,5078.60009765625
2010-06-11,0.007991844656968942,0.0154112002801977,0.011778800733926472,5119.35009765625
2010-06-14,0.01518876068179503,0.015668730448324335,0.015603073399537242,5197.7001953125
2010-06-15,0.004731253234392907,0.015686958116389937,0.011565749039327567,5222.35009765625
2010-06-16,0.0021041161955454323,0.013904459158039754,0.00778659926043355,5233.35009765625
2010-06-17,0.007898634397593373,0.013935158341148852,0.01497672891881832,5274.85009765625
2010-06-18,-0.002325041692512812,0.013912146242252848,0.010793106759678803,5262.60009765625
2010-06-21,0.017087936936644132,0.014249435342530248,0.01872676735052617,5353.2998046875
2010-06-22,-0.006888596684940277,0.012400365060853697,0.008144434747996334,5316.5498046875
2010-06-23,0.001240655034366222,0.011695589211822326,0.00848180178504287,5323.14990234375
2010-06-24,-0.00047911774257688094,0.011298990815839785,0.01198173116376143,5320.60009765625
2010-06-25,-0.009736053722463615,0.01141131212302454,0.01150114345139391,5269.0498046875
2010-06-28,0.01215763950246269,0.011632528712320404,0.01288088409346583,5333.5
2010-06-29,-0.014608882074956035,0.01077863198012446,0.018711433175145002,5256.14990234375
2010-06-30,0.01066373324209074,0.010805059410306322,0.020771783088235293,5312.5
2010-07-01,-0.011567845125803692,0.01065064796347603,0.015319668760199452,5251.39990234375
2010-07-02,-0.002726760461016281,0.010654147089725131,0.009862309556936823,5237.10009765625
2010-07-05,-0.00022919799823436973,0.009459432404113384,0.005137589114663704,5235.89990234375
2010-07-06,0.010099878028875301,0.009231151245690562,0.012469195365498478,5289.0498046875
2010-07-07,-0.009107190095395111,0.009616852526117785,0.01207757980348569,5241.10009765625
2010-07-08,0.010580904083332588,0.009318378888665815,0.01482012867132764,5296.85009765625
2010-07-09,0.010442113816835361,0.009415467591470498,0.011555382510455839,5352.4501953125
2010-07-12,0.005691403079691351,0.008955568758685266,0.009492865995959502,5383.0
2010-07-13,0.0032734590355328547,0.008935950851736608,0.008952644316986228,5400.64990234375
2010-07-14,-0.0026884727623095483,0.008988047174415377,0.01517781745443568,5386.14990234375
2010-07-15,-0.0013748206813710688,0.008875765250952397,0.0071764067220543805,5378.75
2010-07-16,0.002812662152533556,0.008849528512663659,0.004996421105402723,5393.89990234375
2010-07-19,-0.0013820902196343338,0.008033944259961298,0.008837006921120976,5386.4501953125
2010-07-20,-0.0034311774341907633,0.007907122251551624,0.011708289429256707,5368.0
2010-07-21,0.005823194372050832,0.007996170392596574,0.007454600881960168,5399.35009765625
2010-07-22,0.007858894368978778,0.008146815619334415,0.013772582317237849,5441.9501953125
2010-07-23,0.0013129869348835793,0.007735609709182511,0.007771943421348691,5449.10009765625
2010-07-26,-0.005612977820209495,0.007485322884770638,0.010528513575337697,5418.60009765625
2010-07-27,0.0022121455365479116,0.006550494334157827,0.008056199906688346,5430.60009765625
2010-07-28,-0.006104532335174015,0.0064052269582657445,0.011412603845313927,5397.5498046875
2010-07-29,0.002100616231522225,0.005708068541307932,0.0063414545634108,5408.89990234375
2010-07-30,-0.00766482751966219,0.005998888127684723,0.011932670750838386,5367.60009765625
2010-08-02,0.011862037773378627,0.006437275913826694,0.016118544925174973,5431.64990234375
2010-08-03,0.0014533637403788082,0.00613632354682707,0.006029964637971425,5439.5498046875
2010-08-04,0.005189203059859094,0.005661922961890621,0.009784467211881384,5467.85009765625
2010-08-05,-0.003802129121223046,0.005439452154163481,0.00808683591227808,5447.10009765625
2010-08-06,-0.0014421911745366375,0.005033504302552387,0.007455036022889185,5439.25
2010-08-09,0.008585532950855656,0.00521955805649105,0.010763432596377508,5486.14990234375
2010-08-10,-0.004649694232652821,0.005333292081692705,0.008442158698956339,5460.7001953125
2010-08-11,-0.007370493986963361,0.005580103581321318,0.011548554870025724,5420.60009765625
2010-08-12,-0.0007658730806648022,0.005572031688041055,0.010828107012690111,5416.4501953125
2010-08-13,0.006560218103885612,0.005720272597400844,0.011188349242931672,5452.10009765625
2010-08-16,-0.006218796401868112,0.005904918890405867,0.012522396342400852,5418.2998046875
2010-08-17,-0.000766198350143573,0.0058461913476093525,0.00641836680306117,5414.14990234375
2010-08-18,0.011934082898280511,0.006286139694278233,0.013086007243902867,5479.14990234375
2010-08-19,0.0110806748273832,0.006515442549858738,0.012021243873569691,5540.2001953125
2010-08-20,-0.0017253047875308014,0.006540547547635719,0.0060119516850830656,5530.64990234375
2010-08-23,0.0023207385735129846,0.006373234225034828,0.005483882446784522,5543.5
2010-08-24,-0.006951117177111686,0.006616773406990736,0.010680969218440464,5505.10009765625
2010-08-25,-0.007795835084648713,0.0067180952535560055,0.009812644136312021,5462.35009765625
2010-08-26,0.002842680040908752,0.006728878852894326,0.005814200686904295,5477.89990234375
2010-08-27,-0.012712993664487983,0.0071387523638334685,0.019089614190389508,5408.7001953125
2010-08-30,0.0012472112140708633,0.006615709685530868,0.014523243591424349,5415.4501953125
2010-08-31,-0.00241273435696224,0.006622893270594282,0.012031689836918723,5402.39990234375
2010-09-01,0.012773504308811986,0.007152282040991686,0.013807083823643186,5471.85009765625
2010-09-02,0.002609931156180491,0.007114768022679707,0.007673887590688021,5486.14990234375
2010-09-03,-0.0012311285750001095,0.007112114652956319,0.006706938835451782,5479.39990234375
2010-09-06,0.017646478902998107,0.007907289576179184,0.019697163110508044,5576.9501953125
2010-09-07,0.004838561479732106,0.007846201585716313,0.009609225134948251,5604.0
2010-09-08,0.0006867908104461945,0.007580185187731032,0.010262365021410329,5607.85009765625
2010-09-09,0.005725476804122235,0.0076080545322062005,0.0069769060591531925,5640.0498046875
2010-09-13,0.021044578618470873,0.008677020136069054,0.02281248304578993,5760.0
2010-09-14,0.006152873284535868,0.00844202723346089,0.013484551640258732,5795.5498046875
2010-09-15,0.011221391822531002,0.008558005529784762,0.013180456653902876,5860.9501953125
2010-09-16,-0.005517715371069107,0.008592315528254863,0.014728858026578811,5828.7001953125
2010-09-17,0.009604253244100887,0.00852615777670567,0.011843720799331053,5884.9501953125
2010-09-20,0.016097570938055195,0.008926282405283157,0.017465272998071026,5980.4501953125
2010-09-21,0.004770785040215841,0.008920140487459843,0.011807142449693797,6009.0498046875
2010-09-22,-0.0030082905643817803,0.008705619878988137,0.015181056089342346,5991.0
2010-09-23,-0.005263401003784735,0.00853832237450575,0.012484148095419985,5959.5498046875
2010-09-24,0.009809852862910048,0.008615122074294651,0.012943838770390893,6018.2998046875
2010-09-27,0.00287874266275489,0.007601960792525035,0.009145692047357615,6035.64990234375
2010-09-28,-0.0010194490621581462,0.007684888586635468,0.009702297039555519,6029.5
2010-09-29,-0.006355704200122867,0.007941363255333565,0.015338892283749336,5991.2998046875
2010-09-30,0.0064303668597660915,0.007746117974257175,0.014071442534004656,6029.9501953125
2010-10-01,0.018639567709410974,0.008310221448490963,0.0199889792168504,6143.39990234375
2010-10-04,0.002609200623776862,0.00818611383168025,0.012566040781148506,6159.4501953125
2010-10-05,-0.002218629645768462,0.007878803837781553,0.011438754141508294,6145.7998046875
2010-10-06,0.006592558187392446,0.007888351694437225,0.012090908732147578,6186.4501953125
2010-10-07,-0.01075036507755265,0.008596038048287725,0.0150238057361301,6120.2998046875
2010-10-08,-0.0027568659448782853,0.008733902375540132,0.013369503321075601,6103.4501953125
2010-10-11,0.0052944167152087305,0.007767877517767933,0.013331454221599318,6135.85009765625
2010-10-12,-0.007352795767714826,0.008075026485549551,0.014283603637374307,6090.89990234375
2010-10-13,0.023206286464976675,0.009132860588555957,0.024142190660362824,6233.89990234375
2010-10-14,-0.009112731758761925,0.009344015795389224,0.020429503479231597,6177.35009765625
2010-10-15,-0.018742410609534424,0.010368074956127269,0.02478289236888231,6062.64990234375
2010-10-18,0.0021914056290457356,0.009786706947422409,0.02139583041682813,6075.9501953125
2010-10-19,-0.008039270881310663,0.009930739135036986,0.019726893666593488,6027.2998046875
2010-10-20,-0.007527423655550523,0.010057031061553486,0.011927265758091297,5982.10009765625
2010-10-21,0.019762949379863604,0.01089908014270584,0.021076800402564943,6101.5
2010-10-22,-0.005827022890950839,0.010807680350919242,0.013146941183762407,6066.0498046875
2010-10-25,0.006531487421865502,0.010882464112484582,0.009286204730741567,6105.7998046875
2010-10-26,-0.003905517865498991,0.010923814686137305,0.007497549762619204,6082.0
2010-10-27,-0.011468022351340748,0.011148544191360311,0.014702401114447266,6012.64990234375
2010-10-28,-0.004158169182956317,0.011087242901380872,0.01720193006333785,5987.7001953125
2010-10-29,0.004997761252085383,0.010245048356054436,0.01587812645799947,6017.7001953125
2010-11-01,0.01645649867513474,0.010947980056139775,0.007789050169602024,6117.5498046875
2010-11-02,0.00023702683230754845,0.010939584394735186,0.0071417217376205265,6119.0
2010-11-03,0.0067592586021823315,0.01094510908149943,0.0057950158773638506,6160.5
2010-11-04,0.019498589440667992,0.011488444274029138,0.014454425086858846,6281.7998046875
2010-11-08,-0.0013699101106928303,0.011466818164752736,0.01124622242092906,6273.2001953125
2010-11-09,0.004508981475751922,0.01145401404151405,0.010687862469348516,6301.5498046875
2010-11-10,-0.004110540185239915,0.01134706549311162,0.006118823581220783,6275.7001953125
2010-11-11,-0.013063621326274108,0.010565886310098773,0.018896525759777214,6194.25
2010-11-12,-0.01999106166251395,0.01129709735321836,0.024005007262315678,6071.64990234375
2010-11-15,0.0081931355022444,0.01063985849389087,0.014595873012100068,6121.60009765625
2010-11-16,-0.021949123410368025,0.011747582852406993,0.028962830226000172,5988.7001953125
2010-11-18,0.0016850238606307781,0.011629488162019306,0.028247349608181715,5998.7998046875
2010-11-19,-0.018252519672628757,0.012215849309312765,0.025346724214052267,5890.2998046875
2010-11-22,0.020117851552952617,0.012247467722640301,0.01915143055844426,6010.0
2010-11-23,-0.01259984437184087,0.01248637891993754,0.02500524914170774,5934.75
2010-11-24,-0.01169455300758192,0.012565392743034792,0.02438729995098666,5865.75
2010-11-25,-0.011315537992575984,0.012732500978967321,0.021854390275442906,5799.75
2010-11-26,-0.00827585146692871,0.012632140567155814,0.025756464731645872,5751.9501953125
2010-11-29,0.013478038654212304,0.01309648248621,0.015171476334691252,5830.0
2010-11-30,0.005593281281109418,0.013112304645261886,0.021133590020996417,5862.7001953125
2010-12-01,0.016611178361988586,0.013123373012897262,0.01769031472429831,5960.89990234375
2010-12-02,0.00848614292930173,0.013302532168822634,0.008134121921428933,6011.7001953125
2010-12-03,-0.0031488868744578725,0.013186876736774907,0.010203895397259764,5992.7998046875
2010-12-06,-9.17484193800369e-05,0.012248602897486558,0.014643915056948559,5992.25
2010-12-07,-0.0026235219193067112,0.012246479800784422,0.010256721133557963,5976.5498046875
2010-12-08,-0.012264139639573417,0.012320940845990285,0.013787946482848333,5903.7001953125
2010-12-09,-0.023513995398226302,0.01312881657226749,0.03208185207664961,5766.5
2010-12-10,0.01563198886586812,0.013669599738928015,0.02464426664781571,5857.35009765625
2010-12-13,0.008550805127915114,0.013263842701253779,0.019957157971899352,5907.64990234375
2010-12-14,0.0061510427131599675,0.013194034888174921,0.010968892555865327,5944.10009765625
2010-12-15,-0.00875276673674562,0.012423529751328323,0.013059450106609277,5892.2998046875
2010-12-16,0.009534732799129053,0.012628845809211713,0.01699518346816558,5948.75
2010-12-20,-0.00028584800551315775,0.01191219493545109,0.014250763451350205,5947.0498046875
2010-12-21,0.00897251497180786,0.01118354308378048,0.007899209485040316,6000.64990234375
2010-12-22,-0.002711713380007471,0.01081326959474342,0.010995221870405076,5984.39990234375
2010-12-23,-0.0007354990769299838,0.010438421857486904,0.006998344089673913,5980.0
2010-12-24,0.005270384359897009,0.010063583836512192,0.012825220640725771,6011.60009765625
2010-12-27,-0.0022481836293281954,0.009833780932657892,0.009111202123002978,5998.10009765625
2010-12-28,-0.000350188452758028,0.009470762070998834,0.004778169170071714,5996.0
2010-12-29,0.010674990062610617,0.009655441844295854,0.010675902545014956,6060.35009765625
2010-12-30,0.006824449589510328,0.009089110282089616,0.007219089945264263,6101.85009765625
2010-12-31,0.005336555356628161,0.008982308803368406,0.007131795582362051,6134.5
2011-01-03,0.003758531848336433,0.008946665172603518,0.005091205807102107,6157.60009765625
2011-01-04,-0.0018286815139022822,0.008969862898677324,0.009216836243244908,6146.35009765625
2011-01-05,-0.010886657008168427,0.009341233256194743,0.012993848899283055,6079.7998046875
2011-01-06,-0.0052027945736062816,0.008944230886731753,0.015516901195593766,6048.25
2011-01-07,-0.024037249311890194,0.00902079316138795,0.028384665326069508,5904.60009765625
2011-01-10,-0.0242995637386114,0.010018420977716831,0.02885721507056623,5762.85009765625
2011-01-11,-0.0015194997868653757,0.009773080609900035,0.025095132148042872,5754.10009765625
2011-01-12,0.01879139619515671,0.010650748025997433,0.027783292649128044,5863.25
2011-01-13,-0.019173839327316797,0.011301266196694514,0.02104518624153653,5751.89990234375
2011-01-14,-0.017069721768040398,0.011533859584965878,0.03430865527776909,5654.5498046875
2011-01-17,3.5403661761228884e-05,0.011537381382357716,0.012732658384543967,5654.75
2011-01-18,0.012180662758961016,0.011726328866659015,0.010351062974937673,5724.0498046875
2011-01-19,-0.0057818316196177775,0.01175124994333118,0.01495332154467464,5691.0498046875
2011-01-20,0.0036044806065857974,0.011825637842928678,0.016624097221278278,5711.60009765625
2011-01-21,-0.0026472605158493817,0.011690765992275205,0.00755723772272448,5696.5
2011-01-24,0.008173301034109938,0.011941155206756636,0.010142341009010578,5743.25
2011-01-25,-0.009772067655861168,0.012050894682048327,0.021257499810049884,5687.39990234375
2011-01-27,-0.014719059152266116,0.011910917087252925,0.02340165710514893,5604.2998046875
2011-01-28,-0.016579396404794635,0.011950223284099355,0.028092504812034992,5512.14990234375
2011-01-31,-0.0011345021634778043,0.011739033766164593,0.020014928942967164,5505.89990234375
2011-02-01,-0.016241113960522698,0.01176911306216592,0.02531748825941964,5417.2001953125
2011-02-02,0.0027282774031740335,0.011905699293292101,0.01379790046253682,5432.0
2011-02-03,0.017292549076686366,0.0129414357297732,0.02074454287669064,5526.75
2011-02-04,-0.023988332676138546,0.01363760187691429,0.03470323866005653,5395.75
2011-02-07,4.633168856676948e-05,0.01298145069925994,0.011749425934720163,5396.0
2011-02-08,-0.015586029138919214,0.012416009424262431,0.02427275038414162,5312.5498046875
2011-02-09,-0.011167907817883387,0.012498942094938766,0.021661599718196495,5253.5498046875
2011-02-10,-0.0052961425847933225,0.011227204116706257,0.01450501278306868,5225.7998046875
2011-02-11,0.01598397644993397,0.011755520575288409,0.026694915254237287,5310.0
2011-02-14,0.027124085287313617,0.013229984156293792,0.022644758923662023,5456.0
2011-02-15,0.00457164552281843,0.013301566100247674,0.017907298365945994,5481.0
2011-02-16,0.00012774139600228233,0.012913620963159301,0.008108744631685575,5481.7001953125
2011-02-17,0.011742811215976985,0.013245441537448091,0.016154494226230352,5546.4501953125
2011-02-18,-0.01590161932654793,0.01358023997080742,0.02881502835885377,5458.9501953125
2011-02-21,0.01086772327922514,0.013892723520840755,0.020503370481909856,5518.60009765625
2011-02-22,-0.008991833464499622,0.013787875345073537,0.015020549201217542,5469.2001953125
2011-02-23,-0.0058405613764712025,0.013705690131695807,0.012441794147881052,5437.35009765625
2011-02-24,-0.03264758763813046,0.015081544090279432,0.03437397070516728,5262.7001953125
2011-02-25,0.0077321306790641905,0.014920593906339793,0.01988294617678497,5303.5498046875
2011-02-28,0.00558443762100127,0.015014765601288674,0.03157547505625088,5333.25
2011-03-01,0.03483359635665696,0.016646978455585874,0.028882894019012048,5522.2998046875
2011-03-03,0.0025139753033331146,0.016645849819451795,0.01851450388061955,5536.2001953125
2011-03-04,0.0004604634219720642,0.0161955134373941,0.015183949023922364,5538.75
2011-03-07,-0.013743314929411162,0.015542076995846072,0.015156055786054487,5463.14990234375
2011-03-08,0.010497213344531289,0.015696666829623184,0.011918527571246453,5520.7998046875
2011-03-09,0.0018458890658586942,0.015194793631439373,0.015521534871632617,5531.0
2011-03-10,-0.006639257065300575,0.015020751389947747,0.008708796269923628,5494.39990234375
2011-03-11,-0.008948940481997226,0.015138966000226078,0.016738816324766537,5445.4501953125
2011-03-14,0.01567859302758532,0.015124328597469762,0.018629631146614842,5531.5
2011-03-15,-0.014907657983095256,0.014356589933297918,0.022790490680710478,5449.64990234375
2011-03-16,0.01122192659188634,0.014545240960371133,0.010732769638255544,5511.14990234375
2011-03-17,-0.011772572247673354,0.01479285231586821,0.013724032449347313,5446.64990234375
2011-03-18,-0.013484002212295716,0.014785597997722591,0.021707556823788603,5373.7001953125
2011-03-21,-0.0016669439671844774,0.014397533896291427,0.012134695815275641,5364.75
2011-03-22,0.009110726224509216,0.014327331037835513,0.009604994423933479,5413.85009765625
2011-03-23,0.012190217458324736,0.014484261760102722,0.015145294466493316,5480.25
2011-03-24,0.007661810366167588,0.01450740861353675,0.0059575371080582236,5522.39990234375
2011-03-25,0.023594944054316423,0.013067106380496048,0.018773471697174693,5654.25
2011-03-28,0.005819352489233676,0.013042156165707459,0.01158730534858675,5687.25
2011-03-29,0.008596309323982254,0.013084900643464814,0.015628387531712723,5736.35009765625
2011-03-30,0.008903183538841914,0.010940703391795384,0.008509498817483046,5787.64990234375
2011-03-31,0.007933698152046535,0.011011954869261717,0.016001730903149776,5833.75
2011-04-01,-0.0013208110878279227,0.011037493477605584,0.008547865987805645,5826.0498046875
2011-04-04,0.014044355538836166,0.010622551008793321,0.01447079981613992,5908.4501953125
2011-04-05,0.00027069583868808463,0.010534951589206754,0.012317968053291111,5910.0498046875
2011-04-06,-0.0031011912855171014,0.010631162000701124,0.012840054419315143,5891.75
2011-04-07,-0.001027353989069185,0.010431109998010774,0.006770663869013832,5885.7001953125
2011-04-08,-0.007452509331449193,0.010342560397066334,0.017964771535861006,5842.0
2011-04-11,-0.009683814289420984,0.01032747316647498,0.009056795301319575,5785.7001953125
2011-04-13,0.021510216644902755,0.010354222577972336,0.031810926663071976,5911.5
2011-04-15,-0.014817896604968487,0.011022829791042334,0.017323210501616358,5824.5498046875
2011-04-18,-0.01652324234306882,0.011397422597513933,0.030659248285015584,5729.10009765625
2011-04-19,0.0020313964438487763,0.01076043707633414,0.012141304762008448,5740.75
2011-04-20,0.01913379225131961,0.011248873360042154,0.016696179187577223,5851.64990234375
2011-04-21,0.005632139474262156,0.011198064570897568,0.008250174703236827,5884.7001953125
2011-04-25,-0.0017348455169341906,0.011105659394340555,0.008443288391565239,5874.5
2011-04-26,-0.00103894238317352,0.011103373073377432,0.017321653656289234,5868.39990234375
2011-04-27,-0.005896293981322488,0.010146785675072009,0.012410206475202561,5833.89990234375
2011-04-28,-0.008339534900220089,0.010326597523264968,0.013732674960303334,5785.4501953125
2011-04-29,-0.006233284254191724,0.010273836137324372,0.017088442473258546,5749.5
2011-05-02,-0.008418709752226371,0.01022395114216311,0.015356113112227184,5701.2998046875
2011-05-03,-0.024152277406054596,0.011254790174388001,0.0280220487904856,5565.25
2011-05-04,-0.005061997028756225,0.011267763572241943,0.013689317794234839,5537.14990234375
2011-05-05,-0.014058575581329499,0.010834323573930577,0.02136503754815985,5459.85009765625
2011-05-06,0.016637855340857616,0.011749262631755237,0.01656318687842862,5551.4501953125
2011-05-09,-6.306616896621993e-05,0.01176927427026627,0.015069067549163475,5551.10009765625
2011-05-10,-0.0017760168329809282,0.01176393343597623,0.014139426601624183,5541.25
2011-05-11,0.004285827239714357,0.011823571930346879,0.008930772779542243,5565.0498046875
2011-05-12,-0.01427921764981002,0.012015090297164261,0.017535101487365867,5486.14990234375
2011-05-13,0.010624817456151603,0.011072223521420538,0.023959619037152262,5544.75
2011-05-16,-0.008285276597504446,0.010804654709744085,0.009847227194717222,5499.0
2011-05-17,-0.010980194083480721,0.010503038789943641,0.018900760124140742,5438.9501953125
2011-05-18,-0.0033795349947825953,0.010447038153714885,0.01093052409928163,5420.60009765625
2011-05-19,0.0013826543382725416,0.009153268469312982,0.0076177846598857275,5428.10009765625
2011-05-20,0.010674024255009313,0.009488743619685075,0.015456506270667303,5486.35009765625
2011-05-23,-0.01835813752553947,0.010037735984171436,0.015538739703039997,5386.5498046875
2011-05-24,0.0015397433883911405,0.010098689227622455,0.010222694114839156,5394.85009765625
2011-05-25,-0.008544496425544794,0.010139285797989256,0.011291917131081321,5348.9501953125
2011-05-26,0.011783080883934626,0.01070410472953743,0.01216663676002141,5412.35009765625
2011-05-27,0.01170978923544845,0.011189187588108766,0.013184511923394388,5476.10009765625
2011-05-30,-0.0005479852448685878,0.011105794119291981,0.00926343500513743,5473.10009765625
2011-06-01,0.021491803578991553,0.011012629206524195,0.006777521878353004,5592.0
2011-06-02,-0.007475998503883324,0.011086774827851524,0.008332807694334456,5550.35009765625
2011-06-03,-0.0060720876465728746,0.010685826292675345,0.01771876557755925,5516.75
2011-06-06,0.0027694979974720634,0.010013580898121554,0.011351995535956224,5532.0498046875
2011-06-07,0.004346988013065479,0.010064601867316851,0.011212853156188222,5556.14990234375
2011-06-08,-0.005287354136339274,0.01012847130066977,0.007545020142700024,5526.85009765625
2011-06-09,-0.0010500264399477862,0.010076170276343173,0.0068918583086217435,5521.0498046875
2011-06-10,-0.006405124402290038,0.009650019963019977,0.011666484793213444,5485.7998046875
2011-06-13,-0.0005470160606905956,0.009320140931585917,0.010897716883428235,5482.7998046875
2011-06-14,0.0032231134450305594,0.009172287889147417,0.006535716213298791,5500.5
2011-06-15,-0.00968220936071541,0.009094669676275357,0.011087636960761817,5447.5
2011-06-16,-0.009359867303788395,0.009310108540586153,0.010691656147218233,5396.75
2011-06-17,-0.005639646083818007,0.009378631872874677,0.012168270325694628,5366.39990234375
2011-06-20,-0.020425585533706467,0.009975162986764447,0.03451948560661928,5257.89990234375
2011-06-21,0.0034081334163708894,0.0092737732705219,0.012405620724814694,5275.85009765625
2011-06-22,0.0004642168432151349,0.009261147010465279,0.009093837367360724,5278.2998046875
2011-06-23,0.007869264178642029,0.009293187320395652,0.014727461965460526,5320.0
2011-06-24,0.028033806169414976,0.01096302772340714,0.02457394476810601,5471.25
2011-06-27,0.010065706387361805,0.010880729462506102,0.021423642067744626,5526.60009765625
2011-06-28,0.00337787100253908,0.010897007111799195,0.011171570377292002,5545.2998046875
2011-06-29,0.009896299617058683,0.010001745443190707,0.007526163232203884,5600.4501953125
2011-06-30,0.008348258431096389,0.009998832569866875,0.009172328077209895,5647.39990234375
2011-07-01,-0.0035832275147961966,0.009923130084280989,0.017068844425956305,5627.2001953125
2011-07-04,0.0041320193718407065,0.009940643325746389,0.00823817444252721,5650.5
2011-07-05,-0.0032616450989141907,0.009953783266338027,0.00844272867034761,5632.10009765625
2011-07-06,-0.0011814121090557134,0.00986621101388658,0.007937125171058358,5625.4501953125
2011-07-07,0.018231322343836034,0.010583242070926245,0.01818827245461263,5728.9501953125
2011-07-08,-0.011993592594938669,0.010882172061710655,0.015784423908508323,5660.64990234375
2011-07-11,-0.007901219137585697,0.011079882044992136,0.009116594458958632,5616.10009765625
2011-07-12,-0.01614613735199751,0.011721754147963507,0.015073750469955747,5526.14990234375
2011-07-13,0.010673684337305226,0.011699268620562671,0.009802253728078726,5585.4501953125
2011-07-15,-0.0007791301274212043,0.011444245606747037,0.012354230188678254,5581.10009765625
2011-07-18,-0.002520651503807869,0.01136020217490175,0.008200016875241968,5567.0498046875
2011-07-19,0.008318027607452367,0.010149391863638592,0.012549938894711891,5613.5498046875
2011-07-20,-0.008318027607452325,0.010474635050730123,0.016220405395235882,5567.0498046875
2011-07-21,-0.004581970226838186,0.010591104067031887,0.008336889385213772,5541.60009765625
2011-07-22,0.01652754404382657,0.010994248426986528,0.013329918627739024,5633.9501953125
2011-07-25,0.00819318446303973,0.009380576677368158,0.014761476023819303,5680.2998046875
2011-07-26,-0.018738585183611912,0.010229596130067816,0.025489492123921143,5574.85009765625
2011-07-27,-0.005044278986077197,0.010275308316559586,0.012655981427917245,5546.7998046875
2011-07-28,-0.01070281423571575,0.010264942126198254,0.006642102011297891,5487.75
2011-07-29,-0.0010483375695179318,0.010026020042851911,0.012103175734221087,5482.0
2011-08-01,0.006327948763364648,0.01016095090306237,0.011863708916107281,5516.7998046875
2011-08-02,-0.010981260525951745,0.01032065358809985,0.011481596354152218,5456.5498046875
2011-08-03,-0.009529274623523588,0.010463257359585722,0.008094656894054853,5404.7998046875
2011-08-04,-0.013598555890485751,0.010772231974127999,0.02088414826797427,5331.7998046875
2011-08-05,-0.022869105391128044,0.01048955153957558,0.021722179329575438,5211.25
2011-08-08,-0.0179583228351812,0.010787336268816781,0.029334842361043275,5118.5
2011-08-09,-0.008958618282299595,0.010804706376069336,0.04347650737588285,5072.85009765625
2011-08-10,0.017227550071201244,0.011557678335983911,0.014454581991135439,5161.0
2011-08-11,-0.004408111716545394,0.0110716538685142,0.012445789024252802,5138.2998046875
2011-08-12,-0.012799706514216911,0.011203257411036342,0.027814209133499697,5072.9501953125
2011-08-16,-0.007350178385929561,0.01120419913820421,0.023193990527587728,5035.7998046875
2011-08-17,0.0041219774525322675,0.010978411495452424,0.01876753164398672,5056.60009765625
2011-08-18,-0.022489300253336914,0.011626757986515919,0.02962090515157641,4944.14990234375
2011-08-19,-0.02012366463152472,0.012043606420924271,0.02012113998430656,4845.64990234375
2011-08-22,0.010908862177967734,0.011527500198003218,0.02067849447339521,4898.7998046875
2011-08-23,0.010175072634902792,0.011672505415210307,0.020610641155157292,4948.89990234375
2011-08-24,-0.012198000598804451,0.011411841777851886,0.017815888931269386,4888.89990234375
2011-08-25,-0.010135216467870713,0.011432896789359968,0.018761941304349362,4839.60009765625
2011-08-26,-0.01915078114017379,0.011735964081637764,0.03201482923730914,4747.7998046875
2011-08-29,0.035545934512972804,0.015117786948613165,0.026089538805684095,4919.60009765625
2011-08-30,0.016410646200203265,0.01568727843203834,0.01773649176414717,5001.0
2011-09-02,0.007768189646510544,0.015864471536584428,0.023878987630208334,5040.0
2011-09-05,-0.00453403398630976,0.015811584628939408,0.013124772146130897,5017.2001953125
2011-09-06,0.009343838129813015,0.01588927731195417,0.025669886265357437,5064.2998046875
2011-09-07,0.011846324726533429,0.015445465247098162,0.015259617106084705,5124.64990234375
2011-09-08,0.005565372643843948,0.014961194125402779,0.013777713093678746,5153.25
2011-09-09,-0.0183697632542546,0.015410249270867938,0.023115198449992155,5059.4501953125
2011-09-12,-0.022516956939733934,0.015615058636670839,0.015029938665760672,4946.7998046875
2011-09-13,-0.0011832034704437695,0.01560683017082314,0.024104695038059835,4940.9501953125
2011-09-14,0.014387068747856058,0.015795677154128752,0.021695545029458287,5012.5498046875
2011-09-15,0.012519756250054883,0.01597258047270731,0.02443012692406778,5075.7001953125
2011-09-16,0.0016830410664110814,0.01595192210693083,0.014849781186999065,5084.25
2011-09-19,-0.010339904240795181,0.01525563204065773,0.009767565344652151,5031.9501953125
2011-09-20,0.021284405456725344,0.015063716601774193,0.02230455974230393,5140.2001953125
2011-09-21,-0.0013530403595068234,0.014972015329104894,0.01140599127015049,5133.25
2011-09-22,-0.041688881314134854,0.01777262583573837,0.03089173695795217,4923.64990234375
2011-09-23,-0.011418287525742744,0.017745885906921076,0.020676884051923375,4867.75
2011-09-26,-0.006667982633315816,0.01766062282988687,0.02501338244487801,4835.39990234375
2011-09-27,0.027707482159485847,0.018095201729790712,0.01565004636032185,4971.25
2011-09-28,-0.005112386748091802,0.01636466976493943,0.017711561314350203,4945.89990234375
2011-09-29,0.013964256346404452,0.016246363410296293,0.025570984658538527,5015.4501953125
2011-09-30,-0.014500177519274064,0.016458054508999367,0.020482476103777878,4943.25
2011-10-03,-0.019147402767341518,0.016941923163046213,0.011392927105887204,4849.5
2011-10-04,-0.016078690212319283,0.01702323585459372,0.029640769507896104,4772.14990234375
2011-10-05,-0.004378692933928154,0.016662735321586738,0.018268644003871473,4751.2998046875
2011-10-07,0.028375187287192356,0.018058376465849117,0.012561226828104175,4888.0498046875
2011-10-10,0.01855617514435224,0.018252320081796097,0.021909409494067642,4979.60009765625
2011-10-11,-0.0010548576964528867,0.0175244299837739,0.016303656973091156,4974.35009765625
2011-10-12,0.024828138159656368,0.018355793449617602,0.021992764735357283,5099.39990234375
2011-10-13,-0.00423490371061113,0.018142935873989473,0.013647565728798588,5077.85009765625
2011-10-14,0.010665900841971407,0.018083725038533036,0.016522769112211552,5132.2998046875
2011-10-17,-0.0027412799807702906,0.018096249493929295,0.01479024965808626,5118.25
2011-10-18,-0.015902656477749584,0.018310411085665203,0.009220882444168734,5037.5
2011-10-19,0.019977749866985615,0.01823284365675465,0.014156037746013555,5139.14990234375
2011-10-20,-0.009236654465073555,0.018348256142053956,0.012775153859084747,5091.89990234375
2011-10-21,-0.008272641750434453,0.015724904858669706,0.016396162632327942,5049.9501953125
2011-10-24,0.009538596201786407,0.01553222089034971,0.011945021659408236,5098.35009765625
2011-10-25,0.018124976515835178,0.015765237348055166,0.024164071375438672,5191.60009765625
2011-10-28,0.03205264636282784,0.016141072819140612,0.014345213838342086,5360.7001953125
2011-10-31,-0.006381445723893785,0.016180280214204857,0.008570176380208521,5326.60009765625
2011-11-01,-0.012971900191361616,0.016401159744604796,0.013798208479309884,5257.9501953125
2011-11-02,9.508957091864603e-05,0.01592936637883722,0.018094666452972922,5258.4501953125
2011-11-03,0.001387241922938985,0.015058545208298375,0.015145041067274368,5265.75
2011-11-04,0.003497687435602619,0.014293495372592014,0.013180876585028962,5284.2001953125
2011-11-08,0.0009741104185977595,0.014156198939385911,0.009878340256424388,5289.35009765625
2011-11-09,-0.012996889754193604,0.013629640191613546,0.02025454725696292,5221.0498046875
2011-11-11,-0.01004824814991453,0.01344348293461442,0.01090186339158902,5168.85009765625
2011-11-14,-0.003973951574149737,0.01349260881176798,0.017160856581309565,5148.35009765625
2011-11-15,-0.01563137811895635,0.012863903851942308,0.020893736281690837,5068.5
2011-11-16,-0.007535433683540195,0.012937945119763969,0.015048393756693854,5030.4501953125
2011-11-17,-0.01920746911581733,0.013304027663781115,0.02378025419220832,4934.75
2011-11-18,-0.005883874256683862,0.013332236734915747,0.01588929637054674,4905.7998046875
2011-11-21,-0.026322819719387578,0.014081742288814467,0.02281122098053548,4778.35009765625
2011-11-22,0.007090231524927415,0.013263335723082446,0.014847256301510204,4812.35009765625
2011-11-23,-0.02225160074786096,0.01387584603316758,0.02943828128161049,4706.4501953125
2011-11-25,0.0007645323740951998,0.013874333234573311,0.01575348671629874,4710.0498046875
2011-11-28,0.02954818779399277,0.015490172367518953,0.01910832128390205,4851.2998046875
2011-11-29,-0.009568795826361632,0.014772141936285697,0.016440864580226595,4805.10009765625
2011-11-30,0.00559289365719913,0.012376349100712461,0.02002255852291594,4832.0498046875
2011-12-01,0.021456727931786077,0.013727139924283786,0.01928349152761306,4936.85009765625
2011-12-02,0.02269043070647762,0.014750969581076018,0.02854368783723642,5050.14990234375
2011-12-05,-0.00218052879217037,0.014742601461889358,0.01048789948313881,5039.14990234375
2011-12-07,0.004642806926756286,0.01480133582879861,0.013234306227548549,5062.60009765625
2011-12-08,-0.023776299598409673,0.01551076248513703,0.025810810210186184,4943.64990234375
2011-12-09,-0.01568777554509722,0.01571350524381554,0.015739637656338384,4866.7001953125
2011-12-12,-0.02120252082692823,0.01605958631171113,0.03246866308645681,4764.60009765625
2011-12-13,0.007527321801210558,0.016224306143420575,0.02003920204881612,4800.60009765625
2011-12-14,-0.007810722075448438,0.016250434531380593,0.01871619216790007,4763.25
2011-12-15,-0.003554286186905766,0.016013728731675246,0.019973201035952275,4746.35009765625
2011-12-16,-0.02016465475128,0.01643371295029606,0.04098587547106869,4651.60009765625
2011-12-19,-0.008311164053918654,0.016076788978889915,0.014578049159212327,4613.10009765625
2011-12-20,-0.015048365861574937,0.016281509133390628,0.02334846465736609,4544.2001953125
2011-12-21,0.03225224047519715,0.01726102348573135,0.022458243298624128,4693.14990234375
2011-12-22,0.00863486755049247,0.01730206098249338,0.022740454413004742,4733.85009765625
2011-12-23,-0.00420204102712772,0.016581195169514337,0.014902418328383538,4714.0
2011-12-27,0.007713071150727649,0.016668854867411063,0.01617726505762551,4750.5
2011-12-28,-0.00945412670476182,0.01530865291251573,0.014992200241598476,4705.7998046875
2011-12-29,-0.012735306330580514,0.015412272526367237,0.013505515200430454,4646.25
2011-12-30,-0.004735476707182386,0.015328531934715638,0.017635165627904393,4624.2998046875
2012-01-03,0.03003548729238125,0.016124635528967902,0.020418503967586314,4765.2998046875
2012-01-04,-0.0032895426540406015,0.015061990432499754,0.01136925902124982,4749.64990234375
2012-01-05,6.322223372845206e-05,0.015077291871308605,0.010452720618575564,4749.9501953125
2012-01-06,0.0008732913820035912,0.015000679502171843,0.022727709233713457,4754.10009765625
2012-01-09,-0.0023797867552800087,0.014192981168868213,0.01333600459742945,4742.7998046875
2012-01-10,0.022258239444290267,0.014800582137997162,0.018073822493590838,4849.5498046875
2012-01-11,0.002348055375701594,0.01395224249435516,0.0073236910945065434,4860.9501953125
2012-01-12,-0.006128698887331798,0.013950197449326796,0.01351623140362225,4831.25
2012-01-13,0.0071670110077358545,0.013892750719700692,0.013286046515361694,4866.0
2012-01-16,0.0016221735654996564,0.01385027649277512,0.011028129645041093,4873.89990234375
2012-01-17,0.01898197568577206,0.013412565220917359,0.014404164737546238,4967.2998046875
2012-01-18,-0.0023178251959906026,0.013205235674656169,0.010008495018167437,4955.7998046875
2012-01-19,0.012552569924145546,0.012583250730151084,0.006456221698995776,5018.39990234375
2012-01-20,0.005999858132263353,0.010834489901242311,0.011854790733778788,5048.60009765625
2012-01-23,-0.000465603288007518,0.010805193686824333,0.0075699196494921975,5046.25
2012-01-24,0.015943582375194214,0.011016247905649377,0.01779671726370139,5127.35009765625
2012-01-25,0.006018054422187115,0.010994317868363773,0.00851053719364215,5158.2998046875
2012-01-27,0.008955071062037441,0.010560304087883582,0.010490536554905582,5204.7001953125
2012-01-30,-0.022814901479942987,0.011638639411797073,0.017582943892716908,5087.2998046875
2012-01-31,0.021767184851403856,0.012029837073612366,0.01831994999278742,5199.25
2012-02-01,0.006986203648760355,0.010612427932262424,0.01634931231029756,5235.7001953125
2012-02-02,0.006510780445565732,0.010448760657834288,0.01218243164048475,5269.89990234375
2012-02-03,0.01056097309606885,0.010440965120314059,0.01488969676477521,5325.85009765625
2012-02-06,0.006699403711750445,0.010379662572612228,0.011712776072911471,5361.64990234375
2012-02-07,-0.004954763050203981,0.010504467850566393,0.01694421037805086,5335.14990234375
2012-02-08,0.006166342187456197,0.009775276631286483,0.013356502395722164,5368.14990234375
2012-02-09,0.008200072906646953,0.009776785482036783,0.015612441633550583,5412.35009765625
2012-02-10,-0.005697651486356129,0.009750537269734572,0.01611048642396505,5381.60009765625
2012-02-13,0.0015967803430544996,0.009776746808558176,0.012921579870877506,5390.2001953125
2012-02-14,0.004784205192390807,0.009742790047709836,0.009250212088455986,5416.0498046875
2012-02-15,0.02117367933441728,0.009915882826395236,0.014732598292200652,5531.9501953125
2012-02-16,-0.001809316598601389,0.009895728712669217,0.008629180028497772,5521.9501953125
2012-02-17,0.007640061404398583,0.009769232645968271,0.011052603590516621,5564.2998046875
2012-02-21,0.007671396090022358,0.009783907942467482,0.01065603756643369,5607.14990234375
2012-02-22,-0.018322187184283887,0.011063660351518843,0.025175528385607146,5505.35009765625
2012-02-23,-0.004013290579059847,0.010861463225140188,0.013969708092701223,5483.2998046875
2012-02-24,-0.009896897659749845,0.011232803782617028,0.021273461432408033,5429.2998046875
2012-02-27,-0.027656794612663387,0.01298276096229788,0.03439557214759237,5281.2001953125
2012-02-28,0.01769821133763864,0.012256077078718905,0.015747354170542276,5375.5
2012-02-29,0.0018028934481800647,0.011409923059845022,0.019785671994189805,5385.2001953125
2012-03-01,-0.008475650994548561,0.011559798364200544,0.01403627422866239,5339.75
2012-03-02,0.0036638818972382233,0.011505560556243112,0.014460708591120457,5359.35009765625
2012-03-05,-0.01485031539972594,0.011775671200247945,0.014923215928897648,5280.35009765625
2012-03-06,-0.01103535424618985,0.011877924787641669,0.03363394332650022,5222.39990234375
2012-03-07,-0.0003734051596396779,0.01184819076852727,0.013868517011954002,5220.4501953125
2012-03-09,0.021433378638431977,0.012794129118483285,0.009505809242972011,5333.5498046875
2012-03-12,0.004862958765541654,0.012698523607970965,0.017650754467009915,5359.5498046875
2012-03-13,0.012967068782384641,0.012978440402427571,0.008812984189382079,5429.5
2012-03-14,0.0063157539426588645,0.013043252681427423,0.011274016500526762,5463.89990234375
2012-03-15,-0.015381495959166968,0.013481287172524583,0.01862284087213084,5380.5
2012-03-16,-0.011702836439644667,0.012703283476001744,0.02644839220869155,5317.89990234375
2012-03-19,-0.011508474451056095,0.012880600929534294,0.019431124760111003,5257.0498046875
2012-03-20,0.0033802656848120043,0.01273927715669386,0.012152022610980225,5274.85009765625
2012-03-21,0.01693683132759836,0.013291676804893633,0.021687078802317343,5364.9501953125
2012-03-22,-0.02577218838569368,0.013859325145622107,0.034484462170146696,5228.4501953125
2012-03-23,0.009470263113838983,0.014111601324094355,0.017430183887625936,5278.2001953125
2012-03-26,-0.017959984312352094,0.014462714872397848,0.019298894337416213,5184.25
2012-03-27,0.011297260934515444,0.0134575364928786,0.017794702556004294,5243.14990234375
2012-03-28,-0.009273943932475727,0.012892065240964362,0.012887955538043217,5194.75
2012-03-29,-0.0030654574390867073,0.012868181636939867,0.01126690448163518,5178.85009765625
2012-03-30,0.02228376559490159,0.013848457674317163,0.019535307782570233,5295.5498046875
2012-04-02,0.004211661864997884,0.013857489324784493,0.009919329240618382,5317.89990234375
2012-04-03,0.007605614952249603,0.013529899846814273,0.006401008619483064,5358.5
2012-04-04,-0.006665835901845565,0.013364103017680524,0.006218433234424631,5322.89990234375
2012-04-09,-0.016766043352304694,0.013940016097132045,0.011443508990768793,5234.39990234375
2012-04-10,0.0017560980486462775,0.01302172744228167,0.008381590169489537,5243.60009765625
2012-04-11,-0.0031994831122376596,0.012960196803382805,0.013937667293905446,5226.85009765625
2012-04-12,0.00952052643128076,0.012782858710288104,0.008309900195142236,5276.85009765625
2012-04-13,-0.013239017207444477,0.012906803024421655,0.023303170093779028,5207.4501953125
2012-04-16,0.0035941438484491926,0.012596302759619957,0.009567180385635851,5226.2001953125
2012-04-17,0.012077096484755998,0.012699953817513895,0.01698585824124233,5289.7001953125
2012-04-18,0.0019452501478614526,0.012426478100400627,0.009160340507075471,5300.0
2012-04-19,0.006094579385556793,0.012475387429819126,0.009592377083818838,5332.39990234375
2012-04-20,-0.007822467994285074,0.011981610476284878,0.017142747452139746,5290.85009765625
2012-04-23,-0.017204909624993044,0.011163072627711776,0.023728012157551305,5200.60009765625
2012-04-24,0.00423089488965838,0.010982554045086594,0.009956631398299194,5222.64990234375
2012-04-25,-0.003961750187553282,0.010233743863733021,0.014504074454536716,5202.0
2012-04-26,-0.002502166640857171,0.009903983518446518,0.0070438028461649645,5189.0
2012-04-27,0.0003083158607018674,0.009687579426387134,0.013245096656751344,5190.60009765625
2012-04-30,0.01102629869634238,0.009964447993069033,0.01156592478506423,5248.14990234375
2012-05-02,-0.001716362147938504,0.008571666848648282,0.010144756942337768,5239.14990234375
2012-05-03,-0.009733907132363178,0.008730920825914716,0.007063816019114907,5188.39990234375
2012-05-04,-0.019766547986143027,0.009392827420179226,0.020956013173135505,5086.85009765625
2012-05-07,0.005352390914891362,0.009502899651481551,0.026739536894944987,5114.14990234375
2012-05-08,-0.022583237144103662,0.010051798620071427,0.02727029116891594,4999.9501953125
2012-05-09,-0.005042821909914006,0.01002264230700552,0.012020544953618775,4974.7998046875
2012-05-10,-0.0018308157369825856,0.010023230152814979,0.017922950741974683,4965.7001953125
2012-05-11,-0.0074384941865402255,0.009657899521720791,0.014222260351222912,4928.89990234375
2012-05-14,-0.00429008318777997,0.00938194891164503,0.01685076788044859,4907.7998046875
2012-05-15,0.007106196307577927,0.009542635101026571,0.01753062920792891,4942.7998046875
2012-05-16,-0.01725364197067538,0.009390551744329052,0.009303801844800083,4858.25
2012-05-17,0.0024567533539605795,0.009409002892963095,0.01479401293541217,4870.2001953125
2012-05-18,0.004353778862483168,0.009316072945136023,0.024440564641149805,4891.4501953125
2012-05-22,-0.00634750970013281,0.00929265961352618,0.021901079171381545,4860.5
2012-05-23,-0.005125777203313112,0.00878444444195198,0.010298471910334733,4835.64990234375
2012-05-24,0.01757748695340402,0.00985535281346268,0.020675011585939793,4921.39990234375
2012-05-25,-0.00020321486380266794,0.009871280179113194,0.009440230053074438,4920.39990234375
2012-05-28,0.013173958334390843,0.010497241421044617,0.012766718857470919,4985.64990234375
2012-05-29,0.0008922027131203923,0.010504804942017637,0.007615077705124159,4990.10009765625
2012-05-30,-0.007916888957933466,0.010118247466086527,0.007544331193506035,4950.75
2012-05-31,-0.005367101491185887,0.01012837608479842,0.006051643334010255,4924.25
2012-06-01,-0.01692671398152418,0.01049733717086705,0.019260161541458373,4841.60009765625
2012-06-04,0.001351903957286658,0.009810298191847802,0.018140880295127077,4848.14990234375
2012-06-05,0.0031200109335819946,0.00972978358475321,0.01053811240479203,4863.2998046875
2012-06-06,0.02714058403860763,0.010641952473499836,0.02487448530939966,4997.10009765625
2012-06-07,0.010461150903908,0.01082065004565416,0.010277920914806614,5049.64990234375
2012-06-08,0.0036964255001187096,0.010821938665115997,0.01768827900552034,5068.35009765625
2012-06-11,-0.0028155257153311976,0.01068013675848964,0.016570704652018584,5054.10009765625
2012-06-12,0.01215350351575396,0.010862240911746623,0.022234602351755877,5115.89990234375
2012-06-13,0.0010843223020839507,0.010798755390727173,0.00965541109362144,5121.4501953125
2012-06-14,-0.01310924495287964,0.010448469058381721,0.016301479270735445,5054.75
2012-06-15,0.016539804211283652,0.010944869103175629,0.014993101039509257,5139.0498046875
2012-06-18,-0.014662147764778139,0.011598853213329648,0.029323196919583353,5064.25
2012-06-19,0.007789124317959819,0.011510735041989146,0.012833449013339635,5103.85009765625
2012-06-20,0.0032666409844854687,0.011372448043483425,0.0080069526835707,5120.5498046875
2012-06-21,0.0086432855573779,0.010930910386655505,0.014898297585914811,5165.0
2012-06-22,-0.003675710428627626,0.01100204340718129,0.01278646868663483,5146.0498046875
2012-06-25,-0.006120440371459533,0.01083770811301874,0.017391257859455687,5114.64990234375
2012-06-26,0.001201686933128108,0.01083735032513119,0.007625723749589745,5120.7998046875
2012-06-27,0.004112003271970844,0.01063116447488625,0.005999746833303405,5141.89990234375
2012-06-28,0.0014089915678230246,0.010494672725647494,0.006554479989917935,5149.14990234375
2012-06-29,0.0248860906366406,0.010640732919565967,0.018422398946572657,5278.89990234375
2012-07-02,-5.679463652956444e-05,0.010666071311395412,0.007350396690351196,5278.60009765625
2012-07-03,0.001769754524874917,0.010677888267540342,0.009653987424607945,5287.9501953125
2012-07-04,0.002757116023506428,0.009210160082338732,0.008363919112470029,5302.5498046875
2012-07-05,0.004656706469918981,0.009051654033790504,0.00840947690762224,5327.2998046875
2012-07-06,-0.0019446391500623072,0.009105919087371392,0.007419703751838763,5316.9501953125
2012-07-09,-0.007892770948501047,0.009326897611688412,0.008123010426151434,5275.14990234375
2012-07-10,0.0132199458969235,0.009389990944955037,0.011973023063178177,5345.35009765625
2012-07-11,-0.007332285285333639,0.009627914868734646,0.006822116473803709,5306.2998046875
2012-07-12,-0.013480158401750039,0.009658399099896764,0.008414078542094456,5235.25
2012-07-13,-0.001529271504729059,0.009027021686403177,0.0096226131689703,5227.25
2012-07-16,-0.005755687624308978,0.008420783075224198,0.010851874037952763,5197.25
2012-07-17,-0.0008469413317297982,0.00829072949467476,0.01059148617150027,5192.85009765625
2012-07-18,0.004505602651746632,0.008314219330463628,0.010313880525119298,5216.2998046875
2012-07-19,0.00504836919305378,0.008176320783446647,0.004692257184235893,5242.7001953125
2012-07-20,-0.007197737118262219,0.008313361111112975,0.007915351201613127,5205.10009765625
2012-07-23,-0.016884926528955263,0.009082245595679661,0.010961438762657703,5117.9501953125
2012-07-24,0.002000752092925557,0.009089415487753848,0.007946257643616972,5128.2001953125
2012-07-25,-0.00363361612631477,0.00907322674789597,0.008806951452157928,5109.60009765625
2012-07-26,-0.013119999282962123,0.009499541625904299,0.01861984976080706,5043.0
2012-07-27,0.01121000358729877,0.007891005793671286,0.014206338210959594,5099.85009765625
2012-07-30,0.019408979065827576,0.009199601320363252,0.014779433928777681,5199.7998046875
2012-07-31,0.005599929458278862,0.00929424038527258,0.015394912985274432,5229.0
2012-08-01,0.0021968584221014834,0.009284553959108542,0.006430721364850682,5240.5
2012-08-02,-0.0024359384433229802,0.009208808228312416,0.005155125442350915,5227.75
2012-08-03,-0.00230763010487979,0.009211243269303717,0.010650591653767723,5215.7001953125
2012-08-06,0.012735553625573123,0.009543187835581456,0.0061239550694901085,5282.5498046875
2012-08-07,0.010198622309721916,0.009345948417824358,0.012826314540326502,5336.7001953125
2012-08-08,0.0002435299671450816,0.009188787374031124,0.008720549450871112,5338.0
2012-08-09,-0.0028233533426232993,0.008640398465628715,0.010539286598182509,5322.9501953125
2012-08-10,-0.00047922749776307234,0.008628485982915315,0.006766408664909048,5320.39990234375
2012-08-13,0.005155472083349568,0.00853102814024675,0.008115408182187462,5347.89990234375
2012-08-14,0.006049503744983293,0.0085734762610175,0.010826433028098758,5380.35009765625
2012-08-16,-0.00323921273413046,0.008618370170982322,0.0063397940987253215,5362.9501953125
2012-08-17,0.0006243883745507009,0.008576101838047634,0.010854779293008978,5366.2998046875
2012-08-21,0.01014167866750203,0.008562618171040008,0.010413153851918466,5421.0
2012-08-22,-0.0015045258717129944,0.0073837557681030504,0.007121995302519495,5412.85009765625
2012-08-23,0.0004617572633175854,0.0074005356930021355,0.010110149669491482,5415.35009765625
2012-08-24,-0.005304542887016916,0.007485036736426399,0.005318636884354751,5386.7001953125
2012-08-27,-0.0067896999946754025,0.0068940105773627035,0.009812625578244007,5350.25
2012-08-29,-0.01174104537301993,0.007343483028197758,0.01187635822215311,5287.7998046875
2012-08-30,0.005140138925224487,0.0061378085577836194,0.016509722998759236,5315.0498046875
2012-08-31,-0.010696567362371883,0.0065746135984242095,0.012237348608205762,5258.5
2012-09-03,-0.0009037076407566584,0.006563613672775536,0.010021394688317867,5253.75
2012-09-04,0.003846980593905577,0.006584849499577065,0.008560846102341675,5274.0
2012-09-05,-0.009200290386331456,0.0069086539811797285,0.008381614530199956,5225.7001953125
2012-09-06,0.0024272920075337386,0.006271151169295257,0.008199105855450887,5238.39990234375
2012-09-07,0.01960276282144217,0.0073661624612695095,0.007103892914305321,5342.10009765625
2012-09-10,0.003988608782709102,0.007418739783589754,0.004912900595083221,5363.4501953125
2012-09-11,0.004937923764457274,0.007453097602960125,0.011363636363636364,5390.0
2012-09-12,0.007577894131802447,0.007606395926565304,0.0076596592478364945,5431.0
2012-09-13,0.0008006548380166689,0.007544122174226793,0.0047099261678265935,5435.35009765625
2012-09-14,0.02584358933331103,0.0093498104138988,0.010703380111068634,5577.64990234375
2012-09-17,0.005783196310569196,0.00931142318899695,0.011951923880347593,5610.0
2012-09-18,-0.0017752281388536857,0.009348881526240943,0.0060891618046784255,5600.0498046875
2012-09-20,-0.00821209092065133,0.009421773792743724,0.008363000461358419,5554.25
2012-09-21,0.024348919045650126,0.010714065170760831,0.025399050660740982,5691.14990234375
2012-09-24,-0.003793733782301371,0.010798737633584474,0.008307481452831332,5669.60009765625
2012-09-25,0.00075810903044665,0.010658390901826582,0.008856342350918624,5673.89990234375
2012-09-26,-0.0018434131257124254,0.010485093797404582,0.006029875988318048,5663.4501953125
2012-09-27,-0.0024662359760189018,0.009999924557096678,0.009558367997167892,5649.5
2012-09-28,0.009477874770864534,0.010088396337920231,0.009064876264922701,5703.2998046875
2012-10-01,0.0027140385821359655,0.00952323510819804,0.0050622851474483406,5718.7998046875
2012-10-03,0.00217469800247328,0.009461153420323304,0.004789565158124318,5731.25
2012-10-04,0.009784057731510025,0.009537387881638097,0.009658563376966432,5787.60009765625
2012-10-05,-0.007048401472376666,0.009383859224991346,0.16132903032637724,5746.9501953125
2012-10-08,-0.012422553983974943,0.01013507399131661,0.01508983480333862,5676.0
2012-10-09,0.005026124741861446,0.009456253335499933,0.00889632912583141,5704.60009765625
2012-10-10,-0.009236897569122873,0.009858179005560663,0.006979679589909917,5652.14990234375
2012-10-11,0.009841438524261526,0.009979057982937833,0.014742320971804656,5708.0498046875
2012-10-12,-0.0056218911252959814,0.010086981948747348,0.011566125140328013,5676.0498046875
2012-10-15,0.0019712933975172303,0.010081789287960129,0.0074992994197547146,5687.25
2012-10-16,-0.006925327076076647,0.008602443513494413,0.013881002539615793,5648.0
2012-10-17,0.0021665606600093767,0.00852601702315681,0.008913068382580274,5660.25
2012-10-18,0.010273480136426792,0.008782627905210606,0.012581564491084194,5718.7001953125
2012-10-19,-0.0060423486092661665,0.008674959618768772,0.00909534156880855,5684.25
2012-10-22,0.005771220015412784,0.006867180214806302,0.011106932839729832,5717.14990234375
2012-10-23,-0.004514165983925739,0.006891233275271103,0.006913871815402677,5691.39990234375
2012-10-25,0.0024392867397124295,0.006908734816936453,0.0057928252359930555,5705.2998046875
2012-10-29,-0.006982713537108193,0.007085038021045237,0.009389950952107914,5665.60009765625
2012-10-30,-0.012021309646340173,0.007567189413724365,0.017863842109454586,5597.89990234375
2012-10-31,0.0038868064869830134,0.007278551057525313,0.007358061145457708,5619.7001953125
2012-11-01,0.0045007039065821375,0.007333907639226502,0.008467561198097545,5645.0498046875
2012-11-02,0.009283598556758567,0.007643690899152454,0.0050458955393357895,5697.7001953125
2012-11-05,0.001140160934837295,0.007279588152021615,0.005206723869352713,5704.2001953125
2012-11-06,0.003534943543911931,0.0071797699308948065,0.00648974617034349,5724.39990234375
2012-11-07,0.0062171292271889006,0.006703189134104258,0.011440756449799245,5760.10009765625
2012-11-08,-0.0037134360408294775,0.006693614614412683,0.008808504410803747,5738.75
2012-11-09,-0.009190436679217989,0.006690138331145972,0.013005090404484502,5686.25
2012-11-12,-0.00044851642908619777,0.006302228361820976,0.009351285345343189,5683.7001953125
2012-11-15,-0.009315417200509159,0.006519419682894722,0.008542016987435624,5631.0
2012-11-16,-0.010165182073687593,0.006843987444600635,0.016209058193249373,5574.0498046875
2012-11-19,-0.0004755128708731552,0.006700810628691314,0.007807732484200358,5571.39990234375
2012-11-20,2.6905325376147813e-05,0.00666993450569341,0.01172924948122498,5571.5498046875
2012-11-21,0.007732677239436856,0.006469305952670717,0.010472375688205434,5614.7998046875
2012-11-22,0.002303783619401963,0.006389976348266244,0.006281390903336147,5627.75
2012-11-23,-0.0002043480676846334,0.006218750446282827,0.00785557788813026,5626.60009765625
2012-11-26,0.001651464026839213,0.006177534123839124,0.004568924297128057,5635.89990234375
2012-11-27,0.016113606124935557,0.007192194202276446,0.013129785986449236,5727.4501953125
2012-11-29,0.016888559855538453,0.007885859687770466,0.016721013277896997,5825.0
2012-11-30,0.009372268537928177,0.007407795122902796,0.009762137025675197,5879.85009765625
2012-12-03,-0.0015147741130177722,0.007451261997440335,0.007588176224535097,5870.9501953125
2012-12-04,0.0031121612139040416,0.007435019709834418,0.00610437582247315,5889.25
2012-12-05,0.0019084379930875174,0.007241262113623632,0.0044826213085755445,5900.5
2012-12-06,0.005138862601968067,0.007278681471411844,0.017476252179334545,5930.89990234375
2012-12-07,-0.00397016991551854,0.007385279714732736,0.010359920832212313,5907.39990234375
2012-12-10,0.00025388658596198357,0.007307903765254936,0.0053901907601475426,5908.89990234375
2012-12-11,-0.001710765071977491,0.007249437330431826,0.016901693621136846,5898.7998046875
2012-12-12,-0.001832525857525198,0.006861332563063353,0.008551307346509851,5888.0
2012-12-13,-0.006218342793891255,0.0070762709956469555,0.011296265514184398,5851.5
2012-12-14,0.004790710362347276,0.006635553321696621,0.007985270176999874,5879.60009765625
2012-12-17,-0.0036975880786428313,0.006142558291435427,0.0061284595063473895,5857.89990234375
2012-12-18,0.006618636854775263,0.006167474854130294,0.0140160604194244,5896.7998046875
2012-12-19,0.005546975807021157,0.006158554216596919,0.004823275968906327,5929.60009765625
2012-12-20,-0.00222863426913261,0.006168176772323648,0.009490552239632502,5916.39990234375
2012-12-21,-0.011679684367163802,0.006948597044105064,0.007926209639373117,5847.7001953125
2012-12-24,0.0013756295489937814,0.006932172759206974,0.004644957013405627,5855.75
2012-12-26,0.008476985338926086,0.007080742304312807,0.009778853807408868,5905.60009765625
2012-12-27,-0.006029383723567037,0.006522417217819239,0.011260388796673423,5870.10009765625
2012-12-28,0.0064949350428471515,0.0055508442643633985,0.006135384566053357,5908.35009765625
2012-12-31,-0.0005502203045275154,0.0051660001898501335,0.0037002078364297944,5905.10009765625
2013-01-02,0.01481743509598375,0.006087043280044597,0.004012815198348142,5993.25
2013-01-03,0.0027077144701615867,0.006080433134796916,0.005067009786587902,6009.5
2013-01-04,0.0011059532042860644,0.006076843566731483,0.006515827555631307,6016.14990234375
2013-01-07,-0.004623255329017686,0.006116340634106468,0.01085431852581525,5988.39990234375
2013-01-08,0.0022185466869673303,0.006035231940865199,0.00710630337334424,6001.7001953125
2013-01-09,-0.005044642846597446,0.006174770378441317,0.010324022832412292,5971.5
2013-01-10,-0.0004773973080222145,0.006157380442826001,0.009692325501204822,5968.64990234375
2013-01-11,-0.0029111045491811488,0.006184365869315224,0.013148388178724744,5951.2998046875
2013-01-14,0.012150107904682364,0.006485314181778349,0.01240859594849875,6024.0498046875
2013-01-15,0.005388844474855894,0.006502870908039961,0.008238929686485326,6056.60009765625
2013-01-16,-0.00908083134121998,0.006831684181919052,0.010646782173042508,6001.85009765625
2013-01-17,0.006203813876608185,0.006815020812979168,0.010779589275212192,6039.2001953125
2013-01-18,0.004164007938021129,0.006775420223799025,0.005787892985534253,6064.39990234375
2013-01-21,0.0029472886846284353,0.006739379137931657,0.004809036209865492,6082.2998046875
2013-01-22,-0.005572574388951168,0.006235931769043973,0.010052046736794246,6048.5
2013-01-23,0.0009584237077469017,0.006237729580432708,0.008035595182465716,6054.2998046875
2013-01-24,-0.005789434832539505,0.006233731449932957,0.009544171064849534,6019.35009765625
2013-01-25,0.009145062029183172,0.006262436460405967,0.010881221212352852,6074.64990234375
2013-01-28,2.4676400556721332e-05,0.006168808117429036,0.004444590911319576,6074.7998046875
2013-01-29,-0.004107307883982924,0.006277976199617997,0.01146293500626907,6049.89990234375
2013-01-30,0.0009665070704739352,0.005400713332541791,0.004590726659579738,6055.75
2013-01-31,-0.003473805238461769,0.005445540840878663,0.005451742382658768,6034.75
2013-02-01,-0.005958325862656894,0.005610936992840468,0.011627131830079197,5998.89990234375
2013-02-04,-0.0019438945962046322,0.005529748753876343,0.009561985886675853,5987.25
2013-02-05,-0.005082013073346008,0.005615224151545622,0.003936644176826522,5956.89990234375
2013-02-06,0.0003860815163471072,0.005507789349010509,0.006334742710891657,5959.2001953125
2013-02-07,-0.003429216778715081,0.005557671113678226,0.008570738872789526,5938.7998046875
2013-02-08,-0.005961664511139566,0.00567514718791873,0.011865891923223511,5903.5
2013-02-11,-0.0009575010873592933,0.004845342430130439,0.007638343454236378,5897.85009765625
2013-02-12,0.004170762773135264,0.0047670582743111235,0.00695647227205572,5922.5
2013-02-13,0.001762935670411124,0.004417776666043493,0.00784597934502771,5932.9501953125
2013-02-14,-0.006086291505428713,0.004277426616612715,0.00943714781061516,5896.9501953125
2013-02-15,-0.0016208437428339576,0.004087575532178432,0.007821838796854545,5887.39990234375
2013-02-18,0.001832795259055871,0.004031236377481108,0.005518599506569553,5898.2001953125
2013-02-19,0.0070114071991698905,0.004338521109237131,0.010842281634782375,5939.7001953125
2013-02-20,0.0005637768132327255,0.0043304775155593575,0.0056284561650680786,5943.0498046875
2013-02-21,-0.01539623406156752,0.005318302856092816,0.013114614037336067,5852.25
2013-02-22,-0.00033329408771618207,0.00471673961382455,0.006495393615478106,5850.2998046875
2013-02-25,0.000760388994695336,0.0047352215037683365,0.009120782671121739,5854.75
2013-02-26,-0.016081458393314825,0.005695884627602143,0.015664731090845218,5761.35009765625
2013-02-27,0.006151435864131232,0.005970627551560038,0.011816660828023734,5796.89990234375
2013-02-28,-0.018077176721828157,0.006949361114378834,0.03126619406235296,5693.0498046875
2013-03-01,0.004670292272359843,0.0071089003709434995,0.010411436077987725,5719.7001953125
2013-03-04,-0.003713408297517434,0.007114157456008207,0.008493446054882864,5698.5
2013-03-05,0.014935724292001495,0.008071304364933854,0.01170423050741237,5784.25
2013-03-06,0.005920993156224326,0.0082316125764768,0.0057832451208589646,5818.60009765625
2013-03-07,0.007652851943975546,0.008443482868231829,0.013081404306015686,5863.2998046875
2013-03-08,0.01395575035978997,0.008942581054207909,0.011748001978189005,5945.7001953125
2013-03-11,-0.000563607599626711,0.008939969042817752,0.006874401034089506,5942.35009765625
2013-03-12,-0.0047653476368216515,0.008963597584301347,0.009866268188354482,5914.10009765625
2013-03-13,-0.010692545036311767,0.009257353718440409,0.008818720251203805,5851.2001953125
2013-03-14,0.009821381919884518,0.009451006124741777,0.021729731695083184,5908.9501953125
2013-03-15,-0.006170701154912373,0.00954890213959298,0.014414382204831844,5872.60009765625
2013-03-18,-0.0063803728356968134,0.009636441492435165,0.006143712378432801,5835.25
2013-03-19,-0.015421816917123578,0.010009989869892159,0.0242432127383196,5745.9501953125
2013-03-20,-0.009012074180768975,0.010126453348940705,0.01106350117315609,5694.39990234375
2013-03-21,-0.006280198856235595,0.009694162872960916,0.019403544013695605,5658.75
2013-03-22,-0.0013085478175716774,0.009689477812603407,0.010555069070970926,5651.35009765625
2013-03-25,-0.0031014095850241405,0.009675708274266732,0.016684859975082608,5633.85009765625
2013-03-26,0.0013746681660056223,0.009101603518962257,0.007666264756689828,5641.60009765625
2013-03-28,0.007232310747962538,0.009149698206416484,0.015503620854070962,5682.5498046875
2013-04-01,0.003837748481610424,0.008266021074751363,0.007897464017247514,5704.39990234375
2013-04-02,0.0076315926493432315,0.008377967017438969,0.011734345986772634,5748.10009765625
2013-04-03,-0.013168948793470324,0.008865845362523425,0.016719860968649,5672.89990234375
2013-04-04,-0.017452960325511746,0.008908767184823866,0.01413521556459931,5574.75
2013-04-05,-0.003864131335780677,0.00872667992938298,0.0076711131994777835,5553.25
2013-04-08,-0.0018564567084833458,0.008407129997099387,0.005800230832344224,5542.9501953125
2013-04-09,-0.008670081423453112,0.007506499106116031,0.0211187790258811,5495.10009765625
2013-04-10,0.011507499287045326,0.008241603557981047,0.016559591532769313,5558.7001953125
2013-04-11,0.006330291669064339,0.008509492160702728,0.01212009379469074,5594.0
2013-04-12,-0.01176905510382896,0.00856538216567353,0.008971628982015409,5528.5498046875
2013-04-15,0.007182202318757875,0.008378406221154072,0.016620626138901303,5568.39990234375
2013-04-16,0.021417989176254947,0.009947545917081354,0.025206742442903895,5688.9501953125
2013-04-17,-4.394580453027964e-05,0.009887623636709517,0.011100936976039913,5688.7001953125
2013-04-18,0.016458102609584743,0.010054705033318205,0.01945323409594683,5783.10009765625
2013-04-22,0.008831527973868913,0.009974187717953994,0.009435467895616072,5834.39990234375
2013-04-23,0.0004284013057793631,0.009820500511881899,0.009037331611395076,5836.89990234375
2013-04-25,0.013511403233731597,0.010147152688828725,0.012051500992606662,5916.2998046875
2013-04-26,-0.007609565149353201,0.01032180858316573,0.007928161380754495,5871.4501953125
2013-04-29,0.0055453860244868425,0.010349213335731482,0.008443301575466003,5904.10009765625
2013-04-30,0.004410930824423511,0.01029716757402211,0.015935381081181223,5930.2001953125
2013-05-02,0.011593174115103801,0.010508604347052116,0.01808529227897325,5999.35009765625
2013-05-03,-0.009268838888589223,0.010752659959501717,0.011801800528894684,5944.0
2013-05-06,0.004540451211160536,0.010179799891824961,0.008047128437913728,5971.0498046875
2013-05-07,0.012068796690554202,0.00922009878417548,0.011177173494145279,6043.5498046875
2013-05-08,0.0042516896717678145,0.009030695564073727,0.009655085637677972,6069.2998046875
2013-05-09,-0.0031601960062404705,0.00908311394635279,0.0073138683692544745,6050.14990234375
2013-05-10,0.0073446958820698885,0.008563347737502882,0.00979526757147545,6094.75
2013-05-13,-0.018931896238816203,0.009968945370723948,0.02208032650656493,5980.4501953125
2013-05-14,0.0024966436077198026,0.009951671160557294,0.009365578867065969,5995.39990234375
2013-05-15,0.024930994618493872,0.010369629092483111,0.02249156058079473,6146.75
2013-05-16,0.003759127650507598,0.010365174409176591,0.009570626042906927,6169.89990234375
2013-05-17,0.0028161580707262417,0.009635480201149137,0.008695278177403152,6187.2998046875
2013-05-20,-0.004925384313636034,0.009808868373322698,0.013545841567645421,6156.89990234375
2013-05-21,-0.006975793048095481,0.009634755308819949,0.012741025024044303,6114.10009765625
2013-05-22,-0.0032108700979154446,0.009613120822062365,0.012002609294240709,6094.5
2013-05-23,-0.021134089920608477,0.010937849294679301,0.021074065763824413,5967.0498046875
2013-05-24,0.002761369474992902,0.010553348765456239,0.013119302514788675,5983.5498046875
2013-05-27,0.016508633198256576,0.010940930076424599,0.020441728323732363,6083.14990234375
2013-05-28,0.004608697044323107,0.01092591758203844,0.011822458580486807,6111.25
2013-05-29,-0.0011379260325724719,0.010924554044487104,0.009050997127889008,6104.2998046875
2013-05-30,0.0032302015895608275,0.010672902030560852,0.010058719249654005,6124.0498046875
2013-05-31,-0.022808521266850956,0.011736832484172522,0.021834494282102313,5985.9501953125
2013-06-03,-0.007823840773196913,0.011829846367833664,0.015936205521911696,5939.2998046875
2013-06-04,-0.00334767625808323,0.011480895869204524,0.012053500798562471,5919.4501953125
2013-06-05,0.0007430196714316884,0.011422480884401055,0.00869367035813006,5923.85009765625
2013-06-06,-0.0004137009092160573,0.011414343578673911,0.014700882582350975,5921.39990234375
2013-06-07,-0.006846075453972334,0.01130390772172408,0.017242032073626935,5881.0
2013-06-10,-0.0005102474810933533,0.010559184239174752,0.012631847567199728,5878.0
2013-06-11,-0.01529158551760873,0.01100113053379934,0.015149894622411172,5788.7998046875
2013-06-12,-0.004952752244654958,0.009040846125836662,0.009426721788539183,5760.2001953125
2013-06-13,-0.010663945462104954,0.009027760818952566,0.008203049463761112,5699.10009765625
2013-06-14,0.018996844089153475,0.01030278593512701,0.013773156350291785,5808.39990234375
2013-06-17,0.007145045967808824,0.01054460579589988,0.014469945585065298,5850.0498046875
2013-06-18,-0.006250157711134042,0.010529836438176083,0.010165834708871044,5813.60009765625
2013-06-19,0.0014867678535771553,0.01056594333392901,0.008673622740349522,5822.25
2013-06-20,-0.028987554139514253,0.011415129436332053,0.019333810630371373,5655.89990234375
2013-06-21,0.0020753216826701094,0.011398944242579362,0.012227255720019398,5667.64990234375
2013-06-24,-0.013750543628800106,0.010700270878501738,0.013192612137203167,5590.25
2013-06-25,0.003366287381407146,0.010649775318799857,0.017115044896437736,5609.10009765625
2013-06-26,-0.0036435593381386397,0.010625490084923797,0.010002308298919993,5588.7001953125
2013-06-27,0.01661815982028318,0.011516649707866625,0.012037255918455697,5682.35009765625
2013-06-28,0.0277425749122853,0.012607644604968906,0.017707403350454072,5842.2001953125
2013-07-01,0.009649961552167819,0.012730441309452842,0.013926426504106294,5898.85009765625
2013-07-02,-0.007026039129586622,0.01280252160476836,0.00793847283428788,5857.5498046875
2013-07-03,-0.014903363447433636,0.01319301364434277,0.009461279623664089,5770.89990234375
2013-07-04,0.011380402965057766,0.013495214803141123,0.010647750716617615,5836.9501953125
2013-07-05,0.005288368309453251,0.013477978048075857,0.007157586308386823,5867.89990234375
2013-07-08,-0.009649518823911232,0.013646091459159324,0.010031797872871355,5811.5498046875
2013-07-09,0.008131657474948715,0.013317163109595345,0.005180081525217614,5859.0
2013-07-10,-0.007245816361832232,0.013377245163531072,0.013151786654166739,5816.7001953125
2013-07-11,0.02015076937254802,0.013793288985472642,0.010260973082458906,5935.10009765625
2013-07-12,0.012374451778423527,0.013439467656954548,0.011291412490639042,6009.0
2013-07-15,0.003621294184999039,0.013387291786614292,0.00949293656796597,6030.7998046875
2013-07-16,-0.012606456082598512,0.01365428804637577,0.009252274778556736,5955.25
2013-07-17,0.0030263223541821547,0.013660306501907247,0.010555272085627137,5973.2998046875
2013-07-18,0.010781573982748167,0.011788711835609617,0.012677983031760015,6038.0498046875
2013-07-19,-0.0014667154424545085,0.011834108363679229,0.0077290678940268075,6029.2001953125
2013-07-22,0.00043107692815792104,0.011178527063734242,0.009930684751373863,6031.7998046875
2013-07-23,0.00759731497994169,0.01120985756416591,0.005273338049738201,6077.7998046875
2013-07-24,-0.014467875158950037,0.011842409559038041,0.014130690650822135,5990.5
2013-07-25,-0.013952151018890876,0.012027658259499408,0.015954295387219635,5907.5
2013-07-26,-0.0036120687304303763,0.010424427149392847,0.012741666527028177,5886.2001953125
2013-07-29,-0.009310698906358704,0.01039869301904556,0.010323012581448937,5831.64990234375
2013-07-30,-0.013222266146311269,0.010689314978100392,0.019756511392593223,5755.0498046875
2013-07-31,-0.0022701145969533727,0.010178235873564716,0.013296777717911877,5742.0
2013-08-01,-0.0024673224848824594,0.009809681517974537,0.022984173834720144,5727.85009765625
2013-08-02,-0.008758830352814497,0.009842835382720431,0.019875323552228742,5677.89990234375
2013-08-05,0.0013200392875264806,0.00967760898789344,0.010465402789955322,5685.39990234375
2013-08-06,-0.025500912656776276,0.010841615695964164,0.025819856133564887,5542.25
2013-08-07,-0.004185734279980768,0.01079675814089264,0.01351671401791205,5519.10009765625
2013-08-08,0.008398940586119187,0.009762157205761594,0.01213700001868675,5565.64990234375
2013-08-12,0.008364656339552535,0.009461723556838001,0.0155013900494989,5612.39990234375
2013-08-13,0.015364907874385061,0.010252641119906774,0.022081677042632874,5699.2998046875
2013-08-14,0.007516466913095698,0.010229760185204427,0.011206243415307354,5742.2998046875
2013-08-16,-0.04168542781460944,0.013483050701984288,0.04004290041637127,5507.85009765625
2013-08-19,-0.0170476537750192,0.013306018291072638,0.02567062191236899,5414.75
2013-08-20,-0.002459239132094885,0.013292232993393658,0.020633293467737342,5401.4501953125
2013-08-21,-0.018479672110444576,0.013518991563723865,0.044440865437121106,5302.5498046875
2013-08-22,0.019774781357612244,0.014428268548547226,0.030489398010527868,5408.4501953125
2013-08-23,0.011635910691516363,0.014782471459743061,0.018458445652670536,5471.75
2013-08-26,0.0008677186396066932,0.014656146196443998,0.013557929334428924,5476.5
2013-08-27,-0.0351300857798711,0.016244654011427603,0.028964793366663286,5287.4501953125
2013-08-28,-0.0004635056795921676,0.016251974507079523,0.03762537325567644,5285.0
2013-08-29,0.023200821268735756,0.017281001623479075,0.023275789073830443,5409.0498046875
2013-08-30,0.01153415365937455,0.01758883475424649,0.024324648950237216,5471.7998046875
2013-09-02,0.0143254595132373,0.017982370714915485,0.015502374397603927,5550.75
2013-09-03,-0.038435865504589016,0.01974482280870324,0.04815175390724626,5341.4501953125
2013-09-04,0.019769753704386283,0.02038069554408253,0.025944842261077072,5448.10009765625
2013-09-05,0.026239969011229082,0.02054143508205655,0.013061050453966794,5592.9501953125
2013-09-06,0.015514724622354844,0.02077815340027229,0.021556615276677384,5680.39990234375
2013-09-10,0.03737971608491806,0.022247559106706213,0.028261313832831644,5896.75
2013-09-11,0.0027773161535761984,0.022210235692797363,0.01549933687752841,5913.14990234375
2013-09-12,-0.010617322247705436,0.02218477196386831,0.019860904068473375,5850.7001953125
2013-09-13,-1.7108809063270718e-05,0.022137768225319553,0.010494633254518078,5850.60009765625
2013-09-16,-0.0017192997315773116,0.019764770492926045,0.02724060285019052,5840.5498046875
2013-09-17,0.0016509450320878272,0.01920420703507764,0.009042408905277514,5850.2001953125
2013-09-18,0.008383277255138238,0.01916921503525758,0.013001161886609864,5899.4501953125
2013-09-19,0.035975516586889605,0.019609260612281028,0.01673604188094418,6115.5498046875
2013-09-20,-0.01706055452564804,0.02008345998751154,0.032950232770322156,6012.10009765625
2013-09-23,-0.02056056945458911,0.020824769895515863,0.020034806231164312,5889.75
2013-09-24,0.0004583516346713625,0.02082788125262251,0.014230090179286291,5892.4501953125
2013-09-25,-0.0031615907611521666,0.018824617176512556,0.01693092356424483,5873.85009765625
2013-09-26,0.0014290289642726517,0.0187990784313487,0.009103626110331931,5882.25
2013-09-27,-0.008373573438567785,0.01854546312445328,0.015411847290487824,5833.2001953125
2013-09-30,-0.01692574280654838,0.01900491074246612,0.015988736148989595,5735.2998046875
2013-10-01,0.007772273841471294,0.018843412192414373,0.01479226008237183,5780.0498046875
2013-10-03,0.02218280238265632,0.016752155404204896,0.01944259413275942,5909.7001953125
2013-10-04,-0.0004062605835685447,0.016423672110500963,0.011079545219723676,5907.2998046875
2013-10-07,-0.00019467680921306599,0.015585890517277221,0.014586474059786893,5906.14990234375
2013-10-08,0.0037601812630294537,0.01529714589462828,0.011588320026343007,5928.39990234375
2013-10-09,0.013246052547886104,0.013175482634178441,0.02303804406930262,6007.4501953125
2013-10-10,0.002244688442359527,0.013172089918412459,0.008993661941790814,6020.9501953125
2013-10-11,0.012420571665258479,0.013118808756511375,0.010039072430652482,6096.2001953125
2013-10-14,0.0027029477705162687,0.013110290882673103,0.0067400975012800735,6112.7001953125
2013-10-15,-0.0038765620083412522,0.013152962307549976,0.01638186633376032,6089.0498046875
2013-10-17,-0.007119941635177799,0.013313379115286132,0.01293452435130922,6045.85009765625
2013-10-18,0.02345798647282757,0.01411740351707917,0.02109273040123972,6189.35009765625
2013-10-21,0.0025173031999250295,0.011705484855834858,0.008968708671834436,6204.9501953125
2013-10-22,-0.0003466205632012109,0.010940466953870036,0.006174678238012163,6202.7998046875
2013-10-23,-0.003949510183774189,0.009737007544444518,0.016404071646036543,6178.35009765625
2013-10-24,-0.0022685483374774457,0.009784483671120793,0.017763429763931325,6164.35009765625
2013-10-25,-0.003160259398470375,0.009784444880709835,0.007941513362794906,6144.89990234375
2013-10-28,-0.007153354803001501,0.010008244856192429,0.012235482314480779,6101.10009765625
2013-10-29,0.019445476322178384,0.010439870096211126,0.023927343585599295,6220.89990234375
2013-10-30,0.004938882885003037,0.009302346362932935,0.0074539879073520785,6251.7001953125
2013-10-31,0.007561230152356484,0.00929833183433176,0.011612662577934972,6299.14990234375
2013-11-01,0.0012771807859823679,0.008304139998720705,0.0072377443128691125,6307.2001953125
2013-11-05,-0.008606547777017665,0.008687991353315983,0.009667159152836332,6253.14990234375
2013-11-06,-0.00609547705014856,0.008894386540987682,0.009814727071505828,6215.14990234375
2013-11-07,-0.004499121077551629,0.009025995568835102,0.01747955725483858,6187.25
2013-11-08,-0.007543838501638632,0.008875134987645562,0.010454701303790254,6140.75
2013-11-11,-0.010139608589296157,0.009216335828617243,0.012156988997526142,6078.7998046875
2013-11-12,-0.010044021820206814,0.009051711153819498,0.016109902453280603,6018.0498046875
2013-11-13,-0.004738605888357065,0.009059784623958109,0.011653499991562524,5989.60009765625
2013-11-14,0.011049620288933722,0.009419483847587373,0.01073289153144059,6056.14990234375
2013-11-18,0.021699254229649953,0.010463111138523816,0.01396023628110357,6189.0
2013-11-19,0.0023159616952837573,0.00906778516668781,0.005190696401838692,6203.35009765625
2013-11-20,-0.013053659902868716,0.00950824130653056,0.01590747911891665,6122.89990234375
2013-11-21,-0.020434733748201976,0.010483740688300316,0.018661321202071878,5999.0498046875
2013-11-22,-0.0006002100100985879,0.010472155672106775,0.012809762481021987,5995.4501953125
2013-11-25,0.019801138983068924,0.011499565970736213,0.014316401070979414,6115.35009765625
2013-11-26,-0.00924072945680619,0.01165572579372845,0.010719445836127332,6059.10009765625
2013-11-27,-0.0003301365091241254,0.0115564241879623,0.007214705817625412,6057.10009765625
2013-11-28,0.005720674496259994,0.010693615857894655,0.007329528781770021,6091.85009765625
2013-11-29,0.01373519180845845,0.011125004173208742,0.012742700744498249,6176.10009765625
2013-12-02,0.006737183425796762,0.011094639659569252,0.009255657834279882,6217.85009765625
2013-12-03,-0.002576553153439162,0.011092881167479312,0.005482235053189852,6201.85009765625
2013-12-04,-0.006616632250020927,0.011028311093747377,0.009617023043796035,6160.9501953125
2013-12-05,0.012925446408512491,0.011357645396396646,0.010983609237935926,6241.10009765625
2013-12-06,0.003007730399185639,0.011317859572405152,0.007124730163744537,6259.89990234375
2013-12-09,0.016477186675700303,0.01167877468189196,0.011038828560789861,6363.89990234375
2013-12-10,-0.004890994401687254,0.011453521373717024,0.008637531990966313,6332.85009765625
2013-12-11,-0.003947586608913919,0.011192953427987434,0.007347944383047083,6307.89990234375
2013-12-12,-0.011295517736679127,0.011503294765716517,0.009026750584296618,6237.0498046875
2013-12-13,-0.01106781370198504,0.01165213006525499,0.007651935033356994,6168.39990234375
2013-12-16,-0.0022234198483338887,0.010585681197719849,0.006044192914682043,6154.7001953125
2013-12-17,-0.0025460740749505,0.010578804687082286,0.009374383091591403,6139.0498046875
2013-12-18,0.012641611434832655,0.010536863184280284,0.017057623887679015,6217.14990234375
2013-12-19,-0.008155861807590793,0.009548018588822822,0.018332450597614326,6166.64990234375
2013-12-20,0.017298231088561187,0.010171324133725774,0.018193394006255727,6274.25
2013-12-23,0.0016323284205711835,0.009297191982534968,0.008043568253242104,6284.5
2013-12-24,-0.002565161294966418,0.009011877573774826,0.006301448633682574,6268.39990234375
2013-12-26,0.001673667261396705,0.008999272886136759,0.006896081377461887,6278.89990234375
2013-12-27,0.0055428927092751245,0.008995281416964129,0.005622604627667168,6313.7998046875
2013-12-30,-0.003601731349932257,0.008610632529218348,0.01126987351070185,6291.10009765625
2013-12-31,0.0020484008470497933,0.008507192724027942,0.004758883248730965,6304.0
2014-01-02,-0.013229591131722482,0.009039218836443232,0.023629072166324004,6221.14990234375
2014-01-03,-0.001608713160675422,0.008910195884319655,0.008122520967246796,6211.14990234375
2014-01-06,-0.0031767086647526764,0.008434164588390558,0.008794417074326759,6191.4501953125
2014-01-07,-0.004727369003838941,0.008447046760921924,0.01245486632317741,6162.25
2014-01-08,0.0020021483091771735,0.007451513378247797,0.005142033410722687,6174.60009765625
2014-01-09,-0.0010127239331396106,0.0074092368758117665,0.006452260986713852,6168.35009765625
2014-01-10,0.0005024550880677336,0.007392848498000201,0.016122628693588877,6171.4501953125
2014-01-13,0.01628100492203701,0.007941218588190937,0.015726816886533018,6272.75
2014-01-14,-0.004938226534857065,0.007590536295432817,0.007401682928887974,6241.85009765625
2014-01-15,0.012584959187806487,0.008012006999756972,0.009476560545245987,6320.89990234375
2014-01-16,-0.0003164607110232277,0.007970607312550448,0.0073825987220413215,6318.89990234375
2014-01-17,-0.009101413862469748,0.007844715922519372,0.012895962128092643,6261.64990234375
2014-01-20,0.006732738974413205,0.007699491516252316,0.010168243033378283,6303.9501953125
2014-01-21,0.00156123102385989,0.006695800828675235,0.005131601150815016,6313.7998046875
2014-01-22,0.0039754873445066955,0.006740429209951331,0.009859676772065071,6338.9501953125
2014-01-23,0.0010563529953923905,0.006704241212791328,0.0061774910238936295,6345.64990234375
2014-01-24,-0.012511644446641086,0.007309128479345882,0.01077915872960466,6266.75
2014-01-27,-0.02110924516297498,0.008550904198322596,0.009501504071908333,6135.85009765625
2014-01-28,-0.0015658165471230908,0.008535787947217847,0.012674948352377065,6126.25
2014-01-29,-0.0009798718785080376,0.008499530976261596,0.00990978973489645,6120.25
2014-01-30,-0.007634938648466337,0.008178448825598726,0.00915423808688491,6073.7001953125
2014-01-31,0.002597969830382306,0.008221347776839976,0.005008621397487478,6089.5
2014-02-03,-0.014506584850296355,0.00875316866263942,0.013395965370413791,6001.7998046875
2014-02-04,-0.00014994998915273514,0.008725668205034528,0.014081221379312982,6000.89990234375
2014-02-05,0.0035763930477856866,0.00876429170680866,0.01095908625634685,6022.39990234375
2014-02-06,0.0023053743500808565,0.00880030929365621,0.013741894537459002,6036.2998046875
2014-02-07,0.004446536625011425,0.008881500386679703,0.008089835629486735,6063.2001953125
2014-02-10,-0.0016093560167322405,0.007909343637272059,0.0060543824036299035,6053.4501953125
2014-02-11,0.0015268879138819519,0.007905557991245317,0.0047173861043570565,6062.7001953125
2014-02-12,0.003507096771439477,0.007293909806336124,0.004799506132889546,6084.0
2014-02-13,-0.013719572366101803,0.007741775946828115,0.017213478030110526,6001.10009765625
2014-02-14,0.007842721688164616,0.007915739959028613,0.011870973658638343,6048.35009765625
2014-02-18,0.012936047030872241,0.008373224470209073,0.012224443771312148,6127.10009765625
2014-02-19,0.004177565596221632,0.008442449049699095,0.00562351755820568,6152.75
2014-02-20,-0.010012955663091487,0.008561698134457974,0.007001600764391048,6091.4501953125
2014-02-21,0.010451719302448996,0.008985012810882428,0.008390921980504765,6155.4501953125
2014-02-24,0.004966955468135648,0.008705482825196063,0.009868946833220553,6186.10009765625
2014-02-25,0.002252469579198007,0.0072633491595121506,0.006491883334480523,6200.0498046875
2014-02-26,0.006230499856538058,0.007354131863137128,0.007028611115763546,6238.7998046875
2014-02-28,0.00609639994140803,0.007428259545715132,0.008698507389308944,6276.9501953125
2014-03-03,-0.008881194883291635,0.0075115985038114,0.010528091995231342,6221.4501953125
2014-03-04,0.012221184683582093,0.007903717662676174,0.013726641899390319,6297.9501953125
2014-03-05,0.0048627132066446956,0.006943983199140121,0.00765569213973378,6328.64990234375
2014-03-06,0.011390718629937804,0.007174620704428529,0.010451231944943974,6401.14990234375
2014-03-07,0.01941613337444026,0.008037428504774399,0.019037331840854717,6526.64990234375
2014-03-10,0.0016228078999031938,0.008046538054933626,0.011449783572029523,6537.25
2014-03-11,-0.0038853304216658053,0.008234931848152065,0.010534574960459633,6511.89990234375
2014-03-12,0.0007675304433891083,0.008173175373252423,0.009030382319526657,6516.89990234375
2014-03-13,-0.0036586981147299726,0.008326178002867977,0.013060062480687695,6493.10009765625
2014-03-14,0.00170806245985478,0.008335005853442821,0.013183788540487885,6504.2001953125
2014-03-18,0.0019122731206803513,0.007322596699633558,0.011861968055234717,6516.64990234375
2014-03-19,0.0011348935723144095,0.007296727107475629,0.0053954516544629716,6524.0498046875
2014-03-20,-0.006296512707220438,0.007294633249287345,0.0077740435261782264,6483.10009765625
2014-03-21,0.001556699439417862,0.00729257571250014,0.005729025120479853,6493.2001953125
2014-03-24,0.013811013280164102,0.007049636180007245,0.012303485987696514,6583.5
2014-03-25,0.0009488927134847534,0.006902383603348236,0.007693722376607611,6589.75
2014-03-26,0.0017663214289679917,0.006901461542455156,0.007096994326857311,6601.39990234375
2014-03-27,0.006093750024184339,0.006925681477029358,0.011209424521022322,6641.75
2014-03-28,0.00811990122114581,0.006978421167591239,0.00878153703405397,6695.89990234375
2014-03-31,0.0012388406011620149,0.006969121118122687,0.010090674558174745,6704.2001953125
2014-04-01,0.0025101384662722147,0.006360773921538741,0.008451031659947794,6721.0498046875
2014-04-02,0.004675819128421151,0.006055315910352767,0.00590886457676361,6752.5498046875
2014-04-03,-0.0024390454649215365,0.006186562932660734,0.011854054497205726,6736.10009765625
2014-04-04,-0.006217235293906131,0.006200444105852139,0.008469858087098138,6694.35009765625
2014-04-07,0.0001045165633993392,0.004709072409600538,0.011164965486539656,6695.0498046875
2014-04-09,0.014995242988600424,0.005622084307383986,0.015243826650030915,6796.2001953125
2014-04-10,2.9384669574600685e-05,0.005474727131004598,0.006142958124874677,6796.39990234375
2014-04-11,-0.0029618444059262942,0.005586240555595546,0.006817908983386634,6776.2998046875
2014-04-15,-0.006395525277556329,0.00576167119803843,0.015097043095963136,6733.10009765625
2014-04-16,-0.008621558339553982,0.006216747105864208,0.012508801468567,6675.2998046875
2014-04-17,0.015474470218657372,0.006980051172470265,0.014551421035015962,6779.39990234375
2014-04-21,0.005626235315480606,0.0070236654740442285,0.0056544840994984654,6817.64990234375
2014-04-22,-0.0003373879130515304,0.0067658822311089375,0.004658601472420118,6815.35009765625
2014-04-23,0.00372721984979212,0.0067673808124327365,0.005971538244440133,6840.7998046875
2014-04-25,-0.008522030871778505,0.006663170668876684,0.014300984114113006,6782.75
2014-04-28,-0.003174840233210194,0.006744133294761329,0.005317093039378813,6761.25
2014-04-29,-0.006826724839414866,0.00698137815229505,0.010580438996128216,6715.25
2014-04-30,-0.0028110053879877397,0.0069133088186752335,0.01842036011216673,6696.39990234375
2014-05-02,-0.0002389774925132282,0.006671082338856642,0.007192134753609342,6694.7998046875
2014-05-05,0.0006794448586849589,0.006666749913056546,0.009045595243067027,6699.35009765625
2014-05-06,0.002377954648569805,0.006664157731103983,0.006187406992573367,6715.2998046875
2014-05-07,-0.009388265536980073,0.006878615073728231,0.0114016579932712,6652.5498046875
2014-05-08,0.0010967659857117281,0.006878248846904539,0.007485168123197452,6659.85009765625
2014-05-09,0.029435494406797515,0.009469402070853656,0.03195897264164094,6858.7998046875
2014-05-12,0.02241132323613701,0.010580427093516143,0.02240437713850376,7014.25
2014-05-13,0.013382625556367727,0.01048452861725397,0.014798691093722526,7108.75
2014-05-14,0.0,0.010484857956878878,0.008630222986636188,7108.75
2014-05-15,0.0020236099686651147,0.010413531404430455,0.009827113139506962,7123.14990234375
2014-05-16,0.011147576299688492,0.010363893994242387,0.06009303035627516,7203.0
2014-05-19,0.008371057244219524,0.010019628351849389,0.013430112767423492,7263.5498046875
2014-05-20,0.0016438760667509807,0.009673486774552577,0.014562532751185485,7275.5
2014-05-21,-0.003111163794727852,0.00977070071060333,0.011092074634209822,7252.89990234375
2014-05-22,0.003234845561498608,0.0097372596557439,0.008438225381754089,7276.39990234375
2014-05-23,0.012387933925730808,0.00994880750502392,0.011822847049948432,7367.10009765625
2014-05-26,-0.0010933331283551897,0.0096008404192615,0.03192670270594494,7359.0498046875
2014-05-27,-0.0055937551853276766,0.009711605490458663,0.01341899362018311,7318.0
2014-05-28,0.0015906858612653664,0.009396996847647228,0.005750602403297875,7329.64990234375
2014-05-29,-0.012907568856390952,0.010051881396205302,0.01395866319724568,7235.64990234375
2014-05-30,-0.0007880360700878707,0.010064443288926847,0.02130717370465116,7229.9501953125
2014-06-02,0.018167401445903533,0.010524118903249877,0.017534818017826824,7362.5
2014-06-03,0.007220065712657715,0.010523114053327596,0.011165313737250259,7415.85009765625
2014-06-04,-0.0018356066412509439,0.01010839815800141,0.005667156206727684,7402.25
2014-06-05,0.009659715706976952,0.010100591776887982,0.016617411285600396,7474.10009765625
2014-06-06,0.014517911265275567,0.008716835803679388,0.012533994539754319,7583.39990234375
2014-06-09,0.009345152051744758,0.007784708301481848,0.01220837066865366,7654.60009765625
2014-06-10,0.00023509956185606317,0.007534518594643342,0.013570397569384324,7656.39990234375
2014-06-11,-0.003866957814588266,0.007682909746268012,0.01455384576577827,7626.85009765625
2014-06-12,0.003017634271514681,0.007675949601850203,0.008392292204088915,7649.89990234375
2014-06-13,-0.01419189231300482,0.008414583045924023,0.0203060023548802,7542.10009765625
2014-06-16,-0.0011343184460937106,0.00832156697335884,0.008103788327086322,7533.5498046875
2014-06-17,0.012944298456771088,0.008684361889882515,0.016818021459370808,7631.7001953125
2014-06-18,-0.00967755834425001,0.009020884341244628,0.01951522798926094,7558.2001953125
2014-06-19,-0.002318050637252134,0.009068202619670004,0.013778613117331896,7540.7001953125
2014-06-20,-0.0038864927679996926,0.008792580552146732,0.008420477851197228,7511.4501953125
2014-06-23,-0.002412575453478406,0.008813799035514292,0.012437655496758487,7493.35009765625
2014-06-24,0.011523636710027154,0.008979141920451413,0.01030974121133066,7580.2001953125
2014-06-25,-0.0014456230527611481,0.009007780170958863,0.004254080036000925,7569.25
2014-06-26,-0.010098018573784505,0.008788732828395308,0.011864141929720918,7493.2001953125
2014-06-27,0.0020796713768032227,0.008768536704445511,0.007517871934374915,7508.7998046875
2014-06-30,0.013564927084193412,0.008370274743032561,0.012093755182256659,7611.35009765625
2014-07-01,0.0030631036189189007,0.00827607804915343,0.004106264405182291,7634.7001953125
2014-07-02,0.01177755667969897,0.0085466483672113,0.007132560319578143,7725.14990234375
2014-07-03,-0.00134069079277555,0.008389417964900526,0.00620237710214805,7714.7998046875
2014-07-04,0.004758749631257964,0.007865018027153246,0.01247486894244428,7751.60009765625
2014-07-07,0.004575640474488179,0.007671691152983955,0.00473856324926325,7787.14990234375
2014-07-08,-0.02127867207000753,0.009132825976938045,0.027934488122644728,7623.2001953125
2014-07-09,-0.005023641872147828,0.009160773820664044,0.012979590680619645,7585.0
2014-07-10,-0.0022768154231857557,0.009137081191591305,0.03329919725149483,7567.75
2014-07-11,-0.014393990810803546,0.009153071736817247,0.023948991903718866,7459.60009765625
2014-07-14,-0.0007308953891714673,0.009152160613279638,0.0075528790950458264,7454.14990234375
2014-07-15,0.009679131549908635,0.008925471843129995,0.010064238536777424,7526.64990234375
2014-07-16,0.012903575337152367,0.009154427948559666,0.014119131173937805,7624.39990234375
2014-07-17,0.002102909465983186,0.009137786746055757,0.0056213581573504815,7640.4501953125
2014-07-18,0.0030644522939827193,0.00908793147428945,0.011678127473015323,7663.89990234375
2014-07-21,0.0026453182709969426,0.00905816005244541,0.006259610165491513,7684.2001953125
2014-07-22,0.01082713528937421,0.00901786277250804,0.00888924118007686,7767.85009765625
2014-07-23,0.0035852800193615086,0.009009677711516444,0.007221921299265625,7795.75
2014-07-24,0.004460434486412476,0.00860451052333858,0.008173064541906005,7830.60009765625
2014-07-25,-0.005140498238365478,0.008759979255726708,0.011854269694428814,7790.4501953125
2014-07-28,-0.005373537086780802,0.008443867292544436,0.009969413973034035,7748.7001953125
2014-07-30,0.005495436222823544,0.008494116506628612,0.011692391457001964,7791.39990234375
2014-07-31,-0.009037830441044684,0.008380579612440694,0.010451633449527237,7721.2998046875
2014-08-01,-0.015492411451246685,0.009066846788201303,0.01615240725427702,7602.60009765625
2014-08-04,0.010604375070275692,0.009343190552311297,0.009468156530376144,7683.64990234375
2014-08-05,0.00815287578222499,0.009477540391349123,0.014767915202168505,7746.5498046875
2014-08-06,-0.009663728440738909,0.0084185998388314,0.010688147507840643,7672.0498046875
2014-08-07,-0.0029762254910542657,0.008362469995253786,0.010269018919338497,7649.25
2014-08-08,-0.010606126094877983,0.008704354934028566,0.006916793706480934,7568.5498046875
2014-08-11,0.007555452786540585,0.008160002356468944,0.004845259421437364,7625.9501953125
2014-08-12,0.013170203962401476,0.008576976893385364,0.010476209854813252,7727.0498046875
2014-08-13,0.0016163866702790495,0.008374125032208921,0.007933265356928489,7739.5498046875
2014-08-14,0.0067155684981506794,0.008033927947035016,0.007392494091456742,7791.7001953125
2014-08-18,0.010538852441929612,0.008306979566142306,0.012864692470711496,7874.25
2014-08-19,0.0029483116130798108,0.00830587409211595,0.004735663481323204,7897.5
2014-08-20,-0.0028149992705591483,0.008355879921422244,0.0074473851255910765,7875.2998046875
2014-08-21,0.0020043000756105184,0.008049731447933783,0.008072348119138619,7891.10009765625
2014-08-22,0.0027967213545059197,0.008037226008011088,0.003664762584570851,7913.2001953125
2014-08-25,-0.0008723905385931191,0.007995923789441037,0.00889161888925848,7906.2998046875
2014-08-26,-0.0001960407071773607,0.007888684573586643,0.006704829374743034,7904.75
2014-08-27,0.0039518011472649325,0.007783946839537478,0.0038180573099292872,7936.0498046875
2014-08-28,0.002303315356676902,0.007723609897532553,0.003595467765924318,7954.35009765625
2014-09-01,0.009179124246061186,0.007545314733543876,0.006353002573486701,8027.7001953125
2014-09-02,0.0068711670335596,0.006394350587953238,0.008091053773672554,8083.0498046875
2014-09-03,0.0038956679592612917,0.0061492406026414734,0.0061185889318304725,8114.60009765625
2014-09-04,-0.0023009595892866165,0.006108052348862026,0.006657637589588641,8095.9501953125
2014-09-05,-0.0011246630312066596,0.005503194856722987,0.009008463960196764,8086.85009765625
2014-09-08,0.010706841477298593,0.005618514080983404,0.006612546472859527,8173.89990234375
2014-09-09,-0.002566290301383355,0.004797560800990323,0.005893548168014813,8152.9501953125
2014-09-10,-0.007244435632928195,0.005290704403148753,0.0066282726549533304,8094.10009765625
2014-09-11,-0.0010383197500981691,0.004779459698864104,0.008737696045910527,8085.7001953125
2014-09-12,0.0024457500763813006,0.004777101313646976,0.005267991737863179,8105.5
2014-09-15,-0.00786503512440859,0.005166108482727704,0.00588159720063417,8042.0
2014-09-16,-0.013659152116613792,0.005757483482733496,0.015095362537553291,7932.89990234375
2014-09-17,0.005355686271897236,0.0058387918834771685,0.006733083446962573,7975.5
2014-09-18,0.01730905071438062,0.006880140656309956,0.022323534593641208,8114.75
2014-09-19,0.0008253403644006908,0.006880621455603159,0.006839887378680469,8121.4501953125
2014-09-22,0.003055078754324302,0.006883547214181211,0.011674023782125967,8146.2998046875
2014-09-23,-0.01593094790039912,0.007899682062036157,0.01891474403502765,8017.5498046875
2014-09-24,-0.0018913800776086584,0.007918860327983324,0.011496551174986264,8002.39990234375
2014-09-25,-0.011379836545715916,0.008311099912650378,0.017941405016419634,7911.85009765625
2014-09-26,0.007178555614569579,0.008457136977953063,0.019011525896886712,7968.85009765625
2014-09-29,-0.0012494164721180694,0.008184408920016635,0.007168051538215712,7958.89990234375
2014-09-30,0.0007410215869771875,0.008009492005138502,0.01344036351353091,7964.7998046875
2014-10-01,-0.0024198097296141007,0.007941446471326873,0.005134925296601884,7945.5498046875
2014-10-07,-0.01179279382430551,0.008295695175197453,0.012779482785262641,7852.39990234375
2014-10-08,-0.001236017381957707,0.008295448128048983,0.006904497302614581,7842.7001953125
2014-10-09,0.014914880678345798,0.008667260770621568,0.010784443256130113,7960.5498046875
2014-10-10,-0.012717798464841716,0.009033452133089802,0.009618331859161899,7859.9501953125
2014-10-13,0.0030868286329098203,0.009002876136643573,0.01333670321764911,7884.25
2014-10-14,-0.0025717157348472356,0.0090069384711267,0.013040412600139878,7864.0
2014-10-16,-0.01483479931274002,0.009438135677403599,0.02119847136879192,7748.2001953125
2014-10-17,0.004057218608794233,0.009441602086406996,0.012256268912997607,7779.7001953125
2014-10-20,0.01273394430406019,0.009520072417106774,0.006218747697451529,7879.39990234375
2014-10-21,0.006117516281268019,0.00954554437800529,0.007852164863927345,7927.75
2014-10-22,0.008559635367284744,0.008872824702105592,0.0038082261764650744,7995.89990234375
2014-10-27,-0.0005253705499506886,0.008865438649204567,0.009853973256678285,7991.7001953125
2014-10-28,0.004482088703870871,0.008903801879982463,0.005325377383021528,8027.60009765625
2014-10-29,0.007798761644535693,0.008335016907617981,0.005648659123935784,8090.4501953125
2014-10-30,0.009686630877276963,0.008562613842126941,0.011794252444723482,8169.2001953125
2014-10-31,0.01855565765600878,0.008889077628145664,0.015945326019343262,8322.2001953125
2014-11-03,0.00023430905306898972,0.008833322162445199,0.006360915680912443,8324.150390625
2014-11-05,0.0016983597607461473,0.008797590925426691,0.005042971069936952,8338.2998046875
2014-11-07,-0.0001558958106129228,0.008808388039711708,0.008408253493462876,8337.0
2014-11-10,0.0008692394702429653,0.008746439513615102,0.00941961343140486,8344.25
2014-11-11,0.0022027303251594033,0.008081717968609764,0.0067981540877558025,8362.650390625
2014-11-12,0.0024661992049072835,0.008018171697417684,0.005314113263919071,8383.2998046875
2014-11-13,-0.0030404381788521184,0.007649866578587283,0.010487194041716491,8357.849609375
2014-11-14,0.00382747776597414,0.006768844911921781,0.006418501225315315,8389.900390625
2014-11-17,0.004857088011971049,0.006777996187744206,0.010556593422886458,8430.75
2014-11-18,-0.0005753942089820699,0.006700441583784136,0.0056077093022096815,8425.900390625
2014-11-19,-0.005188025276412326,0.005566046421953575,0.011351346628259533,8382.2998046875
2014-11-20,0.002335600698223698,0.005577326924671814,0.006867400953048894,8401.900390625
2014-11-21,0.008939937646133834,0.005317624573630847,0.01075810241583558,8477.349609375
2014-11-24,0.006209137249718906,0.005319894535462141,0.005140658010636444,8530.150390625
2014-11-25,-0.007891501533809672,0.005775105897211424,0.012513076644541665,8463.099609375
2014-11-26,0.0014936543234813655,0.005730669686373501,0.007273623462525441,8475.75
2014-11-27,0.002174455713767457,0.0057212162136374,0.005933506329744066,8494.2001953125
2014-11-28,0.011011389339421218,0.0059101930172632215,0.011731144295985794,8588.25
2014-12-01,-0.0037738408764703764,0.005873232730750629,0.009098938255557831,8555.900390625
2014-12-02,-0.0036532942570473856,0.004602581405973791,0.006516335286259723,8524.7001953125
2014-12-03,0.0015179851960037325,0.004597323211290292,0.004521218856640748,8537.650390625
2014-12-04,0.003128282351293758,0.004615480043117188,0.011740437170308688,8564.400390625
2014-12-05,-0.003052220515157543,0.004709295574596953,0.007548249677836047,8538.2998046875
2014-12-08,-0.01178696074088962,0.0055333223824771665,0.01352171473646787,8438.25
2014-12-09,-0.01162777201814715,0.006147390066914372,0.013667917240817307,8340.7001953125
2014-12-10,0.001790834377979736,0.006134210923120959,0.007156810289070387,8355.650390625
2014-12-11,-0.0075382293595515236,0.00632466170556614,0.009152336394671176,8292.900390625
2014-12-12,-0.008330953463077941,0.006480351360487877,0.012840382650171383,8224.099609375
2014-12-15,-0.0005473221143822177,0.006334387716648987,0.010937319930092778,8219.599609375
2014-12-16,-0.01866544617437457,0.007427495693114157,0.01695051791668848,8067.60009765625
2014-12-17,-0.004696455660811477,0.007417799508648374,0.015025269032649986,8029.7998046875
2014-12-18,0.015998760320407486,0.008414658563145529,0.010956810569994003,8159.2998046875
2014-12-19,0.008044279165652847,0.00835856537667929,0.006668601934912061,8225.2001953125
2014-12-22,0.01194027232053888,0.008727230216799966,0.012343825084094186,8324.0
2014-12-23,-0.006871222260849433,0.008689098639090564,0.013535791777549292,8267.0
2014-12-24,-0.0113010553438477,0.008949596344667767,0.01604462742786874,8174.10009765625
2014-12-26,0.003248909370282162,0.008977965166880994,0.010560026255380012,8200.7001953125
2014-12-29,0.005545050916857839,0.008645821316502603,0.007815650272121338,8246.2998046875
2014-12-30,0.00023646541975141835,0.008649789306846954,0.00578306856757494,8248.25
2014-12-31,0.004167969146088031,0.008739404365835628,0.00570466138889593,8282.7001953125
2015-01-02,0.013520889912634575,0.00934440514774222,0.014519699507068851,8395.4501953125
2015-01-05,-0.0020329035926431203,0.009300215643796387,0.009751171457670755,8378.400390625
2015-01-06,-0.030422082918029548,0.011383324625942083,0.026638388788146793,8127.35009765625
2015-01-07,-0.0031116297926513815,0.011172807734193404,0.010583675709561462,8102.10009765625
2015-01-08,0.01622144246054657,0.011639686706030182,0.009253661249752437,8234.599609375
2015-01-09,0.006041557177687999,0.011724907531384225,0.013579576317218903,8284.5
2015-01-12,0.004636467736743234,0.011652124011607404,0.010452961672473868,8323.0
2015-01-13,-0.0028394966643650508,0.011504755277071947,0.010693543608313195,8299.400390625
2015-01-14,-0.0026362628028638235,0.011523807339945836,0.010848597327272764,8277.5498046875
2015-01-15,0.025830729950324278,0.011946670960071439,0.017253026841771855,8494.150390625
2015-01-16,0.0023106162211340322,0.01182428739888063,0.009220324860913422,8513.7998046875
2015-01-19,0.004324820315931695,0.0114264639555564,0.004613680097698505,8550.7001953125
2015-01-20,0.01680393189462208,0.011817692854630364,0.015341137657853615,8695.599609375
2015-01-21,0.003890988763950604,0.011624826494154483,0.005985451629532046,8729.5
2015-01-22,0.003647659672542357,0.011420483337921032,0.005381604369485561,8761.400390625
2015-01-23,0.008433216854945564,0.010972285404393562,0.008035674220079591,8835.599609375
2015-01-27,0.008441385660836975,0.011017632742268317,0.011177780076875596,8910.5
2015-01-28,0.0004263503418490414,0.011042957448840835,0.012451903394771589,8914.2998046875
2015-01-29,0.0042593170470792705,0.011009405385037063,0.011773489108895339,8952.349609375
2015-01-30,-0.016153405638702815,0.011903799128744211,0.025145022667725316,8808.900390625
2015-02-02,-0.0013063506955069547,0.011678892965071094,0.01019621607856902,8797.400390625
2015-02-03,-0.004654298232220474,0.011745054486373181,0.012636188513798878,8756.5498046875
2015-02-04,-0.0037584872121479928,0.00905058647006412,0.01013895672360753,8723.7001953125
2015-02-05,-0.0013765100457609084,0.008991589841379965,0.017769184110673717,8711.7001953125
2015-02-06,-0.005831032408607971,0.008713727774523816,0.009311849307384275,8661.0498046875
2015-02-09,-0.015674617197285398,0.00956394861307911,0.010461709805380425,8526.349609375
2015-02-10,0.004586999150377187,0.009563084451068833,0.020518239226607584,8565.5498046875
2015-02-11,0.007194908616778425,0.009590138076831373,0.006757516986327854,8627.400390625
2015-02-12,0.009706478627223793,0.00967702782792433,0.015301502910053296,8711.5498046875
2015-02-13,0.010726817268910518,0.008248984462257252,0.010499031145306911,8805.5
2015-02-16,0.0004370868354434235,0.008253516696664456,0.008706569968386304,8809.349609375
2015-02-18,0.006759668427262326,0.008311925038926473,0.00962887077874617,8869.099609375
2015-02-19,0.0029497438893496893,0.007539568797637797,0.013377851518539187,8895.2998046875
2015-02-20,-0.006960437077779418,0.0077191362840138495,0.009469570087399341,8833.599609375
2015-02-23,-0.008943311319236858,0.007966353461689972,0.015180028173793197,8754.9501953125
2015-02-24,0.0008162806567537197,0.0077183249951248475,0.008416932389251916,8762.099609375
2015-02-25,0.0005876305610850604,0.007438597604052349,0.010179930993184864,8767.25
2015-02-26,-0.009558254487962844,0.0076822884897460066,0.013427179720975383,8683.849609375
2015-02-27,0.018342125395864908,0.008785737402514551,0.015772336359029113,8844.599609375
2015-03-02,0.012600378838793266,0.008453931928974224,0.009702114501632846,8956.75
2015-03-03,0.00440038586730066,0.008474233632830667,0.009209457933861331,8996.25
2015-03-04,-0.008214792388202198,0.00863769219340943,0.025244741207911658,8922.650390625
2015-03-05,0.0016908482052135402,0.008567358190341578,0.012105976930715225,8937.75
2015-03-09,-0.02045904811401918,0.009839021234984731,0.017226666214634426,8756.75
2015-03-10,-0.005117729137055929,0.009817056314836203,0.011553009094466524,8712.0498046875
2015-03-11,-0.00138980143838521,0.009086617045060301,0.008419588429306965,8699.9501953125
2015-03-12,0.00870342200550124,0.009217632618451441,0.00618730682400866,8776.0
2015-03-13,-0.014721551472009752,0.009756152144246386,0.025208869359081842,8647.75
2015-03-16,-0.0016896819631506011,0.009495977350324534,0.005971146378207369,8633.150390625
2015-03-17,0.01038809476984804,0.009475269989008618,0.012810519241806947,8723.2998046875
2015-03-18,-0.0042965180681336585,0.009510501500995064,0.009584498584608992,8685.900390625
2015-03-19,-0.005917842938767325,0.009408685021884449,0.020099227743595766,8634.650390625
2015-03-20,-0.0074104331263360745,0.009445231643422163,0.008738917407898866,8570.900390625
2015-03-23,-0.002336203925268819,0.009370041110824174,0.007928966727507909,8550.900390625
2015-03-24,-0.0009301819792756467,0.009210666451627013,0.010757453634158556,8542.9501953125
2015-03-25,-0.0014232834235154116,0.009198140479924623,0.006705138629682725,8530.7998046875
2015-03-26,-0.022362097108321904,0.01030967210906731,0.020869988885977905,8342.150390625
2015-03-27,-8.990891811211022e-05,0.010184411576916536,0.01726925911018482,8341.400390625
2015-03-30,0.017928732765285012,0.010141256689557867,0.013135405868022674,8492.2998046875
2015-03-31,-0.00015306856794447524,0.009556862544576146,0.01134139732510894,8491.0
2015-04-01,0.011155307528727893,0.009931890637209957,0.016147956398311254,8586.25
2015-04-06,0.008541133724940244,0.010114595842408482,0.01083151080918268,8659.900390625
2015-04-07,4.6121183134830896e-05,0.010093999721560195,0.012326363106069396,8660.2998046875
2015-04-08,0.006227533157299894,0.009189935906524912,0.005817978637640239,8714.400390625
2015-04-09,0.007305870171212896,0.009262640641002086,0.0117391530228294,8778.2998046875
2015-04-10,0.00023348090715570997,0.009253435190318586,0.0061274076367705856,8780.349609375
2015-04-13,0.0060916874846368065,0.00914881571995599,0.009005069192891103,8834.0
2015-04-16,-0.014515046525185486,0.009131034671904587,0.013133518647691966,8706.7001953125
2015-04-17,-0.011633232232741262,0.009510185099143139,0.011985755759063445,8606.0
2015-04-20,-0.01851811663955681,0.010006717301790834,0.02334255092040624,8448.099609375
2015-04-21,-0.008362135754524264,0.010105130133815515,0.013923716279729045,8377.75
2015-04-22,0.006181825339152998,0.01020768411779863,0.019603306899560972,8429.7001953125
2015-04-23,-0.003731926202576211,0.010122700348393866,0.017039232852538628,8398.2998046875
2015-04-24,-0.011141436198728826,0.010371510569395751,0.016850810669456068,8305.25
2015-04-27,-0.011072202173819238,0.01059001287170061,0.016082761825058366,8213.7998046875
2015-04-28,0.008703378361128562,0.010856002706147167,0.014826941132570227,8285.599609375
2015-04-29,-0.0055490174921902485,0.009746338473380512,0.010801298583088079,8239.75
2015-04-30,-0.007094495768480639,0.009851663911234453,0.01034656122043635,8181.5
2015-05-04,0.018222037975143816,0.009881447189490447,0.015068477576610274,8331.9501953125
2015-05-05,-0.0008585577695799613,0.009879699956873857,0.009015325654767177,8324.7998046875
2015-05-06,-0.027745365388399824,0.01111510166020724,0.030745979413671732,8097.0
2015-05-07,-0.004915134139810429,0.0107863763439023,0.015569756413869169,8057.2998046875
2015-05-08,0.01651854271401412,0.011672442510455112,0.012390892998840261,8191.5
2015-05-11,0.016196034167464263,0.012274728387963415,0.012984548136692592,8325.25
2015-05-12,-0.024107341992543527,0.012972950336139261,0.02600613770949449,8126.9501953125
2015-05-13,0.013262307208340643,0.013505255315098361,0.020053595942939612,8235.4501953125
2015-05-14,-0.0013669794296785854,0.013337005423150736,0.012031588842997532,8224.2001953125
2015-05-15,0.004627952191887896,0.013196831892529896,0.008109073467912498,8262.349609375
2015-05-18,0.013380913913783618,0.01347988017019521,0.013452844196674417,8373.650390625
2015-05-19,-0.0009558345015271625,0.012861764993095676,0.01109295755312659,8365.650390625
2015-05-20,0.006861656693210339,0.012821803873392601,0.005805290601905441,8423.25
2015-05-21,-0.0002671534812630433,0.012746195251378729,0.007582188501959387,8421.0
2015-05-22,0.004496489481834225,0.01275394647142896,0.008151152769608282,8458.9501953125
2015-05-25,-0.010541322896106728,0.012726139517097093,0.009294800595860339,8370.25
2015-05-26,-0.003698523791285403,0.012481051579742676,0.0070569755069796875,8339.349609375
2015-05-27,-0.0005697510609127147,0.012341840583060391,0.0077867464670407505,8334.599609375
2015-05-28,-0.0018734224796336696,0.012277439448114123,0.011341460436951556,8319.0
2015-05-29,0.01368764678319723,0.012480525938348207,0.016386758866140085,8433.650390625
2015-06-01,-2.9643593685729908e-05,0.011845964339911646,0.0073220761661742595,8433.400390625
2015-06-02,-0.02363060893126965,0.013029340769158028,0.02662552428378759,8236.4501953125
2015-06-03,-0.012381404397236432,0.011728495761053042,0.017522868957668906,8135.10009765625
2015-06-04,-0.0005471860103022912,0.011668064974013893,0.012704987415301535,8130.64990234375
2015-06-05,-0.001963603376990351,0.011043917756546024,0.011195742968881345,8114.7001953125
2015-06-08,-0.008732148739867544,0.010454867070801236,0.01248735994877877,8044.14990234375
2015-06-09,-0.0027074902267056862,0.00904245445353266,0.006481850896613638,8022.39990234375
2015-06-10,0.012640440848079765,0.008993041419844765,0.015810324664998366,8124.4501953125
2015-06-11,-0.019777160752925255,0.009957697987813457,0.025711337502636693,7965.35009765625
2015-06-12,0.0022008448289133065,0.00989239086175456,0.006927343903249249,7982.89990234375
2015-06-15,0.0038757800540692557,0.009341698861714015,0.014081795259664498,8013.89990234375
2015-06-16,0.0041590853857635356,0.009446849947678346,0.013607048657018714,8047.2998046875
2015-06-17,0.005483675969067097,0.009384095490715795,0.010863172626439113,8091.5498046875
2015-06-18,0.010211514727058937,0.009770998388964969,0.010410307126907548,8174.60009765625
2015-06-19,0.006140443483030782,0.009830696541877217,0.006705136536137365,8224.9501953125
2015-06-22,0.015460439332762258,0.010268123187029684,0.01341415880659944,8353.099609375
2015-06-23,0.003400157603319678,0.010259965994968182,0.007576164489828209,8381.5498046875
2015-06-24,-0.0024727884395158908,0.010276802466866622,0.009861344552538046,8360.849609375
2015-06-25,0.004433532413488122,0.010307930152050348,0.011151511148487735,8398.0
2015-06-26,-0.0020144580738723343,0.009835581231676016,0.00821486589874026,8381.099609375
2015-06-29,-0.007509148581665224,0.009965595200258711,0.016084799769712336,8318.400390625
2015-06-30,0.006004681365091595,0.008464713641774355,0.009446113961582124,8368.5
2015-07-01,0.010052642911917523,0.008105509746908797,0.01318449805988339,8453.0498046875
2015-07-02,-0.000964544764320111,0.008112721731302753,0.005452971918842478,8444.900390625
2015-07-03,0.004725404031422576,0.008083053759914928,0.008674186612293116,8484.900390625
2015-07-06,0.004380543110671768,0.007668198521252846,0.017249167553028747,8522.150390625
2015-07-07,-0.001332779992604704,0.0076214382146145565,0.00910607719351068,8510.7998046875
2015-07-08,-0.017512752525573723,0.008532585696331599,0.01388244863852491,8363.0498046875
2015-07-09,-0.004133821795005965,0.007077511557870537,0.009281304248669305,8328.5498046875
2015-07-10,0.0038348430969963264,0.007086589589188893,0.007379803983155171,8360.5498046875
2015-07-13,0.011783656733947193,0.007392490195508074,0.01374170262743109,8459.650390625
2015-07-14,-0.000656363189627265,0.0074210542901965324,0.006641794303290817,8454.099609375
2015-07-15,0.008210743295109776,0.007504013481247754,0.00803047899774196,8523.7998046875
2015-07-16,0.009835561378738018,0.007484393763425686,0.008503577513008752,8608.0498046875
2015-07-17,0.00020906205231804127,0.0074534750524742075,0.005784050470901899,8609.849609375
2015-07-20,-0.0007435430080160121,0.006797983515558274,0.007566686375480949,8603.4501953125
2015-07-21,-0.008638404295993872,0.007142917931541408,0.01510643786229169,8529.4501953125
2015-07-22,0.012125080858812433,0.007518810025538446,0.01682399953668848,8633.5
2015-07-23,-0.005074554770036643,0.007630284812753205,0.009423990914005358,8589.7998046875
2015-07-24,-0.00797720384261551,0.007872231960892524,0.00887753898749574,8521.5498046875
2015-07-27,-0.019020189089775028,0.00887146246324721,0.016822197180361202,8361.0
2015-07-28,-0.002874597739444469,0.0087904095555283,0.00907405429111191,8337.0
2015-07-29,0.0045535850933296085,0.008535524571293708,0.005140244618414699,8375.0498046875
2015-07-30,0.005566534416230723,0.008639645806942133,0.006008286484005017,8421.7998046875
2015-07-31,0.013099815871268341,0.009079442433987329,0.011830771657054229,8532.849609375
2015-08-03,0.0011946892258352072,0.00903156791730401,0.006537546568773982,8543.0498046875
2015-08-04,-0.0030655933038692055,0.00905454529131981,0.013725696587185452,8516.900390625
2015-08-05,0.005976049525257857,0.008135233337112328,0.005368845400754834,8567.9501953125
2015-08-06,0.0024130893825477714,0.008040040570039216,0.00638049078669183,8588.650390625
2015-08-07,-0.0028042262557410207,0.008077171326199974,0.005049856615907368,8564.599609375
2015-08-10,-0.004564027276617137,0.007771764553544577,0.014515108106170136,8525.599609375
2015-08-11,-0.00744648944425946,0.007965693352435412,0.013583720907152385,8462.349609375
2015-08-12,-0.013431174840318333,0.00826299797804155,0.01305475180404024,8349.4501953125
2015-08-13,0.0007661537895581861,0.007874870988116373,0.01074097837990087,8355.849609375
2015-08-14,0.01928427002460754,0.009143955106866858,0.017479432236290404,8518.5498046875
2015-08-17,-0.004854135797220708,0.009194990398351132,0.012096989259574772,8477.2998046875
2015-08-18,-0.001268897173926015,0.00900750403719185,0.01088405463273611,8466.5498046875
2015-08-19,0.00337237573051901,0.008570493121404267,0.01112399376758385,8495.150390625
2015-08-20,-0.014513073495647132,0.009063489884558917,0.016911959556298706,8372.75
2015-08-21,-0.008732870680242016,0.009094402109516769,0.011704936576591374,8299.9501953125
2015-08-24,-0.0609725995392517,0.015776074008107203,0.03721986199817518,7809.0
2015-08-25,0.009139842514835898,0.016024523569434596,0.032757229173278224,7880.7001953125
2015-08-26,-0.011338429020653107,0.016033957241949125,0.019629446808435973,7791.85009765625
2015-08-27,0.019961540867943228,0.01677354619903787,0.012743858054172592,7948.9501953125
2015-08-28,0.006645417343079588,0.016509746286132786,0.016264772857495554,8001.9501953125
2015-08-31,-0.0038377197180878234,0.016477368923919537,0.01199928552273286,7971.2998046875
2015-09-01,-0.02353957047024599,0.01707645365141871,0.023452814447483074,7785.85009765625
2015-09-02,-0.008882308721944062,0.016919777062971316,0.02116104764642996,7717.0
2015-09-03,0.01364242522747763,0.01736716224109008,0.011702709059024671,7823.0
2015-09-04,-0.021702577450189775,0.01776982724691364,0.023259130799968514,7655.0498046875
2015-09-07,-0.012653113658095735,0.01783661233749414,0.021054916978361444,7558.7998046875
2015-09-08,0.016980767754825463,0.01855549362272119,0.023594433368289272,7688.25
2015-09-09,0.016812333537542277,0.019040790337510684,0.010423860919096108,7818.60009765625
2015-09-10,-0.003908582653268309,0.019017126883121082,0.018149496781479205,7788.10009765625
2015-09-11,0.00015403174356981987,0.018276536290522772,0.013473636648231504,7789.2998046875
2015-09-14,0.010592945398427487,0.018583474427101152,0.015002076618025342,7872.25
2015-09-15,-0.00549634403468119,0.018578379654733246,0.010250220203982825,7829.10009765625
2015-09-16,0.008907573043561995,0.018733216599617315,0.007671723970989511,7899.14990234375
2015-09-18,0.010421319740291772,0.018800891129651724,0.01242184236294874,7981.89990234375
2015-09-21,-0.0006015169913181517,0.01874434956016858,0.009972271090201377,7977.10009765625
2015-09-22,-0.020913936119176794,0.013522093377384626,0.029934728322612646,7812.0
2015-09-23,0.004336486972064778,0.013393620751279426,0.020348064717404343,7845.9501953125
2015-09-24,0.0028699470722847766,0.013147451689409702,0.011488835526942874,7868.5
2015-09-28,-0.009295122372462671,0.012477416434969659,0.013597239163165492,7795.7001953125
2015-09-29,0.006087314580231289,0.012460092635273944,0.03000645330863736,7843.2998046875
2015-09-30,0.01337390276102144,0.012842390402865408,0.010466881749003815,7948.89990234375
2015-10-01,0.0002515754959328041,0.011602991225079858,0.009759913797100526,7950.89990234375
2015-10-05,0.02095880198216427,0.012163820426370292,0.01524759618015668,8119.2998046875
2015-10-06,0.004129760698013392,0.011889775167800563,0.01035830150302995,8152.89990234375
2015-10-07,0.003000559533489925,0.01049165043649614,0.006848142523144755,8177.39990234375
2015-10-08,-0.00589325816039762,0.01005025095927404,0.011181693647313466,8129.35009765625
2015-10-09,0.007396309429230271,0.009598941534739105,0.011300815751683142,8189.7001953125
2015-10-12,-0.005644936325841478,0.00922394605023834,0.014281129143481812,8143.60009765625
2015-10-13,-0.0014623268695636497,0.009156940946286826,0.007581428343766036,8131.7001953125
2015-10-14,-0.002931144839264699,0.00921826964818216,0.005297266560830941,8107.89990234375
2015-10-15,0.008792141080753622,0.009138413909674363,0.007427104346231432,8179.5
2015-10-16,0.007144827515608405,0.009035459328061789,0.011986973240210311,8238.150390625
2015-10-19,0.00446908837067067,0.008924827300035073,0.005299014557007363,8275.0498046875
2015-10-20,-0.0016205672034621203,0.008754405715043262,0.007849473931817402,8261.650390625
2015-10-21,-0.0012051093404612868,0.008763874017149408,0.009361707062973883,8251.7001953125
2015-10-23,0.005287931868963474,0.006984450578136165,0.005707901109665608,8295.4501953125
2015-10-26,-0.004216047634858218,0.00715812309584557,0.010199078994983096,8260.5498046875
2015-10-27,-0.003352778179937369,0.0072788348216242926,0.00302449798291677,8232.900390625
2015-10-28,-0.007522568634822207,0.007140158549726358,0.00946003069804163,8171.2001953125
2015-10-29,-0.0073021729802976425,0.007394687405262728,0.010059493655037445,8111.75
2015-10-30,-0.005680751342262694,0.007027497923926152,0.012608817200421485,8065.7998046875
2015-11-02,-0.0018614353765358403,0.007050912894511191,0.008086165255077651,8050.7998046875
2015-11-03,0.0012289844981697455,0.005191101223274239,0.00851043904301796,8060.7001953125
2015-11-04,-0.0025464428174963505,0.005100918726779737,0.011044537550261656,8040.2001953125
2015-11-05,-0.010596729858654794,0.005474746147147587,0.010948481294945571,7955.4501953125
2015-11-06,-0.00014461454479229208,0.005375092036607696,0.009617439860001034,7954.2998046875
2015-11-09,-0.004927652224989373,0.005047645687291671,0.020978598214842017,7915.2001953125
2015-11-10,-0.016798136847989233,0.006026976124225143,0.014421810478986564,7783.35009765625
2015-11-13,-0.0027146086971354118,0.006024732623198594,0.005694250418693034,7762.25
2015-11-16,0.005697301642988936,0.006282457442323061,0.015973688129604376,7806.60009765625
2015-11-17,0.0039567183391247835,0.005932912399345733,0.008606030837872217,7837.5498046875
2015-11-18,-0.013584591382027576,0.006036172412961367,0.015306927319108647,7731.7998046875
2015-11-19,0.014247868942778304,0.007005827862143892,0.01140540078814829,7842.75
2015-11-20,0.0017580157603643014,0.007073197815815211,0.011347269837430379,7856.5498046875
2015-11-23,-0.0009295680963622142,0.007076148838792994,0.006663032097015639,7849.25
2015-11-24,-0.0022511419581774496,0.006836176863379963,0.0073676125686968925,7831.60009765625
2015-11-26,0.006643152490718722,0.007148343544358139,0.008257451897439505,7883.7998046875
2015-11-27,0.007443296061827621,0.00746785597499097,0.010053207021728506,7942.7001953125
2015-11-30,-0.000938432954834984,0.007346176525798834,0.005444087497243313,7935.25
2015-12-01,0.0024732192560477395,0.007262085641612078,0.004776930001193864,7954.89990234375
2015-12-02,-0.0029648056574549755,0.0071945638149722305,0.00863661282840636,7931.35009765625
2015-12-03,-0.008508828559286395,0.0073949664492659875,0.0075024002254097735,7864.14990234375
2015-12-04,-0.010513932743920033,0.007655810533314637,0.005872564232994847,7781.89990234375
2015-12-07,-0.0021225558652615325,0.007654105297878521,0.01021841742268812,7765.39990234375
2015-12-08,-0.008236846826399094,0.00752750911285276,0.011140371932384553,7701.7001953125
2015-12-09,-0.011649476035916928,0.007841795704535704,0.012604294950738917,7612.5
2015-12-10,0.009257483913935133,0.008214372286609503,0.0106660155656692,7683.2998046875
2015-12-11,-0.009526788440796045,0.007641999554997501,0.016786129167323766,7610.4501953125
2015-12-14,0.0051898297247641055,0.00775886980975595,0.014758124915189609,7650.0498046875
2015-12-15,0.006625034231155874,0.007801959059738554,0.010375398116710056,7700.89990234375
2015-12-16,0.006471760590641962,0.00790030354197444,0.007850713907149013,7750.89990234375
2015-12-17,0.011984586823973591,0.007748369001404609,0.01470486352855599,7844.35009765625
2015-12-18,-0.010559923429662535,0.007449118660103966,0.010667397059247227,7761.9501953125
2015-12-21,0.009297083993681328,0.007754824241643926,0.013695894671932373,7834.4501953125
2015-12-22,-0.006190595230165718,0.007871341018731387,0.008919703851759568,7786.10009765625
2015-12-23,0.010203237135106905,0.008203162124464114,0.005765368014060801,7865.9501953125
2015-12-24,-0.0006231818889286995,0.00806337567414653,0.006773904417734044,7861.0498046875
2015-12-28,0.008121074246974173,0.008098292887869531,0.009362623575177594,7925.14990234375
2015-12-29,0.0004794082310730862,0.008096870425534818,0.0049691196656832005,7928.9501953125
2015-12-30,-0.004132679706995248,0.008123658058156763,0.006952655037992718,7896.25
2015-12-31,0.006324752800432643,0.008232332264666175,0.008104337406773021,7946.35009765625
2016-01-04,-0.019705014523420224,0.009174879193786416,0.02008005223173735,7791.2998046875
2016-01-05,-0.0008538680302466864,0.008867149890738932,0.008728741326188864,7784.64990234375
2016-01-06,-0.005622955254962513,0.008945813533734994,0.010302286526288593,7741.0
2016-01-07,-0.022562432473354942,0.010122856461897266,0.01563760695406764,7568.2998046875
2016-01-08,0.004357430194614917,0.009855285565548452,0.006979061914949448,7601.35009765625
2016-01-11,-0.00494554321070581,0.009657273477798555,0.014642014129063349,7563.85009765625
2016-01-12,-0.007104947023205757,0.009556529123690836,0.013381622919670084,7510.2998046875
2016-01-13,0.00691320150571891,0.00961963505068599,0.021838357235487684,7562.39990234375
2016-01-14,-0.0033909243778356985,0.00948477880011199,0.021361851737108146,7536.7998046875
2016-01-15,-0.013222582904531205,0.009680143851075983,0.018715238238164508,7437.7998046875
2016-01-18,-0.01173872154132596,0.009314972723492302,0.017310569990477486,7351.0
2016-01-19,0.011375684463334866,0.009692451799239105,0.013261435133513735,7435.10009765625
2016-01-20,-0.017064559633827973,0.009844938556822738,0.031384661797103246,7309.2998046875
2016-01-21,-0.004456304927870771,0.00982732856778678,0.02043483389727332,7276.7998046875
2016-01-22,0.019818039378412727,0.01072140227939681,0.01425402689186325,7422.4501953125
2016-01-25,0.0018440109866640082,0.010763111163914346,0.008868797414971928,7436.14990234375
2016-01-27,0.00021515509354344282,0.010483282873907342,0.007824907671170717,7437.75
2016-01-28,-0.0017628513745914778,0.010454108589971943,0.007980174254586261,7424.64990234375
2016-01-29,0.018535098493895702,0.01153078333729144,0.022853038866634603,7563.5498046875
2016-02-01,-0.001005272663116682,0.011362422208180904,0.007834910736868825,7555.9501953125
2016-02-02,-0.013376662920665904,0.010938858319719065,0.01988451608314538,7455.5498046875
2016-02-03,-0.012654253761286621,0.011177922016339976,0.009386304910417653,7361.7998046875
2016-02-04,0.00571595318480905,0.011313536229761893,0.012304107154916262,7404.0
2016-02-05,0.011428248424226505,0.010630129191968036,0.012885393270441149,7489.10009765625
2016-02-08,-0.013693101923425259,0.010954997032170339,0.020217213357474027,7387.25
2016-02-09,-0.012127772043135017,0.011191520774951618,0.0066181101745841926,7298.2001953125
2016-02-10,-0.011368534484495037,0.011337788666123188,0.01304102098329692,7215.7001953125
2016-02-11,-0.03373336331978199,0.013153450540774263,0.03564897167571941,6976.35009765625
2016-02-12,0.0006591672782349067,0.013194969280451429,0.023750320522101652,6980.9501953125
2016-02-15,0.02573689591661371,0.01454245133567531,0.017590517393581147,7162.9501953125
2016-02-16,-0.01614257549907488,0.014731649592603936,0.023686689182598517,7048.25
2016-02-17,0.008504885651830765,0.014606864977499264,0.022937530472713963,7108.4501953125
2016-02-18,0.011650291007518507,0.014484405478006609,0.012131956756005145,7191.75
2016-02-19,0.002638432358562314,0.01447729730180752,0.011219346440210796,7210.75
2016-02-22,0.0032951654232690796,0.01371061414513881,0.007146223113669365,7234.5498046875
2016-02-23,-0.017429210300505937,0.01414962037395894,0.021239038215955953,7109.5498046875
2016-02-24,-0.0128608796700014,0.014330864879649501,0.011547694363926502,7018.7001953125
2016-02-25,-0.006876725240095017,0.014355117677218556,0.010443906112649885,6970.60009765625
2016-02-26,0.008449825021575584,0.01371599214717004,0.009644696424126036,7029.75
2016-02-29,-0.006092735574228962,0.013711351867025132,0.038471214673239655,6987.0498046875
2016-03-01,0.03311502695088197,0.01580396525634168,0.02774738071849138,7222.2998046875
2016-03-02,0.02008823459754814,0.016285960041441304,0.00979802742024351,7368.85009765625
2016-03-03,0.014382727390574045,0.016557750395278823,0.01042062036590525,7475.60009765625
2016-03-04,0.0013033933343828406,0.016359023528046867,0.00825610076766486,7485.35009765625
2016-03-08,-6.718875810813698e-06,0.016040334034149062,0.011355590586601577,7485.2998046875
2016-03-09,0.006192960002448895,0.015792877449028294,0.015228789703241322,7531.7998046875
2016-03-10,-0.006079397498643517,0.015607921807534744,0.01331795336896554,7486.14990234375
2016-03-11,0.0032074889464729544,0.013172396889215291,0.011098252441828788,7510.2001953125
2016-03-14,0.0037942631968658764,0.013153110948190218,0.009106336013928039,7538.75
2016-03-15,-0.010420532757604035,0.012451719304106655,0.012385115059849893,7460.60009765625
2016-03-16,0.005100486959710426,0.0117029932428395,0.013715632292882148,7498.75
2016-03-17,0.0018385894298917032,0.011635627413156532,0.014096399371312403,7512.5498046875
2016-03-18,0.012145535400108631,0.011656041863945718,0.012584927585329865,7604.35009765625
2016-03-21,0.013051659829120443,0.0118793817477817,0.012441134357659733,7704.25
2016-03-22,0.0013813866658977931,0.011887212377255691,0.010939920373997278,7714.89990234375
2016-03-23,0.000207382048564695,0.01088733259542935,0.00728957428886153,7716.5
2016-03-28,-0.013227762297457975,0.010917674043689879,0.02123408818762834,7615.10009765625
2016-03-29,-0.0023796985402065656,0.010724795264896432,0.009299710720514677,7597.0
2016-03-30,0.018027932915947852,0.011126075601052422,0.012733994920996434,7735.2001953125
2016-03-31,0.0004135698294723892,0.010883871884959083,0.00976947413034997,7738.39990234375
2016-04-01,-0.0032812610960895605,0.008797071581534732,0.009600586870643212,7713.0498046875
2016-04-04,0.005913983718554631,0.007897219128494058,0.007739636861421589,7758.7998046875
2016-04-05,-0.020258420894693874,0.008906313985325914,0.019419441623380985,7603.2001953125
2016-04-06,0.0014654006885952725,0.008906825310471583,0.006159409764752755,7614.35009765625
2016-04-07,-0.008957357794121351,0.009173249272651608,0.012575436117328033,7546.4501953125
2016-04-08,0.001158813871706803,0.009074662218336301,0.005645105522182117,7555.2001953125
2016-04-11,0.015263021567415073,0.009545584958937058,0.021110841449129964,7671.39990234375
2016-04-12,0.0048829015384887434,0.009571241420993838,0.007011305471964976,7708.9501953125
2016-04-13,0.018188863004861715,0.010282955035402075,0.011795452116910592,7850.4501953125
2016-04-18,0.008150934704248517,0.009932424370104411,0.009836139807589541,7914.7001953125
2016-04-20,6.292661701482301e-06,0.009939805917636114,0.00920434601929941,7914.75
2016-04-21,-0.00034121810751646184,0.0099616704863845,0.01192486144366182,7912.0498046875
2016-04-22,-0.0016127659027939515,0.00973968981175899,0.006329674937812798,7899.2998046875
2016-04-25,-0.005617511031739854,0.009506774119150024,0.010693757784944025,7855.0498046875
2016-04-26,0.013605234565983467,0.009918680095112698,0.019082867785983473,7962.64990234375
2016-04-27,0.002164021055994669,0.009914073010653097,0.006322158915512517,7979.89990234375
2016-04-28,-0.016762715869970777,0.010220575854847792,0.020077072182930325,7847.25
2016-04-29,0.0003248769344116223,0.010184348784042683,0.012783715747129797,7849.7998046875
2016-05-02,-0.005608183374211703,0.009532719751762156,0.006725681940174083,7805.89990234375
2016-05-03,-0.007574173857563739,0.00970039790633046,0.020020665761746482,7747.0
2016-05-04,-0.005235080380291306,0.009745504255852189,0.006715067223535378,7706.5498046875
2016-05-05,0.003749531907512104,0.0096877276492224,0.009139642819630277,7735.5
2016-05-06,-0.00026502182418547155,0.008456956577053684,0.007829597806707443,7733.4501953125
2016-05-09,0.017000904277695215,0.009197566995791962,0.01526815881392977,7866.0498046875
2016-05-10,0.0027612316174809364,0.00885474286498469,0.007505224333415417,7887.7998046875
2016-05-11,-0.004950200558543867,0.008997206700445144,0.014295112521769803,7848.85009765625
2016-05-12,0.006546342052207653,0.008514316434290025,0.008404625482825452,7900.39990234375
2016-05-13,-0.010881223351540733,0.008902631270513016,0.012386570000527963,7814.89990234375
2016-05-16,0.005849866346159204,0.00800820824145043,0.012944057500874599,7860.75
2016-05-17,0.0038091656381104887,0.007834455986298791,0.007654519829388842,7890.75
2016-05-18,-0.002614077814670393,0.007853565134019438,0.009059523080528206,7870.14990234375
2016-05-19,-0.011083861385826453,0.00821675403301703,0.014055604491304266,7783.39990234375
2016-05-20,-0.004339090032687426,0.008253138153846202,0.009890692596097152,7749.7001953125
2016-05-23,-0.0024094956185153732,0.008188695299367658,0.012727883641894021,7731.0498046875
2016-05-24,0.0022997953380331686,0.00750384718382015,0.005904101824583978,7748.85009765625
2016-05-25,0.023726281336622208,0.00935707010059245,0.01662281720605452,7934.89990234375
2016-05-26,0.01683935953427849,0.009258462060886293,0.01666738974152222,8069.64990234375
2016-05-27,0.010723434761836886,0.009484287528453119,0.010684581497111701,8156.64990234375
2016-05-30,0.002675226223002301,0.009317763757275464,0.006015796944733142,8178.5
2016-05-31,-0.0022523239460265896,0.009093280480966033,0.009717994110179672,8160.10009765625
2016-06-01,0.0024296262330994575,0.008905374315674423,0.00541565701865592,8179.9501953125
2016-06-02,0.004756425442880727,0.008912792110435094,0.009094835498897662,8218.9501953125
2016-06-03,0.00022501672869773692,0.008903923027693399,0.006343712517517316,8220.7998046875
2016-06-06,-0.0024053331374929024,0.008344043002453668,0.005932214994864772,8201.0498046875
2016-06-07,0.007943007071457264,0.008445962105737725,0.009502241328695328,8266.4501953125
2016-06-08,0.0007980422292402209,0.008280856764163312,0.004454292770801465,8273.0498046875
2016-06-09,-0.008430185637149968,0.008579990580727052,0.010818362175712215,8203.599609375
2016-06-10,-0.004098029802836798,0.008173305381447915,0.012576362956783728,8170.0498046875
2016-06-13,-0.007303144729646939,0.00839227755031256,0.0075641872262915,8110.60009765625
2016-06-14,-0.00021579029938960387,0.008383872231618978,0.008071452120124587,8108.85009765625
2016-06-15,0.011982591110193301,0.008650510364404142,0.010972911711920118,8206.599609375
2016-06-16,-0.008056347617289792,0.008431507579276371,0.013045445079538125,8140.75
2016-06-17,0.0036110989197415846,0.00829102394790971,0.007276467392636038,8170.2001953125
2016-06-20,0.008324876233428225,0.008294251090751756,0.016605000056897492,8238.5
2016-06-21,-0.0022601974495153427,0.008381893727665296,0.006703196724602949,8219.900390625
2016-06-22,-0.001972795244488282,0.006861255304965708,0.010373320251710921,8203.7001953125
2016-06-23,0.00810364889252149,0.006077792879122848,0.011764753113760032,8270.4501953125
2016-06-24,-0.02223326969761141,0.007636045220434766,0.021468534545961405,8088.60009765625
2016-06-27,0.0007538756415223447,0.007607101180275719,0.010043584410276158,8094.7001953125
2016-06-28,0.004086897298664459,0.007662764224109105,0.007320509025770227,8127.85009765625
2016-06-29,0.009325392253691965,0.007937433457904298,0.006673633383867625,8204.0
2016-06-30,0.010156680759383653,0.00819031904804902,0.007969687943048476,8287.75
2016-07-01,0.004886789454209853,0.00825068609297216,0.005775407089161526,8328.349609375
2016-07-04,0.005072225932684971,0.0082743407007743,0.004031920772756816,8370.7001953125
2016-07-05,-0.00416002601386157,0.00818374915244145,0.007377683234549901,8335.9501953125
2016-07-07,0.0002339226096985007,0.008183344735496156,0.005307091465107209,8337.900390625
2016-07-08,-0.0017646132140196943,0.007937238040779726,0.00789960573542727,8323.2001953125
2016-07-11,0.01723577043083921,0.008656115894503734,0.008053967591305862,8467.900390625
2016-07-12,0.006256959594241648,0.008434586830347597,0.0055626261022937796,8521.0498046875
2016-07-13,-0.0001818960901539572,0.008434022516563684,0.006655343073243735,8519.5
2016-07-14,0.005326478102926448,0.008165968921433108,0.008254547030064214,8565.0
2016-07-15,-0.0027591572520208334,0.007899500420601622,0.00992226053388402,8541.400390625
2016-07-18,-0.0038357821106622886,0.008014188786969422,0.010900607363166538,8508.7001953125
2016-07-19,0.0023301434628515147,0.007877290694096586,0.007427946230692292,8528.5498046875
2016-07-20,0.004363986470652139,0.007839857643466687,0.0066952594958860755,8565.849609375
2016-07-21,-0.00652967485068765,0.008027244090519914,0.00961208545636607,8510.099609375
2016-07-22,0.0036478885225085054,0.007904962199667421,0.006925301980096703,8541.2001953125
2016-07-25,0.010997493024321226,0.005856384793644646,0.014353313266023635,8635.650390625
2016-07-26,-0.005224581055714631,0.006137518191596317,0.007886480873897017,8590.650390625
2016-07-27,0.0029232563005614403,0.006131918372399852,0.010788342048283162,8615.7998046875
2016-07-28,0.005844213941164874,0.0059881009567037125,0.005706033304519764,8666.2998046875
2016-07-29,-0.0032129615963578163,0.005861604699110902,0.004537734415697169,8638.5
2016-08-01,-0.00022578173062699604,0.005843867503790439,0.013987044296547185,8636.5498046875
2016-08-02,-0.0015816745902789463,0.005838187863990812,0.00879052305531804,8622.900390625
2016-08-03,-0.009092783738205783,0.006183181722919073,0.012387647621248454,8544.849609375
2016-08-04,0.0007311673892417124,0.006179932594977384,0.009735590018005268,8551.099609375
2016-08-05,0.015324527088340225,0.00688100999849969,0.011430183232477232,8683.150390625
2016-08-08,0.003242317221417232,0.005905004949758701,0.0029731777263452335,8711.349609375
2016-08-09,-0.0038068328301676924,0.005899669816112682,0.010387971545242417,8678.25
2016-08-10,-0.0119339403558223,0.006562571050292992,0.014635056832811626,8575.2998046875
2016-08-11,0.001963086091088332,0.0064701414546646015,0.007111210018410245,8592.150390625
2016-08-16,0.0058486143833095606,0.006551642026093612,0.0094763022387305,8642.5498046875
2016-08-17,-0.0021428662849281455,0.006502220628914417,0.0073631300187396095,8624.0498046875
2016-08-18,0.005688787100174632,0.0065900430502207185,0.005263354639264405,8673.25
2016-08-19,-0.0007323592374647016,0.006545035203217471,0.005711384436071773,8666.900390625
2016-08-22,-0.004365165253066113,0.0064381979959786065,0.008210496534163248,8629.150390625
2016-08-23,0.0003996372089627608,0.006400637878368164,0.0071994988111697775,8632.599609375
2016-08-24,0.0020482907499330422,0.00592571132194945,0.004641389890410907,8650.2998046875
2016-08-25,-0.006739142150229588,0.006006263591813098,0.011568563557996198,8592.2001953125
2016-08-26,-0.0022896225356679534,0.005986217143045176,0.008795561687348939,8572.5498046875
2016-08-29,0.00406291485846204,0.005903426615998106,0.00909096169300101,8607.4501953125
2016-08-30,0.015779602831678955,0.00686615064795771,0.012390813978759052,8744.349609375
2016-08-31,0.0047745981624819625,0.0069249443820175085,0.007415081511545594,8786.2001953125
2016-09-01,-0.0013154039773133465,0.006920259566382145,0.006074293825363858,8774.650390625
2016-09-02,0.00398082888319566,0.006536233813767878,0.006345247720838809,8809.650390625
2016-09-06,0.015023347446829987,0.007193049929822218,0.011450230802023929,8943.0
2016-09-07,-0.0028049819116828943,0.00657304206318475,0.00620664891878334,8917.9501953125
2016-09-08,0.0038667014380895045,0.006584055939613417,0.007187892697570511,8952.5
2016-09-09,-0.009630114351834806,0.006943754343116621,0.009073295988402888,8866.7001953125
2016-09-12,-0.01718822993969123,0.007535957290405984,0.0054557123799437385,8715.599609375
2016-09-14,0.0012613090035687876,0.007531945449454442,0.005838381618341372,8726.599609375
2016-09-15,0.0018260991839711186,0.007442547727213613,0.005444702861398394,8742.5498046875
2016-09-16,0.0042573919410826295,0.007457109488932644,0.01106515429618113,8779.849609375
2016-09-19,0.003246577269225301,0.007394213792359706,0.005687708000685602,8808.400390625
2016-09-20,-0.0036964832905136196,0.007455429329031221,0.006512196820972563,8775.900390625
2016-09-21,0.00014242538436080372,0.007364213413732995,0.007923961831824956,8777.150390625
2016-09-22,0.01023549301709891,0.007655211305582831,0.006264461988956495,8867.4501953125
2016-09-23,-0.004056776073300545,0.007746742150530811,0.0073486978005324706,8831.5498046875
2016-09-26,-0.01236159001721051,0.008136013341039264,0.010827657462387221,8723.0498046875
2016-09-27,-0.0019104927510736648,0.008128983081299744,0.008958926364561632,8706.400390625
2016-09-28,0.004440873383603119,0.008137464722426815,0.007306839929362635,8745.150390625
2016-09-29,-0.01775506219605918,0.008339473181782738,0.028214798850574714,8591.25
2016-09-30,0.002313677050935853,0.008269462236366593,0.00951675346440582,8611.150390625
2016-10-03,0.014634809521912494,0.008976934973626276,0.012611460184576926,8738.099609375
2016-10-04,0.0035471948830647004,0.00896680149668431,0.005422507213564955,8769.150390625
2016-10-05,-0.002877869921600413,0.008226967727206033,0.00864023730693264,8743.9501953125
2016-10-06,-0.00394195263650275,0.008243096571781806,0.011079791971344314,8709.5498046875
2016-10-07,-0.0013730217286708416,0.008156996980465401,0.006887002542682506,8697.599609375
2016-10-10,0.0012869056479532695,0.00794284840557543,0.004805439361744715,8708.7998046875
2016-10-13,-0.015675477121613476,0.007785198885624954,0.01635302439541138,8573.349609375
2016-10-14,0.001171641761961016,0.007783961236016377,0.0063669860588922884,8583.400390625
2016-10-17,-0.007366816969274471,0.007889735508643922,0.012822167385491393,8520.400390625
2016-10-18,0.018316274989203487,0.00896300603260544,0.014888303959973757,8677.900390625
2016-10-19,-0.0021688629658940845,0.008922904776171296,0.007165849509378569,8659.099609375
2016-10-20,0.004643356702434108,0.008977816337693996,0.0055981094242980554,8699.400390625
2016-10-21,-0.0007302693005771827,0.008976968772105368,0.006562691571919602,8693.0498046875
2016-10-24,0.001827421566475664,0.008639193145324835,0.006062706009723071,8708.9501953125
2016-10-25,-0.0020287520787162444,0.008612072359185341,0.006811431735512266,8691.2998046875
2016-10-26,-0.008788614143283245,0.008393920617057881,0.007045668473056499,8615.25
2016-10-27,0.0,0.008389352230738549,0.008659018528191289,8615.25
2016-10-28,0.0026371858270232084,0.008342711333817426,0.008335262792313036,8638.0
2016-11-01,-0.001361194585834806,0.007311847728219769,0.006387434792059122,8626.25
2016-11-02,-0.013098012546713908,0.00786863822215446,0.00524434938043223,8514.0
2016-11-03,-0.003417838470350909,0.00702297101912087,0.007248127400202726,8484.9501953125
2016-11-04,-0.006052515976111644,0.006989996797814426,0.012301763746850452,8433.75
2016-11-07,0.007477508488472915,0.007294535393588236,0.006402153137020558,8497.0498046875
2016-11-08,0.005457567982692605,0.007425937021495873,0.009281947558436527,8543.5498046875
2016-11-09,-0.013142597631657107,0.007910732255994124,0.05620851462434772,8432.0
2016-11-10,0.01105700404045472,0.00838275980084575,0.010292349646658651,8525.75
2016-11-11,-0.027281387102400093,0.009739520127983865,0.021172018634531043,8296.2998046875
2016-11-15,-0.02290285685988103,0.01080305450739652,0.024092102025604318,8108.4501953125
2016-11-16,0.00038839613027746525,0.010771386923541017,0.014873748815429196,8111.60009765625
2016-11-17,-0.003909439439923456,0.009597838602843549,0.011256281674268712,8079.9501953125
2016-11-18,-0.0007242886837538094,0.009614356803362464,0.009988777653179107,8074.10009765625
2016-11-21,-0.01812187142597807,0.009941853908085208,0.023464238145227138,7929.10009765625
2016-11-22,0.009189427494782599,0.010384530537743408,0.010109581535093367,8002.2998046875
2016-11-23,0.0038664021768522933,0.010455958891069438,0.010219971823825606,8033.2998046875
2016-11-24,-0.008475662098624583,0.010490082393290447,0.00907667980274308,7965.5
2016-11-25,0.018508197132649923,0.011600563444707826,0.01793130689057693,8114.2998046875
2016-11-28,0.0015516218520139676,0.01162680810700416,0.009843852017536044,8126.89990234375
2016-11-29,0.001874725893588773,0.011608871751592954,0.008431362095499986,8142.14990234375
2016-11-30,0.010063243621010479,0.011967015927653289,0.011550854155267798,8224.5
2016-12-01,-0.0038495313077255163,0.01170711069647125,0.008025240984894266,8192.900390625
2016-12-02,-0.013034894616329137,0.01196640722771232,0.01103650419888797,8086.7998046875
2016-12-05,0.005174081595203409,0.012049231418457483,0.010462839266492389,8128.75
2016-12-06,0.0017699108511295017,0.011883342230870836,0.005876116518802859,8143.14990234375
2016-12-07,-0.005059979081726745,0.011762129982106365,0.013940940630499684,8102.0498046875
2016-12-08,0.017714169916451,0.012324105025012187,0.012671505477825694,8246.849609375
2016-12-09,0.0018051676124941,0.012013079700755177,0.0039943111326292855,8261.75
2016-12-12,-0.011069630108506541,0.010657546246400109,0.009325916328140211,8170.7998046875
2016-12-13,0.006222340051564259,0.009387114177015368,0.008884892167509609,8221.7998046875
2016-12-14,-0.004797498800311476,0.009467284574502285,0.00785831767183696,8182.4501953125
2016-12-15,-0.0035320811496494836,0.009458542945172232,0.012748993581667128,8153.60009765625
2016-12-16,-0.0017369253327930302,0.009467886313139877,0.006296494083779125,8139.4501953125
2016-12-19,-0.004321667547371758,0.008500167857587572,0.004645641154450895,8104.35009765625
2016-12-20,-0.0027121205636996375,0.008318180369010263,0.007590579332564277,8082.39990234375
2016-12-21,-0.0026140364419853872,0.008306272574480003,0.00735610957590465,8061.2998046875
2016-12-22,-0.010249174221346512,0.008412264404731461,0.010214184432144108,7979.10009765625
2016-12-23,0.0008330679821808747,0.007218736666029638,0.010086753651034655,7985.75
2016-12-26,-0.009752185003088458,0.0074634213799247276,0.009641829734770652,7908.25
2016-12-27,0.015632877835896817,0.008358043969435944,0.017546662183124142,8032.85009765625
2016-12-28,0.00024894664276991384,0.007973621881635565,0.008979620212802226,8034.85009765625
2016-12-29,0.008520076594398652,0.008230156308845153,0.011143231635389677,8103.60009765625
2016-12-30,0.010092502517199517,0.008005021069906434,0.010047888045454095,8185.7998046875
2017-01-02,-0.0007698979027411989,0.007936638898891143,0.009560510460602726,8179.5
2017-01-03,0.0015575613575361691,0.007934726556480805,0.008605634803472794,8192.25
2017-01-04,-0.00021363934707617968,0.007835789497484003,0.004590696252518161,8190.5
2017-01-05,0.01011892597298775,0.007110243202116637,0.007124924061989259,8273.7998046875
2017-01-06,-0.0036324930615801707,0.007148012878874261,0.008927874416983124,8243.7998046875
2017-01-09,-0.0009405426329750955,0.0066736275583712855,0.004279964404772986,8236.0498046875
2017-01-10,0.006360193250249055,0.006680028105493957,0.003957219100124112,8288.599609375
2017-01-11,0.011044494137506545,0.0069639295722471704,0.00796477563062048,8380.650390625
2017-01-12,0.0031629810720875113,0.00688512417086763,0.0041512500968466275,8407.2001953125
2017-01-13,-0.0008151796539613075,0.006865151049897489,0.010463780455566047,8400.349609375
2017-01-16,0.0014810071904502009,0.006723880694437953,0.006216694311251677,8412.7998046875
2017-01-17,-0.001760750075312027,0.006693070095938507,0.00745422552244582,8398.0
2017-01-18,0.002259887967437504,0.00660766409135348,0.007472901753890935,8417.0
2017-01-19,0.0021480547533008396,0.005929044027739231,0.004872566755681188,8435.099609375
2017-01-20,-0.010217880246458876,0.006597205261859272,0.009904986517709206,8349.349609375
2017-01-23,0.005035644029815811,0.0059842561429060675,0.009170016720788893,8391.5
2017-01-24,0.009995732282151228,0.005466594754621565,0.009768966539500847,8475.7998046875
2017-01-25,0.014866898538362306,0.006068057903362773,0.013792033252448346,8602.75
2017-01-27,0.004465328690727306,0.005955192062304889,0.0076146164834370025,8641.25
2017-01-30,-0.0009841380903137704,0.005794517834961588,0.005195286481712085,8632.75
2017-01-31,-0.008311085218864388,0.006256284517192569,0.009268406805652845,8561.2998046875
2017-02-01,0.017954328487415367,0.007164849672833982,0.02121292991816567,8716.400390625
2017-02-02,0.002045724967320079,0.007127553596578054,0.008220488844205284,8734.25
2017-02-03,0.0007668233343177947,0.006955396553362955,0.004633363546873759,8740.9501953125
2017-02-06,0.006852108598963618,0.006843539481661563,0.00498797473445939,8801.0498046875
2017-02-07,-0.003728087682222944,0.006961190712080779,0.007783721077091115,8768.2998046875
2017-02-08,8.553173850807276e-05,0.006949385715384106,0.00869535487861416,8769.0498046875
2017-02-09,0.0010657487804178315,0.00668064422023115,0.011084112927215482,8778.400390625
2017-02-10,0.0017242727924366554,0.006678817301461231,0.005788266990353259,8793.5498046875
2017-02-13,0.0013069223565665177,0.006644384944376202,0.008256647824274311,8805.0498046875
2017-02-14,-0.0014490821077153884,0.0066967118309797825,0.0054536579026725155,8792.2998046875
2017-02-15,-0.007718210304816345,0.007007719416134483,0.010894446699849666,8724.7001953125
2017-02-16,0.006090485336691579,0.007069908242890826,0.0073308938183527,8778.0
2017-02-17,0.004966026084143879,0.007098941995698412,0.010451522186334501,8821.7001953125
2017-02-20,0.006496867502078924,0.0065149047301911525,0.00861003171804365,8879.2001953125
2017-02-21,0.0032213817527225,0.006498799344083204,0.006718749417593638,8907.849609375
2017-02-22,0.0021363673161383717,0.00628676749887902,0.0062171635810214605,8926.900390625
2017-02-23,0.0014104252886116898,0.005584912677468782,0.0061077896904189275,8939.5
2017-02-27,-0.00479921579345047,0.005744604892546979,0.0070980714957408824,8896.7001953125
2017-02-28,-0.0019239764630964217,0.005769412377132341,0.005309968095320317,8879.599609375
2017-03-01,0.007427659614302356,0.005437559654564338,0.006953005507669397,8945.7998046875
2017-03-02,-0.005160940111567701,0.004235724551712549,0.01266329900418551,8899.75
2017-03-03,-0.0002472504647169898,0.004238125150779223,0.00528235312324287,8897.5498046875
2017-03-06,0.00737928331770254,0.0044762715764357025,0.006002131268117604,8963.4501953125
2017-03-07,-0.0018480720763560477,0.004324054558504644,0.005035241560832106,8946.900390625
2017-03-08,-0.0025292759007722594,0.004265577437014612,0.007294646168297298,8924.2998046875
2017-03-09,0.0003025208654424808,0.0042637212331272985,0.0051864909474067435,8927.0
2017-03-10,0.0008453695473995277,0.004263534960425702,0.008030622870595725,8934.5498046875
2017-03-14,0.016919058968585234,0.005574016146251866,0.006850445691647409,9087.0
2017-03-15,-0.00024215491551740303,0.005589647994596714,0.0034177753340782677,9084.7998046875
2017-03-16,0.0075555246752815495,0.005695830177908685,0.0032664813121486796,9153.7001953125
2017-03-17,0.000693425391241901,0.005230959404205577,0.00772930090552225,9160.0498046875
2017-03-20,-0.0036310400180971465,0.00532421650198615,0.005620757093970892,9126.849609375
2017-03-21,-0.0005863115999817308,0.005303314907912591,0.006638141170585978,9121.5
2017-03-22,-0.010032042543653485,0.005778313412009235,0.005935538625230759,9030.4501953125
2017-03-23,0.006165541424006181,0.005878683642848988,0.00555233663833912,9086.2998046875
2017-03-24,0.0023853850750034113,0.005881498547352884,0.004847322580423803,9108.0
2017-03-27,-0.006918896341847197,0.006140418138535379,0.007760935881372685,9045.2001953125
2017-03-28,0.006128048426003716,0.006121986517766261,0.003362406227388797,9100.7998046875
2017-03-29,0.004713732341589461,0.006127396337650891,0.004817557491516568,9143.7998046875
2017-03-30,0.0032701122498964663,0.005983326511716938,0.005101597629104782,9173.75
2017-03-31,0.0,0.005800411472860349,0.004316728266793841,9173.75
2017-04-03,0.006962987433382358,0.005908111293690262,0.005731768862773504,9237.849609375
2017-04-05,0.0029509594186491106,0.00577245981372663,0.006313982777785624,9265.150390625
2017-04-06,-0.00034546099962948787,0.00573411425648434,0.005301322605076191,9261.9501953125
2017-04-07,-0.006895967591191596,0.005982593230644703,0.0067839048465457115,9198.2998046875
2017-04-10,-0.001833497636833679,0.006024242990416803,0.005532980103288677,9181.4501953125
2017-04-11,0.006031992108960761,0.006109900980610619,0.0075620424312547365,9237.0
2017-04-12,-0.0036387226287440087,0.005044962370986862,0.009192268566910782,9203.4501953125
2017-04-13,-0.005737149166000338,0.0052411573066467685,0.006305481110289732,9150.7998046875
2017-04-17,-0.0012575110864404995,0.0049678767629357835,0.004349348511317293,9139.2998046875
2017-04-18,-0.003743544319295666,0.005030258850160156,0.013448453903471958,9105.150390625
2017-04-19,-0.00018127544810997014,0.004968817129935009,0.004981557574009996,9103.5
2017-04-20,0.00360752258526342,0.005036493541718217,0.004514907210319641,9136.400390625
2017-04-21,-0.0018624222643066866,0.0044728139309004105,0.010406428773821606,9119.400390625
2017-04-24,0.010748636018943606,0.004877941698750163,0.01028976984337942,9217.9501953125
2017-04-25,0.009571092601938416,0.005257022533571258,0.0063235325905948376,9306.599609375
2017-04-26,0.00485035901773151,0.004965308533859601,0.00702004345313542,9351.849609375
2017-04-27,-0.001037682638315093,0.004884337911606244,0.004763357272074797,9342.150390625
2017-04-28,-0.004086692040742791,0.004957302732362521,0.00649183870389102,9304.0498046875
2017-05-02,0.0010473820656935206,0.004925445309672552,0.008873866283973996,9313.7998046875
2017-05-03,-0.00019860777483643832,0.004927252901846088,0.005143864932461931,9311.9501953125
2017-05-04,0.005136105872378302,0.004821769399495325,0.004530004471785703,9359.900390625
2017-05-05,-0.008002164979810267,0.005157744406658056,0.011318924707411445,9285.2998046875
2017-05-08,0.0030915084131222883,0.005198911923466987,0.004375110811571103,9314.0498046875
2017-05-09,0.0003005549701442118,0.004917502022133471,0.0033541380735130633,9316.849609375
2017-05-10,0.009661416055306064,0.00527211651512159,0.008371158742146199,9407.2998046875
2017-05-11,0.0016039118008357616,0.005150763030649997,0.004176280385691594,9422.400390625
2017-05-12,-0.0022844037397764944,0.005095260572061,0.006935526662692923,9400.900390625
2017-05-15,0.004722420937348687,0.004893527450203713,0.0027685846595720265,9445.400390625
2017-05-16,0.007052549770711115,0.00499135101062792,0.00639707597440143,9512.25
2017-05-17,0.0014182164368899746,0.004808861424716026,0.00488150539327612,9525.75
2017-05-18,-0.01016086690923151,0.0055377880109040885,0.007529601252392743,9429.4501953125
2017-05-19,-0.00016437141409942322,0.005535746745987346,0.012197837825519958,9427.900390625
2017-05-22,0.0010971618691591547,0.005478414054322277,0.0074960930257198105,9438.25
2017-05-23,-0.005535341505865151,0.005271862737913356,0.008315422344548951,9386.150390625
2017-05-24,-0.002731211528938736,0.004912873892483882,0.009641527675522366,9360.5498046875
2017-05-25,0.01581355951256376,0.005950614135738077,0.015152828347222588,9509.75
2017-05-26,0.008934922695320598,0.006197929202775945,0.011412075377832637,9595.099609375
2017-05-29,0.001020914802213731,0.006066575927620137,0.009375402245232485,9604.900390625
2017-05-30,0.0020436799494468433,0.0060659660143146015,0.005621001550498658,9624.5498046875
2017-05-31,-0.0003429116745806887,0.006068354658606936,0.00419380115629466,9621.25
2017-06-01,-0.0005354574151470177,0.006028461613331122,0.004653653957200276,9616.099609375
2017-06-02,0.003881807442491232,0.005630674447365877,0.0037343766185839334,9653.5
2017-06-05,0.00223499051174814,0.005624744715047496,0.004806152068444063,9675.099609375
2017-06-06,-0.003930072114359614,0.005765903680220237,0.00820777991095251,9637.150390625
2017-06-07,0.002771871586730097,0.005462414983183029,0.004966938612753609,9663.900390625
2017-06-08,-0.0017244332330555142,0.005504667145181187,0.004892606215501827,9647.25
2017-06-09,0.0021744203643893584,0.005446998877179942,0.007043633478137201,9668.25
2017-06-12,-0.005377306123000276,0.0055892828798069375,0.005048646345344674,9616.400390625
2017-06-13,-0.0009883839285963953,0.005409515665883103,0.006115395976972119,9606.900390625
2017-06-14,0.001170348147540874,0.005407572950698677,0.004881416218887914,9618.150390625
2017-06-15,-0.00417797729350316,0.00493239620008714,0.006327027648973182,9578.0498046875
2017-06-16,0.0010435092284018055,0.004927593574998863,0.005251287842746143,9588.0498046875
2017-06-19,0.0072224616043765726,0.005130451412326424,0.006047021785396808,9657.5498046875
2017-06-20,-0.00041942875067181194,0.00490212332545266,0.0033925519241725798,9653.5
2017-06-21,-0.0020635967138743832,0.004874677111447315,0.004344231402016421,9633.599609375
2017-06-22,-0.00037372136982585634,0.0035168752497010147,0.008421558605919003,9630.0
2017-06-23,-0.005732892290795095,0.0032094173471908243,0.008600628124187574,9574.9501953125
2017-06-27,-0.006659213268124637,0.0035127285192763902,0.014924216149329022,9511.400390625
2017-06-28,-0.002120798705808072,0.0034779468116220417,0.005073134795206111,9491.25
2017-06-29,0.001352921804466218,0.0035075882043938797,0.008627855701250632,9504.099609375
2017-06-30,0.0017661798283679123,0.003547778025608869,0.009143022310496582,9520.900390625
2017-07-03,0.00983495586260243,0.0041355757717468425,0.008367154998699947,9615.0
2017-07-04,-0.00017684302140083614,0.004095814215633473,0.005736884498089652,9613.2998046875
2017-07-05,0.0025245384198064923,0.004050464746765119,0.003766579098667714,9637.599609375
2017-07-06,0.00382663157881288,0.004095044009677183,0.006279361957552329,9674.5498046875
2017-07-07,-0.000904844097829429,0.00408037371009891,0.004303793810712484,9665.7998046875
2017-07-10,0.010830050223587575,0.004721132319583667,0.013887985224207953,9771.0498046875
2017-07-11,0.0015339700917757582,0.00451449303025,0.005231957361179094,9786.0498046875
2017-07-12,0.003065972775967725,0.0045174718693557865,0.0037947862676967824,9816.099609375
2017-07-13,0.0076721863955028615,0.004752374023684243,0.004427934917422583,9891.7001953125
2017-07-14,-0.0005410630593885717,0.004594577073108117,0.006862958731568602,9886.349609375
2017-07-17,0.0029896131536668747,0.0046031264725814435,0.0033783953469064647,9915.9501953125
2017-07-18,-0.008995588419495522,0.004988031267017415,0.009494085363393547,9827.150390625
2017-07-19,0.007345309743460549,0.005180805170974172,0.005394098364536918,9899.599609375
2017-07-20,-0.002660188538483533,0.005202612320640265,0.005985801155044594,9873.2998046875
2017-07-21,0.004239851688892752,0.0052300240809843935,0.008744125999092307,9915.25
2017-07-24,0.005145498736317388,0.005003410310972154,0.006266073292745136,9966.400390625
2017-07-25,-0.00018569972075426088,0.004607222084477156,0.006242148068068256,9964.5498046875
2017-07-26,0.005614227803035337,0.004538332521722409,0.005987635299215117,10020.650390625
2017-07-27,-1.0037915545995924e-05,0.004569967345221146,0.010912535889382785,10020.5498046875
2017-07-28,-0.0006039221195206731,0.004624381718139936,0.008143172868091268,10014.5
2017-07-31,0.006231441314613235,0.0043888751982340025,0.006842265928219441,10077.099609375
2017-08-01,0.003719422490879323,0.004357308257141288,0.006213720390499471,10114.650390625
2017-08-02,-0.0032828454686495033,0.004547858241596371,0.008297318262411348,10081.5
2017-08-03,-0.006752859858295522,0.0049522904749897114,0.008278738261384996,10013.650390625
2017-08-04,0.005253982862758577,0.004971762420502895,0.008632717481209244,10066.400390625
2017-08-07,-0.0008944632972548343,0.004553190496955797,0.00415117210993382,10057.400390625
2017-08-08,-0.007870951189924851,0.005006529666207563,0.013709387372425325,9978.5498046875
2017-08-09,-0.007090231284273741,0.005290206365278819,0.0077462267058538165,9908.0498046875
2017-08-10,-0.008900958038211523,0.005398941482387759,0.01185817013950765,9820.25
2017-08-11,-0.01120793220489222,0.005919307384676347,0.008866477290154657,9710.7998046875
2017-08-14,0.008546660459731773,0.0062333802915398445,0.006759156503852248,9794.150390625
2017-08-16,0.010476664391422662,0.006375088564208151,0.01314505860233541,9897.2998046875
2017-08-17,0.0006919277268328227,0.00616115878770633,0.0064669660860691095,9904.150390625
2017-08-18,-0.006762412448120804,0.006321385652434573,0.008366011488759912,9837.400390625
2017-08-21,-0.008478188903126932,0.006490566483817921,0.014788274541785947,9754.349609375
2017-08-22,0.0011475670344457027,0.006357433715552838,0.007767159807130515,9765.5498046875
2017-08-23,0.008864363739937172,0.006730895979179403,0.007221557028672926,9852.5
2017-08-24,0.0004616853061997081,0.00657880825048776,0.003312389738507071,9857.0498046875
2017-08-28,0.005639916223863896,0.0067350088344046224,0.004413485681342196,9912.7998046875
2017-08-29,-0.011847608353940924,0.007194189595348167,0.010575651557572383,9796.0498046875
2017-08-30,0.0089785730092648,0.0073657680483724735,0.005933631612154016,9884.400390625
2017-08-31,0.0033834484516002566,0.007354896426875734,0.006871354962076344,9917.900390625
2017-09-01,0.005680605029627355,0.0074793683011211524,0.007378948413448255,9974.400390625
2017-09-04,-0.006189993868598528,0.007455758188656432,0.012852045137909898,9912.849609375
2017-09-05,0.003961795997934277,0.007408668206804776,0.006234782607842389,9952.2001953125
2017-09-06,-0.0036238487939692175,0.007440021803971802,0.004941408910155208,9916.2001953125
2017-09-07,0.001380643762176384,0.007256503516843197,0.00479857925941399,9929.900390625
2017-09-08,0.0004932784400140928,0.007075840256766891,0.005062991270721654,9934.7998046875
2017-09-11,0.007146165244692658,0.006905075564251298,0.005981439939411655,10006.0498046875
2017-09-12,0.008657158285843384,0.006481898281357107,0.006885926587593199,10093.0498046875
2017-09-13,-0.0013632524119145414,0.006326420886694066,0.006825851598888231,10079.2998046875
2017-09-14,0.0007239751479918529,0.005957944995136704,0.005566830527585428,10086.599609375
2017-09-15,-0.0001188993408102696,0.005962530990398561,0.007089455770785625,10085.400390625
2017-09-18,0.006690166885736892,0.0058086461977772015,0.003979118907461103,10153.099609375
2017-09-19,-0.0005467613092135457,0.00533749147053897,0.004828751860608284,10147.5498046875
2017-09-20,-0.000630835313560427,0.005366751739937335,0.0036336715220263048,10141.150390625
2017-09-21,-0.001900010615274047,0.00516620260403659,0.009909283571185855,10121.900390625
2017-09-22,-0.01568265154818977,0.006420997840411326,0.014275821366415167,9964.400390625
2017-09-25,-0.009255576609087487,0.006658010239813012,0.01463142445028667,9872.599609375
2017-09-26,-0.00011138612526191736,0.006068823298267915,0.007936950754697868,9871.5
2017-09-27,-0.013847140123069935,0.006498472732647406,0.021225834071591815,9735.75
2017-09-28,0.0034043309606841105,0.0064991747527046555,0.010405456941911279,9768.9501953125
2017-09-29,0.0020093949262780385,0.006358108458632768,0.00803489710108,9788.599609375
2017-10-03,0.00721705404356513,0.006481055750747145,0.006526759565647345,9859.5
2017-10-04,0.005603258200374948,0.006547515972047943,0.008840170915421056,9914.900390625
2017-10-05,-0.0026460047490028745,0.0065241162700236085,0.006482205413395518,9888.7001953125
2017-10-06,0.009160338481321154,0.0068435821005745625,0.008291832257532944,9979.7001953125
2017-10-09,0.0009064103842389305,0.006844977998332197,0.005636321330246528,9988.75
2017-10-10,0.0028192178944088774,0.006682688948581257,0.003164655378573642,10016.9501953125
2017-10-11,-0.00321476053982032,0.006399597323532299,0.01116198596792879,9984.7998046875
2017-10-12,0.011115046293774924,0.006903462083841799,0.012613464305135049,10096.400390625
2017-10-13,0.007012497012134821,0.007075181513931684,0.007061827682529718,10167.4501953125
2017-10-16,0.006216166917771876,0.007191617550126352,0.00663196005494259,10230.849609375
2017-10-17,0.0003518722920273383,0.007052809547582589,0.0038350863261787105,10234.4501953125
2017-10-18,-0.0023086574073600593,0.0070762097317788614,0.005944676264428443,10210.849609375
2017-10-19,-0.006317115188263494,0.007228632727631248,0.008732089985560246,10146.5498046875
2017-10-23,0.003767556695072139,0.007260151486154458,0.009784178897769225,10184.849609375
2017-10-24,0.002241072913402321,0.006212837313394455,0.0054223388536055565,10207.7001953125
2017-10-25,0.008549942456258083,0.005902801808530744,0.009679070438925038,10295.349609375
2017-10-26,0.004694988474485417,0.005906023102283965,0.008101547094136914,10343.7998046875
2017-10-27,-0.0020080474155119445,0.004660535725387041,0.005313409019163445,10323.0498046875
2017-10-30,0.003925288971653147,0.004664787676661254,0.0038789609642626752,10363.650390625
2017-10-31,-0.0027393276855447964,0.0048332520962661675,0.0042330653998210585,10335.2998046875
2017-11-01,0.010127272636955603,0.005016196912641107,0.006570622665341698,10440.5
2017-11-02,-0.001600839619376669,0.005067451069488193,0.003880561414304011,10423.7998046875
2017-11-03,0.002749549839980272,0.004920413459487212,0.005558534889978474,10452.5
2017-11-06,-6.699055402996047e-05,0.004718376957138027,0.007338467703725145,10451.7998046875
2017-11-07,-0.009773143593572503,0.005435510792658461,0.014004646294202021,10350.150390625
2017-11-08,-0.004551338464517429,0.005608252099898364,0.009584447111424695,10303.150390625
2017-11-09,0.0005627572809849458,0.0055070491228056545,0.009845813402624862,10308.9501953125
2017-11-10,0.0012408504033945,0.005030911318041653,0.008801858787269601,10321.75
2017-11-13,-0.009422488277922888,0.00534727284449965,0.011530656714499201,10224.9501953125
2017-11-14,-0.003757738283689395,0.005228483689114441,0.007112304212469699,10186.599609375
2017-11-15,-0.0067521545169891405,0.00542542233999097,0.008049989561700485,10118.0498046875
2017-11-16,0.009511815914835575,0.005853242143341978,0.009109357026603686,10214.75
2017-11-17,0.006717601133431633,0.005836255315057537,0.007346630319856613,10283.599609375
2017-11-20,0.001472173357154509,0.0057945739054329395,0.004694706578468261,10298.75
2017-11-21,0.0027296504663746014,0.005803075126551804,0.004226862753961182,10326.900390625
2017-11-22,0.0014900834832817704,0.005499574437516489,0.005719268609694618,10342.2998046875
2017-11-23,0.0006234768735595227,0.005399953850293648,0.00647421186133591,10348.75
2017-11-24,0.003949210104835523,0.005446075671351908,0.00406652734975566,10389.7001953125
2017-11-27,0.0009475676238426342,0.0053827115489324005,0.0064377974594941436,10399.5498046875
2017-11-28,-0.0028213872448567432,0.005385078985822657,0.00524091602179311,10370.25
2017-11-29,-0.0008634372203591307,0.004849508443530255,0.004540917218341125,10361.2998046875
2017-11-30,-0.013090432150481796,0.005620844789843356,0.011875969670321401,10226.5498046875
2017-12-01,-0.010295766224326257,0.0059173942152098875,0.016217510106155273,10121.7998046875
2017-12-04,0.0005876866933977984,0.0059281654058994816,0.008244674285996395,10127.75
2017-12-05,-0.000938457048031478,0.005605487886980124,0.0077929074630000246,10118.25
2017-12-06,-0.007355365457362713,0.005729186443532921,0.007053950945624754,10044.099609375
2017-12-07,0.012132334291871919,0.006461600063377775,0.011877010011141421,10166.7001953125
2017-12-08,0.009685715646246356,0.006858474488065784,0.007364327295233098,10265.650390625
2017-12-11,0.005498351059959995,0.006618091253156086,0.004567840405434862,10322.25
2017-12-12,-0.007985453457626933,0.006824648573241728,0.009365039614095634,10240.150390625
2017-12-13,-0.0046199820794001496,0.006725239683264907,0.012430178984958296,10192.9501953125
2017-12-14,0.005786200538018408,0.0065067065659963185,0.013124121869091222,10252.099609375
2017-12-15,0.007884326721783314,0.0065732709504442224,0.005172546754409309,10333.25
2017-12-18,0.005356638616709943,0.006668270536456547,0.03549512694019973,10388.75
2017-12-19,0.007140867974318959,0.00681940221762188,0.006326954858625146,10463.2001953125
2017-12-20,-0.0018175387542658723,0.006838181425685846,0.005486279812332297,10444.2001953125
2017-12-21,-0.00037352013889224483,0.0068407924444241815,0.004506556858297835,10440.2998046875
2017-12-22,0.0050350692095142814,0.006874333323511319,0.005036653900219194,10493.0
2017-12-26,0.0036623979675021196,0.006910455762984297,0.0064093433983762995,10531.5
2017-12-27,-0.0038768496273459364,0.006942160927199526,0.007926067309296285,10490.75
2017-12-28,-0.0012256021006669842,0.00694658866792459,0.007071990247330458,10477.900390625
2017-12-29,0.005026504801246669,0.0062157185127536445,0.004752751835986987,10530.7001953125
2018-01-02,-0.008439512288536271,0.006042298405707203,0.008671525444239978,10442.2001953125
2018-01-03,9.576067320342099e-05,0.006047455986977544,0.007090719635992207,10443.2001953125
2018-01-04,0.005881209368789884,0.006092826154445134,0.006811153569587563,10504.7998046875
2018-01-05,0.005132056867763014,0.005725982405867812,0.004356535200497361,10558.849609375
2018-01-08,0.006113570815585057,0.0053380595523191115,0.004014683552960933,10623.599609375
2018-01-09,0.001260584616212523,0.005040189087477665,0.005222410571589734,10637.0
2018-01-10,-0.0004513385294137436,0.004984242467447636,0.005906567176489682,10632.2001953125
2018-01-11,0.0017854294613236375,0.00445887660474926,0.004905550458341283,10651.2001953125
2018-01-12,0.0028172876803263624,0.004182085444299868,0.008735005851375073,10681.25
2018-01-15,0.005629512900836509,0.004175430660872286,0.006409744142084071,10741.5498046875
2018-01-16,-0.00383356587156863,0.004177426425016873,0.006962323887329142,10700.4501953125
2018-01-17,0.00819955353642979,0.004351495614545618,0.012629130185856948,10788.5498046875
2018-01-18,0.002633602200690908,0.0041784103168997595,0.009716151370527873,10817.0
2018-01-19,0.007157479729840962,0.004265995209520374,0.010367354468239243,10894.7001953125
2018-01-22,0.006541382438729125,0.004333672211172972,0.008544365147560566,10966.2001953125
2018-01-23,0.010657745398174344,0.004678371806668404,0.008873443363173453,11083.7001953125
2018-01-24,0.000207472782716017,0.004706159538727776,0.005768466421612845,11086.0
2018-01-25,-0.0014758864718050037,0.004561572735361723,0.007805071615962916,11069.650390625
2018-01-29,0.00547297411504586,0.0045048426633548895,0.008589053944144038,11130.400390625
2018-01-30,-0.007281350035077295,0.005026826353567201,0.007891581694203065,11049.650390625
2018-01-31,-0.0019884815852113905,0.00447052665996,0.007181932217033367,11027.7001953125
2018-02-01,-0.000979814128127614,0.004510148700028186,0.021653078109928052,11016.900390625
2018-02-02,-0.023539213933076866,0.007327144992985664,0.020338140427307593,10760.599609375
2018-02-05,-0.00877862069830589,0.007590064659919653,0.010870449905136595,10666.5498046875
2018-02-06,-0.01590408165467595,0.008297881757192625,0.03027653046341057,10498.25
2018-02-07,-0.0020548141539544224,0.008292007661445985,0.01599736617928493,10476.7001953125
2018-02-08,0.009513851145813865,0.008604976238614864,0.014961922107669185,10576.849609375
2018-02-09,-0.0115920444485001,0.008950519475679847,0.007843174617585925,10454.9501953125
2018-02-12,0.008078254517088934,0.00914170663040903,0.006650974584311772,10539.75
2018-02-14,-0.003692818691702758,0.009040881130367958,0.012751231711715197,10500.900390625
2018-02-15,0.004238223668407977,0.009093986121526756,0.010151230827130056,10545.5
2018-02-16,-0.008877197442514924,0.009012836234756853,0.01711112284181627,10452.2998046875
2018-02-19,-0.007095270288084443,0.009035784758237509,0.01797961172740636,10378.400390625
2018-02-20,-0.0017358770846747271,0.008772805804823012,0.007885720210574933,10360.400390625
2018-02-21,0.003569718731482044,0.008635449584903839,0.0073575731129242265,10397.4501953125
2018-02-22,-0.0014196242279203768,0.00805789161645855,0.005480213527516522,10382.7001953125
2018-02-23,0.010381515779008083,0.008592198722815117,0.009765392468561604,10491.0498046875
2018-02-26,0.008688611908417675,0.008964572149706935,0.006874492344541849,10582.599609375
2018-02-27,-0.002677764703635068,0.008778345550940347,0.008944258962880113,10554.2998046875
2018-02-28,-0.0058393057141950064,0.008744222524638483,0.007047675137402907,10492.849609375
2018-03-01,-0.003293370543887722,0.008744403687898594,0.007491584456572995,10458.349609375
2018-03-05,-0.009559475957881534,0.008867711554652484,0.010116934663541572,10358.849609375
2018-03-06,-0.01063665692404489,0.007692360822719342,0.021996655243066567,10249.25
2018-03-07,-0.009317099938461516,0.0077166391551797605,0.010025388777985094,10154.2001953125
2018-03-08,0.00867298109371104,0.007414226052378186,0.012101283752050107,10242.650390625
2018-03-09,-0.0015438368683495453,0.007412123044450953,0.008291879506056648,10226.849609375
2018-03-12,0.018844845326350685,0.008356011532284324,0.01326119236689377,10421.400390625
2018-03-13,0.000522750722395459,0.007957559810609095,0.009662554249311657,10426.849609375
2018-03-14,-0.0015308007692338495,0.007722198638773295,0.00807325029861843,10410.900390625
2018-03-15,-0.004886618546444992,0.007751798194676042,0.00712342986394118,10360.150390625
2018-03-16,-0.0160545978679463,0.008377699495805743,0.01628713636634452,10195.150390625
2018-03-19,-0.00994620052782473,0.008429223637732039,0.014785645293112416,10094.25
2018-03-20,0.002977420018466655,0.008393428108557735,0.010524209984939234,10124.349609375
2018-03-21,0.003047438325629427,0.008446510814654157,0.00929072247113562,10155.25
2018-03-22,-0.003996058598285198,0.00840037370387528,0.010128695098741937,10114.75
2018-03-23,-0.011604700101594518,0.00870616903649252,0.0075814590013306305,9998.0498046875
2018-03-26,0.01317546616079525,0.008932861739007415,0.018256497675969024,10130.650390625
2018-03-27,0.005267107884641591,0.008753432197984013,0.006701589959121912,10184.150390625
2018-03-28,-0.006941668814759831,0.008824523285319852,0.006075839461652274,10113.7001953125
2018-04-02,0.009652935584409928,0.009155716697903047,0.009043421447863575,10211.7998046875
2018-04-03,0.0032458864317621047,0.009199603499333856,0.008228385035383114,10245.0
2018-04-04,-0.011446384030859532,0.009300793423487533,0.0166413054566358,10128.400390625
2018-04-05,0.019239306758980577,0.010060837365924698,0.01010635249146076,10325.150390625
2018-04-06,0.0006244175835545499,0.009799283959414925,0.005768766521247863,10331.599609375
2018-04-09,0.004611095715747583,0.009670206748715928,0.006667103230629779,10379.349609375
2018-04-10,0.0022039111834326382,0.009661502261674044,0.004167330084837415,10402.25
2018-04-11,0.001431395034394698,0.008690344645579112,0.006964551583635835,10417.150390625
2018-04-12,0.0039759006232568585,0.008735887475174484,0.007137669568906869,10458.650390625
2018-04-13,0.002096467331850084,0.008736759141462,0.0065311335098872225,10480.599609375
2018-04-16,0.004545689717794212,0.00869461524574785,0.013658435232997219,10528.349609375
2018-04-17,0.0019310664870136763,0.007736344323311066,0.006142918415322386,10548.7001953125
2018-04-18,-0.0021352422200410556,0.007302210571685183,0.00802758815452031,10526.2001953125
2018-04-19,0.0037076219486611,0.007308676977944894,0.0024608861537904108,10565.2998046875
2018-04-20,-0.00011831883371402492,0.007322066821893338,0.0051968151492564835,10564.0498046875
2018-04-23,0.0019528716532068399,0.007186384556875217,0.011658281461495546,10584.7001953125
2018-04-24,0.002797241731914462,0.006401549438393083,0.0063875609135407236,10614.349609375
2018-04-25,-0.004135008266019891,0.006115920943482289,0.007203921789265078,10570.5498046875
2018-04-26,0.004460005540255803,0.006096731811761919,0.00647497610283145,10617.7998046875
2018-04-27,0.006992018327494462,0.0057998387501347285,0.006757199229330029,10692.2998046875
2018-04-30,0.004390691482923282,0.0055871765077480755,0.005065520036475091,10739.349609375
2018-05-02,-0.0019853115722468315,0.005673120245316884,0.008849612351681501,10718.0498046875
2018-05-03,-0.003589119852419833,0.004892580685111812,0.006849420288768377,10679.650390625
2018-05-04,-0.005765879228025447,0.003396284942482118,0.009309498828667623,10618.25
2018-05-07,0.009117072584576636,0.0038010587519471863,0.008399048107881106,10715.5
2018-05-08,0.00021460108497364168,0.00375829288119836,0.006451829230123989,10717.7998046875
2018-05-09,0.002227489038162844,0.0037584945299244145,0.007112504467248105,10741.7001953125
2018-05-10,-0.002344124254457977,0.0038611172799574117,0.00751639344336989,10716.5498046875
2018-05-11,0.008358547680564028,0.004129068381707504,0.008106196212927404,10806.5
2018-05-14,9.217500201396874e-06,0.004143168955012685,0.005561380225733732,10806.599609375
2018-05-15,-0.00043964284789006357,0.004102047510922384,0.013682823778552103,10801.849609375
2018-05-16,-0.005639911268794516,0.004379011271464359,0.00844885563865286,10741.099609375
2018-05-17,-0.005451839472282671,0.0045592419033614676,0.010554447652614455,10682.7001953125
2018-05-18,-0.008111271197454395,0.004906770736429511,0.00810186315849814,10596.400390625
2018-05-21,-0.007549869197766206,0.005200511555918392,0.011020604226852361,10516.7001953125
2018-05-22,0.0018999311888009693,0.005199358245273068,0.006458360153188525,10536.7001953125
2018-05-23,-0.010144631600820039,0.005593536175763935,0.01109742284150875,10430.349609375
2018-05-24,0.007973610404251362,0.005870483313257726,0.010971298831842152,10513.849609375
2018-05-25,0.008646370571623485,0.006117413907731984,0.009811252160976471,10605.150390625
2018-05-28,0.00784269833741265,0.006171740029792285,0.0064788347891646895,10688.650390625
2018-05-29,-0.005191899405584954,0.0061834939397098325,0.009512605915654674,10633.2998046875
2018-05-30,-0.0017837455774774606,0.006181102937124366,0.008502640606475572,10614.349609375
2018-05-31,0.011409765823805856,0.0066749720796136554,0.01335668827699349,10736.150390625
2018-06-01,-0.003728031736138272,0.006593137345267481,0.0077831377947173664,10696.2001953125
2018-06-04,-0.00634948413268003,0.00641735607241093,0.014296485422449075,10628.5
2018-06-05,-0.003331469647161854,0.006448173103996162,0.00776445126964229,10593.150390625
2018-06-06,0.00860056590990892,0.006745105134876056,0.010374659471522104,10684.650390625
2018-06-07,0.007803071219768874,0.006958829087520151,0.00885933258908531,10768.349609375
2018-06-08,-6.49348765086917e-05,0.006691446527586518,0.0065381385976549765,10767.650390625
2018-06-11,0.0017907833428202438,0.0067059417020499095,0.00681378876041716,10786.9501953125
2018-06-12,0.005168752278609608,0.006807094320178406,0.0061929673915647535,10842.849609375
2018-06-13,0.001276578356983104,0.006669660313456427,0.004660680360027528,10856.7001953125
2018-06-14,-0.004491210136474933,0.0066276014979854865,0.005565332480140173,10808.0498046875
2018-06-15,0.0008924907821071907,0.006303816525989805,0.007265833583468933,10817.7001953125
2018-06-18,-0.0016514905857463397,0.006012354584696999,0.003967702096546122,10799.849609375
2018-06-19,-0.00831229035595547,0.006383454143216349,0.008239616299100406,10710.4501953125
2018-06-20,0.005734879851344152,0.005918823088218975,0.005361096638716789,10772.0498046875
2018-06-21,-0.002877330145384961,0.005801126509308216,0.007792425523821231,10741.099609375
2018-06-22,0.00748973404895337,0.005726904041199403,0.01169391640573803,10821.849609375
2018-06-25,-0.0055039602444048865,0.0056662761796380245,0.0072474202978400105,10762.4501953125
2018-06-26,0.0006223592623338975,0.005514419376413154,0.006750782807879495,10769.150390625
2018-06-27,-0.009118299083682797,0.005913190814031258,0.012472553226653381,10671.400390625
2018-06-28,-0.007742169031781291,0.005553735762306249,0.01100187969682119,10589.099609375
2018-06-29,0.011754146307527904,0.006154436382066811,0.010332004641504312,10714.2998046875
2018-07-02,-0.005334194556937323,0.006102541063727987,0.01233896037551286,10657.2998046875
2018-07-03,0.003989347109783859,0.00610321141263485,0.007761736245719285,10699.900390625
2018-07-04,0.0065208102070441875,0.005974308590558239,0.009229462392384447,10769.900390625
2018-07-05,-0.0018727438548922296,0.005729804444103962,0.005562901898881369,10749.75
2018-07-06,0.002128052526818883,0.005751180942855054,0.007546871172785104,10772.650390625
2018-07-09,0.007421810355794803,0.005975718785243606,0.004901843455225553,10852.900390625
2018-07-10,0.008655921796766377,0.006172735145803417,0.007330608143597707,10947.25
2018-07-11,9.589206004582807e-05,0.006170352511774501,0.004900339923284678,10948.2998046875
2018-07-12,0.006817985187144955,0.006214622402593944,0.007134898456797041,11023.2001953125
2018-07-13,-0.00039014473464332456,0.006222246643751466,0.0064978906094765795,11018.900390625
2018-07-16,-0.007474230051277428,0.006479857535527364,0.00852622129137322,10936.849609375
2018-07-17,0.006489019959189796,0.006245772820893682,0.008439314163117315,11008.0498046875
2018-07-18,-0.0025103689537061304,0.0062145645723715335,0.010919442144201418,10980.4501953125
2018-07-19,-0.00212882431847883,0.006192465859677508,0.006484362397026044,10957.099609375
2018-07-20,0.004834521296150269,0.006073222391720323,0.007633812573479227,11010.2001953125
2018-07-23,0.0067481562013002455,0.006014867314289843,0.007438164623694715,11084.75
2018-07-24,0.004460126536742217,0.0060473517647011525,0.004571494527529348,11134.2998046875
2018-07-25,-0.00020657268750096133,0.00551577244634754,0.003943621148490837,11132.0
2018-07-26,0.0031660038191820943,0.005005733498585729,0.005386209299874992,11167.2998046875
2018-07-27,0.00989507665693427,0.0048425388057258,0.006485912669722046,11278.349609375
2018-07-30,0.0036463779405013436,0.004473830102666996,0.005887991590875817,11319.5498046875
2018-07-31,0.003258965149071806,0.004468429884932834,0.008651433099986791,11356.5
2018-08-01,-0.0009073639087465626,0.00446714917530506,0.0067864129553972885,11346.2001953125
2018-08-02,-0.008985979419681003,0.005083220058531517,0.008355064490884724,11244.7001953125
2018-08-03,0.010271892255968624,0.0053898121595289655,0.006465231020283821,11360.7998046875
2018-08-06,0.0023122852731850252,0.005271925684287262,0.005010124018150337,11387.099609375
2018-08-07,0.00020640403976921495,0.0050794611151400715,0.006080188140117675,11389.4501953125
2018-08-08,0.005302224530419492,0.00511113337050948,0.007043702237991266,11450.0
2018-08-09,0.0018062450766348273,0.004996457188068163,0.0035830930316089814,11470.7001953125
2018-08-10,-0.003598242758917501,0.0051266788953394545,0.005170795693162431,11429.5
2018-08-13,-0.006473508743511776,0.005035164823721203,0.005812033551284591,11355.75
2018-08-14,0.00696331478277028,0.005059078504075396,0.007140330509937964,11435.099609375
2018-08-16,-0.004386464262815843,0.005161573183699813,0.007342928736295912,11385.0498046875
2018-08-17,0.007499242877784467,0.005223569417123303,0.004764325839635595,11470.75
2018-08-20,0.007036623669863275,0.005302623277571375,0.005683070882117428,11551.75
2018-08-21,0.001656418678663017,0.005204229855982283,0.003642792626505642,11570.900390625
2018-08-23,0.001023563041648874,0.005180486661776363,0.006388810947313893,11582.75
2018-08-24,-0.0022169894415104054,0.005244145173732954,0.006281819126669804,11557.099609375
2018-08-27,0.011600654595540067,0.005674990290284844,0.00901052298184924,11691.9501953125
2018-08-28,0.003973450407027797,0.0054057176779172085,0.004233947720109043,11738.5
2018-08-29,-0.003977710157774837,0.005550351868159386,0.006359153213203652,11691.900390625
2018-08-30,-0.0012923772322029556,0.0055727995036435945,0.005061284800932806,11676.7998046875
2018-08-31,0.0003168341695652239,0.005552917619379023,0.007495465198407603,11680.5
2018-09-03,-0.008438430776075216,0.005499843633011683,0.01592072595643661,11582.349609375
2018-09-04,-0.005371674285373425,0.00529203243960048,0.009175125396432096,11520.2998046875
2018-09-05,-0.003769986473883496,0.005368537942100841,0.012965184889516581,11476.9501953125
2018-09-06,0.005209934834070753,0.0054749154017877544,0.010938830278456034,11536.900390625
2018-09-07,0.0045143394792379185,0.00544236490049904,0.010233720769735975,11589.099609375
2018-09-10,-0.013115113390097494,0.006234017899393495,0.012738147095089107,11438.099609375
2018-09-11,-0.013253935347788789,0.006858365267017422,0.018197155315614617,11287.5
2018-09-12,0.007273628261968242,0.006929885268407204,0.011482053509909749,11369.900390625
2018-09-14,0.012698371727607837,0.007337162202801141,0.008050246086927393,11515.2001953125
2018-09-17,-0.012008224872722099,0.007780600530056538,0.008617679654369274,11377.75
2018-09-18,-0.008725935642451747,0.007799854873390797,0.012634210345402618,11278.900390625
2018-09-19,-0.003957743942134398,0.007600135485718244,0.010783838697827376,11234.349609375
2018-09-21,-0.008155577062129398,0.0077088395976246055,0.0431073602690286,11143.099609375
2018-09-24,-0.015893165427847328,0.008279981987054166,0.020656743912044733,10967.400390625
2018-09-25,0.009081113743931286,0.00869194760679912,0.017867710855726724,11067.4501953125
2018-09-26,-0.001234142949208208,0.008073988796205805,0.013796160840124,11053.7998046875
2018-09-27,-0.006921982157626523,0.007959220182058791,0.01239808412250464,10977.5498046875
2018-09-28,-0.004299770124143364,0.007960880300347214,0.01681539199239224,10930.4501953125
2018-10-01,0.007097025685968254,0.00829017356570378,0.019449014810291845,11008.2998046875
2018-10-03,-0.013724356268050715,0.008588343853006013,0.013381512185435037,10858.25
2018-10-04,-0.024141915818458322,0.009695630582345826,0.019572157965186215,10599.25
2018-10-05,-0.027043516339215604,0.010937347748284676,0.02701995305775392,10316.4501953125
2018-10-08,0.003058349730753957,0.011100166742873391,0.019322405914535337,10348.0498046875
2018-10-09,-0.004552264462335634,0.010830742384744558,0.011479412510576374,10301.0498046875
2018-10-10,0.015322168649223668,0.011607170362724639,0.01568814977898715,10460.099609375
2018-10-11,-0.021788921165731508,0.012074084680581396,0.019282591823387957,10234.650390625
2018-10-12,0.022973713528550762,0.013492951627412802,0.016261618972308427,10472.5
2018-10-15,0.003812251460013522,0.013365751635948834,0.011048695749108205,10512.5
2018-10-16,0.006849260681022563,0.013043079362805786,0.007520308551217553,10584.75
2018-10-17,-0.012520502809902525,0.013059686348475477,0.026183764587992646,10453.0498046875
2018-10-19,-0.014405306077947945,0.013223124023976077,0.012665537846056734,10303.5498046875
2018-10-22,-0.005674293551714025,0.013224837740496273,0.018013206577438327,10245.25
2018-10-23,-0.009655817945697833,0.013250248625667442,0.01180175053268315,10146.7998046875
2018-10-24,0.007652886157385112,0.013247845928473737,0.01603464097532947,10224.75
2018-10-25,-0.009813476770964884,0.012973878790231243,0.008622287757846384,10124.900390625
2018-10-26,-0.009417173007402645,0.012996119614863426,0.012392802062562313,10030.0
2018-10-29,0.021779988895005153,0.014277903804410096,0.02487112825061185,10250.849609375
2018-10-30,-0.005129707325392901,0.014281786818391725,0.010761491586552043,10198.400390625
2018-10-31,0.018285592676591408,0.014922106751716738,0.02800727875968491,10386.599609375
2018-11-01,-0.0005922280054286613,0.014708442475655652,0.009633493549745752,10380.4501953125
2018-11-02,0.016485931474334168,0.014326418503470181,0.014142897754193121,10553.0
2018-11-05,-0.0027518165109068284,0.012890262289595663,0.007772691437428735,10524.0
2018-11-06,0.0005699629678378127,0.012881313790041923,0.010332365117521367,10530.0
2018-11-07,0.006474757039787639,0.012872933432775957,0.0032222212188934025,10598.400390625
2018-11-09,-0.0012462656636175824,0.012457810496157098,0.0070570413345209925,10585.2001953125
2018-11-12,-0.009778218363148,0.011580628327794745,0.01731031576687899,10482.2001953125
2018-11-13,0.009523094254035388,0.010598178367775445,0.014712987981337113,10582.5
2018-11-14,-0.000586063060967349,0.010571921657821786,0.01124206161495184,10576.2998046875
2018-11-15,0.003812621107308771,0.010494472286209651,0.008383019051371104,10616.7001953125
2018-11-16,0.006150571652505879,0.01013216274342645,0.005991275095938017,10682.2001953125
2018-11-19,0.007572703131144189,0.009538221338234879,0.007980785579603623,10763.400390625
2018-11-20,-0.010009625523730635,0.009772572471740045,0.009384208082350826,10656.2001953125
2018-11-21,-0.005283201056794732,0.009545142555915594,0.010278272019469249,10600.0498046875
2018-11-22,-0.006939063131569403,0.009662162145269654,0.012753223929512907,10526.75
2018-11-26,0.009628807669070337,0.009444314104107602,0.013929380175062015,10628.599609375
2018-11-27,0.005348559924642655,0.009038049073000976,0.009246161643874175,10685.599609375
2018-11-28,0.004039334223781422,0.007915938271773991,0.005401342867352937,10728.849609375
2018-11-29,0.01203028163822991,0.008000204212333937,0.009273687780418729,10858.7001953125
2018-11-30,0.0016608635822544591,0.007163265320786049,0.008030945451306686,10876.75
2018-12-03,0.0006433675918710725,0.007142255387262333,0.008806761083036636,10883.75
2018-12-04,-0.0013101492455916805,0.006356009817175964,0.0052992857019642115,10869.5
2018-12-05,-0.007999119688821785,0.006641659281414886,0.00677921586278912,10782.900390625
2018-12-06,-0.016999059579474705,0.007793482917355645,0.012677906234011676,10601.150390625
2018-12-07,0.008692278636606364,0.00790044362555832,0.0098375859984006,10693.7001953125
2018-12-10,-0.019380130942287622,0.009060470967398137,0.007999219379427129,10488.4501953125
2018-12-11,0.005770654643792864,0.00888412623724321,0.02211559913463114,10549.150390625
2018-12-12,0.01770623905775317,0.009497616547283256,0.017825249365592686,10737.599609375
2018-12-13,0.005011838341027756,0.00953926245638875,0.008256423867524386,10791.5498046875
2018-12-14,0.0012872521687673252,0.009516863580582059,0.0058905820187494,10805.4501953125
2018-12-17,0.007642719885813293,0.00956606926462223,0.005097191217318539,10888.349609375
2018-12-18,0.0018672794743268973,0.009442632635345711,0.008827887789177737,10908.7001953125
2018-12-19,0.005357446474361821,0.009148480725503545,0.005210980974603569,10967.2998046875
2018-12-20,-0.0014233871991216722,0.00903927431952751,0.007533076922185224,10951.7001953125
2018-12-21,-0.01821693480035375,0.00991175325292185,0.02092244746140971,10754.0
2018-12-24,-0.0084510833319759,0.00991434960971697,0.012477123335443334,10663.5
2018-12-26,0.006202845587195536,0.009939670356524915,0.019846521905250086,10729.849609375
2018-12-27,0.004644453671963747,0.009952863226682042,0.006470435561305121,10779.7998046875
2018-12-28,0.007403148015077441,0.009715237149239005,0.007039587473195991,10859.900390625
2018-12-31,0.00024393326275947618,0.00970769400695391,0.006476344011296697,10862.5498046875
2019-01-02,-0.006469627145011258,0.009810119123814551,0.014852889014361825,10792.5
2019-01-03,-0.011204533761500678,0.010102448817205286,0.014317487379652837,10672.25
2019-01-04,0.005149603931252372,0.010044894804046496,0.01047783638600445,10727.349609375
2019-01-07,0.0041350713736188,0.009273086263209404,0.007965224590431304,10771.7998046875
2019-01-08,0.0028136345625500237,0.00910128100617038,0.007887336523887298,10802.150390625
2019-01-09,0.004894433183399924,0.00784132849281329,0.011146782462314027,10855.150390625
2019-01-10,-0.003095557040757343,0.007850787678495478,0.0053180497121371306,10821.599609375
2019-01-11,-0.002465650421033224,0.00686225986639085,0.010259426676011072,10794.9501953125
2019-01-14,-0.005326886232360374,0.006875362773389157,0.010770600025356285,10737.599609375
2019-01-15,0.013799464213669708,0.007558031602487163,0.010967446151952762,10886.7998046875
2019-01-16,0.000321438583917674,0.007362266257465158,0.00470602287532438,10890.2998046875
2019-01-17,0.001367290766106507,0.0073564705884529135,0.007886145917519818,10905.2001953125
2019-01-18,0.0001604610249256087,0.0072476560408395296,0.006968034018589602,10906.9501953125
2019-01-21,0.005020808629692447,0.007336655554861008,0.009277649204886194,10961.849609375
2019-01-22,-0.003573257146616415,0.0060329660321989,0.007841378230070266,10922.75
2019-01-23,-0.008389214537151498,0.006027998244089853,0.012265116500484697,10831.5
2019-01-24,0.0016880730581589696,0.005897417195384907,0.006262716360963962,10849.7998046875
2019-01-25,-0.006403062164968701,0.006010598347423853,0.016256128228617748,10780.5498046875
2019-01-28,-0.011099773244971002,0.006231616107854744,0.016273431459628722,10661.5498046875
2019-01-29,-0.0008773312978436732,0.006225618658533726,0.010016636637842479,10652.2001953125
2019-01-30,-3.758830501756102e-05,0.006091679444821762,0.009139355575821025,10651.7998046875
2019-01-31,0.016678920874278535,0.006709864518559006,0.014726316447196812,10830.9501953125
2019-02-01,0.005772292029816439,0.006732817352256105,0.015605420947444836,10893.650390625
2019-02-04,0.0017059248691862574,0.006690680797932573,0.010424064697931223,10912.25
2019-02-05,0.0020231630833451035,0.006679538269867777,0.006401843959697677,10934.349609375
2019-02-06,0.011647333726075786,0.00706704370381615,0.009934455036829703,11062.4501953125
2019-02-07,0.0006280717930916961,0.007003735186675259,0.0067302651788705955,11069.400390625
2019-02-08,-0.011429805188104512,0.007514310249145747,0.010576958599695206,10943.599609375
2019-02-11,-0.005020054711538446,0.007501695261870726,0.006777678217412872,10888.7998046875
2019-02-12,-0.005285360831624847,0.0069404160049525545,0.008041488893060306,10831.400390625
2019-02-14,-0.007911132252471094,0.007145525123808185,0.006881616655102642,10746.0498046875
2019-02-15,-0.0020166713974639474,0.007134883614989843,0.015418074983431656,10724.400390625
2019-02-18,-0.007811771620307167,0.007297139972051777,0.012357918943923612,10640.9501953125
2019-02-19,-0.003445526538395949,0.007159433329635387,0.01293801353255141,10604.349609375
2019-02-20,0.01228711014362708,0.007786991269748674,0.009901755655660763,10735.4501953125
2019-02-21,0.005054473607434973,0.007682832253109557,0.00809553539088296,10789.849609375
2019-02-22,0.00016688193630472358,0.007670753766157582,0.003998407333505269,10791.650390625
2019-02-25,0.008162673513503154,0.007748746225165831,0.009103758995198193,10880.099609375
2019-02-26,-0.004126092031890748,0.007347739579772509,0.014715808347409053,10835.2998046875
2019-02-27,-0.0026475831003447124,0.007379706386883494,0.017442962730017414,10806.650390625
2019-02-28,-0.0013102730795938819,0.007392057401388652,0.007491367703266157,10792.5
2019-03-01,0.006557097745663337,0.006534027299104665,0.005044486698577807,10863.5
2019-03-05,0.011345183958033887,0.006895251772872499,0.01619123522406467,10987.4501953125
2019-03-06,0.0059481541776258,0.00700104819210195,0.005740540605491722,11053.0
2019-03-07,0.00047036753884395607,0.006993517227716955,0.0056021951328716485,11058.2001953125
2019-03-08,-0.002063929117607768,0.006504730936467079,0.0036292117431030286,11035.400390625
2019-03-11,0.01194868284879883,0.007043695195010439,0.01083902591472972,11168.0498046875
2019-03-12,0.011851926453906937,0.0069005278876553625,0.008264643490143685,11301.2001953125
2019-03-13,0.0035772840485137174,0.00673164052645672,0.006674501530536552,11341.7001953125
2019-03-14,0.00013663725743869715,0.006527282716179502,0.006144640672867124,11343.25
2019-03-15,0.0073429617299341126,0.0061506020070559095,0.010169049150446958,11426.849609375
2019-03-18,0.003088866890158751,0.0060331405574430876,0.010264206576422689,11462.2001953125
2019-03-19,0.006105817158639563,0.0054558086327153995,0.008029517380464585,11532.400390625
2019-03-20,-0.000984719142560533,0.005304164091236877,0.0046002752265193935,11521.0498046875
2019-03-22,-0.005583577314696379,0.00536535060147743,0.012066963601527668,11456.900390625
2019-03-25,-0.00900007950222714,0.005999745371752516,0.007402583283792412,11354.25
2019-03-26,0.011297328693216403,0.006276939331623113,0.012566111918446433,11483.25
2019-03-27,-0.003332146821462826,0.006315681663251641,0.011638236406620596,11445.0498046875
2019-03-28,0.010858236155870985,0.006372909300423201,0.01175884223746759,11570.0
2019-04-01,0.008533099582725414,0.006315673667898813,0.007999692029849672,11669.150390625
2019-04-02,0.0037677868730356698,0.0061987441575446466,0.006274971722024689,11713.2001953125
2019-04-03,-0.005929679070481917,0.006556060712297455,0.011323443261383808,11643.9501953125
2019-04-04,-0.00395407913661549,0.0064808154805668,0.00891098546085532,11598.0
2019-04-05,0.005841689650914404,0.006478053632964585,0.006870455409384935,11665.9501953125
2019-04-08,-0.005281405184150887,0.006705849724427907,0.013891179741695032,11604.5
2019-04-09,0.005795590267793092,0.00665994032156819,0.00978415718037961,11671.9501953125
2019-04-10,-0.007537827950835446,0.006677076668720104,0.00934884339264746,11584.2998046875
2019-04-11,0.001069875484907893,0.006246696267941708,0.004841928279537358,11596.7001953125
2019-04-12,0.004023215192085498,0.00625607664726165,0.006746265356906247,11643.4501953125
2019-04-15,0.004019874826265466,0.0062778713547050734,0.0048201817103750945,11690.349609375
2019-04-16,0.008246306446581041,0.006325140447080687,0.006736182028198411,11787.150390625
2019-04-18,-0.002918494732110024,0.006390626698495405,0.010010413908188598,11752.7998046875
2019-04-22,-0.013564941266796056,0.007080704250458414,0.01234207806014411,11594.4501953125
2019-04-23,-0.001596865278055509,0.007087725240503518,0.0070102574091810265,11575.9501953125
2019-04-24,0.01289173694761699,0.007482090280096301,0.013815275653424863,11726.150390625
2019-04-25,-0.007219371112150696,0.007364476325456697,0.014813018451241876,11641.7998046875
2019-04-26,0.00964688746996101,0.007254396364800607,0.00860513815924914,11754.650390625
2019-04-30,-0.0005531255807526546,0.007189993089163578,0.008541736872476436,11748.150390625
2019-05-02,-0.0019938224921164987,0.006858082602907701,0.007654747435979445,11724.75
2019-05-03,-0.0010666895238500144,0.0066098156514728,0.006109055155926487,11712.25
2019-05-06,-0.00978107795702945,0.006910683131122767,0.005276674956351174,11598.25
2019-05-07,-0.008689780690377916,0.007051097352857394,0.01501140238749432,11497.900390625
2019-05-08,-0.012114430150335101,0.007476758267761545,0.011633433994633976,11359.4501953125
2019-05-09,-0.005088026035289156,0.007345644089414704,0.009073758733982066,11301.7998046875
2019-05-10,-0.0020282295690185756,0.0072953451737255495,0.008400641615627355,11278.900390625
2019-05-13,-0.011655690801341047,0.00742893745149582,0.015661773459263367,11148.2001953125
2019-05-14,0.006602508032110876,0.00757519805260947,0.016614629105871453,11222.0498046875
2019-05-15,-0.0058134718372332824,0.007604372674106534,0.013430994835081115,11157.0
2019-05-16,0.00893190238330833,0.007880905768716489,0.01227671426105227,11257.099609375
2019-05-17,0.013241380029110125,0.008479404051317196,0.014578643706378657,11407.150390625
2019-05-20,0.03625035203017847,0.011791289919184473,0.021431741804578023,11828.25
2019-05-21,-0.010124454145348287,0.01199902347588005,0.01714478539744146,11709.099609375
2019-05-22,0.0024566721316128274,0.011586553257606234,0.008723827145805895,11737.900390625
2019-05-23,-0.006911825598039294,0.011700343034808235,0.03660020311944078,11657.0498046875
2019-05-24,0.01591868987483049,0.01188917895669394,0.016962065268851727,11844.099609375
2019-05-27,0.00678625187736734,0.01182283158663136,0.012138619258265372,11924.75
2019-05-28,0.00033538055526396364,0.011654868178288804,0.007850731557162318,11928.75
2019-05-29,-0.005687347678687314,0.01174096215273995,0.008017855769656685,11861.099609375
2019-05-30,0.007124050901094894,0.011816690692322203,0.009136976744604296,11945.900390625
2019-05-31,-0.001935638971628022,0.01182602894298775,0.017596521632864816,11922.7998046875
2019-06-03,0.013806190447529239,0.011881745742720022,0.015134172276111942,12088.5498046875
2019-06-04,-0.0055494840533033855,0.011752112759338292,0.007432472500379767,12021.650390625
2019-06-06,-0.014908921111632112,0.011946602648675668,0.017692859498680737,11843.75
2019-06-07,0.0022686976453037896,0.011826694513921423,0.010782896959132893,11870.650390625
2019-06-10,0.004375162508348263,0.011785531661684443,0.008664128343016886,11922.7001953125
2019-06-11,0.003591671280959742,0.011285431976871697,0.008022999526474577,11965.599609375
2019-06-12,-0.0049765444699523915,0.01141618996260962,0.008071474052261865,11906.2001953125
2019-06-13,0.0006590703001973485,0.011244877263815664,0.009593698747383911,11914.0498046875
2019-06-14,-0.00764621523730026,0.011416238391572235,0.009654615542882876,11823.2998046875
2019-06-17,-0.012866448437943826,0.011608819705106726,0.015961052458434297,11672.150390625
2019-06-18,0.0016563861789982873,0.008171818671609299,0.007360031192533037,11691.5
2019-06-19,-4.259914774167141e-06,0.007857067697344325,0.015173514633464875,11691.4501953125
2019-06-20,0.011928773907426743,0.008291212681681901,0.01761786678323156,11831.75
2019-06-21,-0.009140077037704798,0.008408748157937485,0.010478466580006228,11724.099609375
2019-06-24,-0.0020875587921609646,0.007568991847576026,0.007162590495409101,11699.650390625
2019-06-25,0.00823969509310694,0.007650319394250101,0.013851657737675157,11796.4501953125
2019-06-26,0.0043224233576614314,0.007725928110866524,0.009647547937910091,11847.5498046875
2019-06-27,-0.0005065621089227406,0.007623428788096853,0.007608850819664966,11841.5498046875
2019-06-28,-0.004460380187531091,0.0074859118447596976,0.00816026995848666,11788.849609375
2019-07-01,0.006489288220080564,0.007645787988819081,0.004538378818627312,11865.599609375
2019-07-02,0.003760130979735517,0.006974969109020108,0.00862698686724586,11910.2998046875
2019-07-03,0.0005414178862205623,0.00688645971397242,0.004879718935531919,11916.75
2019-07-04,0.0025143014062712723,0.006005176349770154,0.0038169049636930545,11946.75
2019-07-05,-0.011415241213692496,0.006540673697012418,0.01556576652524288,11811.150390625
2019-07-08,-0.021614318798492883,0.007993524623754472,0.021507846481321487,11558.599609375
2019-07-09,-0.0002335519922360358,0.00790932624356943,0.010518419212587725,11555.900390625
2019-07-10,-0.0049447502653284115,0.007908645072128094,0.010266182041523332,11498.900390625
2019-07-11,0.007278493704286908,0.00814919672060812,0.00686356588755144,11582.900390625
2019-07-12,-0.002628042532973005,0.00802334451373809,0.00873838522505951,11552.5
2019-07-15,0.003098385639232596,0.00757908742177426,0.007429926507208967,11588.349609375
2019-07-16,0.006386857732255645,0.007717876518730938,0.008239981873145175,11662.599609375
2019-07-17,0.00213278748103271,0.007734393695127017,0.004748663101604278,11687.5
2019-07-18,-0.007782039913567366,0.007379804152850507,0.008170286611808483,11596.900390625
2019-07-19,-0.015437326885714045,0.007863743481639863,0.02110907499945268,11419.25
2019-07-22,-0.00641762449493666,0.007945251183692374,0.00854033852364361,11346.2001953125
2019-07-23,-0.001336175495625011,0.0076065976930694635,0.008414982510981,11331.0498046875
2019-07-24,-0.005287073265915101,0.0074879511759859884,0.01152929986463996,11271.2998046875
2019-07-25,-0.001700398341321937,0.007476030797072942,0.010846884996461614,11252.150390625
2019-07-26,0.0028531055771835417,0.007556244372710687,0.008644737057320809,11284.2998046875
2019-07-29,-0.008463316975262767,0.007390506909907038,0.01416989614270387,11189.2001953125
2019-07-30,-0.009320082365343962,0.007345494521790086,0.017572644904395474,11085.400390625
2019-07-31,0.002936454076975709,0.0074353444677669155,0.013122811122728908,11118.0
2019-08-01,-0.012489980449893174,0.007555844839020694,0.017827868852459017,10980.0
2019-08-02,0.001578863082899198,0.007462598012913702,0.021023265016091412,10997.349609375
2019-08-05,-0.012328638591802651,0.006508749564396549,0.010421096181691372,10862.599609375
2019-08-06,0.007853965566277007,0.006933895356413196,0.018701618980202315,10948.25
2019-08-07,-0.00850776214660283,0.007039548969263395,0.012873658514117267,10855.5
2019-08-08,0.016169083798241606,0.007938089493141906,0.0194969934662739,11032.4501953125
2019-08-09,0.006973187375465333,0.008211381618194175,0.010679939192787239,11109.650390625
2019-08-13,-0.016682629759426824,0.008744728309693946,0.02235988870287726,10925.849609375
2019-08-14,0.009432964697282421,0.008940128849340676,0.012924617495178458,11029.400390625
2019-08-16,0.00166682533651526,0.008927219516660782,0.013066003049426466,11047.7998046875
2019-08-19,0.0005520467691192048,0.008877508198660298,0.009865366739009862,11053.900390625
2019-08-20,-0.0033438078514244876,0.008338067726832371,0.008259961877099029,11017.0
2019-08-21,-0.008962600859057328,0.008431257699834487,0.011681775523267717,10918.7001953125
2019-08-22,-0.016376190359974212,0.009026153605567027,0.01768401571686228,10741.349609375
2019-08-23,0.008159261534645986,0.00931722513127711,0.020813753567192166,10829.349609375
2019-08-26,0.020880542984676998,0.010630979428961391,0.02837350941488645,11057.849609375
2019-08-27,0.004286391351556263,0.010662189889260243,0.008306807371658401,11105.349609375
2019-08-28,-0.005349549884040612,0.010566696023634909,0.012855216322644995,11046.099609375
2019-08-29,-0.008893213897011299,0.010548663896297527,0.009015027037142522,10948.2998046875
2019-08-30,0.00682250334649108,0.010652938107185884,0.015222353179643027,11023.25
2019-09-03,-0.020654971620241963,0.011277652333532909,0.01804052618012942,10797.900390625
2019-09-04,0.004320199886309888,0.011325108365762145,0.01036459328575203,10844.650390625
2019-09-05,0.00029964203445609783,0.010989664163442369,0.009596291044944073,10847.900390625
2019-09-06,0.00902083303672415,0.011036928995885818,0.008185453196203127,10946.2001953125
2019-09-09,0.005180107429441778,0.01090582204860265,0.012637387556699256,11003.0498046875
2019-09-11,0.0029630005796600876,0.010301382749823436,0.003909984260067888,11035.7001953125
2019-09-12,-0.004805095025496559,0.010218984818937139,0.010634793200696366,10982.7998046875
2019-09-13,0.008441217109748283,0.009663715542374178,0.012522701579178189,11075.900390625
2019-09-16,-0.006558207998363749,0.009562580808263613,0.007679374744399509,11003.5
2019-09-17,-0.017039002763312223,0.010267660336612208,0.018821144868271123,10817.599609375
2019-09-18,0.002128592102631135,0.010286664120280146,0.007407376712327533,10840.650390625
2019-09-19,-0.012610772583449698,0.010602874604248703,0.016343154333058284,10704.7998046875
2019-09-20,0.051824725995144275,0.015780508192353205,0.06128154358233387,11274.2001953125
2019-09-23,0.028505409421526316,0.016272877802931834,0.019266908866824008,11600.2001953125
2019-09-24,-0.0010350003337080292,0.016274486308478633,0.009997204692913564,11588.2001953125
2019-09-25,-0.01285387045749521,0.01611327960338682,0.013011187164232487,11440.2001953125
2019-09-26,0.011385783826013006,0.016250874867411856,0.012487900784789552,11571.2001953125
2019-09-27,-0.005094519950938459,0.016244858239653458,0.008152045289479805,11512.400390625
2019-09-30,-0.003301907727659163,0.01609371337920761,0.010235801568991978,11474.4501953125
2019-10-01,-0.01003319671254013,0.016287185401074097,0.026963247401383946,11359.900390625
2019-10-03,-0.004048747902700529,0.015502453938800738,0.009992114305285488,11314.0
2019-10-04,-0.012384128036227408,0.015836229963904897,0.021651508562831382,11174.75
2019-10-07,-0.004336070945390455,0.015888550603789395,0.010892940618254339,11126.400390625
2019-10-09,0.016658309554353663,0.01617392591175065,0.020458153036314163,11313.2998046875
2019-10-10,-0.006985173448092334,0.016262663563310114,0.007548126641631707,11234.5498046875
2019-10-11,0.006255677219734019,0.016299768388461717,0.015347123895735545,11305.0498046875
2019-10-14,0.0031882272704231176,0.01624252479279196,0.011497986194839072,11341.150390625
2019-10-15,0.007654979710518189,0.016226052281654718,0.01052212508029213,11428.2998046875
2019-10-16,0.0031189722795879394,0.01611494269983102,0.006101726736959177,11464.0
2019-10-17,0.010615956850818441,0.015567994623744273,0.013761816631269522,11586.349609375
2019-10-18,0.006495149556810502,0.015579358076354601,0.01128035509750929,11661.849609375
2019-10-22,-0.006322547531982618,0.015294754864547351,0.012141437175503752,11588.349609375
2019-10-23,0.0013582008758651655,0.010345606848408696,0.008376282695080655,11604.099609375
2019-10-24,-0.001854512016487498,0.008162678950462547,0.012514394318929712,11582.599609375
2019-10-25,0.00011229846989121649,0.008159614941097612,0.013479949357245382,11583.900390625
2019-10-29,0.017368233407476515,0.00845076568208134,0.015445245106478734,11786.849609375
2019-10-30,0.004845350178432992,0.008169647584895332,0.00840080742999176,11844.099609375
2019-10-31,0.0028118405572833054,0.008041066689076774,0.007568997482345131,11877.4501953125
2019-11-01,0.0011064782775295006,0.007960774568955454,0.006303315036645118,11890.599609375
2019-11-04,0.004254824252091804,0.007470765193973857,0.007017726932632946,11941.2998046875
2019-11-05,-0.002020212299297299,0.0073905785509016005,0.009821921489037355,11917.2001953125
2019-11-06,0.004090706038353768,0.006497024715366302,0.01275695765240771,11966.0498046875
2019-11-07,0.003836839214212366,0.006235209569444654,0.006206333012447868,12012.0498046875
2019-11-08,-0.008687223905779385,0.006063905857498444,0.012210157401057868,11908.150390625
2019-11-11,0.0004449579074941643,0.005662518103524716,0.006605995242542383,11913.4501953125
2019-11-13,-0.006146378372844679,0.005951293973021425,0.010438759281630329,11840.4501953125
2019-11-14,0.0026694246816312177,0.005948411052538561,0.007833492226308563,11872.099609375
2019-11-15,0.001964913812506188,0.005812715495846959,0.007935840096426047,11895.4501953125
2019-11-18,-0.0009209603886071214,0.005842021039372845,0.0066137057459295726,11884.5
2019-11-19,0.004667420332106962,0.005511712982942974,0.006457199847349996,11940.099609375
2019-11-20,0.004929163997457979,0.0054478260524511496,0.0060462707244147065,11999.099609375
2019-11-21,-0.0025617386493080496,0.005226735205672101,0.0059573378530476005,11968.400390625
2019-11-22,-0.004522090396049399,0.00540422660215763,0.0071006182939401885,11914.400390625
2019-11-25,0.013285889135891809,0.005967310838349071,0.013645304896987266,12073.75
2019-11-26,-0.0029902665544935493,0.006060657566106208,0.010475471551169199,12037.7001953125
2019-11-27,0.005219910352766259,0.004935346445974025,0.004937730795375429,12100.7001953125
2019-11-28,0.004160529350791835,0.004911876121885659,0.004843130689947212,12151.150390625
2019-11-29,-0.00785725523266999,0.005300690416099924,0.01078296806218027,12056.0498046875
2019-12-02,-0.000651305031476376,0.0053089693338824375,0.009416360408473224,12048.2001953125
2019-12-03,-0.004492071500914214,0.005357163857704261,0.009354456064010756,11994.2001953125
2019-12-04,0.0040769856204158446,0.005396253743541643,0.00991434076396683,12043.2001953125
2019-12-05,-0.002061360247465576,0.0053575567597078586,0.006860330213063595,12018.400390625
2019-12-06,-0.00809534862199821,0.00559260889784498,0.014108979181520782,11921.5
2019-12-09,0.0013412131605239934,0.005247350453897993,0.007866001308900524,11937.5
2019-12-10,-0.006783179618895446,0.00546827977846435,0.009150867163760774,11856.7998046875
2019-12-11,0.004489484356039674,0.0053799364272452,0.007632178238198543,11910.150390625
2019-12-12,0.005162857346029799,0.005466094178276289,0.005972368496506643,11971.7998046875
2019-12-13,0.009551822783961173,0.005830225801319873,0.006225851455237028,12086.7001953125
2019-12-16,-0.002713267419203363,0.005871657323639124,0.007329596066512493,12053.9501953125
2019-12-17,0.009170552980705609,0.006112867757074365,0.009239653976572133,12165.0
2019-12-18,0.004646024904610523,0.006103446506266544,0.006075284239594661,12221.650390625
2019-12-19,0.003108475179285728,0.006064830892774855,0.006296990751822556,12259.7001953125
2019-12-20,0.0009864549951019103,0.005914394393411611,0.003353248201562223,12271.7998046875
2019-12-23,-0.0007377192709850936,0.005232820721662624,0.006026412560396322,12262.75
2019-12-24,-0.003938363953434116,0.005272882709867543,0.00668060528159496,12214.5498046875
2019-12-26,-0.007230600491364134,0.005446893275468692,0.008469036697709466,12126.5498046875
2019-12-27,0.009785757510884093,0.005800965358909525,0.008210962639533852,12245.7998046875
2019-12-30,0.0008203370378256411,0.005466699018522232,0.0059278134882976,12255.849609375
2019-12-31,-0.007156789574995062,0.005745402919622121,0.007831712597567368,12168.4501953125
2020-01-01,0.0011539431631088094,0.005624828591356152,0.0046706661707367125,12182.5
2020-01-02,0.008150579934013252,0.005820879469103908,0.007706305801880945,12282.2001953125
2020-01-03,-0.004533048142335533,0.005914393941448598,0.006072799796167599,12226.650390625
2020-01-06,-0.01929072847314149,0.007197165081440481,0.017084846423502283,11993.0498046875
2020-01-07,0.004982160403270252,0.007270582729621755,0.012179655509328507,12052.9501953125
2020-01-08,-0.0022925703434345888,0.0071018161687130005,0.009592285437387394,12025.349609375
2020-01-09,0.015721524760104574,0.007824148067755164,0.007490237892756639,12215.900390625
2020-01-10,0.003342455210374022,0.007786945996560476,0.007995561774821582,12256.7998046875
2020-01-13,0.005917935234497193,0.0076218793814175085,0.00421347057560442,12329.5498046875
2020-01-14,0.0026526987425187607,0.007578809079524253,0.005302395648311734,12362.2998046875
2020-01-15,-0.0015381131440847836,0.007366033971812477,0.0061896244791839325,12343.2998046875
2020-01-16,0.0009879181499700635,0.007308807654455086,0.005928533851321274,12355.5
2020-01-17,-0.00025501131760789477,0.007285367782338197,0.0051852325033683025,12352.349609375
2020-01-20,-0.01040008785925209,0.007669947781734048,0.017473004142295308,12224.5498046875
2020-01-21,-0.004484659455009181,0.0077294868681955665,0.005567036748573214,12169.849609375
2020-01-22,-0.005185979163736476,0.007764668462993768,0.011328202069681013,12106.900390625
2020-01-23,0.0060483951593072694,0.007721301024104064,0.007791269845978546,12180.349609375
2020-01-24,0.005559104211847819,0.007500426936674989,0.010001428775539363,12248.25
2020-01-27,-0.010608600656474901,0.007862096804542803,0.009043618233765162,12119.0
2020-01-28,-0.005228613250633523,0.007788442004058029,0.011533851502198558,12055.7998046875
2020-01-29,0.006094646255253335,0.007919743972216401,0.005424774697019663,12129.5
2020-01-30,-0.007754976405079576,0.007833289636878358,0.011607055416299956,12035.7998046875
2020-01-31,-0.006142239847635705,0.007879473996094398,0.013183320693041744,11962.099609375
2020-02-03,-0.02147942474929971,0.008155857904549287,0.01156053646334231,11707.900390625
2020-02-04,0.02294554852001912,0.009713285914101193,0.016924533971264095,11979.650390625
2020-02-05,0.009098978920125088,0.009922347484765528,0.011977746704374806,12089.150390625
2020-02-06,0.00402853577236436,0.00928785402950831,0.006257170076322317,12137.9501953125
2020-02-07,-0.003267876820959125,0.009268256542396804,0.006674464088674285,12098.349609375
2020-02-10,-0.005540836887552729,0.009194720454368626,0.009375373368865063,12031.5
2020-02-11,0.0063299538920958175,0.009312325328767846,0.006053882367933514,12107.900390625
2020-02-12,0.0076761591804553895,0.009512154808879165,0.0071673436967370574,12201.2001953125
2020-02-13,-0.002178370358219195,0.009511053050839333,0.007051585317276019,12174.650390625
2020-02-14,-0.005039531569823334,0.009558338309822242,0.012836970267989651,12113.4501953125
2020-02-17,-0.005600386389670753,0.009367635196183008,0.010177789052022233,12045.7998046875
2020-02-18,-0.004434580853707973,0.009366587235552866,0.01023141090785908,11992.5
2020-02-19,0.011062238693018929,0.009660165702133182,0.0076365946407652395,12125.900390625
2020-02-20,-0.003722171151700223,0.009589159578545644,0.006667561247099013,12080.849609375
2020-02-24,-0.02103353072205037,0.01051670989138101,0.0168351232933437,11829.400390625
2020-02-25,-0.002666408571566386,0.010312156539801052,0.008743031441803486,11797.900390625
2020-02-26,-0.010172038146389433,0.01046826393358293,0.012300414490302693,11678.5
2020-02-27,-0.0038778860778288546,0.010319420090518781,0.010929780560737089,11633.2998046875
2020-02-28,-0.0378016423222764,0.013021240010497568,0.018724752828799072,11201.75
2020-03-02,-0.0061788013630017435,0.013021619629078452,0.03563809481035683,11132.75
2020-03-03,0.015203486470954998,0.012952873703151313,0.01678272704346309,11303.2998046875
2020-03-04,-0.0046376876143074345,0.011579751124645207,0.024393317816194117,11251.0
2020-03-05,0.0015985793812774052,0.01128017945198554,0.01285831845106043,11269.0
2020-03-06,-0.02511985353017798,0.012107256303360382,0.01889987352038714,10989.4501953125
2020-03-09,-0.05019499598647564,0.015757065586365134,0.04373552003146992,10451.4501953125
2020-03-11,0.0006647771623133455,0.015854666377368827,0.020184693785890193,10458.400390625
2020-03-12,-0.08666894981793948,0.023521447726852215,0.055551787855255955,9590.150390625
2020-03-13,0.03735847654239177,0.02564591977833296,0.16114693512194525,9955.2001953125
2020-03-16,-0.07917416945110371,0.029821874713592066,0.04752436203419402,9197.400390625
2020-03-17,-0.02536415171509603,0.029845968769214908,0.05444379209952584,8967.0498046875
2020-03-18,-0.05716792711513327,0.031185150311741003,0.08507699043744092,8468.7998046875
2020-03-19,-0.02454659954775134,0.031061740369192094,0.08990196262650865,8263.4501953125
2020-03-20,0.05669138794443699,0.03480672242572463,0.08059045434450793,8745.4501953125
2020-03-23,-0.13903756461051203,0.0441280933436777,0.0756413918522716,7610.25
2020-03-24,0.024762292138464665,0.045410828987974536,0.06740760677367767,7801.0498046875
2020-03-25,0.06414544603118057,0.049122102161069714,0.07958787800802068,8317.849609375
2020-03-26,0.03816665439616388,0.05066533780002084,0.0513975552741629,8641.4501953125
2020-03-27,0.002173175106963937,0.05075361117031412,0.05958257556075171,8660.25
2020-03-30,-0.04476782787370225,0.050943636586603315,0.04009129411076569,8281.099609375
2020-03-31,0.03752477847769833,0.052266784947478835,0.037253909998255355,8597.75
2020-04-01,-0.040826864424490454,0.05218159798743031,0.04722067523114058,8253.7998046875
2020-04-03,-0.02081164185069997,0.05212609081333163,0.037204038603925606,8083.7998046875
2020-04-07,0.08400295216282225,0.05669127900826558,0.05214282945432925,8792.2001953125
2020-04-08,-0.004954153987953298,0.05663261973532157,0.05461349389198457,8748.75
2020-04-09,0.0406704613937413,0.05700023071322466,0.024561265498222726,9111.900390625
2020-04-13,-0.013040327423561648,0.056987412267746354,0.02219843812535954,8993.849609375
2020-04-15,-0.007651048328648555,0.05386663759320266,0.04337115776594952,8925.2998046875
2020-04-16,0.007534316783542481,0.05308039473426922,0.025781693622730077,8992.7998046875
2020-04-17,0.03000848934711599,0.05061673554621531,0.02510593148892546,9266.75
2020-04-20,-0.0005289542483047096,0.05025538403119901,0.017280544538910987,9261.849609375
2020-04-21,-0.030742409586860843,0.04895916589485217,0.015030980194095796,8981.4501953125
2020-04-22,0.022660713376927297,0.04870161294577984,0.028680897064615036,9187.2998046875
2020-04-23,0.013685875581327233,0.04724058406167225,0.01862261903988012,9313.900390625
2020-04-24,-0.017273269224786485,0.033919854654119744,0.016997354201029942,9154.400390625
2020-04-27,0.01387465918374464,0.03374448801246199,0.013655021133447132,9282.2998046875
2020-04-28,0.010566409007242056,0.031136432455890352,0.015393020351149828,9380.900390625
2020-04-29,0.01821608855026957,0.030362070899881313,0.021720130476160296,9553.349609375
2020-04-30,0.03158422875946422,0.0309241738834784,0.015978843441187465,9859.900390625
2020-05-04,-0.059160835126554547,0.032315873719567276,0.0286813154018938,9293.5
2020-05-05,-0.009503278972569803,0.031586171780916474,0.028260015823419297,9205.599609375
2020-05-06,0.0070685522845568985,0.029821655310605964,0.024851997208166263,9270.900390625
2020-05-07,-0.0077803077564110755,0.029347981507854,0.011082581452929018,9199.0498046875
2020-05-08,0.005685503917787226,0.02299437517659832,0.015613705378857482,9251.5
2020-05-11,-0.001330377581346701,0.022946392506805965,0.023806194330986737,9239.2001953125
2020-05-12,-0.004626930470959459,0.021170987267882323,0.02141013948101928,9196.5498046875
2020-05-13,0.02012974293547344,0.02135597337813774,0.024873357682655035,9383.5498046875
2020-05-14,-0.025996919937107583,0.022176048159723516,0.017647820335785186,9142.75
2020-05-15,-0.0006455711236580218,0.02212852467674426,0.014490814261531525,9136.849609375
2020-05-18,-0.03492536149006188,0.022378797194660068,0.03984357291105885,8823.25
2020-05-19,0.006309873650596998,0.022461822851296477,0.019714814833552897,8879.099609375
2020-05-20,0.020891638839326522,0.021959426286272062,0.024094082094994834,9066.5498046875
2020-05-21,0.004369195599480915,0.021359349373814687,0.013446829958819493,9106.25
2020-05-22,-0.00738478460081561,0.021144336851949986,0.020029294984373704,9039.25
2020-05-26,-0.00112907097030296,0.02081595573763634,0.01827434819490518,9029.0498046875
2020-05-27,0.0311735219299972,0.02178960025595403,0.03540008192056012,9314.9501953125
2020-05-28,0.018628451492543274,0.022064780756933744,0.018413926849341965,9490.099609375
2020-05-29,0.009459777532853096,0.02178144828790359,0.023167251889278404,9580.2998046875
2020-06-01,0.025338352659720637,0.02134734774043074,0.02286240339623084,9826.150390625
2020-06-02,0.015445627746472025,0.016454584884626915,0.017190910142467684,9979.099609375
2020-06-03,0.008228342186278518,0.016189303174342105,0.01397899859914955,10061.5498046875
2020-06-04,-0.003230380747065696,0.016265093045262222,0.01790784979412448,10029.099609375
2020-06-05,0.01120921756965851,0.016098901198676723,0.013512894150552469,10142.150390625
2020-06-08,0.0024914146063167966,0.016106331088309757,0.020482028040423497,10167.4501953125
2020-06-09,-0.011952175882067815,0.016486970117066742,0.026844787548710752,10046.650390625
2020-06-10,0.006893910822071789,0.0163635318997516,0.011061558626955775,10116.150390625
2020-06-11,-0.021396438367806456,0.01693592046516188,0.02292466168450818,9902.0
2020-06-12,0.007134696525776951,0.015545661469008614,0.04529276114470367,9972.900390625
2020-06-15,-0.016092064938005003,0.016177531768575122,0.022111945105440428,9813.7001953125
2020-06-16,0.010168511071378764,0.013440366000256028,0.03204058812033488,9914.0
2020-06-17,-0.0033189583187083734,0.01359377170734378,0.01718421418305727,9881.150390625
2020-06-18,0.021079446670088396,0.013605135415911079,0.026373326494965574,10091.650390625
2020-06-19,0.015022865002949488,0.013772011236824084,0.01949845695047199,10244.400390625
2020-06-22,0.006499449097502718,0.013412978377829069,0.01125482766814643,10311.2001953125
2020-06-23,0.015378829255110686,0.013421361433648967,0.01747208435798873,10471.0
2020-06-24,-0.015951224257763807,0.013163652993965838,0.026316575010184667,10305.2998046875
2020-06-25,-0.0015926248529521327,0.01283854209246431,0.016260222019443358,10288.900390625
2020-06-26,0.00910417112670767,0.012830886266716381,0.00949625439420206,10383.0
2020-06-29,-0.006822760798075913,0.012007834553540384,0.011088648772933224,10312.400390625
2020-06-30,-0.0009993724909477652,0.01162554415285191,0.012977955987809675,10302.099609375
2020-07-01,0.012343324106810436,0.011784488972856636,0.014137055725873192,10430.0498046875
2020-07-02,0.011595958752537541,0.011917080202060334,0.010676041636877055,10551.7001953125
2020-07-03,0.005260117338821228,0.011762543248948995,0.006471872483756564,10607.349609375
2020-07-06,0.014627632603289031,0.012084700554241743,0.010804957150159436,10763.650390625
2020-07-07,0.003339009534036716,0.011571810148023911,0.011491076552138099,10799.650390625
2020-07-08,-0.008732782060989626,0.011862581414353437,0.016000729018284567,10705.75
2020-07-09,0.01000976742529668,0.010485220425496595,0.009603744179634503,10813.4501953125
2020-07-10,-0.00420734959083762,0.010635328758052339,0.009881119845738664,10768.0498046875
2020-07-13,0.003212722824094239,0.009552449808169794,0.012774583900780739,10802.7001953125
2020-07-14,-0.018249000734889463,0.010750378142018367,0.018171362979272736,10607.349609375
2020-07-15,0.001022408086719745,0.010651370398720317,0.02351624481734036,10618.2001953125
2020-07-16,0.011400923444823241,0.010016208688075927,0.014906922887303165,10739.9501953125
2020-07-17,0.014948306530616993,0.010011555499582074,0.01685973760006077,10901.7001953125
2020-07-20,0.010992680250840313,0.010141208449440813,0.007702671800599872,11022.2001953125
2020-07-21,0.012626110991777935,0.009986635311960713,0.005939645204819817,11162.25
2020-07-22,-0.002659843741967638,0.009043042758315962,0.016307943432602483,11132.599609375
2020-07-23,0.007414603621325298,0.008981225834251564,0.01218403289059343,11215.4501953125
2020-07-24,-0.0019009541040186228,0.009009210114458158,0.012068855716879195,11194.150390625
2020-07-27,-0.0055854955772852745,0.00893666525197337,0.012320594426001733,11131.7998046875
2020-07-28,0.015045520083450243,0.009197355055680435,0.014720488139966226,11300.5498046875
2020-07-29,-0.008683204468886633,0.00946648712039556,0.017107289422560772,11202.849609375
2020-07-30,-0.009029356907451743,0.009667879192254907,0.019365617689844364,11102.150390625
2020-07-31,-0.002588449519166038,0.009710960972752205,0.011175378749830345,11073.4501953125
2020-08-03,-0.016558554850121334,0.01009807804408277,0.016140861856157422,10891.599609375
2020-08-04,0.01852527473195631,0.01085796435223876,0.018399800871994772,11095.25
2020-08-05,0.0005766923029565639,0.010599432720513387,0.01455644703727715,11101.650390625
2020-08-06,0.00883342483924069,0.010554739261595421,0.011562344743906027,11200.150390625
2020-08-07,0.0012402330418245548,0.010462614145420237,0.008012322711456323,11214.0498046875
2020-08-10,0.004990233307851035,0.010480730709514064,0.008810867756485475,11270.150390625
2020-08-11,0.004634224153283686,0.009325685029021265,0.006575333958931331,11322.5
2020-08-12,-0.0012460495124746427,0.009368059257783137,0.007016873000073749,11308.400390625
2020-08-13,-0.0007032817179241128,0.009196297709386613,0.007906730070989808,11300.4501953125
2020-08-14,-0.010859185489107238,0.00917468718805239,0.022793941510736472,11178.400390625
2020-08-17,0.006126903182347498,0.008964945871735196,0.010900553354467254,11247.099609375
2020-08-18,0.012217124027310865,0.008937478800237523,0.013047452189362735,11385.349609375
2020-08-19,0.002022553472584474,0.008898093625233968,0.005807124376038011,11408.400390625
2020-08-20,-0.0084681538079335,0.00902433611602469,0.006333904049425343,11312.2001953125
2020-08-21,0.005237178104313519,0.00906836510864724,0.004950913382589129,11371.599609375
2020-08-24,0.008306412509926262,0.009086631196016338,0.007552434092497261,11466.4501953125
2020-08-25,0.000505678592222556,0.008507440978620792,0.008939029505981825,11472.25
2020-08-26,0.006719694702452173,0.00830288845206128,0.00864968431839916,11549.599609375
2020-08-27,0.0008352117348219679,0.007927481241379085,0.006639704133053615,11559.25
2020-08-28,0.007614134421611744,0.007943749682641674,0.008297796739570972,11647.599609375
2020-08-31,-0.0225838540823065,0.008776305636746837,0.04113285537870472,11387.5
2020-09-01,0.007240464307211334,0.008001853207099736,0.016272480029859857,11470.25
2020-09-02,0.005629164732428894,0.00804542286481422,0.010780200205895102,11535.0
2020-09-03,-0.0006547270470620276,0.007894294776243831,0.006705715780835301,11527.4501953125
2020-09-04,-0.01693737589976223,0.008900774274129955,0.013093469489814717,11333.849609375
2020-09-07,0.001868773014980915,0.008845669627920846,0.011400231398286022,11355.0498046875
2020-09-08,-0.003325649779789579,0.008823000094887259,0.012971217622003551,11317.349609375
2020-09-09,-0.003482986529093653,0.008853449720312956,0.010019507004788084,11278.0
2020-09-10,0.01507030028649042,0.009480487003571451,0.01193522842653449,11449.25
2020-09-11,0.0013267344350831917,0.009084936400295751,0.006419811514824572,11464.4501953125
2020-09-14,-0.002130620607789219,0.009039798989879545,0.016201903759330977,11440.0498046875
2020-09-15,0.007120536611649034,0.00877033227414848,0.008132426955932635,11521.7998046875
2020-09-16,0.007156369643982706,0.008888623066117839,0.008733609754861942,11604.5498046875
2020-09-17,-0.007651223391398827,0.008845309067023743,0.0077022775350337495,11516.099609375
2020-09-18,-0.0009686278452831663,0.008793601582398428,0.011994836801312343,11504.9501953125
2020-09-21,-0.022360395533691877,0.009970857304752494,0.028154179617784304,11250.5498046875
2020-09-22,-0.008650165364363744,0.010109704289752348,0.019504807580337784,11153.650390625
2020-09-23,-0.0019564998051874198,0.009927076816771062,0.02112402002488987,11131.849609375
2020-09-24,-0.02975046086629724,0.011691943806597976,0.02083185154330145,10805.5498046875
2020-09-25,0.02239317919403798,0.012834036206362684,0.019705436528585325,11050.25
2020-09-28,0.015917509782938703,0.012568662998566278,0.012424794583566112,11227.5498046875
2020-09-29,-0.00045874615382283734,0.012429560820822133,0.011085007333094437,11222.400390625
2020-09-30,0.0022384940193966077,0.012355964464753254,0.009855531903606437,11247.5498046875
2020-10-01,0.014948800566928164,0.01287790473357982,0.00714287119523235,11416.9501953125
2020-10-05,0.007539152980994381,0.012385375934091258,0.010931598557824954,11503.349609375
2020-10-06,0.013731761801546099,0.012721667518034399,0.009946494384916538,11662.400390625
2020-10-07,0.006533795478530655,0.012722573578656858,0.011389548359638494,11738.849609375
2020-10-08,0.008123590712403974,0.012732258915889588,0.009679229417846737,11834.599609375
2020-10-09,0.00670357110102055,0.012428166615278185,0.01119667387450686,11914.2001953125
2020-10-12,0.0014048980594053501,0.012427959242444926,0.012978816174745092,11930.9501953125
2020-10-13,0.0002974848313881938,0.012397365884782387,0.00832039923645733,11934.5
2020-10-14,0.0030578533826602027,0.01234421350631772,0.014622761373773234,11971.0498046875
2020-10-15,-0.024583309443990238,0.01360992867050123,0.031176326291870744,11680.349609375
2020-10-16,0.007004361448563385,0.013552261033600374,0.01036352023607964,11762.4501953125
2020-10-19,0.009358838750109354,0.013667227851193672,0.0065568333878516065,11873.0498046875
2020-10-20,0.0019983305148122575,0.012453478076481792,0.009414296435909637,11896.7998046875
2020-10-21,0.003427863919924764,0.012158742613079084,0.020347420361359975,11937.650390625
2020-10-22,-0.0034572511936285335,0.012198084778575457,0.00975918088748408,11896.4501953125
2020-10-23,0.002845488039808009,0.009404423054985196,0.005515329126297673,11930.349609375
2020-10-26,-0.01372280171939824,0.009346273697343845,0.019642617667990907,11767.75
2020-10-27,0.010284540688903391,0.009020324370201662,0.014807290435463706,11889.400390625
2020-10-28,-0.013531751526031222,0.00972027004421347,0.02084903060583077,11729.599609375
2020-10-29,-0.0050255491286022155,0.009853949474755873,0.011798693972729583,11670.7998046875
2020-10-30,-0.0024363388871728973,0.009393399614448955,0.01833814272286324,11642.400390625
2020-11-02,0.00229500061940095,0.009273025415743433,0.014418359037961506,11669.150390625
2020-11-03,0.01229430453308261,0.009171848777861523,0.009556895977060144,11813.5
2020-11-04,0.008009485529747545,0.009227493923597918,0.014548431792417181,11908.5
2020-11-05,0.017629285844443805,0.009852672541451052,0.008539392726900337,12120.2998046875
2020-11-06,0.011749715515175936,0.010063575569202853,0.012113195902969252,12263.5498046875
2020-11-09,0.015976331587139476,0.010574986653940247,0.008562697123027495,12461.0498046875
2020-11-10,0.013554232066476922,0.010862752819009284,0.01335199593389518,12631.099609375
2020-11-11,0.009302637490367565,0.010958778031247807,0.015581461080816506,12749.150390625
2020-11-12,-0.004587327240413277,0.009039656717224996,0.00916418059065457,12690.7998046875
2020-11-13,0.0022943363271255195,0.009022675980510812,0.01008258664780481,12719.9501953125
2020-11-17,0.012053681426341886,0.00912779315573998,0.010637569187588337,12874.2001953125
2020-11-18,0.004962716492027381,0.00911682495259699,0.01000908159913435,12938.25
2020-11-19,-0.012956239372488106,0.00989257694697411,0.01701026462238251,12771.7001953125
2020-11-20,0.006816027431926412,0.009785184976033609,0.012613699905989421,12859.0498046875
2020-11-23,0.0052277864790618534,0.009786295742991355,0.011074147341271625,12926.4501953125
2020-11-24,0.009907106958531581,0.008920964492779203,0.007744040194864425,13055.150390625
2020-11-25,-0.015185397205090293,0.009917836186763371,0.024279786697078046,12858.400390625
2020-11-26,0.009951532476185488,0.009099640970691212,0.017525187447062447,12987.0
2020-11-27,-0.0013908030691388337,0.00892149869753305,0.009329976457441734,12968.9501953125
2020-12-01,0.01074476242399418,0.008808124849153647,0.01263253923089719,13109.0498046875
2020-12-02,0.0003584815807498976,0.008860702177812188,0.01105329866075684,13113.75
2020-12-03,0.0015354055912646832,0.008774120553125682,0.008276232917647957,13133.900390625
2020-12-04,0.009445908959648398,0.008803316851136224,0.009593824150174323,13258.5498046875
2020-12-07,0.007304391112653887,0.008336921159019019,0.009336817124646688,13355.75
2020-12-08,0.002781459960611745,0.008186287276904626,0.009288497964290186,13392.9501953125
2020-12-09,0.010114428562528128,0.007848139949119605,0.007339792308217573,13529.099609375
2020-12-10,-0.0037619219695161584,0.007705482389238273,0.007734655075986943,13478.2998046875
2020-12-11,0.0026340862816878062,0.007572742450458198,0.01306067516672349,13513.849609375
2020-12-14,0.0032728147749187795,0.007364120449953793,0.009223220062079242,13558.150390625
2020-12-15,0.0007151234360649028,0.007383973122455476,0.010510183267285556,13567.849609375
2020-12-16,0.008429280641864136,0.007198068428589679,0.006277957774148112,13682.7001953125
2020-12-17,0.004229970438016461,0.007189655488703434,0.007255830772474878,13740.7001953125
2020-12-18,0.0014435425896574643,0.006153023311205658,0.008302720575967175,13760.5498046875
2020-12-21,-0.03190866215630266,0.010012739476132541,0.04847166844882015,13328.400390625
2020-12-22,0.010293127415086657,0.010167080597104222,0.02221467057776099,13466.2998046875
2020-12-23,0.009960389402299756,0.010169255712310503,0.013767269219242527,13601.099609375
2020-12-24,0.01083363406633502,0.009490129914509182,0.010535091686819282,13749.25
2020-12-28,0.008974658395164679,0.009456816846219828,0.005316004884361056,13873.2001953125
2020-12-29,0.004272454296258275,0.009393528047608485,0.007730016060859963,13932.599609375
2020-12-30,0.003535836164182277,0.00924135892446126,0.009444305182246334,13981.9501953125
2020-12-31,-1.4318227638304822e-05,0.00924781498966756,0.006322485673288394,13981.75
2021-01-01,0.002624978069994666,0.00924067095792398,0.004173057031779434,14018.5
2021-01-04,0.008127554493474463,0.009198822088819876,0.01374100078150426,14132.900390625
2021-01-05,0.00470131235786493,0.009155905868074696,0.01179261373639917,14199.5
2021-01-06,-0.0037571814216639365,0.00928235277339525,0.01443845542104798,14146.25
2021-01-07,-0.0006293676223474675,0.009142709521619208,0.009418341789942228,14137.349609375
2021-01-08,0.014738082534464191,0.009438950867628866,0.010151730405652652,14347.25
2021-01-11,0.00953808562855032,0.009545737951900765,0.007946328789761646,14484.75
2021-01-12,0.0054186068221036155,0.009555469975477114,0.010835398146298528,14563.4501953125
2021-01-13,9.608621670051523e-05,0.009566222340345544,0.014943471432921969,14564.849609375
2021-01-14,0.002109021789565324,0.009500562976068464,0.01002355563340674,14595.599609375
2021-01-15,-0.01115432296065278,0.010023681094092693,0.017985726627591177,14433.7001953125
2021-01-18,-0.010614788200058034,0.010441971094745756,0.016549655085311178,14281.2998046875
2021-01-19,0.01665525875641371,0.0073719991459876375,0.013442474601635088,14521.150390625
2021-01-20,0.008472274336760961,0.007304838379377764,0.01016752740849282,14644.7001953125
2021-01-21,-0.003718184091801354,0.007376563686048595,0.0161956232039612,14590.349609375
2021-01-22,-0.015085386074712022,0.008247641528271073,0.01824048201697839,14371.900390625
2021-01-25,-0.009297255190251277,0.008468446255863862,0.019137713764710094,14238.900390625
2021-01-27,-0.019244480891583437,0.00959223656785845,0.022097754832647216,13967.5
2021-01-28,-0.010793693167934581,0.009855612691376523,0.01338877026788354,13817.5498046875
2021-01-29,-0.013328858232496075,0.010256128529894012,0.02714414944172791,13634.599609375
2021-02-01,0.04633334971971787,0.014784123214878413,0.04723689887047609,14281.2001953125
2021-02-02,0.025349539675742865,0.015698765172805204,0.017924119354656768,14647.849609375
2021-02-03,0.009654368913945022,0.015785945023674443,0.019925639698462366,14789.9501953125
2021-02-04,0.007121340982025425,0.015763189564638447,0.013356261062471965,14895.650390625
2021-02-05,0.0019181565175802602,0.015746166198062222,0.010044081989044676,14924.25
2021-02-08,0.012753134705385865,0.015672435613533448,0.00786267266523626,15115.7998046875
2021-02-09,-0.00043010611605642915,0.015598814845723504,0.01276034013354384,15109.2998046875
2021-02-10,-0.00018532057490518592,0.015586594722196378,0.01264686093320756,15106.5
2021-02-11,0.004412176664707947,0.01559119545446937,0.00811290958193357,15173.2998046875
2021-02-12,-0.0006592696934370658,0.015602893123198378,0.010716664716328147,15163.2998046875
2021-02-15,0.009935142462115996,0.015384770348186208,0.006317459615018327,15314.7001953125
2021-02-16,-8.162425642763527e-05,0.015072650926769864,0.012377994656326491,15313.4501953125
2021-02-17,-0.006850731452785171,0.014907514421146932,0.009438539342133262,15208.900390625
2021-02-18,-0.005931871684390037,0.014942229116915895,0.011422763689376012,15118.9501953125
2021-02-19,-0.009116143118184506,0.0150912310013036,0.016409939384584578,14981.75
2021-02-22,-0.02063971564030592,0.01545579426560148,0.025555837179563876,14675.7001953125
2021-02-23,0.002184873969705697,0.015263431063590871,0.01377843003821779,14707.7998046875
2021-02-24,0.01847152850052029,0.014874909635801823,0.033660379434488054,14982.0
2021-02-25,0.007669725331353619,0.014509186130749883,0.007362245261643736,15097.349609375
2021-02-26,-0.03836220275630364,0.016989508356094873,0.031089236684063895,14529.150390625
2021-03-01,0.01586881087701919,0.014023384561902504,0.011397854712150384,14761.5498046875
2021-03-02,0.010616431079728933,0.01306753106448341,0.013291673752408662,14919.099609375
2021-03-03,0.02164866615239294,0.01374716001525936,0.01819217302328656,15245.599609375
2021-03-04,-0.010871815118793142,0.013948392817348648,0.014730660879763937,15080.75
2021-03-05,-0.009504125991607463,0.01412505721260842,0.015413607220526059,14938.099609375
2021-03-08,0.001210972544447202,0.013810867435122763,0.012787338862978087,14956.2001953125
2021-03-09,0.009462861169810146,0.013990653505957209,0.013339122612455971,15098.400390625
2021-03-10,0.005047340602462587,0.014036567275241371,0.007749728988264685,15174.7998046875
2021-03-12,-0.009524722735275023,0.014163160803974036,0.0254608118807983,15030.9501953125
2021-03-15,-0.006772300308835674,0.014233219575056615,0.020265298988579657,14929.5
2021-03-16,-0.0012767988653300596,0.014008121524427177,0.010794390286122862,14910.4501953125
2021-03-17,-0.01276691115553913,0.014233631830782627,0.017695448326991655,14721.2998046875
2021-03-18,-0.011165071153974405,0.014343732827936771,0.027243074807016564,14557.849609375
2021-03-19,0.012705880170274957,0.014688942841164628,0.029717199581185568,14744.0
2021-03-22,-0.0005155703072306843,0.01457213892368714,0.011268069328221983,14736.400390625
2021-03-23,0.005302656033791128,0.013852424843862747,0.01158302430854385,14814.75
2021-03-24,-0.018073523592070435,0.01444839525799534,0.014938733111987942,14549.400390625
2021-03-25,-0.015550473459416195,0.014090444342137123,0.021724354813222005,14324.900390625
2021-03-26,0.012652648509180619,0.01431716610592506,0.01093590073693369,14507.2998046875
2021-03-30,0.023017860602701366,0.012584737583766131,0.017426639235827376,14845.099609375
2021-03-31,-0.010455164345430578,0.012330131645049102,0.00976808444064415,14690.7001953125
2021-04-01,0.011952853344086897,0.012395513934757227,0.012830128100284771,14867.349609375
2021-04-05,-0.015560296479187625,0.011721842284881807,0.02666723241084342,14637.7998046875
2021-04-06,0.0031172037135109875,0.011583287898832393,0.01397481654578268,14683.5
2021-04-07,0.0091890876818974,0.011643427468318328,0.015517202407927876,14819.0498046875
2021-04-08,0.003687760707936765,0.011674594224157312,0.010962281554886487,14873.7998046875
2021-04-09,-0.0026221466406612408,0.011454665371158244,0.008951880752709224,14834.849609375
2021-04-12,-0.03596463281723922,0.013773806339680436,0.028216438647631382,14310.7998046875
2021-04-13,0.013465132344700306,0.014148777525657052,0.017511444723140205,14504.7998046875
2021-04-15,0.005270570669209097,0.014181426798594795,0.01675756568119343,14581.4501953125
2021-04-16,0.0024931716281266104,0.014205100027973072,0.009488413071615276,14617.849609375
2021-04-19,-0.01783508230882999,0.014468986254485606,0.013294340066363907,14359.4501953125
2021-04-20,-0.0044004910090830246,0.014302985212589022,0.02235880234822003,14296.400390625
2021-04-22,0.007647441212800463,0.01409279346576337,0.018974507551502866,14406.150390625
2021-04-23,-0.004508280094204329,0.014111465881990162,0.013098529152005422,14341.349609375
2021-04-26,0.009966685459202936,0.014265045266375726,0.009402843998101484,14485.0
2021-04-27,0.011534860370141113,0.013946428048477445,0.012468407447441715,14653.0498046875
2021-04-28,0.014330678808834763,0.013752032304279332,0.013138628969840221,14864.5498046875
2021-04-29,0.002039728305535653,0.013515946065247864,0.015434773515316759,14894.900390625
2021-04-30,-0.017869525228607498,0.01314824743477509,0.017343194071169302,14631.099609375
2021-05-03,0.0002084917272909865,0.01294763386957343,0.017602635103437552,14634.150390625
2021-05-04,-0.009450624224999165,0.012774288562589416,0.01806645677404891,14496.5
2021-05-05,0.008336116981918119,0.01248081809225831,0.008982222745388738,14617.849609375
2021-05-06,0.007289775876840782,0.012571412887129969,0.008991659810739946,14724.7998046875
2021-05-07,0.006657040403640492,0.012487963657644761,0.006580909058926908,14823.150390625
2021-05-10,0.008009262800994111,0.012591832918290129,0.004979162753515039,14942.349609375
2021-05-11,-0.006149068019026527,0.012658398573132699,0.008659469008299244,14850.75
2021-05-12,-0.0104409988264523,0.009799888978531348,0.011863342249855408,14696.5
2021-05-14,-0.001273235308628596,0.00938466145795077,0.010747523613833524,14677.7998046875
2021-05-17,0.016577589783995917,0.010001590630810317,0.014249698291494195,14923.150390625
2021-05-18,0.012317273309973075,0.010307182116615804,0.006192029911521745,15108.099609375
2021-05-19,-0.005172788238334181,0.009395976275686333,0.008286728875826025,15030.150390625
2021-05-20,-0.008291052039504188,0.009580088501673448,0.012404320157601697,14906.0498046875
2021-05-21,0.01790193553229923,0.010150706221024956,0.013452807737079433,15175.2998046875
2021-05-24,0.0014750202275935762,0.010017457238842429,0.007290563918458828,15197.7001953125
2021-05-25,0.0007070938155468382,0.009886782007469421,0.008577416967194109,15208.4501953125
2021-05-26,0.0060964006336564555,0.009696338701360233,0.008165905434948753,15301.4501953125
2021-05-27,0.0023759962804964516,0.009265824871517734,0.007305444214227493,15337.849609375
2021-05-28,0.006356190262519319,0.009327475163930697,0.004852428548815249,15435.650390625
2021-05-31,0.00948793489109113,0.008235847055781214,0.0149106458587183,15582.7998046875
2021-06-01,-0.000510320620107419,0.00825091803123455,0.00850410749602192,15574.849609375
2021-06-02,8.67120656808025e-05,0.007746657447723519,0.008834027825278562,15576.2001953125
2021-06-03,0.007301728008600275,0.0077167110045213575,0.005997292075555499,15690.349609375
2021-06-04,-0.0012818385093088212,0.007735505153768294,0.007099440021697165,15670.25
2021-06-07,0.0051811361952536165,0.007706888619305059,0.006053371143524767,15751.650390625
2021-06-08,-0.0007335750962069031,0.007657853141773798,0.006276949138787762,15740.099609375
2021-06-09,-0.0066772200430738555,0.007690455103413173,0.014937293410277367,15635.349609375
2021-06-10,0.006527933518834105,0.007091723490490859,0.006528887547457546,15737.75
2021-06-11,0.003906490354253145,0.00700525978407013,0.0054274386047586266,15799.349609375
2021-06-14,0.0007908589968395644,0.006332827699135796,0.013695412620109005,15811.849609375
2021-06-15,0.003623640223476974,0.00593790288096302,0.003730435827149991,15869.25
2021-06-16,-0.006429256198967984,0.006028832519581546,0.008768007820650736,15767.5498046875
2021-06-17,-0.004841201776747716,0.005749905674559279,0.009725047196308389,15691.400390625
2021-06-18,-0.0005132013116724437,0.004504669155670625,0.019804417876990613,15683.349609375
2021-06-21,0.0040185031994205474,0.004535371137104792,0.016479852665671736,15746.5
2021-06-22,0.0016656491552922152,0.004528566172648375,0.009107504438033952,15772.75
2021-06-23,-0.005454598542621072,0.004688445106505058,0.012048231023036975,15686.9501953125
2021-06-24,0.006576170313444658,0.004833636142073551,0.00751721412906498,15790.4501953125
2021-06-25,0.004416920149496724,0.0047488306218149935,0.0062104557860298976,15860.349609375
2021-06-28,-0.0028823598351750412,0.004428902456956599,0.007809190087372354,15814.7001953125
2021-06-29,-0.004197939462444536,0.004558497662172497,0.007102323374702111,15748.4501953125
2021-06-30,-0.0017127578361914226,0.0045858871911786765,0.008291168741850333,15721.5
2021-07-01,-0.0026431873739428875,0.004337941184868889,0.0056441326530612245,15680.0
2021-07-02,0.0026877238189711517,0.004368498140242724,0.006513046061646633,15722.2001953125
2021-07-05,0.007107867426692256,0.0045040685743567566,0.005298631942250746,15834.349609375
2021-07-06,-0.0010172694162285671,0.004507813547693003,0.007156303340287326,15818.25
2021-07-07,0.003874103121228537,0.004265642052692448,0.007169528709663176,15879.650390625
2021-07-08,-0.009602209739377547,0.004630028401563269,0.012897437314386443,15727.900390625
2021-07-09,-0.0024254228908178565,0.004562588355910128,0.006252444938506587,15689.7998046875
2021-07-12,0.00017843152513541638,0.00455659463690493,0.009204988268878231,15692.599609375
2021-07-13,0.0076020168050800795,0.004819744721555045,0.0048190305169651445,15812.349609375
2021-07-14,0.00262743737830436,0.004623105204114642,0.00713698558835858,15853.9501953125
2021-07-15,0.0044212840314639245,0.004547110831248321,0.006113312328468223,15924.2001953125
2021-07-16,-5.022699813825734e-05,0.0045415898069817336,0.005002096830517096,15923.400390625
2021-07-19,-0.010796990571541962,0.005149610874271342,0.008214645858164721,15752.400390625
2021-07-20,-0.007666291987629491,0.0054087859969685756,0.009589267876408656,15632.099609375
2021-07-22,0.012204454864528006,0.005961570184517406,0.006850295303695849,15824.0498046875
2021-07-23,0.0020201963552988087,0.005799400562370728,0.008287020770056776,15856.0498046875
2021-07-26,-0.001994894010794567,0.005731266682456444,0.006088654467347028,15824.4501953125
2021-07-27,-0.004941269190283573,0.005801681106206229,0.011466063934920848,15746.4501953125
2021-07-28,-0.0023556712745251398,0.005749526909718167,0.016171833320838328,15709.400390625
2021-07-29,0.0043858132000563635,0.005822101271895478,0.005041674163355591,15778.4501953125
2021-07-30,-0.000976516135808173,0.005791400180535133,0.007482701429860663,15763.0498046875
2021-08-02,0.007716153904229494,0.006007279004519394,0.0036669467123444815,15885.150390625
2021-08-03,0.015342653128218075,0.006722524494620935,0.014416613068208236,16130.75
2021-08-04,0.007906900379200192,0.006880965359927029,0.007014650900284708,16258.7998046875
2021-08-05,0.002199451962862978,0.0068590890572085405,0.008539663076160562,16294.599609375
2021-08-06,-0.0034672374282357825,0.006472642894946459,0.0069866237605107125,16238.2001953125
2021-08-09,0.0012339690711517842,0.006404327987278696,0.00871558718266111,16258.25
2021-08-10,0.0013430068163520583,0.006394291268385941,0.009643675638789737,16280.099609375
2021-08-11,0.00013207834532344713,0.006256551232388697,0.010821612204240815,16282.25
2021-08-12,0.005032710127087298,0.0063030320065023335,0.0054141677825090264,16364.400390625
2021-08-13,0.010014172717061967,0.006554565677673363,0.0101215316406352,16529.099609375
2021-08-16,0.0020519176533692787,0.006539088431791826,0.006559805440432287,16563.05078125
2021-08-17,0.0031074454639570138,0.005808733631009518,0.008014059547355458,16614.599609375
2021-08-18,-0.002757400455017452,0.005441331548928219,0.010018800575392619,16568.849609375
2021-08-20,-0.007168531033199722,0.005423991341332326,0.00811531421917267,16450.5
2021-08-23,0.002789286998064274,0.005427305827818815,0.011929887373963763,16496.44921875
2021-08-24,0.007738343720985011,0.005488193391639295,0.009130976486158324,16624.599609375
2021-08-25,0.0006043901504665573,0.0052281689899413486,0.005707917901509474,16634.650390625
2021-08-26,0.00013525068417903375,0.005129028425977538,0.0048265497923067995,16636.900390625
2021-08-27,0.004096857993577663,0.005124933843544244,0.009365417905306895,16705.19921875
2021-08-30,0.013429259014094868,0.005552753056720698,0.011024146878804637,16931.05078125
2021-08-31,0.011810427696351353,0.005784148638247468,0.013871563573981102,17132.19921875
2021-09-01,-0.0032710789243950112,0.00530304643181589,0.009996294195154088,17076.25
2021-09-02,0.009204293951085803,0.005375624358048982,0.010780965527089258,17234.150390625
2021-09-03,0.005176808010644206,0.005396013457804477,0.007383014703005733,17323.599609375
2021-09-06,0.003123863322045117,0.005172933986559025,0.0048337531922124964,17377.80078125
2021-09-07,-0.0009039273439216094,0.005241495742427258,0.008610709727714879,17362.099609375
2021-09-08,-0.0004954320044973781,0.005293201301586654,0.007445251498256836,17353.5
2021-09-09,0.0009071862729865194,0.005272410822884058,0.004430310570404594,17369.25
2021-09-13,-0.0008034211637875494,0.0053286652114884715,0.006291980768663752,17355.30078125
2021-09-14,0.0014221395731308123,0.005068264396647355,0.004113924050632912,17380.0
2021-09-15,0.007991527890878581,0.0052119978704231705,0.008322112545008573,17519.44921875
2021-09-16,0.006261987530756848,0.0052689931313265465,0.0076094268484642215,17629.5
2021-09-17,-0.002518817158814708,0.005255609615515192,0.014517864360210702,17585.150390625
2021-09-20,-0.01076276621795277,0.005666184182563528,0.014999753570505163,17396.900390625
2021-09-21,0.009445425055689747,0.005857950291832491,0.014363398246213415,17562.0
2021-09-22,-0.0008744061752431491,0.005817753674239749,0.004926821748052207,17546.650390625
2021-09-23,0.01562383807742847,0.006466368073496862,0.011072780770052656,17822.94921875
2021-09-24,0.0016958112674268218,0.006433597693436831,0.007183586450170105,17853.19921875
2021-09-27,0.00010643971788971012,0.006476758208182986,0.00787447913766758,17855.099609375
2021-09-28,-0.005982542262753364,0.0063363910576019295,0.018973327891296,17748.599609375
2021-09-29,-0.002103719495544819,0.005998780054097933,0.009801629565163308,17711.30078125
2021-09-30,-0.005273255224157625,0.006101270726779772,0.008899957020087484,17618.150390625
2021-10-01,-0.004898963801205104,0.005985422402266874,0.00594625245504606,17532.05078125
2021-10-04,0.009039488024266832,0.006190942274261528,0.009583877976400763,17691.25
2021-10-05,0.007380358946066971,0.006337416093629552,0.010803814304804659,17822.30078125
2021-10-06,-0.009941397212065623,0.0068049920018447615,0.015383045378556047,17646.0
2021-10-07,0.00814702470131476,0.006989566456280767,0.005269710942082693,17790.349609375
2021-10-08,0.005876323303578524,0.007064909878862351,0.005671912268719067,17895.19921875
2021-10-11,0.0028319423974920437,0.007049505464759285,0.011303364726066533,17945.94921875
2021-10-12,0.002559973015762186,0.00705196255976266,0.007986970734957627,17991.94921875
2021-10-13,0.00939334195098345,0.007124068058090271,0.008096729734194117,18161.75
2021-10-14,0.009687709975996201,0.007276538869296318,0.005564822567895628,18338.55078125
2021-10-18,0.007524019573498294,0.0072968454637752376,0.005295737427657831,18477.05078125
2021-10-19,-0.0031602962146704853,0.006748421366251042,0.012310824567356634,18418.75
2021-10-20,-0.008294933244362599,0.00699771888920506,0.013628763820236709,18266.599609375
2021-10-21,-0.004856682911584848,0.0071380675738756255,0.018494739602846703,18178.099609375
2021-10-22,-0.0034827257394313984,0.006429416165311863,0.015451389993281817,18114.900390625
2021-10-25,0.0005794654054989729,0.006426188092775689,0.015056240675717831,18125.400390625
2021-10-26,0.00785852166355233,0.0066158985207717125,0.01155812402756168,18268.400390625
2021-10-27,-0.0031497940609639214,0.006484308819398278,0.009562949659191553,18210.94921875
2021-10-28,-0.019613430387588483,0.00797640978557817,0.021909868540788757,17857.25
2021-10-29,-0.010447905544470225,0.008249716048636897,0.01713195956845163,17671.650390625
2021-11-01,0.014494106171593095,0.008749415426902989,0.014333798730084517,17929.650390625
2021-11-02,-0.002272628736845954,0.008574487802263223,0.009204028062890607,17888.94921875
2021-11-03,-0.003345641269055336,0.008459830906104766,0.012945100810095799,17829.19921875
2021-11-04,0.0049013449265533065,0.008186664672047286,0.002620510907512829,17916.80078125
2021-11-08,0.008434037348294714,0.008200532183112985,0.013930346430229147,18068.55078125
2021-11-09,-0.0013458266538282125,0.008122756735738857,0.007179507495462543,18044.25
2021-11-10,-0.0015002606334366785,0.008112661436095066,0.00811724387483054,18017.19921875
2021-11-11,-0.00800207185820445,0.00829260033986761,0.009687494092358416,17873.599609375
2021-11-12,0.012739118453093435,0.008529440772503987,0.01199263147173772,18102.75
2021-11-15,0.00036999789965571825,0.008211635384368522,0.0076672464025708265,18109.44921875
2021-11-16,-0.006106589273008452,0.00806370101876838,0.009658741328553029,17999.19921875
2021-11-17,-0.005601956226916921,0.008111528116827088,0.00801179907397435,17898.650390625
2021-11-18,-0.007506297537132803,0.008078259726423986,0.014472417255945691,17764.80078125
2021-11-22,-0.01979806684873854,0.009048121660757406,0.03013230276427527,17416.55078125
2021-11-23,0.004971320417088634,0.009178616898126716,0.01928771446090397,17503.349609375
2021-11-24,-0.005057449101021469,0.009190921780854478,0.01416014299771682,17415.05078125
2021-11-25,0.006935347288237329,0.009140992359003093,0.01212633206215696,17536.25
2021-11-26,-0.029502195657113865,0.011015646009007856,0.02171334534436427,17026.44921875
2021-11-29,0.0016138312478338214,0.010371257598185827,0.022182476520399074,17053.94921875
2021-11-30,-0.0041572285072535705,0.010205252724618964,0.02315523682757247,16983.19921875
2021-12-01,0.010758559762450211,0.009917879331044741,0.008667888661558347,17166.900390625
2021-12-02,0.013581917861660867,0.010524611558009258,0.015576041469665739,17401.650390625
2021-12-03,-0.011847592241934006,0.01077682383655967,0.017968564552381622,17196.69921875
2021-12-06,-0.016679248094838027,0.011144027225388922,0.019219842495824032,16912.25
2021-12-07,0.015515557382479443,0.011624725201878652,0.015363859334331688,17176.69921875
2021-12-08,0.016917044993306308,0.012413265599211345,0.010054545178093562,17469.75
2021-12-09,0.002692438725331353,0.012450701965326674,0.009342455651238478,17516.849609375
2021-12-10,-0.00031682107730694167,0.012354709479023116,0.007372359768569091,17511.30078125
2021-12-13,-0.0082026046847206,0.012009476006820247,0.016325811826177077,17368.25
2021-12-14,-0.0024990311601760175,0.011995911428678974,0.008681056404883281,17324.900390625
2021-12-15,-0.005991976410169169,0.011993981452690315,0.009232698642008031,17221.400390625
2021-12-16,0.0015665890089298405,0.011994353431142865,0.011270632999142471,17248.400390625
2021-12-17,-0.015377077556357827,0.012314543796637982,0.019528836112138993,16985.19921875
2021-12-20,-0.022084626281366433,0.012495380868957467,0.025875480663541985,16614.19921875
2021-12-21,0.009384532645495392,0.012669383034193132,0.014796530671068836,16770.849609375
2021-12-22,0.010947032985081793,0.012976950907388322,0.008935180545524288,16955.44921875
2021-12-23,0.006885546336514033,0.012975284662035768,0.006038893415996552,17072.599609375
2021-12-24,-0.0040409083631890875,0.011193424234367647,0.014467396897743144,17003.75
2021-12-27,0.004840138519222991,0.011242060642333698,0.016320231911624846,17086.25
2021-12-28,0.008566610759914585,0.011348304831319218,0.00517021510016973,17233.25
2021-12-29,-0.00114091088034896,0.011104204971494901,0.006349562590352854,17213.599609375
2021-12-30,-0.0005607831589689821,0.010643632151283108,0.006841520535687323,17203.94921875
2021-12-31,0.008686990360265219,0.010487910592782956,0.009352328358135044,17354.05078125
2022-01-03,0.015532066331647875,0.010187088772540246,0.01494122906028329,17625.69921875
2022-01-04,0.01013533773365083,0.00987963069837709,0.013144933551901827,17805.25
2022-01-05,0.006716975758933995,0.009304562725775768,0.010925906716782193,17925.25
2022-01-06,-0.01005580805311726,0.009634041610017779,0.00802430050690625,17745.900390625
2022-01-07,0.0037571168401497185,0.009655577979058748,0.011253163615933244,17812.69921875
2022-01-10,0.010643475643964555,0.00964489070042331,0.007681859554834237,18003.30078125
2022-01-11,0.0029090757855369247,0.009593825837286763,0.0064716009789125345,18055.75
2022-01-12,0.008635720331115329,0.009504350904249293,0.005444022305005736,18212.349609375
2022-01-13,0.002492514833041471,0.009500294489253847,0.005939884000781344,18257.80078125
2022-01-14,-0.00011232987251458901,0.008522257419925782,0.009164171733563398,18255.75
2022-01-17,0.0028634646353713476,0.006023318497452558,0.005068837467023592,18308.099609375
2022-01-18,-0.010710847446216868,0.0068475360834247745,0.014633030698471255,18113.05078125
2022-01-19,-0.009689027834056424,0.0072638675272939475,0.013618763256765965,17938.400390625
2022-01-20,-0.010163883876396832,0.007745804852107312,0.016627245593287154,17757.0
2022-01-21,-0.00790692279190989,0.00794915060898585,0.012587166203565174,17617.150390625
2022-01-24,-0.02692721026213864,0.010167959546408294,0.03507768891383351,17149.099609375
2022-01-25,0.0074854055398087425,0.010123821905085094,0.02733829133277039,17277.94921875
2022-01-27,-0.009759199363728934,0.010361372286355452,0.01845395819390377,17110.150390625
2022-01-28,-0.0004794310858279706,0.010361281065232613,0.017331380583216597,17101.94921875
2022-01-31,0.01381485185545943,0.01065459533792691,0.008411238428281675,17339.849609375
2022-02-01,0.013575374822651254,0.010512102633729798,0.021497004171524888,17576.849609375
2022-02-02,0.01149155699474709,0.010585981237349853,0.006737841851799775,17780.0
2022-02-03,-0.01243929691182117,0.01080387031566041,0.015375679776554357,17560.19921875
2022-02-04,-0.002503012582150695,0.010601842941888363,0.008863172763405872,17516.30078125
2022-02-07,-0.017432174227495423,0.011181055156484798,0.024245341988069706,17213.599609375
2022-02-08,0.003082940476216172,0.010864720146286174,0.015219935895579654,17266.75
2022-02-09,0.0113475249468573,0.011226832088405013,0.007910671471546164,17463.80078125
2022-02-10,0.00810099920504003,0.01120161455421488,0.012058425627579613,17605.849609375
2022-02-11,-0.013213208134273142,0.011440686190180195,0.008733938617821839,17374.75
2022-02-14,-0.031094690696753635,0.013083085246604695,0.01720910988258383,16842.80078125
2022-02-15,0.02981034961442144,0.015067220437248681,0.030874604111856507,17352.44921875
2022-02-16,-0.001744791023833279,0.014948633060366513,0.013445197557415373,17322.19921875
2022-02-17,-0.001016531212017758,0.014846377907254925,0.011965072057363723,17304.599609375
2022-02-18,-0.0016366742405402451,0.014715362233107458,0.009353944721510432,17276.30078125
2022-02-21,-0.004039705592356217,0.014650239977985395,0.016293209668091405,17206.650390625
2022-02-22,-0.00667378632095619,0.013425559183747353,0.017829771119546266,17092.19921875
2022-02-23,-0.0016951453630000418,0.01330659529844211,0.011302044415630081,17063.25
2022-02-24,-0.04896026903082192,0.01707607846563184,0.030896204996050884,16247.9501953125
2022-02-25,0.024947858168202962,0.01815368192466455,0.016238053694052866,16658.400390625
2022-02-28,0.008101131335537446,0.017946849350838928,0.027367113966810633,16793.900390625
2022-03-02,-0.011254730666993663,0.01769896626349409,0.01203481997580404,16605.94921875
2022-03-03,-0.006518778370608893,0.01738677204792618,0.0197599100840748,16498.05078125
2022-03-04,-0.015435549523985674,0.01747832741140703,0.019833380201713977,16245.349609375
2022-03-07,-0.023807855961420165,0.018029783715255446,0.014697547985190225,15863.150390625
2022-03-08,0.009430172336242727,0.018052047292081742,0.02231248109118232,16013.4501953125
2022-03-09,0.020514423015661167,0.018797780709047366,0.026187924484924338,16345.349609375
2022-03-10,0.015152013456311012,0.01896635753859073,0.01864430537948817,16594.900390625
2022-03-11,0.0021398626113986923,0.018836533918014407,0.013439204020298797,16630.44921875
2022-03-14,0.014378694372337426,0.01904681222998375,0.016682129161184178,16871.30078125
2022-03-15,-0.012423307208470636,0.017944019898952675,0.022369921382704196,16663.0
2022-03-16,0.018571576221107083,0.017099766083985845,0.008839333781210093,16975.349609375
2022-03-17,0.01819544269851146,0.01763310085099443,0.009767404024643626,17287.05078125
2022-03-21,-0.009850560325581039,0.017767359982625273,0.015010820711641927,17117.599609375
2022-03-22,0.011494902983443505,0.01796634634142435,0.018948318522422108,17315.5
2022-03-23,-0.004042093720190609,0.017966375403525314,0.01407895763571725,17245.650390625
2022-03-24,-0.0013287761390126268,0.017899735241297232,0.011647362318735394,17222.75
2022-03-25,-0.004058098847076208,0.01792194091541037,0.012729528908937212,17153.0
2022-03-28,0.004014550846285441,0.013675996183484126,0.013424643987341773,17222.0
2022-03-29,0.00598026976240216,0.01268947979740637,0.0062308396972725714,17325.30078125
2022-03-30,0.009932969892759297,0.012742618636500875,0.007732246438929607,17498.25
2022-03-31,-0.001916312115762529,0.012395644905108123,0.007134460126826894,17464.75
2022-04-01,0.01170914487476482,0.012366068451554385,0.015902255597544896,17670.44921875
2022-04-04,0.0214403456403388,0.012152009887179576,0.01790521414280832,18053.400390625
2022-04-05,-0.005331746328175393,0.010400726716381557,0.009683942759932387,17957.400390625
2022-04-06,-0.008374145812508964,0.010861461128863095,0.006803277690625638,17807.650390625
2022-04-07,-0.009484577848941177,0.01072174607438383,0.009285995050628637,17639.55078125
2022-04-08,0.008175250776633796,0.01044318319883111,0.013618671701231343,17784.349609375
2022-04-11,-0.006170496392137639,0.010661567638579221,0.007247633977024775,17674.94921875
2022-04-12,-0.008217481851263662,0.010594443494984259,0.008724959929871426,17530.30078125
2022-04-13,-0.0031223510971550208,0.0101256558226091,0.011802135851301136,17475.650390625
2022-04-18,-0.017432250630348714,0.010294755185970872,0.00989308543964233,17173.650390625
2022-04-19,-0.012598203971631295,0.009813121120155031,0.026591218138696502,16958.650390625
2022-04-20,0.010435603778864927,0.009893776924207094,0.012134949123048163,17136.55078125
2022-04-21,0.014831150992767859,0.010122289566297585,0.011453102079267504,17392.599609375
2022-04-22,-0.012767612798961313,0.010496860151006142,0.00967284263330072,17171.94921875
2022-04-25,-0.012776394201003337,0.010866444835653154,0.009767727882354107,16953.94921875
2022-04-26,0.014455140840464372,0.011350819148825695,0.009267033125501742,17200.80078125
2022-04-27,-0.00948629657994312,0.011508572230916862,0.008935697982762053,17038.400390625
2022-04-28,0.012055547873445796,0.011766894009198324,0.014580949742600515,17245.05078125
2022-04-29,-0.008297570200330234,0.011643476439772519,0.018967953656401308,17102.55078125
2022-05-02,-0.0019578324241160947,0.011643625153266989,0.010252444710316373,17069.099609375
2022-05-04,-0.023203310190181764,0.01221786994772571,0.030514006964103585,16677.599609375
2022-05-05,0.00030280236440618743,0.010838725643380466,0.017614084242880978,16682.650390625
2022-05-06,-0.016402205362178027,0.011190082397780503,0.00873174365907533,16411.25
2022-05-09,-0.0066885009232451696,0.011165702506668103,0.016047234862512607,16301.849609375
2022-05-10,-0.003798172823006312,0.011102101817678128,0.012761720503017143,16240.0498046875
2022-05-11,-0.004502112641840228,0.010717619593960786,0.0201737107153018,16167.099609375
2022-05-12,-0.022462147872579268,0.011425632992385245,0.019369951626549847,15808.0
2022-05-13,-0.0016365617019766783,0.011440479505298569,0.021717572796898593,15782.150390625
2022-05-16,0.003803986233609079,0.0116119073207982,0.015041995646174469,15842.2998046875
2022-05-17,0.025981475212963467,0.01310846347517393,0.023583438396403308,16259.2998046875
2022-05-18,-0.0011692453072036017,0.01290339619955037,0.011613122184053738,16240.2998046875
2022-05-19,-0.026891070897403772,0.01366220411427115,0.013254759795429267,15809.400390625
2022-05-20,0.02848156086057151,0.014935677319146178,0.017164491204594855,16266.150390625
2022-05-23,-0.0031680351601504043,0.01477036319610106,0.014119855192647152,16214.7001953125
2022-05-24,-0.005538061057189644,0.014602525848303717,0.011423161387666322,16125.150390625
2022-05-25,-0.006180277818558741,0.014059964058718412,0.013503189650428791,16025.7998046875
2022-05-26,0.008967062770830264,0.014253217379246305,0.018599084902411696,16170.150390625
2022-05-27,0.011210771015034579,0.014208635196728724,0.009090345011728639,16352.4501953125
2022-05-30,0.018716945110386057,0.014910930959045138,0.011364567499472783,16661.400390625
2022-05-31,-0.004623104079880039,0.014928956397412735,0.010181138554919218,16584.55078125
2022-06-01,-0.003733367056413342,0.01404365650160458,0.012730907952671316,16522.75
2022-06-02,0.006349802260260305,0.014125941529966697,0.012229348651371182,16628.0
2022-06-03,-0.0026315095876877827,0.013619320021642638,0.013624283696389258,16584.30078125
2022-06-06,-0.0008897910968418909,0.013519038410073589,0.010042422977953961,16569.55078125
2022-06-07,-0.009288955076891798,0.013672519870868892,0.008537244512931384,16416.349609375
2022-06-08,-0.003667678332650513,0.013657589476265584,0.013508669277799007,16356.25
2022-06-09,0.007422115570615706,0.012597390572181812,0.015108002608101875,16478.099609375
2022-06-10,-0.01690986774485526,0.013278794107928578,0.009387882073045632,16201.7998046875
2022-06-13,-0.026733937520215956,0.014660986321727455,0.012815091896940913,15774.400390625
2022-06-14,-0.0026852114114221596,0.013303575726795152,0.012620680622259798,15732.099609375
2022-06-15,-0.0025425739848417965,0.01330451825812833,0.006675312012213511,15692.150390625
2022-06-16,-0.021354848179315097,0.012801254042879693,0.03437696409505499,15360.599609375
2022-06-17,-0.004377862497838008,0.010694114363964299,0.014189034557164809,15293.5
2022-06-20,0.0036973698916184226,0.01080089164104518,0.012468958658665421,15350.150390625
2022-06-21,0.018629721921802747,0.011778974932164269,0.01837739431505837,15638.7998046875
2022-06-22,-0.01452423294963793,0.012095809761834143,0.011642555298763832,15413.2998046875
2022-06-23,0.009257464658604653,0.012109768901490322,0.01677418909341551,15556.650390625
2022-06-24,0.009124715461734611,0.01199907105239187,0.008267898446581844,15699.25
2022-06-27,0.008423413606869335,0.011259959472652804,0.007071111870766991,15832.0498046875
2022-06-28,0.0011457767431705531,0.011278012419444329,0.011479300987239847,15850.2001953125
2022-06-29,-0.003229179201912245,0.011275119362960943,0.011000614527701898,15799.099609375
2022-06-30,-0.0011937935294284723,0.011097447983524612,0.010212157007968821,15780.25
2022-07-01,-0.0017886549985601772,0.011098988027005683,0.017959592188491837,15752.0498046875
2022-07-04,0.005274254882250374,0.011233000360653,0.012033192154765488,15835.349609375
2022-07-05,-0.0015483695040555473,0.011110981827974513,0.015198411889580866,15810.849609375
2022-07-06,0.01125461822453212,0.011479467464701075,0.013161466767601783,15989.7998046875
2022-07-07,0.00890968266712923,0.011542461621402579,0.006480533701692909,16132.900390625
2022-07-08,0.005421325887187373,0.010995529088512358,0.007250016165064027,16220.599609375
2022-07-11,-0.00028360614005298526,0.00901595125004029,0.008204847353693883,16216.0
2022-07-12,-0.009772571447684876,0.009318373559025424,0.007946022363946214,16058.2998046875
2022-07-13,-0.0057236413300785416,0.00940919889121865,0.011890384315452435,15966.650390625
2022-07-14,-0.0017551946856914542,0.007867261927280149,0.013341745307844814,15938.650390625
2022-07-15,0.006912014580365188,0.007801866815987049,0.00870139252582741,16049.2001953125
2022-07-18,0.014186202470718856,0.00823344142952695,0.008953527659182357,16278.5
2022-07-19,0.003804517906147779,0.007368044807715164,0.010553512419945038,16340.5498046875
2022-07-20,0.010973459265845803,0.0064746834350223985,0.005874442510204021,16520.849609375
2022-07-21,0.005095714512164849,0.006344446515732962,0.00861467476400536,16605.25
2022-07-22,0.006853755230166662,0.006253661348375481,0.008454202499474905,16719.44921875
2022-07-25,-0.005304241963650273,0.006395907107135212,0.008526293142324575,16631.0
2022-07-26,-0.008887333683346772,0.00687971364230455,0.01048291705031831,16483.849609375
2022-07-27,0.00953655956008488,0.00696460424917599,0.012901201112315772,16641.80078125
2022-07-28,0.017145896529526243,0.007615933099295034,0.011896346946886549,16929.599609375
2022-07-29,0.013415561413115864,0.007814876437883625,0.009013179702184081,17158.25
2022-08-01,0.010539792401854702,0.007938022654596089,0.01161756798127889,17340.05078125
2022-08-02,0.0003112792114048116,0.007873598789140634,0.010048790264917739,17345.44921875
2022-08-03,0.002458783072766921,0.007728510451369157,0.01044679201319415,17388.150390625
2022-08-04,-0.00035377417814128954,0.007708446016114082,0.0189534701846738,17382.0
2022-08-05,0.0008913297215996853,0.00772263429964386,0.007222324507831585,17397.5
2022-08-08,0.007307599012140524,0.007713315766991828,0.010787429770092026,17525.099609375
2022-08-10,0.0005505095416120064,0.007070089706063762,0.007031684405252427,17534.75
2022-08-11,0.007060942140366637,0.006673632752641832,0.004946574692791211,17659.0
2022-08-12,0.0022145679837284517,0.0065182054062920824,0.007164634634202705,17698.150390625
2022-08-16,0.007155855032733008,0.006521733082635021,0.004210253888444762,17825.25
2022-08-17,0.006653737907021656,0.006187306623125058,0.007389531987962718,17944.25
2022-08-18,0.0006824370229270742,0.006254653914773601,0.0064822452872218975,17956.5
2022-08-19,-0.011090751389954998,0.00699477463735385,0.015848749813854014,17758.44921875
2022-08-22,-0.015192148554208883,0.008144813279870794,0.012732548258348913,17490.69921875
2022-08-23,0.004950408657946044,0.008103479063880441,0.01594945598065709,17577.5
2022-08-24,0.001560393032835227,0.007898198740404597,0.007066216952929829,17604.94921875
2022-08-25,-0.004697196795508722,0.007621312432995858,0.013642543817116748,17522.44921875
2022-08-26,0.002078094793881999,0.007468415191700744,0.009482370552594354,17558.900390625
2022-08-29,-0.014109055185943692,0.007552166928579824,0.012357904628785096,17312.900390625
2022-08-30,0.025457455427431688,0.008937101371618782,0.021180472995993956,17759.30078125
2022-09-01,-0.012265712506503565,0.009203659764210908,0.012948353769586304,17542.80078125
2022-09-02,-0.00019106884593758132,0.009205120629261716,0.009544221630748008,17539.44921875
2022-09-05,0.00717802628935595,0.00931627500869651,0.008083459279217326,17665.80078125
2022-09-06,-0.000577619915734608,0.009317858384309064,0.010025148050254507,17655.599609375
2022-09-07,-0.0017686636555011566,0.009335166849632174,0.009444248601985906,17624.400390625
2022-09-08,0.009843902383512463,0.009446956450725718,0.0065005223330290044,17798.75
2022-09-09,0.0019420477956010656,0.00945034207751751,0.007847612580669008,17833.349609375
2022-09-12,0.005759080279283832,0.00940966462958034,0.005095818971839548,17936.349609375
2022-09-13,0.007426556664034913,0.009522999632553748,0.004031619134993957,18070.05078125
2022-09-14,-0.003675845320864187,0.0094646922074177,0.0177963141359439,18003.75
2022-09-15,-0.0070427023794097186,0.009491332938206443,0.013125531984395889,17877.400390625
2022-09-16,-0.019575203370476822,0.010428367182559694,0.018413299323346847,17530.849609375
2022-09-19,0.005200144374609497,0.010249813692382388,0.013477280143001036,17622.25
2022-09-20,0.010948654031257964,0.00992377683416469,0.00981690258191258,17816.25
2022-09-21,-0.005510158516157929,0.009975814895794279,0.009882388215342168,17718.349609375
2022-09-22,-0.005010107310831895,0.010043517285415382,0.01079426725300223,17629.80078125
2022-09-23,-0.01730454089090743,0.010730642789386883,0.020228136899272883,17327.349609375
2022-09-26,-0.018114401349380974,0.011398532795389186,0.012817098861776151,17016.30078125
2022-09-27,-0.0005231876910193474,0.011010112367866597,0.013764573303280545,17007.400390625
2022-09-28,-0.008787677246935572,0.009213165357531536,0.012883586050007166,16858.599609375
2022-09-29,-0.0024052250050792126,0.008928264348967601,0.014118787341623092,16818.099609375
2022-09-30,0.016292312526781774,0.009829927720550576,0.025704422845313813,17094.349609375
2022-10-03,-0.012183178897324074,0.009905654564264189,0.015342822607945597,16887.349609375
2022-10-04,0.022655095268550494,0.01136696441366511,0.009841208750082821,17274.30078125
2022-10-06,0.0033231164632058175,0.011407950306930507,0.006528484376961514,17331.80078125
2022-10-07,-0.0009900230150986376,0.01112786187701257,0.006953671481013019,17314.650390625
2022-10-10,-0.004262718329192525,0.011116894107080718,0.01249644289049359,17241.0
2022-10-11,-0.015044993668578569,0.01135408465649178,0.01834127645108813,16983.55078125
2022-10-12,0.008212331644389038,0.011392371374400558,0.010646057621272178,17123.599609375
2022-10-13,-0.0064005234917517235,0.01142103725119844,0.009133489918378868,17014.349609375
2022-10-14,0.010020514532698735,0.011722810716083864,0.01040404460558254,17185.69921875
2022-10-17,0.007310797834822186,0.011124343618207522,0.01328573514137868,17311.80078125
2022-10-18,0.010066448739082915,0.011310209684738528,0.00536114097589296,17486.94921875
2022-10-19,0.0014457922593648584,0.011004481846184778,0.007694613770360748,17512.25
2022-10-20,0.0029478254394111857,0.010978882152172829,0.0092889354548368,17563.94921875
2022-10-21,0.0007029866326317706,0.010927855645209893,0.008500104344161938,17576.30078125
2022-10-24,0.008748972260095097,0.010311003226614919,0.003956425454366003,17730.75
2022-10-25,-0.004204950452158822,0.00936927738416206,0.009883130084111251,17656.349609375
2022-10-27,0.0045545202832827395,0.009370490647282586,0.007295526926818332,17736.94921875
2022-10-28,0.0028066628790527496,0.009013295951017283,0.006476778668170591,17786.80078125
2022-10-31,0.012592609626880552,0.009190127687729225,0.006823175178801346,18012.19921875
2022-11-01,0.007367843877008389,0.008738270340354537,0.006373537543142444,18145.400390625
2022-11-02,-0.0034531529072475455,0.008138221860867099,0.007194640899272327,18082.849609375
2022-11-03,-0.001668738878993079,0.00682373690201916,0.008148452523222483,18052.69921875
2022-11-04,0.0035638102334325083,0.006826026813033648,0.0065103626236405615,18117.150390625
2022-11-07,0.0047164462855731094,0.0068042012222934685,0.010479156603003872,18202.80078125
2022-11-09,-0.0025193100341803654,0.006723678314936351,0.00985297078950267,18157.0
2022-11-10,-0.007119006002546902,0.005799759144299031,0.007416116114966592,18028.19921875
2022-11-11,0.01767602773148285,0.006582024255949435,0.005610510049658086,18349.69921875
2022-11-14,-0.0011204729970374992,0.006264008054141718,0.004803759380469443,18329.150390625
2022-11-15,0.00404274135870096,0.006087780808886515,0.00793055716074889,18403.400390625
2022-11-16,0.000339553496785159,0.0060529318272663345,0.005323295006726792,18409.650390625
2022-11-17,-0.0035778894143715548,0.005991992921749338,0.005704914897950688,18343.900390625
2022-11-18,-0.001978088841936149,0.006068870533151884,0.0100940767483539,18307.650390625
2022-11-21,-0.008100449774708418,0.006487606217571008,0.007100855311966344,18159.94921875
2022-11-22,0.004628601630860599,0.006516178537468815,0.0068049240822478894,18244.19921875
2022-11-23,0.0012626606067816233,0.00631172414131021,0.004346597907457335,18267.25
2022-11-24,0.011801042862214367,0.006561369596530695,0.012737932803098609,18484.099609375
2022-11-25,0.0015488019469054911,0.006541181634710975,0.004850753197120903,18512.75
2022-11-28,0.0026972005940332764,0.006540640667576284,0.013395126833308643,18562.75
2022-11-29,0.0029746977400658824,0.006067766999291613,0.006764898228596617,18618.05078125
2022-11-30,0.007507383568474861,0.006074758874193819,0.010635263984007121,18758.349609375
2022-12-01,0.0028825767148602448,0.005958102181462093,0.005815303156146179,18812.5
2022-12-02,-0.006206617442539312,0.006186314256252336,0.007635282384162054,18696.099609375
2022-12-05,0.0002647887259970962,0.006179411774694416,0.007339159794037309,18701.05078125
2022-12-06,-0.0031223832280691255,0.006218879675359298,0.004130291936543696,18642.75
2022-12-07,-0.004421663914122268,0.006292774636463826,0.0075375335052935,18560.5
2022-12-08,0.0026284549446723396,0.005993130638057988,0.004731534583328042,18609.349609375
2022-12-09,-0.006077211303593385,0.0048886346503256356,0.013764671061266645,18496.599609375
2022-12-12,2.977698935843848e-05,0.0048765730058943305,0.009506954248970571,18497.150390625
2022-12-13,0.005974908495510217,0.004969615715296519,0.006827750497098022,18608.0
2022-12-14,0.002806718551028224,0.004994601405332535,0.003386827441361664,18660.30078125
2022-12-15,-0.01323817358829901,0.005825626755386965,0.014401444821825565,18414.900390625
2022-12-16,-0.007954506384605002,0.006090133426919927,0.010170169583721057,18269.0
2022-12-19,0.008255783729645224,0.006058164788332587,0.010157168652790134,18420.44921875
2022-12-20,-0.0019099433205291773,0.006011939432861095,0.011000635910523799,18385.30078125
2022-12-21,-0.01017935391694218,0.006452331751862644,0.0170667569298318,18199.099609375
2022-12-22,-0.0039502948868902,0.0058447758701097915,0.013799611968405389,18127.349609375
2022-12-23,-0.01784137526808462,0.006914492807440216,0.015216052680013189,17806.80078125
2022-12-26,0.01160206785899442,0.007491692593904154,0.01719991651736466,18014.599609375
2022-12-27,0.006512402811413872,0.007643106777462834,0.010026349300249534,18132.30078125
2022-12-28,-0.0005406611691443354,0.007360424599231593,0.005780107601048421,18122.5
2022-12-29,0.0037727060871833766,0.0073923687054247,0.013022837529547578,18191.0
2022-12-30,-0.004722210041123311,0.007351866875512386,0.010215197249942125,18105.30078125
2023-01-02,0.005076675205536103,0.007493663424141775,0.0070696936190619095,18197.44921875
2023-01-03,0.001927069632871597,0.0075163626750663045,0.005602531358642778,18232.55078125
2023-01-04,-0.010453517612292944,0.007772773117229356,0.012326166189831338,18042.94921875
2023-01-05,-0.0028194100932680756,0.0077189221990794565,0.012655584070353597,17992.150390625
2023-01-06,-0.0074028372147649955,0.007764168481737342,0.01410175679497395,17859.44921875
2023-01-09,0.01344545509952314,0.008473400606449412,0.011339027736206186,18101.19921875
2023-01-10,-0.010387266093937284,0.008545778525225077,0.015161177251092858,17914.150390625
2023-01-11,-0.0010305082936186098,0.00847734636027128,0.008493660859070757,17895.69921875
2023-01-12,-0.0020976741216788596,0.008062249890722128,0.01031181186687925,17858.19921875
2023-01-13,0.0054949708747303715,0.008059515786335087,0.01253575923458678,17956.599609375
2023-01-16,-0.0034447734977776498,0.007782715054001632,0.010952872154752104,17894.849609375
2023-01-17,0.008815596703469526,0.008111740113899,0.010253059246220771,18053.30078125
2023-01-18,0.00618737497867869,0.007951504612813517,0.008329087218443339,18165.349609375
2023-01-19,-0.0031703874707042848,0.007933483232829195,0.005050252830830552,18107.849609375
2023-01-20,-0.004438812272184146,0.006843023478143314,0.00716954218655219,18027.650390625
2023-01-23,0.005029606393094338,0.006433231664335812,0.005472313532250376,18118.55078125
2023-01-24,-1.379810823647804e-05,0.006264172158539257,0.00676661740276848,18118.30078125
2023-01-25,-0.012571672991636754,0.006863884554095422,0.01422143644826289,17891.94921875
2023-01-27,-0.016204838949638832,0.007601854398035488,0.022221736527072333,17604.349609375
2023-01-30,0.002530238851503625,0.007619997160789503,0.01720213513065469,17648.94921875
2023-01-31,0.0007477066778470427,0.007490418449391825,0.011218817251447277,17662.150390625
2023-02-01,-0.0025992997802722563,0.007449919696044703,0.0351264908455481,17616.30078125
2023-02-02,-0.00033499535771969267,0.007163625606926712,0.01180842952246015,17610.400390625
2023-02-03,0.013740758205234283,0.00788858033720669,0.016024462235789017,17854.05078125
2023-02-06,-0.005022725956678951,0.007794534990565878,0.007056146050646063,17764.599609375
2023-02-07,-0.0024290993398515346,0.007102288932939023,0.008949558974973902,17721.5
2023-02-08,0.00843982073038998,0.00704845127045669,0.008647685160393473,17871.69921875
2023-02-09,0.0012162679944837883,0.007051056851610352,0.0076620000816465,17893.44921875
2023-02-10,-0.00206709283308457,0.007050582751523297,0.004253309369137289,17856.5
2023-02-13,-0.0048052775756446476,0.007003746535648003,0.00905689724280422,17770.900390625
2023-02-14,0.008904589905162998,0.007271553895173212,0.008616915555120798,17929.849609375
2023-02-15,0.004785004379327248,0.007070290787008938,0.01000778936515861,18015.849609375
2023-02-16,0.00110951785824931,0.006922103913611364,0.007435170079556179,18035.849609375
2023-02-17,-0.005094522761127012,0.006976411380479877,0.008339764221332842,17944.19921875
2023-02-20,-0.005565979846782634,0.007014744764121906,0.010420475820163993,17844.599609375
2023-02-21,-0.0010036299610954843,0.006892632137049781,0.006989494120366769,17826.69921875
2023-02-22,-0.015398310946496917,0.007619054544239132,0.013845654365772633,17554.30078125
2023-02-23,-0.0024554471223785586,0.007173805777542352,0.009402549254050967,17511.25
2023-02-24,-0.002598803690668268,0.006249084112085715,0.010188437448630079,17465.80078125
2023-02-27,-0.004194194796816341,0.006264289306601621,0.008773773837846385,17392.69921875
2023-02-28,-0.005115779048087727,0.006328309119447104,0.010705648615708436,17303.94921875
2023-03-01,0.008456491641293511,0.006657798068689076,0.007019695102139809,17450.900390625
2023-03-02,-0.007419626196212839,0.0068362233223522905,0.008070753098526263,17321.900390625
2023-03-03,0.015606186138582535,0.007054662425508755,0.012336391288618383,17594.349609375
2023-03-06,0.006633473404126094,0.007162248239373206,0.007226963667348826,17711.44921875
2023-03-08,0.0024221155475668,0.007163141132201995,0.009251227661100302,17754.400390625
2023-03-09,-0.009325598438082557,0.007175074061716872,0.011299290740766445,17589.599609375
2023-03-10,-0.010096462811863625,0.007448818965457313,0.007302079939161485,17412.900390625
2023-03-13,-0.014962416687813755,0.008047210563850968,0.024276779169582336,17154.30078125
2023-03-14,-0.006491706128142258,0.008086824846639935,0.013938073633678922,17043.30078125
2023-03-15,-0.004183422059139645,0.007669035201340666,0.016052722399896614,16972.150390625
2023-03-16,0.0007921148752918237,0.007513089368488916,0.012498753827202202,16985.599609375
2023-03-17,0.0067155298897271865,0.007772391190760673,0.010973674465970381,17100.05078125
2023-03-20,-0.006550651968001941,0.007803116247401436,0.014024275065442746,16988.400390625
2023-03-21,0.006986182644570191,0.00806401454922547,0.006529254347508403,17107.5
2023-03-22,0.002592013577443892,0.008129772955318368,0.0057952989675319555,17151.900390625
2023-03-23,-0.0043822814890137705,0.007519478992143918,0.009375214805544724,17076.900390625
2023-03-24,-0.007750894050448838,0.0076514636235682516,0.011336620459559887,16945.05078125
2023-03-27,0.002395965721106003,0.007699997177648478,0.010152612296327402,16985.69921875
2023-03-28,-0.0020036899079230227,0.007673599126108968,0.008730688179996705,16951.69921875
2023-03-29,0.0075810476927372725,0.007862795586886368,0.010863184163228828,17080.69921875
2023-03-31,0.016205182818433635,0.008500164969028192,0.010193074137012342,17359.75
2023-04-03,0.002203867672376198,0.0083446126558555,0.006627224089623905,17398.05078125
2023-04-05,0.00909744726853034,0.00782360146950225,0.009560350687101536,17557.05078125
2023-04-06,0.002395004471214228,0.007687657314635678,0.007719100431539386,17599.150390625
2023-04-10,0.0014138632460749291,0.00767203276273946,0.005455635132831844,17624.05078125
2023-04-11,0.005559286811614234,0.007476880398101813,0.005281459249017338,17722.30078125
2023-04-12,0.005071088231309614,0.007119453742103906,0.006091262133154473,17812.400390625
2023-04-13,0.0008753891763391581,0.0060326770694597185,0.006310298407000224,17828.0
2023-04-17,-0.00681870678285114,0.006057085791468715,0.016318499627229796,17706.849609375
2023-04-18,-0.0026408372714739102,0.005984804002175155,0.008856118841888578,17660.150390625
2023-04-19,-0.0023470351496987078,0.006058496126513719,0.0048982351897836115,17618.75
2023-04-20,0.00032342232975522987,0.005954914508326561,0.005679587948116287,17624.44921875
2023-04-21,-2.260734499433094e-05,0.0056615017435771055,0.0061989154114461395,17624.05078125
2023-04-24,0.006749146939408538,0.0056503916264158205,0.00800297557817767,17743.400390625
2023-04-25,0.0014557975062981768,0.00564798361085324,0.005098673797430955,17769.25
2023-04-26,0.002492753268886545,0.005460047924704225,0.006542797851404568,17813.599609375
2023-04-27,0.005678996739265909,0.00498875095191228,0.007462955052850334,17915.05078125
2023-04-28,0.008335179280697748,0.00513898963115219,0.011284229691392195,18065.0
2023-05-02,0.004564732669242972,0.0050051309142827086,0.004325628845073672,18147.650390625
2023-05-03,-0.003190111363585117,0.005110923547461767,0.004087884661665517,18089.849609375
2023-05-04,0.009131894646700034,0.004323699805396121,0.010996504749667539,18255.80078125
2023-05-05,-0.010285117822267788,0.005186908515936531,0.008937960042060988,18069.0
2023-05-08,0.010756068652657526,0.005319735545077844,0.010219248018446061,18264.400390625
2023-05-09,8.479678637020549e-05,0.005335192674675584,0.006271167556264506,18265.94921875
2023-05-10,0.0026872067245805376,0.005337193365360805,0.00626809483423375,18315.099609375
2023-05-11,-0.0009887229108728535,0.005303125366501877,0.006520130520030606,18297.0
2023-05-12,0.0009724068345624825,0.005240578378632282,0.008091773452524842,18314.80078125
2023-05-15,0.004578622613795238,0.005286631301159924,0.009294059336887464,18398.849609375
2023-05-16,-0.0061250587396132535,0.005230639654691379,0.00918710524157165,18286.5
2023-05-17,-0.005744738948538704,0.0054065100627809564,0.010650811424917844,18181.75
2023-05-18,-0.0028531199312594804,0.005426391048299912,0.010609495208959105,18129.94921875
2023-05-19,0.004043187469679982,0.005450159353319317,0.008663173657995089,18203.400390625
2023-05-22,0.0060792457091855085,0.005523888785767457,0.008539749447929519,18314.400390625
2023-05-23,0.0018329197446846867,0.005405861566969153,0.0052076946397427515,18348.0
2023-05-24,-0.003417628155656871,0.00552480590701727,0.007090377451700335,18285.400390625
2023-05-25,0.0019532029433287895,0.0055206677474894175,0.007406697497523834,18321.150390625
2023-05-26,0.009679423693686186,0.005751333752911931,0.009481435527663715,18499.349609375
2023-05-29,0.005353443226476252,0.005604454346897471,0.0032233101591187785,18598.650390625
2023-05-30,0.0018907797884415813,0.005558083781541967,0.004666197300758207,18633.849609375
2023-05-31,-0.005351312266430236,0.0056702999946758375,0.0064771872151161486,18534.400390625
2023-06-01,-0.0025201353688439534,0.0054063950766276275,0.006260902489486282,18487.75
2023-06-02,0.002503906967370625,0.004765634908601766,0.0051418105078487614,18534.099609375
2023-06-05,0.0032186023111129003,0.004245716439034574,0.003084332216287497,18593.849609375
2023-06-06,0.00027695595857881204,0.004244006286790709,0.004900822120812947,18599.0
2023-06-07,0.006826497990157328,0.00443232232722847,0.005497544461429944,18726.400390625
2023-06-08,-0.004916887367083021,0.004613565143760568,0.0087096696429788,18634.55078125
2023-06-09,-0.003825505177262602,0.004733549542994717,0.006531669707519448,18563.400390625
2023-06-12,0.0020503013499982166,0.00465692720517934,0.003970088937720076,18601.5
2023-06-13,0.00614458574708609,0.0045382848681361975,0.005188011815914752,18716.150390625
2023-06-14,0.002121582036807868,0.0042392971595437015,0.004249287802244731,18755.900390625
2023-06-15,-0.0036214536561356998,0.004284580906076544,0.006691361387129406,18688.099609375
2023-06-16,0.007351956368470602,0.004448055655334603,0.008190758459046,18826.0
2023-06-19,-0.003754557931873424,0.004479747589197582,0.008653422599057149,18755.44921875
2023-06-20,0.0032603966930515953,0.004501850012237506,0.009515421703004416,18816.69921875
2023-06-21,0.0021314905059401927,0.004367298742292871,0.004298214332138717,18856.849609375
2023-06-22,-0.004549778379793411,0.004572086437991415,0.006770972064993008,18771.25
2023-06-23,-0.005649543898520234,0.0043580331577866335,0.005855764980847018,18665.5
2023-06-26,0.0013758829522746805,0.004210611426950894,0.00403139261521601,18691.19921875
2023-06-27,0.006729211402828641,0.004442561829027115,0.006111364886368366,18817.400390625
2023-06-28,0.008187463868637099,0.004536129123672661,0.00790109654236304,18972.099609375
2023-06-30,0.011370386219451868,0.004983226201044912,0.009229201141520118,19189.05078125
2023-07-03,0.006933003527425256,0.005110074048567819,0.005729016836504788,19322.55078125
2023-07-04,0.0034330468644171055,0.005112806422655867,0.00691889167182423,19389.0
2023-07-05,0.0004898485434720244,0.005109045091432065,0.004227130963734309,19398.5
2023-07-06,0.005080291021865595,0.0050385343344741765,0.0071394097219787435,19497.30078125
2023-07-07,-0.008524585713268293,0.005354515154669844,0.011380212453532988,19331.80078125
2023-07-10,0.0012458539412885826,0.0051898098757819505,0.0056184418087144574,19355.900390625
2023-07-11,0.004304651710725516,0.005213323985902167,0.005589184256804474,19439.400390625
2023-07-12,-0.00283845407345589,0.005242746179278777,0.007529248560318121,19384.30078125
2023-07-13,0.0015180775225879406,0.005242254912796576,0.009333550640654175,19413.75
2023-07-14,0.007735121594226721,0.0052478684870136275,0.008272616697334458,19564.5
2023-07-17,0.007482946045497489,0.005254593920220918,0.008568643976939957,19711.44921875
2023-07-18,0.0019158704007220429,0.005060210308962586,0.006544552324771827,19749.25
2023-07-19,0.00423928389630214,0.005071842596681864,0.0062647636685461815,19833.150390625
2023-07-20,0.007334449485705515,0.005177241264017146,0.011684641948515664,19979.150390625
2023-07-21,-0.011788954585924888,0.00592400676651648,0.009491030165864776,19745.0
2023-07-24,-0.0036862180542648424,0.005796242418340546,0.006326098367563213,19672.349609375
2023-07-25,0.00041928243166748923,0.0058110366678571996,0.005762039413218939,19680.599609375
2023-07-26,0.0049520574860006375,0.00575757684622191,0.005506053923916382,19778.30078125
2023-07-27,-0.006004368496797154,0.005891437965061921,0.013428348809228493,19659.900390625
2023-07-28,-0.0007047080421790248,0.0054598710729245985,0.006759668023292691,19646.05078125
2023-07-31,0.005469577389253641,0.0053880017822317255,0.008866667866330313,19753.80078125
2023-08-01,-0.0010256449710540406,0.0053787816195624335,0.004611435671600694,19733.55078125
2023-08-02,-0.010545154493387934,0.005955995566418875,0.01304373832344062,19526.55078125
2023-08-03,-0.007448355676119346,0.006087377546238861,0.012444821107271143,19381.650390625
2023-08-04,0.006959118337332752,0.005969449993717479,0.005246728012758108,19517.0
2023-08-07,0.004105960861445235,0.006022864914746832,0.004880694467449978,19597.30078125
2023-08-08,-0.0013506471779916257,0.005973307807719319,0.005176105446207814,19570.849609375
2023-08-09,0.0031477485221408875,0.005955772254399642,0.009066575300546187,19632.55078125
2023-08-10,-0.004566679886024027,0.006062807908612119,0.006559820157110681,19543.099609375
2023-08-11,-0.005891456761763215,0.005951722932108781,0.007463339261246028,19428.30078125
2023-08-14,0.0003216439248586792,0.005664195316100672,0.010699975579092086,19434.55078125
2023-08-16,0.0015655309306883672,0.005656191864352227,0.008505049126637555,19465.0
2023-08-17,-0.005137758290060533,0.005611509827738986,0.006986782058067931,19365.25
2023-08-18,-0.0028493381372506382,0.00524714232095447,0.006224766221052177,19310.150390625
2023-08-21,0.0043122099570484,0.00483740258210769,0.0066851146827496145,19393.599609375
2023-08-22,0.00014692476375842436,0.004796878351776122,0.0032067322244668252,19396.44921875
2023-08-23,0.0024485198272942723,0.00484317460268991,0.005423327086761983,19444.0
2023-08-24,-0.0029513155310064644,0.004685788715428069,0.011113249157011038,19386.69921875
2023-08-25,-0.0062556798015631025,0.0047002298683791665,0.005701894447435091,19265.80078125
2023-08-28,0.0020870149074536447,0.004751030292799853,0.006068066014763425,19306.05078125
2023-08-29,0.0018939637920959618,0.0045633715109776405,0.0035569469468024082,19342.650390625
2023-08-30,0.00024806491573087567,0.0045726322458086634,0.006101619904271134,19347.44921875
2023-08-31,-0.004852103039648143,0.0040990481351943255,0.008546303662040754,19253.80078125
2023-09-01,0.009382556025202547,0.004360755120946385,0.010437274153004049,19435.30078125
2023-09-04,0.004799298621963187,0.0042069819891553464,0.005750521115347865,19528.80078125
2023-09-05,0.002357814188949651,0.004135395941059264,0.0031316011845127327,19574.900390625
2023-09-06,0.0018450694598145603,0.0041445168966404424,0.007391201030828242,19611.05078125
2023-09-07,0.005897607236551244,0.004293780515679726,0.009476795128833445,19727.05078125
2023-09-08,0.004698136818212182,0.00424742456819405,0.007068615960048145,19819.94921875
2023-09-11,0.008860770587058942,0.004322175101532025,0.007141342496985045,19996.349609375
2023-09-12,-0.00015756069892455075,0.004330027712138975,0.00978828933823005,19993.19921875
2023-09-13,0.003833986143147051,0.00436370308659289,0.007613392189835575,20070.0
2023-09-14,0.0016478497893743786,0.004072005197407803,0.006178210041653441,20103.099609375
2023-09-15,0.004429787863222843,0.003951541327364374,0.0045933237980852705,20192.349609375
2023-09-18,-0.0029286010148227575,0.00408067199248633,0.003956151626124706,20133.30078125
2023-09-20,-0.011585098803333688,0.0050659447940660995,0.008632597600062889,19901.400390625
2023-09-21,-0.00802404589005525,0.005464878517268378,0.007030611046624766,19742.349609375
2023-09-22,-0.0034553806166447805,0.005484030886978164,0.007174372117107386,19674.25
2023-09-25,1.5287950028248088e-05,0.005236937254854313,0.0067396511792974945,19674.55078125
2023-09-26,-0.0005008515772894238,0.005241926965783405,0.0031477923936908676,19664.69921875
2023-09-27,0.002628162551917123,0.005251666143602378,0.008962020330819108,19716.44921875
2023-09-28,-0.009831803841213342,0.005780348817377668,0.014062543454629815,19523.55078125
2023-09-29,0.005860311697675281,0.005759168352101078,0.008921302341864243,19638.30078125
2023-10-03,-0.005594042173129665,0.005581228308959817,0.0073506408820329,19528.75
2023-10-04,-0.004755597219883326,0.005579345889233711,0.006390231289774394,19436.099609375
2023-10-05,0.005625729970019748,0.005705783933578307,0.0045865949119373774,19545.75
2023-10-06,0.005497568008546022,0.005827609856947914,0.0043935995814994785,19653.5
2023-10-09,-0.007207861089913015,0.00587894193835447,0.005557978455751631,19512.349609375
2023-10-10,0.0090556762901256,0.006157704412612475,0.0077375686215226495,19689.849609375
2023-10-11,0.00615173136873013,0.005971901982848772,0.004151660619884179,19811.349609375
2023-10-12,-0.0008761245971014768,0.00597211818863817,0.0035692831476710116,19794.0
2023-10-13,-0.002172167428733089,0.00589316613231627,0.00861218024594815,19751.05078125
2023-10-16,-0.0009776805295215437,0.005864920486392189,0.004533362315810812,19731.75
2023-10-17,0.004033563661320618,0.005846494944342228,0.0037402321568281048,19811.5
2023-10-18,-0.007112043473065063,0.005993909945562845,0.009201315818345898,19671.099609375
2023-10-19,-0.002361596586600212,0.005482711691583693,0.008634586955253893,19624.69921875
2023-10-20,-0.004189660467809165,0.005276281709641386,0.003842956866077271,19542.650390625
2023-10-23,-0.01344022395196905,0.00599345066281428,0.015506891231345703,19281.75
2023-10-25,-0.008311683270009834,0.006204176401101654,0.014284501745102748,19122.150390625
2023-10-26,-0.013949914095014037,0.006799181998098105,0.010810145136485967,18857.25
2023-10-27,0.010025278863763394,0.007255582702248004,0.007848902072477654,19047.25
2023-10-30,0.004904693073893485,0.007136435328977598,0.011415345962879514,19140.900390625
2023-10-31,-0.003207746304394414,0.006964311362047427,0.009290027234790922,19079.599609375
2023-11-01,-0.004751896973195711,0.006940398087622825,0.006443235215010216,18989.150390625
2023-11-02,0.007559875254064636,0.007169650034220673,0.005806625083297401,19133.25
2023-11-03,0.005075080802081226,0.0071447493837219584,0.0033982096607711484,19230.599609375
2023-11-06,0.009375812778954773,0.007373980362527863,0.005836711334629799,19411.75
2023-11-07,-0.0002602258142791332,0.0072090444836765254,0.004864319767155148,19406.69921875
2023-11-08,0.0018944969651071763,0.006892283488042047,0.003235034362383316,19443.5
2023-11-09,-0.0024820150223140987,0.006713251327077404,0.004410902528137353,19395.30078125
2023-11-10,0.0015480850435944918,0.006738606146209184,0.006272811812930892,19425.349609375
2023-11-13,0.0009365417093074231,0.006744539317725588,0.004096494077707723,19443.55078125
2023-11-15,0.011856190289938534,0.007311862520191662,0.005771092027560521,19675.44921875
2023-11-16,0.004551150068331243,0.007328319860626537,0.012559954354747958,19765.19921875
2023-11-17,-0.0016911889743673853,0.007154164096082993,0.007021699782295434,19731.80078125
2023-11-20,-0.0019175662679732529,0.007146631411320577,0.004364233713313699,19694.0
2023-11-21,0.004529201141300913,0.007132204498316431,0.0037935252101840033,19783.400390625
2023-11-22,0.0014370018446946907,0.006318900834008326,0.006142847552073624,19811.849609375
2023-11-23,-0.0004972811112830416,0.005918561521130444,0.004464215262347237,19802.0
2023-11-24,-0.0003687570669664962,0.004670314852828048,0.0032331888094251876,19794.69921875
2023-11-28,0.004787784883390938,0.004358178546314471,0.005874880665105583,19889.69921875
2023-11-29,0.010348656573869122,0.00469533064869918,0.007381826391455566,20096.599609375
2023-11-30,0.0018171025823992028,0.004508142146213882,0.007095243744939089,20133.150390625
2023-12-01,0.00667064331563437,0.004231105849521245,0.005321299218042693,20267.900390625
2023-12-04,0.020457480483773903,0.0056620983993567395,0.009421485356094928,20686.80078125
2023-12-05,0.008102650447744338,0.005735073569554654,0.007331558874754385,20855.099609375
2023-12-06,0.003952820545223537,0.005596789308167173,0.0052440732373628535,20937.69921875
2023-12-07,-0.0017471243957791426,0.005662819258485175,0.004327475620220889,20901.150390625
2023-12-08,0.0032600507599202964,0.005647999237885775,0.006838554653623355,20969.400390625
2023-12-11,0.001320063516009915,0.005487939626940605,0.004876882642366435,20997.099609375
2023-12-12,-0.004328963470418101,0.005774193760931558,0.008167355298359682,20906.400390625
2023-12-13,0.0009537608817135473,0.005773765406561801,0.008625489078092055,20926.349609375
2023-12-14,0.012175662163725103,0.005797982652841589,0.006441632884737342,21182.69921875
2023-12-15,0.012849864921501506,0.006149123409735394,0.01197763841611971,21456.650390625
2023-12-18,-0.0017725827811074615,0.006153187421701817,0.005483593491325144,21418.650390625
2023-12-19,0.001607082806947435,0.006020772065504091,0.007798443315710406,21453.099609375
2023-12-20,-0.014222122733049722,0.0073030127398355195,0.023907649888349456,21150.150390625
2023-12-21,0.004947534816775346,0.007297047523525768,0.014657637440218713,21255.05078125
2023-12-22,0.004429103580375731,0.007237358535601867,0.007403054809886072,21349.400390625
2023-12-26,0.004297627887901326,0.007172104097700237,0.006888613569848199,21441.349609375
2023-12-27,0.009903547502138933,0.007292074682703268,0.00830991901314954,21654.75
2023-12-28,0.0057075621422148105,0.007160480751158166,0.005668346741467392,21778.69921875
2023-12-29,-0.0021741548367498844,0.0072797058190195215,0.004297946241204651,21731.400390625
2024-01-01,0.0004830551173010514,0.007283640888771442,0.007060100416345778,21741.900390625
2024-01-02,-0.0035062758581720864,0.006246186265816925,0.009228794299772197,21665.80078125
2024-01-03,-0.006875448193459907,0.00641109712503916,0.00820967237284811,21517.349609375
2024-01-04,0.006543017882762483,0.006487618834345358,0.005591294523150131,21658.599609375
2024-01-05,0.0024072823978970102,0.006438008778428593,0.005545644853826895,21710.80078125
2024-01-08,-0.009152465005292239,0.006882938237615357,0.012599304054525171,21513.0
2024-01-09,0.001479387172036867,0.006883079661576217,0.009589280645760484,21544.849609375
2024-01-10,0.003421854015216792,0.006767429948615066,0.008936671757865867,21618.69921875
2024-01-11,0.001317434984659037,0.006765877965437697,0.006132433053280023,21647.19921875
2024-01-12,0.011361703346499745,0.006701649629213051,0.00973299756200039,21894.55078125
2024-01-15,0.009224398809286917,0.006426207068392284,0.006878621984614669,22097.44921875
2024-01-16,-0.002952587985615914,0.00646287038767572,0.0070056055837053165,22032.30078125
2024-01-17,-0.021115770473744744,0.008192642044158644,0.013955659648425808,21571.94921875
2024-01-18,-0.0050982455047793645,0.007573460276541253,0.011827725861687382,21462.25
2024-01-19,0.007434254509367264,0.0076661486746778945,0.004421322686099639,21622.400390625
2024-01-23,-0.017900098054810153,0.008677725507394955,0.026256208924813867,21238.80078125
2024-01-24,0.010079006802925212,0.008930149516212271,0.01608796530213424,21453.94921875
2024-01-25,-0.004735247364061254,0.008674498028290146,0.00992615525169789,21352.599609375
2024-01-29,0.01786996821930258,0.009531511458091812,0.015348998814068832,21737.599609375
2024-01-30,-0.009963166019046519,0.009776926398531137,0.014461878982495737,21522.099609375
2024-01-31,0.009415559590485083,0.010024318509186132,0.013463318121773626,21725.69921875
2024-02-01,-0.00130114950214822,0.00999624281690862,0.008028557504329336,21697.44921875
2024-02-02,0.007180149098767169,0.00997609147210762,0.014699960122068298,21853.80078125
2024-02-05,-0.0037639297855089193,0.009928591279403614,0.010901839131398182,21771.69921875
2024-02-06,0.007217294659854949,0.010040952660493327,0.009751730807305724,21929.400390625
2024-02-07,5.014190025218764e-05,0.009782839112815231,0.008807386544994415,21930.5
2024-02-08,-0.009739290405751649,0.01006900013181207,0.015920011439270694,21717.94921875
2024-02-09,0.0029678235415700974,0.010062338385388375,0.00801325964076667,21782.5
2024-02-12,-0.007670764664605448,0.010217664139652121,0.011886964059729197,21616.05078125
2024-02-13,0.005867234081485647,0.009964801332808814,0.010276806451427454,21743.25
2024-02-14,0.004442111482625561,0.009778685509764752,0.01559750909175785,21840.05078125
2024-02-15,0.003231907943473083,0.009797669866119551,0.007258940388850222,21910.75
2024-02-16,0.005913324803860001,0.008557571200656507,0.004523503128711285,22040.69921875
2024-02-19,0.0036931806134258504,0.008448894856011175,0.007485658528178643,22122.25
2024-02-20,0.003370967472487328,0.008347295301987273,0.007647447328329713,22196.94921875
2024-02-21,-0.006413220819374543,0.007283230732643305,0.011401069730874075,22055.05078125
2024-02-22,0.007336344949249518,0.007145355933754499,0.01697989702983666,22217.44921875
2024-02-23,-0.000213818777795819,0.00699945866321521,0.005015166753393285,22212.69921875
2024-02-26,-0.004089278221713085,0.00602997140998438,0.005740878242067931,22122.05078125
2024-02-27,0.003443060208267885,0.005481793643399943,0.005973399451236653,22198.349609375
2024-02-28,-0.011198396451173726,0.005850013328178732,0.014272636088530738,21951.150390625
2024-02-29,0.0014408171929075416,0.005837297436800215,0.009093490525352117,21982.80078125
2024-03-01,0.0160624736924449,0.006642388517811008,0.013678060824799955,22338.75
2024-03-04,0.0029880715530739466,0.006553294976539626,0.0036865609854260938,22405.599609375
2024-03-05,-0.0022027147028049303,0.006453595568551084,0.006608875119622492,22356.30078125
2024-03-06,0.0052531495595052715,0.006519352305461712,0.012140651101609026,22474.05078125
2024-03-07,0.0008672911404987264,0.005990529794948075,0.004252347330806104,22493.55078125
2024-03-11,-0.007178885448103384,0.006303831298881963,0.009821924650156192,22332.650390625
2024-03-12,0.00013650954899359894,0.0059545835874357505,0.00879984903651473,22335.69921875
2024-03-13,-0.015248393356596964,0.0069533550416380945,0.024598009273341975,21997.69921875
2024-03-14,0.006748394232673185,0.007039337059248813,0.012963568048039149,22146.650390625
2024-03-15,-0.005583024746448362,0.007147401261805826,0.008590935313239545,22023.349609375
2024-03-18,0.001467800056624233,0.007030382013252959,0.009392059414915256,22055.69921875
2024-03-19,-0.010860963960358783,0.0073764172998498495,0.008488672072436287,21817.44921875
2024-03-20,0.0009918508439663014,0.007326432696982951,0.010105781640386781,21839.099609375
2024-03-21,0.007883528864675105,0.00744768735178066,0.00634421041554312,22011.94921875
2024-03-22,0.0038450866714008036,0.007303795792850225,0.013458922126557072,22096.75
2024-03-26,-0.004174507484794188,0.007355635526472983,0.00571007293719044,22004.69921875
2024-03-27,0.005391158338500764,0.007415381889168925,0.0063619699965808294,22123.650390625
2024-03-28,0.009145057280234776,0.007660151243846038,0.01578366833100451,22326.900390625
2024-04-01,0.006032745520934439,0.007258660758293256,0.004549871727806963,22462.0
2024-04-02,-0.00038736104211539534,0.007266316492567142,0.004874526904364875,22453.30078125
2024-04-03,-0.0008309754048160305,0.006355194673338992,0.007782586594171387,22434.650390625
2024-04-04,0.0035595696965144527,0.006369591833256769,0.013999738538300712,22514.650390625
2024-04-05,-4.22476898839797e-05,0.006344204895319996,0.004885914079743462,22513.69921875
2024-04-08,0.006755296273493474,0.006413807191281655,0.006483244588219743,22666.30078125
2024-04-09,-0.0010395619844089984,0.00642106920848908,0.006896264394784203,22642.75
2024-04-10,0.004892486360835239,0.006242916472505848,0.004482767559609289,22753.80078125
2024-04-12,-0.01035502147176367,0.006734870324741945,0.009889216181915367,22519.400390625
2024-04-15,-0.011024443666037696,0.006268064655719087,0.007538374116062408,22272.5
2024-04-16,-0.005610032105390299,0.006241297005941259,0.00606381548053414,22147.900390625
2024-04-18,-0.006888920065700564,0.0063092711012529635,0.016584982518452744,21995.849609375
2024-04-19,0.006848265696137249,0.006490074345609236,0.018146944986905677,22147.0
2024-04-22,0.008515605079627573,0.006190307254542091,0.007946669870517724,22336.400390625
2024-04-23,0.0014137138340638612,0.006190367715926079,0.004385799467989985,22368.0
2024-04-24,0.001536747364098986,0.005988925632782632,0.004126755041334246,22402.400390625
2024-04-25,0.007468967297299811,0.006136387516820625,0.014208872449932802,22570.349609375
2024-04-26,-0.006685928069119567,0.006273316078015816,0.010475028604373163,22419.94921875
2024-04-29,0.009917283345523465,0.006519353303609073,0.00944647830868904,22643.400390625
2024-04-30,-0.0017039682453004383,0.006266521486008045,0.009508986897256475,22604.849609375
2024-05-02,0.0019158763335262374,0.0061457694203537515,0.0062985312539507576,22648.19921875
2024-05-03,-0.0076389620148829334,0.006403946198583694,0.019872371690621053,22475.849609375
2024-05-06,-0.0014760226012829026,0.006410238834220634,0.00799153260273429,22442.69921875
2024-05-07,-0.0062665796554610105,0.006500430622208793,0.011971752045734783,22302.5
2024-05-08,0.0,0.006500584956959747,0.008225587798453088,22302.5
2024-05-09,-0.015590012996666094,0.007086987441642993,0.017094369093703744,21957.5
2024-05-10,0.004439599522660019,0.007214088181191817,0.00820668170823525,22055.19921875
2024-05-13,0.002212518664983643,0.0071169627108763145,0.014051705384176437,22104.05078125
2024-05-14,0.005135117275633606,0.006937293242586588,0.008497707229521168,22217.849609375
2024-05-15,-0.0007789037357247285,0.00649707093228319,0.006567439821048922,22200.55078125
2024-05-16,0.00911570311987133,0.006679003286319225,0.01685867497485566,22403.849609375
2024-05-17,0.0027746873362616406,0.006456499932262628,0.006966051193625674,22466.099609375
2024-05-21,0.002798133238882937,0.006327548772158654,0.008280367865310015,22529.05078125
2024-05-22,0.0030469687473969323,0.0060929040200039,0.0064762766426558725,22597.80078125
2024-05-23,0.01623413013834582,0.007028770958307941,0.018118979675642636,22967.650390625
2024-05-24,-0.00045948127907615604,0.007039737511563217,0.005157462947830256,22957.099609375
2024-05-27,-0.0010743358183047916,0.006898572228542532,0.010448145342630794,22932.44921875
2024-05-28,-0.00193357757447097,0.006706476705822675,0.006118920876514552,22888.150390625
2024-05-29,-0.0080474093408375,0.006656857502490842,0.0061683610031857735,22704.69921875
2024-05-30,-0.00956116224385675,0.006994400025871638,0.012839810081283189,22488.650390625
2024-05-31,0.0018680341105537352,0.006993625673189359,0.008373037551715463,22530.69921875
2024-06-03,0.03202403067452011,0.009836728370901713,0.011881001588683916,23263.900390625
2024-06-04,-0.06112419596275757,0.017168074588189943,0.08673036995362014,21884.5
2024-06-05,0.03307130264902321,0.01874518856179743,0.03883455326927954,22620.349609375
2024-06-06,0.008848783029735371,0.018831837069257288,0.011723679382966765,22821.400390625
2024-06-07,0.02033183181806326,0.01886422345372384,0.02280571093752162,23290.150390625
2024-06-10,-0.0013298220789751808,0.018884284932846787,0.007943093752387958,23259.19921875
2024-06-11,0.00024290193115634738,0.018891862492703256,0.007857296788685788,23264.849609375
2024-06-12,0.002494199810096445,0.018882136809804263,0.006259928735025772,23322.94921875
2024-06-13,0.0032512085635553246,0.018867621105469082,0.005434032732407548,23398.900390625
2024-06-14,0.0028464728647632507,0.018806151224042267,0.0066544385493825025,23465.599609375
2024-06-18,0.0039257349959185015,0.018809392602969245,0.0033683631047008926,23557.900390625
2024-06-19,-0.0017801967265448713,0.01883178882833973,0.010677819755698249,23516.0
2024-06-20,0.0021663878659495613,0.018830595363448673,0.007697220292145797,23567.0
2024-06-21,-0.0028002164622532473,0.0185576604349507,0.011442034419433332,23501.099609375
2024-06-24,0.0015625352218749532,0.018553949462048813,0.008841062919023623,23537.849609375
2024-06-25,0.007763664467508334,0.01860088708628266,0.008098190362597698,23721.30078125
2024-06-26,0.006198787876631016,0.018606369050016,0.009194059386820498,23868.80078125
2024-06-27,0.007334080659762657,0.01848243985349369,0.01173028460250785,24044.5
2024-06-28,-0.0014108969297394127,0.018282772325508703,0.007838172382688732,24010.599609375
2024-07-01,0.00545557559691747,0.01828584851603787,0.007095565469790573,24141.94921875
2024-07-02,-0.0007499973340487516,0.017015112935299358,0.007459390672045485,24123.849609375
2024-07-03,0.006719678910168409,0.008377142525845383,0.004201955047042596,24286.5
2024-07-04,0.0006441994597673961,0.005257497385084474,0.004937834638958213,24302.150390625
2024-07-05,0.0008924945580705119,0.005137955816278571,0.007981894056365558,24323.849609375
2024-07-08,-0.0001356303337513403,0.0032262092317832604,0.004278226634785621,24320.55078125
2024-07-09,0.00462112711188291,0.00316072478574596,0.004571616584056753,24433.19921875
2024-07-10,-0.004460845993233708,0.003492168485683647,0.013124654833043977,24324.44921875
2024-07-11,-0.0003495037195243165,0.003538299858821976,0.008591085165777413,24315.94921875
2024-07-12,0.007628403248955412,0.0037436639424416234,0.010654119086008156,24502.150390625
2024-07-15,0.0034447298074261035,0.003750613661655087,0.0045675419970305975,24586.69921875
2024-07-16,0.0010691440871768358,0.003741167591641671,0.002990273813635071,24613.0
2024-07-18,0.007603152387120198,0.0038048104672291183,0.013439087228850764,24800.849609375
2024-07-19,-0.010944347737899481,0.0048736186876958175,0.014131172729292877,24530.900390625
2024-07-22,-0.0008829659721330775,0.0047923191351719446,0.009502471005844733,24509.25
2024-07-23,-0.0012329157000276177,0.004849252839468017,0.020766800438576545,24479.05078125
2024-07-24,-0.00268142363114976,0.004752857286481943,0.008069305916808323,24413.5
2024-07-25,-0.0003031729363163769,0.0046308919982065285,0.008823597904692594,24406.099609375
2024-07-26,0.01741480789992859,0.005755652616251275,0.01812976551426482,24834.849609375
2024-07-29,5.0331230625744864e-05,0.005724382292142613,0.009065448849303673,24836.099609375
2024-07-30,0.0008532792280141148,0.00565715798496819,0.006963733146181744,24857.30078125
2024-07-31,0.0037684255675633532,0.005654476474995409,0.005134016162362253,24951.150390625
2024-08-01,0.002391816490734086,0.005533212005923715,0.004873890532573259,25010.900390625
2024-08-02,-0.011792190883304469,0.006279338613761089,0.006677433032472461,24717.69921875
2024-08-05,-0.02715175314145156,0.008866902258773828,0.018970699958031797,24055.599609375
2024-08-06,-0.0026244033870099497,0.008878171405381642,0.01759709597363635,23992.55078125
2024-08-07,0.012630066341245293,0.009300390512394716,0.006288664600267517,24297.5
2024-08-08,-0.007456478381555143,0.009394933866118086,0.010813981061077248,24117.0
2024-08-09,0.010333291215294636,0.009698424524100515,0.004454736072637734,24367.5
2024-08-12,-0.0008416385761983504,0.009536224143884909,0.01070773285723087,24347.0
2024-08-13,-0.00857984886239657,0.009664726036048722,0.0100853067132027,24139.0
2024-08-14,0.0001967576418212346,0.009657247292189614,0.0040093515402536885,24143.75
2024-08-16,0.016325768935141063,0.010243598853451847,0.014644806168593264,24541.150390625
2024-08-19,0.0012827353541420893,0.009949762153278233,0.004714654734362716,24572.650390625
2024-08-20,0.0051226163083365125,0.010009454864270104,0.00514605192185776,24698.849609375
2024-08-21,0.0028846181820890576,0.0100167616966469,0.0053874907331784615,24770.19921875
2024-08-22,0.0016659691560852782,0.009989138909372542,0.0033412083358523264,24811.5
2024-08-23,0.0004694458708691634,0.009986106779970494,0.0034947216060360743,24823.150390625
2024-08-26,0.007523018148105455,0.00934686101358367,0.006761195858599639,25010.599609375
2024-08-27,0.0002858535502177548,0.009346608516819557,0.003975146396058798,25017.75
2024-08-28,0.0013820469762269526,0.009348811862884662,0.006584181576656319,25052.349609375
2024-08-29,0.003967777356455909,0.009352708036936157,0.007729038768895117,25151.94921875
2024-08-30,0.003332202116407902,0.009365599456199938,0.00273218778338554,25235.900390625
2024-09-02,0.0016945136137639853,0.00891249024630856,0.0038827310604731906,25278.69921875
2024-09-03,4.550726442364936e-05,0.0059558877479267405,0.0033979014443244423,25279.849609375
2024-09-04,-0.003215245383183467,0.005983948539919191,0.005246271547684985,25198.69921875
2024-09-05,-0.0021293438665674616,0.005557650390512338,0.005873876860481094,25145.099609375
2024-09-06,-0.011718747382249265,0.005992534120789415,0.014785409430349061,24852.150390625
2024-09-09,0.003384315433638339,0.005644871940999611,0.00819483189930759,24936.400390625
2024-09-10,0.0041898603137641086,0.0056633443960017495,0.009332626058581973,25041.099609375
2024-09-11,-0.004909997784499106,0.0053748974091203435,0.009171872058275096,24918.44921875
2024-09-12,0.018703624424743968,0.0065804669203597555,0.01937462367636202,25388.900390625
2024-09-13,-0.0012769785942554214,0.005762280178136006,0.00544439418886676,25356.5
2024-09-16,0.0010740980826790941,0.005763138719487624,0.004313783424434924,25383.75
2024-09-17,0.0013700476615561017,0.005704014554270288,0.0035171316962313297,25418.55078125
2024-09-18,-0.0016142974615182065,0.00573252415043858,0.007748913171135968,25377.55078125
2024-09-19,0.0015061029073179838,0.005731968060874307,0.009281566200897725,25415.80078125
2024-09-20,0.014652566289984728,0.006466687883468066,0.016387546927421094,25790.94921875
2024-09-23,0.005725960454112572,0.006396732449395994,0.0041886802852299345,25939.05078125
2024-09-24,5.20286681844374e-05,0.00639990166101033,0.004807218469922603,25940.400390625
2024-09-25,0.0024545416621303915,0.006400613217596172,0.006208669364302949,26004.150390625
2024-09-26,0.008115692736807522,0.006538079244362991,0.009631504077669498,26216.05078125
2024-09-27,-0.0014162255444679923,0.006576007701749365,0.00481108762989586,26178.94921875
2024-09-30,-0.014160691857076434,0.007486435889129835,0.013195985972166048,25810.849609375
2024-10-01,-0.0005405862138807384,0.007491685599320218,0.006527931188438412,25796.900390625
2024-10-03,-0.02142424417261006,0.008989265590244327,0.016203834591927275,25250.099609375
2024-10-04,-0.009370461848646757,0.009226552994149493,0.02071790106949262,25014.599609375
2024-10-07,-0.008787371273170997,0.009056666164466652,0.018093842316727664,24795.75
2024-10-08,0.008729434677965052,0.00924228321596791,0.011481929075900935,25013.150390625
2024-10-09,-0.0012481693673798233,0.00919717271608989,0.011462338666715453,24981.94921875
2024-10-10,0.0006602588660852999,0.009128513840467197,0.006186399375086236,24998.44921875
2024-10-11,-0.0013689902517646816,0.008018408242302709,0.004350205168390799,24964.25
2024-10-14,0.006535939888908111,0.008184763016690544,0.005661027040513746,25127.94921875
2024-10-15,-0.0028135592532655376,0.008192754420422142,0.008137348674287259,25057.349609375
2024-10-16,-0.003439985380697183,0.008201019727259654,0.007406549362213153,24971.30078125
2024-10-17,-0.008907784090014885,0.008394902092967811,0.012145512563483854,24749.849609375
2024-10-18,0.004201335956550517,0.008462870183780781,0.012816777069004566,24854.05078125
2024-10-21,-0.002939498473548445,0.007608628648386653,0.012053588282337463,24781.099609375
2024-10-22,-0.012547572909439223,0.007728632336648122,0.017824347960029418,24472.099609375
2024-10-23,-0.0014966842167451323,0.0077051071800954135,0.009254993375416914,24435.5
2024-10-24,-0.0014784351216731097,0.007608468792917916,0.005715352412044577,24399.400390625
2024-10-25,-0.00899959570008371,0.007223311943923876,0.015150433299920763,24180.80078125
2024-10-28,0.006527218917237164,0.0075845609013165775,0.014696454601298625,24339.150390625
2024-10-29,0.0052329430871703615,0.0074068208189830564,0.014045551270864189,24466.849609375
2024-10-30,-0.00516313130612327,0.007408873629339108,0.007842718744972423,24340.849609375
2024-10-31,-0.00558232586918934,0.0060462754963156356,0.008256423170917392,24205.349609375
2024-11-01,0.004081663627652918,0.005943779692730076,0.0036228404653970195,24304.349609375
2024-11-04,-0.012795285302364113,0.006263493089329,0.020862359478997356,23995.349609375
2024-11-05,0.009042055940529129,0.006291063866968669,0.015954073537513682,24213.30078125
2024-11-06,0.011119815807918394,0.006907706182000844,0.01362310636851126,24484.05078125
2024-11-07,-0.011696159889418445,0.007292629234630425,0.013401138185935557,24199.349609375
2024-11-08,-0.0021159463488489003,0.007293165026043945,0.008675595149030102,24148.19921875
2024-11-11,-0.00028571169910344984,0.0070448917200774145,0.013760698931890742,24141.30078125
2024-11-12,-0.010738381367723213,0.007310741519169596,0.016867312827610254,23883.44921875
2024-11-13,-0.013675649189030194,0.007733492152166525,0.015450537603564978,23559.05078125
2024-11-14,-0.0011191584619590343,0.007610743866825172,0.008148236554488427,23532.69921875
2024-11-18,-0.003358348106569627,0.00744521218201381,0.01093214669197573,23453.80078125
2024-11-19,0.002754783503889256,0.007551714867497712,0.013429836485107469,23518.5
2024-11-21,-0.007194627306794726,0.007270779907721169,0.010456164118071636,23349.900390625
2024-11-22,0.02358904203763299,0.009304536333223591,0.024975670952326178,23907.25
2024-11-25,0.013075438521712217,0.00982722298665247,0.008921742679762704,24221.900390625
2024-11-26,-0.0011318641340202825,0.009618649013247535,0.009006195235487404,24194.5
2024-11-27,0.0033175761911502914,0.009530886599161596,0.008605612680729171,24274.900390625
2024-11-28,-0.0149725605075969,0.009991991749445036,0.0197540110314851,23914.150390625
2024-11-29,0.009031098528695802,0.010193442592326137,0.010828301749808561,24131.099609375
2024-12-02,0.005988850983542634,0.010214135867900806,0.012071519818674173,24276.05078125
2024-12-03,0.007432322879372628,0.010309126499053786,0.008232750183855516,24457.150390625
2024-12-04,0.0004210081782723239,0.009837428682007715,0.008456068944916772,24467.44921875
2024-12-05,0.009799651742121284,0.009871529213378983,0.022753363627833745,24708.400390625
2024-12-06,-0.0012391968835286232,0.009588257177994414,0.005290211328279766,24677.80078125
2024-12-09,-0.002385583169878571,0.009188025943016672,0.005075316574596856,24619.0
2024-12-10,-0.00036357470666444975,0.009166487025002935,0.0067919563478653685,24610.05078125
2024-12-11,0.0012892918089711122,0.009162101433920981,0.004378754279480323,24641.80078125
2024-12-12,-0.003785351792322941,0.008817652967652865,0.006000349751219952,24548.69921875
2024-12-13,0.008905773422254015,0.008214314140332656,0.02468881516744642,24768.30078125
2024-12-16,-0.004047649614185296,0.008307842728335681,0.007276559950543715,24668.25
2024-12-17,-0.01356025614827435,0.008964433990569448,0.013175969371507232,24336.0
2024-12-18,-0.005651640286891943,0.009115398456721685,0.010107902372360644,24198.849609375
2024-12-19,-0.01026582529903898,0.00929241499169077,0.0056196267390345314,23951.69921875
2024-12-20,-0.015322359236337606,0.00840511617584825,0.022403865262321146,23587.5
2024-12-23,0.007010839504245724,0.007981734079163624,0.009360811579502516,23753.44921875
2024-12-24,-0.0010866989549987555,0.007981694189665144,0.007691448457623404,23727.650390625
2024-12-26,0.0009498673594489271,0.007932092455040448,0.00845889286126054,23750.19921875
2024-12-27,0.002657545248501766,0.0072595235600900416,0.005805554760437618,23813.400390625
2024-12-30,-0.007101000468431965,0.00707238294982454,0.01336646900192951,23644.900390625
2024-12-31,-4.2127301519090045e-06,0.006884356710563574,0.00970193797559552,23644.80078125
2025-01-01,0.004140304217561321,0.0067010616110506896,0.010950641906523867,23742.900390625
2025-01-02,0.018599976157659907,0.00806656254772516,0.01964344557578778,24188.650390625
2025-01-03,-0.007631803596810856,0.007824929943073392,0.009183566533706871,24004.75
2025-01-06,-0.016325128725884954,0.008501920502789664,0.022783183907793114,23616.05078125
2025-01-07,0.0038817437019732417,0.008609497445113856,0.006639071149558284,23707.900390625
2025-01-08,-0.0007996806978147784,0.008605991515841469,0.010794029586910168,23688.94921875
2025-01-09,-0.006881216315863482,0.00864012145435754,0.007925072524599919,23526.5
2025-01-10,-0.004046174437066828,0.008642652698832633,0.010765422614856069,23431.5
2025-01-13,-0.014857097422370331,0.008650277050237607,0.01272199015804222,23085.94921875
2025-01-14,0.003895278043635164,0.008805574523806795,0.0056437064864743695,23176.05078125
2025-01-15,0.0016015971562733668,0.008507029362737145,0.0063412703474366935,23213.19921875
2025-01-16,0.004238654922064901,0.008592754513047347,0.005130432028708636,23311.80078125
2025-01-17,-0.004669537131428157,0.008393682509999539,0.00826394663047374,23203.19921875
2025-01-20,0.006081952909099664,0.007900330496612724,0.00944320323627368,23344.75
2025-01-21,-0.013806721311582606,0.00822115059799993,0.019520434154257738,23024.650390625
2025-01-22,0.0056604403518015324,0.008378444067711705,0.008129870771797047,23155.349609375
2025-01-23,0.0021570002277194853,0.00839922602635888,0.007763312928162864,23205.349609375
2025-01-24,-0.00488797436469754,0.008388162900678344,0.012874511363499883,23092.19921875
2025-01-27,-0.011456619090824587,0.008594216254960098,0.009660842578511832,22829.150390625
2025-01-28,0.005595545512054291,0.008744180224821563,0.012209599500157903,22957.25
2025-01-29,0.008926687592645893,0.008968587244775375,0.0089301351228175,23163.099609375
2025-01-30,0.003723148074350194,0.0077742226150401056,0.007864752467795007,23249.5
2025-01-31,0.011074194280356322,0.008173466108242006,0.0114597499680342,23508.400390625
2025-02-01,-0.001117246011978889,0.007342217685999118,0.013378180118692214,23482.150390625
2025-02-03,-0.005170435671733403,0.007350890861846302,0.006831867747280338,23361.05078125
2025-02-04,0.016059657410686868,0.008254457204407912,0.014305405999557694,23739.25
2025-02-05,-0.0018108456539069108,0.008105074135787736,0.005353222162016652,23696.30078125
2025-02-06,-0.003930316218479903,0.008101800240268683,0.009206353540757217,23603.349609375
2025-02-07,-0.0018404311807618838,0.007297492674411343,0.010666439851661661,23559.94921875
2025-02-10,-0.0075988318246352615,0.007508376292718574,0.010790486208815208,23381.599609375
2025-02-11,-0.013338245144624153,0.00810624860798611,0.017484564575160323,23071.80078125
2025-02-12,-0.001151451956867338,0.00803652102464809,0.015029110527115133,23045.25
2025-02-13,-0.0006011552347958088,0.007978707217886218,0.010563872674847697,23031.400390625
2025-02-14,-0.00444513112662715,0.007877149883863906,0.015650298608763914,22929.25
2025-02-17,0.001318406118349223,0.007275688764268336,0.010834295171933187,22959.5
2025-02-18,-0.0006186376571162799,0.007146470742655325,0.008324144530547088,22945.30078125
2025-02-19,-0.0005405787764224007,0.007119973197398468,0.010251629988813323,22932.900390625
2025-02-20,-0.0008615791713867465,0.007048632037680855,0.004848726931083943,22913.150390625
2025-02-21,-0.005130286241460248,0.006656891887985366,0.008804180370630993,22795.900390625
2025-02-24,-0.010697116011174177,0.006918476003353511,0.006617642283076195,22553.349609375
2025-02-25,-0.00025714910818764225,0.006526474976454554,0.0049406869821815805,22547.55078125
2025-02-27,-0.00011088293493540093,0.006425244289656354,0.00465292323547314,22545.05078125
2025-02-28,-0.01882096814125905,0.006802920905267628,0.015616031503253134,22124.69921875
2025-03-03,-0.0002440302652016664,0.006818648265281403,0.011612101351672332,22119.30078125
2025-03-04,-0.001658315891150207,0.006804735749128869,0.006360249761261779,22082.650390625
2025-03-05,0.01146571185468711,0.006183275929897095,0.014643649766742114,22337.30078125
2025-03-06,0.00924200854408832,0.00676575415002283,0.013777057141515562,22544.69921875
2025-03-07,0.00034595413741610534,0.006785414203404212,0.007495877674315486,22552.5
2025-03-10,-0.004096583464717347,0.006796517070096556,0.011028312628688431,22460.30078125
2025-03-11,0.0016726478000064651,0.006738476901255381,0.009218655386678879,22497.900390625
2025-03-12,-0.001218651042867137,0.006180019037489565,0.011029999749671792,22470.5
2025-03-13,-0.00326742167482874,0.006195068493217945,0.00806802538612616,22397.19921875
2025-03-17,0.004968206335327962,0.006357156384161164,0.00994500402621203,22508.75
2025-03-18,0.014359703182661372,0.007181047667100882,0.011325136030105477,22834.30078125
2025-03-19,0.0032048904937790478,0.0072144572033134725,0.005795020092182495,22907.599609375
2025-03-20,0.012280480863664548,0.00772537434953418,0.010467580508140192,23190.650390625
2025-03-21,0.0068649342763162065,0.007847772900061714,0.011558621393419963,23350.400390625
2025-03-24,0.013101970335000056,0.008291216373125894,0.011634370298210817,23658.349609375
2025-03-25,0.0004353025297464832,0.008145548504080856,0.011331411564397098,23668.650390625
2025-03-26,-0.007710730752587225,0.007927335601810637,0.012125967764374796,23486.849609375
2025-03-27,0.004464845602965276,0.007926017031460713,0.009929234665096128,23591.94921875
2025-03-28,-0.003082049047667123,0.008000367353249516,0.008461118326192023,23519.349609375
2025-04-01,-0.015150767296533939,0.0075226927430641225,0.0185079671436369,23165.69921875
2025-04-02,0.007168090205371445,0.007573230832135506,0.008209665312619626,23332.349609375
2025-04-03,-0.003531376595912815,0.007640846551218006,0.00691176474294339,23250.099609375
2025-04-04,-0.014978235581472139,0.008282577729622244,0.015597406276311968,22904.44921875
2025-04-07,-0.032970136904421674,0.01105436842346256,0.02302855472396078,22161.599609375
2025-04-08,0.01674631338889978,0.011735598918645321,0.01891872801625535,22535.849609375
2025-04-09,-0.006084328049671031,0.011780121625205892,0.005154178472694233,22399.150390625
2025-04-11,0.018988950673859396,0.012532410169916224,0.010009395786423559,22828.55078125
2025-04-15,0.02166598602930882,0.013362399393499426,0.0069164008895350034,23328.55078125
2025-04-16,0.004646504460063537,0.01331924989516247,0.007643764761647774,23437.19921875
2025-04-17,0.017528943393621495,0.013742609008305725,0.024056986360597263,23851.650390625
2025-04-21,0.011418063566753105,0.013628746275427813,0.011850522842661785,24125.55078125
2025-04-22,0.0017269335569158489,0.013630158952585618,0.0070591237883913145,24167.25
2025-04-23,0.006668556323176313,0.013478967314476656,0.009838138110606721,24328.94921875
2025-04-24,-0.0033864737270896763,0.01349498427685422,0.005431634943867198,24246.69921875
2025-04-25,-0.008588438645809417,0.01341729687173947,0.021531348301251196,24039.349609375
2025-04-28,0.011956447831200931,0.01364623996951258,0.012374327563351625,24328.5
2025-04-29,0.00030614622903455367,0.01348207034742498,0.00685818289333087,24335.94921875
2025-04-30,-7.191266338548166e-05,0.013472606212045867,0.008112056158104392,24334.19921875
2025-05-02,0.0005135484625769229,0.013431485738811729,0.01440237904425892,24346.69921875
2025-05-05,0.004689876016656186,0.01283880490527128,0.005140804826914234,24461.150390625
2025-05-06,-0.0033394596535795407,0.012862202013655927,0.0072950176469103786,24379.599609375
2025-05-07,0.001426437150093386,0.012793616720663502,0.009404269844905347,24414.400390625
2025-05-08,-0.005775526588332327,0.012289624977042278,0.012237505940126741,24273.80078125
2025-05-09,-0.011010503428714508,0.00960329161967526,0.009517660779740087,24008.0
2025-05-12,0.03747214018466671,0.011895652980824453,0.022706439379988758,24924.69921875
2025-05-13,-0.013993290077199355,0.012405377569982732,0.01734456495351481,24578.349609375
2025-05-14,0.003596321541244558,0.011937095580999642,0.009405316287253296,24666.900390625
2025-05-15,0.015894449466611917,0.011547714589567389,0.024810402597610078,25062.099609375
2025-05-16,-0.0016891866264205442,0.01160379765766312,0.0046742665847940125,25019.80078125
2025-05-19,-0.002976133107706799,0.011175328453528172,0.005864750193194995,24945.44921875
2025-05-20,-0.010540184450815589,0.011304267517287041,0.013800509045741401,24683.900390625
2025-05-21,0.0052345883147392296,0.011340938477700556,0.010512428444566745,24813.44921875
2025-05-22,-0.008245170966734258,0.011460381448252599,0.011178503521302815,24609.69921875
2025-05-23,0.009843878373448323,0.01160074422699338,0.0118697225648817,24853.150390625
2025-05-26,0.0059373186446142635,0.011406425216791997,0.00714763984688517,25001.150390625
2025-05-27,-0.00702232377173064,0.011320275704356687,0.014452505520015948,24826.19921875
2025-05-28,-0.002975073210803887,0.011354776447416053,0.005138853841325993,24752.44921875
2025-05-29,0.003273116733106363,0.011365136510240847,0.008669658507489263,24833.599609375
2025-05-30,-0.0033438193068198903,0.01140676123508365,0.005920997497071974,24750.69921875
2025-06-02,-0.001378673005562118,0.011379162768298302,0.009234684528102517,24716.599609375
2025-06-03,-0.007068758288164619,0.011475869107691107,0.013973687226240195,24542.5
2025-06-04,0.0031609038835467354,0.011491110863471475,0.004622252656807616,24620.19921875
2025-06-05,0.005294655304090157,0.011443508333891338,0.01158543711438528,24750.900390625
2025-06-06,0.010135980900817266,0.0112533315557723,0.014320283727876332,25003.05078125
2025-06-09,0.003997448256890138,0.007601404670673677,0.003304328584861958,25103.19921875
2025-06-10,4.18575835460567e-05,0.006813958093762963,0.00573016770068813,25104.25
2025-06-11,0.001478750781646587,0.006788855394316886,0.005612241449669398,25141.400390625
2025-06-12,-0.010122141121121413,0.006245986917419074,0.014878490198118806,24888.19921875
2025-06-13,-0.006837783295332098,0.006408162046827262,0.011382101487185091,24718.599609375
2025-06-16,0.00917755091754434,0.006739243889354238,0.010562603972501153,24946.5
2025-06-17,-0.0037389519699400583,0.006338991879327181,0.00677378386273068,24853.400390625
2025-06-18,-0.0016651260767121068,0.006245784638670989,0.007943783616989287,24812.05078125
2025-06-19,-0.0007580150449296773,0.005942787552482164,0.005231231030623254,24793.25
2025-06-20,0.012790324902965947,0.006220021585365963,0.014038834306600738,25112.400390625
2025-06-23,-0.005610555258512813,0.0062265438546977156,0.009296464706072365,24971.900390625
2025-06-24,0.0028970292423300638,0.006034760617406613,0.012697474877964536,25044.349609375
2025-06-25,0.00796997571939643,0.006202939061759052,0.005615028867388269,25244.75
2025-06-26,0.011979963629751521,0.006660651614175958,0.011953516404751653,25549.0
2025-06-27,0.00346967847107354,0.0065779012711375635,0.005095929975224267,25637.80078125
2025-06-30,-0.004720968611190444,0.006703120931641319,0.007683052003370908,25517.05078125
2025-07-01,0.0009694695897414579,0.006390071868847928,0.003586262776046802,25541.80078125
2025-07-02,-0.0034670116851196766,0.006497415629698494,0.009010568562755727,25453.400390625
2025-07-03,-0.0018915002785163046,0.006484764340096395,0.00799637809346198,25405.30078125
2025-07-04,0.0021900252291445488,0.006150002742238622,0.005443604311496013,25461.0
2025-07-07,1.181334092876479e-05,0.006109045748986725,0.003242205964229108,25461.30078125
2025-07-08,0.0024007330644550996,0.006118267339500204,0.0048545554167891075,25522.5
2025-07-09,-0.0018196736296237606,0.006144151307513725,0.004881030113779283,25476.099609375
2025-07-10,-0.004754933244868607,0.005753143620146956,0.007241165537709153,25355.25
2025-07-11,-0.00813389240519248,0.0058516989479978415,0.007691863838338372,25149.849609375
2025-07-14,-0.0026894675348791744,0.005558752408601288,0.005946439759485531,25082.30078125
2025-07-15,0.004514895720960817,0.00555172857926514,0.006221274781496483,25195.80078125
2025-07-16,0.0006447408512447503,0.005524242501647502,0.0053248345866350804,25212.05078125
2025-07-17,-0.003998199509757984,0.0056190270260239724,0.0054696010643800275,25111.44921875
2025-07-18,-0.005712845317742711,0.0050021980727956395,0.00904940705912575,24968.400390625
2025-07-21,0.004886187422514114,0.004964831730105896,0.009130857907849631,25090.69921875
2025-07-22,-0.0011883501967580668,0.0049335870308965125,0.005843733324313639,25060.900390625
2025-07-23,0.006324502693684897,0.00480634168655725,0.0058683816235458285,25219.900390625
2025-07-24,-0.006276651657225533,0.004080319546921487,0.00907947796859286,25062.099609375
2025-07-25,-0.009022252428611252,0.004315546036780578,0.008213552361396304,24837.0
2025-07-28,-0.006304795850755804,0.004389978276115641,0.009829447286580804,24680.900390625
2025-07-29,0.005664401180259817,0.004655793937372957,0.010013689367578286,24821.099609375
2025-07-30,0.001366900490246142,0.0046699915143017445,0.005244469771847491,24855.05078125
2025-07-31,-0.003494369971240235,0.004696353671230987,0.01298027543499749,24768.349609375
2025-08-01,-0.008229715141942045,0.004867212892008426,0.010140283502414915,24565.349609375
2025-08-04,0.006386974825463857,0.005189547754740847,0.0073717527378629,24722.75
2025-08-05,-0.0029651959185494695,0.0051170040218196195,0.005793161481612954,24649.55078125
2025-08-06,-0.003061596134311999,0.005125549043036968,0.0053796736446301415,24574.19921875
2025-08-07,0.0008928622028389917,0.005109863851447818,0.011792448148127854,24596.150390625
2025-08-08,-0.00951200879308063,0.0052120190259390044,0.010179244685550195,24363.30078125
2025-08-11,0.009060632685991908,0.0057189943864083236,0.010307092422939309,24585.05078125
2025-08-12,-0.003979850901478695,0.005602011629967041,0.009676372949768731,24487.400390625
2025-08-13,0.0053739877432256436,0.005790650724329263,0.0052519982575316496,24619.349609375
2025-08-14,0.00048532037708285097,0.0057629119851366015,0.0031159539921019573,24631.30078125
2025-08-18,0.009923616908863717,0.006133669370872665,0.006799482892279641,24876.94921875
2025-08-19,0.004159900285259885,0.0061041537343616455,0.005552344302734937,24980.650390625
2025-08-20,0.002794273751954044,0.006135773126971639,0.0063471658323380805,25050.55078125
2025-08-21,0.0013244115539841486,0.005963064718610905,0.003936811680869089,25083.75
2025-08-22,-0.008553963109247331,0.00610386656345275,0.00907512323211286,24870.099609375
2025-08-25,0.003918729092601476,0.0058192996517426295,0.005094618933424117,24967.75
2025-08-26,-0.010293981565065833,0.006116996054830192,0.009309254957688438,24712.05078125
2025-08-28,-0.00858114302373062,0.006258198012649618,0.00902214929760633,24500.900390625
2025-08-29,-0.003026946376657732,0.006260819825102449,0.006867443107997755,24426.849609375
2025-09-01,0.008081328102276956,0.006534415590926052,0.00823959278002758,24625.05078125
2025-09-02,-0.0018474345185382894,0.006277044703733068,0.00950991894558138,24579.599609375
2025-09-03,0.005495586709857895,0.006232531395810255,0.008248073787275056,24715.05078125
2025-09-04,0.0007785744550393448,0.006195389255322607,0.011019142350553485,24734.30078125
2025-09-05,0.0002708106342015157,0.006148491691164076,0.008518249060264339,24741.0
2025-09-08,0.0012986346282709543,0.006151087087262017,0.005407032074559679,24773.150390625
2025-09-09,0.0038455266535053208,0.005733980700443093,0.003128474561175956,24868.599609375
2025-09-10,0.004193282121674665,0.005472360493708731,0.004831135877690893,24973.099609375
2025-09-11,0.0012965707489705478,0.005356621494733795,0.003885160889604287,25005.5
2025-09-12,0.004329658895022681,0.0053171652215363,0.004037526379708529,25114.0
2025-09-15,-0.001785489719644452,0.00535273933709348,0.0035780647785076153,25069.19921875
2025-09-16,0.0067543940269436074,0.005112475992795089,0.007565688746046696,25239.099609375
2025-09-17,0.003604969810507005,0.005094312979783448,0.002808909924892174,25330.25
2025-09-18,0.0036785274558399,0.0051172775230657,0.004688526431404508,25423.599609375
2025-09-19,-0.0038048357551339826,0.005214016449800094,0.005624390300328901,25327.05078125
2025-09-22,-0.00493579674708062,0.00493951887780206,0.007167920463765043,25202.349609375
2025-09-23,-0.001304284606843299,0.004896240548661332,0.007042253521126761,25169.5
2025-09-24,-0.004483689738311146,0.00437254355951287,0.004884897521913601,25056.900390625
2025-09-25,-0.006649003929024595,0.004173680570222385,0.008613544369303007,24890.849609375
2025-09-26,-0.009532730366893805,0.004706321309809848,0.009699992220676744,24654.69921875
2025-09-29,-0.0008033674181471517,0.004355755255860667,0.00751379382765606,24634.900390625
2025-09-30,-0.0009666077692868598,0.004340305422587641,0.005855145230695341,24611.099609375
2025-10-01,0.009108779315782467,0.004642932653729409,0.01054907501353,24836.30078125
2025-10-03,0.0023305289834215856,0.004665240408895416,0.006316719724434357,24894.25
2025-10-06,0.007340173682814145,0.004921884990612335,0.008545410945082528,25077.650390625
2025-10-07,0.0012214730903828323,0.004921401265715614,0.005759036050857807,25108.30078125
2025-10-08,-0.0024783611817054724,0.004909905826333858,0.007346438359999342,25046.150390625
2025-10-09,0.005401403691044332,0.0049667071453928105,0.006947446700486354,25181.80078125
2025-10-10,0.004103618794970308,0.005032127937297184,0.006877515767491041,25285.349609375
2025-10-13,-0.0022964532241035664,0.0049885703162335536,0.004558544666034344,25227.349609375
2025-10-14,-0.0032497538671527296,0.005030203301849677,0.009934136450856017,25145.5
2025-10-15,0.007055869574947451,0.005051436764707064,0.008126853261130287,25323.55078125
2025-10-16,0.010283174673804386,0.0054921493247936624,0.009714592897502641,25585.30078125
2025-10-17,0.0048561734175648985,0.005534162083823401,0.010614624152662795,25709.849609375
2025-10-20,0.0051714188632333265,0.005525539252203676,0.005328267516484852,25843.150390625
2025-10-21,0.000984272270986046,0.00534598787184496,0.004196161746833059,25868.599609375
2025-10-23,0.0008810194252249848,0.005312083373204732,0.009337077035336223,25891.400390625
2025-10-24,-0.0037243774174138414,0.0052702635135170595,0.008759443866515304,25795.150390625
2025-10-27,0.00660344071508198,0.005025572648597187,0.006891660971379546,25966.05078125
2025-10-28,-0.0011502994876563522,0.004300300889312684,0.008931472015087503,25936.19921875
2025-10-29,0.004527837947802368,0.004247473835607984,0.005279394872273878,26053.900390625
2025-10-30,-0.006780108726120027,0.004694245592183114,0.007218558886064707,25877.849609375
2025-10-31,-0.006036845980053782,0.004794199780131767,0.00942966495478452,25722.099609375
2025-11-03,0.001602394830084992,0.004792341270785687,0.006117201829906901,25763.349609375
2025-11-04,-0.006452358545521922,0.004930772319944414,0.008164811879630371,25597.650390625
2025-11-06,-0.0034418242922323408,0.005030304872433356,0.007354050228750309,25509.69921875
2025-11-07,-0.0006822649376453303,0.004984653481486721,0.00913219968835566,25492.30078125
2025-11-10,0.0032134043686110675,0.004903614566551301,0.005863266164744689,25574.349609375
2025-11-11,0.004704563337770722,0.004926880573051015,0.010373664449801433,25694.94921875
2025-11-12,0.007013755040664786,0.00505669497749961,0.005928334041594425,25875.80078125
2025-11-13,0.00012944111834060272,0.004953158480567197,0.0078170583296384,25879.150390625
2025-11-14,0.0011933141887742222,0.004773401988414388,0.007695794932377985,25910.05078125
2025-11-17,0.003982727442351947,0.004325452245642547,0.004530333843235838,26013.44921875
2025-11-18,-0.003982727442351953,0.004343921069130364,0.0059185375848808675,25910.05078125
2025-11-19,0.005488550984983714,0.0043628392045010405,0.008384988421508519,26052.650390625
2025-11-20,0.005340256999340202,0.00449992274995297,0.007004051562740835,26192.150390625
2025-11-21,-0.0047454848460117445,0.004656014968425918,0.004871845454968433,26068.150390625
2025-11-24,-0.00417664636992243,0.004677841884190325,0.008885008980334752,25959.5
2025-11-25,-0.002881677226487561,0.004483808699753032,0.006764572416637478,25884.80078125
2025-11-26,0.012305756174877891,0.0052678696364370815,0.014203277992569789,26205.30078125
2025-11-27,0.0003910657620054032,0.0051825848769019205,0.0064293452970498035,26215.55078125
2025-11-28,-0.0004808059270205712,0.0049134909376181484,0.004135015813314192,26202.94921875
2025-12-01,-0.001038560391932615,0.004678344675092158,0.007701844741793454,26175.75
2025-12-02,-0.005499206353098099,0.004885094826180163,0.006021389075998579,26032.19921875
2025-12-03,-0.0017762718275890193,0.004639608780500349,0.00675168239629031,25986.0
2025-12-04,0.0018358417105443499,0.004537435635224746,0.006119010179094444,26033.75
2025-12-05,0.005848298407896911,0.004642497599920581,0.008296275611297648,26186.44921875
2025-12-08,-0.008663963433110109,0.00512525661623132,0.011034019315063526,25960.55078125
2025-12-09,-0.004667959097577137,0.005172850782133474,0.007571711987867483,25839.650390625
2025-12-10,-0.003164890577820058,0.004972391552946166,0.008273142688679245,25758.0
2025-12-11,0.005441754277616313,0.0051318292389377265,0.00886346047656805,25898.55078125
2025-12-12,0.0057136360690816825,0.005282737467329012,0.004574447073411159,26046.94921875
2025-12-15,-0.0007546316435640039,0.005212942667013526,0.005471193183719799,26027.30078125
2025-12-16,-0.006444791966669916,0.005340125445218339,0.00566124619921904,25860.099609375
2025-12-17,-0.0016079691231565723,0.005182946541996881,0.006150646587233108,25818.55078125
2025-12-18,-0.00011620227379163036,0.005002510616163221,0.006819487587801745,25815.55078125
2025-12-19,0.005826355812965194,0.005112557453251596,0.00434794152930654,25966.400390625
2025-12-22,0.00790202570190833,0.005326465002781971,0.005077808512650007,26172.400390625
2025-12-23,0.00018147242687454733,0.005270629457980702,0.004374043709547799,26177.150390625
2025-12-24,-0.0013398810760412456,0.004496723896949665,0.004337845556381122,26142.099609375
2025-12-26,-0.0038248575837020187,0.004569693533785045,0.005206898212028537,26042.30078125
2025-12-29,-0.0038550524856079535,0.004637283284517342,0.007189086573879407,25942.099609375
2025-12-30,-0.00012528683662081574,0.004636199847179498,0.0038070308239232433,25938.849609375
2025-12-31,0.007326926621050068,0.004786333128470409,0.008379356056854524,26129.599609375
