,Date,Close,High,Low,Open,Volume
0,2010-01-04,84.57847595214844,84.62325228661169,83.22020543300488,83.8620261315511,118944600
1,2010-01-05,84.80236053466797,84.8396779413871,84.22024543040534,84.52623222275905,111579900
2,2010-01-06,84.86204528808594,85.0710090492381,84.65308152693378,84.72024600994607,116074400
3,2010-01-07,85.22029113769531,85.32477304057522,84.46652395791597,84.70534054933243,131091100
4,2010-01-08,85.50391387939453,85.54123129793861,84.82478127383378,84.99642773392378,126402800
5,2010-01-11,85.623291015625,85.92180746991816,85.257598679594,85.88449576004972,106375700
6,2010-01-12,84.82476806640625,85.23523113728774,84.49639305463084,85.05612008260923,163333500
7,2010-01-13,85.54120635986328,85.780022964942,84.60832810661252,85.04117928880476,161822000
8,2010-01-14,85.7725601196289,85.92928298615783,85.39194419015172,85.44418514566136,115718800
9,2010-01-15,84.80982971191406,85.70539058292641,84.48145473541886,85.62330253263977,212283100
10,2010-01-19,85.86958312988281,85.92182408887219,84.7725172972687,84.79491116012485,139172700
11,2010-01-20,84.99639892578125,85.41432654139966,84.31726655040133,85.28745647149218,216490200
12,2010-01-21,83.36202239990234,85.28002041226532,83.2575404610062,85.01881556502495,344859600
13,2010-01-22,81.50369262695312,83.39183697804759,81.41413428015515,82.9888329582108,345942400
14,2010-01-25,81.9216537475586,82.39929276562772,81.65298998478734,82.25002879315663,186937500
15,2010-01-26,81.57831573486328,82.44402927538762,81.37681658668502,81.6007038964569,211168800
16,2010-01-27,81.96641540527344,82.1529910540915,80.84696151236504,81.473852959352,271863600
17,2010-01-28,81.02605438232422,82.27984268915041,80.53349774062589,82.23506636549665,316104000
18,2010-01-29,80.14543151855469,81.94402342244543,80.01856144978737,81.37683188217724,310677600
19,2010-02-01,81.39176177978516,81.39922640024713,80.22753151654962,80.71262935751012,187865000
20,2010-02-02,82.37689971923828,82.53362262151396,81.25744553683631,81.54104424043473,216327900
21,2010-02-03,81.96641540527344,82.45151323096779,81.72759880253979,82.00372711873489,172730700
22,2010-02-04,79.43645477294922,81.36937587627416,79.42152553160986,81.33206416060034,356715700
23,2010-02-05,79.60064697265625,79.76482878023876,78.04833602411388,79.52601214921975,493585800
24,2010-02-08,79.0260009765625,80.10067880257775,78.96629538759757,79.66035720125936,224166900
25,2010-02-09,80.01856994628906,80.71263162902116,79.30957902221286,79.9513997479151,337820500
26,2010-02-10,79.86183166503906,80.30214740449327,79.19015828009213,79.89168444812961,240511500
27,2010-02-11,80.69771575927734,80.78727414067001,79.2946686138216,79.75737837692637,223591600
28,2010-02-12,80.63053894042969,80.67531527737461,79.48869679763517,79.84691888086931,304622100
29,2010-02-16,81.89925384521484,81.98134759485656,80.46635407774806,81.24250954191862,159317500
30,2010-02-17,82.28733825683594,82.39928480191026,81.89925765975663,82.29479718435984,168845100
31,2010-02-18,82.77241516113281,82.94406155204943,82.12312991946244,82.15298270349933,193708600
32,2010-02-19,82.94404602050781,83.26495627151735,82.36193107538243,82.55597128836932,222684900
33,2010-02-22,82.9590072631836,83.27245301705356,82.71272601635542,83.25006484803964,132346900
34,2010-02-23,81.95150756835938,82.98886799121165,81.73507907594467,82.73512777559066,207497000
35,2010-02-24,82.70528411865234,82.83961886348183,81.98883404417481,82.19779793750088,176350700
36,2010-02-25,82.59330749511719,82.65301306972455,81.30220718379572,81.52609454781783,259634700
37,2010-02-26,82.64556121826172,82.92915989454447,82.17539255672045,82.66794938873923,173589300
38,2010-03-01,83.5038070678711,83.58590081882517,82.96646822302178,82.98885639258422,147709700
39,2010-03-02,83.73514556884766,84.13814963746498,83.58588733328719,83.86202133229445,160992400
40,2010-03-03,83.8097915649414,84.30981298401758,83.60082203589822,83.9515851994953,150785000
41,2010-03-04,84.06352233886719,84.18293348496906,83.60827730856826,83.92172302633043,135770400
42,2010-03-05,85.26506805419922,85.33223255200993,84.40681896565219,84.60832384675771,176118800
43,2010-03-08,85.2800064086914,85.46658208234587,85.13074814730292,85.27254748130838,114631200
44,2010-03-09,85.42179870605469,85.81733819060545,84.98148288554339,85.02625922150393,154556700
45,2010-03-10,85.80239868164062,86.03375063284864,85.38447110685554,85.45910021751915,186088800
46,2010-03-11,86.16061401367188,86.18300786958818,85.33968247231492,85.60088718631454,160791100
47,2010-03-12,86.1681137084961,86.54872970030925,85.92929705936271,86.53380045695451,162074800
48,2010-03-15,86.19048309326172,86.2501886659909,85.52627425470072,86.01883668896131,146816800
49,2010-03-16,86.8770980834961,86.95918614031667,86.19049528764229,86.42931191851042,168673000
50,2010-03-17,87.39204406738281,87.67564273431114,86.88455800922638,87.13830388522342,177468100
51,2010-03-18,87.34725952148438,87.51890593591568,86.99649637829368,87.39950047724656,196509100
52,2010-03-19,86.90512084960938,87.8942967726296,86.56789827660991,86.90512084960938,226641100
53,2010-03-22,87.36974334716797,87.52711733522938,86.35808691087134,86.41054300113012,184477800
54,2010-03-23,87.98423767089844,88.05917412639091,87.21237559919918,87.49714213426971,182941600
55,2010-03-24,87.55708312988281,87.99921791274565,86.61287355066312,87.6545056623073,196072600
56,2010-03-25,87.41471862792969,88.55376772463777,87.30980643680996,88.14910396576782,223396300
57,2010-03-26,87.36225891113281,87.99173203175904,87.01754662355864,87.57957864581151,205808500
58,2010-03-29,87.91677856445312,88.07414681416626,87.4446738153137,87.8043710382911,134513500
59,2010-03-30,87.97676086425781,88.29899283639001,87.60956815280502,88.0217216035784,145772500
60,2010-03-31,87.67699432373047,88.06666733845262,87.38473813336752,87.63952323582329,161078700
61,2010-04-01,88.27647399902344,88.61369083155347,87.75190749396322,88.27647399902344,161215200
62,2010-04-05,88.9958724975586,89.05581821702165,88.36639384628509,88.61368923490267,105847600
63,2010-04-06,89.2056884765625,89.36305669536085,88.64365667344703,88.74107346109844,110384200
64,2010-04-07,88.69613647460938,89.44551241257174,88.28397742181619,89.02586371684392,184576300
65,2010-04-08,89.00337982177734,89.15325844342108,88.12661132497952,88.38889176625004,158704000
66,2010-04-09,89.58790588378906,89.62537125458762,89.02587386624279,89.19073178887002,133006500
67,2010-04-12,89.73028564453125,89.962596105244,89.59539772831548,89.70030991678492,110279000
68,2010-04-13,89.79772186279297,89.95509012692354,89.17573844935917,89.64035359866239,125043600
69,2010-04-14,90.81687927246094,90.81687927246094,89.9850714550513,90.12744900730198,161609000
70,2010-04-15,90.89179992675781,91.10162425551935,90.63700915805867,90.66698487892235,144615300
71,2010-04-16,89.44548797607422,90.89178336990524,88.98836832141943,90.56955157592373,366786700
72,2010-04-19,89.78272247314453,89.87264963708692,88.77856153690024,89.18322519871465,217947800
73,2010-04-20,90.5845718383789,90.65951401470271,89.82770616961946,90.3447717390846,157708000
74,2010-04-21,90.419677734375,90.84682166898838,89.91759165342557,90.63699166344374,192910100
75,2010-04-22,90.68949127197266,90.80189882815613,89.26568128460151,89.78274689538814,115360300
76,2010-04-23,91.28147888183594,91.31894996470713,90.39721506855041,90.62952549123965,177335500
77,2010-04-26,90.93682098388672,91.51384398810654,90.84689947891903,91.31150916735332,143457300
78,2010-04-27,88.78605651855469,90.92926626919031,88.61369755105329,90.41220080125456,355853300
79,2010-04-28,89.46047973632812,89.68529476020223,88.62867215219096,89.21319007080689,300674100
80,2010-04-29,90.56958770751953,90.75693171556631,89.97757995601744,90.0000603222174,193775000
81,2010-04-30,89.03336334228516,90.68199402101925,89.01088297639131,90.58457147909883,270000900
82,2010-05-03,90.1873779296875,90.4346733200669,89.32559460148529,89.46048247648463,182747900
83,2010-05-04,88.06665802001953,89.19821729111787,87.6170335991353,89.18323228791176,360353400
84,2010-05-05,87.54209899902344,88.27648995190971,86.90513057953264,87.34725964951731,328973200
85,2010-05-06,84.63449096679688,87.67695439224516,78.68444624945079,87.12241799094534,647356600
86,2010-05-07,83.3756103515625,85.2565407844981,81.98926531320413,84.40974760734218,637558800
87,2010-05-10,87.04749298095703,87.41468551076474,86.11077325991859,86.7852068852395,396159600
88,2010-05-11,86.80017852783203,87.94672229966099,86.11075433679898,86.23065146175672,317849800
89,2010-05-12,88.01423645019531,88.14163475519128,86.99508431394926,87.14496299121306,235607100
90,2010-05-13,86.9201431274414,88.18659072463238,86.84520665151061,87.77443153108305,234452500
91,2010-05-14,85.3464126586914,86.42551568136602,84.58205182915277,86.26814744343996,345601400
92,2010-05-17,85.39139556884766,85.81853967344087,83.75775560934834,85.57873957467424,325739800
93,2010-05-18,84.2298583984375,86.34309836066288,83.95258723715142,86.088307563238,360556800
94,2010-05-19,83.75022888183594,84.5070942137979,82.70110177029245,83.75771852230723,394742700
95,2010-05-20,80.587890625,82.34892297007266,80.53543453701178,81.96673963342437,530418300
96,2010-05-21,81.76441192626953,81.96674092103537,78.95425206000314,79.36641112730284,500909400
97,2010-05-24,80.71530151367188,81.97425362886943,80.64036504483707,81.32229434370578,269823000
98,2010-05-25,80.79774475097656,80.8352158493269,78.21988869467738,78.76693585724297,396505200
99,2010-05-26,80.31060791015625,82.03417464000444,80.07080786852627,81.29229415453732,349719300
100,2010-05-27,83.0008544921875,83.03083020639122,81.51708808415914,81.82433486678512,300870500
101,2010-05-28,81.95922088623047,82.97087691949342,81.5695423275935,82.91092549242885,297933500
102,2010-06-01,80.58037567138672,82.39386366349508,80.46047852111747,81.19486357438556,277909400
103,2010-06-02,82.67866516113281,82.68615480556701,80.56542482166567,80.99256896313395,240243700
104,2010-06-03,82.96342468261719,83.22570516574339,82.11663177501383,82.91846394759148,226618300
105,2010-06-04,80.04833984375,81.92927510478286,79.77856404068214,81.38972349864716,398475600
106,2010-06-07,79.05165100097656,80.64032974434275,78.99170528252175,80.33308292414611,264609100
107,2010-06-08,79.89847564697266,80.05584392970009,78.42220392963863,79.11162851604995,357774300
108,2010-06-09,79.4713134765625,81.1424184686874,79.13409090394455,80.36306687608585,268023300
109,2010-06-10,81.79435729980469,81.89177408079797,79.46379845812301,80.82766197844272,317890600
110,2010-06-11,82.19156646728516,82.24402256277956,81.02254164353239,81.0749977390268,214128200
111,2010-06-14,82.0641860961914,83.27068218901871,81.98175425998932,82.82105191253946,207196100
112,2010-06-15,83.93010711669922,84.00504356888216,82.49879629568022,82.6411795569272,238268700
113,2010-06-16,83.90013885498047,84.24485113951079,83.33061147662002,83.49547511645741,216374000
114,2010-06-17,84.0350112915039,84.17739453919333,83.21819432110189,84.13992345802738,263185800
115,2010-06-18,84.12614440917969,84.42731637093948,83.85508504800633,84.20143739961964,174006600
116,2010-06-21,83.88520050048828,85.23296049300362,83.41837478467892,85.17272954942077,213140700
117,2010-06-22,82.49977111816406,84.25412557926018,82.37930350736227,83.88518598154212,239355400
118,2010-06-23,82.24378204345703,82.84613164641007,81.67907605941498,82.55248499426712,254639900
119,2010-06-24,80.88090515136719,81.94255451277182,80.67008263138173,81.8371432527791,268523600
120,2010-06-25,81.21976470947266,81.63387889931445,80.39152484081878,81.12187868254894,238726500
121,2010-06-28,80.96376037597656,81.5585845696682,80.67011378908241,81.34023094835216,169218600
122,2010-06-29,78.4640121459961,80.94872073259785,77.96707387536749,79.8268340601063,373649500
123,2010-06-30,77.71862030029297,78.96850016699346,77.4626172105669,78.24567703724722,284101700
124,2010-07-01,77.37224578857422,77.92188969361115,76.1449478535046,77.66589242156347,382924800
125,2010-07-02,76.95060729980469,77.86919670922661,76.51390566202755,77.63578671795894,233385200
126,2010-07-06,77.455078125,78.5844901409957,76.7096620584125,78.0348404323037,256935300
127,2010-07-07,79.89461517333984,79.99249549070558,77.56802317983968,77.65084719625962,253769400
128,2010-07-08,80.68519592285156,80.77554520625199,79.74401925752053,80.56472255233568,210842100
129,2010-07-09,81.28752136230469,81.29505238184339,80.51199293987732,80.66257886374261,144999900
130,2010-07-12,81.34022521972656,81.49834215965025,80.67763912702472,81.01646032050625,131283600
131,2010-07-13,82.56755828857422,82.89131758216884,82.01790852830072,82.18355655864306,213025900
132,2010-07-14,82.56002044677734,82.88378545811713,81.96519608899094,82.3040173998059,184426800
133,2010-07-15,82.58263397216797,82.86874970887594,81.44569056072974,82.52992829055101,232337900
134,2010-07-16,80.3087158203125,82.22871254529312,80.15059310396848,82.13835752802308,282693400
135,2010-07-19,80.7830581665039,81.03905540488441,79.97741135088702,80.60235389561853,186709000
136,2010-07-20,81.67906951904297,81.73930045337491,79.67624303199482,79.7138923923774,258162400
137,2010-07-21,80.61744689941406,82.12332991294154,80.28615079820192,82.10074258685668,264527000
138,2010-07-22,82.41693115234375,82.7783454036883,81.56610978731327,81.57363506219623,274781300
139,2010-07-23,83.13221740722656,83.25268497841375,82.01786221520466,82.25127208371252,222020800
140,2010-07-26,83.99813079833984,84.08095480209042,83.04189786115539,83.27530782927812,184445700
141,2010-07-27,83.9905776977539,84.54775247473951,83.65928179249978,84.45739747935627,204855600
142,2010-07-28,83.44849395751953,84.07343667735344,83.1699035807957,83.81743362275837,163056200
143,2010-07-29,83.04186248779297,84.19386128353307,82.37927648451657,83.96797668870865,220149100
144,2010-07-30,83.02681732177734,83.47105558333703,82.05552830232853,82.19858321326721,220070600
145,2010-08-02,84.90167236328125,85.03720204265161,83.98308295249177,84.32190427867422,188263200
146,2010-08-03,84.4950942993164,84.90920866904789,84.21650388207011,84.69086069371888,146657300
147,2010-08-04,85.05978393554688,85.16519526338548,84.44990328955394,84.72848790834749,158171700
148,2010-08-05,84.96942901611328,85.01460940273542,84.38966671225573,84.51766536129763,140473800
149,2010-08-06,84.6230697631836,84.75859942298433,83.51624516555856,84.13365678365392,239728300
150,2010-08-09,85.0748062133789,85.21786684872997,84.5703370969615,85.02210057053655,120800400
151,2010-08-10,84.61556243896484,85.06733192781168,83.85509567134719,84.35203406679597,242916300
152,2010-08-11,82.29649353027344,83.34308156854749,82.16096385473142,83.31296322459518,273406900
153,2010-08-12,81.79203033447266,82.08567705006757,81.01650153459441,81.05415090612713,239542600
154,2010-08-13,81.55107879638672,82.04049184088473,81.45319848528186,81.53602249640399,158698500
155,2010-08-16,81.51343536376953,81.77696369773157,80.70025729512652,80.99390397361091,147895300
156,2010-08-17,82.51482391357422,83.11717917547774,81.98023634726545,82.21365202710795,172270300
157,2010-08-18,82.6654052734375,83.10963777161462,82.00281916371263,82.47716999567062,182922100
158,2010-08-19,81.22730255126953,82.4395384616724,80.88848127584669,82.23624684531589,265847600
159,2010-08-20,80.96376037597656,81.27246900267737,80.37646720218825,80.98634769120149,209714200
160,2010-08-23,80.65509033203125,81.74685313863158,80.61744096167094,81.34779508855681,163490300
161,2010-08-24,79.45789337158203,80.1054233401905,79.03624808764577,79.77412733453421,280677800
162,2010-08-25,79.76661682128906,80.06778879727962,78.5242623146227,79.02120067059691,272234800
163,2010-08-26,79.23200988769531,80.24847942145674,78.96847585586183,80.14306810651767,224439500
164,2010-08-27,80.45928955078125,80.54211353457768,78.53928737293283,79.72893573611354,272649000
165,2010-08-30,79.29227447509766,80.49698557625597,79.28474919546942,80.24851348080546,167238600
166,2010-08-31,79.29227447509766,79.79674969011522,78.67486262077375,78.9986277239246,273933100
167,2010-09-01,81.66403198242188,81.77697435297497,80.30874076924749,80.36144644290725,256828100
168,2010-09-02,82.42452239990234,82.43957870515466,81.68663706378456,81.85981616887477,156112200
169,2010-09-03,83.49365997314453,83.56895295395485,82.78589331565797,83.23013166806535,212197300
170,2010-09-07,82.552490234375,83.20755128545956,82.48472826934213,83.10213995463951,141973700
171,2010-09-08,83.13221740722656,83.46350753635426,82.68044821794392,82.7180975652121,149924400
172,2010-09-09,83.51619720458984,84.0884338556278,83.29031839762841,84.06584654937994,147017900
173,2010-09-10,83.9378890991211,84.0357693889669,83.47859449883168,83.66682980240978,127819000
174,2010-09-13,84.87154388427734,85.04471716560838,84.42730553208557,84.76613256229683,178503500
175,2010-09-14,84.8188247680664,85.3007066619587,84.38964852680341,84.70588244257924,209823600
176,2010-09-15,85.14261627197266,85.24049658754528,84.31438186743334,84.57037919023271,168608400
177,2010-09-16,85.12003326416016,85.17273893590783,84.59297080219612,84.87909222981548,199962900
178,2010-09-17,85.15180206298828,85.65140649239582,84.91714252657907,85.56813908749457,195836900
179,2010-09-20,86.45378875732422,86.64303179525949,85.17450397280518,85.44701440945113,214555200
180,2010-09-21,86.2796859741211,86.93067669312082,85.92390814875351,86.52191682486767,268389100
181,2010-09-22,85.85578155517578,86.62789639749228,85.61355069342221,86.14343467398515,191322400
182,2010-09-23,85.15939331054688,86.04504961491872,84.91716237836206,85.15182196962957,202354300
183,2010-09-24,86.91554260253906,86.976101760994,86.02988656728266,86.10558262773172,209671800
184,2010-09-27,86.49921417236328,87.04423510194727,86.4159525402922,86.94583079114341,128761800
185,2010-09-28,86.80199432373047,87.0820760959588,85.67410744679215,86.61275128782354,209207500
186,2010-09-29,86.65060424804688,86.98367384717231,86.30996331023971,86.58247375038974,179665800
187,2010-09-30,86.39324951171875,87.64982634534947,85.98448376253432,87.08966844101845,287106700
188,2010-10-01,86.75657653808594,87.14263394259545,86.24183525715294,87.04422386925121,174638700
189,2010-10-04,86.1056137084961,86.93828222447505,85.67413965542801,86.57493869307103,166153200
190,2010-10-05,87.83903503417969,88.0509862784932,86.80198127423061,86.90039133426065,229634100
191,2010-10-06,87.83148956298828,88.0585835489104,87.47571168015558,87.82391822339355,148626600
192,2010-10-07,87.72550964355469,88.2099713997387,87.19563140249083,88.18726315729877,164860000
193,2010-10-08,88.217529296875,88.45976013805723,87.51354501230806,87.8466145846482,177760100
194,2010-10-11,88.30081176757812,88.54304265012198,87.99802172058835,88.35379959265835,103098300
195,2010-10-12,88.57332611083984,88.83069390814504,87.54384337113899,88.01316247804611,182210000
196,2010-10-13,89.26216888427734,89.73906511155644,88.85340316456958,89.06536025182702,194347200
197,2010-10-14,88.91395568847656,89.33029271685804,88.35379786639577,89.17889480870129,217764300
198,2010-10-15,89.09565734863281,89.58769060884829,88.38410715447846,89.5347027669938,243705000
199,2010-10-18,89.53466796875,89.82988665509225,88.8004040346846,89.12590230106701,141204800
200,2010-10-19,88.36138153076172,89.20918683373755,87.82392610088749,88.70958810523257,280604700
201,2010-10-20,89.22429656982422,89.65577040227205,88.46732452867093,88.52031234054212,200051800
202,2010-10-21,89.421142578125,90.14783534883033,88.72472939477083,89.62552834893508,221585500
203,2010-10-22,89.587646484375,89.72390169278292,89.32270740559261,89.55736690748004,108212400
204,2010-10-25,89.85259246826172,90.65498687954451,89.7844677464418,90.1856620644636,151145700
205,2010-10-26,89.86775970458984,89.95859269183924,89.22433435219638,89.39843476125162,158982900
206,2010-10-27,89.61036682128906,89.70877690329344,88.76256165472553,89.23945206091753,190024000
207,2010-10-28,89.6255111694336,90.16296074760596,89.19403723905636,90.12510982686213,168576000
208,2010-10-29,89.693603515625,89.86770960285595,89.3756766870164,89.5346401013207,144305500
209,2010-11-01,89.72392272949219,90.64742982797848,89.20918135206901,90.1326884505553,174074800
210,2010-11-02,90.43547058105469,90.64742187517962,90.15538878510984,90.39761966057254,158345900
211,2010-11-03,90.79882049560547,90.85180832292349,89.66336210287056,90.5944405260188,226702800
212,2010-11-04,92.54743194580078,92.59284843421769,90.8139647432611,91.80559657529746,215039400
213,2010-11-05,92.89562225341797,93.04701437182521,92.48685660343143,92.60796914310941,180654100
214,2010-11-08,92.72152709960938,92.87292501118428,92.30519583706797,92.60798010973815,156107100
215,2010-11-09,92.05538177490234,93.069721663418,91.68446704591786,92.97131736498021,186621600
216,2010-11-10,92.42628479003906,92.47170703953286,91.33624898123941,92.03266187093553,221387400
217,2010-11-11,92.07807922363281,92.21433442293747,91.35138675242084,91.63146848855772,158017600
218,2010-11-12,90.98805236816406,91.8585715172219,90.57172114052028,91.4573771918469,239068800
219,2010-11-15,90.85936737060547,91.63148220734327,90.82152222777825,91.27570436837969,163940800
220,2010-11-16,89.44383239746094,90.45060097207154,89.0123527258917,90.29920885152175,299566200
221,2010-11-17,89.48927307128906,89.86018790957736,89.21676256043703,89.48170173064295,172308900
222,2010-11-18,90.80638885498047,91.13188714789106,90.34463532840405,90.352206667841,197723700
223,2010-11-19,91.05619049072266,91.09403563718311,90.26893867632386,90.76097178222808,156852900
224,2010-11-22,90.9804916381836,91.01833678348582,89.90558671233492,90.60200553372354,181361000
225,2010-11-23,89.6633529663086,90.09482688057172,89.31514645438043,89.90558383439948,222309000
226,2010-11-24,90.98805236816406,91.01076638442622,90.21594329719095,90.23108019945974,140046100
227,2010-11-26,89.92828369140625,90.69282131938874,89.92828369140625,90.20079409700506,76007800
228,2010-11-29,90.20083618164062,90.44306712460755,89.12593095793628,89.70123161319816,223642300
229,2010-11-30,89.693603515625,90.20834466561695,89.17886236563305,89.30755198455923,233930700
230,2010-12-01,91.6012191772461,91.77531957123186,90.98050212539192,90.98806769018066,221037200
231,2010-12-02,92.7745132446289,92.84264374741366,91.69204274124196,91.74503056552358,191213600
232,2010-12-03,93.02429962158203,93.13027525209857,92.43386231577882,92.45657055442685,151288900
233,2010-12-06,92.92591094970703,93.13786224636874,92.72909655627558,92.82750086537146,103050500
234,2010-12-07,92.97888946533203,93.87211682272394,92.92590164647146,93.81912900386337,206581000
235,2010-12-08,93.31952667236328,93.3952227330815,92.66096459135166,93.09243849020864,138019200
236,2010-12-09,93.6828842163086,93.87969283670581,93.22113069687558,93.84184769058623,123705100
237,2010-12-10,94.22792053222656,94.31875351794056,93.66019127055127,93.97054693047527,117571700
238,2010-12-13,94.2884521484375,94.77291387779414,94.25817256844779,94.65937267188194,133812700
239,2010-12-14,94.37171936035156,94.79562770411806,94.08407201388519,94.43227852020954,147249600
240,2010-12-15,93.94026947021484,94.56855792008382,93.78130596637584,94.19764307779285,160823100
241,2010-12-16,94.48526000976562,94.55339050385022,93.67530007046891,94.00079831384454,185035200
242,2010-12-17,94.58647918701172,94.70822867250517,94.22121911930769,94.41906856454787,141075300
243,2010-12-20,94.81478118896484,95.04306950402729,94.34299385273492,94.84522001801405,119085500
244,2010-12-21,95.41590881347656,95.47678645486728,95.02021575565975,95.11152641213441,94965500
245,2010-12-22,95.71267700195312,95.74311582167651,95.43112807933146,95.48439456244458,78878100
246,2010-12-23,95.57574462890625,95.71271647133943,95.33985093578774,95.60618346118181,70053700
247,2010-12-27,95.61376953125,95.70508019850278,95.14958762067467,95.21807062111425,58126000
248,2010-12-28,95.7507553100586,95.84206599063577,95.49963932724542,95.80402180893293,55309100
249,2010-12-29,95.81922149658203,96.03228745466934,95.8040049876952,95.86488263446641,58033100
250,2010-12-30,95.66703033447266,95.97901810505728,95.52244737910245,95.72790797942977,76616900
251,2010-12-31,95.68984985351562,95.78116631317721,95.370250953117,95.52243924694169,91218900
252,2011-01-03,96.67909240722656,97.09761312336184,95.65180109123236,96.42036533770737,138725200
253,2011-01-04,96.62582397460938,96.9225952092773,96.0246703489558,96.89215638961761,137409700
254,2011-01-05,97.12808990478516,97.18896756912535,96.23016467541476,96.32148117192507,133975300
255,2011-01-06,96.93782043457031,97.27264167532837,96.648660330214,97.16610869974384,122519000
256,2011-01-07,96.74760437011719,97.22700287035742,95.99426221099309,97.06720337027735,156034600
257,2011-01-10,96.62582397460938,96.76279576027237,96.03227569966229,96.32144158362372,122401700
258,2011-01-11,96.96827697753906,97.20417063721175,96.60301684763388,96.97588813593222,110287000
259,2011-01-12,97.84335327148438,97.94988624351811,96.99108368960302,97.56180433351449,107929200
260,2011-01-13,97.68354797363281,97.92705854460931,97.44004901387943,97.881403215357,129048400
261,2011-01-14,98.39125061035156,98.41407827734413,97.47810909697594,97.54659209795365,117677900
262,2011-01-18,98.55867767333984,98.64998835653269,98.18580636492536,98.29994471891641,114401300
263,2011-01-19,97.59223937988281,98.57386381324511,97.33351810116386,98.47494780151338,151958400
264,2011-01-20,97.4628677368164,97.7063666742301,96.73995885817891,97.37155128107801,175745700
265,2011-01-21,97.68354797363281,98.29231278985095,97.57701500163638,98.07164149472372,151462900
266,2011-01-24,98.23904418945312,98.35318250338211,97.59983479778431,97.62266246057011,113715500
267,2011-01-25,98.29231262207031,98.37601792929772,97.48570417672796,97.9803190577479,167552200
268,2011-01-26,98.67279052734375,98.96195643102698,98.3379692938628,98.53582453795059,141281500
269,2011-01-27,98.91630554199219,99.08371616624842,98.5206066472753,98.69562262309817,123302700
270,2011-01-28,97.1889419555664,99.19025255261867,97.02914248299777,99.03044727443795,295637300
271,2011-01-31,97.91947174072266,97.99557172039681,97.21179069690503,97.45530134288099,149249200
272,2011-02-01,99.48701477050781,99.66203073640533,98.45211806617029,98.51299570892228,167194300
273,2011-02-02,99.2967529296875,99.56307949090667,99.17499767307397,99.22825834082967,118323600
274,2011-02-03,99.5174331665039,99.66962144541485,98.59668653179878,99.12173435235833,145886700
275,2011-02-04,99.79901885986328,99.83706884642575,99.09894322977152,99.55551984606974,134634800
276,2011-02-07,100.4229736328125,100.75017786667523,100.01205248886637,100.01966945044956,112439100
277,2011-02-08,100.87956237792969,100.93282305938386,100.24035292191608,100.51429651414381,99072800
278,2011-02-09,100.6512451171875,100.92518863048923,100.14901340759768,100.60558980017389,146436700
279,2011-02-10,100.68932342529297,100.80346174995259,99.91314798393776,100.14143624448026,162708500
280,2011-02-11,101.29048156738281,101.4198422188672,100.27080705952382,100.29363472677257,137710300
281,2011-02-14,101.53400421142578,101.61770954791511,101.11548914020628,101.22962750304302,101690700
282,2011-02-15,101.21435546875,101.3741607094538,100.6893076463722,101.22197243001582,119575400
283,2011-02-16,101.85358428955078,101.97532796963948,101.35135242130507,101.55681302399171,130183500
284,2011-02-17,102.15795135498047,102.29491733648298,101.46548126301306,101.55680352857065,109810500
285,2011-02-18,102.37105560302734,102.49281092852436,102.01340659139669,102.24930027753032,130002400
286,2011-02-22,100.31645965576172,102.39385859726399,100.0425160450299,101.29808415433669,233116400
287,2011-02-23,99.7000961303711,100.49909934960272,99.08372586763453,100.25558874094264,227584000
288,2011-02-24,99.63160705566406,100.01970065839669,98.69563777542605,99.5935686807672,260431400
289,2011-02-25,100.6969223022461,100.75779994189153,99.98922990118756,100.050107540833,141686900
290,2011-02-28,101.32093048095703,101.45030276396064,100.73500478135841,101.06982610182978,141585500
291,2011-03-01,99.63160705566406,101.7318455328744,99.60117403350147,101.6405348551611,258565500
292,2011-03-02,99.84466552734375,100.3088474021671,99.19024536958007,99.49462197779528,200277400
293,2011-03-03,101.5644302368164,101.67856857873674,100.74259934131497,100.75020469370132,176480100
294,2011-03-04,100.80348205566406,101.68619064825425,100.14145641683423,101.48833536402421,277202300
295,2011-03-07,100.0120849609375,101.3285425078448,99.48703694621153,101.10025419944508,216790400
296,2011-03-08,100.88717651367188,101.20677546389516,99.7381413632579,100.17187864883792,174615000
297,2011-03-09,100.74259185791016,101.0545854509501,100.14144394974278,100.689331172712,153806000
298,2011-03-10,98.87825012207031,99.82182455827015,98.77932250102751,99.684858570263,301291800
299,2011-03-11,99.56309509277344,99.92074395810769,98.53581543357215,98.55864309636182,225621800
300,2011-03-14,98.96198272705078,99.2891870850275,98.20863475154019,98.91632738512159,234974100
301,2011-03-15,97.8281478881836,98.41408514138328,96.26058605216569,96.32906905791984,359585400
302,2011-03-16,96.01707458496094,97.835758066107,95.3322155468575,97.51614750563847,468670300
303,2011-03-17,97.28788757324219,97.69880309132024,96.7171725435138,97.40203174031056,254303700
304,2011-03-18,97.64173889160156,98.49771113573968,97.45067412708417,98.46713424288295,230435400
305,2011-03-21,99.15492248535156,99.3612639266115,98.74221627950838,98.85686207520334,153992600
306,2011-03-22,98.81104278564453,99.26960285869613,98.71933543570104,99.1396802257205,129538600
307,2011-03-23,99.09378051757812,99.35362566282055,98.06967671339092,98.53586330015203,148603100
308,2011-03-24,100.04148864746094,100.18669970912046,99.10145343469895,99.65935918484777,159129800
309,2011-03-25,100.34720611572266,100.78282766899447,100.03385713603016,100.30135244292211,155642800
310,2011-03-28,100.10263061523438,100.82103586976841,100.07206538940272,100.5611906343693,109762400
311,2011-03-29,100.77519226074219,100.80575748962522,99.68994587955771,100.01857165213461,129798800
312,2011-03-30,101.47066497802734,101.76872550476682,101.15731600688255,101.30252707456752,135835000
313,2011-03-31,101.33309936523438,101.61588312894646,101.22610357027135,101.3407494188034,132537100
314,2011-04-01,101.76107025146484,102.23491871048498,101.51651346180839,101.95978503358045,153850100
315,2011-04-04,101.84516906738281,102.15851811441158,101.55475852335016,101.97509172212592,100768900
316,2011-04-05,101.82987213134766,102.28078213711501,101.60059210177666,101.6464457753575,120791500
317,2011-04-06,102.15087127685547,102.4107165648615,101.73816484374653,102.31900920713421,120411600
318,2011-04-07,101.89098358154297,102.39538550077766,101.38657000064507,101.9674024606206,170731500
319,2011-04-08,101.53944396972656,102.40306030990982,101.11909921735126,102.3419181948674,147945400
320,2011-04-11,101.23372650146484,101.99033525539863,100.98915808612114,101.64642112527746,121385400
321,2011-04-12,100.47711944580078,100.86688729020838,100.11027843567214,100.668184172569,161187400
322,2011-04-13,100.46946716308594,101.01972277136271,100.08733776238628,100.94330388822108,162059000
323,2011-04-14,100.54590606689453,100.69875552527695,99.56001714791164,99.88864290035055,161220400
324,2011-04-15,100.9127426147461,101.1649494576187,100.43126742532169,100.72932793750466,170006700
325,2011-04-18,99.78165435791016,100.90511603417188,98.97918006605649,99.8045811952488,210759300
326,2011-04-19,100.3548583984375,100.38543529231468,99.68995672746058,99.93451357013731,124258800
327,2011-04-20,101.72286987304688,101.94449983515524,101.4859398051618,101.55473197282701,156133800
328,2011-04-21,102.24256896972656,102.28842264425572,101.72287844284017,102.25020736159243,135935400
329,2011-04-25,102.13556671142578,102.30370461516974,101.79929090393786,102.16613193862185,65757100
330,2011-04-26,103.01443481445312,103.2207879482945,102.34189502458221,102.44889078626599,146600000
331,2011-04-27,103.68704223632812,103.83989174100418,102.79286038922002,103.21320527333145,143031000
332,2011-04-28,104.02327728271484,104.16083828438768,103.48829839565639,103.50357517695441,124791100
333,2011-04-29,104.267822265625,104.3748296925957,103.92390813868597,104.06148078645987,115094100
334,2011-05-02,104.10734558105469,104.8410275754246,103.90099241815969,104.7569702938113,126278700
335,2011-05-03,103.73284912109375,104.08441331873848,103.20550865545887,103.90863705074833,138375000
336,2011-05-04,103.04505157470703,103.73288007148597,102.58649146907581,103.68702639325642,182678500
337,2011-05-05,102.11261749267578,103.13672147342234,101.66170760495861,102.47182005724062,226900000
338,2011-05-06,102.56352996826172,103.656426130612,102.16611212180125,103.129085685853,222787200
339,2011-05-09,102.9609603881836,103.25902089401171,102.39540460152736,102.5559041023573,114104500
340,2011-05-10,103.8398208618164,104.02324713922602,103.17491955640686,103.3048421297822,114806900
341,2011-05-11,102.74697875976562,103.70230248125753,102.27314192563891,103.68701403644704,193564200
342,2011-05-12,103.23609924316406,103.45009081390455,101.9444997658379,102.47184030147199,171550700
343,2011-05-13,102.4412841796875,103.43482333762597,102.07444307857747,103.28961224340141,157444900
344,2011-05-16,101.79161834716797,102.87686430420253,101.62348049985789,102.07439033507025,141675400
345,2011-05-17,101.7763671875,101.91393986826439,100.97389292442969,101.4095261415726,192686200
346,2011-05-18,102.6858139038086,102.79280967045626,101.60820618578737,101.82984777062723,135217900
347,2011-05-19,102.93038177490234,103.19787705124332,102.36483765939829,103.02210077169465,119489500
348,2011-05-20,102.11261749267578,102.93036833466593,101.92155279499931,102.66288475491709,182594900
349,2011-05-23,100.92802429199219,101.43243794392053,100.56882169092184,100.86688218312224,168700000
350,2011-05-24,100.8439712524414,101.44009233084664,100.65290650521752,101.21846235520027,147199600
351,2011-05-25,101.18023681640625,101.60058155002027,100.4083395140718,100.43890473939577,151050100
352,2011-05-26,101.64643096923828,101.82985729851,100.71403420335417,100.90509892322116,164850000
353,2011-05-27,102.03618621826172,102.31131984741215,101.61585321571442,101.92919045479563,120921900
354,2011-05-31,103.09854888916016,103.11383733657023,102.28843610145367,102.99920313516591,164731200
355,2011-06-01,100.78279876708984,103.11379031320429,100.69872983717545,102.80044142337216,233094300
356,2011-06-02,100.67581176757812,101.06559123185359,100.0873408686352,100.85159969375358,200466800
357,2011-06-03,99.67464447021484,100.438903371224,99.4147992426714,99.46829130167606,234690200
358,2011-06-06,98.6199722290039,99.62879966568764,98.49004960367338,99.42244647879026,179951200
359,2011-06-07,98.5588150024414,99.40714269407196,98.47474607221989,99.12435902241963,161660500
360,2011-06-08,98.1461410522461,98.73462375753599,97.96271469092186,98.40598631787178,198696400
361,2011-06-09,98.89510345458984,99.30015976511255,98.17670983746741,98.4136282460751,160964400
362,2011-06-10,97.51944732666016,98.5359073661943,97.25960206521286,98.47477690840294,238629400
363,2011-06-13,97.59585571289062,98.00856203468705,97.0990921102943,97.74106676457214,207599800
364,2011-06-14,98.83397674560547,99.17789095376553,98.45184725616839,98.49005087577886,160570400
365,2011-06-15,97.07616424560547,98.81867945943533,96.81631901483664,98.0085668801763,300958000
366,2011-06-16,97.29015350341797,97.80220553123446,96.5411772681922,97.1067271820368,308032800
367,2011-06-17,97.58048248291016,98.26404460621062,97.25022167032475,98.2563624869207,233284900
368,2011-06-20,98.07971954345703,98.28709576860477,97.2195096013353,97.25023222208834,159479000
369,2011-06-21,99.42378997802734,99.6158019369341,98.11811100135732,98.58662064986902,193157300
370,2011-06-22,98.82469940185547,99.70027333986378,98.76325417749791,99.11656128768432,176703000
371,2011-06-23,98.54054260253906,98.8016760617885,96.91996115210952,97.66496851251193,334286500
372,2011-06-24,97.39614868164062,98.59430148571735,97.25022357072116,98.51750373027784,226129300
373,2011-06-27,98.2640380859375,98.64037401007047,97.26557359514409,97.45758554647054,168904700
374,2011-06-28,99.54669952392578,99.56206376503748,98.51751803960362,98.65576105116234,165556300
375,2011-06-29,100.3991928100586,100.56047625857431,99.56202365868005,99.99980473841443,244295500
376,2011-06-30,101.35926818847656,101.52055166211203,100.39153218822595,100.72178711389428,223322700
377,2011-07-01,102.8569564819336,102.99521117537486,101.21333471444558,101.4514276492555,202385700
378,2011-07-05,102.77246856689453,102.97984474289564,102.44988991504765,102.74942807172538,165936000
379,2011-07-06,102.89537811279297,103.02594484947078,102.2348564499352,102.52671840220378,143331600
380,2011-07-07,103.96298217773438,104.22411569618322,103.59432240348409,103.809374915087,170464200
381,2011-07-08,103.22563934326172,103.96297052862688,102.44991513614887,102.78785810779617,194100500
382,2011-07-11,101.35926818847656,102.28859945517802,101.12117524774278,101.95834452950969,195918600
383,2011-07-12,100.92149353027344,101.98140342617667,100.89077676957947,101.14423399335986,214675700
384,2011-07-13,101.25944519042969,102.31935517734705,101.0136759253297,101.45145718982879,204062600
385,2011-07-14,100.56050872802734,101.98140207047308,100.3684967476688,101.51289236961898,226111800
386,2011-07-15,101.14420318603516,101.28244614627292,100.43760071048287,101.1211626926622,220012800
387,2011-07-18,100.31472778320312,100.82931842418706,99.56204418947078,100.6757112017184,196872100
388,2011-07-19,101.94300842285156,102.06589891632815,100.85238166208244,100.87542216467398,166554900
389,2011-07-20,101.88154602050781,102.26556995834535,101.70489829055708,102.2041364414342,137145400
390,2011-07-21,103.29474639892578,103.54820356345618,101.89689386475425,102.45756544233313,245246300
391,2011-07-22,103.36387634277344,103.47140256808773,102.7340715091614,103.31779534899296,126019400
392,2011-07-25,102.787841796875,103.29475617390608,102.27325116060882,102.38077738729908,136653800
393,2011-07-26,102.4038314819336,102.88770542602964,102.17341476000779,102.71873394458281,131278200
394,2011-07-27,100.3070297241211,101.86616554631597,100.17645130794754,101.83543707681255,249020100
395,2011-07-28,100.01519012451172,101.20566661400575,99.85389492240792,100.30705205237578,207939900
396,2011-07-29,99.33161926269531,100.26863847741095,98.2870738292162,99.00904060640485,307038400
397,2011-08-01,98.90919494628906,100.58354524780138,97.94913519434925,100.49137154236918,325790900
398,2011-08-02,96.38231658935547,98.69414210347925,96.38231658935547,98.1641872474178,346653800
399,2011-08-03,96.90463256835938,97.01215883934742,94.87698594438135,96.51293223536386,370830800
400,2011-08-04,92.36544036865234,95.7141296188531,92.2118272756787,95.56051652587946,520721800
401,2011-08-05,92.22720336914062,93.75561721730368,89.75408792191995,93.51752421726702,655619200
402,2011-08-08,86.2210693359375,92.25792702976891,86.03673359860167,89.7924936753784,702263900
403,2011-08-09,90.23023223876953,90.35311680445413,84.69260403272702,87.61118717939581,717828700
404,2011-08-10,86.24407196044922,89.3085804659202,85.98293271045101,88.52517443540273,662607400
405,2011-08-11,90.11506652832031,91.33625994460539,86.26714469445275,86.98911163574779,487979700
406,2011-08-12,90.72183990478516,91.5590094862579,90.07667648057728,90.93689242627387,313731600
407,2011-08-15,92.64193725585938,92.73409925108706,91.39769758262304,91.5436285547206,258810600
408,2011-08-16,91.85083770751953,92.69569501319103,90.86773741699992,91.75867571762079,294095200
409,2011-08-17,91.91229248046875,93.08740485156585,91.18264930591869,92.35776167701579,238201100
410,2011-08-18,87.94915008544922,91.9429960684468,87.08893449015063,89.47756347751407,512956300
411,2011-08-19,86.51292419433594,89.0013980144438,86.40539794567172,86.75869931410287,428281300
412,2011-08-22,86.5820541381836,88.5021741497133,86.33627901109745,88.45608728481254,275090600
413,2011-08-23,89.43146514892578,89.53130922823482,86.46680091995344,86.9045878211365,331136600
414,2011-08-24,90.69109344482422,90.81397805634806,89.032107241201,89.239483446524,246869700
415,2011-08-25,89.30860137939453,91.70491273579543,88.99370481388664,91.19032209231914,312365400
416,2011-08-26,90.60662078857422,91.02136739934294,87.44226101367637,88.85547233848918,314495900
417,2011-08-29,93.21029663085938,93.26405975121057,90.675736134896,91.82780802219924,190977200
418,2011-08-30,93.4560546875,94.03209052609166,91.59738045464842,92.80321524237738,241315700
419,2011-08-31,93.87084197998047,94.86162475600769,93.16423911730345,94.0551718876914,301828400
420,2011-09-01,92.88771057128906,94.77710761404866,92.764820100342,93.92457401600906,254585900
421,2011-09-02,90.51444244384766,92.83395034744653,90.1918637371719,90.95222950569058,255517200
422,2011-09-06,89.85389709472656,89.98446965467585,87.84929216659594,87.85697428417856,285130500
423,2011-09-07,92.38847351074219,92.42687238612262,90.90614097509217,91.21336127683506,209803200
424,2011-09-08,91.42839813232422,92.88768992184085,91.221021973637,91.83546247229836,250568200
425,2011-09-09,89.03208923339844,91.44375857663424,88.54053916724457,90.38385484519105,380195100
426,2011-09-12,89.6081771850586,89.67730456634276,87.59589476138906,87.91847358140201,305793500
427,2011-09-13,90.42997741699219,90.76792044027835,89.26254693796807,89.90002823744271,272514700
428,2011-09-14,91.681884765625,92.78019355491325,89.64655655138219,90.89079046473955,319389500
429,2011-09-15,93.26403045654297,93.29475306705649,91.70489459634962,92.66495420087644,326777200
430,2011-09-16,93.8160629272461,94.1634761838241,92.88963935648627,93.63850125637822,284528300
431,2011-09-19,92.88189697265625,93.3605523828415,91.65438571806634,92.27972119568338,241517000
432,2011-09-20,92.77383422851562,94.17891330446093,92.65031383538523,93.27564944636553,218932200
433,2011-09-21,90.0408706665039,93.10579714234429,89.8941905782031,92.82015294035112,316251300
434,2011-09-22,87.13034057617188,88.17256834678464,85.92598900924655,87.4314284679032,513911300
435,2011-09-23,87.65533447265625,88.13398999218585,86.48185832479575,86.55134333265757,307242500
436,2011-09-26,89.73976135253906,89.8632875975245,87.22297595654389,88.48136865454148,260673700
437,2011-09-27,90.74341583251953,92.30289680864954,90.20299720074831,91.5077155358172,311753900
438,2011-09-28,88.8905258178711,91.47679581467692,88.75928361962784,90.92866143667158,286696800
439,2011-09-29,89.59306335449219,90.81285238410501,87.95637627658225,90.36508456085558,298108900
440,2011-09-30,87.35424041748047,89.12988646586585,87.29247727926088,88.3578649082921,288392300
441,2011-10-03,84.86832427978516,87.97184813824315,84.77567957876528,86.84469744775615,365136800
442,2011-10-04,86.7288818359375,86.91417121403214,82.9382597991036,83.64851807829874,459177500
443,2011-10-05,88.33470153808594,88.56631035176912,86.14216323279419,86.94506632615726,284108000
444,2011-10-06,89.93278503417969,90.06403316875809,87.63216420765208,88.28838132031706,257800800
445,2011-10-07,89.3305892944336,90.51950287481998,88.82877424121028,90.45773975348824,312657900
446,2011-10-10,92.31832885742188,92.35692639691364,90.84376502151714,90.85148688543805,230666300
447,2011-10-11,92.41097259521484,92.67346297202445,91.6775545151166,91.77019921694175,209088000
448,2011-10-12,93.22162628173828,94.29473604267949,92.89737856045932,93.10582184126478,281544900
449,2011-10-13,93.0362777709961,93.31420587811316,91.96316875909302,92.67342685947912,212538800
450,2011-10-14,94.62667846679688,94.64983817023156,93.59217244633537,94.1171473210633,211397600
451,2011-10-17,92.82015228271484,94.61124201869477,92.58854346484955,94.17890595135002,202311600
452,2011-10-18,94.63438415527344,95.34464242613,92.02494806660678,92.75065006381786,318857900
453,2011-10-19,93.51493072509766,95.02037567784387,93.19068321775711,94.479957275555,226601300
454,2011-10-20,93.92414093017578,94.26382639366395,92.50361827085256,93.74657338898909,262075600
455,2011-10-21,95.70752716064453,95.8233315889,94.74250007527877,95.02814432290998,278999400
456,2011-10-24,96.88096618652344,97.12029683156611,95.77697532214513,95.86189814940931,203215600
457,2011-10-25,94.99725341796875,96.46408964064645,94.78880430249724,96.41777023278921,268596800
458,2011-10-26,95.96226501464844,96.3251101349785,94.34873718145303,96.00086255167622,289053800
459,2011-10-27,99.30510711669922,99.91499878211867,97.74562073686369,98.53307989921592,393220200
460,2011-10-28,99.28196716308594,99.47497253332513,98.66434762229794,98.8187495624667,225906500
461,2011-10-31,96.8886947631836,99.2973979868633,96.74973066258235,98.17025323429023,228146700
462,2011-11-01,94.18659973144531,95.35235355766471,93.81602691136946,94.20975942831471,416565800
463,2011-11-02,95.7229232788086,96.03945485206701,94.79650003668871,95.59940292855177,244717600
464,2011-11-03,97.46771240234375,97.6607177734375,95.4218542907387,96.71112875603139,291174800
465,2011-11-04,96.87327575683594,97.04311556609186,95.73840302965738,96.68027035126292,249401600
466,2011-11-07,97.47544860839844,97.57580929571337,95.88508011134955,96.80378769774741,196617200
467,2011-11-08,98.7260971069336,98.83418552462645,97.0508120385064,97.9849572502569,224426300
468,2011-11-09,95.0821762084961,97.12031261392802,94.85056738921917,96.41777018149645,337982000
469,2011-11-10,95.97770690917969,96.45636233099766,94.97407666312971,96.34055793490631,231866500
470,2011-11-11,97.7842025756836,98.03896508105996,97.11254204865467,97.14342360174204,189924400
471,2011-11-14,96.85779571533203,98.3941165185321,96.44090348877444,97.42137387995304,159258300
472,2011-11-15,97.33647155761719,97.85372454594271,96.28652185262581,96.63392916954736,184709400
473,2011-11-16,95.79240417480469,97.5371680693639,95.65344010540964,96.35597642453365,235782500
474,2011-11-17,94.27153015136719,95.85417631907016,93.59215346482182,95.61484568865134,331219600
475,2011-11-18,94.17118835449219,94.7656423380222,93.77745572692686,94.57263695647836,215580400
476,2011-11-21,92.38008117675781,92.91277192382795,91.60033793358411,92.79696753879334,229611600
477,2011-11-22,92.01721954345703,92.71975585531894,91.49996080213319,92.17934330773285,216494900
478,2011-11-23,89.9868392944336,92.01725995066477,89.9868392944336,91.15259360477421,224329100
479,2011-11-25,89.8170166015625,90.86696675837112,89.70893401689625,89.8478981814756,99557000
480,2011-11-28,92.41869354248047,92.78154459179092,91.7315948750845,92.28745130040633,210686000
481,2011-11-29,92.68118286132812,93.4146009257973,92.34149151859803,92.68118286132812,199241500
482,2011-11-30,96.49497985839844,96.67254742119543,92.64259365480233,95.3369474377134,324439500
483,2011-12-01,96.47950744628906,96.99676032856759,96.06261521742036,96.3868627654109,176954800
484,2011-12-02,96.39459228515625,97.66070690745555,96.33282915966461,97.36734089645405,221109700
485,2011-12-05,97.44454193115234,98.18568176743861,96.84236618229825,97.92319142893082,225263900
486,2011-12-06,97.47544860839844,98.13166578865804,97.08943780941546,97.4368451724772,178842100
487,2011-12-07,97.8382568359375,98.24742716118033,96.479497769615,97.15115249593632,237802500
488,2011-12-08,95.69205474853516,97.41366514446129,95.4604518514969,97.19750008453646,240862800
489,2011-12-09,97.31330871582031,97.56035535078637,96.03947211144119,96.12439494440356,209111400
490,2011-12-12,95.89277648925781,96.47951439697927,95.08215756088192,96.4640706706926,215826100
491,2011-12-13,94.99725341796875,96.94274511871349,94.53403577916848,96.39461052886058,245159800
492,2011-12-14,93.98587799072266,94.98178624423147,93.77743481675824,94.61893526542723,238618800
493,2011-12-15,94.32557678222656,95.11303603441891,94.17889082846236,94.98179380739617,199109200
494,2011-12-16,94.46544647216797,95.52205531112428,94.2401454928642,94.96267939115914,220481400
495,2011-12-19,93.45542907714844,95.03257102994053,93.25342881929278,94.83057077208487,183903000
496,2011-12-20,96.28340911865234,96.44656112151714,93.51758405166757,94.92380316736757,225418100
497,2011-12-21,96.46986389160156,96.61748014296522,95.36664224301867,96.2834053138973,194230900
498,2011-12-22,97.32450866699219,97.42551179370328,96.51651921778478,96.82728165482753,119465400
499,2011-12-23,98.19461822509766,98.2256956414109,97.43324227136215,97.63523658628155,92187200
500,2011-12-27,98.27233123779297,98.52871553535151,97.93825634542007,98.02371777793958,86075700
501,2011-12-28,96.98265075683594,98.30340865077713,96.90496016202982,98.28787290278088,119107100
502,2011-12-29,97.98487091064453,98.08586808648897,97.00595286452179,97.30117948212165,123507200
503,2011-12-30,97.50318145751953,98.14802463794501,97.50318145751953,97.90717609533789,95599000
504,2012-01-03,99.05703735351562,99.74072893428452,99.00265333481023,99.25903767759857,193697900
505,2012-01-04,99.21240234375,99.29786377736836,98.44325536859725,98.82394343727108,127186500
506,2012-01-05,99.4765625,99.62417879747561,98.22573013673339,98.67634394040715,173895000
507,2012-01-06,99.22018432617188,99.61641411496122,98.89388023065743,99.60087243760537,148050000
508,2012-01-09,99.46102905273438,99.58532690228668,98.98710867776519,99.44548737598063,99530200
509,2012-01-10,100.32341003417969,100.72739879790052,100.1835586507178,100.5254044160401,115282000
510,2012-01-11,100.37776947021484,100.50984406321648,99.84947109820831,100.01261718463579,111540700
511,2012-01-12,100.61860656738281,100.76622282643291,99.86499545368103,100.66523158720646,118983700
512,2012-01-13,100.09806060791016,100.26121851981833,99.22791669059131,99.94267945907777,179836200
513,2012-01-17,100.48654174804688,101.24792969979801,100.14469603172178,101.0614651668504,132209200
514,2012-01-18,101.59751892089844,101.65189698895286,100.28452626656313,100.46321399705897,163395200
515,2012-01-19,102.13360595703125,102.2190673781396,101.6208374303812,101.94714144147943,126328900
516,2012-01-20,102.5143051147461,102.5143051147461,101.71408069965896,101.96270009513181,138230200
517,2012-01-23,102.25015258789062,102.74737950791362,101.7606905781653,102.17245606561443,129295800
518,2012-01-24,102.13360595703125,102.16467744887825,101.46545626149965,101.6208374303812,103083300
519,2012-01-25,102.98817443847656,103.22901694924866,101.58195576217284,101.97817939071861,198613200
520,2012-01-26,102.45989990234375,103.64080615368844,102.0558994190826,103.44657674796203,184880500
521,2012-01-27,102.41329193115234,102.59197967412479,101.89274666518538,101.96267826445523,135259100
522,2012-01-30,102.06366729736328,102.11805722286391,101.0459070785142,101.3955176480301,147311800
523,2012-01-31,102.02484893798828,102.69298685063265,101.52761017631413,102.56868901503867,157212000
524,2012-02-01,102.91826629638672,103.43879961966132,102.65411718096152,102.77841497627762,166234500
525,2012-02-02,103.08141326904297,103.34557424167168,102.71627293255608,103.12026151691373,113090400
526,2012-02-03,104.52647399902344,104.58862882086758,103.92825606656126,104.1069437701006,160598500
527,2012-02-06,104.45657348632812,104.50318664758137,103.97488834694808,104.09142125008121,107694500
528,2012-02-07,104.72071075439453,104.89941032535206,103.82726031889067,104.23902566966942,135528100
529,2012-02-08,105.031494140625,105.05480072066084,104.34780284671514,104.7751099054088,139361400
530,2012-02-09,105.16358947753906,105.34227724470398,104.54205289260642,105.20243773687692,148602900
531,2012-02-10,104.38665008544922,104.47211149635866,103.98264961071168,104.23126893511075,167907500
532,2012-02-13,105.16358947753906,105.28789916549046,104.68190425525783,105.13251798296338,115841900
533,2012-02-14,105.031494140625,105.0936489723279,104.30118968664345,104.88387789718337,165329500
534,2012-02-15,104.54204559326172,105.52873440839367,104.33227449134344,105.37335323671564,195195100
535,2012-02-16,105.69966888427734,105.79289522657757,104.36336932212512,104.54983386155037,186567800
536,2012-02-17,105.97930908203125,106.15023186438872,105.62969861077974,106.06477047320998,129869400
537,2012-02-21,106.0259780883789,106.47659185609751,105.69967401964999,106.22797245811812,134042300
538,2012-02-22,105.68409729003906,106.08809775034314,105.49763280340147,105.86278501380336,124455300
539,2012-02-23,106.15027618408203,106.22796084633984,105.27235533131773,105.62974271314074,137704300
540,2012-02-24,106.38333892822266,106.59311003437682,106.15027309341107,106.38333892822266,105539100
541,2012-02-27,106.56202697753906,106.8494827124953,105.50541850669963,105.67634133689589,145728900
542,2012-02-28,106.872802734375,106.99711241830117,106.3833407631807,106.5931118729531,129355900
543,2012-02-29,106.45326232910156,107.36225457928161,106.08033331249732,107.02817381709315,185934700
544,2012-03-01,107.00487518310547,107.20688137914232,106.38333863075712,106.67857116045792,145023500
545,2012-03-02,106.6785659790039,107.0748015874777,106.43772339218745,106.93495023895073,120638300
546,2012-03-05,106.24345397949219,106.59306443698017,105.8783018547238,106.51537981021544,140765000
547,2012-03-06,104.68963623046875,105.21793445582624,104.38663887067356,105.15579148622467,202129900
548,2012-03-07,105.41996002197266,105.59088285692009,104.82949500858234,104.93049809873023,143692200
549,2012-03-08,106.46878051757812,106.68632834757958,105.84725593410494,106.06479190928486,116968900
550,2012-03-09,106.88059997558594,107.16027903576615,106.5387542067085,106.67082882562457,122836800
551,2012-03-12,106.88835906982422,107.02819859230416,106.50766505614175,106.86505248274423,104003500
552,2012-03-13,108.81507110595703,108.86946102524583,107.28454257071303,107.46324214424384,184090500
553,2012-03-14,108.69857025146484,109.11810063965483,108.36448943907732,108.84618652753203,145163600
554,2012-03-15,109.327880859375,109.37449403362805,108.58203450684931,108.86172540719325,165118500
555,2012-03-16,109.47925567626953,109.6197080194134,109.24515653091927,109.52607312398415,152893500
556,2012-03-19,109.90841674804688,110.24394967073373,109.3309738753874,109.40901087947859,125291100
557,2012-03-20,109.58848571777344,109.72113910417083,108.96422538248675,109.28416044150282,121729700
558,2012-03-21,109.40901947021484,109.75235135755901,109.18271928464651,109.65091753240607,122388400
559,2012-03-22,108.62090301513672,108.89402068653158,108.26196128866232,108.60529322931411,135216700
560,2012-03-23,108.97205352783203,109.09690800970874,108.11370575518178,108.71455753078207,120521000
561,2012-03-26,110.50147247314453,110.50147247314453,109.71335101481442,109.75235761537174,120164000
562,2012-03-27,110.15808868408203,110.67310421773284,110.08786254043122,110.60287807408203,119868500
563,2012-03-28,109.61189270019531,110.27517152843906,108.96422365444946,110.10349964128834,148562100
564,2012-03-29,109.42463684082031,109.62752834082337,108.53506953702171,108.96424935613028,164963700
565,2012-03-30,109.877197265625,110.06447893151841,109.2841565171252,109.96303320747926,135486800
566,2012-04-02,110.68091583251953,110.96964318966823,109.52604212424603,109.74453142292552,151741100
567,2012-04-03,110.2283706665039,110.71217879476286,109.58070145338536,110.52489707671633,155806700
568,2012-04-04,109.13591003417969,109.5104615164397,108.73013898277812,109.41682662256893,146896000
569,2012-04-05,109.081298828125,109.40123397466752,108.66772877304467,108.76137558836128,137439400
570,2012-04-09,107.85621643066406,109.12033553378141,107.5596899618219,107.70795319624298,127555900
571,2012-04-10,106.04583740234375,107.94982646624159,105.93659271376492,107.64550112614499,235360300
572,2012-04-11,106.9041748046875,107.32554368537436,106.70909419373004,107.1304630744169,154133000
573,2012-04-12,108.30094146728516,108.38677740819834,106.92757831944914,107.00561532274294,154321500
574,2012-04-13,107.01344299316406,108.32439117848084,106.91199724299922,108.0512735003962,169246700
575,2012-04-16,106.94319915771484,107.71571079902415,106.57644663651249,107.55964868307716,147825300
576,2012-04-17,108.52723693847656,108.74572625011857,107.45038825483061,107.55963291065162,147877600
577,2012-04-18,108.16049194335938,108.52724443611878,107.98102111927774,108.04344834217032,123884200
578,2012-04-19,107.46599578857422,108.58185104206733,106.9587910200363,108.17609198994668,198666700
579,2012-04-20,107.64550018310547,108.33218788060117,107.58307294635331,107.9420265809837,143199600
580,2012-04-23,106.74031829833984,106.83396510263529,106.07705126295805,106.54523765732566,171844900
581,2012-04-24,107.14606475830078,107.4191823557072,106.74810462846753,106.83394056707172,137484200
582,2012-04-25,108.61310577392578,108.65992322534771,108.09808999472827,108.19172489757214,150252200
583,2012-04-26,109.3699951171875,109.494849564151,108.31655506944303,108.37898229292477,136291600
584,2012-04-27,109.54948425292969,109.86160851573109,109.08909679792554,109.69774744513245,130725000
585,2012-04-30,109.14372253417969,109.40904127774094,108.8472080311547,109.33100425196791,115092200
586,2012-05-01,109.82256317138672,110.54045824800346,108.95640495486929,109.08124747188332,138832200
587,2012-05-02,109.49486541748047,109.60411009769678,108.82378755135822,109.18272925487877,121081000
588,2012-05-03,108.65992736816406,109.59631215263813,108.45704776867456,109.51047618616593,143759700
589,2012-05-04,106.9041748046875,108.69891880685122,106.84174758036804,108.090268253206,193927300
590,2012-05-07,106.98221588134766,107.34115755136908,106.48280997457036,106.52181657282519,127765900
591,2012-05-08,106.55303955078125,106.72471145299215,105.28111006806674,106.34234914229035,213377700
592,2012-05-09,105.9209976196289,106.59987449459226,104.94559433639269,105.4215916148831,220752500
593,2012-05-10,106.13944244384766,106.78711138083028,105.89754443624146,106.65444611203976,150600000
594,2012-05-11,105.81954193115234,106.80274406188789,105.42938065449545,105.47619810260991,153032400
595,2012-05-14,104.64906311035156,105.81954699634903,104.49300097357413,104.805125247129,163910000
596,2012-05-15,104.04821014404297,105.19528529121885,103.88434906974794,104.57883569090811,207629300
597,2012-05-16,103.65023040771484,104.99238594765214,103.62682168722093,104.51638878631653,207265500
598,2012-05-17,102.11302185058594,103.79852162223176,102.05839355015566,103.67366714134423,247992900
599,2012-05-18,101.23900604248047,102.69040580398519,101.09074292008815,102.51092312594616,319615900
600,2012-05-21,102.97915649414062,103.01817499868349,101.40290178346055,101.56677473983025,177861100
601,2012-05-22,103.15863800048828,103.96236926877289,102.48756013595407,103.2444739566535,197531200
602,2012-05-23,103.21322631835938,103.36148944947344,101.43409255853575,102.41729429735223,204958400
603,2012-05-24,103.41616821289062,103.65806634886287,102.55000952509276,103.4942052469112,167357600
604,2012-05-25,103.08063507080078,103.66587710510106,102.83092608757843,103.37714960490275,135465600
605,2012-05-29,104.32913970947266,104.50861059158714,102.35492428587591,103.90777070216494,152883500
606,2012-05-30,102.81529235839844,104.32132103417058,102.6046138479892,103.43955276431264,162370400
607,2012-05-31,102.58899688720703,103.35370957990114,101.70722867903024,102.77627856791369,196186000
608,2012-06-01,100.00613403320312,102.61240831451583,100.00613403320312,100.98153715406355,253240900
609,2012-06-04,99.95930480957031,100.45871067233125,99.21019006204143,100.18559306796317,202545800
610,2012-06-05,100.71623229980469,100.8644835753345,99.70960959192246,99.76423192960561,164149400
611,2012-06-06,102.97915649414062,103.02597393688171,101.38729200028823,101.41851156663287,184202800
612,2012-06-07,103.04158782958984,104.19646178810737,102.83089742207623,104.14964434349909,184772700
613,2012-06-08,103.8609390258789,103.88434775048091,102.44854516981815,102.77629112780137,143915400
614,2012-06-11,102.54217529296875,104.75828817780035,102.440729565012,104.6958609534251,169756100
615,2012-06-12,103.72045135498047,103.79067751293185,102.34708822568456,102.83868323811912,181931800
616,2012-06-13,103.05719757080078,104.06380834979191,102.70604292283109,103.41613925050018,172223900
617,2012-06-14,104.14962768554688,104.56319758914107,102.98694306770642,103.26785959720196,230615500
618,2012-06-15,105.2148208618164,105.3089409215795,104.39908575076943,104.61870720253098,169444500
619,2012-06-18,105.41873168945312,105.67757377326882,104.54024604872293,104.77555812205259,131360900
620,2012-06-19,106.43841552734375,106.8698190253603,105.39520778431101,105.95211265783597,137382600
621,2012-06-20,106.2658462524414,106.75216105437678,105.31677059561392,106.44625895454004,206451800
622,2012-06-21,103.88139343261719,106.50117195303378,103.79511272836535,106.39136123566513,205272200
623,2012-06-22,104.68144226074219,104.87753366826993,104.02256603541197,104.42260016658919,130029200
624,2012-06-25,103.00291442871094,103.61471874669316,102.63426157448173,103.57549806611044,146375700
625,2012-06-26,103.52056884765625,103.83432226967986,102.69698257148953,103.30094743647436,141634000
626,2012-06-27,104.4540023803711,104.65793319969475,103.51276572187756,103.86572797275345,108088000
627,2012-06-28,104.1559066772461,104.31278937792496,102.97151888532667,103.7637238624883,169242100
628,2012-06-29,106.75215911865234,106.88549982965368,105.77170215381706,106.04622292288965,212250900
629,2012-07-02,107.07373809814453,107.18354879761215,106.2972238549337,107.0502080888635,129524500
630,2012-07-03,107.77970886230469,107.8581382622487,106.9404317004438,107.05024243514337,80450000
631,2012-07-05,107.29340362548828,108.08562082534009,106.90122068487999,107.37968435116105,126177500
632,2012-07-06,106.27371215820312,106.49333359498243,105.77171859292605,106.25802149315585,151192100
633,2012-07-09,106.14036560058594,106.33645701326648,105.6540507585786,106.18742562467406,103780500
634,2012-07-10,105.2148208618164,106.85414240120492,104.85400735193872,106.68158097932493,167884800
635,2012-07-11,105.23051452636719,105.57563737996111,104.61871018353136,105.2697352085432,141733400
636,2012-07-12,104.72064208984375,105.28538625312541,104.00687852298856,104.61868270513226,143583200
637,2012-07-13,106.47761535644531,106.58742604639833,104.97947439686163,104.99516505784567,129642600
638,2012-07-16,106.22666931152344,106.54042285620935,105.81095633722931,106.2345206304368,97525200
639,2012-07-17,106.95612335205078,107.17574482347095,105.5364231373445,106.65022116196751,138860300
640,2012-07-18,107.74832916259766,107.96011128575789,106.64238244936672,106.705121182885,113349700
641,2012-07-19,108.03065490722656,108.3836169818136,107.62279347228785,107.96790423220503,129847300
642,2012-07-20,107.04238891601562,107.58360316841795,106.92473884743724,107.41888110393735,142904500
643,2012-07-23,105.95994567871094,106.9717840016842,104.97948868197595,105.47364283824052,145210900
644,2012-07-24,105.05009460449219,106.08546309453226,104.34417024744377,106.03840306652518,173301200
645,2012-07-25,105.07364654541016,105.54425883855477,104.51674156811274,105.26973799300512,129122300
646,2012-07-26,106.80708312988281,107.03455590055448,106.0933074223527,106.58746167656147,156526500
647,2012-07-27,108.77581024169922,109.0817243001828,106.78352698312199,107.37180115380214,236768900
648,2012-07-30,108.77581024169922,109.29349438433023,108.45422945776357,108.65032084799029,106782000
649,2012-07-31,108.01502227783203,108.92487753248328,108.01502227783203,108.62682665961158,120575900
650,2012-08-01,107.92086791992188,108.81504429054192,107.77183653007351,108.79151427829956,138293800
651,2012-08-02,107.17573547363281,107.90520184386934,106.34430969457834,107.10514542865003,199556600
652,2012-08-03,109.30139923095703,109.52886008889452,107.20713162539968,108.68174343201699,157825000
653,2012-08-06,109.51312255859375,109.94452603747368,109.4660625369831,109.59156390692442,86326200
654,2012-08-07,110.06220245361328,110.5328146997346,109.83472969478768,109.95237976420027,109545100
655,2012-08-08,110.19557189941406,110.3210613499929,109.66219685267623,109.6935781916765,89754700
656,2012-08-09,110.28961944580078,110.50924080046897,109.92880609543663,110.03861677277072,90291700
657,2012-08-10,110.4700927734375,110.50931346294524,109.66219683716899,109.84259764673575,99792700
658,2012-08-13,110.4151840209961,110.47008340687286,109.84258833337532,110.28184326275473,79426900
659,2012-08-14,110.43081665039062,110.89360140471703,110.10138456714563,110.82299941165391,102379400
660,2012-08-15,110.55632781982422,110.74457987058906,110.24258637035193,110.31317640121283,71085900
661,2012-08-16,111.37207794189453,111.50541866017959,110.43868094542972,110.71320172949795,112014200
662,2012-08-17,111.52110290527344,111.61523492228305,111.27011211967796,111.56032358165494,90813700
663,2012-08-20,111.52897644042969,111.55250645725224,111.05835216703407,111.36425435419949,78255700
664,2012-08-21,111.191650390625,112.23485795515684,110.9484989974762,111.80345453095677,105581100
665,2012-08-22,111.23876190185547,111.41916268209003,110.65048756031166,110.90931773833547,133243500
666,2012-08-23,110.3288803100586,110.97205394923546,110.15631890159078,110.96421460102167,111466400
667,2012-08-24,110.99559020996094,111.24659298857708,109.98376368378379,110.05435372709287,99481200
668,2012-08-27,111.01911163330078,111.44267579732065,110.86224089304059,111.29364440510886,68785900
669,2012-08-28,110.9093246459961,111.25444752948562,110.57205308070496,110.73676320425132,75689600
670,2012-08-29,110.99559020996094,111.2936530174498,110.68968805381704,111.00344152708722,65421300
671,2012-08-30,110.19557189941406,110.54853416808557,109.96025973080837,110.5171528290853,96589900
672,2012-08-31,110.72103881835938,111.23872292998345,110.09354401352424,110.82299819661168,151970400
673,2012-09-04,110.6191177368164,110.9564012846695,109.9131932408982,110.62695708686941,120226200
674,2012-09-05,110.52497100830078,110.96421387480947,110.30534957504645,110.66615108604837,100660300
675,2012-09-06,112.76824188232422,112.77608122941247,111.18382007227467,111.19165941936292,158272500
676,2012-09-07,113.20751953125,113.25457956520108,112.85455730814436,112.95651672554753,107272100
677,2012-09-10,112.5643539428711,113.29382050494851,112.52514521988358,113.09772901611234,86458500
678,2012-09-11,112.87806701660156,113.23886852429442,112.60353424331628,112.63491557261935,88760000
679,2012-09-12,113.25458526611328,113.38008667528189,112.87024168871181,113.25458526611328,87640900
680,2012-09-13,114.98016357421875,115.33312574086976,112.94081996219589,113.2388707857051,225470200
681,2012-09-14,115.489990234375,116.17238444681344,115.11348614543702,115.20761815190588,169777000
682,2012-09-17,115.09786224365234,115.45082452264897,114.8076387075434,115.25473303782036,119427800
683,2012-09-18,115.00371551513672,115.15274693954238,114.71350398454015,114.90175609460091,98326600
684,2012-09-19,115.06644439697266,115.4350972289671,114.83898361286596,115.13703443668122,128318300
685,2012-09-20,115.0743179321289,115.1370566672252,114.22720138665389,114.54094293602704,154009800
686,2012-09-21,115.02618408203125,115.65702867912438,114.97887284291224,115.63337305956489,108737500
687,2012-09-24,114.85271453857422,115.1129384155918,114.37169683239527,114.45843812473447,95682000
688,2012-09-25,113.63044738769531,115.3179496621953,113.59889854198924,115.09715587168945,133165200
689,2012-09-26,112.99169921875,113.6383181403538,112.72359421668122,113.60678132990492,146502200
690,2012-09-27,114.0562744140625,114.31649827716224,113.16520591608713,113.46485982493421,111830300
691,2012-09-28,113.52790832519531,113.99315142856632,113.12575086789512,113.62253077812319,150696100
692,2012-10-01,113.82756805419922,114.88422560802185,113.55945103636881,113.96162054693576,135911200
693,2012-10-02,113.94584655761719,114.4584009160407,113.41751777870697,114.27703719369417,113422200
694,2012-10-03,114.41114044189453,114.67924554731852,113.65413637571359,114.25343226413706,121283100
695,2012-10-04,115.23120880126953,115.39679812856747,114.68710551828647,114.844813650309,124311600
696,2012-10-05,115.23908996582031,116.04341708098775,114.89212485604773,115.84627890792234,124842100
697,2012-10-08,114.84480285644531,115.22330474419716,114.58457904850403,114.81326604594852,78415400
698,2012-10-09,113.70932006835938,114.85271930951882,113.66989001886523,114.7580968166223,148872900
699,2012-10-10,112.98387908935547,113.80398099256911,112.83405208593963,113.6935720154294,124247500
700,2012-10-11,113.04694366455078,113.9380122874868,113.02328804025711,113.77241088506878,123601500
701,2012-10-12,112.67631530761719,113.51217939640986,112.43186585135082,113.1257962038707,124181900
702,2012-10-15,113.61475372314453,113.73303189771751,112.58175089064825,112.94447864758384,107689100
703,2012-10-16,114.76595306396484,114.84481314580928,114.07203487964215,114.15088292912745,108815500
704,2012-10-17,115.28640747070312,115.38104198092438,114.67133729988427,114.84481986420342,128834100
705,2012-10-18,114.98680877685547,115.53879349218293,114.60041345994406,114.98680877685547,148108500
706,2012-10-19,113.0705795288086,114.78173757039802,112.80247447875905,114.77385637446487,185645200
707,2012-10-22,113.08634185791016,113.2913612214861,112.19527348599989,112.88131046197532,125578600
708,2012-10-23,111.5171127319336,112.02178593945642,111.05186956282128,111.86407781817273,192056300
709,2012-10-24,111.20175170898438,112.05339042564583,111.02826907971829,111.91932582200575,120179400
710,2012-10-25,111.5250473022461,112.19532217894141,110.84690325940426,111.99030272638673,134457400
711,2012-10-26,111.46198272705078,111.84836603573159,110.70496647562908,111.4225526665579,146023500
712,2012-10-31,111.46198272705078,111.99819304618542,110.93364157470354,111.85625926724924,103438500
713,2012-11-01,112.62897491455078,112.77090861409206,111.59597288225018,111.69847654335499,100995600
714,2012-11-02,111.62752532958984,113.33080215681868,111.50924723007121,113.29925330870698,137702200
715,2012-11-05,111.85621643066406,112.10854706292838,111.13073728604792,111.46194004145813,98378500
716,2012-11-06,112.73155212402344,113.17313991782012,112.07705163237299,112.19532977986677,107068100
717,2012-11-07,110.17658996582031,111.72214660048957,109.65614226884885,111.70638420896432,264304500
718,2012-11-08,108.85184478759766,110.72072347593583,108.76510348111476,110.16084558275291,181517300
719,2012-11-09,108.94646453857422,109.95581122301071,108.46544681924419,108.52063926186287,201055300
720,2012-11-12,109.033203125,109.45901635877296,108.78875367298579,109.28553377366067,97677500
721,2012-11-13,108.65465545654297,109.80594752555452,108.31558362032604,108.45751731017752,123018300
722,2012-11-14,107.18793487548828,109.15931611309254,106.94348552720234,108.98584563395106,191505000
723,2012-11-15,107.00662231445312,107.62958582140065,106.59657145198808,107.22741615600462,178128400
724,2012-11-16,107.5349349975586,107.74784760977361,106.21805334489552,107.16431424133101,239483900
725,2012-11-19,109.71138000488281,109.7271424011878,107.5665149357724,108.74145117576441,151495800
726,2012-11-20,109.7586441040039,109.9400078425025,108.88335019057725,109.5378503269556,119807400
727,2012-11-21,109.96366119384766,110.05829569088914,109.63247053509791,109.85326430759774,81710800
728,2012-11-23,111.46198272705078,111.50140075517852,110.42896808454411,110.49994700637733,65409200
729,2012-11-26,111.22535705566406,111.46980645938596,110.54720127484255,110.9099287667012,100124400
730,2012-11-27,110.65758514404297,111.49344895478944,110.58661829951336,111.11494708494071,128646200
731,2012-11-28,111.54869842529297,111.61177206875587,109.60885299884377,110.20814887064024,177086500
732,2012-11-29,112.06912231445312,112.3766574312749,111.47770770269119,111.96661863041993,151085900
733,2012-11-30,112.09278106689453,112.30569370213621,111.70639787713013,112.08489987016759,136568300
734,2012-12-03,111.54081726074219,112.69999111064698,111.4540759511451,112.60536860285514,124656300
735,2012-12-04,111.383056640625,111.87195541056911,111.08340279718416,111.53288356234542,127512200
736,2012-12-05,111.58019256591797,112.10064016812557,110.68912428023141,111.47767687787041,147300500
737,2012-12-06,111.95873260498047,112.00604385178765,111.31212551134578,111.47771487517095,103220600
738,2012-12-07,112.29783630371094,112.51863018247049,111.71430274849557,112.39245881393248,108726400
739,2012-12-10,112.34514617919922,112.61325130977714,112.09280344522199,112.14012673211559,98840700
740,2012-12-11,113.11003112792969,113.63836013277627,112.75518472555362,112.81037717232378,152570400
741,2012-12-12,113.16521453857422,113.98531623610741,113.00750637592908,113.55160976456212,145880100
742,2012-12-13,112.47127532958984,113.41753616209353,112.1873958766028,113.09422666767732,135715000
743,2012-12-14,112.05329895019531,112.43180072670874,111.87981646255278,112.22678143783783,137701700
744,2012-12-17,113.37020874023438,113.43329439104289,112.31353912963877,112.34508797122182,143238200
745,2012-12-18,114.63190460205078,114.73442030559985,113.38598986550201,113.55159123028439,177762800
746,2012-12-19,113.78028869628906,114.79752864009325,113.74087067854757,114.75809858998979,150895400
747,2012-12-20,114.43474578857422,114.45052020912809,113.53579633472258,113.8512245840128,168487000
748,2012-12-21,113.39605712890625,114.42844894385284,112.72104056668458,112.9036906814385,245883800
749,2012-12-24,113.04661560058594,113.21337936794653,112.91954941365503,113.14984627448108,53874600
750,2012-12-26,112.57012176513672,113.33250675755562,112.25246842028623,113.27691075747268,106947700
751,2012-12-27,112.41922760009766,112.83218662571937,111.11682955101182,112.60187766005235,167920600
752,2012-12-28,111.20418548583984,112.3080471676163,111.07711930663014,111.68861469109125,148806700
753,2012-12-31,113.09430694580078,113.21342396941417,110.81510024647052,110.91040598306455,243935200
754,2013-01-02,115.99291229248047,116.0643824930972,114.93669711846283,115.23847634466816,192059000
755,2013-01-03,115.73082733154297,116.23907999761849,115.42111105249225,115.93731292937638,144761800
756,2013-01-04,116.2391128540039,116.4297122017947,115.68321323674262,115.9214593920554,116817700
757,2013-01-07,115.92141723632812,116.03259711934896,115.4925718891775,115.8261236559384,110002500
758,2013-01-08,115.58789825439453,115.87379116437984,115.13522943120923,115.7149644627659,121265100
759,2013-01-09,115.88169860839844,116.19936404804795,115.65933885949251,115.84198891373005,90745600
760,2013-01-10,116.80298614501953,116.81092324203443,115.92148366815131,116.52503021932837,130735400
761,2013-01-11,116.79502868652344,116.8585496869794,116.42971628653375,116.77119316422339,113917300
762,2013-01-14,116.71553802490234,116.79495740355549,116.28669276848872,116.652004945519,89567200
763,2013-01-15,116.79502868652344,116.90620861387626,116.10411360010647,116.17558381389688,93172600
764,2013-01-16,116.77910614013672,116.96175622460227,116.42968015754212,116.55674635443097,104849500
765,2013-01-17,117.5335693359375,117.86710909209089,116.85854061091369,117.29532319077013,133833500
766,2013-01-18,117.79557037353516,117.9226365260826,117.0808323537272,117.50967758915102,169906000
767,2013-01-22,118.430908203125,118.430908203125,117.51763371615662,117.79558945516813,111797300
768,2013-01-23,118.62151336669922,118.72475616276533,118.216503510723,118.43092619574527,104596100
769,2013-01-24,118.65323638916016,119.23295898804753,118.33557104082227,118.44675088331704,146426400
770,2013-01-25,119.32037353515625,119.32037353515625,118.6215215462714,119.02654354787508,147211600
771,2013-01-28,119.17745208740234,119.38392560888678,118.73272031253289,119.35215299468805,113357700
772,2013-01-29,119.64599609375,119.79688571813418,118.8597874750807,118.93920689350456,105694400
773,2013-01-30,119.17745208740234,119.86835497495191,119.0662600554086,119.63010883926873,137447700
774,2013-01-31,118.88358306884766,119.42360832886764,118.80417578669999,119.03447265793704,108975800
775,2013-02-01,120.10658264160156,120.24952303041013,119.43155404725006,119.63802753698465,131173000
776,2013-02-04,118.75650787353516,120.13038825699931,118.66915138740563,119.37595248644334,159073600
777,2013-02-05,119.95569610595703,120.29717289974516,119.35213769059153,119.39979660577849,113912400
778,2013-02-06,120.04304504394531,120.12245232885331,119.44743587748742,119.53479237327589,138762800
779,2013-02-07,119.88420867919922,120.19392493604857,119.01064379182998,120.08274505199236,162490000
780,2013-02-08,120.55131530761719,120.62278550977446,120.09070936421263,120.09070936421263,103133700
781,2013-02-11,120.5274887084961,120.63071940297233,120.22570948379413,120.50366530840921,73775000
782,2013-02-12,120.72599792480469,120.94835768732487,120.40039537336504,120.53539864934528,65392700
783,2013-02-13,120.82927703857422,121.19458943357358,120.48780016554932,120.97222958190548,82322600
784,2013-02-14,120.94042205810547,121.0833745601772,120.32893870135848,120.4639419924987,80834300
785,2013-02-15,120.79747009277344,121.1786565322541,120.35275056042961,121.05159034652773,215226500
786,2013-02-19,121.70285034179688,121.72667374765139,120.8372342818725,121.0039981228541,95105400
787,2013-02-20,120.18598937988281,121.65516355254121,120.12245627924732,121.61545384993154,160574800
788,2013-02-21,119.45536041259766,120.24950588438813,119.07417397909374,119.88420575327552,183257000
789,2013-02-22,120.62277221679688,120.62277221679688,119.5109732467585,120.03510012251948,106356600
790,2013-02-25,118.32767486572266,121.3930768603748,118.32767486572266,121.21042679548388,245824800
791,2013-02-26,119.13768768310547,119.28062802827122,118.11323340529918,118.89944165679962,186596200
792,2013-02-27,120.63863372802734,120.9721733504905,118.9312138034524,119.03445658577341,150781900
793,2013-02-28,120.4004135131836,121.40103259528014,120.241586818554,120.63071040274151,126866000
794,2013-03-01,120.79747009277344,120.98012016119357,119.44742519310157,119.98743830589095,170634800
795,2013-03-04,121.44072723388672,121.4407272338867,120.32892839169583,120.51951555452938,99010200
796,2013-03-05,122.52870178222656,122.85430433994432,122.01251206307282,122.02839836575865,121431900
797,2013-03-06,122.69544982910156,123.02898940363971,122.42544333319387,122.96545632500924,94469900
798,2013-03-07,122.9178466796875,123.0766733653983,122.71137320003338,122.8543135818633,86101400
799,2013-03-08,123.44197082519531,123.60873458397141,122.82253834291684,123.45785712716854,123477800
800,2013-03-11,123.9105224609375,123.91845955363422,123.19579635187192,123.34668593700103,83746800
801,2013-03-12,123.63252258300781,123.96607424046248,123.25928547622655,123.82312179902556,105755800
802,2013-03-13,123.80728912353516,123.98200211779742,123.27521304744545,123.6961092287955,92550900
803,2013-03-14,124.46633911132812,124.52193507632538,123.81514653003185,124.13279967441676,126329900
804,2013-03-15,124.30211639404297,124.46962189352422,123.88732058552519,124.31807335595403,138601100
805,2013-03-18,123.61609649658203,124.15053901869909,123.00188134721417,123.11355572240886,126704300
806,2013-03-19,123.32894897460938,124.04685403184246,122.5153143172417,123.8793485318994,167567300
807,2013-03-20,124.19042205810547,124.39781384325812,123.8474143758831,124.05481833262947,113759300
808,2013-03-21,123.12948608398438,124.15051219994555,122.92209433816431,123.44855218087547,128605000
809,2013-03-22,124.11858367919922,124.11858367919922,123.42459620222843,123.52032574791437,111163600
810,2013-03-25,123.60015106201172,124.6530914162532,123.12155176866162,124.44568743469918,151322300
811,2013-03-26,124.58928680419922,124.62118855795015,123.97507154302664,124.11067529676153,86856600
812,2013-03-27,124.58928680419922,124.62917312508506,123.64004835645875,123.84744018483042,99950600
813,2013-03-28,124.97218322753906,125.1157715650922,124.23832109003874,124.50952862901975,102932800
814,2013-04-01,124.47761535644531,125.1636187085,124.1744939164501,124.90835598606266,99194100
815,2013-04-02,125.09186553955078,125.40295946208548,124.73290071450313,124.92434780975522,101504300
816,2013-04-03,123.82344818115234,125.2592698054501,123.49640972717654,125.16355242102695,154167400
817,2013-04-04,124.32598876953125,124.57326679363867,123.71177381921954,123.98298118942832,131885000
818,2013-04-05,123.76763153076172,123.9191921881662,122.65886040272903,122.80243649610708,159666000
819,2013-04-08,124.60520935058594,124.61318174392261,123.44059482900848,123.85539054278038,86571200
820,2013-04-09,125.03594207763672,125.49062407301052,124.42172702429727,124.83652271228163,101922200
821,2013-04-10,126.56751251220703,126.7270456094602,125.33909427460301,125.37099602541561,135711100
822,2013-04-11,126.98225402832031,127.3970496411651,126.46375646936684,126.591387761256,110142500
823,2013-04-12,126.67119598388672,126.86263080396556,125.969235852682,126.57546640225395,116359900
824,2013-04-15,123.7357177734375,126.13673460284944,123.71977298854756,126.03303264310722,217259000
825,2013-04-16,125.56245422363281,125.62626990253447,124.36593763031807,124.66904689060571,147507800
826,2013-04-17,123.72772216796875,124.69291702275328,123.06564857150468,124.6689755067271,226834800
827,2013-04-18,122.95401000976562,123.96706384813936,122.4833832034728,123.9351499318796,167583200
828,2013-04-19,124.0229263305664,124.0787696123568,122.93808416345743,123.2412055866719,149687600
829,2013-04-22,124.5732192993164,124.86835590310386,123.44051938653747,124.26212574701505,106553500
830,2013-04-23,125.85757446289062,125.97722123777854,124.5733130021838,125.19550057479012,166141300
831,2013-04-24,125.93733215332031,126.27235525485564,125.66611254309282,125.89744584255806,96781200
832,2013-04-25,126.44784545898438,127.04610360646232,126.1128223569879,126.30425717436123,131060600
833,2013-04-26,126.22453308105469,126.51169756142045,125.81770963377178,126.29632115824695,95918800
834,2013-04-29,127.07005310058594,127.34923297737272,126.36809286803386,126.5675122821366,88572800
835,2013-04-30,127.37313842773438,127.40505234409441,126.51962982479202,127.0460999003973,116010700
836,2013-05-01,126.25639343261719,127.15777290043036,126.11281732531562,127.09395723998766,138874200
837,2013-05-02,127.42896270751953,127.54063705495355,126.45579532062683,126.57544206016651,96407600
838,2013-05-03,128.7212677001953,129.12809118384885,127.45296287002338,128.53780520710322,144202300
839,2013-05-06,129.04832458496094,129.2317870866581,128.7611600654531,128.8170033586122,66882100
840,2013-05-07,129.70237731933594,129.74225146042832,128.96053085247405,129.3274678889551,90359200
841,2013-05-08,130.29263305664062,130.3325193638554,129.48698320590734,129.5587712559387,97419200
842,2013-05-09,129.92576599121094,130.5798554682116,129.59871516691186,130.23685985121318,106738600
843,2013-05-10,130.3485107421875,130.46018512892348,129.63059353751743,130.01348758197958,103203000
844,2013-05-13,130.45220947265625,130.66758586592758,129.87789270992621,130.18100196800114,81843200
845,2013-05-14,131.80029296875,131.89602257670256,130.5559176097369,130.5559176097369,119000900
846,2013-05-15,132.51022338867188,132.77345850567798,131.54504013124594,131.58492645290076,120718500
847,2013-05-16,131.88800048828125,132.70163498062428,131.68858110487514,132.23898055053093,109913600
848,2013-05-17,133.16429138183594,133.24405183342307,132.19909619636238,132.37458623008484,129801000
849,2013-05-20,133.15634155273438,133.67483939548035,132.9010910008382,133.03669475834502,85071200
850,2013-05-21,133.3477783203125,133.850319161218,132.81333572722684,133.27599024921045,95804200
851,2013-05-22,132.35858154296875,134.8632998171593,131.7523512088193,133.48330939763602,244031800
852,2013-05-23,131.97573852539062,132.34267552695644,130.77124989508079,130.94673991692628,211064400
853,2013-05-24,131.86410522460938,131.91994850876407,130.80319237003772,131.1940588443314,151573900
854,2013-05-28,132.6537322998047,133.8342912501537,132.26286605613186,133.2440056891846,143679800
855,2013-05-29,131.79232788085938,132.2549824682283,131.09036751773445,131.95186100749757,160363400
856,2013-05-30,132.27886962890625,132.88510018537005,131.7922858363519,131.89598781280245,107793800
857,2013-05-31,130.3804168701172,132.6617755656729,130.12516633683597,131.9119565845916,176850100
858,2013-06-03,131.0982666015625,131.18601158973803,129.7501900430425,130.68347100549724,168390700
859,2013-06-04,130.4681396484375,131.69656990582166,129.80606581364358,131.17009979551418,157631500
860,2013-06-05,128.64146423339844,130.35646612841512,128.52978986123355,130.09323107154208,211737800
861,2013-06-06,129.80612182617188,129.81410639503002,127.82788403357515,128.58567560756674,200225500
862,2013-06-07,131.45726013183594,131.5769068933845,130.1331125032635,130.69946890831088,188337800
863,2013-06-10,131.45726013183594,131.93585934962337,131.11425246274135,131.86407129269423,105667100
864,2013-06-11,130.10118103027344,131.24982619346275,129.8140166965785,130.2607140664172,159505400
865,2013-06-12,129.02435302734375,131.13022142451206,128.90470625484332,130.99461769181343,177361500
866,2013-06-13,130.98666381835938,131.21798500176598,128.6654187308837,128.9525831970827,163587800
867,2013-06-14,130.16500854492188,131.3535524011226,129.9496443835724,130.8430392882323,141197500
868,2013-06-17,131.17010498046875,131.79229252757403,130.1969373459514,131.05044603889058,136295600
869,2013-06-18,132.20704650878906,132.40646584348048,131.23387918176778,131.24185157338295,114695600
870,2013-06-19,130.3804168701172,132.32675239421872,130.32458576067268,132.09543121807025,206149500
871,2013-06-20,127.14979553222656,130.39634897579285,126.81477242463481,129.11208764422778,321255900
872,2013-06-21,127.55793762207031,128.11123703709404,126.27489575779737,128.0150131798715,271956800
873,2013-06-24,125.94618225097656,127.04477933103747,124.87965572855221,126.226851633299,222329000
874,2013-06-25,127.15705108642578,128.3839548132033,126.23486046933154,127.08487092202705,162262200
875,2013-06-26,128.41603088378906,128.70471484578036,127.70234167719953,128.19951485329543,134848000
876,2013-06-27,129.1697998046875,129.76320904431878,129.06554909388768,129.18584119927183,129483700
877,2013-06-28,128.64059448242188,129.4264518220292,128.1915331455034,128.80899860176817,160402900
878,2013-07-01,129.394287109375,130.29240912974117,129.16975660428346,129.31409239927308,131954800
879,2013-07-02,129.27403259277344,130.1480988184549,128.70467940595506,129.20185244515054,154863700
880,2013-07-03,129.3301544189453,129.72308898353296,128.48014419465062,128.68863334378054,75216400
881,2013-07-05,130.72549438476562,130.77360633608137,129.34622801238214,130.2844477710384,122416900
882,2013-07-08,131.4712371826172,131.824074428191,130.77358950632242,131.39906926493117,108092500
883,2013-07-09,132.41748046875,132.57785769399422,131.72784738780172,132.29718837281837,119298000
884,2013-07-10,132.46559143066406,132.91465255241786,132.01653030891026,132.28917281340395,121410100
885,2013-07-11,134.2698516845703,134.40617292560066,132.4575537174681,134.0052237804537,135592200
886,2013-07-12,134.3259735107422,134.66276931258315,134.0212604915507,134.2297496347866,104212700
887,2013-07-15,134.8391876220703,135.03164760956813,134.46229446071817,134.69485180844424,69450600
888,2013-07-16,134.3340606689453,135.0076525752132,133.97320873601623,134.92745781856144,88702100
889,2013-07-17,134.67880249023438,135.10380756444695,134.50238390441078,134.84720649888263,92873900
890,2013-07-18,135.4165496826172,135.73731631502574,134.87927933882827,134.96748863324112,103620100
891,2013-07-19,135.6571044921875,135.70521642198312,134.96747161446353,135.13587560474255,103831700
892,2013-07-22,135.92176818847656,136.11422819441052,135.5288335981938,135.8496002747504,79428600
893,2013-07-23,135.6331329345703,136.186444943546,135.5609649949653,136.16238896367767,80829700
894,2013-07-24,135.13595581054688,136.2104970003911,134.86330098655523,136.1543582249805,112914000
895,2013-07-25,135.46470642089844,135.58499853633447,134.67083474462035,134.89536534356768,111088600
896,2013-07-26,135.60899353027344,135.6490908840541,134.33397843761207,134.89530468255785,107814600
897,2013-07-29,135.19204711914062,135.5689403426745,134.80713931663738,135.26421503786028,79695000
898,2013-07-30,135.19204711914062,135.74535896798815,134.87129265638765,135.60102313054884,85209600
899,2013-07-31,135.28822326660156,136.20238653975062,135.11180471950325,135.472656389116,142388700
900,2013-08-01,136.8519744873047,136.97225434464943,136.2425239140975,136.31470406450202,110438400
901,2013-08-02,137.0845489501953,137.1005903466056,136.36284517973638,136.5472784124536,91116700
902,2013-08-05,136.88404846191406,137.09254986785828,136.60339137575545,136.77980999493994,54072700
903,2013-08-06,136.10614013671875,136.9160649240868,135.80142722609773,136.61935435228224,87495000
904,2013-08-07,135.66517639160156,135.8656510077868,135.1599886792944,135.67320320728865,84854700
905,2013-08-08,136.162353515625,136.4670665932966,135.46469357306378,136.3066893572591,102181300
906,2013-08-09,135.76943969726562,136.402946395315,135.29632249583676,135.9859557289028,91757700
907,2013-08-12,135.60899353027344,135.76937070940158,135.02361132025817,135.08776463910831,68593300
908,2013-08-13,136.010009765625,136.2425549548058,135.0477339796347,135.84963250729336,80806000
909,2013-08-14,135.31231689453125,136.16232709298225,135.28023411195022,135.94581113654777,79829200
910,2013-08-15,133.4198455810547,134.26182902310683,133.18728821751864,134.24579986672296,152931800
911,2013-08-16,132.9788055419922,133.62032667253578,132.71417761679305,133.1632387373742,130868200
912,2013-08-19,132.1288299560547,133.28356584719572,132.12080313936553,132.82647779195196,96437600
913,2013-08-20,132.77833557128906,133.27550865265232,132.20096775731957,132.34530359281283,89294400
914,2013-08-21,131.9604034423828,133.13919511121296,131.66370493934357,132.409464604604,159530500
915,2013-08-22,133.16323852539062,133.35569853504668,132.2250189208133,132.23303349938314,101471400
916,2013-08-23,133.61233520507812,133.78073928784625,132.93072876530493,133.55620866815613,90888900
917,2013-08-26,133.11514282226562,134.15761325542297,133.02693350324463,133.7486372145078,89702100
918,2013-08-27,130.97410583496094,133.1151737271925,130.87788191405232,131.80006045209888,158619400
919,2013-08-28,131.439208984375,131.9043116637726,130.7495756647168,130.91796752691116,108113000
920,2013-08-29,131.647705078125,132.34535301553342,131.03023966726767,131.15053181109857,119200500
921,2013-08-30,131.230712890625,131.93638763810932,130.84580495381658,131.92034623857487,134928900
922,2013-09-03,131.82411193847656,132.77837324163025,131.27079994011004,132.49770383387855,142375100
923,2013-09-04,132.9146270751953,133.13915759303396,131.61555590255813,131.8561155745313,97389400
924,2013-09-05,133.0830841064453,133.43590917791542,132.8986386364491,132.99487477957769,63090500
925,2013-09-06,133.14720153808594,133.9009879725176,131.896242023922,133.52409475530177,159756500
926,2013-09-09,134.42222595214844,134.50240844651975,133.47597952498268,133.47597952498268,87559300
927,2013-09-10,135.4165496826172,135.44060565054835,134.92739127469056,135.23211651647972,105847200
928,2013-09-11,135.84161376953125,135.84161376953125,134.99963005421694,135.23217525722728,94545900
929,2013-09-12,135.48069763183594,135.96985602034775,135.29626447301865,135.7934374385241,83209000
930,2013-09-13,135.78546142578125,135.8897121362839,135.31234429288278,135.6250841883918,72727800
931,2013-09-16,136.5712890625,137.31706079806074,136.35477310882155,137.25290746971172,106299200
932,2013-09-17,137.1807403564453,137.212810902807,136.69158193145432,136.69158193145432,82523300
933,2013-09-18,138.7685089111328,139.145402106355,136.7878190506239,137.13262946038176,203460600
934,2013-09-19,138.53590393066406,139.20950759793934,138.39958272928507,139.1453542850563,146616900
935,2013-09-20,137.56741333007812,138.86476348145015,137.45460080803025,138.86476348145015,132867100
936,2013-09-23,136.93080139160156,137.5109835160245,136.49567094610495,137.3820637183181,104616500
937,2013-09-24,136.60848999023438,137.41429716875078,136.35063808684285,136.90663471168008,106333100
938,2013-09-25,136.213623046875,136.97108366745204,136.09275690343833,136.69711221190212,117306500
939,2013-09-26,136.73736572265625,137.12414956612096,136.22164983282443,136.43922112411437,77146900
940,2013-09-27,136.10887145996094,136.29420363826446,135.75431439145697,136.05245906468087,99141800
941,2013-09-30,135.38363647460938,135.81071322250722,134.69064192781744,134.95655972671153,143937000
942,2013-10-01,136.45538330078125,136.58431539901454,135.3514314118075,135.48841715531478,127160000
943,2013-10-02,136.32647705078125,136.4554091734608,135.2386445417382,135.65766779262466,113350000
944,2013-10-03,135.0693359375,136.13300684734708,134.4408075982763,136.01212844633554,176698000
945,2013-10-04,136.09275817871094,136.22974390776955,134.99686005060178,135.1741385930636,96878000
946,2013-10-07,134.916259765625,135.73818634631758,134.7712204078999,134.90820612207548,96295000
947,2013-10-08,133.34494018554688,135.06936669012342,133.24824727923166,134.8920881647861,178015000
948,2013-10-09,133.44168090820312,133.92515786411457,132.57946127858193,133.60283989350694,168973000
949,2013-10-10,136.31842041015625,136.39094011670431,134.75515227002043,134.80349874105246,195955000
950,2013-10-11,137.19671630859375,137.24507506430263,135.99607156476984,136.108884070142,105040000
951,2013-10-14,137.74461364746094,137.8574261054145,136.24581253714308,136.35057135368416,112106000
952,2013-10-15,136.74545288085938,137.91387063530235,136.56012070355484,137.39815461906903,155485000
953,2013-10-16,138.65524291992188,138.72776261284324,137.5029322957254,137.56739834353596,161676000
954,2013-10-17,139.58192443847656,139.66251007688976,138.06700296493176,138.0911761973273,129389000
955,2013-10-18,140.52467346191406,140.62136636127076,139.81555941159624,140.09759676223763,138316000
956,2013-10-21,140.53282165527344,140.8148591956693,140.21855722528923,140.57311448899378,104104000
957,2013-10-22,141.3466339111328,141.76564477265055,140.55693405809455,140.94373033961415,126663000
958,2013-10-23,140.66978454589844,140.92763648501642,140.17824160707247,140.86317042632606,105484000
959,2013-10-24,141.1371307373047,141.3144093107033,140.62141460441123,140.95179851807615,70350000
960,2013-10-25,141.78172302246094,141.82201582699386,141.15319461778776,141.42716601559144,93625000
961,2013-10-28,142.0074462890625,142.2008445073333,141.5803693157382,141.73347470158015,84979000
962,2013-10-29,142.7648468017578,142.82125920239216,142.12826458335297,142.3297163645197,87401000
963,2013-10-30,142.05577087402344,143.0388568146584,141.548120609734,142.93411022126384,140002000
964,2013-10-31,141.65281677246094,142.53920945111736,141.44331136461483,141.94290780405396,133795000
965,2013-11-01,141.99130249023438,142.31362047551306,141.19354887755154,141.83819714375193,142805000
966,2013-11-04,142.49085998535156,142.54726008427116,141.80591908489023,142.3780474918727,85677000
967,2013-11-05,142.0396270751953,142.42641105706866,141.4755645400381,141.93486821308,85825000
968,2013-11-06,142.7648468017578,143.0307646283748,142.25718437861258,142.6520342961301,87348000
969,2013-11-07,140.95982360839844,143.1435661588958,140.82283788318495,143.03075366191763,157000000
970,2013-11-08,142.8614959716797,142.87761555201595,140.89533751795446,140.9114448026536,136713000
971,2013-11-11,142.88571166992188,143.05492426446332,142.55532782924982,142.72454042379127,62614000
972,2013-11-12,142.5956573486328,142.91797533258756,142.1202217231816,142.5795377607422,83990000
973,2013-11-13,143.73985290527344,143.78013341772834,141.8945480370785,141.8945480370785,103844000
974,2013-11-14,144.45706176757812,144.57792793064394,143.63513497180398,143.86881365227862,103435000
975,2013-11-15,145.08555603027344,145.14195612779332,144.50537399374127,144.69070616507705,102818000
976,2013-11-18,144.5779266357422,145.44819988894812,144.2556086733587,145.32733372696484,104796000
977,2013-11-19,144.26364135742188,144.94051635746246,144.01384312852406,144.50538594190505,93891000
978,2013-11-20,143.81236267089844,144.9888338940619,143.41751285181596,144.55370356530068,124909000
979,2013-11-21,144.97279357910156,145.08560610871956,144.12669345914492,144.2153327535336,92841000
980,2013-11-22,145.69801330566406,145.7141328941522,144.85997913893235,145.0291917833058,81296000
981,2013-11-25,145.5529327392578,145.98806314025146,145.34341503508614,145.95583626803113,79486000
982,2013-11-26,145.59324645996094,146.02838925583416,145.37568735766703,145.6254856351737,86994000
983,2013-11-27,145.9478302001953,146.04453544780728,145.5690997441312,145.74637835316736,58800000
984,2013-11-29,145.85108947753906,146.45544482067803,145.68993051183017,146.108953659186,55870900
985,2013-12-02,145.4723358154297,146.1975571926329,145.24671084049365,145.92358576530182,99726000
986,2013-12-03,144.8437957763672,145.3595117201293,144.37642628113935,144.99690106048433,116563000
987,2013-12-04,144.82769775390625,145.4320530418243,143.71569238517208,144.32004767309013,123033000
988,2013-12-05,144.1911163330078,144.83576443588544,144.05413060918778,144.56984663236193,106934000
989,2013-12-06,145.80276489257812,145.93975064876506,145.16617028340278,145.5851934936258,127728000
990,2013-12-09,146.17340087890625,146.3909722354961,145.98001504695117,146.22981327698673,70124000
991,2013-12-10,145.6496124267578,146.14115517905543,145.56097316665043,145.83494459038644,80976000
992,2013-12-11,144.0138702392578,145.7302435869926,143.83659166364,145.7060703535577,130591000
993,2013-12-12,143.53843688964844,144.1266726881935,143.24027987205014,143.94939412496484,115565000
994,2013-12-13,143.52235412597656,143.96555064775663,143.24838256547432,143.83661851493972,107808000
995,2013-12-16,144.416748046875,144.89217128031646,144.1588838754651,144.19917668920297,96195000
996,2013-12-17,143.9574432373047,144.56986454395278,143.63512529375197,144.5456913129684,89886000
997,2013-12-18,146.4151611328125,146.43933436439374,142.88573406989343,144.1750181715789,234906000
998,2013-12-19,146.24588012695312,146.41509266889773,145.61735180845838,145.99606969135593,136531200
999,2013-12-20,147.09658813476562,147.4449726957742,146.29451616009342,146.3917340085648,197087000
1000,2013-12-23,147.88250732421875,147.97162783139441,147.5098305577716,147.81769128605507,85598000
1001,2013-12-24,148.20655822753906,148.2713742583008,147.88249043612421,147.89058780407177,45368800
1002,2013-12-26,148.9600372314453,149.04106036237977,148.522544466624,148.53873920289558,63365000
1003,2013-12-27,148.9519500732422,149.21929922638432,148.79801353135161,149.15449555206771,61814000
1004,2013-12-30,148.92762756347656,149.08966145442898,148.7331794768976,148.96812676441957,56857000
1005,2013-12-31,149.6324920654297,149.6324920654297,149.01674593016926,149.1301832602598,86119900
1006,2014-01-02,148.19847106933594,149.1301876680309,147.84198905678443,149.05726190190381,119636900
1007,2014-01-03,148.17413330078125,148.74936775764658,147.96349050542915,148.44959211679364,81390600
1008,2014-01-06,147.7447967529297,148.71701272479186,147.51794677157508,148.6603064106516,108028200
1009,2014-01-07,148.65211486816406,148.90326918341356,148.22271961388785,148.33614454214214,86144200
1010,2014-01-08,148.6845703125,148.9357246974411,148.17415181252719,148.62785165143927,96582300
1011,2014-01-09,148.78187561035156,149.17886938390106,148.1013254520387,149.16266227658863,90683400
1012,2014-01-10,149.18692016601562,149.25173621262283,148.27141050598445,149.0329836006231,102026400
1013,2014-01-13,147.2019500732422,149.21929507427785,146.91838146581892,148.80610675943316,149892000
1014,2014-01-14,148.80612182617188,148.8871449686092,147.4126078405416,147.68806674499515,105016100
1015,2014-01-15,149.60821533203125,149.8350653094763,148.8385448826715,149.15451537714114,98525800
1016,2014-01-16,149.4137420654297,149.60819016870454,148.9357377192395,149.30031709578466,72290600
1017,2014-01-17,148.78187561035156,149.43812128889613,148.5226237053565,149.1545649041328,107848700
1018,2014-01-21,149.2193145751953,149.69733134981286,148.3038173231638,149.640612675958,88621200
1019,2014-01-22,149.3165283203125,149.53528089724108,149.0005578702578,149.4704648610254,61270900
1020,2014-01-23,148.09312438964844,148.58733577749584,147.30725942444167,148.56303131271588,132496900
1021,2014-01-24,144.93344116210938,147.17764851082234,144.88483222556744,147.12903957428043,208677100
1022,2014-01-27,144.22044372558594,145.44382603640358,143.49938248828744,145.07113700523726,180843100
1023,2014-01-28,145.07925415039062,145.26559249430284,144.309571586072,144.32577868279253,110463200
1024,2014-01-29,143.68572998046875,144.65794555164769,143.304943591045,143.87206831070006,216597300
1025,2014-01-30,145.2089080810547,145.67881509762626,144.42303059707754,144.88484024457557,118938100
1026,2014-01-31,144.35821533203125,145.2575177998419,143.3373905154876,143.4103039247274,194677900
1027,2014-02-03,141.10935974121094,144.51212075925156,140.83390090180987,144.18805299082595,254837100
1028,2014-02-04,142.0977783203125,142.4623576396503,141.06074665702639,141.7412963681093,165012400
1029,2014-02-05,141.91949462890625,142.23546492554976,140.7366365388618,141.6035243322627,164230500
1030,2014-02-06,143.79112243652344,143.79112243652344,141.96011525452423,142.25178131879295,132877600
1031,2014-02-07,145.57350158691406,145.7274381509893,143.9936490968729,144.46355615895635,170787200
1032,2014-02-10,145.84085083007812,145.8894721323108,145.1927151490573,145.5896963993232,92218800
1033,2014-02-11,147.43695068359375,147.80963992844954,145.8651952654438,145.96242553415348,117814100
1034,2014-02-12,147.5098419189453,148.12557578533114,147.2181759059423,147.65566874424871,94717700
1035,2014-02-13,148.27137756347656,148.4253140946679,146.5051870448254,146.51328441295342,100542200
1036,2014-02-14,149.08969116210938,149.3651500678559,147.9959405460508,148.13366999892406,96498400
1037,2014-02-18,149.26791381835938,149.4704592880835,148.78989711439067,149.2192925212143,80460900
1038,2014-02-19,148.27943420410156,149.84307869815845,148.15789955133067,148.8789606531685,126524300
1039,2014-02-20,149.15451049804688,149.4947854530835,147.93923750331774,148.4820579574759,104998100
1040,2014-02-21,148.9843292236328,149.79451101556347,148.91141582933338,149.43802904913107,118116400
1041,2014-02-24,149.81068420410156,150.81530148677479,149.23544982257877,149.30026583474967,114063900
1042,2014-02-25,149.7540283203125,150.36166478138946,149.2598168374741,149.9322693378867,117085000
1043,2014-02-26,149.76210021972656,150.36973652730612,149.34080225166824,149.97274302255957,98677200
1044,2014-02-27,150.5480194091797,150.5885186177119,149.37324566424704,149.54338931718624,93880800
1045,2014-02-28,150.9288330078125,151.625590177732,149.9242150156488,150.52374191744997,150842000
1046,2014-03-03,149.8674774169922,150.24826398287271,148.8709569219249,149.60011584760392,167748500
1047,2014-03-04,151.97390747070312,152.29797525415432,151.30145507576805,151.33385690915574,167545900
1048,2014-03-05,152.1116180419922,152.3708821265312,151.86856105333484,152.10352067524732,88376900
1049,2014-03-06,152.4600372314453,152.80842190710717,152.13596938829565,152.4843540639575,82516500
1050,2014-03-07,152.52479553222656,153.09193258663473,151.85234326798093,153.09193258663473,114513500
1051,2014-03-10,152.4438018798828,152.50050817424858,151.568804101615,152.28986536855896,74939200
1052,2014-03-11,151.6903076171875,152.88938536603087,151.3419354399146,152.67063285798105,99009100
1053,2014-03-12,151.73085021972656,151.78756888106017,150.6127953524619,150.95308259567648,104824400
1054,2014-03-13,150.02947998046875,152.30610152925843,149.60819428869675,152.18456682546682,155014300
1055,2014-03-14,149.60821533203125,150.53182234374228,149.42997429798206,149.76215189438253,153919600
1056,2014-03-17,150.96121215820312,151.3176942129153,150.29685699034934,150.3616730332421,98359500
1057,2014-03-18,152.03871154785156,152.2412569871845,151.10699510948453,151.2690413508649,101804600
1058,2014-03-19,151.22853088378906,152.26556255167927,150.2644126076116,152.0549073813189,176267300
1059,2014-03-20,152.1116180419922,152.22504298838,150.62898400981356,150.89634546109744,117241000
1060,2014-03-21,151.52163696289062,153.81643896619968,151.38329968436506,152.75041867753828,163128000
1061,2014-03-24,150.89508056640625,152.22965508121388,150.23593883265067,152.04248187469906,121411000
1062,2014-03-25,151.6112060546875,152.12387741615595,150.7649034490005,151.660029533502,103852000
1063,2014-03-26,150.52076721191406,152.44936904449938,150.4800768423198,152.2052392438912,119843000
1064,2014-03-27,150.20339965820312,150.8218510479306,149.65003795837768,150.34173697892018,142383000
1065,2014-03-28,150.9439697265625,151.7007586755187,150.54522385273842,150.63473772576174,101642000
1066,2014-03-31,152.1807861328125,152.41678276212545,150.96829540045695,151.9041115619217,99745000
1067,2014-04-01,153.1898956298828,153.2794094785892,152.17269844774546,152.6772242766591,89193000
1068,2014-04-02,153.70260620117188,153.90604568950803,153.10042084559086,153.3852410960459,78774000
1069,2014-04-03,153.49908447265625,153.9791984278284,153.02710362255414,153.93850806856966,77435000
1070,2014-04-04,151.68441772460938,154.3698203951336,151.44030036843486,154.33727555329568,169381000
1071,2014-04-07,150.008056640625,151.57046957215786,149.6988372298853,151.3182067303883,140803000
1072,2014-04-08,150.6265411376953,150.87065849127953,149.39775917886038,149.9429752967917,112660000
1073,2014-04-09,152.24591064453125,152.29473411517827,150.59398366387555,151.03341973361054,100254000
1074,2014-04-10,149.04786682128906,152.31103080501325,148.8606936056731,152.23779559035867,172959000
1075,2014-04-11,147.7051239013672,149.25940375427803,147.54237487974848,148.21779511557287,167251000
1076,2014-04-14,148.8688507080078,149.21876059432105,147.6482140343337,148.86070518332997,132382000
1077,2014-04-15,149.8941650390625,149.99995751291175,147.70515485128857,149.17806671049902,157093000
1078,2014-04-16,151.46473693847656,151.47287004603055,150.26036650474998,150.92765383291942,105197000
1079,2014-04-17,151.67625427246094,152.09941163342893,151.00083408261222,151.26124243303977,105255000
1080,2014-04-21,152.20529174804688,152.25412765858073,151.52988353101708,151.71704439536407,68329000
1081,2014-04-22,152.89694213867188,153.31195411831976,152.27849072287074,152.35985904715739,85790000
1082,2014-04-23,152.53884887695312,152.92131591533143,152.41679021234503,152.83994761124427,73869000
1083,2014-04-24,152.84814453125,153.30384695865067,152.1157549869619,153.28756832425498,88170000
1084,2014-04-25,151.59490966796875,152.44122459149332,151.253132939338,152.35171075183123,100380000
1085,2014-04-28,152.07501220703125,152.73415382407077,150.51259922891234,152.21334949803114,135121000
1086,2014-04-29,152.78297424316406,153.0189584602928,152.2377581952869,152.56325623621365,84098000
1087,2014-04-30,153.2387237548828,153.39333971796967,152.31917350091877,152.53075846807263,101508000
1088,2014-05-01,153.25497436523438,153.66998628214427,152.76671482549432,153.16546053018055,93019000
1089,2014-05-02,153.0352020263672,153.91406143586389,152.8073509665293,153.2386413595761,98122000
1090,2014-05-05,153.3281707763672,153.4339632138332,151.86340494471466,152.286562277626,75883000
1091,2014-05-06,151.99362182617188,153.0921993960499,151.96107699028053,152.9864069497339,85454000
1092,2014-05-07,152.88882446289062,152.9620596872278,151.36708888333925,152.50635729096223,106500000
1093,2014-05-08,152.72607421875,153.8409309670839,152.23782693689625,152.75049837895463,93618000
1094,2014-05-09,152.9539337158203,153.0190234180733,152.03438335526212,152.75049424964087,83679000
1095,2014-05-12,154.44302368164062,154.5162712903102,152.98640328404463,153.6374117388568,86940000
1096,2014-05-13,154.5813751220703,154.95569660636824,154.42675921540018,154.64646479302797,66454000
1097,2014-05-14,153.8489990234375,154.51628616853463,153.62928101017934,154.4430385528121,72367000
1098,2014-05-15,152.49815368652344,153.57231956887262,151.7494982610775,153.53976231470514,154956000
1099,2014-05-16,153.02713012695312,153.092232229652,151.9448309513776,152.5876940379748,97458000
1100,2014-05-19,153.588623046875,153.7106817273666,152.59583772235572,152.73417503256496,63839000
1101,2014-05-20,152.6202850341797,153.5316898395151,152.22968474860153,153.51541120600294,111644000
1102,2014-05-21,153.90594482421875,153.97918001195302,153.03521842464636,153.0596301538911,89093000
1103,2014-05-22,154.28024291992188,154.59760776899518,153.68620357000538,153.94659944816635,61549000
1104,2014-05-23,154.8987579345703,155.00453797481188,154.28029423644236,154.41863153287755,61092800
1105,2014-05-27,155.85081481933594,155.89963827477354,155.38696715877458,155.47648096606088,72010000
1106,2014-05-28,155.7369384765625,156.0949938188057,155.476530076038,155.850864047553,66723000
1107,2014-05-29,156.54257202148438,156.56698376025776,155.69626943777257,156.09501519933391,64377000
1108,2014-05-30,156.79483032226562,156.89248969144475,156.265892775121,156.3960969893883,76316000
1109,2014-06-02,156.97386169433594,157.04710932717757,156.2170729629523,157.0145520643685,64656000
1110,2014-06-03,156.89247131347656,156.9738396251444,156.44490213995806,156.59137255113365,65047000
1111,2014-06-04,157.20985412597656,157.29936797083704,156.46119852212394,156.62394758088195,55529000
1112,2014-06-05,158.2351837158203,158.39793277390402,156.81110772791277,157.3888811636107,92103000
1113,2014-06-06,158.9919891357422,159.03266708864416,158.5037295313433,158.57696474691588,78696000
1114,2014-06-09,159.1547393798828,159.5372065088782,158.82109572829833,158.96757857748858,65119000
1115,2014-06-10,159.17103576660156,159.2035806161866,158.61767398798392,158.9594507849423,57129000
1116,2014-06-11,158.61761474609375,158.780363767152,158.25955944959293,158.6013361189016,68772000
1117,2014-06-12,157.49462890625,158.5199713540095,157.1447191240147,158.43045752788692,106350000
1118,2014-06-13,157.97476196289062,158.12937788880913,157.29934168579962,157.80386740872933,82017000
1119,2014-06-16,158.10498046875,158.43862411088267,157.59232155350134,157.77948235059347,87424000
1120,2014-06-17,158.54440307617188,158.65832864951395,157.71436680356177,157.885261372053,84834000
1121,2014-06-18,159.7080841064453,159.7975979514545,158.19449426526288,158.54441653828323,105267000
1122,2014-06-19,159.88711547851562,159.98477484974745,159.33376618168467,159.84642510858217,85929000
1123,2014-06-20,160.2117462158203,160.34257435600642,160.01550400554117,160.2853323660032,100587000
1124,2014-06-23,160.1626434326172,160.30164361353548,159.86828643877416,160.25258619397073,70611000
1125,2014-06-24,159.19776916503906,160.6695538328441,159.01788367917112,159.87642577509504,96237000
1126,2014-06-25,159.9173126220703,160.08084148082926,158.82982762046763,158.86252840163854,82782000
1127,2014-06-26,159.80288696289062,159.95824378998552,158.73175828318043,159.94188715648718,84312000
1128,2014-06-27,160.1136016845703,160.16265910893665,159.35317417752432,159.42676031407385,71445100
1129,2014-06-30,160.0318145751953,160.3997576966512,159.8764577630028,160.01545794326594,70201200
1130,2014-07-01,161.10293579101562,161.59353491484333,160.36704958172808,160.42427907618404,90470000
1131,2014-07-02,161.26651000976562,161.47092428941778,161.0457515707907,161.11933771711568,52475000
1132,2014-07-03,162.0596160888672,162.13320222505553,161.60173016175438,161.72437372206824,52938800
1133,2014-07-07,161.4954376220703,161.87973742932755,161.25832256990083,161.74892178491837,61696000
1134,2014-07-08,160.45701599121094,161.2583163668906,160.0645316437118,161.20107438754272,108143000
1135,2014-07-09,161.17657470703125,161.32375948296877,160.51427440645756,160.85768891503434,72992000
1136,2014-07-10,160.53875732421875,160.96394241773632,159.49215746052516,159.6229855626005,99040000
1137,2014-07-11,160.759521484375,160.87399294980463,160.08086476916577,160.44063579664575,64243000
1138,2014-07-14,161.56903076171875,161.7816170935777,161.43820264528745,161.57720284032473,58658000
1139,2014-07-15,161.26651000976562,161.9778801869462,160.55515230904254,161.66716648940854,111307000
1140,2014-07-16,161.8633575439453,162.10864462085627,161.42181585259846,161.9860010824008,79986400
1141,2014-07-17,160.02366638183594,161.97786622784102,159.7947109300158,161.36462344173327,145398000
1142,2014-07-18,161.65895080566406,161.82247968998584,160.4569941673952,160.54693692524032,124330000
1143,2014-07-21,161.35643005371094,161.48725816860198,160.6123591862809,161.1520158028646,67592000
1144,2014-07-22,162.0596160888672,162.35397311007625,161.78978777972088,161.9042592614991,67678000
1145,2014-07-23,162.4193572998047,162.59107072912286,161.97782808741349,162.3048858390771,65612000
1146,2014-07-24,162.42758178710938,162.7628242004315,162.26405285851195,162.57476655636734,56888000
1147,2014-07-25,161.66712951660156,162.10865877003243,161.34824381233076,161.96965858883283,76837000
1148,2014-07-28,161.73260498046875,161.96972009103237,160.76776294704501,161.69989170396792,69259000
1149,2014-07-29,161.0375213623047,162.26400669252246,161.01299265381664,162.03506376233148,80466000
1150,2014-07-30,161.06211853027344,161.82254624598446,160.39164608585935,161.60994738011766,104222000
1151,2014-07-31,157.8813934326172,160.0808928465753,157.78327858116978,159.94189264820605,183479000
1152,2014-08-01,157.39892578125,158.42916880393184,156.6385109856531,157.447983190456,189261000
1153,2014-08-04,158.53553771972656,158.87078013163116,157.03105162065967,157.7015239680114,91340000
1154,2014-08-05,156.99830627441406,158.29839030533412,156.42594890544714,157.8895618308642,152690000
1155,2014-08-06,157.04737854003906,157.71785076052473,156.23789365685684,156.26242236757858,94818000
1156,2014-08-07,156.197021484375,157.91410623841466,155.80454960327822,157.75874940644033,135733000
1157,2014-08-08,158.00404357910156,158.11033050538586,156.13160205745635,156.54861511346368,117014000
1158,2014-08-11,158.46192932128906,159.16511484135017,158.38834318553347,158.6009295143126,74544000
1159,2014-08-12,158.24114990234375,158.74809322325737,157.75873529202562,158.3065639560834,73632000
1160,2014-08-13,159.31227111816406,159.49215663847684,158.59274151336737,158.86255731738208,69047000
1161,2014-08-14,160.06448364257812,160.06448364257812,159.42671236472066,159.57389707000812,57371000
1162,2014-08-15,160.0318145751953,160.79222952777386,158.87891531503954,160.64505726977333,139951000
1163,2014-08-18,161.37278747558594,161.44637361190075,160.824958777816,160.91490154768604,75424000
1164,2014-08-19,162.21498107910156,162.337624645587,161.43820937962872,161.7652672078942,59135000
1165,2014-08-20,162.64834594726562,162.84458813930624,161.9615169898089,161.99421778358717,72763000
1166,2014-08-21,163.12258911132812,163.3351754627557,162.65651858231067,162.78734671078473,67791000
1167,2014-08-22,162.8690948486328,163.2779233361382,162.501151705169,162.9917384043023,76107000
1168,2014-08-25,163.69496154785156,164.01384734238377,162.83641903135464,163.64590411430171,63855000
1169,2014-08-26,163.8011932373047,164.20184957304812,163.76030790076712,163.8011932373047,47298000
1170,2014-08-27,163.73580932617188,163.99746554700212,163.48233766002713,163.88298159304742,47874000
1171,2014-08-28,163.6458282470703,163.7521276214527,163.0325856590839,163.19611452058982,58330000
1172,2014-08-29,164.11190795898438,164.12825211255011,163.38419387881018,163.89930919809888,65907000
1173,2014-09-02,164.03018188476562,164.34906763634504,163.41693909507777,164.32453892287404,72426000
1174,2014-09-03,163.940185546875,164.68425621627424,163.7112426449756,164.65972751081733,57462000
1175,2014-09-04,163.70310974121094,164.8232958133007,163.2533959061348,164.2182251555205,85236000
1176,2014-09-05,164.43896484375,164.50437888703135,163.0489507342672,163.67036543076046,102177000
1177,2014-09-08,164.01377868652344,164.52073439939693,163.53136415661012,164.2836069345562,64146000
1178,2014-09-09,162.97544860839844,163.98116352971098,162.64020614247443,163.86669201408563,88591000
1179,2014-09-10,163.58860778808594,163.69489469188173,162.52565141495654,163.06529544006267,67251000
1180,2014-09-11,163.77671813964844,163.80124685430937,162.8118762826429,162.93453233240461,66774400
1181,2014-09-12,162.8200225830078,163.6294949295422,162.35395216104206,163.6131507745798,117409300
1182,2014-09-15,162.69740295410156,162.97541584455217,162.20681618995812,162.84458771686445,76401000
1183,2014-09-16,163.9239044189453,164.2182614964576,162.30494673085687,162.39488951777614,116201000
1184,2014-09-17,164.14463806152344,164.9050530611049,163.32698108487824,164.16099469446382,151266000
1185,2014-09-18,165.01954650878906,165.0440752213831,164.43083245361942,164.64341878825334,94990000
1186,2014-09-19,164.87083435058594,165.8566066529436,164.53402494905814,165.54445315364154,121649000
1187,2014-09-22,163.5975341796875,164.6079623521423,163.25251451157166,164.58331898547505,125553000
1188,2014-09-23,162.6610565185547,163.6879052953278,162.6117697828336,163.00607620337743,111393000
1189,2014-09-24,163.93435668945312,164.0411529767406,162.25854494810054,162.6857050276994,107276000
1190,2014-09-25,161.28916931152344,163.51538271613242,161.23167230478964,163.50715990461782,150300000
1191,2014-09-26,162.57061767578125,162.97314672148642,161.3548327995604,161.58484581574356,103547000
1192,2014-09-29,162.2749481201172,162.56247076980895,161.05095249290028,161.17416932289723,95112000
1193,2014-09-30,161.84783935546875,162.8993317537754,161.5110298670857,162.39822892842787,131302000
1194,2014-10-01,159.6544647216797,161.64244259745408,159.29301191976143,161.584933044978,177798000
1195,2014-10-02,159.6791229248047,160.23772273618704,158.01152123494995,159.51481706519604,157285000
1196,2014-10-03,161.4370574951172,161.78207717287916,160.25412572291904,160.74700560481836,121569000
1197,2014-10-06,161.24813842773438,162.32428665405547,160.6648952449601,162.11069405069262,104778000
1198,2014-10-07,158.75904846191406,160.7798925900539,158.7261948127793,160.41843977568934,147913000
1199,2014-10-08,161.53561401367188,161.76562710804325,158.01968524568244,158.84937444075254,186461000
1200,2014-10-09,158.33189392089844,161.50280390198415,158.20045425018122,161.28100102449594,210705000
1201,2014-10-10,156.5246124267578,159.0794127696509,156.4835485021425,158.29079990235928,221909000
1202,2014-10-13,153.9534149169922,157.02573900368472,153.8630517065143,156.45892890317165,230939000
1203,2014-10-14,154.19161987304688,155.93316403572277,153.64944067519184,154.78308580983855,215847000
1204,2014-10-15,153.14830017089844,154.183371572418,149.44343496874612,152.1050310279456,380715000
1205,2014-10-16,153.0168914794922,154.09302692623075,150.2402885456298,150.37993846656482,270391000
1206,2014-10-17,154.8241424560547,155.87563453471907,154.125880317747,154.78306600060583,214625000
1207,2014-10-20,156.3274688720703,156.450685718143,154.49557406339343,154.5448608018225,130011000
1208,2014-10-21,159.42446899414062,159.53125276289714,157.29682841133018,157.46112173884418,154949000
1209,2014-10-22,158.29080200195312,160.11448651707096,158.22508217301117,159.70374698726562,151822000
1210,2014-10-23,160.1309356689453,161.1742177706944,159.58054610489222,159.87627912055427,154944000
1211,2014-10-24,161.3631591796875,161.41245846271576,159.76950000223232,160.39381970469586,117927000
1212,2014-10-27,161.1413116455078,161.3795350224625,160.21303643352377,160.7880691837367,82954000
1213,2014-10-28,162.98965454101562,162.99786481865502,161.60956327632263,161.6835059141772,106736000
1214,2014-10-29,162.74322509765625,163.57291447662246,161.66708948159052,163.10467790743206,142557000
1215,2014-10-30,163.78646850585938,164.25470496481606,162.15993124479303,162.3078039661506,113330000
1216,2014-10-31,165.65945434570312,165.79089399103194,164.92833855387656,165.7580278123125,146903000
1217,2014-11-03,165.7498321533203,166.30843189307168,165.371946273366,165.87304899744913,93600000
1218,2014-11-04,165.17481994628906,165.61020289627302,164.34511797630753,165.30624708484441,93343000
1219,2014-11-05,166.21807861328125,166.42344838893314,165.48696271335152,166.3823719268475,91709000
1220,2014-11-06,166.8834686279297,166.9738318273301,165.64303974050227,166.25914904511157,107089000
1221,2014-11-07,167.03952026367188,167.25311280471678,166.4398441629601,166.8998703517129,89540000
1222,2014-11-10,167.5652618408203,167.6145485690591,166.86701229948218,167.07238202365926,66319000
1223,2014-11-11,167.72958374023438,167.8363800261612,167.29420085345245,167.63101026693292,54499400
1224,2014-11-12,167.54885864257812,167.77887175469928,167.0148897835455,167.0477559622911,90120300
1225,2014-11-13,167.73777770996094,168.26352370179112,166.93273190195265,167.71313434587307,85357900
1226,2014-11-14,167.77886962890625,167.98423937175338,167.3516970540474,167.66386307430284,80417500
1227,2014-11-17,167.88565063476562,168.05816673124568,167.2941847822257,167.45849060164446,80441000
1228,2014-11-18,168.8550567626953,169.15900006401884,167.9432143239465,167.9432143239465,76068100
1229,2014-11-19,168.58395385742188,168.85504348381534,167.82819453601152,168.6578839733172,82373000
1230,2014-11-20,168.87962341308594,168.98641967466628,167.72954550272698,167.79526531487085,72840300
1231,2014-11-21,169.7832794189453,170.7361980993706,169.2082466065422,170.57190480079473,142327300
1232,2014-11-24,170.25978088378906,170.3665771949351,169.97227067384108,170.18585076135489,65880800
1233,2014-11-25,170.1365203857422,170.69512010282136,169.88186389502815,170.48975034775842,79108300
1234,2014-11-26,170.57191467285156,170.6704881507471,170.07081193558938,170.28439198262168,62167800
1235,2014-11-28,170.21044921875,170.76083865403754,169.97222581995615,170.44868515231886,57890100
1236,2014-12-01,169.0275421142578,169.6682948360523,168.71538856695847,169.5532882586732,103968400
1237,2014-12-02,170.1200714111328,170.32544114701997,169.043936000648,169.06857936617251,74507200
1238,2014-12-03,170.7772674560547,170.9908474818442,170.12830456649536,170.2925978582392,68952000
1239,2014-12-04,170.58837890625,171.08948173499218,169.79975333478853,170.48979287558095,91316600
1240,2014-12-05,170.86764526367188,171.25374142642474,170.49798219193158,170.76084897425383,91025500
1241,2014-12-08,169.72579956054688,170.96622850516556,169.16718724719559,170.4733485596189,108588200
1242,2014-12-09,169.61077880859375,169.71757509518446,167.50779446658734,167.88566780644217,125180100
1243,2014-12-10,166.8916473388672,169.2082111939498,166.70269817701256,169.15071419213032,159856400
1244,2014-12-11,167.73777770996094,169.38073550127686,167.34347134978162,167.4831212578707,159012800
1245,2014-12-12,165.02685546875,167.43379457676784,164.9940018360634,166.4644431931153,202330200
1246,2014-12-15,163.89328002929688,166.37415025907953,163.29360383518193,165.92233427661947,189965800
1247,2014-12-16,162.57891845703125,166.2673512935725,162.5378419984192,163.12930790506184,259543800
1248,2014-12-17,165.76629638671875,166.21811249219832,162.89111894156747,163.0143483529413,253910100
1249,2014-12-18,169.86544799804688,174.95040565365042,167.51601726093492,168.18963614241468,257633900
1250,2014-12-19,170.58822631835938,171.25729490243907,169.83655138396585,170.51387556149317,245084600
1251,2014-12-22,171.3728790283203,171.3728790283203,170.53861062604108,170.77814879566108,148318900
1252,2014-12-23,171.6041717529297,172.00065439682518,171.31506221019916,171.95109564183275,122167900
1253,2014-12-24,171.62071228027344,172.09153310258455,171.57940911243207,171.82721551552294,42963400
1254,2014-12-26,172.1741180419922,172.51278633066443,172.01717358607308,172.06673233974107,57326700
1255,2014-12-29,172.4053955078125,172.6118987112663,171.92630656332508,171.99238910090492,79643900
1256,2014-12-30,171.48031616210938,172.1163371429564,171.40596540775925,171.98418463246966,73540800
1257,2014-12-31,169.77867126464844,171.9676128230689,169.65477438192607,171.80241277812058,130333800
1258,2015-01-02,169.68785095214844,170.8855799305739,168.6553346631324,170.47257341496748,121465900
1259,2015-01-05,166.6233673095703,168.8122970325031,166.31774648892383,168.647096929558,169632600
1260,2015-01-06,165.05389404296875,167.4493262708284,164.2609161597577,166.92893414109756,209151400
1261,2015-01-07,167.1107177734375,167.44938618869952,165.92952502298357,166.3755665766757,125346700
1262,2015-01-08,170.0761260986328,170.2908976139129,168.49845034263765,168.51496153307292,147217800
1263,2015-01-09,168.71316528320312,170.5056120873232,168.10191108942752,170.48908829723226,158567300
1264,2015-01-12,167.3915557861328,169.00229147312052,166.78856973022198,168.84534696175578,144396100
1265,2015-01-13,166.92074584960938,169.72918563555,165.62389909993922,168.60580720038158,214553300
1266,2015-01-14,165.91294860839844,166.1111962382504,164.02138464722543,164.91346747166824,192991100
1267,2015-01-15,164.3931121826172,166.86288300701946,164.27747086579527,166.54900663505038,176613900
1268,2015-01-16,166.54898071289062,166.70592517642703,164.00485953482422,164.18658337639727,211879600
1269,2015-01-20,166.90415954589844,167.4493310684787,165.34299571593226,167.1850008985163,130991100
1270,2015-01-21,167.74668884277344,168.22577780182866,165.9790218716173,166.4415870447863,122942700
1271,2015-01-22,170.24127197265625,170.3734244640465,167.12719965980176,168.49838416512793,174356000
1272,2015-01-23,169.3079071044922,170.24130594621263,169.1757419827697,169.9852312963904,117516800
1273,2015-01-26,169.7043914794922,169.7952534260455,168.3827780615787,169.09314984264265,92009700
1274,2015-01-27,167.46592712402344,168.6058168130193,166.63991389236418,167.6559066381958,134044600
1275,2015-01-28,165.31822204589844,168.74617055474414,165.12824260715124,168.64705303956416,168514300
1276,2015-01-29,166.84634399414062,167.1024059669704,164.11223080965064,165.51646277051452,173585400
1277,2015-01-30,164.74832153320312,166.99507832706456,164.48400387719852,165.67346483912053,197729700
1278,2015-02-02,166.78848266601562,166.87934456706182,163.43487312478038,165.243842952184,163107000
1279,2015-02-03,169.2004852294922,169.20875342530874,167.30892116918625,167.68062446617702,124212900
1280,2015-02-04,168.55624389648438,169.6465873207132,168.10193413638905,168.44060255791106,134306700
1281,2015-02-05,170.25775146484375,170.40644032042204,169.1426417658037,169.21697989161538,97953200
1282,2015-02-06,169.78701782226562,171.1829821636841,169.26662546674098,170.6212866268706,125672000
1283,2015-02-09,169.0270538330078,169.8613224730138,168.62230290257145,169.14269515542406,87219000
1284,2015-02-10,170.82778930664062,171.08385138415224,169.06837714263187,170.05960307410575,96164200
1285,2015-02-11,170.9268798828125,171.35641021173268,170.01827306097127,170.66256225237188,91087800
1286,2015-02-12,172.57066345214844,172.62849042176754,170.95994035221958,171.7198709274691,97545900
1287,2015-02-13,173.281005859375,173.33056462266381,172.43846907159076,172.69454368851316,93670400
1288,2015-02-17,173.55357360839844,173.72704186582325,172.7193051039149,172.96709889458353,76968200
1289,2015-02-18,173.57009887695312,173.64443701478808,172.91754161207228,173.1818717963169,80652900
1290,2015-02-19,173.44622802734375,173.80967580969232,172.83498639699363,172.97540711218107,91462500
1291,2015-02-20,174.48703002929688,174.56136819112083,172.41372886493664,173.03323875472503,140896400
1292,2015-02-23,174.4622039794922,174.4622039794922,173.85920543986055,174.2391769497112,74411100
1293,2015-02-24,174.9578094482422,175.1560571033271,174.090493287688,174.38785846833633,72472300
1294,2015-02-25,174.8091278076172,175.3129962204007,174.47045946703403,174.83390718824936,73061700
1295,2015-02-26,174.60264587402344,174.87523169819997,173.99964726116664,174.71828719907174,72697900
1296,2015-02-27,174.0078887939453,174.7678191855219,173.9583300342273,174.5034889950828,108076000
1297,2015-03-02,175.1064910888672,175.16430544173227,174.05745110558516,174.1070098663145,87491400
1298,2015-03-03,174.3878631591797,175.15606181483415,173.52881517195365,174.67697275512717,110325800
1299,2015-03-04,173.65267944335938,173.86745085276726,172.68624591289165,173.79310011661133,114497200
1300,2015-03-05,173.8427276611328,174.12356909840437,173.33885915122326,173.97488018199235,76873000
1301,2015-03-06,171.39767456054688,173.41314802743403,171.06727444635007,172.98361779581307,188128000
1302,2015-03-09,172.10801696777344,172.46319640011455,171.43894865739745,171.5958930964149,89818900
1303,2015-03-10,169.31614685058594,170.82775220341048,169.27484367841856,170.74515846303427,157121300
1304,2015-03-11,168.91966247558594,169.74567549502646,168.83705613205854,169.57220721520224,110145700
1305,2015-03-12,171.06729125976562,171.13336120593354,169.4978590531875,169.54741781479228,93993500
1306,2015-03-13,170.01829528808594,171.75291541326115,168.98577880740035,170.79474969819526,162410900
1307,2015-03-16,172.2897491455078,172.38061105651056,170.04299334976287,170.74510926241626,136099200
1308,2015-03-17,171.7776641845703,172.15762309564545,170.96816239253445,171.55463715174756,94510400
1309,2015-03-18,173.8427276611328,174.51179627508682,170.67082768526348,171.30686131999258,228808500
1310,2015-03-19,173.04978942871094,173.85102335228262,172.66156216248703,173.42976109921457,117917300
1311,2015-03-20,174.5771942138672,175.0833117613719,173.81387167111257,173.99640669875154,177715100
1312,2015-03-23,174.23703002929688,175.1579976944319,174.23703002929688,174.5855025701291,71784500
1313,2015-03-24,173.25799560546875,174.56891073329592,173.1916180726312,174.112585767895,77805300
1314,2015-03-25,170.71910095214844,173.69773415857858,170.6776260721813,173.46541912579568,159521700
1315,2015-03-26,170.3125762939453,171.2252389858429,169.3584133966899,170.05537123840853,153067200
1316,2015-03-27,170.70254516601562,170.87677514019603,170.00558728862822,170.19642747397884,118939000
1317,2015-03-30,172.78506469726562,173.08375727229875,171.71475702185867,171.7313419103126,96180400
1318,2015-03-31,171.2749786376953,172.66058888963727,171.21690621635824,171.96363121206426,126768700
1319,2015-04-01,170.6693115234375,171.26669662045506,169.6819663586385,171.24180662976426,137303600
1320,2015-04-02,171.28326416015625,171.73129657431807,170.42036909998382,170.6029041065504,86900900
1321,2015-04-06,172.43658447265625,172.9509945167097,170.262774121107,170.39551652393973,114368200
1322,2015-04-07,171.9803009033203,173.20825397190754,171.947118457239,172.46152866295316,81236300
1323,2015-04-08,172.56103515625,173.0007752267654,171.81431007882907,172.2042701655457,89351900
1324,2015-04-09,173.32440185546875,173.55671694575037,171.90562131555046,172.39514149434225,85548900
1325,2015-04-10,174.27015686035156,174.3116443863079,173.37409213281458,173.5732120010604,72722900
1326,2015-04-13,173.48193359375,174.75967841561229,173.43215362982036,174.12909844526453,74436600
1327,2015-04-14,173.81390380859375,173.9964388699827,172.6606210081203,173.28289617370427,75099900
1328,2015-04-15,174.59378051757812,175.09989806919253,174.19552802686758,174.27850309836572,99529300
1329,2015-04-16,174.54403686523438,175.05015452218305,174.0628092028716,174.26194181977996,68934900
1330,2015-04-17,172.53616333007812,173.5981786303334,171.75624307452983,173.35757112990004,191113200
1331,2015-04-20,174.11256408691406,174.44443904955597,173.37413153385023,173.45709394440155,92189500
1332,2015-04-21,173.9051513671875,174.95056896762836,173.60645881560166,174.79292391814982,72559800
1333,2015-04-22,174.75970458984375,174.94223959173425,173.3243145604123,174.24528201169025,78264600
1334,2015-04-23,175.19949340820312,175.84665853711883,174.24533060310532,174.36148812213582,102585900
1335,2015-04-24,175.60604858398438,175.87155873444283,175.1580160303617,175.6143536888242,61327400
1336,2015-04-27,174.87594604492188,176.29472655151122,174.68510584935564,176.17027656329202,79358100
1337,2015-04-28,175.43179321289062,175.4815731938354,173.68112547509182,174.85100566816996,86863500
1338,2015-04-29,174.70993041992188,175.30730275659872,173.90512042855713,174.54398029617153,125684900
1339,2015-04-30,172.95928955078125,174.52742224365647,172.26233184044423,174.13746218128156,161304900
1340,2015-05-01,174.83438110351562,174.87586863463142,173.63961110459596,173.73917105110024,103399700
1341,2015-05-04,175.33226013183594,175.9130477655993,175.1497250669073,175.25757748874994,70927200
1342,2015-05-05,173.32440185546875,175.44844543267956,173.1833543120994,175.09166769103237,113326200
1343,2015-05-06,172.61077880859375,174.17891126928984,171.54876384368936,173.8719263269991,135060200
1344,2015-05-07,173.2995147705078,173.72267006795227,172.17942685072555,172.51130193950033,88244900
1345,2015-05-08,175.58114624023438,175.78027883907203,174.8842011346324,174.96717621586973,155877300
1346,2015-05-11,174.7431640625,175.80517933263093,174.66849408105816,175.53968184520852,75708100
1347,2015-05-12,174.2204132080078,174.75972583742453,173.09202063195485,173.91342824033026,119727600
1348,2015-05-13,174.25363159179688,175.24926925428832,174.02131655922287,174.62699413270371,94667900
1349,2015-05-14,176.07066345214844,176.1619309693813,174.99205079218353,175.26585334388207,95934000
1350,2015-05-15,176.26153564453125,176.40258317781456,175.78030794615304,176.26153564453125,76510100
1351,2015-05-18,176.80911254882812,177.0580124734228,176.02919235784495,176.0955698911435,74549700
1352,2015-05-19,176.7510223388672,177.19906751059696,176.46892732568597,176.92526494125534,72114600
1353,2015-05-20,176.6265869140625,177.37331204809766,176.31129677913978,176.85059685814068,76857500
1354,2015-05-21,177.14102172851562,177.34844681250686,176.31961383823028,176.48556403360118,64764600
1355,2015-05-22,176.71775817871094,177.17408292302957,176.65138067803224,176.75923303894808,57433500
1356,2015-05-26,174.8178253173828,176.65146828487644,174.40297522756453,176.22831309072097,124308600
1357,2015-05-27,176.47718811035156,176.70950309837983,174.8675680788576,175.27412563801573,93214000
1358,2015-05-28,176.27810668945312,176.38595910443956,175.5894540174039,176.1702416142466,74974600
1359,2015-05-29,175.18295288085938,176.2532608931474,174.9174553196087,176.2117859987381,124919600
1360,2015-06-01,175.53964233398438,176.17850224503937,174.7514171732241,175.84662729540608,93338800
1361,2015-06-02,175.36537170410156,176.05402414163785,174.46100184983246,175.08327677601656,91531000
1362,2015-06-03,175.83006286621094,176.45233800913786,175.34054279222792,175.89644040068288,87820900
1363,2015-06-04,174.3449249267578,175.78030287485055,174.0296347672078,175.12484522024155,151882800
1364,2015-06-05,174.04617309570312,174.71822807219536,173.39070300390694,174.1955130192715,121704700
1365,2015-06-08,172.97592163085938,174.0877296972536,172.90125163944984,173.9383770542122,89063300
1366,2015-06-09,172.9509735107422,173.49028614130725,172.32040602815917,172.9509735107422,105034700
1367,2015-06-10,175.02517700195312,175.40684449511002,173.65617734344553,173.71424974836512,134551300
1368,2015-06-11,175.5894317626953,175.971086709297,175.2326541454266,175.46496915471943,73876400
1369,2015-06-12,174.2453155517578,175.46497572633368,173.97151299621842,174.7680306723529,135382400
1370,2015-06-15,173.4986114501953,173.7807064831923,172.40340109589576,173.1086513386087,124384200
1371,2015-06-16,174.44444274902344,174.52741782155275,173.17500263268036,173.3492325606859,85308200
1372,2015-06-17,174.7265625,175.33225276281615,173.70603479640596,174.7265625,126708600
1373,2015-06-18,176.5436248779297,177.00825500991627,174.75977433686225,175.3239644513541,165867900
1374,2015-06-19,175.75987243652344,176.37684161534378,175.38469380583308,176.3018084335659,130478700
1375,2015-06-22,176.66030883789062,177.24392145490066,176.45187485168697,176.67698711889116,70696000
1376,2015-06-23,176.78536987304688,177.11887189486686,176.39352567033555,176.8687485589522,68476800
1377,2015-06-24,175.50146484375,176.89380272943305,175.47645377624346,176.51862399503057,92307300
1378,2015-06-25,174.96775817871094,176.12665018466365,174.89272502594616,176.00159493005566,97107400
1379,2015-06-26,174.93450927734375,175.56814411418458,174.38424041488037,175.32635352834328,104174800
1380,2015-06-29,171.2659912109375,174.94276881373864,171.19095804887158,173.45872024004615,202621300
1381,2015-06-30,171.6245574951172,172.8501504100554,171.14932187749557,172.80011556467298,182925100
1382,2015-07-01,173.00015258789062,173.44203147796173,172.2164390177881,173.19190823106567,135979900
1383,2015-07-02,172.84176635742188,173.6421583216005,172.4248984581577,173.47541370625456,104373700
1384,2015-07-06,172.3498992919922,173.1252676311306,171.35775146051736,171.55785267148914,117975400
1385,2015-07-07,173.4337615966797,173.55881690458054,170.17385087151584,172.55000349604325,173820200
1386,2015-07-08,170.5240020751953,172.3832295642684,170.29055704167047,172.09976241238823,164020100
1387,2015-07-09,170.83248901367188,172.87515224406943,170.72411199229873,172.61668341636218,144113100
1388,2015-07-10,172.9835662841797,173.40043434338125,170.87421492236402,172.82515438619453,129456900
1389,2015-07-13,174.89280700683594,175.0011840376992,174.20080458943872,174.24249393444856,106069400
1390,2015-07-14,175.65147399902344,175.95996493406554,174.79272703637704,174.85109465607158,81709600
1391,2015-07-15,175.59312438964844,176.1517259350618,175.11788880399487,175.69316863008046,97914100
1392,2015-07-16,177.00210571289062,177.00210571289062,176.40181494346828,176.64359271808092,106683300
1393,2015-07-17,177.1522216796875,177.21058930613975,176.5852873062746,176.99380980423336,89030000
1394,2015-07-20,177.24392700195312,177.7358281715561,176.92711598383323,177.3773278105306,70446800
1395,2015-07-21,176.5435791015625,177.3689822330543,176.24343366482006,177.1105134144091,77965000
1396,2015-07-22,176.22677612304688,176.56027815967443,175.82658640089568,175.8599302436575,88667900
1397,2015-07-23,175.2346649169922,176.4602581243097,174.87616446460365,176.36021385328118,90509100
1398,2015-07-24,173.41709899902344,175.39304937337204,173.08360966659248,175.33469446500777,117755000
1399,2015-07-27,172.4082794189453,173.041926985497,171.96640031164114,172.5333474647767,132361100
1400,2015-07-28,174.5259246826172,174.66765824861352,172.41657402795545,173.24196436651047,123544800
1401,2015-07-29,175.72654724121094,175.95164681042806,174.50928703541234,174.65102063440906,105791300
1402,2015-07-30,175.7681884765625,175.9349330931648,174.60095071674886,175.217919792156,91304400
1403,2015-07-31,175.50146484375,176.29351166566732,175.21799759747296,176.26850059816078,103266900
1404,2015-08-03,174.90948486328125,175.52645413611395,173.95902625052986,175.46809922643948,113965700
1405,2015-08-04,174.56761169433594,175.29295779354038,174.08404338759993,174.83440054389425,81820800
1406,2015-08-05,175.1428985595703,176.17672288604265,174.8594186980476,175.45970953616686,85786800
1407,2015-08-06,173.7089080810547,175.43473505916185,173.12528267877659,175.32634530357268,116030800
1408,2015-08-07,173.3754119873047,173.70056854343548,172.47497551144963,173.55050215836098,117858000
1409,2015-08-10,175.55978393554688,175.64314989691428,174.4842574429596,174.4842574429596,80270700
1410,2015-08-11,173.97569274902344,174.64268410548195,173.21698992202937,174.22581609792064,126081400
1411,2015-08-12,174.1841278076172,174.36755074979908,171.2160296112949,172.67506764659507,172123700
1412,2015-08-13,173.96734619140625,174.7093706772288,173.42541019141387,174.02570109250638,89383300
1413,2015-08-14,174.6010284423828,174.6760616449859,173.63389142503914,173.77562504833537,72786500
1414,2015-08-17,175.5764923095703,175.5764923095703,173.55051957690992,174.00907700255445,79072600
1415,2015-08-18,175.06787109375,175.6514837139726,174.83442604566096,175.30131614183904,71692700
1416,2015-08-19,173.6838836669922,175.09288677233275,172.87515875699717,174.3258512052676,172946000
1417,2015-08-20,170.05711364746094,173.65884614356457,169.998746027617,172.17479724965054,194327900
1418,2015-08-21,164.93797302246094,170.0320998308811,164.67951693145798,168.1895379121759,346588500
1419,2015-08-24,157.99290466308594,164.64611154537045,152.0733764972808,156.31710059716585,507244300
1420,2015-08-25,156.13372802734375,162.95368169086757,155.84191536900306,162.93700341049941,369833100
1421,2015-08-26,162.1282958984375,162.4034175624489,157.0508343737949,160.1440002975013,339257000
1422,2015-08-27,166.13861083984375,166.26366617713524,162.75364401124043,164.26270444964496,274143900
1423,2015-08-28,166.1469268798828,166.6138170544639,165.01304528941307,165.49661374788724,160414400
1424,2015-08-31,164.8046112060547,166.02187149373609,164.254342334015,165.1714571207478,163298800
1425,2015-09-01,159.88551330566406,162.3867206333518,159.01842097452524,161.01104897004456,256000400
1426,2015-09-02,162.9203643798828,162.96205372669115,160.42748901365306,162.26170577699753,160269300
1427,2015-09-03,163.03709411621094,165.12143433062988,162.5451928788408,163.6290396128962,152087800
1428,2015-09-04,160.56918334960938,161.62803143495745,159.7521257835405,160.78596281128029,207081000
1429,2015-09-08,164.60443115234375,164.7545101918619,162.7201930729955,163.36217311632888,116025700
1430,2015-09-09,162.40347290039062,166.305365030235,162.03663964944573,166.18030968579984,149347700
1431,2015-09-10,163.28721618652344,164.42943054395593,161.95323337119268,162.2116895202348,158611100
1432,2015-09-11,164.02928161621094,164.09598204576002,162.18671882511032,162.8953997574889,119691200
1433,2015-09-14,163.42059326171875,164.25432928458272,162.9370248418414,164.20430715869924,79452000
1434,2015-09-15,165.46327209472656,165.90515121022568,163.37893184357856,163.92085522015572,113806200
1435,2015-09-16,166.8972930908203,167.0890615612163,165.42158929428368,165.76342416223778,99581600
1436,2015-09-17,166.52207946777344,169.15668815047755,166.14690083072153,166.76387002000322,276046600
1437,2015-09-18,163.80088806152344,166.50785238419843,163.3902416722408,164.0187945909634,223657500
1438,2015-09-21,164.6473388671875,165.66977312973452,163.5997507243054,164.63057387627785,105726200
1439,2015-09-22,162.51025390625,162.97119523935484,161.37885361480554,162.4851128142571,153890900
1440,2015-09-23,162.25048828125,163.14721725645575,161.6722174676966,162.67789972312073,92790600
1441,2015-09-24,161.66380310058594,162.12474445816738,159.70272109335767,161.03525019150445,159378800
1442,2015-09-25,161.62188720703125,163.42373351263564,160.7502868003842,163.12202764694086,155054800
1443,2015-09-28,157.56558227539062,160.83406390607155,157.25550037665104,160.72511068200106,178515900
1444,2015-09-29,157.65780639648438,159.0154891991918,156.66050053114188,157.78352463470284,159045600
1445,2015-09-30,160.59942626953125,160.76703778299435,158.764050145454,159.54344943762996,163452000
1446,2015-10-01,161.01849365234375,161.32019955209685,159.08255279057036,160.97658756861168,131079000
1447,2015-10-02,163.42373657226562,163.44887766254922,158.495878269638,159.04063173097632,211003300
1448,2015-10-05,166.3318328857422,166.55811547378664,164.5383627458455,164.64731598970752,126320800
1449,2015-10-06,165.761962890625,166.75926885770076,165.09989280505525,166.19776314261216,110274500
1450,2015-10-07,167.11961364746094,167.4716016642994,165.50213120205433,166.69218957934794,124307300
1451,2015-10-08,168.62815856933594,168.9130994493407,166.43240532450972,166.7341111939089,153055200
1452,2015-10-09,168.728759765625,169.2064533701624,168.10020679948332,168.7706658542897,107069200
1453,2015-10-12,168.887939453125,169.0890681515825,168.37671603131454,168.80412730347533,56395600
1454,2015-10-13,167.82362365722656,169.42434143886834,167.65601210879015,168.15884675409936,88038700
1455,2015-10-14,167.01905822753906,168.34321110380344,166.72574123600018,167.76494043382095,99106200
1456,2015-10-15,169.5835723876953,169.59194848911545,167.31239568460623,167.68114875415054,134142200
1457,2015-10-16,170.35455322265625,170.37130542131746,169.22315320406815,169.98580024510346,114580100
1458,2015-10-19,170.43838500976562,170.43838500976562,169.39918582577107,169.7092678031965,76523900
1459,2015-10-20,170.22048950195312,170.83227734943787,169.75117209632427,170.00259578875122,78448500
1460,2015-10-21,169.16448974609375,170.79033533409486,168.99686546111812,170.63948882314182,102038000
1461,2015-10-22,172.0223388671875,172.2318564832243,169.16452830328043,170.1115392319672,174911700
1462,2015-10-23,173.90797424316406,174.2767272443333,172.8939162778874,173.69008055517259,144442300
1463,2015-10-26,173.4805450439453,173.7906269501931,173.11179208087373,173.73196868130663,69033000
1464,2015-10-27,173.14540100097656,173.4806241450167,172.46655303418896,172.8101650689932,77905800
1465,2015-10-28,175.11477661132812,175.13991769585508,172.8184723049507,173.48054217738942,135906700
1466,2015-10-29,175.0142822265625,175.38303533093182,174.49468255473792,174.6120119254061,90525500
1467,2015-10-30,174.25999450683594,175.52548915759263,174.10077185226265,175.2070182725639,131076900
1468,2015-11-02,176.3216094970703,176.51436208500124,174.46109241234478,174.58681062981634,86270800
1469,2015-11-03,176.83287048339844,177.38600006681244,175.7433763067183,175.9696589159223,95246100
1470,2015-11-04,176.2965545654297,177.25195466059316,175.7601898240738,177.12624916962855,96224500
1471,2015-11-05,176.1204833984375,176.81608334110962,175.23213085100582,176.35514207934628,78408700
1472,2015-11-06,176.0282745361328,176.26294597750453,174.70413475801305,175.77686368455153,110471500
1473,2015-11-09,174.3857421875,175.56742487175757,173.43871826193913,175.41656550519926,131008700
1474,2015-11-10,174.78799438476562,174.82152436849697,173.6398418068349,173.90801773697598,75874600
1475,2015-11-11,174.10076904296875,175.10645107827153,174.03372186888976,175.05616889469752,67846000
1476,2015-11-12,171.6703643798828,173.53088198042622,171.65361217659247,173.06156452946777,121315200
1477,2015-11-13,169.74276733398438,171.5278613165477,169.65896796963872,171.259685447527,153577100
1478,2015-11-16,172.3240203857422,172.38269144815004,169.44105635054686,169.55839847536257,117645200
1479,2015-11-17,172.1983642578125,173.51412842756272,171.7039056813815,172.63416454297757,121123700
1480,2015-11-18,174.9304656982422,175.07293615993984,172.63416053119036,172.6760538291458,121342500
1481,2015-11-19,174.77960205078125,175.1986372929131,174.48627226611268,174.8131192434579,88220500
1482,2015-11-20,175.41651916503906,176.09535416536397,175.03939003018522,175.53384851339226,94011500
1483,2015-11-23,175.21536254882812,175.97799679772703,174.7544213294247,175.47516229396336,64931200
1484,2015-11-24,175.45005798339844,175.85232822831483,173.82419922577145,174.20970448066703,98874400
1485,2015-11-25,175.42494201660156,175.77693012980754,175.16512939186023,175.57578858457168,51980100
1486,2015-11-27,175.62603759765625,175.82717910489592,175.03939085313215,175.51708434940895,37317800
1487,2015-11-30,174.89694213867188,175.90262422390845,174.78798887689123,175.78529486042987,112822700
1488,2015-12-01,176.56466674804688,176.6820088811428,175.2489028622171,175.52546763035855,97858400
1489,2015-12-02,174.76280212402344,176.83283682937392,174.51137847141774,176.5143660168775,108441300
1490,2015-12-03,172.31564331054688,175.2824066907532,171.59490230582782,175.014230831383,166224200
1491,2015-12-04,175.6763153076172,175.9696450663858,172.31565756611263,172.31565756611263,192913900
1492,2015-12-07,174.6119842529297,175.76851278396063,173.6481955578069,175.34947755684817,102027100
1493,2015-12-08,173.43865966796875,174.5616708891859,172.458118874404,173.05315446089486,103372400
1494,2015-12-09,172.08938598632812,174.88853826661926,171.11722117910855,172.8017509958119,162401500
1495,2015-12-10,172.5335235595703,173.84091114354192,171.9217358389554,172.15639449310737,116128900
1496,2015-12-11,169.18966674804688,171.08370136373824,168.87957198536282,170.42163133411054,211173300
1497,2015-12-14,170.04446411132812,170.1701823330511,167.57215920603662,169.3488769938021,182385200
1498,2015-12-15,171.82957458496094,172.7346921593939,170.01933943609507,171.55300981600035,154069600
1499,2015-12-16,174.34375,174.64545579617976,171.6367867210136,172.952550340508,197017000
1500,2015-12-17,171.68716430664062,174.72097615191112,171.67039931199744,174.65392896128242,173092500
1501,2015-12-18,168.62852478027344,171.0818146567759,168.4683416450139,170.9469351054431,251393500
1502,2015-12-21,170.01953125,170.19657911718517,168.6874978631349,169.800340767622,99094300
1503,2015-12-22,171.56234741210938,171.85742293411286,169.9183864593483,170.90476303100496,111026200
1504,2015-12-23,173.68687438964844,173.72902987741492,172.4728683806468,172.56560530811353,110987200
1505,2015-12-24,173.4002227783203,173.94821838482557,173.18103225414737,173.43395231376144,48539600
1506,2015-12-28,173.0039520263672,173.0460946385875,171.9332646766393,172.70887655655358,65899900
1507,2015-12-29,174.85025024414062,175.17904239882662,174.06621236144557,174.09992902631632,92640700
1508,2015-12-30,173.61097717285156,174.6901035548786,173.46765881575018,174.60579258526704,63317700
1509,2015-12-31,171.8742218017578,173.577202479056,171.8742218017578,172.9364830619542,114877900
1510,2016-01-04,169.4716033935547,169.4800293465077,167.42296478954532,169.02478347008912,222353500
1511,2016-01-05,169.7582244873047,170.21347032168643,168.65382014207472,169.79194116005368,110845800
1512,2016-01-06,167.61679077148438,168.66217441506802,166.58825902508883,167.21211368618393,152112600
1513,2016-01-07,163.59542846679688,166.45339493899422,163.20761607684997,164.67454181615454,213436100
1514,2016-01-08,161.7996826171875,165.1129070990716,161.51304599731174,164.55648575645847,209817200
1515,2016-01-11,161.9599151611328,163.05589341995838,160.02931749748547,162.7186624135249,187941300
1516,2016-01-12,163.26666259765625,164.01698392014976,161.14215222113893,163.40155500404893,172330500
1517,2016-01-13,159.19471740722656,164.27835847235212,158.81534370434633,163.93270144490674,221168900
1518,2016-01-14,161.80813598632812,162.92940481013775,158.20828713856892,159.80166644313084,240795600
1519,2016-01-15,158.3347625732422,159.13566531111854,156.40416490555924,157.4579876827775,324846400
1520,2016-01-19,158.54556274414062,160.2738350598248,156.97747358482457,160.14738144377125,195244400
1521,2016-01-20,156.5137481689453,158.07341096946286,152.61039748829143,155.99105620650136,286547800
1522,2016-01-21,157.39053344726562,159.22839410217688,155.66226160803873,156.98586912340346,195772900
1523,2016-01-22,160.6194610595703,160.82178680616093,159.2368460469932,159.99559332480396,168319600
1524,2016-01-25,158.1914520263672,160.30752363639772,157.9975522277229,160.11362383775347,130371700
1525,2016-01-26,160.3496856689453,160.6278964509055,158.5118247544825,158.8490429279834,141036800
1526,2016-01-27,158.6045379638672,161.4962213181551,157.70245954537472,159.82696974006484,185681700
1527,2016-01-28,159.43072509765625,160.3496553813156,157.78676430027338,160.14732966105083,143798800
1528,2016-01-29,163.31723022460938,163.45212261959614,160.07988992920824,160.19791755880993,210529300
1529,2016-02-01,163.25819396972656,164.04224468266708,161.7322608851968,162.31397302549723,136061600
1530,2016-02-02,160.31593322753906,161.84186634784507,159.79322845197512,161.8334403978046,182564900
1531,2016-02-03,161.27703857421875,161.6817029141604,157.7361966556225,161.369775492127,205054900
1532,2016-02-04,161.52999877929688,162.49951081884743,160.14738348196312,160.77967729837886,139531800
1533,2016-02-05,158.45277404785156,161.58895134209288,157.82048044601333,161.01567798450176,180788300
1534,2016-02-08,156.31988525390625,156.91002355456357,154.11107638685309,156.61496083625997,191526700
1535,2016-02-09,156.32826232910156,157.60128833397698,154.4482463076533,154.58313869535667,184513100
1536,2016-02-10,156.1934051513672,158.781587282469,156.06693869578498,157.1544910391713,148214100
1537,2016-02-11,154.16165161132812,155.20704860463027,152.66943471812618,153.72325766393695,219058900
1538,2016-02-12,157.33999633789062,157.35684824409887,155.08903191023703,155.9320903264691,127632400
1539,2016-02-16,159.9955596923828,160.02085040539032,158.18298998527018,159.14407567169118,120250700
1540,2016-02-17,162.60906982421875,162.98001749067555,161.03254224177735,161.15900869027703,136009500
1541,2016-02-18,161.9430694580078,162.93788496403232,161.63114199637977,162.87886470694102,102343000
1542,2016-02-19,161.86717224121094,162.01891654044448,160.56042947582927,161.16743240085756,114793000
1543,2016-02-22,164.2108917236328,164.3542100883974,163.37625939042303,163.44370559690904,103640300
1544,2016-02-23,162.13699340820312,163.82311016395872,162.01895288581227,163.55332530829386,111455300
1545,2016-02-24,162.87884521484375,163.1570559705891,159.60778807514922,160.7121922829566,150812200
1546,2016-02-25,164.85159301757812,164.86003183247877,162.5669125237012,163.32565975002663,110728300
1547,2016-02-26,164.47218322753906,165.81264236909203,164.31200014822562,165.71991833795718,129833700
1548,2016-02-29,163.18235778808594,165.43332184054452,162.9884579866063,164.48910068824537,125918100
1549,2016-03-01,167.0182647705078,167.1025757382741,163.93266859254652,164.4047791383236,141799700
1550,2016-03-02,167.76856994628906,167.81915137646766,166.29321820053025,166.70632132039938,102415000
1551,2016-03-03,168.42623901367188,168.44310378689937,167.01833275441763,167.59160640362416,95172200
1552,2016-03-04,168.97415161132812,169.74977648835898,167.79387525766805,168.6200687052301,129293600
1553,2016-03-07,169.10903930664062,169.5137165001027,167.97934441899835,168.05521656875482,100219000
1554,2016-03-08,167.26271057128906,168.54416239847214,167.10254034893043,168.03833529114226,123974900
1555,2016-03-09,168.08895874023438,168.43460284757697,167.288043107976,168.07209397322683,94801200
1556,2016-03-10,168.22377014160156,169.51366058219767,166.40277482790705,168.5778657850862,156838700
1557,2016-03-11,170.93844604492188,170.9806015203438,168.2069461885924,169.6738589665338,137964500
1558,2016-03-14,170.7193145751953,171.17456042054744,170.10388558631487,170.43267782574958,73612000
1559,2016-03-15,170.44105529785156,170.74455672977479,169.49683433811077,169.75818029203575,93169100
1560,2016-03-16,171.42747497558594,171.83215222958782,169.9184062493571,169.96056173798843,129303200
1561,2016-03-17,172.5149688720703,173.02079597186835,170.94688042101157,171.34311872441126,134278500
1562,2016-03-18,173.1929168701172,173.53187424367286,172.701419627185,173.01495584424373,138372400
1563,2016-03-21,173.43865966796875,173.66746300768244,172.70142026604074,172.93022360575443,72926700
1564,2016-03-22,173.34547424316406,173.91323505526816,172.50655007068661,172.66754644663476,97471900
1565,2016-03-23,172.20144653320312,173.15053748796785,172.0319549223713,172.96410706036843,81052500
1566,2016-03-24,172.12518310546875,172.15908660234746,170.955771071062,171.17609207919185,84360900
1567,2016-03-28,172.2268829345703,172.7522707695527,171.77775857297658,172.5404191676539,62408200
1568,2016-03-29,173.82000732421875,173.93017430072314,171.51506073997965,171.82012757996412,92922900
1569,2016-03-30,174.58267211914062,175.3029598090337,174.21828063922183,174.81994487938724,86365300
1570,2016-03-31,174.1589813232422,174.91317256427578,173.99797202508952,174.48946932930417,94584100
1571,2016-04-01,175.34527587890625,175.53170626301244,172.8538997734796,173.16744883605352,114423500
1572,2016-04-04,174.77752685546875,175.47240613852486,174.47246010955988,175.26902399778817,63497000
1573,2016-04-05,173.03187561035156,174.78599973639749,172.77765116197594,173.43862696951703,99662200
1574,2016-04-06,174.9215850830078,174.9809097231996,172.85391189996736,173.03187289015037,91839800
1575,2016-04-07,172.8284912109375,174.19281570468272,172.09972136464393,173.8369066537569,113859000
1576,2016-04-08,173.29458618164062,174.4385898444838,172.76071608159464,174.0064043614394,95040600
1577,2016-04-11,172.88787841796875,174.62506433575481,172.794663185393,173.93018479648154,83757500
1578,2016-04-12,174.49790954589844,174.7775551858431,172.61666646292107,173.05732137408188,115350600
1579,2016-04-13,176.2605438232422,176.3452896414696,175.27754922554817,175.41313736255353,96336400
1580,2016-04-14,176.26901245117188,176.76899208786213,175.92158563093162,176.31986770012065,65212900
1581,2016-04-15,176.07408142089844,176.40456936338802,175.75206288653632,176.26898125098356,75761600
1582,2016-04-18,177.31130981445312,177.34520037917224,175.4131149303134,176.0740908506917,82531000
1583,2016-04-19,177.8705596923828,178.12478414344164,177.05705696546582,177.73498452482514,88316100
1584,2016-04-20,178.04006958007812,178.7349360253094,177.4384054150759,177.91295087628632,81100300
1585,2016-04-21,177.08258056640625,178.1672601167516,176.81140421361982,178.0570931071321,85695000
1586,2016-04-22,177.08258056640625,177.3537439887925,176.18433152600153,176.7266713011742,99251700
1587,2016-04-25,176.77745056152344,176.81982346782792,175.87071950211055,176.4808531477876,66166500
1588,2016-04-26,177.04014587402344,177.5485948928953,176.56560035262072,177.14183050563952,75864200
1589,2016-04-27,177.40451049804688,177.7943101471621,176.30287974419332,176.65878883136563,77329400
1590,2016-04-28,175.79443359375,177.751940069478,175.37921278398585,176.65032222852545,97216200
1591,2016-04-29,174.8453826904297,175.5233104687304,173.74375166699065,175.1758707044217,142424100
1592,2016-05-02,176.2350616455078,176.41300969961898,174.9131100933998,175.34528258377605,62188000
1593,2016-05-03,174.7012939453125,175.24363348503738,173.95557222929278,175.0063607445574,106422100
1594,2016-05-04,173.72677612304688,174.43860730448847,173.22680946555437,173.70983730544705,92243800
1595,2016-05-05,173.69290161132812,174.54877747344975,173.26919838505867,174.19286831503095,67619200
1596,2016-05-06,174.32839965820312,174.37077255310513,172.7691753967892,172.9217023019659,89315000
1597,2016-05-09,174.47247314453125,174.9046456791933,174.02334886427658,174.20130986701582,74374900
1598,2016-05-10,176.64186096191406,176.65881271037375,175.1080574513968,175.1758515148401,77472200
1599,2016-05-11,174.9893798828125,176.71808283731846,174.9893798828125,176.18422572525807,81727000
1600,2016-05-12,175.04029846191406,175.82839329326183,174.03188257802506,175.65890163549375,89586300
1601,2016-05-13,173.51492309570312,175.29448163900955,173.1929174688306,174.74367267247877,96474600
1602,2016-05-16,175.22665405273438,175.70119945871832,173.62505684234227,173.68438148328653,77486800
1603,2016-05-17,173.5912628173828,175.24370325013706,173.06586188538935,174.9555880834824,114924900
1604,2016-05-18,173.64199829101562,174.81989232902387,172.55731944725517,173.24371636381073,120062100
1605,2016-05-19,173.04039001464844,173.32850509687862,171.8370744385142,172.92175363194215,115430500
1606,2016-05-20,174.13357543945312,174.65049394868106,173.59970517882817,173.65054750262146,104990400
1607,2016-05-23,173.89625549316406,174.4301126786471,173.7098250695369,174.15046704320636,58682600
1608,2016-05-24,176.1503448486328,176.4638939748023,174.68433555844706,174.70975671321835,93537800
1609,2016-05-25,177.34523010253906,177.76046393971208,176.15038384221432,176.82831162377144,76621400
1610,2016-05-26,177.39605712890625,177.7096062974516,177.08252089075677,177.48080294319328,55280700
1611,2016-05-27,178.1587371826172,178.16720659219732,177.5062305938494,177.55707291212292,64211200
1612,2016-05-31,177.81973266601562,178.5400331841697,177.26044141171204,178.42986622882066,109879400
1613,2016-06-01,178.18411254882812,178.36206061705306,177.01468780749235,177.20958762091732,69936200
1614,2016-06-02,178.7264862060547,178.74342502410155,177.31131907541297,177.78586458863467,63044700
1615,2016-06-03,178.192626953125,178.5400667002992,176.98931134792298,178.16720579410213,101757100
1616,2016-06-06,179.09930419921875,179.45521324890294,178.387473169458,178.54848241511348,64887000
1617,2016-06-07,179.37901306152344,179.93830449020135,179.22648608846464,179.2519072506411,60974800
1618,2016-06-08,179.9636993408203,180.09081806351512,179.38746917520425,179.5145749675031,66170900
1619,2016-06-09,179.71795654296875,179.836592925502,178.96376534035116,179.2349286731146,73786900
1620,2016-06-10,178.0146484375,178.6840937280972,177.47229598991518,178.3451363787507,113829200
1621,2016-06-13,176.64186096191406,178.26887969336636,176.55712808040656,177.41300388688646,117751200
1622,2016-06-14,176.2943878173828,176.88758252746695,175.34529696987707,176.2604972572832,125059300
1623,2016-06-15,176.04867553710938,177.413000326839,175.86224509898022,176.29441769806408,109124500
1624,2016-06-16,176.5740509033203,176.74354251177266,174.21826236624872,176.04866312222205,149533100
1625,2016-06-17,175.91648864746094,176.49571546014107,175.26058875857578,176.4701621006193,117055700
1626,2016-06-20,177.0493927001953,178.54857937058586,176.96420617446128,177.8756526087873,82789600
1627,2016-06-21,177.55194091796875,177.96080760410712,176.98974110100497,177.4326875929435,72461700
1628,2016-06-22,177.26234436035156,178.4548777236498,177.1175246684293,177.73083125459377,95560500
1629,2016-06-23,179.57073974609375,179.62184645879435,178.2589531287725,178.71892654071584,102731400
1630,2016-06-24,173.1225128173828,179.60481154104718,172.67956633100692,173.45471943275535,333444400
1631,2016-06-27,170.02191162109375,171.72553793794785,169.2126787224782,171.71701148787568,230775800
1632,2016-06-28,173.0884552001953,173.11400855868138,171.31668202520586,171.62333532467787,159382400
1633,2016-06-29,176.03570556640625,176.26568575451566,174.3831860051859,174.48539942212344,137328600
1634,2016-06-30,178.43777465820312,178.4888813560203,175.95048238257067,176.50416860340346,165021900
1635,2016-07-01,178.81268310546875,179.29822302506847,178.27603645699372,178.4378830968603,106055300
1636,2016-07-05,177.52638244628906,178.09709569943664,176.9301158383466,177.986355830234,109803700
1637,2016-07-06,178.5911865234375,178.71043987015673,176.37646665849195,177.03236656426765,96021500
1638,2016-07-07,178.48045349121094,179.43448030163498,177.71382666106882,178.77006691614102,85593800
1639,2016-07-08,181.1380615234375,181.38509461612574,179.5451750888838,179.77516827919834,133971000
1640,2016-07-11,181.77696228027344,182.34768865826774,181.39364887527617,181.5980887568401,73633900
1641,2016-07-12,183.09725952148438,183.39539936460767,181.8024997136228,182.7394995083198,101275600
1642,2016-07-13,183.0717315673828,183.52319162266443,182.58620469558443,183.51467816794545,87324100
1643,2016-07-14,184.09390258789062,184.56240254403048,183.70207571376685,184.3324092932635,91230900
1644,2016-07-15,183.8468475341797,184.85198088781613,183.4039010235686,184.65606748793815,107155400
1645,2016-07-18,184.3408966064453,184.50274319307965,183.7105501631425,183.96609672111055,58725900
1646,2016-07-19,184.15345764160156,184.18752444321422,183.676444433214,183.92346448840215,54345700
1647,2016-07-20,184.92015075683594,185.15865744693104,184.15352396690736,184.15352396690736,58159500
1648,2016-07-21,184.2216339111328,185.03085380551673,183.7786874330219,184.80938706527985,67777300
1649,2016-07-22,185.04788208007812,185.09898878633393,184.07681566830865,184.3408756490546,62787500
1650,2016-07-25,184.54534912109375,184.89459569896835,183.96612230693654,184.84348897979444,55873100
1651,2016-07-26,184.6304931640625,184.98825311359136,183.78719349883522,184.44309323845644,70080500
1652,2016-07-27,184.4346160888672,185.0734760525525,183.66797633386125,185.0053294300427,84083900
1653,2016-07-28,184.64756774902344,184.93718114385538,183.77871456688854,184.23868801764283,65035700
1654,2016-07-29,184.94566345214844,185.3034234086294,184.1023767681707,184.38347666204226,79519400
1655,2016-08-01,184.79234313964844,185.39712318535925,184.34088321900114,185.00529642288348,73311400
1656,2016-08-02,183.6083526611328,184.698672605218,182.7735792971761,184.54533945808532,92295500
1657,2016-08-03,184.1449737548828,184.204606918532,183.25058028125014,183.54870710658165,53993600
1658,2016-08-04,184.3408966064453,184.65606332927777,182.50097698624077,184.25571008791,46585500
1659,2016-08-05,185.84860229492188,185.89119555549402,184.34090225224605,184.34090225224605,71892200
1660,2016-08-08,185.73785400390625,186.1382072113854,185.47379401549162,186.0359807982686,39906500
1661,2016-08-09,185.84860229492188,186.34265552275468,185.52492210937768,185.806022031988,51251700
1662,2016-08-10,185.38864135742188,186.0360147697383,185.0393947939079,185.95935469412962,57941100
1663,2016-08-11,186.24896240234375,186.49599552416987,185.6526957253063,185.91675575387725,72504300
1664,2016-08-12,186.08712768554688,186.30008099732774,185.68677441958778,185.94230799561387,61313500
1665,2016-08-15,186.623779296875,186.97302588150868,186.44490577630455,186.45341923045174,49813500
1666,2016-08-16,185.6612091064453,186.27450264705396,185.6612091064453,186.20636902959353,53213600
1667,2016-08-17,186.0104522705078,186.14674550776292,184.86051219996892,185.69528553228906,75134300
1668,2016-08-18,186.42779541015625,186.4618622115094,185.87412215413093,185.98484900675498,52989300
1669,2016-08-19,186.15521240234375,186.3340988562052,185.47377238177782,185.95929904631282,75443000
1670,2016-08-22,186.14675903320312,186.37675226307763,185.5504923239354,185.91676580332864,61368800
1671,2016-08-23,186.5215301513672,187.05817660563002,186.46189699083246,186.76003679823123,53399200
1672,2016-08-24,185.56752014160156,186.4704400993404,185.15012697348288,186.3767401227276,71728900
1673,2016-08-25,185.4397735595703,185.8571668024232,185.0309067691607,185.18422694144897,69224800
1674,2016-08-26,185.0904998779297,186.64931972308202,184.2046197953318,185.62714639773398,122506300
1675,2016-08-29,186.00192260742188,186.26598260806702,185.1841762527955,185.2182560579585,70502200
1676,2016-08-30,185.6952362060547,186.1978027625928,185.14156294853103,185.91670290953715,58114500
1677,2016-08-31,185.16717529296875,185.48234204788133,184.3920220873651,185.3630887083761,85269500
1678,2016-09-01,185.17572021484375,185.46533366033836,184.01725343522395,185.15868030697894,97844200
1679,2016-09-02,186.0104522705078,186.43635888870114,185.43973896184536,186.02749217457432,79293900
1680,2016-09-06,186.57261657714844,186.64927663438348,185.57599684018467,186.29151670298387,56702100
1681,2016-09-07,186.55560302734375,186.73448951712933,185.95082293799388,186.41079634401157,76554900
1682,2016-09-08,186.12969970703125,186.49598614584542,185.8230464317414,186.22339967997087,74102900
1683,2016-09-09,181.67469787597656,184.86899701764105,181.64914452265418,184.81789031099626,221589100
1684,2016-09-12,184.28128051757812,184.68163379603857,180.8484740642897,180.91662068590415,168110900
1685,2016-09-13,181.63217163085938,183.2676518350536,181.01035147454522,183.00359175487807,182828800
1686,2016-09-14,181.5640106201172,182.88432391408446,181.0103371408601,181.68326396938673,134185500
1687,2016-09-15,183.3783416748047,183.76165500904514,181.22325535365334,181.40214184170566,134427900
1688,2016-09-16,182.6694793701172,182.9434427794408,181.98459697339692,182.76365265916039,155236400
1689,2016-09-19,182.7037811279297,183.96227312303955,182.378452756506,183.3201859036283,80250500
1690,2016-09-20,182.71226501464844,183.71391911147663,182.6780261243973,183.5598245104074,69665300
1691,2016-09-21,184.76695251464844,184.94672955056805,182.72939235227372,183.41428773203177,110284400
1692,2016-09-22,185.93124389648438,186.23088968519738,185.52888144386645,185.77714930568925,76678700
1693,2016-09-23,184.9124755859375,185.67441820469017,184.81830231560664,185.53743652724677,73630900
1694,2016-09-26,183.41427612304688,184.26182250818067,183.2173600593985,184.0820454836398,89827300
1695,2016-09-27,184.55294799804688,184.6471082252483,182.8835112062276,183.2516479102736,78494800
1696,2016-09-28,185.46897888183594,185.62308656236328,183.8166811905737,184.77552697769812,87411000
1697,2016-09-29,183.79098510742188,185.66588132423695,183.24307136462014,185.26350574056914,128070600
1698,2016-09-30,185.17791748046875,185.87992589879707,184.37316624574723,184.62143417016583,117202900
1699,2016-10-03,184.7327117919922,184.95529725204656,184.09918124112315,184.76696374787355,83512100
1700,2016-10-04,183.79098510742188,185.06660270918726,183.2002760132762,184.8440172416814,119948100
1701,2016-10-05,184.6042938232422,185.0323518152725,184.34745641536537,184.4159472616854,72816000
1702,2016-10-06,184.7327117919922,184.95529725204656,183.84235688848102,184.3817010923231,62927400
1703,2016-10-07,184.0991973876953,185.1779120165763,183.37150655256386,185.0066914120333,89788300
1704,2016-10-10,185.05801391601562,185.5203107487633,184.91247578231187,185.05801391601562,51855000
1705,2016-10-11,182.72084045410156,184.6984794829944,181.99314965685426,184.62998863208392,130367400
1706,2016-10-12,182.96054077148438,183.48277201024095,182.36124917108424,182.85779797705706,73866100
1707,2016-10-13,182.36123657226562,182.8577853439333,180.8202384585352,181.63354592151325,101357000
1708,2016-10-14,182.45541381835938,183.79952203251673,182.37836652365132,183.337212137685,93346200
1709,2016-10-17,181.8218994140625,182.6865717721407,181.6421093268266,182.42973438892884,58275700
1710,2016-10-18,182.96054077148438,183.47420249045146,182.5838476729331,183.41428116838685,76869700
1711,2016-10-19,183.4485321044922,183.75673438142863,182.86637950544184,183.2259466513188,66519200
1712,2016-10-20,183.1060791015625,183.66254923017698,182.4468661784142,183.09750958176414,73639800
1713,2016-10-21,183.1917266845703,183.27734352328338,182.14726395608955,183.10612290915276,89089100
1714,2016-10-24,183.97076416015625,184.3389008279515,183.61975346984508,184.0649374413789,60146600
1715,2016-10-25,183.35435485839844,184.04780670068533,183.19169073474242,183.79096929824388,66542300
1716,2016-10-26,182.98626708984375,183.56841979028252,182.29280204849215,182.53252658412072,75705500
1717,2016-10-27,182.49826049804688,183.73962618296824,182.42121318718085,183.70538728812593,77220200
1718,2016-10-28,181.95887756347656,183.14887820685595,181.24831282341424,182.4725523568128,140623200
1719,2016-10-31,181.9674835205078,182.51539731357715,181.8048193679365,182.29279876235523,61272500
1720,2016-11-01,180.6490478515625,182.34416708158656,179.44193411679908,182.2927891440418,122781800
1721,2016-11-02,179.561767578125,180.72608581549633,179.12514007455266,180.34082317980477,103330800
1722,2016-11-03,178.73988342285156,179.98981843271363,178.46593311724016,179.77578944949215,88939300
1723,2016-11-04,178.54299926757812,179.690191603582,178.3974611112159,178.85120155849046,109122100
1724,2016-11-07,182.4811553955078,182.51540735756313,178.54302887338312,178.54302887338312,109794900
1725,2016-11-08,183.3030242919922,183.8680640704405,181.82194705147958,182.08734096045808,106772100
1726,2016-11-09,185.24636840820312,185.86277292051915,181.78765274873078,181.8133351814696,258429000
1727,2016-11-10,185.7086944580078,186.8986952607369,184.2532997663908,186.03402274157074,172113300
1728,2016-11-11,185.28067016601562,185.52038166177718,184.33895016503715,184.98959378734756,100552700
1729,2016-11-14,185.42617797851562,186.00834370377714,184.68136117179486,185.80287114251522,94580000
1730,2016-11-15,186.87307739257812,186.87307739257812,185.606028841727,185.81148840693052,91652600
1731,2016-11-16,186.5219268798828,186.7530817809426,186.1366774203092,186.2565330980274,65617700
1732,2016-11-17,187.4808807373047,187.5408020750015,186.56483018473205,186.67612946469208,69797200
1733,2016-11-18,187.06134033203125,187.72055328977922,186.88155022962977,187.54933270762592,86265800
1734,2016-11-21,188.4739532470703,188.49963568487826,187.4894249623122,187.63496313098892,72402600
1735,2016-11-22,188.84207153320312,189.02184858031546,188.11436769753672,188.7821371419699,67429000
1736,2016-11-23,188.94479370117188,188.9961585697166,188.13148613486294,188.3283891520488,56620200
1737,2016-11-25,189.64678955078125,189.68102843743884,189.21016210032596,189.28722245606542,37872300
1738,2016-11-28,188.75643920898438,189.61255515086893,188.65370947621184,189.338604842378,76572500
1739,2016-11-29,189.12460327148438,189.5783437413918,188.49107267987097,188.7907185282828,69886700
1740,2016-11-30,188.6708526611328,189.9036618200159,188.61091826935393,189.7409976860947,113291800
1741,2016-12-01,187.9773712158203,188.97045571472006,187.61779104827826,188.97045571472006,79040500
1742,2016-12-02,188.07159423828125,188.55958672629782,187.7120270139356,188.06303777935497,74840300
1743,2016-12-05,189.20162963867188,189.54407080184095,188.7050808077716,188.90198382342916,67837800
1744,2016-12-06,189.80093383789062,189.83518579680896,188.91057885543555,189.39000177393402,59877400
1745,2016-12-07,192.28363037109375,192.34355168931395,189.5269362139672,189.64679191369913,110738100
1746,2016-12-08,192.75453186035156,193.22539832109896,191.99258906506745,192.2579960253395,99714400
1747,2016-12-09,193.91883850097656,193.93596447940914,192.94286674302495,192.97711869989007,88005800
1748,2016-12-12,193.69625854492188,194.304106695277,193.27675697280102,193.82467072858418,102016100
1749,2016-12-13,194.98902893066406,195.485577914432,194.33838529501833,194.3555112774371,110477500
1750,2016-12-14,193.3794708251953,195.3913354266373,192.942843339538,194.68932715558245,142501800
1751,2016-12-15,194.17562866210938,195.03174448924327,193.3880036687411,193.61915859978868,124972600
1752,2016-12-16,193.79595947265625,194.69157562905485,193.47733362447477,194.6312879603211,156420200
1753,2016-12-19,194.21786499023438,194.63983910113276,193.83034471793016,193.97674068123223,90341100
1754,2016-12-20,194.96707153320312,195.11348063664968,194.51927675423596,194.7517810332149,89838800
1755,2016-12-21,194.42459106445312,195.0101750455565,194.42459106445312,194.8379452358374,67909000
1756,2016-12-22,194.0886993408203,194.39871819214375,193.69255903179445,194.27815603553404,56219100
1757,2016-12-23,194.37290954589844,194.38151643666708,193.94232848222345,194.13177206117248,36697800
1758,2016-12-27,194.85516357421875,195.2512908050914,194.62264611418124,194.63987303648184,42672500
1759,2016-12-28,193.24476623535156,195.1307133002148,193.13282409992078,195.1134995195581,64095000
1760,2016-12-29,193.20167541503906,193.66669705424326,192.76247444104257,193.3136175254231,48696100
1761,2016-12-30,192.4955291748047,193.61504233520182,191.80659698838423,193.52892088429107,108998300
1762,2017-01-03,193.9681396484375,194.4762220905839,192.79695876636885,193.7958967308444,91366500
1763,2017-01-04,195.12208557128906,195.26848153297962,194.2867573884805,194.29536427788966,78744400
1764,2017-01-05,194.96707153320312,195.12208752614507,194.17480407008122,194.855129408606,78379000
1765,2017-01-06,195.6646270751953,196.12964878124782,194.53649379847863,195.07903007244784,71559900
1766,2017-01-09,195.01876831054688,195.54407769928036,194.9843144691566,195.40628861430002,46939700
1767,2017-01-10,195.01876831054688,195.87131035074572,194.63123486650335,195.03598209095162,63771900
1768,2017-01-11,195.5699462890625,195.5699462890625,194.26958292128418,194.93268151291917,74650000
1769,2017-01-12,195.07907104492188,195.26852777910625,193.72705323128866,195.05323723028695,72113200
1770,2017-01-13,195.52684020996094,195.82823903423753,195.2168213556575,195.2512620548958,62717900
1771,2017-01-17,194.83792114257812,195.2943359950259,194.4504008335571,194.88958876507553,61240800
1772,2017-01-18,195.26849365234375,195.31155438264042,194.53650065817047,195.08764384121375,54793300
1773,2017-01-19,194.54510498046875,195.4837683798126,194.114523992848,195.3459793101046,66608800
1774,2017-01-20,195.25990295410156,195.75075852737518,194.59680444535826,195.2254491108912,129168600
1775,2017-01-23,194.75180053710938,195.3201706676685,193.99398683665453,195.25989615458587,75061600
1776,2017-01-24,196.00047302246094,196.41382709593856,194.8551260056911,194.9670681283333,95555300
1777,2017-01-25,197.69700622558594,197.69700622558594,196.78416328499497,196.94778620019798,84437700
1778,2017-01-26,197.4903106689453,197.8175564796249,197.21473248304858,197.55058518442826,59970700
1779,2017-01-27,197.18028259277344,197.7141988777078,196.9994327741686,197.5678029008803,59711100
1780,2017-01-30,195.9574432373047,196.51719335976878,194.97571894509807,196.49135954736528,79737300
1781,2017-01-31,195.940185546875,196.00047319321024,194.8981869027836,195.46654382670206,75880800
1782,2017-02-01,196.01768493652344,196.8530131051667,195.43210109969132,195.94018351228783,79117700
1783,2017-02-02,196.1468963623047,196.43108143382898,195.32879499049955,196.01771416236227,69657600
1784,2017-02-03,197.4989013671875,197.6797511793912,196.74108769868505,197.05110656225563,80563200
1785,2017-02-06,197.14578247070312,197.4902551061586,196.8099298638137,197.09411486045667,57790100
1786,2017-02-07,197.1544647216797,197.77450252089744,196.96500799745806,197.53337817012294,57931200
1787,2017-02-08,197.41278076171875,197.54194980504766,196.61189327221177,197.15442953477168,51566200
1788,2017-02-09,198.58395385742188,198.88535266019773,197.4127730625225,197.4127730625225,65955200
1789,2017-02-10,199.36761474609375,199.59152528133336,198.60118107303498,198.92842684589928,66015900
1790,2017-02-13,200.45266723632812,200.7110184448176,199.83262959206868,199.8584633988888,55182100
1791,2017-02-14,201.25355529785156,201.2621753275736,199.92737160929255,200.27183115065384,71109000
1792,2017-02-15,202.30421447753906,202.49367120529897,200.98663741466746,201.03830504218527,86785800
1793,2017-02-16,202.1320037841797,202.51091727552614,201.38279683374938,202.3300674218224,84722400
1794,2017-02-17,202.45057678222656,202.45057678222656,201.45162568212956,201.4688526018663,77204100
1795,2017-02-21,203.65618896484375,203.828418722286,202.8122408148868,202.82086084394624,88946100
1796,2017-02-22,203.47537231445312,203.69926972156108,203.08785201202807,203.25147490734517,62115200
1797,2017-02-23,203.61317443847656,204.00930165644274,202.8553475654405,203.9920878749946,74615900
1798,2017-02-24,203.87152099609375,203.91456858901134,202.72617382226116,202.76923455546964,82381600
1799,2017-02-27,204.1901397705078,204.36236955714747,203.535661325161,203.78539254474492,56515400
1800,2017-02-28,203.63894653320312,204.05230054763163,203.25142632340842,203.8111762775244,96961900
1801,2017-03-01,206.48941040039062,206.95444520988164,205.27516890262774,205.2923958208318,149158200
1802,2017-03-02,205.1890869140625,206.308600215748,205.13741929311072,206.29998018539592,70246000
1803,2017-03-03,205.31822204589844,205.48184491207374,204.724018222541,205.10293156730737,81974300
1804,2017-03-06,204.70687866210938,205.05994518838477,204.10405459126903,204.52602881279873,55391500
1805,2017-03-07,204.09544372558594,204.75854230642355,203.88876006472563,204.40546264673017,65103700
1806,2017-03-08,203.7165069580078,204.64656361509844,203.5787178665223,204.38821235363588,78168800
1807,2017-03-09,203.974853515625,204.30209931528373,203.01035617805067,203.83706442731702,90683900
1808,2017-03-10,204.6896514892578,204.97383660051867,203.742367785055,204.9307758611835,81991700
1809,2017-03-13,204.7928924560547,204.83595317556288,204.30203704646416,204.62926960609562,57256800
1810,2017-03-14,204.00927734375,204.3020824172589,203.39785966792678,204.25040165819996,59880800
1811,2017-03-15,205.77467346191406,206.19664760561835,204.34514127577168,204.57765871334672,96081800
1812,2017-03-16,205.36988830566406,205.98992593114556,205.04265571575678,205.91242451303236,78344000
1813,2017-03-17,205.00930786132812,205.82232414995448,205.00930786132812,205.6320431803841,89002100
1814,2017-03-20,204.78439331054688,205.29468616829985,204.39518711730236,205.0092647739321,52537000
1815,2017-03-21,202.15509033203125,205.51094003857907,202.02535931655473,205.38985335831487,131809300
1816,2017-03-22,202.63075256347656,202.9161739384226,201.56691885500925,202.1896540008086,97569200
1817,2017-03-23,202.41455078125,203.54757889187846,202.04264643239952,202.63077792289533,100410300
1818,2017-03-24,202.2674560546875,203.2880415163762,201.48904386178776,202.7172120670613,112504900
1819,2017-03-27,202.05995178222656,202.31942701311294,200.3214901709673,200.5982540724432,87454500
1820,2017-03-28,203.5302734375,203.9540701538015,201.6447660551732,201.75720838274196,93483900
1821,2017-03-29,203.72055053710938,203.95407953685887,203.01997673531778,203.24486140080134,61950400
1822,2017-03-30,204.36923217773438,204.56817064319617,203.48703497312647,203.66001404084622,56737900
1823,2017-03-31,203.8935546875,204.55952479613492,203.84164908650794,204.03193003110582,73733100
1824,2017-04-03,203.53895568847656,204.14438910844746,202.3107869801188,203.94546381276962,85546500
1825,2017-04-04,203.6686553955078,203.75515152683073,202.8729411376724,203.25350299956253,56466200
1826,2017-04-05,203.06320190429688,205.32061345411282,202.85561912820899,204.34326269653357,108800600
1827,2017-04-06,203.63406372070312,204.15300091336346,202.76049767058808,203.2016094614245,69135800
1828,2017-04-07,203.42648315429688,204.11841261621606,202.94213649019045,203.38323508840378,74412300
1829,2017-04-10,203.5475616455078,204.3432758756478,203.01996693669741,203.56486351066155,67615300
1830,2017-04-11,203.30543518066406,203.40922000059405,201.81779117352434,203.16704662245124,88045300
1831,2017-04-12,202.41455078125,203.21892261084852,202.18967930502347,203.02864167040403,81864400
1832,2017-04-13,201.09983825683594,202.81236631371326,201.09983825683594,202.0771889279115,92880400
1833,2017-04-17,202.88156127929688,202.88156127929688,201.4198640325367,201.61878926097052,68405400
1834,2017-04-18,202.276123046875,202.8123752285135,201.59285121855888,202.14639206600955,83225800
1835,2017-04-19,201.90426635742188,203.21027359661804,201.67938167431168,202.83836923217876,68699900
1836,2017-04-20,203.5475616455078,203.98867342346213,202.19830650755497,202.51831842688946,92572200
1837,2017-04-21,202.89886474609375,203.52159986940245,202.5010142602025,203.46970747536926,110389800
1838,2017-04-24,205.13034057617188,205.3379233603899,202.87292893794245,205.13898490980165,119209900
1839,2017-04-25,206.3239288330078,206.669886959925,205.68389178100873,205.77038791146632,76698300
1840,2017-04-26,206.19418334960938,207.17153418835883,206.15094848210717,206.28932381353593,84702500
1841,2017-04-27,206.36717224121094,206.66988229606818,205.83091999989713,206.51420510170553,57410300
1842,2017-04-28,205.9174041748047,206.65256843460105,205.7876599895779,206.6266222370468,63532800
1843,2017-05-01,206.43634033203125,206.86015021914145,206.02118797570128,206.43634033203125,66882500
1844,2017-05-02,206.51419067382812,206.6958140545623,206.10768265367307,206.57472740158775,57375700
1845,2017-05-03,206.26339721679688,206.60936857189026,205.588769571187,206.5142280989218,73137700
1846,2017-05-04,206.5055389404297,206.6439274612729,205.65793234581244,206.5660888673445,61462700
1847,2017-05-05,207.31857299804688,207.33587486401794,206.43636259791836,206.87747439671105,62001300
1848,2017-05-08,207.283935546875,207.50880696377402,206.86012570997858,207.36177412994152,48385700
1849,2017-05-09,207.09368896484375,207.7423703261031,206.74771765369846,207.5434450706046,51363200
1850,2017-05-10,207.465576171875,207.465576171875,206.84284106061338,207.0504238301856,54293800
1851,2017-05-11,207.0418243408203,207.20615908597674,205.96068859369421,207.0158781386859,62358300
1852,2017-05-12,206.69581604003906,207.08502219994918,206.4276965342667,206.7909564966798,53912700
1853,2017-05-15,207.83750915527344,207.95859581385963,207.10233167263556,207.11963353742098,61918900
1854,2017-05-16,207.647216796875,208.15750960156078,207.25801064410544,208.13156340453983,51241800
1855,2017-05-17,203.9626922607422,207.6471970595044,203.90214234181187,207.6471970595044,172174100
1856,2017-05-18,204.78439331054688,205.631999962106,203.62540586744421,203.88488106209277,107047700
1857,2017-05-19,206.1163330078125,206.7823162173544,205.21683401621968,205.268726412231,115011400
1858,2017-05-22,207.1628875732422,207.32722229980186,206.55745426285634,206.6266353290807,61010600
1859,2017-05-23,207.62132263183594,207.78565738578942,207.15426457349884,207.53482648845247,48341700
1860,2017-05-24,208.1056365966797,208.2094213944331,207.51749194867847,207.85481893629006,46927700
1861,2017-05-25,209.10031127929688,209.3770883831444,208.40839491459548,208.61596454502242,64071700
1862,2017-05-26,209.05706787109375,209.22138942265474,208.83218318403254,208.91002179226535,46629900
1863,2017-05-30,208.87538146972656,209.12619910229242,208.5813157770756,208.7369929564361,35201900
1864,2017-05-31,208.82351684570312,209.20407870913107,208.13158738469383,209.16947497747938,91796000
1865,2017-06-01,210.48411560058594,210.50141746443626,208.9964720483849,209.28189341336648,68962000
1866,2017-06-02,211.18467712402344,211.34036749477772,210.2419301591628,210.5359958403654,88666100
1867,2017-06-05,211.02903747558594,211.29715700891515,210.83009901105527,211.01173560965785,44698800
1868,2017-06-06,210.35440063476562,211.0203706729839,210.27654884023806,210.4668297647165,50375400
1869,2017-06-07,210.74362182617188,210.96849329954466,210.02574614132465,210.69172942442873,54144300
1870,2017-06-08,210.84738159179688,211.32308388038217,210.31978690763057,210.83873725835193,65950700
1871,2017-06-09,210.52740478515625,211.91125062202613,209.26463242652287,211.11553629639795,132256400
1872,2017-06-12,210.48411560058594,210.53600799468163,209.63650903629403,210.2851903574007,86108100
1873,2017-06-13,211.51339721679688,211.565289620332,210.6744348330919,211.02039298829786,60067000
1874,2017-06-14,211.2452850341797,211.79016848775927,210.42361129135838,211.7815241526878,78602300
1875,2017-06-15,210.8387908935547,210.95987757986546,209.6192664973441,209.89603041000055,66464900
1876,2017-06-16,210.88478088378906,211.04991698387204,210.00696819501678,210.99777153370127,84553100
1877,2017-06-19,212.6404266357422,212.70125857570505,211.61485078809721,211.71045520387923,65123800
1878,2017-06-20,211.2063751220703,212.29278298541092,211.18900214476346,212.2840964967575,56906400
1879,2017-06-21,211.15428161621094,211.71052204861903,210.6849591389802,211.59754462107009,55977600
1880,2017-06-22,211.0586700439453,211.65836943369348,210.8848474012777,211.1629742389999,44148100
1881,2017-06-23,211.3107147216797,211.64097374946985,210.73708809083058,211.11950584472999,66986800
1882,2017-06-26,211.44976806640625,212.3971259753546,211.24118620608652,211.97993573108084,56700500
1883,2017-06-27,209.74624633789062,211.52795786080534,209.7288600990162,211.2324448471982,82247700
1884,2017-06-28,211.62356567382812,211.82346100773714,210.52845805803364,210.76312587024884,70042600
1885,2017-06-29,209.76364135742188,211.82346647947858,208.55555631046235,211.77132102248703,106949700
1886,2017-06-30,210.1547393798828,210.9456474858864,209.96353053531456,210.57191628538862,86820700
1887,2017-07-03,210.5111083984375,211.52798468158704,210.5111083984375,211.09342148732742,39153800
1888,2017-07-05,210.997802734375,211.20638456590143,210.06783119610182,210.8761255787128,54427600
1889,2017-07-06,209.06832885742188,210.35463203575168,208.88580650381542,210.23295488728553,65400800
1890,2017-07-07,210.4241485595703,210.57189842478374,209.0770002732185,209.64194027036658,57972300
1891,2017-07-10,210.650146484375,211.023877706191,210.1199788872515,210.42417841054788,36663300
1892,2017-07-11,210.4936981201172,210.80658411472686,209.3290720753313,210.65013448651465,50354600
1893,2017-07-12,212.07554626464844,212.24068241669124,211.45847389438245,211.45847389438245,59610400
1894,2017-07-13,212.4318389892578,212.54482964689768,211.85821247452137,212.0841937898011,39471600
1895,2017-07-14,213.42266845703125,213.77901345016744,212.33626049879845,212.43186492959558,60262700
1896,2017-07-17,213.39657592773438,213.7268481601751,213.22275332290783,213.34443047246788,33531900
1897,2017-07-18,213.50962829589844,213.5617737662357,212.6491882498782,212.98814706888885,42742500
1898,2017-07-19,214.66549682617188,214.67418331440118,213.81374355439402,213.8224433044374,51034300
1899,2017-07-20,214.76113891601562,215.0392524680929,214.21358503979766,214.91757530246852,47135200
1900,2017-07-21,214.56991577148438,214.59598850082523,213.96151672202305,214.18749805873117,82340800
1901,2017-07-24,214.5177764892578,214.65682662914074,214.04844082397815,214.49169049735036,46622300
1902,2017-07-25,215.0392608642578,215.3695331531979,214.81329276550863,215.26522896300702,54915600
1903,2017-07-26,215.0479278564453,215.36081387501542,214.78720055915,215.3260546559813,47575400
1904,2017-07-27,214.84803771972656,215.54334147361757,213.52696191351524,215.50858225374023,70766600
1905,2017-07-28,214.59593200683594,214.726295619221,213.91801469880951,214.3699507296191,50088400
1906,2017-07-31,214.4743194580078,215.09139175817583,214.26572435357318,214.9957873263703,65838700
1907,2017-08-01,214.95230102539062,215.10873737781307,214.4308199936887,215.07397816454593,55050400
1908,2017-08-02,215.05662536621094,215.1956887645296,214.1266538094975,215.08269809566875,47211200
1909,2017-08-03,214.63941955566406,214.9696785049686,214.3612927964457,214.9436057790186,40856000
1910,2017-08-04,215.0305938720703,215.36085292913972,214.64817608426753,215.12619831902103,60191800
1911,2017-08-07,215.43031311035156,215.43031311035156,214.99574999792543,215.10005416294103,31995000
1912,2017-08-08,214.90017700195312,216.33424343971365,214.52645903629823,215.11745858993362,61719400
1913,2017-08-09,214.8914337158203,214.94357916126282,213.85717150850337,214.2135164014434,62632600
1914,2017-08-10,211.85829162597656,214.18755777036927,211.80614615275763,214.05718082550274,120479500
1915,2017-08-11,212.17112731933594,212.762140152982,211.84955480300584,212.08422263855766,74869900
1916,2017-08-14,214.27442932128906,214.491710933965,213.4140026226554,213.448761845484,73291900
1917,2017-08-15,214.24830627441406,214.67418290949976,213.9441200451935,214.65679667125985,55242700
1918,2017-08-16,214.62203979492188,215.16959358002424,214.19616315519622,214.76978966703544,56715500
1919,2017-08-17,211.2759552001953,214.32659766663252,211.2759552001953,214.01371159986505,128490400
1920,2017-08-18,210.9456787109375,212.23198209604297,210.50241575027266,211.1108015904025,136748000
1921,2017-08-21,211.11073303222656,211.3714735252687,210.18077496327828,210.88476501122332,65469700
1922,2017-08-22,213.3184051513672,213.47484155193214,211.67575663634727,211.69314287923814,63140100
1923,2017-08-23,212.55352783203125,212.97940449734378,212.20588261344366,212.35363249443412,50203800
1924,2017-08-24,212.0581512451172,213.09240050234038,211.8495561386653,212.93596411886358,50741700
1925,2017-08-25,212.55352783203125,213.46611310809237,212.40577795104076,212.84902759401217,64445900
1926,2017-08-28,212.56219482421875,213.1097352960207,212.14500471202982,213.08366257173552,40565600
1927,2017-08-29,212.8056182861328,213.06634561376057,211.13688381841158,211.24987450159514,51135700
1928,2017-08-30,213.81378173828125,214.08322206327634,212.60569656795954,212.7882189478831,62030800
1929,2017-08-31,215.10006713867188,215.34342143536554,213.84852317749608,214.430836191857,103803900
1930,2017-09-01,215.404296875,215.83017361111806,215.25654696944488,215.47382858264075,62007000
1931,2017-09-05,213.85719299316406,215.12612309426453,212.8924623701218,214.9001417922281,91398800
1932,2017-09-06,214.58734130859375,214.91761364355867,214.00502810766318,214.53519583714007,57916900
1933,2017-09-07,214.56121826171875,214.9088767595875,214.15272781535776,214.89149051924016,58034700
1934,2017-09-08,214.30917358398438,214.76980948125174,214.06581927077957,214.27440110391774,63832800
1935,2017-09-11,216.59495544433594,216.67317362286178,215.56069310000328,215.5780660762442,71364800
1936,2017-09-12,217.32501220703125,217.35977142035233,216.777458449076,216.95998078899893,56896000
1937,2017-09-13,217.42933654785156,217.46410902833395,216.9252416753817,217.03823234422606,59228000
1938,2017-09-14,217.35975646972656,217.55966503346653,216.93389314222105,217.10771572049754,95446300
1939,2017-09-15,217.65243530273438,217.73977127387886,217.11090696769054,217.21571546411664,95432400
1940,2017-09-18,218.11529541015625,218.4646658509198,217.73097992873957,218.01921653980207,46235200
1941,2017-09-19,218.3336944580078,218.42104374769173,218.01052607591205,218.35989657938688,47108100
1942,2017-09-20,218.41236877441406,218.52592022080512,217.41664786932944,218.4211117026808,59574100
1943,2017-09-21,217.8271026611328,218.34242882969582,217.65241740557613,218.25509286573282,48211400
1944,2017-09-22,217.87078857421875,218.03674424025084,217.50394552028905,217.53014764359605,51214000
1945,2017-09-25,217.42532348632812,217.96686512666057,216.68290778788798,217.61748127360232,57064400
1946,2017-09-26,217.5563507080078,218.0978790288707,217.32051826959304,217.85331699185963,54082000
1947,2017-09-27,218.403564453125,218.78787999161077,217.37289884285593,218.25508132737005,81001400
1948,2017-09-28,218.6655731201172,218.744179472519,218.03669564564598,218.12403159466072,44778800
1949,2017-09-29,219.43426513671875,219.51288484339028,218.47348940621455,218.65690429063795,85578000
1950,2017-10-02,220.38629150390625,220.38629150390625,219.48663643311738,219.66133501937134,59023000
1951,2017-10-03,220.85791015625,220.88411227476126,220.30763901225592,220.3862586954186,66810200
1952,2017-10-04,221.11996459960938,221.36452661284386,220.59589552688965,220.70944693575927,55953600
1953,2017-10-05,222.4301300048828,222.447589200853,221.15490233464226,221.45186859770155,63522800
1954,2017-10-06,222.17684936523438,222.46508606184125,221.72267032297378,221.98469156749644,80646000
1955,2017-10-09,221.8099822998047,222.46506199550856,221.54794775599703,222.4039281542774,35803100
1956,2017-10-10,222.3951873779297,222.7707733374642,221.83618656529862,222.3777281817695,43057400
1957,2017-10-11,222.74459838867188,222.74459838867188,222.13319325771235,222.29913560726172,47674300
1958,2017-10-12,222.41259765625,222.7794405874073,222.1767652977821,222.4300701751509,47065100
1959,2017-10-13,222.68341064453125,222.96291769784074,222.41264651640637,222.84936629148,54800400
1960,2017-10-16,222.9803924560547,223.1725502367093,222.56988810025342,222.91052901548102,38221700
1961,2017-10-17,223.13760375976562,223.18127840295898,222.70961358067885,222.9279734690156,31561000
1962,2017-10-18,223.35597229003906,223.55685966334508,223.1638145146575,223.51318501846194,40888300
1963,2017-10-19,223.4170684814453,223.4520135225152,222.1593268831205,222.5785740825621,61903800
1964,2017-10-20,224.57000732421875,224.59623609713063,223.3996149711692,224.2119206013549,89176400
1965,2017-10-23,223.6966094970703,224.9194462959128,223.61800312947534,224.89324417338113,63915300
1966,2017-10-24,224.08969116210938,224.32551028927895,223.73157768030504,224.1246362141857,66935900
1967,2017-10-25,222.9803924560547,223.87130459112328,221.85366122188066,223.75775317683716,103715300
1968,2017-10-26,223.26861572265625,223.86254822529017,223.1463347175475,223.59179742215292,69798000
1969,2017-10-27,225.0941619873047,225.25140140832485,223.27741894298006,224.0111051717612,85562500
1970,2017-10-30,224.25559997558594,224.99802890928333,223.95863373315882,224.01103797268954,54285700
1971,2017-10-31,224.6049346923828,224.85823957995217,224.30796849724337,224.63113680797585,60304800
1972,2017-11-01,224.90196228027344,225.7229976666513,224.5351325618353,225.38237007095873,54202700
1973,2017-11-02,224.9893341064453,225.12908766017168,223.76652383042074,224.83212135422747,56449500
1974,2017-11-03,225.74046325683594,225.7841245724056,224.73598644613577,225.14650410247782,59589700
1975,2017-11-06,226.08981323242188,226.22082382250312,225.53954209882326,225.60940552844747,49652600
1976,2017-11-07,225.9326171875,226.5265496765108,225.4260073281454,226.1946383869873,57502200
1977,2017-11-08,226.31695556640625,226.41304779741046,225.47846088937456,225.75796800014018,50469600
1978,2017-11-09,225.49591064453125,225.68806842051265,223.91496046403017,225.11159509256848,95085500
1979,2017-11-10,225.42599487304688,225.60069343322567,224.79711737376437,225.11156945103457,59984700
1980,2017-11-13,225.6356201171875,225.8627229227184,224.7097763557661,224.7447214001383,50228600
1981,2017-11-14,225.11160278320312,225.2164112727262,224.0547216515681,224.83209570763378,61315200
1982,2017-11-15,223.98486328125,224.66614513383567,223.27737930569037,224.14207601909382,80811500
1983,2017-11-16,225.88894653320312,226.2558028958665,224.8844963178253,224.9281576360003,67777000
1984,2017-11-17,225.22509765625,225.86271808991955,225.14649129953867,225.53954973835357,75756800
1985,2017-11-20,225.60943603515625,225.80159381167795,225.22512048211286,225.4697091570141,48075500
1986,2017-11-21,227.08551025390625,227.26895172710366,225.5744770902016,226.37802644373392,69176800
1987,2017-11-22,226.88465881347656,227.22528636639564,226.71870317183996,227.09427576911906,45033400
1988,2017-11-24,227.40872192382812,227.5135570664607,227.23404999662972,227.3738035315452,27856500
1989,2017-11-27,227.29513549804688,227.74931437185194,227.0942348482512,227.45234818645008,52274900
1990,2017-11-28,229.6011199951172,229.62732212336684,227.66208253883872,227.75817477926603,98971700
1991,2017-11-29,229.4613494873047,230.26492578642106,229.01591333994227,229.7321136776528,77512100
1992,2017-11-30,231.47021484375,232.37857274930585,230.2998090900364,230.37841544790612,127894400
1993,2017-12-01,230.98974609375,231.73217481784138,227.75803672895756,231.2517938726802,164390900
1994,2017-12-04,230.7103729248047,233.03369904773825,230.65794202046783,232.60572212855533,94040600
1995,2017-12-05,229.8805694580078,231.59250360309943,229.74955884962907,229.8805694580078,77994500
1996,2017-12-06,229.92428588867188,230.3522895189833,229.46136385793025,229.9766901445847,75898600
1997,2017-12-07,230.64918518066406,230.9636106197974,229.66219423795215,230.64918518066406,77218600
1998,2017-12-08,231.90695190429688,231.91566817453804,230.61425172727832,231.60124271960038,76563900
1999,2017-12-11,232.6056671142578,232.6668142754687,231.88072407003264,232.6056671142578,83077500
2000,2017-12-12,233.01625061035156,233.4879155290524,232.64067792289777,233.39182329780536,85195800
2001,2017-12-13,232.98995971679688,233.69744349766833,232.9026104458333,233.26072379810546,102905400
2002,2017-12-14,232.03793334960938,233.40049679362306,231.98552911370558,233.28694539741238,100666700
2003,2017-12-15,233.9702606201172,234.43554878182445,232.9870121871894,233.03968429670263,144610300
2004,2017-12-18,235.45388793945312,235.80504421757664,235.26074796775922,235.36609217204557,83653600
2005,2017-12-19,234.54962158203125,235.74355815250783,234.479374259354,235.6996736694623,82382900
2006,2017-12-20,234.42672729492188,235.56799189149214,234.1282431203036,235.5153197895893,76751500
2007,2017-12-21,234.90960693359375,235.6207340227915,234.66379481577025,235.05007482828026,67032300
2008,2017-12-22,234.84811401367188,234.96224582342296,234.3125786274947,234.92712216084462,78720900
2009,2017-12-26,234.5672149658203,234.78669100611233,234.3038544340734,234.44429552333253,45244400
2010,2017-12-27,234.6813507080078,235.0412946350718,234.40920255682684,234.7340228152358,57751000
2011,2017-12-28,235.1642303466797,235.20814163841598,234.795525528574,235.18180557997988,45116100
2012,2017-12-29,234.2774658203125,235.76112583281383,234.08435264594527,235.74357739646385,96007400
2013,2018-01-02,235.95431518554688,235.98943885710432,234.75159065194177,235.13787066453907,86655700
2014,2018-01-03,237.4467315673828,237.59598705803205,236.12108775526218,236.12108775526218,90070400
2015,2018-01-04,238.44754028320312,238.9304036547057,237.50820317682505,238.08762314772258,80636400
2016,2018-01-05,240.0365447998047,240.15943743914386,238.7460247334587,239.23764887382802,83524000
2017,2018-01-08,240.4755096435547,240.63352595605033,239.65027762295614,239.93997419586478,57319200
2018,2018-01-09,241.019775390625,241.64307973864751,240.61592025449383,240.89685596880133,57254000
2019,2018-01-10,240.65106201171875,240.9144493105008,239.59759319110952,240.2647820733768,69574300
2020,2018-01-11,242.40692138671875,242.40692138671875,241.03739287651788,241.2041968302037,62361500
2021,2018-01-12,243.98716735839844,244.15394452208946,242.37179991942867,242.67031094880144,90816100
2022,2018-01-16,243.15310668945312,245.89216327412473,242.45955492874856,245.24252279459583,106555100
2023,2018-01-17,245.47084045410156,245.85712053976462,243.15318673163975,244.08376326759623,113258800
2024,2018-01-18,245.0581817626953,245.77804281728476,244.56653078153596,245.35666596416098,100728000
2025,2018-01-19,246.1730194091797,246.17301940917966,245.05809117541804,245.63748413428692,140920100
2026,2018-01-22,248.1746826171875,248.1746826171875,245.9096753056834,245.96237419359392,91322400
2027,2018-01-23,248.70156860351562,248.99126529476885,247.89388469052102,248.21870506273538,97084700
2028,2018-01-24,248.6048126220703,249.93924365717857,247.42842464583018,249.342248661288,134816100
2029,2018-01-25,248.7102508544922,249.56181900601126,247.92014242735834,249.46526240327177,84587300
2030,2018-01-26,251.5896759033203,251.63358717113158,249.2895720813974,249.54417170190402,107743100
2031,2018-01-29,249.9217071533203,251.45803917092164,249.7636908614709,251.01908716589267,90118300
2032,2018-01-30,247.35829162597656,249.97442894951632,246.88421586467027,248.0957279260588,131796400
2033,2018-01-31,247.4811248779297,248.71018508305838,246.4100809581383,248.20980017949023,108364800
2034,2018-02-01,247.2002716064453,248.49957956598647,246.4101631247902,246.75255864869757,90102500
2035,2018-02-02,241.81869506835938,246.01507559481632,241.78357140273644,245.88336854660707,173174800
2036,2018-02-05,231.7052459716797,242.1698756837403,231.1609496616137,240.06291099027115,294681800
2037,2018-02-06,236.27027893066406,236.77069057946676,227.11374775969838,228.20234001337388,355026800
2038,2018-02-07,234.98867797851562,239.1060248864623,234.90964300751438,235.71732682811594,167376100
2039,2018-02-08,226.1744384765625,235.4275552292879,226.1393148107997,235.2870873577438,246449500
2040,2018-02-09,229.5718994140625,231.42426402168795,222.03948137455444,228.95735588832179,283565300
2041,2018-02-12,232.943115234375,234.40922715006334,229.71243395839974,231.61747121653497,143736000
2042,2018-02-13,233.52249145507812,234.06678771243006,231.16092727411035,231.74034719721283,81223600
2043,2018-02-14,236.67425537109375,237.0341994073982,232.03013336996838,232.03892098767645,120735700
2044,2018-02-15,239.69418334960938,239.70297096491808,235.95430287347807,238.41245071551432,111200300
2045,2018-02-16,239.76443481445312,241.70462264214956,239.02699840420507,239.07090969490068,160420100
2046,2018-02-20,238.26318359375,240.25604318291386,237.47307520829037,238.8162675010244,86369700
2047,2018-02-21,237.07806396484375,241.17788915345244,236.98150734424902,238.70219240465272,98883700
2048,2018-02-22,237.38526916503906,239.711709729396,236.7180802507282,237.99981276687265,110511300
2049,2018-02-23,241.16905212402344,241.16905212402344,238.13151113340072,238.60558689681895,92766400
2050,2018-02-26,243.96949768066406,244.0660810448981,241.65184522857155,242.24002586058097,86491400
2051,2018-02-27,240.92323303222656,244.8650409424878,240.86177331085185,244.15391392223984,99099200
2052,2018-02-28,238.4827117919922,242.46840505051796,238.16667908529266,242.02066525784565,121907800
2053,2018-03-01,235.01492309570312,239.81705928396283,233.52247550556922,238.27193959455408,176855100
2054,2018-03-02,236.22645568847656,236.78832724910447,232.48660193015064,233.34693091903503,139083200
2055,2018-03-05,238.95684814453125,239.5713920629505,234.93603019228945,235.04140124604928,97307400
2056,2018-03-06,239.56243896484375,240.01017856159976,238.06999150332558,239.93114362799335,79213200
2057,2018-03-07,239.4747314453125,239.8258878034363,237.20975016262793,237.40289017832296,87063500
2058,2018-03-08,240.6334686279297,240.75636124453487,239.15859647965954,240.15060539944153,66901200
2059,2018-03-09,244.82107543945312,244.82107543945312,241.72207550192218,242.0381348622031,113625300
2060,2018-03-12,244.51388549804688,245.7341852826055,244.12760547930253,245.11088075797747,71924800
2061,2018-03-13,242.93360900878906,246.1730770862234,242.32785307291076,245.6726653493665,91968900
2062,2018-03-14,241.68698120117188,244.07488135752644,241.13392413862624,243.89052900334457,105895100
2063,2018-03-15,241.42364501953125,242.83705786317586,240.92323321625588,242.19620497023516,83433000
2064,2018-03-16,241.68544006347656,242.73433229879393,241.63255700109175,241.9498553754007,100343700
2065,2018-03-19,238.4153289794922,241.86168501139227,236.7670775944114,240.93620460870457,109208400
2066,2018-03-20,238.8208465576172,239.45547026421977,238.14213569570916,238.8120237467934,59757300
2067,2018-03-21,238.3624725341797,240.86570282453886,238.150940281105,238.77674112899192,78709600
2068,2018-03-22,232.40414428710938,236.9875145351532,232.13087919787523,236.14135842608349,148785900
2069,2018-03-23,227.45050048828125,233.17093659771976,227.25658694391362,232.84481538646813,183534800
2070,2018-03-26,233.67330932617188,233.955370261597,228.6492300456166,231.04669419910772,141956100
2071,2018-03-27,229.69818115234375,235.1365304194615,228.1468725088058,234.60769965354467,129941400
2072,2018-03-28,229.01937866210938,231.49619395397707,227.91760350865525,229.83029701052686,146452300
2073,2018-03-29,231.9457550048828,233.80556589293712,229.02825585763088,230.15647280673,111601600
2074,2018-04-02,226.93927001953125,231.9281118003099,224.47129066036044,231.41687299833714,186286300
2075,2018-04-03,229.84793090820312,230.32390533759397,226.38395605270182,228.1732379441203,119956900
2076,2018-04-04,232.3070831298828,233.01220846166905,226.17240666715955,226.30461430451857,123715300
2077,2018-04-05,234.1405029296875,235.0219232354331,232.9770216703882,234.0611514312149,82652600
2078,2018-04-06,228.92245483398438,233.67329571244264,227.40641101791257,232.18372032516052,179521200
2079,2018-04-09,230.05068969726562,233.43534029483922,229.11638636610888,230.37681089226027,105442900
2080,2018-04-10,233.70858764648438,234.49306462652993,231.79592065488106,232.93293347707709,103529000
2081,2018-04-11,232.4834442138672,234.14051880483157,232.1573229824398,232.22782477620186,91140200
2082,2018-04-12,234.3960723876953,235.33919847775888,233.62924110095946,233.80553590428718,68890500
2083,2018-04-13,233.70858764648438,235.81519507925242,232.703782489798,235.7006061362064,85079200
2084,2018-04-16,235.6300506591797,236.39690882957498,234.51947949635002,235.33919382812687,63405300
2085,2018-04-17,238.1509246826172,238.75028395961277,236.88167744967973,237.3928893273972,64682000
2086,2018-04-18,238.32717895507812,239.12924752533578,237.86882331629653,238.59159420914054,57303900
2087,2018-04-19,237.0050811767578,237.8776785328516,235.97380774780348,237.67494221124622,77655900
2088,2018-04-20,234.99545288085938,237.15494337179408,234.11403258232485,236.93458829716045,99953100
2089,2018-04-23,234.96017456054688,236.12365560791923,233.88484090745573,235.56835661263662,65558000
2090,2018-04-24,231.7958984375,236.2029995241592,230.2974733085117,235.98264446982625,112885500
2091,2018-04-25,232.3688201904297,232.80953030666575,229.91847302010967,231.73419654709733,103840900
2092,2018-04-26,234.7310028076172,235.5595399175105,232.9505437516809,233.3912538357174,67731900
2093,2018-04-27,234.9513702392578,235.6388769306565,234.0170669637368,235.3391972855658,57053600
2094,2018-04-30,233.1444549560547,236.1236593984513,233.07392627997427,235.56836039425437,82182300
2095,2018-05-01,233.55873107910156,233.66449719784265,231.02903254476593,232.5803406831274,74203400
2096,2018-05-02,231.9897918701172,234.17569660455436,231.60196485617357,233.36480513816895,86368900
2097,2018-05-03,231.4785614013672,232.13080372140743,228.3318849297842,231.16126305069108,136311500
2098,2018-05-04,234.4754180908203,235.15412893581123,230.18290554153174,230.50902674812139,91222100
2099,2018-05-07,235.26864624023438,236.23818675417897,234.55467126904276,235.2422047152869,55304900
2100,2018-05-08,235.26864624023438,235.63000478158196,233.70851557191827,234.89843799216482,67499200
2101,2018-05-09,237.54269409179688,237.86881519360588,235.41846862734954,235.93850320845098,59666100
2102,2018-05-10,239.7639923095703,240.09014048629064,238.17744618509053,238.28321234021334,72063900
2103,2018-05-11,240.49554443359375,240.75995977528183,239.3761233898816,239.8873622488972,59871500
2104,2018-05-14,240.61004638671875,241.579586888239,240.06354338013276,240.92734468202264,54790600
2105,2018-05-15,238.95301818847656,239.40252419286875,238.00989213222624,239.3849054726918,87036100
2106,2018-05-16,239.9578094482422,240.4161651346409,238.96180038979318,238.98826881675424,53942600
2107,2018-05-17,239.7551727294922,240.8305066984586,238.9795184700651,239.69346684548864,56536400
2108,2018-05-18,239.15573120117188,239.77273610113608,238.8031685006823,239.41135059102103,64368000
2109,2018-05-21,240.95382690429688,241.49150719389405,240.2487015297659,240.6365285554006,58025900
2110,2018-05-22,240.2838897705078,241.72943146076898,239.95776867909123,241.47381213284655,52966400
2111,2018-05-23,240.9449920654297,240.97146049199173,238.8560306763974,239.0147067417322,64694200
2112,2018-05-24,240.4514617919922,240.82167017612028,238.67100236063115,240.5484320183078,76043800
2113,2018-05-25,239.87843322753906,240.50423385832602,239.37601740197113,239.87843322753906,56374800
2114,2018-05-29,237.11964416503906,239.0147190473101,236.00907304336295,238.25668371463993,115908600
2115,2018-05-30,240.2838897705078,240.72459976405523,238.3536047456691,238.4241065091632,69678400
2116,2018-05-31,238.81198120117188,240.17817169479065,238.21262194583,239.8784920671197,93519900
2117,2018-06-01,241.15655517578125,241.45623479489305,240.03713438510212,240.10766305948604,71258400
2118,2018-06-04,242.3024444580078,242.55806388655805,241.73834943158178,241.97632323820955,45385200
2119,2018-06-05,242.47874450683594,242.85774880293667,241.66782594654146,242.4346573498942,51135000
2120,2018-06-06,244.5059814453125,244.61174757560133,242.46990274081546,243.0869076992501,62732200
2121,2018-06-07,244.47952270507812,245.2816183350628,243.57166095224892,244.99076149724047,72969400
2122,2018-06-08,245.2022705078125,245.2551535642236,243.85369877171357,244.02117074995135,72139700
2123,2018-06-11,245.52838134765625,246.2423294780415,245.30802632225817,245.42261523927425,58892500
2124,2018-06-12,245.845703125,246.20706169063683,245.2022567762879,245.94264642338882,72329000
2125,2018-06-13,245.061279296875,246.33934946200577,244.85854294896512,246.08373004921717,79070600
2126,2018-06-14,245.67828369140625,246.2071143389862,245.08772026985903,245.9250802932143,77097600
2127,2018-06-15,245.36483764648438,245.7012856482646,243.78886570624715,244.8955883333687,120041600
2128,2018-06-18,244.8601837158203,244.98414962861307,243.43473783628795,243.91282259238102,52917600
2129,2018-06-19,243.92166137695312,244.1430058972589,242.1774654761599,242.59359425511855,97531500
2130,2018-06-20,244.33778381347656,245.0018173571571,244.00133582821002,244.60338642311115,53785500
2131,2018-06-21,242.80606079101562,244.34663692695875,242.31025125886632,244.32891207392933,71061400
2132,2018-06-22,243.2487335205078,244.17839659575208,243.02738902920078,244.06329313713783,54898500
2133,2018-06-25,239.9374237060547,242.2571096047278,238.25521101018867,242.09774805892368,137854200
2134,2018-06-26,240.46871948242188,241.31867497111477,239.7515653170251,240.50414217516678,68547400
2135,2018-06-27,238.47657775878906,242.47847672690543,238.32605160508425,241.05303106816336,105110700
2136,2018-06-28,239.84005737304688,240.60146947724132,237.71512857523751,238.423447181038,76650500
2137,2018-06-29,240.18533325195312,242.2925371316784,240.07022979337452,240.9290475001636,97592500
2138,2018-07-02,240.69888305664062,240.85827165334734,238.3791967022646,238.61826608752668,63554800
2139,2018-07-03,239.84890747070312,241.69050893899274,239.42394330078528,241.59310330365744,42187100
2140,2018-07-05,241.8055877685547,241.86757071714234,239.9020303531457,240.97335725440993,56925900
2141,2018-07-06,243.8508758544922,244.22271956770294,241.4514814771822,241.83221463826726,66493700
2142,2018-07-09,246.04656982421875,246.09969034891844,244.8070458819004,244.85130397928495,50550400
2143,2018-07-10,246.9319305419922,247.02933617681353,246.20591406275534,246.49810394762574,51966800
2144,2018-07-11,245.1257781982422,246.1705449354682,244.82475287381996,245.38254542362452,77054700
2145,2018-07-12,247.34814453125,247.40126507051315,245.78103458378126,246.38308537516556,60124700
2146,2018-07-13,247.5428466796875,247.84387197545811,246.71945157482142,247.17100302827427,48216000
2147,2018-07-16,247.3214874267578,247.72875374151752,246.87879842649093,247.58711703867334,48201000
2148,2018-07-17,248.322021484375,248.71159004868673,246.49814457855098,246.5512651082664,52315500
2149,2018-07-18,248.84437561035156,248.95061666305273,247.95899747838,248.4016865443658,44593500
2150,2018-07-19,247.90586853027344,248.56103967940436,247.42775678976406,248.18033358029288,61412100
2151,2018-07-20,247.6225128173828,248.3308314298879,247.4631512619163,247.70219359511609,82337700
2152,2018-07-23,248.08299255371094,248.2866122554626,247.0736483951872,247.41895887666095,47047600
2153,2018-07-24,249.33132934570312,250.17244940108057,248.46367604604748,249.49071794855155,68026900
2154,2018-07-25,251.45620727539062,251.7749303769225,249.03911567707434,249.0833737679788,78882900
2155,2018-07-26,250.86302185058594,251.54475324487566,250.6416773306691,250.73908296962176,57919500
2156,2018-07-27,249.16314697265625,251.28804926613427,248.24234607162958,251.1906436131456,76768700
2157,2018-07-30,247.86163330078125,249.4021826939374,247.3392363952235,249.24282110559668,63742500
2158,2018-07-31,249.08346557617188,249.69437876553906,248.24237240183263,248.62307858662624,68570500
2159,2018-08-01,248.66729736328125,249.79174492044822,248.0209885982045,249.28707288390544,53853300
2160,2018-08-02,250.0220489501953,250.19024600807515,247.16226665251457,247.36591343568574,63426400
2161,2018-08-03,251.09323120117188,251.14635172489284,249.96878373668994,250.14587016215646,53935400
2162,2018-08-06,252.01394653320312,252.32380714331907,250.73900035697957,251.1285687452471,39400900
2163,2018-08-07,252.84622192382812,253.22695497548762,252.5451966645464,252.67802497211565,43196600
2164,2018-08-08,252.7400665283203,253.13849754684549,252.27967956747327,252.67811058599844,42114600
2165,2018-08-09,252.394775390625,253.19161038385442,252.2619740616866,252.80204180590246,35717000
2166,2018-08-10,250.70367431640625,251.50050922879808,249.99535560126085,250.9604415393712,77076000
2167,2018-08-13,249.76513671875,251.589013219035,249.47294685068562,250.9781002435462,65732900
2168,2018-08-14,251.3587188720703,251.59778813908193,250.101497692815,250.49106603501366,43842000
2169,2018-08-15,249.48187255859375,250.1547686488498,248.04756417218385,250.0131048919749,102925400
2170,2018-08-16,251.50047302246094,252.36815319125307,250.88069761338195,250.91612029893878,69967900
2171,2018-08-17,252.38595581054688,252.828644995231,250.88966420474623,251.29693068916663,65618500
2172,2018-08-20,252.92596435546875,253.19156696780135,252.38586968426674,252.83742114482646,39807500
2173,2018-08-21,253.51918029785156,254.37799819792022,252.96138773126302,253.43949950542424,67272000
2174,2018-08-22,253.36868286132812,253.891052739408,252.8462859636508,253.1119156264762,44993300
2175,2018-08-23,253.03216552734375,254.05034474029873,252.71341542317927,253.19152706963095,49204900
2176,2018-08-24,254.55506896972656,254.69673270963204,253.5545873826161,253.60770790763118,57487400
2177,2018-08-27,256.5648498535156,256.67109089621715,255.59092859609513,255.75029016014744,57072400
2178,2018-08-28,256.6888732910156,257.1315624145711,256.2284593099741,257.0252943284539,46943500
2179,2018-08-29,258.0699768066406,258.3001567022933,256.6622290964166,256.9012714179143,61485500
2180,2018-08-30,257.0252685546875,257.96376724094705,256.4320803195823,257.5919235454238,61229500
2181,2018-08-31,257.03411865234375,257.4768077102713,256.13104270122597,256.617989857108,66140800
2182,2018-09-04,256.5914306640625,256.94557650796173,255.59094906584016,256.61799092686505,57594400
2183,2018-09-05,255.90078735351562,256.4408819522442,254.89147054249426,256.23723529705296,72452400
2184,2018-09-06,255.130615234375,256.3081564896613,254.10357315973954,256.0071311087581,65909900
2185,2018-09-07,254.63479614257812,255.6087176445946,253.84679651198275,254.08586593769624,73524800
2186,2018-09-10,255.07745361328125,255.90971124627146,254.88266933705808,255.64408158618681,50210900
2187,2018-09-11,255.91851806640625,256.36120709749815,254.08580601257725,254.43108940663996,50530500
2188,2018-09-12,255.98045349121094,256.5825039770192,255.19248121234787,255.92733297890956,59810800
2189,2018-09-13,257.49444580078125,257.6803946160753,256.7595940237465,257.0429214397845,51034200
2190,2018-09-14,257.5387878417969,257.8840712530081,256.75965078524433,257.69814941620206,55079900
2191,2018-09-17,256.17529296875,257.52105793665976,255.90082792279205,257.48566226721647,68244000
2192,2018-09-18,257.5653991699219,258.1585874876803,256.3612706566257,256.3878309242925,61930400
2193,2018-09-19,257.8398132324219,258.2559420232231,257.4945028015122,257.6184687058169,49080600
2194,2018-09-20,259.9292297363281,260.24797982774675,257.8574487106688,259.0969993755768,100360600
2195,2018-09-21,259.6917724609375,260.78572685618775,259.5316895177993,260.67010234995365,105479700
2196,2018-09-24,258.8291015625,259.25601660965026,258.2510060962114,259.1137115939335,53409600
2197,2018-09-25,258.58892822265625,259.3893700355499,258.34880382135856,259.2826480794176,44370000
2198,2018-09-26,257.8152160644531,259.91415398039527,257.3972035619519,258.7312825518188,79739700
2199,2018-09-27,258.53564453125,259.62069664612955,258.0109099954677,258.2866175118633,59249500
2200,2018-09-28,258.56231689453125,259.060370917637,257.877499398238,257.9130552985251,70091400
2201,2018-10-01,259.460693359375,260.5279407094553,258.7936535873556,259.7986373779872,62078900
2202,2018-10-02,259.3094177246094,260.0209157713873,258.9358907497197,259.3094177246094,47258200
2203,2018-10-03,259.4517822265625,260.77695917771814,259.09603312163875,260.3589465154056,64694600
2204,2018-10-04,257.4238586425781,259.02474241561276,255.84075281656695,258.9713814326385,111545900
2205,2018-10-05,255.9832000732422,258.1621804673348,254.56017640535217,257.6463482979581,105951700
2206,2018-10-08,255.9832000732422,256.338949204735,253.91981711189757,255.2983551746517,87742200
2207,2018-10-09,255.60946655273438,256.9079621857527,255.0491491712409,255.60059115146774,74339000
2208,2018-10-10,247.51612854003906,255.17375659636278,247.14260159596967,255.10259051241061,214731000
2209,2018-10-11,242.06427001953125,248.04982217091188,240.45445592041213,246.431132665706,274840500
2210,2018-10-12,245.42613220214844,246.44001835410387,242.2421144137428,246.15540825667637,183186500
2211,2018-10-15,244.04759216308594,246.3955849931058,243.95864810584297,245.07038096659127,102263700
2212,2018-10-16,249.38377380371094,249.75732778351343,245.53274521806253,246.0041186081105,118255800
2213,2018-10-17,249.4283447265625,250.05089871671996,246.85800584754992,249.41944218007552,110626000
2214,2018-10-18,245.82632446289062,249.090383549691,244.5545087926348,248.49448289152238,134557500
2215,2018-10-19,245.69293212890625,248.4055491200804,244.99921199445404,246.47559630970608,139901600
2216,2018-10-22,244.59005737304688,246.6800928007739,244.05642033413275,246.3599268625698,82415800
2217,2018-10-23,243.34495544433594,244.4655907891369,238.89802425628625,240.9792119371778,146352700
2218,2018-10-24,235.97193908691406,243.47836034056346,235.42052401836114,243.09590366941856,177806700
2219,2018-10-25,240.20538330078125,241.7440310079275,236.78126856701027,237.8040571423669,138061500
2220,2018-10-26,235.98081970214844,241.0236512105069,233.27710529716651,236.50558142545964,201574600
2221,2018-10-29,234.67340087890625,240.35659102695715,231.10698111147096,239.06697033859635,160749100
2222,2018-10-30,238.15090942382812,238.46219999139012,234.01526943167627,234.50444807839088,157116000
2223,2018-10-31,240.69459533691406,243.0070049207301,240.24099968255143,240.71237329009787,128296300
2224,2018-11-01,243.2559814453125,243.45164745734314,240.4721988322022,241.55725087311626,99495000
2225,2018-11-02,241.81521606445312,244.78576258174922,239.76961161135745,244.35884745387176,122634100
2226,2018-11-05,243.1492462158203,243.70066118097728,241.33489121602472,242.3043186776565,65622500
2227,2018-11-06,244.6878662109375,244.84794917310734,243.02471877283662,243.08698230542691,60085900
2228,2018-11-07,249.9263916015625,250.00643309191767,246.43108367126504,246.85799876173513,102752100
2229,2018-11-08,249.4728546142578,250.1132138294256,248.33444124750574,249.12598093266396,65584900
2230,2018-11-09,247.03587341308594,248.35214737217913,245.63062828033082,248.1653839048309,98812600
2231,2018-11-12,242.41998291015625,246.76906695308182,241.90412375753766,246.52894247011767,99673600
2232,2018-11-13,241.96633911132812,244.8746213934451,241.24593866399726,242.88240555311336,98176600
2233,2018-11-14,240.3121337890625,244.23430258416514,238.75570812240255,243.8340951264555,125335900
2234,2018-11-15,242.82020568847656,243.28270387403552,237.47501319005792,239.04921696143316,135101400
2235,2018-11-16,243.45172119140625,244.35888544453283,241.21045034898697,241.72630960144556,126668000
2236,2018-11-19,239.3337860107422,243.1403571320243,238.41771948586543,242.84684454276717,103061700
2237,2018-11-20,234.9045867919922,237.4660223874147,234.04188143022697,236.0074165626149,136021300
2238,2018-11-21,235.70506286621094,237.59945934806558,235.6961874628989,236.4521438330722,75563700
2239,2018-11-23,234.13087463378906,235.527217228284,233.97079166091788,234.06861109703652,42807900
2240,2018-11-26,237.91073608398438,238.13308256630586,235.9896592196982,236.3809911999364,79981400
2241,2018-11-27,238.711181640625,238.711181640625,236.27427284254324,236.87904876964447,75502400
2242,2018-11-28,244.2075653076172,244.2075653076172,238.64890350481713,239.77844095396424,127629600
2243,2018-11-29,243.67401123046875,245.07032676690406,242.29544650287454,243.43385961483304,82346400
2244,2018-11-30,245.15919494628906,245.71951235351727,243.20256243467927,243.52272830058044,98204200
2245,2018-12-03,248.40553283691406,249.3838629987836,246.81355122186906,249.277141006927,103176300
2246,2018-12-04,240.35659790039062,248.00532392800807,240.04530733134203,247.57840882114908,177986000
2247,2018-12-06,239.99192810058594,240.1075526296109,233.41047676923458,236.5055499894933,204185400
2248,2018-12-07,234.4154815673828,241.2192792431404,233.57945653094646,239.65395115076464,161018900
2249,2018-12-10,234.86013793945312,235.8295653002673,230.01297399347905,234.23755696114154,151445900
2250,2018-12-11,234.9135284423828,238.23982339583532,233.44604697126593,238.05305993563306,121504400
2251,2018-12-12,236.096435546875,239.24487006116965,236.01639405183923,237.8841103617398,97976700
2252,2018-12-13,236.01637268066406,237.90186677142725,234.90464011376045,237.03916121383372,96662700
2253,2018-12-14,231.65835571289062,234.82456747202116,231.10694077556747,233.87291800694808,116961100
2254,2018-12-17,227.11358642578125,231.81843191650148,225.48600858264535,230.70669952946483,165492300
2255,2018-12-18,226.86459350585938,229.41714067784332,225.26369591406458,228.75010114550832,134515100
2256,2018-12-19,223.46713256835938,230.70673442492728,221.76841553795205,226.94463525802686,214992800
2257,2018-12-20,219.8295440673828,223.7873091985889,217.58828746517864,222.22199466662704,252053400
2258,2018-12-21,215.32534790039062,223.38552036390047,214.68124937399995,220.72861735508985,255345600
2259,2018-12-24,209.6358184814453,215.45058694361018,209.57320499611265,213.84034063943142,147311600
2260,2018-12-26,220.22764587402344,220.22764587402344,209.11696653417636,211.09399387368785,218485400
2261,2018-12-27,221.91839599609375,222.1151909748024,213.76877426318353,216.998207573705,186267300
2262,2018-12-28,221.63217163085938,224.8973828264889,220.4692150234413,223.26925449626845,153100200
2263,2018-12-31,223.57337951660156,223.81491988199966,221.38166176077164,223.2513302461389,144299400
2264,2019-01-02,223.8059539794922,224.72738367473102,220.02188548142522,220.0487217817502,126925200
2265,2019-01-03,218.46531677246094,222.36568485027112,217.9822360854176,222.06151737501295,144140700
2266,2019-01-04,225.782958984375,226.42705742914634,221.11325208488387,221.48897390263343,142628800
2267,2019-01-07,227.56317138671875,228.96765431227632,225.15674999016903,226.05132962307513,103139100
2268,2019-01-08,229.70126342773438,230.18434420172517,227.2232870155942,229.74600880148805,102512600
2269,2019-01-09,230.7747344970703,231.61564162896792,229.18238366653358,230.40795353099523,95006600
2270,2019-01-10,231.58883666992188,231.8393179366992,228.56515239927478,229.24504182356054,96823900
2271,2019-01-11,231.67828369140625,231.7051199930724,229.9338421818793,230.51531358491874,73858100
2272,2019-01-14,230.26478576660156,231.06990195416668,229.37916069032022,229.78170513390126,70908200
2273,2019-01-15,232.90383911132812,233.2169474781809,230.6315989437874,230.64055347725395,85208300
2274,2019-01-16,233.46739196777344,234.35301702855713,233.12744735442945,233.3331831885252,77636700
2275,2019-01-17,235.23867797851562,236.09749417495806,232.5549387905483,232.59968415725848,96118400
2276,2019-01-18,238.3696746826172,238.83487355099425,235.27443688332207,237.0457143351515,127900300
2277,2019-01-22,235.1492156982422,237.11730203256215,233.53898309773086,236.9026116326025,115531200
2278,2019-01-23,235.6412353515625,236.87575967051836,233.181141246526,236.17798861637877,86030300
2279,2019-01-24,235.76649475097656,236.34799345977734,234.451461356412,235.46234089582398,59204100
2280,2019-01-25,237.76136779785156,238.58439305172763,235.8648633915669,237.60927725188202,96883400
2281,2019-01-28,235.954345703125,236.0169455325683,234.19202263725006,235.62335558879,85613700
2282,2019-01-29,235.6412353515625,236.6610419843488,234.8092828063201,236.0974797217171,66136300
2283,2019-01-30,239.37164306640625,240.2125502350187,236.3927044417232,237.15310270700996,92473700
2284,2019-01-31,241.47393798828125,241.95701876265906,239.0943522557528,239.309069989038,104012100
2285,2019-02-01,241.59024047851562,242.6100746470518,240.80300581517082,241.67074939175615,85782500
2286,2019-02-04,243.2899169921875,243.35254413085923,240.96400403080258,241.63493888694768,60744800
2287,2019-02-05,244.3097686767578,244.61392255740444,243.2183801401264,243.71934268476923,79552800
2288,2019-02-06,243.98764038085938,244.52439362076777,243.25410583006848,244.03238574275397,58347800
2289,2019-02-07,241.66175842285156,242.92309169804167,240.006780619395,242.37741121874424,95482000
2290,2019-02-08,241.95700073242188,242.0553914066869,239.59529694515285,240.4183223771915,75788900
2291,2019-02-11,242.0911865234375,242.86946659878197,241.5633877056799,242.61005810727352,68021400
2292,2019-02-12,245.20433044433594,245.58003867487145,243.62986124861985,243.7014429213756,72270200
2293,2019-02-13,246.00042724609375,246.84133422602136,245.61576458304654,246.03621807301033,65277200
2294,2019-02-14,245.4547882080078,246.581967392561,244.10396409321197,244.9180349153441,83234400
2295,2019-02-15,248.1295623779297,248.16535320937362,247.02029230681626,247.22602816170678,97088700
2296,2019-02-19,248.55892944335938,249.211955032135,247.3244053160837,247.33335984756857,59120800
2297,2019-02-20,249.0599365234375,249.51618090468128,248.0222207996787,248.52318324557527,76610800
2298,2019-02-21,248.17428588867188,248.78259346762562,247.2170791597752,248.42476708591184,64214700
2299,2019-02-22,249.7130126953125,249.90979403836442,248.1564253150696,248.79156931425143,78114600
2300,2019-02-25,250.0528564453125,251.6541614228157,249.97234756493305,251.13531731579243,69030700
2301,2019-02-26,249.8739471435547,250.75061756253376,249.4982117494214,249.70397485816096,56844100
2302,2019-02-27,249.76663208007812,250.1155039234547,248.2279540955296,249.15829721146872,56921600
2303,2019-02-28,249.3014373779297,249.9902811449562,248.9794018248287,249.55191857492036,69268300
2304,2019-03-01,250.85804748535156,251.26954649667508,249.4267145280981,250.87592925092025,78880500
2305,2019-03-04,249.94552612304688,252.15513875053298,247.65540461039754,251.91361209504328,106494600
2306,2019-03-05,249.60562133789062,250.26762888884477,249.05994081793222,250.0708202602486,59114600
2307,2019-03-06,248.09385681152344,249.73095348275567,247.77182111906677,249.72199894671584,75039800
2308,2019-03-07,246.01837158203125,247.78962191252373,245.17746448154068,247.64648588473747,94885100
2309,2019-03-08,245.5264129638672,245.6963853436138,243.7014894661894,244.16666122630866,85795800
2310,2019-03-11,249.0867462158203,249.24776399185794,246.21515334153762,246.2419896375439,65098900
2311,2019-03-12,250.026123046875,250.5449946678334,249.45360611732016,249.64146024884784,79667500
2312,2019-03-13,251.6810302734375,252.6114007343966,250.7506598124784,250.91170489447018,80639200
2313,2019-03-14,251.5199737548828,252.1282812585758,251.08163853904514,251.70782780447044,67518400
2314,2019-03-15,252.76272583007812,253.57138855973614,251.88216612584606,252.07087511860678,81309000
2315,2019-03-18,253.6791534423828,253.97568041420575,252.75367888847163,252.97830890078654,62199800
2316,2019-03-19,253.74209594726562,255.50318784032194,252.8525697345642,254.73946761602602,90268100
2317,2019-03-20,252.97830200195312,254.7304270184905,251.87313992072177,253.52641347579527,84609200
2318,2019-03-21,255.83575439453125,256.24007217117224,252.11586632541486,252.16080880326598,79550400
2319,2019-03-22,250.9117889404297,255.00004525839176,250.8488859396825,254.4789155595248,122659300
2320,2019-03-25,250.72308349609375,251.75637623870716,249.46516070418787,250.5703229974843,85575200
2321,2019-03-26,252.59201049804688,253.54443977770947,251.19032108946183,252.47519847722108,68125900
2322,2019-03-27,251.27110290527344,253.16699429149978,249.7256474675577,252.5829343773154,72224700
2323,2019-03-28,252.22348022460938,252.67274011542622,250.7499220414669,251.9000262651321,56238500
2324,2019-03-29,253.8140106201172,254.1374647488732,252.60999677308874,253.7331470879282,82186800
2325,2019-04-01,256.823974609375,257.12050158234626,255.53909751491526,255.80866998313059,77617900
2326,2019-04-02,256.94976806640625,257.18339204335194,256.1590660711943,257.01267104799234,40070400
2327,2019-04-03,257.3541564941406,258.55817021900583,256.7521359213784,258.16281915464305,68243200
2328,2019-04-04,258.03704833984375,258.2886329223049,256.98579496410593,257.67764571070825,48997500
2329,2019-04-05,259.2860107421875,259.33991976678186,258.4144449503601,258.70197802863925,58621700
2330,2019-04-08,259.483642578125,259.59146060914446,258.2077318961907,258.8636614791043,53566300
2331,2019-04-09,258.15380859375,258.8456592016085,257.60572449284734,258.522205126451,66142300
2332,2019-04-10,259.034423828125,259.12428134186337,258.1538640665501,258.5671757249507,52601500
2333,2019-04-11,258.96240234375,259.5284742454136,258.3963304420864,259.5194802721649,55093100
2334,2019-04-12,260.714599609375,260.9931386511058,259.0074168766403,260.57083310063365,69727800
2335,2019-04-15,260.5438537597656,260.88529575789886,259.7441577724898,260.7864442960236,49596700
2336,2019-04-16,260.714599609375,261.47834719052565,260.12157304356356,261.4244381773299,52153200
2337,2019-04-17,260.07672119140625,261.8557739004012,259.66338209560803,261.8288193872547,58268300
2338,2019-04-18,260.5887451171875,260.8583175536374,259.36677115136985,260.6606420685019,68708500
2339,2019-04-22,260.8133850097656,260.96614547162113,259.73517748497306,259.8250349672025,40160100
2340,2019-04-23,263.1586608886719,263.39228496883817,260.94830836776504,261.18190502726463,52246600
2341,2019-04-24,262.5745849609375,263.41020222021825,262.4308184291265,263.07775411194496,50392900
2342,2019-04-25,262.41278076171875,263.06871029746924,261.22675508512435,262.47568374884355,57770900
2343,2019-04-26,263.6347961425781,263.7066656882998,261.68499538422964,262.4577369591944,50916400
2344,2019-04-29,264.0480651855469,264.56922213553327,263.6347536677554,263.72461115092415,57197700
2345,2019-04-30,264.1828918457031,264.47042488251304,262.29602141570473,263.7066772500253,81111700
2346,2019-05-01,262.1971740722656,265.0185406267152,262.18818009576734,264.8118711118755,71671900
2347,2019-05-02,261.6311340332031,262.9969024366537,260.13958704666095,262.08039418261956,65030200
2348,2019-05-03,264.1918029785156,264.47034195162666,261.73883379978037,263.10460158602905,56543700
2349,2019-05-06,263.1046447753906,263.54491082051743,259.58243415240935,259.89692165063803,107198100
2350,2019-05-07,258.71087646484375,261.29861864665406,256.80601830897126,260.70559211160116,144729900
2351,2019-05-08,258.3514709472656,260.0586535717971,257.7584444190409,258.3514709472656,91568300
2352,2019-05-09,257.56988525390625,258.17187862265826,254.55084216868406,256.2850075426471,103471100
2353,2019-05-10,258.8636169433594,259.61837045130414,253.65218450185358,256.6352774765789,112429300
2354,2019-05-13,252.35841369628906,254.7215266168045,251.52279634725463,253.7601306768394,127290500
2355,2019-05-14,254.64059448242188,256.16808964243916,253.24789927585027,253.37367783289977,77003200
2356,2019-05-15,256.13214111328125,256.77008271546595,252.80760572827901,253.01427522562122,73956400
2357,2019-05-16,258.5042419433594,259.8609886388919,256.76111076781007,256.83298031022184,76749600
2358,2019-05-17,256.8330078125,259.3129323114473,256.1860721788903,256.2040601319123,100353000
2359,2019-05-20,255.13479614257812,256.9408029172049,254.38900909588577,255.23362019273912,62877600
2360,2019-05-21,257.43505859375,257.8124217622232,256.57245936734176,256.8240439532116,46847100
2361,2019-05-22,256.644287109375,257.59671617184193,256.1680725781415,256.48256008080267,49482500
2362,2019-05-23,253.5084686279297,254.46986427419012,252.09778552084444,254.42494923843603,98733800
2363,2019-05-24,254.08363342285156,255.35954463575735,253.46365206582507,254.9462054506261,55268100
2364,2019-05-28,251.7203826904297,255.31446283570273,251.70242216113928,254.36203379085782,70029400
2365,2019-05-29,250.03123474121094,251.01061858059722,248.62954526276232,250.60630089681214,104972900
2366,2019-05-30,250.71405029296875,251.62156432473273,249.61785472710497,250.78591983240716,62523800
2367,2019-05-31,247.33555603027344,248.99782328255176,247.30860153085922,248.1712003534153,86862800
2368,2019-06-03,246.70663452148438,248.48568651126263,245.3768150956478,247.37153052407598,96428000
2369,2019-06-04,252.0618896484375,252.19666220448534,248.5486721105906,248.99793224452503,77231900
2370,2019-06-05,254.24525451660156,254.27220902433356,251.87317557420914,253.67918243357073,71169700
2371,2019-06-06,255.89846801757812,256.5723579727726,253.89478610001754,254.5417215538303,69430400
2372,2019-06-07,258.45928955078125,259.53752459010883,256.74311294719047,256.91383395209493,74272200
2373,2019-06-10,259.6452941894531,261.307561473152,259.5554367161571,260.00469666198643,60799100
2374,2019-06-11,259.5824279785156,261.8287280257867,258.9354924680753,261.46033152755564,58641300
2375,2019-06-12,259.1242370605469,259.9059451972257,258.61207399835774,259.3488670961745,47096300
2376,2019-06-13,260.19342041015625,260.55285036170267,259.33084885188674,260.0316933843536,48945200
2377,2019-06-14,259.9059753417969,260.5079685515309,259.1422276479497,259.9059753417969,52324700
2378,2019-06-17,260.00469970703125,260.768447108016,259.8339787319646,260.13947220822826,39205700
2379,2019-06-18,262.727294921875,263.778575596661,261.4603781786856,261.81980818690425,85434800
2380,2019-06-19,263.3202819824219,263.85040551806713,261.8916384024987,262.8620279852303,78674400
2381,2019-06-20,265.836181640625,266.2405267117123,263.38323896605675,265.9979361214567,116570000
2382,2019-06-21,265.44976806640625,266.8221515056671,265.23308319547755,265.5671482228351,83309500
2383,2019-06-24,265.1247253417969,265.97341688825486,264.9712218644644,265.6574273212025,47582700
2384,2019-06-25,262.5244140625,265.2059995764725,262.41607162622273,265.17891396740316,82028700
2385,2019-06-26,262.262451171875,263.9237654132579,262.15410878391754,263.4181492334464,51584900
2386,2019-06-27,263.1925048828125,263.69812121274236,262.6417550625053,263.02095353294095,40355200
2387,2019-06-28,264.54681396484375,265.04339252576335,263.65296153358025,264.1675879780534,59350900
2388,2019-07-01,266.948486328125,268.08613665460155,265.74762708261784,267.86942429707057,78705600
2389,2019-07-02,267.6438293457031,267.69800057240144,266.0637709409274,266.9034525087834,61504500
2390,2019-07-03,269.7835693359375,269.80164477374774,268.1764259500246,268.3208916824014,40898900
2391,2019-07-05,269.47662353515625,269.63916472557844,267.2645588956779,268.5556853748782,51677300
2392,2019-07-08,267.99591064453125,269.2960749060107,267.45417094324387,268.1674620091727,45841800
2393,2019-07-09,268.3299255371094,268.6278671624564,266.7859910977244,266.8401623023329,41101300
2394,2019-07-10,269.6121520996094,270.56020377349176,268.8627650163246,269.3954671702807,58448500
2395,2019-07-11,270.2441101074219,270.4878805839635,269.2419150387237,270.25314782826575,50826100
2396,2019-07-12,271.4539489746094,271.5261956250817,270.42466841458145,270.73164779402924,40326000
2397,2019-07-15,271.54425048828125,271.88735320178154,271.03863413807807,271.88735320178154,33900000
2398,2019-07-16,270.6684265136719,271.6616112571717,270.3614471482306,271.45393658906914,36650100
2399,2019-07-17,268.8265686035156,270.8039007082595,268.8265686035156,270.641387055438,36036300
2400,2019-07-18,269.8107604980469,270.1899866381552,267.8876268463099,268.3300343814097,51392600
2401,2019-07-19,268.31195068359375,270.93032731709434,268.1403993042997,270.90324170741786,58678600
2402,2019-07-22,268.9710693359375,269.5128091364652,268.19459674660476,268.7092233807768,43638100
2403,2019-07-23,270.8941955566406,270.8941955566406,269.25996619761105,270.09063745855633,44564500
2404,2019-07-24,272.1672668457031,272.1672668457031,270.04546903159616,270.1357635765845,47213200
2405,2019-07-25,270.86712646484375,271.77001688639325,270.0635407637308,271.7158456654226,55394100
2406,2019-07-26,272.681884765625,272.88052171662747,271.4268541311043,271.55327198811625,45084100
2407,2019-07-29,272.1852722167969,272.68187835964795,271.6345224202421,272.56449822490094,38126500
2408,2019-07-30,271.5172119140625,271.92352363022513,270.4066467628394,270.78587286819317,45849000
2409,2019-07-31,268.546630859375,271.9505446149553,266.5332033083149,271.7609178303265,104245200
2410,2019-08-01,266.2081604003906,271.65258755474997,265.4136125645929,268.70014633011544,142646600
2411,2019-08-02,264.2037048339844,265.55804002591907,262.6507327117384,265.31426961081803,116749700
2412,2019-08-05,256.2583312988281,260.2220053837113,254.36225615994783,260.1136629564653,178745400
2413,2019-08-06,259.85174560546875,260.06845795439847,256.6735825460155,258.14529773750104,120711700
2414,2019-08-07,260.0052795410156,260.77274168505596,254.65114752446226,256.7819550684586,140572300
2415,2019-08-08,265.1065979003906,265.1065979003906,260.94428759030563,261.495037348534,87713900
2416,2019-08-09,263.3008728027344,264.76355072411707,261.52217775603447,264.167639801697,93730000
2417,2019-08-12,260.0956726074219,263.29188513433445,259.14762105124436,261.8021213220913,65527600
2418,2019-08-13,264.1404724121094,265.5851019991185,259.4544708605961,259.79757348733773,94299800
2419,2019-08-14,256.3304748535156,260.7004593066789,256.2040845769867,260.0955384148288,135622100
2420,2019-08-15,257.0076599121094,257.901539842479,254.96714703508582,257.2153345533102,99556600
2421,2019-08-16,260.7997741699219,261.23314372232244,257.06179645637553,258.65992934289835,83018300
2422,2019-08-19,263.9419250488281,264.6190928142968,263.13836696189935,263.815534727368,53571800
2423,2019-08-20,261.91943359375,263.9689845752752,261.7930432847781,263.43628262555785,51596400
2424,2019-08-21,264.0501403808594,264.4203009616332,263.39102088907066,264.07722597345287,49524700
2425,2019-08-22,263.968994140625,265.3865385206094,262.1993368727227,264.75453184479977,51666400
2426,2019-08-23,257.1882019042969,264.33006455244094,255.9422093930637,262.6687503888014,149161500
2427,2019-08-26,260.0324401855469,260.0324401855469,257.84743325188174,259.3733202614595,72423800
2428,2019-08-27,259.0121154785156,261.7930328129497,258.253690992949,261.42284451272855,66668900
2429,2019-08-28,260.8359680175781,260.99848164367427,257.5494344017355,258.3530199208042,59696700
2430,2019-08-29,264.1676025390625,264.69129428520955,262.3889077432596,263.3911301931494,57899400
2431,2019-08-30,264.0501403808594,265.6662933289542,263.12016496313595,265.64824545189555,62901200
2432,2019-09-03,262.5063171386719,263.2647416845759,261.17906729483354,262.3528412178477,69101400
2433,2019-09-04,265.48583984375,265.50388772814705,263.9238298917129,264.6732441815311,46887300
2434,2019-09-05,268.8988342285156,269.81073482523794,265.4497861761174,267.9688581886312,83258100
2435,2019-09-06,269.1064758300781,269.7475478604389,268.5376780168426,269.21484582472306,49584300
2436,2019-09-09,269.24188232421875,270.18086834097136,268.3028687534425,270.0906013596085,51260300
2437,2019-09-10,269.1788330078125,269.24204197546607,267.2285856139356,268.4835894717029,57947100
2438,2019-09-11,271.0928039550781,271.1740607730114,268.83557827685104,269.4856603743414,68821100
2439,2019-09-12,272.0317687988281,273.0881347966629,271.2372210938471,271.9956454793237,72908700
2440,2019-09-13,271.8512268066406,272.8263637238987,271.4810384912023,272.4742232943265,62104800
2441,2019-09-16,271.011474609375,271.8963167578884,270.3704304034408,270.72254318691955,58191200
2442,2019-09-17,271.6977844238281,271.78805141832373,270.6413905587591,270.81294193474486,41475500
2443,2019-09-18,271.8602600097656,271.9686024312111,269.27797956454594,271.30948262871954,73375800
2444,2019-09-19,271.8421936035156,273.24169007108816,271.5081286082832,272.2485052514616,76560500
2445,2019-09-20,270.5577697753906,272.7256557739762,269.7686322549902,272.44444179650503,89565000
2446,2019-09-23,270.4942626953125,271.21084760193804,269.6416243712935,269.89559997751627,43476800
2447,2019-09-24,268.37176513671875,271.97279346935863,267.4102840114436,271.5827644184251,94869400
2448,2019-09-25,269.9591064453125,270.40355684518136,266.9748722488337,268.45338400504926,71854000
2449,2019-09-26,269.39666748046875,270.1767253518255,267.9907363489496,269.96811938594385,56179700
2450,2019-09-27,267.9454345703125,270.2584534548734,266.39437020670596,270.1495830366901,84746600
2451,2019-09-30,269.18804931640625,269.8955546492936,268.41707085357206,268.4624127579998,51662400
2452,2019-10-01,265.98626708984375,270.72112142464823,265.76858154658476,270.06803711359674,88242400
2453,2019-10-02,261.2876281738281,264.4169953695027,259.9996188362365,264.4079159140389,122539500
2454,2019-10-03,263.4283447265625,263.45555541593865,258.34880381994094,261.06090402575535,85278800
2455,2019-10-04,266.9930114746094,267.2469870674191,264.026908725754,264.0813577711008,65091200
2456,2019-10-07,265.8410339355469,267.818445039267,265.5598476544299,266.19480049123445,59610500
2457,2019-10-08,261.71392822265625,264.72537300214316,261.67763808472165,263.99065687623875,95708100
2458,2019-10-09,264.1993408203125,265.1336114585525,263.10180603510383,263.72767961308983,62359400
2459,2019-10-10,265.98626708984375,266.8661164022148,263.9544615360279,264.1177256934721,55296300
2460,2019-10-11,268.7436218261719,270.97498072998906,268.6166478742334,268.73454237201105,98720400
2461,2019-10-14,268.4444274902344,269.09751182039724,268.09974024913794,268.4262685735817,40394800
2462,2019-10-15,271.1020202636719,271.8458158960156,269.36953283376874,269.4874550292948,46754500
2463,2019-10-16,270.6666259765625,271.3560002499491,270.23125500917473,270.63941529110076,48928200
2464,2019-10-17,271.46490478515625,272.33567459941145,270.77553035484783,271.8277232343232,45736600
2465,2019-10-18,270.2766418457031,271.5737308704061,269.4240033178338,270.92972608659727,64304000
2466,2019-10-21,272.10888671875,272.3084410011963,271.15648490964367,271.59188362078226,39048600
2467,2019-10-22,271.2200012207031,272.93433011116593,271.1292896905478,272.6440642871781,48594700
2468,2019-10-23,272.00909423828125,272.0635156111766,270.7573472991516,270.9659810160959,34352200
2469,2019-10-24,272.4534912109375,273.0884440118041,271.62806364231596,272.94331115214135,35453100
2470,2019-10-25,273.5691833496094,274.11342465074256,271.8276167222357,271.88203808422276,45205400
2471,2019-10-28,275.1112060546875,275.6101055167936,274.7574671529367,274.7846778376868,42147000
2472,2019-10-29,275.02960205078125,275.95482078917917,274.7121255754735,274.83912723810425,44284900
2473,2019-10-30,275.8731994628906,276.24506964645207,273.92299861636155,275.22916703094626,49643900
2474,2019-10-31,275.13836669921875,275.8640309626855,273.6870935348078,275.8640309626855,69053800
2475,2019-11-01,277.6872863769531,277.73262829214644,276.41738057633785,276.5806723698209,71141500
2476,2019-11-04,278.8030090332031,279.3744612238009,278.4311111364447,279.2384077691996,60606900
2477,2019-11-05,278.4944763183594,279.3017725578726,278.2042106357529,279.0024274222912,42933200
2478,2019-11-06,278.5581359863281,278.83024291816537,277.6147858205009,278.4946351418078,46487100
2479,2019-11-07,279.5377197265625,280.8710989172841,279.06605853304166,279.89148638265715,54272300
2480,2019-11-08,280.22705078125,280.2814721535745,278.4945632788722,279.19298934454866,49032100
2481,2019-11-11,279.6918640136719,279.8642075711623,278.71222403622494,278.8483051362286,35797300
2482,2019-11-12,280.28143310546875,281.1794133049867,279.5104268632624,280.054668191953,46484600
2483,2019-11-13,280.37225341796875,280.7713620351493,279.0660847947005,279.2928497962224,53917700
2484,2019-11-14,280.7802734375,280.86193315674427,279.4559742414444,280.09092700077474,51219900
2485,2019-11-15,282.8121337890625,282.85747569869864,281.42433364278145,282.1136801480739,62023600
2486,2019-11-18,283.020751953125,283.25659632840035,282.1227717261377,282.5763015670428,49228000
2487,2019-11-19,282.939208984375,283.6285834175987,282.29520415828483,283.61950395991727,67804700
2488,2019-11-20,281.8869934082031,282.86663359563494,280.3359287395858,282.3496028123388,79406200
2489,2019-11-21,281.4334411621094,282.10468425402297,280.6352517705745,281.9958415043259,54664700
2490,2019-11-22,282.0593566894531,282.31333237035267,281.0525334234393,282.1772789129553,44850200
2491,2019-11-25,284.24530029296875,284.24530029296875,282.984501675249,282.984501675249,48647200
2492,2019-11-26,284.8893127441406,285.07073576578375,283.9641217688007,284.2815982160428,37569000
2493,2019-11-27,286.1591796875,286.1591796875,285.1523291122122,285.3700145636202,44444600
2494,2019-11-29,285.0979919433594,285.8417876970087,284.87122697075444,285.59686381058185,36592700
2495,2019-12-02,282.6760559082031,285.41536582716174,282.24973680572754,285.35186501415745,75767800
2496,2019-12-03,280.7802734375,280.86193315674427,278.58520482169314,279.9639253764044,73941700
2497,2019-12-04,282.5128173828125,283.1114801298138,281.4787836789131,281.82347080730165,49080000
2498,2019-12-05,283.020751953125,283.2293856451966,281.7145837968173,283.21125441681573,40709000
2499,2019-12-06,285.60589599609375,286.00500449632267,284.9165217354681,284.9256011908763,48927000
2500,2019-12-09,284.7079772949219,285.88714413985167,284.63539699848997,285.21592864485524,34838500
2501,2019-12-10,284.390380859375,285.3155716392044,283.73729687324226,284.65343588078895,52649800
2502,2019-12-11,285.19781494140625,285.45179063198384,284.3088861837475,284.8440482574191,53429100
2503,2019-12-12,287.6559143066406,288.43597254390977,284.971024718016,285.206841471859,96389600
2504,2019-12-13,287.8282165527344,289.0527527941986,286.6490222278449,287.42002857849036,81503900
2505,2019-12-16,289.8055725097656,290.3951557751756,287.76468819631657,289.55159690245364,82749700
2506,2019-12-17,289.8691101074219,290.4859041346796,289.78747804627915,290.1865865771561,61097700
2507,2019-12-18,289.88720703125,290.4858697567159,289.8327856635954,290.2591048310666,48133000
2508,2019-12-19,291.0754699707031,291.1480502526444,289.8237230792523,290.07769870351285,85310500
2509,2019-12-20,292.3516845703125,293.4819599466499,291.1302516726063,292.1055564808797,147142100
2510,2019-12-23,292.7981872558594,293.19013382059256,292.6523408513955,293.1354448960883,52990000
2511,2019-12-24,292.8073425292969,293.07166308676193,292.5065255951328,293.0260982506087,20270000
2512,2019-12-26,294.3660583496094,294.3751824445798,293.1810943326841,293.1901906102919,30911200
2513,2019-12-27,294.2930908203125,295.1499211381323,293.7644218965359,295.0952322086851,42528800
2514,2019-12-30,292.67059326171875,294.5118799794698,292.18748916413625,294.3751576532409,49729100
2515,2019-12-31,293.3815612792969,293.6276892705335,291.82287121002,292.16925296260575,57077300
2516,2020-01-02,296.12530517578125,296.1435533670269,293.9923531023892,294.9129966046256,59151200
2517,2020-01-03,293.8830261230469,295.00420520161396,292.6889377189637,292.7436266674431,77709700
2518,2020-01-06,295.004150390625,295.0861837981025,292.01434006994486,292.1328420420894,55653900
2519,2020-01-07,294.17474365234375,294.9130723359084,293.72808011259553,294.43906431963455,40496400
2520,2020-01-08,295.7424621582031,296.95477064555246,294.11995883928836,294.3660590478099,68296000
2521,2020-01-09,297.7477722167969,297.820709338136,296.71775096243204,297.3011366636997,48473300
2522,2020-01-10,296.8909912109375,298.48615024274386,296.4261352089056,298.33120751452185,53029300
2523,2020-01-13,298.93280029296875,298.9418965712198,297.0824170116794,297.5108322451486,47086800
2524,2020-01-14,298.47705078125,299.54351294484616,297.92100945963375,298.4952711557389,62832800
2525,2020-01-15,299.1515808105469,299.9081297404282,298.30387436905687,298.3859077842946,72056600
2526,2020-01-16,301.6399841308594,301.6399841308594,300.30004962435345,300.52792945323296,54050300
2527,2020-01-17,302.57879638671875,302.7884279904779,301.5761197469233,302.3509165966451,95846000
2528,2020-01-21,301.9863586425781,302.7885001455664,301.5488471444855,301.62175645504635,77742400
2529,2020-01-22,302.02288818359375,303.4904491427102,301.8679454358583,302.84325022550865,48914900
2530,2020-01-23,302.3692321777344,302.77942705597485,300.2636244798141,301.37567931823935,51963000
2531,2020-01-24,299.68017578125,303.1074970853696,298.3949302922052,303.02546369041266,87578400
2532,2020-01-27,294.8764953613281,296.3531521856209,294.1108224827082,294.4480801750021,84062500
2533,2020-01-28,297.9665832519531,298.84163406721996,294.9676767051918,296.298487210109,63834000
2534,2020-01-29,297.720458984375,299.5526218615138,297.5199236056963,299.32474201380455,53888900
2535,2020-01-30,298.6866760253906,298.89633550564963,294.9130001022843,295.66042488337473,75491800
2536,2020-01-31,293.2632141113281,298.2218830146405,292.35169450141586,298.06691244131224,113845600
2537,2020-02-03,295.441650390625,297.30115767312014,294.6212885304359,294.73979049796515,69083000
2538,2020-02-04,299.9444580078125,300.81041223698935,298.7230258122157,299.0420630449311,62573200
2539,2020-02-05,303.40826416015625,303.61792358805616,301.41206272649225,302.8704711762649,65951100
2540,2020-02-06,304.4292297363281,304.6206410029242,303.35361580732535,304.3654167083422,50359700
2541,2020-02-07,302.8067321777344,304.4383317479117,302.25981501693957,303.3718697108561,64139400
2542,2020-02-10,305.0672912597656,305.1311042908256,301.886097610239,301.92256617332515,42070000
2543,2020-02-11,305.5959777832031,307.2002328793031,305.0672809970112,306.41633961218275,54864500
2544,2020-02-12,307.5648193359375,307.77445094789596,306.66239641614675,307.0269985310537,43992700
2545,2020-02-13,307.23675537109375,308.202963799749,305.86947614367216,306.1429208622096,54501900
2546,2020-02-14,307.7288818359375,307.84738378054004,306.4527605428289,307.646848447526,64582200
2547,2020-02-18,306.93585205078125,307.79268227342084,305.5503251457351,306.7353167259644,57226200
2548,2020-02-19,308.4034729003906,309.077988360176,307.6195795625174,307.9021483533661,48814700
2549,2020-02-20,307.1363525390625,308.6768219464852,304.15566746657606,307.85643255424077,74163400
2550,2020-02-21,303.9734191894531,306.09724659050875,303.1530296923813,305.7873334144991,113788200
2551,2020-02-24,293.8921203613281,304.04643281297626,292.81650624331786,294.5484154937722,161088400
2552,2020-02-25,284.9865417480469,295.8883062471929,284.11149089171784,295.2776038121276,218913200
2553,2020-02-26,283.93829345703125,289.9634233462724,283.2090890630601,286.3811587759355,194773800
2554,2020-02-27,271.18609619140625,283.99293030133657,271.18609619140625,278.43265741082325,284353500
2555,2020-02-28,270.0467224121094,271.5325033532073,260.27523419743306,263.155638584235,384975800
2556,2020-03-02,281.74151611328125,281.80532914475464,268.40598340350584,271.8241810091955,238703600
2557,2020-03-03,273.6745300292969,286.07119736155244,271.24078921564694,282.11520716459734,300139100
2558,2020-03-04,285.17791748046875,285.3967010302959,276.4911395839047,279.0342862432625,176613400
2559,2020-03-05,275.69818115234375,281.17642226819964,273.4649750598973,277.99522810355086,186366800
2560,2020-03-06,271.14056396484375,272.3437762979566,264.55029623787203,267.2119174164198,228667200
2561,2020-03-09,249.96597290039062,259.04469825650165,249.25498888727407,250.94127750870393,309417300
2562,2020-03-10,262.90045166015625,262.9915813511426,249.30056924454237,259.4549092564181,276444100
2563,2020-03-11,250.08438110351562,256.9937118509954,246.91231225876595,255.8634370044622,255316300
2564,2020-03-12,226.15707397460938,243.06576125881952,225.76511340861424,233.3489613279396,392220700
2565,2020-03-13,245.49044799804688,247.45933353297968,226.5308388762867,239.81167127714295,329566100
2566,2020-03-16,218.62791442871094,234.16930770515287,216.3582263151674,219.84022288446778,297240000
2567,2020-03-17,230.4320831298828,233.50391264622428,216.0938883539165,223.35868442017195,262070500
2568,2020-03-18,218.76467895507812,226.3940926828577,207.84467929166857,215.34648084640503,327597100
2569,2020-03-19,219.22947692871094,225.491623266157,211.6729889100404,218.08096774832077,289322000
2570,2020-03-20,209.78199768066406,224.14949538908877,209.50693107809147,222.37074721498362,347158800
2571,2020-03-23,204.41827392578125,210.5888688079637,200.11810699641129,209.22272735900054,326025200
2572,2020-03-24,222.93922424316406,223.81027088011052,214.36641010403872,214.9348708645978,235494500
2573,2020-03-25,226.2766571044922,235.04203577073906,219.82183239457268,224.51625036542322,299430300
2574,2020-03-26,239.48887634277344,240.95586078896224,228.34878482606823,228.77971920189324,257632800
2575,2020-03-27,232.35552978515625,239.1312666476789,230.18253051508594,232.2180034986201,224341200
2576,2020-03-30,239.9014892578125,240.61665407010992,232.45643301160396,234.44605962945386,171369500
2577,2020-03-31,236.32566833496094,241.44184313996882,234.92284395447982,238.90209724302795,194881100
2578,2020-04-01,225.68984985351562,236.24314028710725,223.62687128450554,227.36774076850008,189554600
2579,2020-04-02,230.89768981933594,231.67702874237105,224.25947939763893,224.80961251193006,177660400
2580,2020-04-03,227.56027221679688,232.26386743063676,224.83713961830722,229.91664470662855,135561200
2581,2020-04-06,242.8446807861328,244.80681626495058,227.5419743229143,236.40819703837275,188061200
2582,2020-04-07,243.09222412109375,252.16932399949252,242.87218203318542,251.41747622455648,201427200
2583,2020-04-08,251.25244140625,253.0586948036147,243.20224201687972,245.6869771638037,153774500
2584,2020-04-09,255.07577514648438,257.8264124285201,252.5726851466973,254.50728660421632,189999200
2585,2020-04-13,252.74697875976562,254.44321124594032,248.85024130979565,254.10397034489313,114839100
2586,2020-04-14,260.2011413574219,261.2188637812924,252.60938312795597,257.6247131889089,134143400
2587,2020-04-15,254.67247009277344,260.3387789369605,252.56363036130944,254.4982607416238,121775000
2588,2020-04-16,255.90093994140625,256.75363071412795,252.83856737395433,255.94677270001088,131798300
2589,2020-04-17,262.8142395019531,263.4193550866855,258.9266530783905,261.658962878332,146684800
2590,2020-04-20,258.18414306640625,262.95192854553324,257.96410089938246,259.1193502572044,100109300
2591,2020-04-21,250.3448028564453,254.92920065570146,249.40956779759313,253.72809067077185,126385700
2592,2020-04-22,255.90093994140625,257.64300448228965,253.89297265020534,255.2132806767738,92951600
2593,2020-04-23,255.88262939453125,260.33867676205836,255.58007157656192,257.17543239680975,104709700
2594,2020-04-24,259.4493713378906,260.11870338954105,255.35091919954365,257.39557038512345,85063200
2595,2020-04-27,263.1902160644531,264.3088100325091,260.9622058760842,261.4206455682229,77896600
2596,2020-04-28,261.9799499511719,267.1786402598977,261.67736409264813,266.8302216256885,105270000
2597,2020-04-29,268.838134765625,270.369335297768,266.27088427087654,267.29778446877594,118745600
2598,2020-04-30,266.3350830078125,268.9390166066362,264.6021678699744,267.4628265283742,122901700
2599,2020-05-01,259.28436279296875,266.50020001311435,258.11990791498647,261.594889070107,125180000
2600,2020-05-04,259.99951171875,260.3020696248995,255.92856473218876,257.40472721224256,80873200
2601,2020-05-05,262.4017639160156,265.2074131354292,260.1278925305998,262.81437091102384,79569900
2602,2020-05-06,260.6230163574219,264.48307149149906,260.1920818426239,264.0979977435184,73632600
2603,2020-05-07,263.7678527832031,265.6933050734505,263.2635803176103,263.8320410550969,75250400
2604,2020-05-08,268.1321716308594,268.5997890049133,265.7666074831052,266.89437904014466,76452400
2605,2020-05-11,268.18719482421875,269.56251377203523,265.7849755389823,266.2067321816507,79514200
2606,2020-05-12,262.8418273925781,269.7825831185984,262.7042730991444,269.37000418111256,95870800
2607,2020-05-13,258.1932678222656,263.3186207708161,255.77269255804435,262.2825424788248,144721100
2608,2020-05-14,261.2830810546875,261.41142959963264,250.29885756390482,255.76347804149395,121977900
2609,2020-05-15,262.48419189453125,262.53002466488874,257.95480613821377,258.89919065123917,111146300
2610,2020-05-18,270.47943115234375,272.0839701507051,268.3706196611589,268.6915050760796,119703800
2611,2020-05-19,267.7012634277344,271.58882289589167,267.6829359139752,269.88344074536735,95189300
2612,2020-05-20,272.24896240234375,273.1108311782877,271.00201999174817,271.2312398155431,85861700
2613,2020-05-21,270.36932373046875,272.92742435106703,269.2782353216481,272.1205662355428,78293900
2614,2020-05-22,270.8828430175781,271.0570523361643,268.8473696991475,270.08516244349306,63958200
2615,2020-05-26,274.2203063964844,277.0718161691973,270.90120710948116,276.83341854716673,88951400
2616,2020-05-27,278.3003845214844,278.3370675296901,272.19396476879547,277.007581296367,104817400
2617,2020-05-28,277.78692626953125,281.3352447299404,277.1175942986496,279.3272767982314,90405200
2618,2020-05-29,279.0246887207031,279.6114768667384,274.57781894297864,277.3192788350179,119090800
2619,2020-06-01,280.1524963378906,280.7576401144218,277.8694755298853,278.38292576798335,55758300
2620,2020-06-02,282.4721374511719,282.5179982006775,279.73985528660774,281.069313365472,74267200
2621,2020-06-03,286.2314147949219,287.1849772402928,284.17761381806736,284.4526664557033,92567600
2622,2020-06-04,285.47943115234375,286.98312613867546,283.388948157855,285.2502114030317,75794400
2623,2020-06-05,292.7962341308594,294.56580447547407,290.79744395981476,290.86163222663976,150524700
2624,2020-06-08,296.33538818359375,296.52792499363557,293.0621225082108,293.60307791418927,73641200
2625,2020-06-09,294.1257629394531,296.4087837876376,292.8146040767573,293.67647298750563,77479200
2626,2020-06-10,292.4845275878906,295.5927621739855,291.7693627776029,294.70338803982554,95000800
2627,2020-06-11,275.62310791015625,286.2039042091924,275.07300264511355,285.57125517345406,209243600
2628,2020-06-12,278.923828125,283.3890255846192,273.78014897594073,282.6188503742168,194678900
2629,2020-06-15,281.52777099609375,282.6555425806839,272.07474788246594,273.24835223856235,135782700
2630,2020-06-16,286.946533203125,289.4037909524716,282.0962619316776,289.25708690915724,137627500
2631,2020-06-17,285.7545471191406,288.2576371655434,285.02102704171295,287.9642291345723,83398900
2632,2020-06-18,285.8646240234375,286.34139118127837,283.78331810749904,284.2417577526698,80828700
2633,2020-06-19,284.23095703125,289.5169952642536,282.2878135586834,289.323611161699,135549600
2634,2020-06-22,286.0543212890625,286.45030759053503,282.490388367676,283.6323128106449,74649400
2635,2020-06-23,287.37127685546875,289.627527981212,286.9660723422408,288.6973956071107,68471200
2636,2020-06-24,280.040771484375,285.95305250280444,278.20816137818287,285.3360276763805,132813500
2637,2020-06-25,283.04290771484375,283.3099806290678,277.4529533020281,279.46975709772886,89468000
2638,2020-06-26,276.3202209472656,282.1588401533544,275.74006876304765,281.94701982624827,127961000
2639,2020-06-29,280.38153076171875,280.5196622715444,275.28887633629,277.5727536803356,79773300
2640,2020-06-30,283.9731140136719,285.66762102118946,279.7921834155964,279.94872310498295,113394800
2641,2020-07-01,285.9622497558594,287.22392574002134,284.62694111006857,285.08739818187286,72396500
2642,2020-07-02,287.53704833984375,290.7326217108491,286.8739889973159,289.38806675534465,69344200
2643,2020-07-06,291.9758605957031,292.55604108748975,290.60370731479867,291.34964563164624,61713800
2644,2020-07-07,288.96441650390625,292.4086261412663,288.58683836174674,290.43788464051073,82910000
2645,2020-07-08,291.1746520996094,291.28515730964824,287.9698885921955,289.7288100254336,54638600
2646,2020-07-09,289.5169982910156,292.0218859318801,286.109604655345,291.7824392568342,83354200
2647,2020-07-10,292.4731140136719,292.74018697945144,288.02511114921197,289.45251680342045,57550400
2648,2020-07-13,289.9406433105469,297.1882340667077,289.2868020526864,294.81228763297554,102997500
2649,2020-07-14,293.6979675292969,294.4715320808562,287.32522893206374,288.522406144319,93657000
2650,2020-07-15,296.3962097167969,297.4920997478603,294.02023559241456,296.9119193662305,87196500
2651,2020-07-16,295.4200439453125,295.87128286396967,293.85447872341933,294.49912983927373,54622500
2652,2020-07-17,296.27655029296875,297.059333070297,294.45312985797676,296.42389995374253,62774900
2653,2020-07-20,298.6708679199219,299.4168060932532,295.2634745052949,296.0094126786261,56308800
2654,2020-07-21,299.30621337890625,301.0743521971706,298.32082883419463,300.6323315446344,57292200
2655,2020-07-22,301.010009765625,301.32314533336705,298.83666568694713,298.9471708971752,57792900
2656,2020-07-23,297.4183654785156,301.35068608523807,296.055430800531,300.6507824803938,75738000
2657,2020-07-24,295.5029296875,296.5251308789289,294.00183516323403,295.5674004213925,73766600
2658,2020-07-27,297.65789794921875,297.8328739008944,295.40164684860423,296.193647698937,48293000
2659,2020-07-28,295.7699890136719,298.0446479275418,295.4752897615271,296.9303216498821,57495000
2660,2020-07-29,299.40765380859375,299.96942614775605,296.60806645726814,296.6449108985429,48454200
2661,2020-07-30,298.33935546875,298.7537780991364,294.36102749576685,296.44227447076116,61861700
2662,2020-07-31,300.6968078613281,300.7981230082648,295.9172622915835,300.1258457184252,84986800
2663,2020-08-03,302.78741455078125,303.55176103880365,301.81124766050027,302.35458371421714,53077900
2664,2020-08-04,303.9568786621094,303.9568786621094,301.930856580021,301.930856580021,41917900
2665,2020-08-05,305.8447570800781,306.1026399985558,304.988313743364,305.2553866917395,42697700
2666,2020-08-06,307.8892517089844,308.00897505925286,304.9423429439364,305.26466855525786,43679400
2667,2020-08-07,308.1103210449219,308.3958022453001,306.0198274823178,306.9223336634307,57308300
2668,2020-08-10,309.0311584472656,309.21532440909493,306.62755797641967,308.56148325207386,44282100
2669,2020-08-11,306.480224609375,310.84537688701096,305.7527226498275,310.2099438612299,69601100
2670,2020-08-12,310.7532958984375,311.52686046889016,308.88384116049235,308.91146746286313,53774400
2671,2020-08-13,310.19146728515625,311.49917760274417,309.2705532345938,309.98886506986986,41816100
2672,2020-08-14,310.20074462890625,310.73489061846544,309.07722814860483,309.80475825655594,47260400
2673,2020-08-17,311.18609619140625,311.5820825212489,310.2099294645962,311.2137224910681,35481000
2674,2020-08-18,311.8583984375,312.2820111007127,309.98891563003593,311.58210731482745,38733900
2675,2020-08-19,310.5598449707031,312.75159673010216,309.9980728045905,312.23588712741235,68054200
2676,2020-08-20,311.5268859863281,312.005751301336,308.70889049740055,308.83780388433297,42207800
2677,2020-08-21,312.6319580078125,312.85296841916903,310.85457226958493,311.1953341258538,55106600
2678,2020-08-24,315.7998352050781,315.87349595788055,312.60426256204136,315.0630871567319,48588700
2679,2020-08-25,316.9049072265625,316.9877861104246,315.2012107807819,316.3615713629793,38463400
2680,2020-08-26,320.0821533203125,320.3491982017806,316.95105067989545,317.49438668215004,50790200
2681,2020-08-27,320.7819519042969,322.2277935871301,319.1243179942383,320.947737778554,58034100
2682,2020-08-28,322.8540954589844,322.9830369399693,320.616280645361,321.80426786042483,48588900
2683,2020-08-31,321.68450927734375,323.51711938437126,321.4542807471516,322.64226783208227,66099200
2684,2020-09-01,324.71435546875,324.81564254170917,321.620069114732,322.51335702094957,54908700
2685,2020-09-02,329.4110107421875,330.37795938167653,325.4786892390397,326.6206419236981,69540000
2686,2020-09-03,318.07452392578125,328.1953605553692,315.4959476689743,327.7256853866652,148011100
2687,2020-09-04,315.4775390625,320.3215279500711,308.386489496312,318.7559908966991,139156300
2688,2020-09-08,306.8576965332031,315.5419355103499,306.55380732805014,310.0808950128652,114465300
2689,2020-09-09,312.91741943359375,315.37624441716423,309.98889114735533,310.8545526760322,91462300
2690,2020-09-10,307.4839782714844,315.44066034104674,306.52621987560775,314.78681929289183,90569500
2691,2020-09-11,307.6405334472656,310.32039660205055,304.8225388111135,309.2613511061483,84680200
2692,2020-09-14,311.6925964355469,313.46076397555305,307.78792941912315,310.79930858274395,65605700
2693,2020-09-15,313.26739501953125,314.97106380213984,311.70182964170226,314.14224664496544,52920900
2694,2020-09-16,312.02410888671875,315.9287755119788,311.7478178059842,314.50136995908423,82096000
2695,2020-09-17,309.27984619140625,310.9927613539666,306.65523489152685,307.18016277231743,91523300
2696,2020-09-18,305.71917724609375,310.19424068358853,303.2412544546544,310.0832931282361,105877900
2697,2020-09-21,302.31658935546875,302.4645288032245,297.47169236186676,301.14235702314835,99450800
2698,2020-09-22,305.3955993652344,305.9503654275353,301.2903700074111,303.79605821576513,63612100
2699,2020-09-23,298.3131103515625,306.2276881483939,297.8138181951708,305.95029107636867,93112200
2700,2020-09-24,299.108154296875,302.1593235641303,295.6871223892366,297.0000670428576,76681300
2701,2020-09-25,303.94390869140625,304.72979648153216,297.38849504638966,298.25759348900306,71069400
2702,2020-09-28,308.99224853515625,309.70418077413325,307.10605558287943,308.09538490645014,64584600
2703,2020-09-29,307.30950927734375,309.5285451633514,306.6160587994306,308.78887594020625,51304000
2704,2020-09-30,309.63946533203125,312.78310129067506,307.78100935569034,307.97516755399596,104081100
2705,2020-10-01,311.6273498535156,313.1991537202758,309.75041203082435,312.22833451482296,88698700
2706,2020-10-02,308.668701171875,311.59969787140113,306.2185149056574,306.69007030245626,89431100
2707,2020-10-05,314.1423034667969,314.3272066536649,310.675051276602,310.7212700191764,45713100
2708,2020-10-06,309.6765441894531,316.370673277185,309.16802502784486,314.28106640602414,90128900
2709,2020-10-07,315.0669250488281,315.87132309591203,312.5982289095894,312.6259658002967,56999600
2710,2020-10-08,317.859130859375,317.92385966066934,316.0838856399177,316.9992592418316,45242500
2711,2020-10-09,320.69769287109375,321.15999312657567,318.8854837702439,319.5049503113114,59528600
2712,2020-10-12,325.8570556640625,327.3271675613161,322.74115545888554,323.23119275797006,80388500
2713,2020-10-13,323.7303466796875,325.89390825718806,322.7687543508322,325.7182319216309,73255500
2714,2020-10-14,321.6963195800781,325.39472243527376,320.96590533211065,324.30370036496896,57727900
2715,2020-10-15,321.2986755371094,321.7794576418191,317.2581758442864,317.79443172197927,60357700
2716,2020-10-16,321.1045227050781,324.30363260576735,320.92884634883575,322.648589773227,89501900
2717,2020-10-19,316.2226257324219,322.99067994136914,315.3257621196153,322.36195837394564,68425600
2718,2020-10-20,317.4894104003906,320.7255130289656,316.805214873939,317.56336604517907,60051900
2719,2020-10-21,316.88836669921875,319.6066946596672,316.58323270677243,317.4431044735385,63575000
2720,2020-10-22,318.6265563964844,319.2090592108434,314.9651464132425,317.10097125484754,55399300
2721,2020-10-23,319.70843505859375,319.9025933086826,317.25824879984316,319.84711952294293,49143900
2722,2020-10-26,313.8002014160156,317.1195140807674,310.31443920384794,316.33359795190205,91473000
2723,2020-10-27,312.7184753417969,314.475211171502,312.5058070055164,314.1423684363601,65994100
2724,2020-10-28,302.0300598144531,312.7461782493359,301.54002258547484,307.0598897426626,127094300
2725,2020-10-29,305.0997314453125,308.26184985459844,300.5784207406355,302.2612006889962,90597700
2726,2020-10-30,301.91900634765625,304.8314918083679,298.27607870942455,303.52780192819796,120287300
2727,2020-11-02,305.3031005859375,307.30021286282704,302.56626275236454,305.3031005859375,86068300
2728,2020-11-03,310.69354248046875,312.7461569674992,305.3863439975958,308.5299804346644,93294200
2729,2020-11-04,317.63720703125,321.70544286251004,313.9850244208607,315.1592566885133,126959700
2730,2020-11-05,323.83209228515625,325.63507467035436,322.55613899305547,322.907491721787,82039700
2731,2020-11-06,323.7581481933594,325.0063646417054,321.43739166729375,323.5454798982403,74973000
2732,2020-11-09,327.82635498046875,336.9059387720614,327.36405472488747,336.52684917649657,172304200
2733,2020-11-10,327.3455505371094,328.39958037530033,324.0817120840673,326.8370033607283,85552000
2734,2020-11-11,329.7772521972656,330.60013191836515,328.2886308124271,329.5275920192219,58649000
2735,2020-11-12,326.5781555175781,329.8235125087104,324.7752013576145,328.76945432758134,67546200
2736,2020-11-13,331.09942626953125,331.83909534174575,327.9650172049905,328.48279119885393,62892200
2737,2020-11-16,335.2324523925781,335.4266106214588,332.4771323966517,333.76234079790987,74541100
2738,2020-11-17,333.4295349121094,334.6315328782011,331.32144622353263,332.82855003735204,66111000
2739,2020-11-18,329.4165954589844,334.2430101786077,329.37960354615575,333.69749938477383,70591300
2740,2020-11-19,330.8035888671875,331.173423449706,327.44728430310664,328.7879664083773,59940900
2741,2020-11-20,328.5382995605469,330.7481084092092,328.46434393216515,330.5446951604477,70417300
2742,2020-11-23,330.5076599121094,331.7651311623136,328.112948198128,330.3412386076394,63230600
2743,2020-11-24,335.8333435058594,336.3788543316512,332.19967086716787,333.05028739612465,62415900
2744,2020-11-25,335.31561279296875,335.77791303204526,334.22459100072433,335.75017614636334,45330900
2745,2020-11-27,336.24951171875,336.7210388362217,335.24167223686067,336.4066780190502,28514100
2746,2020-11-30,334.7608337402344,335.7409079513326,332.0887531357319,335.4727659225405,83872700
2747,2020-12-01,338.4222106933594,339.9570506637227,337.41439969563044,338.0061574648824,74231400
2748,2020-12-02,339.1341857910156,339.2913520564298,336.73947416095587,337.3127218895292,45927000
2749,2020-12-03,339.04180908203125,340.42871003443537,337.94153206913154,339.03255404637883,62882000
2750,2020-12-04,341.9635009765625,341.9635009765625,339.5317971440086,339.6242628374325,50749900
2751,2020-12-07,341.26080322265625,341.75084037057263,339.99410502237635,341.1960744141505,48944300
2752,2020-12-08,342.2593994140625,342.8233922079248,339.9478980295718,339.99411677063375,42458900
2753,2020-12-09,339.18975830078125,343.0730641489794,338.3576233487797,342.91589783781166,74098300
2754,2020-12-10,339.0787048339844,340.1234795532084,336.9521070468626,337.8212336545148,57735400
2755,2020-12-11,338.68109130859375,339.08791771318033,335.8703266070758,337.38665648334694,57698600
2756,2020-12-14,337.16485595703125,341.9172883370529,336.98917958686485,340.84477647871296,69216200
2757,2020-12-15,341.72308349609375,341.72308349609375,338.32981558066564,339.6982062143582,63865300
2758,2020-12-16,342.2593994140625,343.17474493301853,341.05740176418556,341.93578357691985,58420500
2759,2020-12-17,344.1733093261719,344.3767225815223,343.07303238358134,343.8959404400441,64119500
2760,2020-12-18,342.799072265625,344.62830083764095,340.79341847573585,344.461170106029,136542300
2761,2020-12-21,341.5733947753906,351.415944151772,336.1600082036477,338.8899235370573,96386700
2762,2020-12-22,340.9976501464844,342.0097572148125,339.87412260631737,341.8983367429737,47949000
2763,2020-12-23,341.3041076660156,343.20760697353194,340.979112376798,341.9633643931626,46201400
2764,2020-12-24,342.63189697265625,342.6597520909689,341.1926686317637,341.77762611632846,26457900
2765,2020-12-28,345.575439453125,345.9654111690172,344.5540377310399,345.1761449139129,39000400
2766,2020-12-29,344.9161071777344,347.2746111341923,344.33112134700883,347.0981859364546,53680500
2767,2020-12-30,345.4082336425781,346.4389297116673,345.0182619794542,345.7332289197448,49455300
2768,2020-12-31,347.1631774902344,347.8874388872676,344.70254763729105,345.2132342407314,78520700
2769,2021-01-04,342.4369812011719,348.62107376333165,338.75066866047587,348.49106429337866,110210800
2770,2021-01-05,344.79547119140625,345.88187774542536,341.7498547168132,341.7962988166081,66426200
2771,2021-01-06,346.85687255859375,350.0417933363491,342.74343806470597,343.2912744755458,107997700
2772,2021-01-07,352.0101318359375,352.7529537930365,349.04808181779595,349.2245069915542,68766800
2773,2021-01-08,354.01593017578125,354.2294766991023,350.1531920751301,353.3937945707503,71677200
2774,2021-01-11,351.6295471191406,353.384476638568,350.72886031003054,350.8495752953006,51034700
2775,2021-01-12,351.70379638671875,352.7159036317569,349.4660070637659,351.8152452148604,52547700
2776,2021-01-13,352.65093994140625,353.6444582491231,350.8495663690164,351.62953817301246,45303600
2777,2021-01-14,351.4159240722656,353.89514316325904,351.0816626236897,353.39372265354797,49989100
2778,2021-01-15,348.8531799316406,350.59881478443,346.9960962553196,349.800282405299,107160000
2779,2021-01-19,351.59228515625,352.13085517430096,349.828061713451,351.304439515749,51233300
2780,2021-01-20,356.4578857421875,357.2935676023044,353.48654097639,353.87651262058415,61836100
2781,2021-01-21,356.7828369140625,357.4421218924977,355.8635897422049,357.0149723281148,47840100
2782,2021-01-22,355.5200500488281,356.6807271719311,354.5543587480902,354.9350642448892,52860500
2783,2021-01-25,356.9222412109375,357.2750633365752,351.4159661050598,356.25368989697324,70402000
2784,2021-01-26,356.36505126953125,358.2778450349725,356.1329158287073,357.86928439217473,42665300
2785,2021-01-27,347.6553649902344,353.1430508430368,345.4268701693278,353.05019098865546,123351100
2786,2021-01-28,350.6452331542969,354.6379514307327,349.0295795422171,349.465966970764,94198100
2787,2021-01-29,343.62542724609375,349.75380801800657,341.9540352154757,348.7881167338835,126765100
2788,2021-02-01,349.3453063964844,350.37597423640665,343.91333096928156,347.0146573120808,75817600
2789,2021-02-02,354.28509521484375,355.8357724135965,349.42883997274356,352.52087154806475,64450700
2790,2021-02-03,354.56365966796875,356.281467508707,353.2915620518551,355.11149587959494,52427100
2791,2021-02-04,358.5935974121094,358.64001317221204,354.6751494739212,355.59439688401244,47142600
2792,2021-02-05,360.0049743652344,360.710675281438,358.54718510912704,360.4599791681368,48669800
2793,2021-02-08,362.6048278808594,362.6512436310637,360.5991744109489,361.45341690524697,38365200
2794,2021-02-09,362.36346435546875,362.95774475328056,361.3606516052226,361.76918395765694,35551100
2795,2021-02-10,362.20556640625,364.24836966450124,359.8099410732521,364.09979957873327,59154400
2796,2021-02-11,362.7905578613281,363.7005390243798,360.3670773709089,363.2826838806573,42913300
2797,2021-02-12,364.5826721191406,364.82407372216704,361.91773330512245,361.9920325190132,50593300
2798,2021-02-16,364.26690673828125,366.0033035639086,363.5519398125603,365.80828939947554,50972400
2799,2021-02-17,364.3504333496094,364.60112936749636,361.50907012935994,362.5212053578993,52290600
2800,2021-02-18,362.79986572265625,363.5426878534969,360.03280086210617,361.7506089186291,59712800
2801,2021-02-19,362.15911865234375,364.3411973179349,361.71340843442175,364.05335165745737,83241000
2802,2021-02-22,359.3735046386719,361.77842431901905,359.1042196026477,359.4013597570989,67414200
2803,2021-02-23,359.8099365234375,361.15633342710237,353.0315929249602,357.1728812923066,107284100
2804,2021-02-24,363.77471923828125,364.20186876131584,357.7391990571621,358.7234508505205,72433900
2805,2021-02-25,355.0093994140625,363.8769912428288,353.57017085547034,362.5120335653563,146670500
2806,2021-02-26,353.18011474609375,358.0271036542426,351.20234468696304,356.8850154751008,152701600
2807,2021-03-01,361.7413024902344,362.9855734404292,353.37516012939244,358.03642977075657,105348800
2808,2021-03-02,358.91851806640625,362.19626914684636,358.41709761211445,361.9641337209318,79595300
2809,2021-03-03,354.16436767578125,359.18775305259203,354.062213359393,358.22209014166907,119940200
2810,2021-03-04,349.7817077636719,356.5600515760826,345.306129482108,353.9787065028338,183433000
2811,2021-03-05,356.21649169921875,357.2657484566025,346.01182648724296,353.27300175449477,152039600
2812,2021-03-08,354.4429626464844,359.9770636155982,354.1644114525265,357.1728776946545,123149200
2813,2021-03-09,359.5035095214844,362.04770476168795,357.77640719038783,358.2778276525571,113633600
2814,2021-03-10,361.7413024902344,363.431255369481,360.4320834867978,361.84345682354007,109899400
2815,2021-03-11,365.4090576171875,367.3775617218999,363.7469598417814,364.201964598063,86245000
2816,2021-03-12,365.9012451171875,366.0405207448169,363.2456286942137,364.05345567131616,64653600
2817,2021-03-15,368.0832824707031,368.34327305827475,364.01626458616573,366.15189953144346,73427200
2818,2021-03-16,367.6190490722656,369.40183375852735,366.84834338041725,368.69616114127246,73722500
2819,2021-03-17,368.87249755859375,369.67102984650717,365.19545189698175,366.3375684287189,97959300
2820,2021-03-18,363.50555419921875,368.37110416522074,362.8277084837041,366.2911796002453,115349100
2821,2021-03-19,362.8329162597656,364.7799210991891,360.662312193328,363.20554373191754,113624500
2822,2021-03-22,365.73016357421875,367.10891663764517,363.28942068287944,363.3453133880508,73778600
2823,2021-03-23,362.8515625,366.5406230570263,362.0690362260645,365.09668084256,90686600
2824,2021-03-24,361.007080078125,365.8792700256846,360.96051229403434,364.24899956726335,97588600
2825,2021-03-25,363.0379333496094,363.8297562145069,357.6347344917859,359.57244319585334,116128600
2826,2021-03-26,368.8883361816406,369.2889101458267,363.58762534966814,364.18382383106956,114409100
2827,2021-03-29,368.7019348144531,369.60557150137186,365.9351320456119,367.4163456691813,108107600
2828,2021-03-30,367.7237854003906,368.39452632963565,366.13075792489735,367.43499693096027,76262200
2829,2021-03-31,369.2142639160156,370.77001997622074,368.26405952663214,368.2920058783888,112734200
2830,2021-04-01,373.2013854980469,373.257306623369,370.9376460344491,371.1425953951237,99682900
2831,2021-04-05,378.5580139160156,379.0983479190761,375.7819150666603,375.8564291896752,91684800
2832,2021-04-06,378.33453369140625,379.37790224132345,377.6637927050794,377.9991774130732,62021000
2833,2021-04-07,378.7723083496094,379.1169894924743,377.7103185696919,378.16678511784755,55836300
2834,2021-04-08,380.5703430175781,380.6262357329122,379.0891292019,380.0207123636846,57863100
2835,2021-04-09,383.3370666503906,383.5047731912766,380.328071856803,380.4491821914655,61104600
2836,2021-04-12,383.4768981933594,383.7470368351651,382.1354161945966,382.74093955092366,56704900
2837,2021-04-13,384.6133117675781,385.2374848347506,382.99236657978923,383.374318989603,56551000
2838,2021-04-14,383.29986572265625,385.6381198974038,382.7595316211662,384.585426479011,61659900
2839,2021-04-15,387.41741943359375,387.6875864651336,385.3865753074208,385.43314308577106,60229800
2840,2021-04-16,388.7123718261719,389.31789515278274,387.2870508261419,388.7030468977185,82037300
2841,2021-04-19,386.8025817871094,388.2279026853113,385.4797498055928,387.7807610260529,78498500
2842,2021-04-20,383.97052001953125,386.69072605086455,382.498603179726,385.5914650988826,81851800
2843,2021-04-21,387.6037292480469,387.80867863656937,383.2159530341772,383.3557132219947,66793000
2844,2021-04-22,384.0637512207031,388.26520006438915,383.001761278924,387.43610589568067,97582800
2845,2021-04-23,388.22784423828125,389.63454349879055,384.548108882875,384.6226230049808,73209200
2846,2021-04-26,389.0383605957031,389.60664100563645,388.2931055721406,388.8800074072831,52182400
2847,2021-04-27,388.9544982910156,389.53210359386003,387.8179659687333,389.33645070740164,51303100
2848,2021-04-28,388.84271240234375,390.342575715046,388.3769209336228,389.2246648182536,51238900
2849,2021-04-29,391.3207092285156,391.93555735176267,387.94838369193803,391.56292987909427,78544300
2850,2021-04-30,388.74957275390625,389.90475500080083,387.8552610382918,389.057011063111,85527000
2851,2021-05-03,389.58795166015625,391.1157327210051,389.09421389645087,390.7337803483799,68128300
2852,2021-05-04,387.18450927734375,388.09747082223015,383.5047736052085,387.6037329855272,101591200
2853,2021-05-05,387.3056640625,389.0570447951,386.74670853065714,388.82414902597037,60162200
2854,2021-05-06,390.3984375,390.5288443174939,385.3771922186021,387.38008968955535,74321400
2855,2021-05-07,393.2397155761719,393.89183488910896,390.482238528491,391.16230418743106,67733800
2856,2021-05-10,389.3457946777344,393.81738162988034,389.2246843410474,393.59381081117,81852400
2857,2021-05-11,385.8710021972656,386.8584779431412,382.0049382756216,384.8369586713548,116888000
2858,2021-05-12,377.6730651855469,384.3618242624742,376.3595297518344,383.09488503627756,134811000
2859,2021-05-13,382.2098388671875,384.1382223326197,379.17286945378146,379.2194656575238,106394000
2860,2021-05-14,388.0788269042969,388.9265708311616,384.9114504451291,384.9393967974584,82201600
2861,2021-05-17,387.0912780761719,387.9017789998937,385.07905579969406,386.97019619206054,65129200
2862,2021-05-18,383.7563171386719,387.59443468838975,383.5979355139091,387.3522140021612,59810200
2863,2021-05-19,382.75018310546875,382.9271861523255,377.5985301803542,379.0797721892408,106467100
2864,2021-05-20,386.8677978515625,388.1254406224363,383.5047967743601,383.62587868681237,78022200
2865,2021-05-21,386.5510559082031,389.5880256140857,386.0945893314259,388.3490042918943,76578700
2866,2021-05-24,390.4916076660156,391.56292229029447,388.5445744319748,388.78679507785904,51376700
2867,2021-05-25,389.6253356933594,391.92634725908783,389.0477586770462,391.5723411059508,57451400
2868,2021-05-26,390.3984375,390.9014717770301,389.1780662229686,390.2121095554055,43088600
2869,2021-05-27,390.6034851074219,391.9356421143981,390.3239931202354,391.42328278237954,56707700
2870,2021-05-28,391.3020935058594,392.42930086674016,391.069197778342,392.1684587891069,58520200
2871,2021-06-01,390.95745849609375,393.7987753351119,390.5196133395258,393.65904356804924,54216600
2872,2021-06-02,391.57232666015625,392.4107742254593,390.60350066902646,391.60959794586466,49097100
2873,2021-06-03,390.1190490722656,391.25558160462,387.79941622388145,389.26200853094554,58138800
2874,2021-06-04,393.6869812011719,393.9850945840739,390.18422002621526,391.96354696648706,55938800
2875,2021-06-07,393.3050537109375,393.85468430384935,392.3734706525122,393.67768124837585,51555000
2876,2021-06-08,393.3889465332031,394.2553120728137,391.56305144947635,394.16214806830806,47134300
2877,2021-06-09,392.8019714355469,394.3018348687151,392.57840061009364,394.2272923071258,48436300
2878,2021-06-10,394.62786865234375,395.5781015257895,392.7088099094243,394.0223453765083,51020100
2879,2021-06-11,395.2799987792969,395.3917841957337,393.8919491424424,395.17753829078254,45570800
2880,2021-06-14,396.1650085449219,396.26746903201445,394.1527857880061,395.3917787091995,42358500
2881,2021-06-15,395.4383544921875,396.3512876197017,394.56266421460623,396.3140447697688,51508500
2882,2021-06-16,393.23046875,395.8016468115362,391.19032822728997,395.57807599910893,80386100
2883,2021-06-17,393.1000671386719,394.0782178856841,390.63137795315737,392.82060361942723,90949700
2884,2021-06-18,387.79705810546875,390.51680887211063,387.591438170524,389.82519114669236,118676300
2885,2021-06-21,393.34869384765625,393.53563141151994,388.74097097735967,389.5540951870982,72822000
2886,2021-06-22,395.45166015625,396.28349533498147,392.6197297149281,393.3394137510601,57700300
2887,2021-06-23,394.9749755859375,396.33017311106846,394.8908622379778,395.52640432656335,49445400
2888,2021-06-24,397.31146240234375,397.7320290467191,396.8628294590152,397.1151979683019,45110300
2889,2021-06-25,398.72283935546875,399.17147241602134,397.73213297075046,398.05925946140326,58129500
2890,2021-06-28,399.5265808105469,399.6948074887242,398.0498768754374,399.2462030135846,53159600
2891,2021-06-29,399.7415466308594,400.545315311481,399.20880030663477,399.9097733050363,35970500
2892,2021-06-30,400.0780029296875,400.75093815402226,399.25552337520446,399.2835611544407,64827900
2893,2021-07-01,402.2930908203125,402.4519905914438,400.76963819499144,400.83506919032,53441000
2894,2021-07-02,405.3680114746094,405.7231756894549,402.37718195001327,403.4520300284134,57697700
2895,2021-07-06,404.6297607421875,405.63917811694586,401.9006544056057,405.42420273538175,68710400
2896,2021-07-07,406.0596923828125,406.34009873848606,403.3025486160357,405.31199914635374,63549500
2897,2021-07-08,402.7511291503906,403.5081778396305,399.57336151548776,400.7510054866028,97595200
2898,2021-07-09,407.0503845214844,407.349473214676,402.55481277928465,404.25584763381096,76238600
2899,2021-07-12,408.50836181640625,408.76073035250516,406.536304788165,406.9662269112006,52889600
2900,2021-07-13,407.1158447265625,409.21876411942253,406.85414923191337,407.7233490688548,52911300
2901,2021-07-14,407.7232360839844,409.29343713942774,406.48018995953106,408.8074109821417,64130400
2902,2021-07-15,406.33074951171875,407.059760411339,404.4334500856128,406.3868250791765,55126400
2903,2021-07-16,403.1435852050781,407.5550430583768,402.7510563008199,407.5083229344722,75874700
2904,2021-07-19,397.19000244140625,403.20902632092094,394.38611039278754,398.3302530154178,147987000
2905,2021-07-20,402.8819274902344,404.1530401378472,397.0591676686946,397.85360950811923,99608200
2906,2021-07-21,406.143798828125,406.28401626491234,402.83522636423976,404.0782727663207,64724400
2907,2021-07-22,406.9942626953125,407.23727579624176,405.33997668113454,406.3213274734552,47878500
2908,2021-07-23,411.1815490722656,411.5180025288219,408.2374672367041,408.9197295867233,63766600
2909,2021-07-26,412.1908874511719,412.200242886932,410.54595654958047,410.5926766830411,43719200
2910,2021-07-27,410.3123474121094,411.18154736060166,407.48974365471634,411.153509572672,67397100
2911,2021-07-28,410.14404296875,411.51795145786116,408.7234143462509,410.9384848950348,52472400
2912,2021-07-29,411.8450012207031,412.91982079238494,411.05991487644866,411.06927031045103,47435300
2913,2021-07-30,409.8450012207031,411.29366769297104,409.1533549658099,409.284216981458,68951200
2914,2021-08-02,408.9850769042969,412.10674026622047,408.62991264660883,411.5553115323718,58783300
2915,2021-08-03,412.3123474121094,412.43385397257424,407.5924735593852,409.7795060797524,58053900
2916,2021-08-04,410.28424072265625,412.28433581198715,410.050583021591,411.03193395699765,46732200
2917,2021-08-05,412.88250732421875,412.96662067268136,411.1253968736616,411.4431679198543,38969700
2918,2021-08-06,413.5647277832031,413.9853230057107,412.9198303207797,413.20023664333985,46930000
2919,2021-08-09,413.2283020019531,413.8544886377314,412.4618979342041,413.53671760242094,41222600
2920,2021-08-10,413.7423400878906,414.4526685963435,412.9946468851688,413.67690908891893,43339300
2921,2021-08-11,414.77044677734375,414.8639155599606,413.6862716488568,414.80783999492405,44034300
2922,2021-08-12,416.0135192871094,416.1537367311729,413.72369084389135,414.62092846348145,38909400
2923,2021-08-13,416.7705078125,416.78919015715337,415.9760660634455,416.4620637284058,39470300
2924,2021-08-16,417.7519226074219,417.8827560853764,413.91993068902,415.47142121296486,73740000
2925,2021-08-17,415.01348876953125,415.87333317500145,412.032014089514,415.2003978250957,92673900
2926,2021-08-18,410.47113037109375,415.5648794226537,410.2281457688839,414.004033503329,89351900
2927,2021-08-19,411.10675048828125,412.3031054700773,407.61123990919793,407.75142884529197,92812200
2928,2021-08-20,414.37786865234375,414.7049951138694,410.96647217681397,411.4524984131377,72008700
2929,2021-08-23,418.0229797363281,418.92957275106846,414.4526832434195,416.0602493564847,54973000
2930,2021-08-24,418.6865539550781,419.2193003480419,418.17251843232447,418.6865539550781,38744700
2931,2021-08-25,419.56512451171875,420.0791600532625,418.49963168684314,418.87350683269574,40529700
2932,2021-08-26,417.08831787109375,419.5183349461485,416.9948490937456,419.2846772641112,57829600
2933,2021-08-27,420.8174743652344,421.1913209422029,417.8360001384459,417.89207569885787,77235100
2934,2021-08-30,422.6679992675781,423.4530855354133,421.2473425254043,421.4903556044944,48357400
2935,2021-08-31,422.0418701171875,422.9110698917558,421.4437212534849,422.5746165039233,59300200
2936,2021-09-01,422.26617431640625,423.49053835442544,422.03251662178167,422.97650283531857,48721400
2937,2021-09-02,423.5653381347656,424.369106938718,422.36901184150173,423.68684470342555,42501000
2938,2021-09-03,423.4626159667969,423.97668014865553,422.0326316269264,422.43454464843063,47170500
2939,2021-09-07,421.9483947753906,423.2101520054819,421.27545948751975,423.1166832249812,51671500
2940,2021-09-08,421.4344177246094,422.144746327745,419.518407287907,421.41573537498465,56181900
2941,2021-09-09,419.6304931640625,422.98581388405796,419.38748005990004,421.23805907529504,57970400
2942,2021-09-10,416.3218994140625,421.9764037145198,416.2003928599835,421.5558370150139,89948200
2943,2021-09-13,417.387451171875,419.5745125589616,415.0789117278803,419.31281705012566,83738600
2944,2021-09-14,415.1349182128906,419.03231214319595,414.2470076652523,418.8266922544094,78197100
2945,2021-09-15,418.6023864746094,419.09773958576324,414.4526240434599,415.55548138185304,78792200
2946,2021-09-16,417.93890380859375,419.05108831666365,414.99479371388514,418.0790927362773,77786700
2947,2021-09-17,413.86767578125,417.59004823430996,413.51137369740354,417.168134146106,118425000
2948,2021-09-20,406.966796875,409.3296017705494,402.10987722418974,407.7543985068498,166445500
2949,2021-09-21,406.58233642578125,410.59537031179264,406.05726871090457,409.30144322368784,92526100
2950,2021-09-22,410.5484619140625,412.5831207202877,406.69483696311266,408.85136298150707,102350100
2951,2021-09-23,415.53662109375,417.1399803704705,412.17993634176355,412.41434258074156,76396000
2952,2021-09-24,416.2210998535156,416.9337039803391,413.6895010133059,413.90516505538227,62094800
2953,2021-09-27,415.0303955078125,416.3524217423701,414.3365334637065,415.1897757538297,61371100
2954,2021-09-28,406.66668701171875,412.5924834545763,405.9353407086728,412.2643090052773,130436300
2955,2021-09-29,407.3512268066406,409.77967232630994,406.78864603672207,408.04506020824715,82329200
2956,2021-09-30,402.3724060058594,409.5264607159928,402.03484612674845,408.82324196639286,140506000
2957,2021-10-01,407.1542663574219,408.8326231008619,400.58153463739126,404.0976283486504,129240100
2958,2021-10-04,401.903564453125,406.8917073430287,399.7657521393978,405.9915954205408,128570000
2959,2021-10-05,406.08538818359375,408.3262970264828,402.6068074886927,403.4037658375677,90682500
2960,2021-10-06,407.7731018066406,407.97938044868795,400.8721956255004,402.49426854273986,113032200
2961,2021-10-07,411.298583984375,414.13020116989895,410.86728449835147,411.0454355366307,72437500
2962,2021-10-08,410.5484619140625,412.45186810178103,409.92026919841044,412.06743842451107,74557400
2963,2021-10-11,407.5762634277344,412.79884218436496,407.5106228023292,409.89219860577384,65233300
2964,2021-10-12,406.57293701171875,408.89825725037673,405.7853354665387,408.4950853785661,71181200
2965,2021-10-13,408.0356140136719,408.8513431322092,404.6226741156243,407.594929147859,72974000
2966,2021-10-14,414.8990783691406,415.04910180856405,411.2235756383798,411.6923881563111,70236800
2967,2021-10-15,418.0588684082031,418.42455590539737,416.38989699593026,417.0087329506892,66260200
2968,2021-10-18,419.29656982421875,419.6341011247243,415.6210668502245,416.2774158643815,62213200
2969,2021-10-19,422.53143310546875,422.5970451226729,420.3092373496492,420.9187166197971,46996800
2970,2021-10-20,424.19097900390625,424.491025906163,422.87830957409244,422.99082000892685,49571600
2971,2021-10-21,425.29742431640625,425.5224452149376,423.159639938205,423.59093953174045,41305400
2972,2021-10-22,424.85662841796875,426.30996431243693,422.91573783259383,424.86601382430814,58845100
2973,2021-10-25,427.135009765625,427.4631842019091,424.1721402757418,425.94423644921017,45214500
2974,2021-10-26,427.5195007324219,429.89169091412384,427.1444564431734,428.68217522735085,56075100
2975,2021-10-27,425.6255187988281,428.6446726137015,425.5504927707311,427.9789668380812,72438000
2976,2021-10-28,429.7323303222656,429.80732773792477,427.0413509410185,427.05070773419686,51437900
2977,2021-10-29,430.6042785644531,430.8949400235168,427.14444004690756,427.43510150597126,70162400
2978,2021-11-01,431.34503173828125,431.9638676988326,429.6198050970678,431.5887947913139,48433600
2979,2021-11-02,433.0889587402344,433.3983909976397,431.3824744636354,431.5137556913935,48908400
2980,2021-11-03,435.7330627441406,436.1362346004919,432.0856879971298,432.5263728629684,52509800
2981,2021-11-04,437.7865295410156,437.8709123645309,435.9862767972165,436.3331934985726,52847100
2982,2021-11-05,439.3054504394531,441.2932109079652,437.7958878886841,440.0086692059953,66390600
2983,2021-11-08,439.6804504394531,440.8993800137787,438.99600255528054,440.4024399467041,50405200
2984,2021-11-09,438.2271423339844,440.28054321030675,436.8207049454919,440.0461369788913,51149100
2985,2021-11-10,434.70166015625,438.2271390064617,433.2202253751318,436.53939698466087,69429700
2986,2021-11-11,434.84234619140625,436.2675545379645,434.8236039920207,436.19252851233256,34848500
2987,2021-11-12,438.1240539550781,438.67724930991125,435.16115531508916,436.1081657875227,53466700
2988,2021-11-15,438.2740783691406,439.56800554034606,437.14894545673525,439.40862530276064,46980500
2989,2021-11-16,440.0086364746094,441.14315465497026,437.9364933419403,438.0114907479462,48857500
2990,2021-11-17,438.9397888183594,439.9242836397509,438.3209528739824,439.7461325975495,47858300
2991,2021-11-18,440.43060302734375,440.69313688366196,437.25204053194824,439.97114731825366,50625600
2992,2021-11-19,439.64300537109375,441.5651251990252,439.27731788187225,440.31806790988196,57315600
2993,2021-11-22,438.4053039550781,444.00292604113224,438.1990253218852,441.518225650883,72762000
2994,2021-11-23,438.98663330078125,439.83987544998917,435.4799250989726,438.07713594296996,73206500
2995,2021-11-24,440.15869140625,440.2805872370219,436.17378507370955,436.98951426235885,61858800
2996,2021-11-26,430.3417663574219,434.96425094373944,429.21660486222436,433.50155816840993,112669600
2997,2021-11-29,435.6205139160156,437.4582506222478,432.92953515695143,435.12357388678817,86268800
2998,2021-11-30,427.1444091796875,435.0860934508205,426.9006175423312,433.18271599479897,148559600
2999,2021-12-01,422.40008544921875,435.68624501124225,422.2031922004538,432.8452422514508,131939200
3000,2021-12-02,428.86962890625,430.43547509903107,422.2218717157111,422.61568676881933,127637800
3001,2021-12-03,425.1379089355469,431.58874442702455,420.9185967447433,430.5292522904625,137331600
3002,2021-12-06,430.1729736328125,432.0482235973753,425.2691846744251,427.6788877462588,98977500
3003,2021-12-07,439.071044921875,439.63362565886325,430.0417113660508,435.442440658666,95484700
3004,2021-12-08,440.2336730957031,440.68374339000826,437.7114595944113,439.46484235390875,72238800
3005,2021-12-09,437.261474609375,440.3368838174408,437.0645813487315,438.9491883572712,61272600
3006,2021-12-10,441.3776550292969,441.52767848734806,437.4115189481302,439.96186050690244,77159800
3007,2021-12-13,437.46771240234375,441.2088270752524,437.18640772794674,440.86191039613635,87724700
3008,2021-12-14,434.45794677734375,436.6894990636773,431.54194649017546,434.2047983047942,97264100
3009,2021-12-15,441.2463073730469,441.49007040259744,432.00131048296834,434.51416709666717,116899300
3010,2021-12-16,437.355224609375,443.3747615247552,435.80812035524764,443.0934854498481,116568600
3011,2021-12-17,432.70050048828125,437.2827723193572,430.997439062657,434.28123782567144,135511600
3012,2021-12-20,428.0993957519531,428.4945657060667,424.4862697414786,427.62893618734074,107134800
3013,2021-12-21,435.7019958496094,435.84312797159805,429.3507919289712,431.5148943716561,69806300
3014,2021-12-22,440.0584411621094,440.17134685592566,435.25032979357655,435.44794347232624,58890200
3015,2021-12-23,442.7965393066406,444.2925972471357,440.9523458894644,441.0558332086626,56439700
3016,2021-12-27,449.0630798339844,449.11011430535285,444.1232543282057,444.17028879957417,56808600
3017,2021-12-28,448.69610595703125,450.5214913868531,447.93396375035627,449.4958929694086,47274600
3018,2021-12-29,449.2700500488281,450.2862300149204,447.8022185897107,448.7995905115579,54503000
3019,2021-12-30,448.02801513671875,450.7002217741406,447.56697399413,449.69343150623797,55329000
3020,2021-12-31,446.89892578125,448.68666632067624,446.6260799179109,447.5387725895835,65237400
3021,2022-01-03,449.48638916015625,449.61813159778876,445.8544557509341,448.15968997839184,72668200
3022,2022-01-04,449.3359069824219,451.6223622300133,447.4822951975026,450.9072545217483,71178700
3023,2022-01-05,440.70770263671875,449.7405319442751,440.61360498167255,448.9689713732978,104538900
3024,2022-01-06,440.2937316894531,443.0035835732876,437.93201531445186,440.24669721539595,86858900
3025,2022-01-07,438.5529479980469,441.479221117935,437.1980222953608,440.3030723284207,85111600
3026,2022-01-10,438.00726318359375,438.2236562011222,429.62367048499374,435.36328278709937,119362000
3027,2022-01-11,441.9967346191406,442.0908322693714,434.75164626994354,437.7437907456816,74303100
3028,2022-01-12,443.19171142578125,445.2429369205549,441.2346123000405,443.72804221308974,67605400
3029,2022-01-13,437.08514404296875,444.9418241930247,436.05954567988096,444.29258772329274,91173100
3030,2022-01-14,437.26397705078125,437.6121125646515,432.7287395605385,433.9425333832712,95890900
3031,2022-01-18,429.5201721191406,432.7851627070061,428.4098944174529,432.5781593461344,109709100
3032,2022-01-19,425.0602111816406,432.45582165960354,424.7873365975809,431.0632797435182,109357600
3033,2022-01-20,420.3555603027344,431.6371698449728,418.2384925675779,426.9419932565545,122379700
3034,2022-01-21,412.1037902832031,421.58824292541317,412.07556385655806,419.23594498974285,202271200
3035,2022-01-24,413.8538513183594,414.36195566976323,395.90112761933347,406.5052754832323,251783900
3036,2022-01-25,408.80108642578125,413.7409112645625,401.9135523304981,407.47438716618876,167997300
3037,2022-01-26,407.7755126953125,417.80571346524874,403.5225401054795,414.6818552495206,186391100
3038,2022-01-27,405.7619323730469,415.50045053402,404.0777079047049,412.3672026513168,149878300
3039,2022-01-28,415.83917236328125,415.88620682845203,402.54398201671927,407.1168346707988,164457400
3040,2022-01-31,423.32891845703125,423.677053931945,413.82562974282484,415.17113717300543,152251400
3041,2022-02-01,426.1893310546875,426.82914917104256,420.5343978995624,424.0534262540882,123155400
3042,2022-02-02,430.3293151855469,431.0538124863708,426.2833462117449,428.58860927324656,117361000
3043,2022-02-03,420.2145080566406,426.208158589354,419.37707621036856,424.30751219871513,118024400
3044,2022-02-04,422.1903991699219,426.0293363499769,417.6080991681987,419.97923360740066,118454400
3045,2022-02-07,420.8354797363281,424.3450895509773,419.50878037886775,422.95254768054906,84472900
3046,2022-02-08,424.2980651855469,425.2201762493433,418.91600673505786,420.33680377789557,81012000
3047,2022-02-09,430.50811767578125,430.82802671260504,428.1275935863995,428.32517855026134,92589900
3048,2022-02-10,422.7737731933594,430.66806944150386,420.7790293131962,424.67441942143387,140103700
3049,2022-02-11,414.437255859375,424.92849902096657,413.0070690365457,422.85849404433793,153214600
3050,2022-02-14,413.0823059082031,415.50989334254666,409.61973040303707,413.9291560964369,123006300
3051,2022-02-15,419.7440490722656,419.91340763201026,416.99655245102997,417.51407522523783,88482700
3052,2022-02-16,420.2145080566406,421.5882420080019,415.8298212683436,417.7022412323989,84863600
3053,2022-02-17,411.2381591796875,420.18631030686123,410.63598579994795,417.03422512188433,102259100
3054,2022-02-18,408.5753173828125,412.74358216810356,406.3076988713617,411.49214366579196,132642900
3055,2022-02-22,404.19061279296875,409.7702560003978,400.6997823601273,406.37355193227506,124391800
3056,2022-02-23,397.02081298828125,407.66260537056274,396.4562558034865,407.098048185768,132578000
3057,2022-02-24,402.9955749511719,403.4284183428238,386.378971556724,386.7364966376221,213942900
3058,2022-02-25,411.88726806640625,411.9719473256861,402.5815659197891,404.22817407311,121804500
3059,2022-02-28,410.83349609375,412.3107459178309,405.25385292778066,406.5052626502716,145615000
3060,2022-03-01,404.57635498046875,411.3415647709706,401.8758933767992,409.3374027412006,137785900
3061,2022-03-02,412.0190734863281,413.740942784039,406.0724579549326,406.8251817399771,117726500
3062,2022-03-03,409.96783447265625,415.04879163986294,408.17067562721684,414.4466183746847,105501700
3063,2022-03-04,406.636962890625,407.76604842308336,402.6004124792588,406.2417642897953,113978200
3064,2022-03-07,394.6496887207031,406.7593128666358,394.5838174926232,406.0536235461076,137896600
3065,2022-03-08,391.6575927734375,401.97005852746355,390.59434954887394,394.82848568696517,164772700
3066,2022-03-09,402.1582336425781,404.134169484024,397.8394184443937,400.02235763522094,116990800
3067,2022-03-10,400.34228515625,401.23614110856755,395.60004466085365,397.55714383339716,93972700
3068,2022-03-11,395.2519226074219,403.4379021571393,394.7438182155745,402.8263104395944,95636300
3069,2022-03-14,392.36322021484375,399.4671471285895,391.2247162730047,396.02340888185535,95729200
3070,2022-03-15,400.9914855957031,401.62188528128036,393.69936293232934,394.9695806826798,106219100
3071,2022-03-16,409.8831481933594,409.939601038674,399.7023972745846,404.49170046381727,144954800
3072,2022-03-17,415.01116943359375,415.01116943359375,407.596722776026,407.9730846505351,102676900
3073,2022-03-18,419.55670166015625,419.8776045343294,412.6666654946888,413.40286121868064,106345500
3074,2022-03-21,419.43408203125,421.3878136478484,415.93240645546575,419.38687263527476,88349800
3075,2022-03-22,424.34197998046875,425.27637447242336,420.8214384644653,420.8214384644653,74650400
3076,2022-03-23,418.8771057128906,423.30372739490633,418.79216338171153,421.81246957458256,79426100
3077,2022-03-24,425.19146728515625,425.2009149244502,419.78326986493045,420.89699675804104,64736900
3078,2022-03-25,427.2679138183594,427.5416361124458,423.2471369609336,425.8238364518409,77101300
3079,2022-03-28,430.30706787109375,430.30706787109375,424.7855856636152,426.67326991890525,68529800
3080,2022-03-29,435.6302490234375,436.1210652814527,431.5056642298495,434.1861719638371,86581500
3081,2022-03-30,432.94036865234375,435.2999738252827,430.8355904687236,434.48825466782915,79666900
3082,2022-03-31,426.27685546875,432.9970065427643,425.8238008960685,432.1758685328461,121699900
3083,2022-04-01,427.4849853515625,427.99463935727147,423.9172632927216,427.8530688001301,89048800
3084,2022-04-04,431.1470642089844,431.25090181901925,426.86204176947047,427.68317979634264,59601000
3085,2022-04-05,425.70111083984375,432.119225743506,424.5590699380688,429.6558116325977,74214500
3086,2022-04-06,421.4444274902344,423.7190907497015,418.5657201739074,421.7936733149173,106898000
3087,2022-04-07,423.5679626464844,425.3801519544788,418.6222397991527,420.56655200877265,78097200
3088,2022-04-08,422.4354553222656,425.32361011547357,420.89698794603316,422.8129864370016,79272700
3089,2022-04-11,415.2151184082031,420.0098246314558,414.7148831400068,419.16979115637787,89770500
3090,2022-04-12,413.6765441894531,420.7175978859881,412.1286293865626,418.19752691427806,84363600
3091,2022-04-13,418.4146423339844,419.16970449840653,413.25182485427155,413.4311571589825,74070400
3092,2022-04-14,413.20465087890625,419.7549175134308,413.1008132674667,418.64116191799894,97869500
3093,2022-04-18,413.37457275390625,415.05461073103595,411.1470901663332,412.2797123367979,66002500
3094,2022-04-19,420.0475158691406,420.76481631207815,413.10082271070314,413.2707073837323,77821000
3095,2022-04-20,419.7359924316406,422.43539568830266,418.5750851378038,421.8219041129893,65224400
3096,2022-04-21,413.4594421386719,424.73836604910855,412.5533618444505,423.3509170968134,85417300
3097,2022-04-22,402.114501953125,413.47834025677906,401.5481909244776,412.3740611145033,132471800
3098,2022-04-25,404.4457702636719,404.6156549215308,395.31880487171003,399.87757815067505,119647700
3099,2022-04-26,392.73272705078125,402.1145203899857,392.70441293823944,401.9162927984164,103996300
3100,2022-04-27,393.8370361328125,399.1697677643689,391.7039722839688,393.8087220181219,122030000
3101,2022-04-28,403.78509521484375,405.51234242525084,394.14847523083597,398.57509707971343,105449100
3102,2022-04-29,388.86297607421875,401.9540624319965,388.11733269096055,399.8021034252902,145491100
3103,2022-05-02,391.2037048339844,392.56283983474725,382.2749373532382,388.92904179526005,158312500
3104,2022-05-03,392.9969787597656,395.40376459664327,390.1465571793375,391.7039196895496,100028200
3105,2022-05-04,404.9649353027344,405.53124638806986,390.4769516548114,393.65769528593023,144247900
3106,2022-05-05,390.5713195800781,401.1329155913623,386.4467339742489,400.7081751004019,172929100
3107,2022-05-06,388.2400207519531,391.50570647733946,382.9450801949944,388.01350785652954,151770800
3108,2022-05-09,375.8096618652344,383.5869123846669,374.23343271582064,382.3504814055953,155586100
3109,2022-05-10,376.67791748046875,383.27536414376215,372.6477223262594,381.77465875186067,132497200
3110,2022-05-11,370.69403076171875,381.35001745771194,369.94838734516037,375.7152782695393,142361000
3111,2022-05-12,370.3070373535156,373.5727232304534,363.5208097766853,367.5038249274551,125090800
3112,2022-05-13,379.1602783203125,380.53827982576547,373.3933876739787,374.43161982347493,104174400
3113,2022-05-16,377.6217956542969,381.28390774009296,375.271637959596,377.51798684544667,78622400
3114,2022-05-17,385.3896179199219,385.62557844782094,379.9719446127917,383.70013247510735,83029700
3115,2022-05-18,369.8539733886719,381.12345103452697,368.61754246873323,380.840309909265,117674500
3116,2022-05-19,367.5887756347656,372.005979027499,365.3707407010665,366.79595164216687,98510700
3117,2022-05-20,367.74920654296875,374.7336324078952,359.1696852051724,371.16591037827914,131432200
3118,2022-05-23,374.6298828125,375.39439273940906,368.45714636210454,370.7695426186861,76414900
3119,2022-05-24,371.77001953125,372.95924112163084,365.22917116715337,370.5146932699092,91448800
3120,2022-05-25,375.0545349121094,377.0177426324369,369.88229858000193,370.2786961363731,91472900
3121,2022-05-26,382.5486145019531,384.18147159869255,376.0738719405769,376.28151834129653,82168300
3122,2022-05-27,391.9398498535156,392.0531062882977,384.8044064245167,385.0026051853853,84768700
3123,2022-05-31,389.7407531738281,393.0725149914447,387.00361655148845,390.3259307298854,95937000
3124,2022-06-01,386.5883483886719,392.86489366619827,384.07772451690533,391.8550043373775,86585800
3125,2022-06-02,393.9503173828125,393.9974979722233,384.18154466114504,386.42789374965014,79609600
3126,2022-06-03,387.4849853515625,390.78843305581245,386.5128290364629,389.2405180200075,71874300
3127,2022-06-06,388.6647033691406,393.21399989631647,387.4943197082246,391.48678171831267,57508900
3128,2022-06-07,392.3929138183594,392.8459684053957,384.7194727728496,385.1819749982957,59272400
3129,2022-06-08,388.12677001953125,392.4684496696644,387.333946070098,390.6845741806073,64350000
3130,2022-06-09,378.8960266113281,388.61759004588066,378.8960266113281,386.3523744576506,86289800
3131,2022-06-10,367.90966796875,373.55385453962793,367.86248738155257,372.70440234363315,132893900
3132,2022-06-13,353.9407958984375,360.3683584476511,352.3362527688543,358.5184359528124,170004900
3133,2022-06-14,352.874267578125,356.7157121238985,349.7784664118968,355.6869276147928,104011800
3134,2022-06-15,357.90496826171875,362.34100925128496,351.2225494582893,356.1682732930812,125666800
3135,2022-06-16,346.0597839355469,350.10887558930665,343.6341022387322,349.7030303010159,134473300
3136,2022-06-17,346.8057861328125,350.1424810150499,343.3079900767023,346.47403747740344,111113900
3137,2022-06-21,355.5361022949219,356.92005638665404,352.44587608946637,352.521725834006,76811900
3138,2022-06-22,354.8914489746094,358.9959259866764,350.90068869887415,351.31777542093766,90059400
3139,2022-06-23,358.370361328125,359.1002487608876,353.46963484148904,357.0243321478926,79292100
3140,2022-06-24,369.7643737792969,369.7738622299875,361.5080041964566,361.53644062032527,98050300
3141,2022-06-27,368.35198974609375,370.97771602411575,367.2618882407592,370.6838633295004,66009600
3142,2022-06-28,360.8254699707031,372.68394948048416,360.71172428504013,369.9065529188097,86548900
3143,2022-06-29,360.5316467285156,362.3611241546952,358.71165775298255,361.3753088463661,65676000
3144,2022-06-30,357.6025390625,360.8349471944622,353.1567954408799,356.6451313576215,112508300
3145,2022-07-01,361.3847351074219,361.82079880218214,354.33221338787916,356.9484798436387,74839700
3146,2022-07-05,362.0672607421875,362.08623764291843,353.4791138897527,356.3039239194396,81438000
3147,2022-07-06,363.29010009765625,365.7736442291068,359.8302001680812,362.2094581257224,70426200
3148,2022-07-07,368.7311096191406,369.52735833895935,363.3090102076316,365.06266665246835,64525900
3149,2022-07-08,368.4277648925781,370.29516685698064,365.5745188691098,367.1006548819058,72397800
3150,2022-07-11,364.21905517578125,366.72154716840924,363.52706364959664,365.7546798643806,58366900
3151,2022-07-12,360.9960632324219,366.04848886653093,359.2518953418649,363.6692023712076,62219200
3152,2022-07-13,359.1002502441406,362.02934629353234,355.14744302288534,355.56452982281553,84224600
3153,2022-07-14,358.22821044921875,359.30882348190096,351.71600904471353,354.1521398256336,89704800
3154,2022-07-15,365.0721435546875,365.1858892356065,360.7211976903377,362.62649570213034,79060400
3155,2022-07-18,362.0577697753906,368.825898190188,360.8349458407432,368.1528836213448,63203600
3156,2022-07-19,371.8403015136719,372.40905889172745,365.31864088700104,365.97267860433266,78506000
3157,2022-07-20,374.2100830078125,375.62250240338216,370.6648741646818,372.02988023942527,71843800
3158,2022-07-21,378.0206604003906,378.068044783412,371.23355627334496,373.63179040376264,64903900
3159,2022-07-22,374.513427734375,379.33833343517273,372.29530007355766,378.1439748043947,72197300
3160,2022-07-25,374.9684753417969,375.8215969964553,372.73137056679104,375.1390938870878,53631500
3161,2022-07-26,370.5321350097656,373.5370225526236,369.6410886834943,373.3284791799176,52946400
3162,2022-07-27,380.1535339355469,381.8977018374365,373.52755888438156,373.8214115297532,82342100
3163,2022-07-28,384.921630859375,385.6135934950256,377.4140966164,380.9593347805678,73966600
3164,2022-07-29,390.5333251953125,391.5191695238333,385.58518450605675,386.3529969467856,87003700
3165,2022-08-01,389.3768005371094,391.8793213752261,387.1302364241008,387.8411758992656,69997500
3166,2022-08-02,386.807861328125,391.4905839442807,385.63245091422505,387.8126532486901,63435400
3167,2022-08-03,392.86517333984375,394.0310955881913,388.6469207989162,388.931285023342,67820600
3168,2022-08-04,392.5997619628906,393.4718315474268,390.95985110646615,392.78932847212786,45656600
3169,2022-08-05,391.93621826171875,392.58079648264055,388.26777497334547,388.3246478205913,56814900
3170,2022-08-08,391.4811706542969,395.87004150956847,390.3815808280443,393.62347746477167,53886100
3171,2022-08-09,389.9265441894531,391.25362520037476,388.85539093228897,390.75122921309026,44931800
3172,2022-08-10,398.1165771484375,398.2587881715667,395.0168917661512,396.9696030117307,68665700
3173,2022-08-11,398.1165771484375,402.818277227606,397.37720132659865,400.9603347598482,59489700
3174,2022-08-12,404.8563232421875,404.9605804756404,399.10244636975136,400.0503656332881,61694500
3175,2022-08-15,406.52459716796875,407.04597006301,402.59073843868015,402.6476112740378,54048300
3176,2022-08-16,407.3209228515625,409.2451978170758,404.64778356108576,405.4535207281274,59289000
3177,2022-08-17,404.4297790527344,407.1313549468698,402.42968313864895,403.7283280008868,63563400
3178,2022-08-18,405.60516357421875,406.2876376325339,403.3396227828059,404.62877901944364,49023200
3179,2022-08-19,400.1546325683594,403.1121358999802,399.2825341593999,402.8467196760706,68016900
3180,2022-08-22,391.8224182128906,395.5003494416631,390.92188337608326,395.329701995395,77695600
3181,2022-08-23,390.8744812011719,393.7846000380237,390.3246718748115,391.3958251809502,49105200
3182,2022-08-24,392.1257629394531,393.49074002484474,389.9645082393007,390.64698231789686,49177800
3183,2022-08-25,397.6616516113281,397.7090360070508,392.52391605971974,393.614017515164,50942300
3184,2022-08-26,384.2011413574219,398.088152311537,384.14426851779484,397.5478603350803,103087000
3185,2022-08-29,381.6607666015625,384.70357956798847,380.30524889484775,381.2531682301508,65370800
3186,2022-08-30,377.4708557128906,383.0541130826595,375.37596260732516,382.8171333082862,85652400
3187,2022-08-31,374.59869384765625,380.34308175251573,374.4660002053889,379.1013099434974,76029700
3188,2022-09-01,375.774169921875,376.1154069737023,369.7264403478649,372.4280160542996,78740100
3189,2022-09-02,371.8118591308594,380.64647400085363,370.0013297859772,379.4331384469464,99632100
3190,2022-09-06,370.408935546875,373.5939303427136,368.19080797230174,372.6554995418325,76637400
3191,2022-09-07,377.0633239746094,377.8311362647998,369.8781086762223,370.0961115930664,70964200
3192,2022-09-08,379.5279235839844,379.98290632149366,373.59393967123003,374.79781566335777,80821700
3193,2022-09-09,385.42401123046875,386.28662130528346,381.49961125899546,381.7650275183075,76706900
3194,2022-09-12,389.56640625,390.2868341942052,387.1871194866291,387.49046061347366,69256300
3195,2022-09-13,372.6270751953125,382.10626800654813,371.5085373863549,380.90239200547273,122947100
3196,2022-09-14,374.0489807128906,375.5656574561683,370.75021096587693,373.9257465690702,85023700
3197,2022-09-15,369.8022766113281,375.33812191068284,368.53206820723454,372.49436398050875,87633800
3198,2022-09-16,366.9811096191406,367.6378630769438,363.69734233012485,365.6295510878898,103084800
3199,2022-09-19,369.8269348144531,369.8269348144531,363.76389056536226,363.84005187278575,73278500
3200,2022-09-20,365.5820007324219,367.51418074829206,362.83127514540325,366.50526088071683,77274900
3201,2022-09-21,359.2047424316406,370.55033777024784,359.1952150060502,367.50452437829694,106746600
3202,2022-09-22,356.1875,360.0708846733697,355.44508694272207,358.4337649769324,89472600
3203,2022-09-23,350.2197265625,352.76105188849385,345.7842729569001,352.7229712221048,122346900
3204,2022-09-26,346.7550354003906,352.37072699861113,345.53671576875286,348.753848761664,92581200
3205,2022-09-27,345.8699035644531,352.5516221250691,343.48084301099055,350.28630194167937,108294100
3206,2022-09-28,352.6753845214844,354.36008362291216,345.1275119459914,346.82173847556913,110802200
3207,2022-09-29,345.3082580566406,349.42006827966514,342.36715927302765,349.13453598884,112952300
3208,2022-09-30,339.9686279296875,348.2779675279083,339.8353891876637,344.36600021604005,153711200
3209,2022-10-03,348.9442138671875,350.7907337489844,341.90080218718504,343.6806881754969,89756500
3210,2022-10-04,359.7568054199219,359.7853586515844,348.90614168269303,354.4551993806732,103602800
3211,2022-10-05,358.9192199707031,361.17501250579096,353.07510228982494,355.397528717206,88065700
3212,2022-10-06,355.2167053222656,360.47070383972516,354.72174385776447,357.5200770483229,82333500
3213,2022-10-07,345.3082580566406,355.3022948939197,343.5473981378096,351.19045562386657,107789500
3214,2022-10-10,342.6717529296875,346.659852271921,340.43501530969775,346.42189898919605,76042800
3215,2022-10-11,340.5016174316406,345.5367169870272,338.5694379532379,340.9775239932869,92482800
3216,2022-10-12,339.3784484863281,342.4813682302242,339.1309678057882,340.91088255478394,76991800
3217,2022-10-13,348.3350830078125,349.8008834901985,331.3356839052994,332.3826842498608,147254500
3218,2022-10-14,340.39697265625,352.41837848921915,339.7592450066515,350.7907569397952,123737000
3219,2022-10-17,349.1441345214844,350.24824134925336,340.06382821256403,346.46954168027236,93168200
3220,2022-10-18,353.24639892578125,357.35823847132036,349.81033854515664,357.0536513093477,97162900
3221,2022-10-19,350.74310302734375,353.9316825006344,347.93524295824557,351.2094821189524,79746900
3222,2022-10-20,347.80206298828125,354.7122360773966,347.0405950042413,350.2958089110657,88283100
3223,2022-10-21,356.2541809082031,356.7395859020458,346.02218871676973,347.5260408349085,131038400
3224,2022-10-24,360.61346435546875,361.74612439325887,355.13101099924324,357.77707959447656,85436900
3225,2022-10-25,366.3719177246094,366.68600327248134,360.4230857441992,360.53729867069814,78846300
3226,2022-10-26,363.6116638183594,368.9037428227225,362.97396524839513,363.23094435236135,104087300
3227,2022-10-27,361.66998291015625,366.44807462100994,361.05128110498777,364.6110821532887,81971800
3228,2022-10-28,370.27435302734375,370.75025961760167,361.3844214069697,361.5652682350303,100302000
3229,2022-10-31,367.59979248046875,369.68426585196175,366.6955873080766,367.81871998807645,96631300
3230,2022-11-01,365.9911804199219,371.5783479860967,364.8204688405162,371.34039469961164,85407600
3231,2022-11-02,356.8061828613281,369.9031408055681,356.70149735976,365.4010542504777,126990400
3232,2022-11-03,353.1322021484375,356.16848838692556,351.0191758170607,353.5700280593983,87100100
3233,2022-11-04,358.21490478515625,360.61346359996287,352.170885136249,358.8335775577456,103505200
3234,2022-11-07,361.6414794921875,362.23159909806725,357.4344518726958,359.50939792144624,68286900
3235,2022-11-08,363.59271240234375,366.56236551056435,359.5189522839059,362.7455845486704,84641100
3236,2022-11-09,356.10186767578125,362.77408732506177,355.6069062348671,361.6223724698831,78495500
3237,2022-11-10,375.671142578125,376.00428299719744,367.0572450041489,369.35108918360226,141455800
3238,2022-11-11,379.3070373535156,380.1065568499029,374.6431300540452,376.5277303971915,93839900
3239,2022-11-14,376.0804443359375,380.89661702699635,375.80441036199727,377.5462448649226,71903500
3240,2022-11-15,379.28802490234375,382.9239582221826,375.4807721813481,381.8198514474499,93194500
3241,2022-11-16,376.39453125,378.61224316456577,375.76633106956126,377.6604299906343,68508500
3242,2022-11-17,375.2427978515625,375.91860608551974,371.34038726892305,371.6449453937852,74496300
3243,2022-11-18,376.94659423828125,378.6408206344442,374.1006819611119,378.5741867367159,92922500
3244,2022-11-21,375.5759582519531,376.7466989172969,373.73896579052973,375.6235663390515,51243200
3245,2022-11-22,380.6300964355469,380.7919174617573,376.1089836932025,377.5176776993283,60429000
3246,2022-11-23,383.0286865234375,383.51409151080327,380.06853232216565,380.29695819857307,68261600
3247,2022-11-25,382.9429626464844,383.4950305265415,382.191051189936,382.4670560829331,30545400
3248,2022-11-28,376.83233642578125,381.4962149118125,376.0708685003482,379.8590951809206,67881600
3249,2022-11-29,376.18511962890625,378.1553507626501,374.34809818392904,376.96558433179973,52310000
3250,2022-11-30,388.0351257324219,388.0351257324219,374.5193982519049,376.43252267362675,144566700
3251,2022-12-01,387.7496337890625,390.2433795179694,385.24636063389784,389.07263892248426,76398200
3252,2022-12-02,387.30224609375,388.20645105003473,382.76210836744406,382.86679385886526,85342700
3253,2022-12-05,380.3350524902344,385.4177317516839,378.9834939436765,384.48497335823737,77289800
3254,2022-12-06,374.8525695800781,380.7157422182558,372.7681254520418,380.17323078475664,77972200
3255,2022-12-07,374.2149658203125,376.5754735470353,373.08230553241697,374.0055657070787,65927900
3256,2022-12-08,377.1465148925781,378.21254120378944,374.3196280633302,376.0995434385917,60737900
3257,2022-12-09,374.3291320800781,378.45999830118234,374.2053917040091,375.909145637889,81447700
3258,2022-12-12,379.7259216308594,379.7259216308594,374.4528678993267,375.119119770537,75405800
3259,2022-12-13,382.600341796875,390.70977956297014,379.8400894083029,390.45280046353844,123782500
3260,2022-12-14,380.1541748046875,385.9602409589763,377.21307559103866,382.257673780074,108111300
3261,2022-12-15,370.85498046875,376.20416598654884,369.1988348015829,375.2999318308924,117705900
3262,2022-12-16,366.4766540527344,369.6416209558771,364.34438227509384,368.3029691083944,119858000
3263,2022-12-19,363.3690185546875,367.0025351167428,361.70526779936387,366.6678648941245,79878100
3264,2022-12-20,363.86627197265625,365.48222528681765,361.2941346468216,362.61367325179793,74427200
3265,2022-12-21,369.30694580078125,370.4352358837999,365.92204637130624,366.4575070608886,78167400
3266,2022-12-22,364.038330078125,369.28777027212345,358.34902428686854,366.2662256920997,100120900
3267,2022-12-23,366.1323547363281,366.27577647509355,361.466172965727,363.01518610522345,59857300
3268,2022-12-27,364.6885681152344,366.36189009849295,363.01524613197586,366.0176778685383,51638200
3269,2022-12-28,360.15625,366.59137848650926,359.9267751898031,364.6216127041186,70911500
3270,2022-12-29,366.6391296386719,367.50926042450396,362.47015297141144,362.9960715854847,66970900
3271,2022-12-30,365.6734313964844,365.8168531569802,361.84869548769285,363.961883087202,84022200
3272,2023-01-03,364.13397216796875,369.49815002254616,361.274962367188,367.52841345608357,74850700
3273,2023-01-04,366.94512939453125,368.9722345195995,363.34986872415914,366.3905264117615,85934100
3274,2023-01-05,362.7570495605469,365.1092537639918,362.16422021646383,364.9945163658359,76970500
3275,2023-01-06,371.0758056640625,372.19455357778276,362.785708249104,365.84547897836046,104189600
3276,2023-01-09,370.8655090332031,376.44964922378716,370.6838609207569,373.2655401902277,73978100
3277,2023-01-10,373.46624755859375,373.5331874264222,369.3450978055792,370.28216841393834,65358100
3278,2023-01-11,378.1898193359375,378.26633038365287,374.2312334389066,375.0439955334967,68881100
3279,2023-01-12,379.5667419433594,381.0297021014003,375.2256881711222,379.2894696301709,90157700
3280,2023-01-13,381.0392761230469,381.61299228704434,376.10536380133436,376.3730941204777,63903900
3281,2023-01-17,380.34124755859375,382.69348088927234,379.66236518124305,381.0201591163604,62677300
3282,2023-01-18,374.33642578125,382.58829750949707,374.1356353327088,381.526947386791,99632300
3283,2023-01-19,371.6112976074219,373.9443593060729,370.2917592534764,372.2997219516563,86958900
3284,2023-01-20,378.53411865234375,378.6871115907864,371.36273880270227,373.0073764154368,91806400
3285,2023-01-23,383.07598876953125,385.0074698849866,378.3811219727352,379.3373059432333,84178800
3286,2023-01-24,382.664794921875,383.57315208650715,380.21696655885887,381.4026252152029,59524900
3287,2023-01-25,382.80816650390625,383.14283664930235,376.31567073270514,378.600963880045,84800300
3288,2023-01-26,387.0154724121094,387.1780365308271,382.5022827834098,385.466459007332,72287400
3289,2023-01-27,387.9046325683594,390.2759788703347,385.7627902184548,385.97315181927854,68346200
3290,2023-01-30,383.0377502441406,387.37883383343035,382.7413355345612,385.1509087422322,74202000
3291,2023-01-31,388.669677734375,388.717475261581,383.2098461559824,383.5540875652921,86811800
3292,2023-02-01,392.80035400390625,395.54462644508357,384.7206171548962,387.45528923844535,101459200
3293,2023-02-02,398.518310546875,399.98127069479483,394.78919930515946,396.6824246845757,101654500
3294,2023-02-03,394.28240966796875,398.69997431086017,393.07760869975664,393.55570061661354,94736800
3295,2023-02-06,391.87286376953125,393.2689133762878,390.2186841761235,391.834637420615,60295300
3296,2023-02-07,396.9980163574219,398.24104381969875,389.7118993305467,390.9549267928235,90990700
3297,2023-02-08,392.65692138671875,396.3669196696717,391.9684677962696,395.02826801613645,76227500
3298,2023-02-09,389.2529296875,396.4051963035193,388.0290153704697,396.2522033663381,78694900
3299,2023-02-10,390.1612548828125,390.54372257551336,387.26401906949224,388.0767519738261,70769700
3300,2023-02-13,394.74139404296875,394.875273798094,390.3525133608386,390.81149214644563,64913500
3301,2023-02-14,394.5597229003906,396.864100329501,390.6106788806823,393.22104214899304,88389300
3302,2023-02-15,395.8410339355469,395.91751581058026,391.5286350725414,392.3700815999979,61555700
3303,2023-02-16,390.3907470703125,394.8178830322616,390.25689650308516,390.87841017898984,76431500
3304,2023-02-17,389.41546630859375,389.6545122847336,386.34609496505783,388.26803395095567,89257800
3305,2023-02-21,381.6033935546875,386.45125247879577,381.34523443071777,385.3994444508215,82655900
3306,2023-02-22,381.07757568359375,383.5540887169433,379.62415734279705,382.01461731866567,83742300
3307,2023-02-23,383.1047058105469,384.5772374212778,378.8879306391957,383.9652656213402,96242400
3308,2023-02-24,379.0121154785156,379.84399066333657,376.3921813690038,378.0941872587558,108194400
3309,2023-02-27,380.3030090332031,383.707021167783,379.3659383654355,382.3492272761536,80444700
3310,2023-02-28,378.8974914550781,381.785156708453,378.79229603840645,379.82499112745273,96438600
3311,2023-03-01,377.4440612792969,379.30863174384257,376.1436650512144,378.0847173960627,99706800
3312,2023-03-02,380.3795471191406,381.2209936912257,375.1396483986959,375.4743186281051,85127800
3313,2023-03-03,386.47998046875,386.7285976253681,381.54606794616154,382.1962660076362,90120000
3314,2023-03-06,386.7477111816406,389.59714976739536,386.3078747490803,387.3022850157021,72795900
3315,2023-03-07,380.8193054199219,386.93890498621045,380.20736297154104,386.6998590400402,108310600
3316,2023-03-08,381.4409484863281,382.1963128648765,379.21302334137835,380.9341721144572,74746600
3317,2023-03-09,374.40338134765625,383.88873887527785,373.41851305631604,382.2249589763906,111945300
3318,2023-03-10,369.0008850097656,375.9332173953836,367.4805563054659,373.85828575920306,189253000
3319,2023-03-13,368.4750061035156,373.2846390345943,363.9713881978472,365.0805650006383,157790000
3320,2023-03-14,374.56591796875,376.21055539266825,370.0909552792131,373.38980130348455,149752400
3321,2023-03-15,372.2232971191406,372.42408758364206,366.8973453679593,368.9818486133687,172996900
3322,2023-03-16,378.7540283203125,379.09826973239205,369.364323664859,369.8711000150825,143254200
3323,2023-03-17,374.3252868652344,378.55815418806935,372.9431249111748,377.425558203759,140553400
3324,2023-03-20,377.9247131347656,378.33746367070916,374.40214170963634,375.1028011958168,93055800
3325,2023-03-21,382.8870544433594,383.36697102971766,379.69079357481445,381.28412015653794,91524200
3326,2023-03-22,376.3601989746094,386.3232727268631,376.3218267349629,382.71431965042825,111746600
3327,2023-03-23,377.37762451171875,383.25179889041164,374.6708879123496,379.22048781510506,119351300
3328,2023-03-24,379.85400390625,379.94038538264834,373.7590569871103,376.10105243097433,107682400
3329,2023-03-27,380.564208984375,382.8966256334002,379.67157124890343,382.1287415933862,74010400
3330,2023-03-28,379.7100524902344,380.5642888800985,377.8767674052834,379.87320774489075,62871700
3331,2023-03-29,385.22906494140625,385.4690232440617,382.6662973806607,383.8660888939379,77497900
3332,2023-03-30,387.4846496582031,388.1085353397573,385.6225710265115,387.8589693504225,69840000
3333,2023-03-31,392.9461364746094,393.24368242982905,388.30051790737826,388.4061147934353,112062600
3334,2023-04-03,394.4433898925781,394.846503356158,392.03419964751777,392.4277346993414,67391100
3335,2023-04-04,392.25506591796875,395.37452397054454,390.88248211307797,395.08655642138893,66601500
3336,2023-04-05,391.2280578613281,392.28388034677903,389.5771434182015,391.52560384016596,65200200
3337,2023-04-06,392.7541809082031,393.0325407601975,389.3851567329968,390.4313714897771,63743300
3338,2023-04-10,393.1573181152344,393.2341211854021,389.6635400091113,390.2778181115092,63681000
3339,2023-04-11,393.26287841796875,394.66422675434245,392.4950235384784,393.7811965721071,59297900
3340,2023-04-12,391.6598815917969,395.61441853712375,391.0743974655557,395.32645103436823,86420400
3341,2023-04-13,396.8622741699219,397.21740780284637,391.602377161458,392.744581127332,85814800
3342,2023-04-14,395.8927917480469,398.4171577397506,393.58919793642514,396.22873922494233,78161500
3343,2023-04-17,397.3133239746094,397.3325100919648,394.5777937246766,395.80637894641507,66436400
3344,2023-04-18,397.572509765625,399.0218673008723,396.1999552913603,398.8874765900454,63560000
3345,2023-04-19,397.50537109375,398.4075874340768,395.60489064257166,395.6624782963843,55227300
3346,2023-04-20,395.33612060546875,397.08302413683805,393.79077385332334,394.69301944461137,75840400
3347,2023-04-21,395.6432189941406,396.10392013942635,393.6947589557848,395.63361128968654,73457400
3348,2023-04-24,396.0559997558594,396.47832873039835,394.1075394245126,395.44169241406223,64332100
3349,2023-04-25,389.76904296875,394.6450119030647,389.7114553215701,394.088292257947,97766700
3350,2023-04-26,388.1181640625,391.4583943618871,387.56147365849546,390.3833857943013,80447000
3351,2023-04-27,395.8448486328125,396.11360078097556,390.4025810177756,390.65214704527966,92968400
3352,2023-04-28,399.2233581542969,399.23296585827956,394.9041093784705,394.96169701880575,89433100
3353,2023-05-01,398.8203125,400.8455465437123,398.58993260769745,398.7819109693187,62122300
3354,2023-05-02,394.33782958984375,398.1579758951747,391.4391441559721,398.1099666648256,103998500
3355,2023-05-03,391.6311340332031,397.24616414474065,391.39117573178515,394.83697342513307,91531800
3356,2023-05-04,388.85723876953125,390.91126663739385,387.52305652796423,390.5849268562114,94901900
3357,2023-05-05,396.0559997558594,397.102214486308,392.2262744508848,392.48541888407567,87891800
3358,2023-05-08,396.1615905761719,396.64150723066325,394.76024214675766,396.3823627822816,50046800
3359,2023-05-09,394.42425537109375,395.53766541370464,394.1939047732381,394.61623373049684,49220100
3360,2023-05-10,396.2671203613281,397.8892407221348,392.44697389350114,397.2557473304781,96142900
3361,2023-05-11,395.5760192871094,395.86395749973974,393.502776280826,395.40325635953116,70157100
3362,2023-05-12,395.0577697753906,397.0254455424627,392.63900049417026,396.8142810526254,70481500
3363,2023-05-15,396.42071533203125,396.8238288685914,393.75238023444746,395.6624389099318,54289400
3364,2023-05-16,393.77154541015625,396.23832360826236,393.7619377053924,395.3168627044219,57705500
3365,2023-05-17,398.5515441894531,399.1562144912637,394.14591338269895,395.78721992832476,87287000
3366,2023-05-18,402.390869140625,402.8131980774416,398.01403224251106,398.23477512417634,97177200
3367,2023-05-19,401.8052978515625,403.8209530705087,400.5863204499604,403.2930566213516,103793300
3368,2023-05-22,401.9685974121094,403.5043365562108,400.5864351115969,401.8246282749285,60745400
3369,2023-05-23,397.45733642578125,401.9013689419868,397.0638012887145,400.32722839371974,86383500
3370,2023-05-24,394.577880859375,396.2384030684528,393.41649072958387,395.85447559408595,89213700
3371,2023-05-25,397.9947814941406,399.44413882097075,395.8447647643643,398.08116295648546,90961600
3372,2023-05-26,403.14910888671875,403.8689837488059,398.57071530888675,398.64748907245814,93830000
3373,2023-05-30,403.3027038574219,405.6062976614237,401.9205417166639,405.07840112218025,72216000
3374,2023-05-31,401.0663146972656,402.3812815149699,399.50178187032054,401.4790359496369,110811800
3375,2023-06-01,404.8768310546875,405.93265339027886,400.04887142591303,401.29664281865877,88865000
3376,2023-06-02,410.7318420410156,411.5188830151562,406.92130300774403,407.44919955900986,91426200
3377,2023-06-05,409.94476318359375,412.36353228842165,409.2440744066445,411.0773593229492,65460200
3378,2023-06-06,410.8374328613281,411.3653294424387,408.87936479133043,409.5320736758542,64022200
3379,2023-06-07,409.4169006347656,412.36359602704806,408.994571620611,411.2309997126284,85373300
3380,2023-06-08,411.893310546875,412.3444334153618,408.71626434456255,409.4841193458295,61952800
3381,2023-06-09,412.6322021484375,414.6382496097772,411.64357532697767,412.6897897852776,85742800
3382,2023-06-12,416.37567138671875,416.45247445367045,412.89150113320926,413.6113761039967,76104300
3383,2023-06-13,419.1207580566406,419.76382988102273,417.1722978814529,417.8345851160925,95899700
3384,2023-06-14,419.619873046875,421.4243641568749,416.1740753599218,419.45671780561304,100612100
3385,2023-06-15,424.82220458984375,426.06997610483035,418.7080714411939,418.8040313332803,110303100
3386,2023-06-16,423.3751525878906,427.3732510116979,422.9030966686289,426.80484934957235,114165800
3387,2023-06-20,421.1785888671875,422.32503554227975,419.1072877770987,421.4387253030806,76160400
3388,2023-06-21,419.02056884765625,420.9955241203809,418.43288044222425,420.19591625792975,76982300
3389,2023-06-22,420.53314208984375,420.6391018260277,417.72964857046975,418.0668439684426,70637200
3390,2023-06-23,417.3538818359375,419.13617505158805,416.6409763099136,417.0841314152319,92074500
3391,2023-06-26,415.6487121582031,418.7026693868189,415.40786249787595,416.7855154988048,72823600
3392,2023-06-27,420.2055969238281,420.8221567639146,416.0726085341393,416.52540707007813,72813700
3393,2023-06-28,420.4175109863281,421.4290677123489,418.509971256602,419.1265310456325,75636000
3394,2023-06-29,422.0744934082031,422.2382840858477,419.5985816622902,420.0031925590313,67882300
3395,2023-06-30,427.0553283691406,428.0379843526411,424.96474047999936,425.28267848094407,104964000
3396,2023-07-03,427.5466613769531,427.82602579498047,426.4291155030701,426.70850932168867,32793400
3397,2023-07-05,426.9108581542969,427.6430505530816,425.725867203726,425.7355105986345,58418400
3398,2023-07-06,423.5678405761719,423.991738320798,421.06299828536083,423.3366343156822,80658300
3399,2023-07-07,422.4984436035156,426.438769743823,422.2575939538954,422.5755319557256,86134200
3400,2023-07-10,423.5678405761719,423.7412452715391,421.57359837767063,422.1420000351028,62443500
3401,2023-07-11,426.2653503417969,426.7566930521444,423.3558970583311,424.32893908451956,64463800
3402,2023-07-12,429.69500732421875,431.1015903646367,428.62564905437046,430.0514894814251,91924500
3403,2023-07-13,433.10546875,433.89546265173254,431.07271183277675,431.50622355890425,72425200
3404,2023-07-14,432.8357238769531,434.83958003816,432.07463074719146,433.991813962652,69815800
3405,2023-07-17,434.3385925292969,435.3886934056767,432.6430016974079,432.6911892645716,52680200
3406,2023-07-18,437.5660400390625,438.2115006773749,433.5775554716282,434.01109662916457,80668200
3407,2023-07-19,438.5390625,439.724023983291,437.48893213427476,438.35601441060516,65891700
3408,2023-07-20,435.6295471191406,438.44268380742795,434.9166416038705,437.54673021651973,70591600
3409,2023-07-21,435.6295471191406,437.54673021651973,435.6199331260899,437.34439535359957,71275600
3410,2023-07-24,437.57568359375,438.3849349409323,435.7452026173443,436.77604624077406,54023400
3411,2023-07-25,438.77020263671875,440.02260889064576,437.2576599788585,437.305847542833,55191200
3412,2023-07-26,438.8376770019531,440.26348802035136,436.7856334140258,437.8357342912967,71052900
3413,2023-07-27,435.92828369140625,442.62391665220645,435.0226865294984,442.21927624770876,92194400
3414,2023-07-28,440.19610595703125,441.0246146496096,435.92822776892785,439.1941631701477,80011800
3415,2023-07-31,441.0342712402344,441.39072403261815,439.35793761574195,440.6681750532694,62040400
3416,2023-08-01,439.7721862792969,440.51399258801536,438.8184017102693,439.5698514127993,55291500
3417,2023-08-02,433.65460205078125,436.9205079074881,432.90315234388123,436.6604008783812,93933400
3418,2023-08-03,432.4118347167969,434.2904737931767,430.9956375639887,431.64112757810364,64276100
3419,2023-08-04,430.4560852050781,436.3231785934213,429.93584177835424,434.2229769011584,100128900
3420,2023-08-07,434.2133483886719,434.3674956833761,431.5929031798807,432.28655130575453,58357500
3421,2023-08-08,432.32513427734375,434.2037733620173,428.9724964679823,431.67964426037906,71361300
3422,2023-08-09,429.4349060058594,432.7586427817327,428.67381291504086,432.5948520910791,78789600
3423,2023-08-10,429.5890808105469,435.16716703483127,428.42337671620794,431.7856284811605,93005500
3424,2023-08-11,429.3385314941406,430.35011754971424,427.1227267257981,427.7200290859293,68690900
3425,2023-08-14,431.7085266113281,431.7085266113281,428.1150686990038,428.4233633029166,47867400
3426,2023-08-15,426.6795959472656,430.29234049304716,426.1111649328765,429.9358583347008,75707500
3427,2023-08-16,423.54852294921875,427.92233089124835,423.44253382784007,426.26528432536145,80107200
3428,2023-08-17,420.3211975097656,425.27305119137833,419.8009540161682,425.01294414487614,95711300
3429,2023-08-18,420.52349853515625,421.5543421169173,417.1612467523088,417.5080561439708,98852000
3430,2023-08-21,423.259521484375,424.0013277942752,419.38666984217986,421.53502982303786,68719000
3431,2023-08-22,422.1130676269531,425.0321640493009,421.5543094057689,425.0321640493009,64994200
3432,2023-08-23,426.81451416015625,427.4311034249485,423.0283644204359,423.17286834168584,68441000
3433,2023-08-24,420.8992614746094,428.9243595057039,420.87033128977225,428.4137593836846,88517300
3434,2023-08-25,423.86651611328125,425.14782341445994,419.07842352366526,422.62372359066535,102325100
3435,2023-08-28,426.55438232421875,427.1709421526019,423.8664919427265,426.05339622552776,61595400
3436,2023-08-29,432.72015380859375,432.9995476574254,426.2653709047112,426.44841900560834,83081900
3437,2023-08-30,434.50238037109375,435.13822692888783,432.35399106524045,433.057282576268,69053900
3438,2023-08-31,433.8666076660156,436.255817610441,433.6835595621321,435.1190142078131,66084600
3439,2023-09-01,434.6758117675781,437.06505085275637,433.2210704898494,436.5833515582069,58944100
3440,2023-09-05,432.79718017578125,434.55057269413254,432.72976461783867,434.23266409054196,55166200
3441,2023-09-06,429.8876953125,432.09388618903915,427.5659013158959,431.98789706191957,70758500
3442,2023-09-07,428.56787109375,429.24223247025344,426.5447281630559,426.8915375451562,70355400
3443,2023-09-08,429.2133483886719,430.74514868706615,428.25959315019446,428.61604594030854,61659700
3444,2023-09-11,432.0361328125,432.3443980335229,430.1285929169173,431.8337979292306,60180100
3445,2023-09-12,429.6661376953125,432.11317840274216,429.0881220484013,430.59102153155527,67565400
3446,2023-09-13,430.1671142578125,431.3231749266096,428.78943192828973,429.8877204342684,60199300
3447,2023-09-14,433.876220703125,434.569868937207,431.3328634452209,432.633457559199,83430800
3448,2023-09-15,428.64874267578125,432.62229333118586,428.21370176743056,432.2935859212208,111848900
3449,2023-09-18,428.9001159667969,430.1956202798295,427.8656361967372,428.3393572391215,55752200
3450,2023-09-19,428.0106201171875,428.57137880593234,425.3326034960519,427.981617392204,66514600
3451,2023-09-20,424.0758056640625,429.6832158729015,423.8727570723084,429.2675002876334,82562600
3452,2023-09-21,417.06646728515625,421.4943834516094,416.91177626347593,421.2333589486901,104095800
3453,2023-09-22,416.12872314453125,419.6865285568745,415.71297806578804,418.09131961695476,100829700
3454,2023-09-25,417.878662109375,417.91731274481344,414.48519532648515,414.9202657617333,70874500
3455,2023-09-26,411.7394104003906,415.54859200929735,410.90794984146544,414.8428197503268,96168400
3456,2023-09-27,411.90380859375,413.4700443597365,408.26867230252077,412.9092856337623,104705800
3457,2023-09-28,414.2917785644531,415.964347748709,410.76297593705533,411.3527373620953,92258300
3458,2023-09-29,413.28631591796875,417.5112133076614,411.7684378270295,417.3371969608053,115111300
3459,2023-10-02,413.1219787597656,414.36915501527096,410.3666017087048,412.4548865420046,83798600
3460,2023-10-03,407.59185791015625,413.1799422139496,406.22867088652805,410.94664397430034,103760600
3461,2023-10-04,410.5599365234375,411.30435944495287,406.59606370497346,408.0559363281981,87453000
3462,2023-10-05,410.4052429199219,411.2463514179395,407.1858225474584,410.269877205424,70142700
3463,2023-10-06,415.2779235839844,416.81512702154566,406.6347574601129,407.9592644123595,113273300
3464,2023-10-09,417.9366149902344,418.5070215863633,412.8319288458573,413.3829806224,80374400
3465,2023-10-10,420.1119384765625,422.70294712015226,418.1686672417201,418.5650575162268,78607300
3466,2023-10-11,421.83282470703125,422.08417183466213,418.797068320578,421.17540990507433,62451700
3467,2023-10-12,419.2611083984375,422.8189135801861,416.91179922986146,422.44187816631086,81154200
3468,2023-10-13,417.1728210449219,421.9584770278049,415.60661494268294,420.7596289275812,95143100
3469,2023-10-16,421.5621032714844,422.6255856986061,419.1741138914331,419.4158131019472,75433200
3470,2023-10-17,421.542724609375,423.59235858221746,418.09128250171426,418.43931518310666,75324700
3471,2023-10-18,415.9256896972656,420.73067151213604,414.84288188055683,419.77355201420596,93559800
3472,2023-10-19,412.2712097167969,418.449056290601,411.5944695651963,416.64115074369084,121323000
3473,2023-10-20,407.2051696777344,412.3775387523352,407.09880668145956,411.8361348739324,123919900
3474,2023-10-23,406.4994201660156,410.3569598965053,403.92773684712256,405.6776368923659,92035100
3475,2023-10-24,409.56414794921875,410.7146385432617,406.7700909338865,408.61667642933105,78564200
3476,2023-10-25,403.6860046386719,407.91093157015536,403.17360349885,407.88192884542195,94223200
3477,2023-10-26,398.85198974609375,403.47327705797994,397.9335505307934,402.6225206966068,115156800
3478,2023-10-27,397.04412841796875,400.8339851009318,395.62293584989493,400.43759484678344,107367700
3479,2023-10-30,401.79107666015625,402.8448816266276,398.5329761803426,399.8284803456642,86562700
3480,2023-10-31,404.314453125,404.63348310254605,400.45691364342605,402.361504611754,79665200
3481,2023-11-01,408.62640380859375,409.4385097088223,404.74953858461424,405.28129461149234,98068100
3482,2023-11-02,416.4574279785156,416.61211901779166,412.39686933434086,412.41619465013827,94938900
3483,2023-11-03,420.2569580078125,421.80383898984763,418.63274625361095,418.7584345746445,100167800
3484,2023-11-06,421.2237243652344,421.66844265759465,419.28045324415575,421.01102787683624,67831700
3485,2023-11-07,422.42254638671875,423.0606358569916,420.0829145000172,421.2237277176419,64256100
3486,2023-11-08,422.73193359375,423.5440394282341,420.43095231056213,423.02196085453033,61746000
3487,2023-11-09,419.4351501464844,423.91142437106953,419.00975716373983,423.8727442351021,83174400
3488,2023-11-10,425.9803466796875,426.28972875327344,419.42546520511473,421.5041020397778,89462200
3489,2023-11-13,425.5743103027344,426.6764433760795,423.86309048956497,424.64619358239656,52236100
3490,2023-11-14,433.83074951171875,435.1165763059157,431.2783917339626,431.50076562505876,97176900
3491,2023-11-15,434.7491455078125,436.3927117469104,433.8983596665992,435.16486101976614,77327600
3492,2023-11-16,435.2808837890625,435.5999137144547,433.2409274336067,434.3044096920699,66665800
3493,2023-11-17,435.8223571777344,436.43144390959674,434.37216191303287,435.2906012114316,83133200
3494,2023-11-20,439.1771240234375,440.01823251915994,435.56128392675316,435.5709613361329,69936200
3495,2023-11-21,438.2199401855469,439.05140070988807,436.9534388382608,438.13293202095787,49244600
3496,2023-11-22,439.9119567871094,441.22681603879204,438.81950096949345,439.8733061505178,59394900
3497,2023-11-24,440.1826171875,440.3759883694041,439.63156537724313,439.96027278304024,29737400
3498,2023-11-27,439.38983154296875,440.36627627306393,439.00308920962266,439.55417048077294,50506000
3499,2023-11-28,439.82489013671875,441.1203943936042,438.4423777026132,439.00310690168646,62115000
3500,2023-11-29,439.51544189453125,443.10227896211006,439.1190812038522,441.9711138199376,63146000
3501,2023-11-30,441.24615478515625,441.594217055192,438.2877582592183,440.3567180476383,79752700
3502,2023-12-01,443.85650634765625,444.3882328932358,440.047323826649,440.63705583158986,89183400
3503,2023-12-04,441.5264587402344,443.8757680204174,439.25448022667734,440.47265370720123,72430900
3504,2023-12-05,441.43939208984375,442.3965114095888,439.7668231281598,440.14388801429857,69793500
3505,2023-12-06,439.6605224609375,443.60504042530386,439.2254520989698,443.57603770145914,69124700
3506,2023-12-07,443.01531982421875,443.66305717468333,441.13973162302386,441.7391409339485,66995400
3507,2023-12-08,444.919921875,445.451648340426,442.02917923250493,442.27087844484373,83194400
3508,2023-12-11,446.6504821777344,446.8245280398024,444.21416465607524,444.4268611503367,65002200
3509,2023-12-12,448.6903991699219,448.78708475043413,445.30661038207074,446.30240990232363,68327600
3510,2023-12-13,454.8778991699219,455.12927578193285,448.709730800554,449.0674408996175,93278000
3511,2023-12-14,456.33782958984375,458.00072149405844,453.6694606145386,456.8115506454331,119026000
3512,2023-12-15,455.5863952636719,456.9163018501235,453.7420397034311,455.7417134699126,141553700
3513,2023-12-18,458.149169921875,459.1296032853033,456.13009218585904,457.1881698520897,70375300
3514,2023-12-19,460.93505859375,461.012732509764,458.61506136543755,458.69270565753243,55761800
3515,2023-12-20,454.5477600097656,461.96401935450547,454.12064234016117,460.0808267995912,102921000
3516,2023-12-21,458.8577575683594,459.1295570366737,455.1107760152546,457.5278509164755,86667500
3517,2023-12-22,459.7798767089844,461.4592269639175,457.88699725724837,459.98371888478914,67160400
3518,2023-12-26,461.72137451171875,462.62413389794295,460.109981297383,460.18765521976536,55387000
3519,2023-12-27,462.5561218261719,462.7017233741636,460.98356586002933,461.51744807730427,68000300
3520,2023-12-28,462.73089599609375,463.5656980482324,462.31349497002446,462.9153345190397,77158100
3521,2023-12-29,461.391357421875,463.0609913493408,459.4402073535901,462.5367960308314,122283100
3522,2024-01-02,458.8092041015625,459.7993540123723,456.7124526493962,458.3335624378489,123623700
3523,2024-01-03,455.06231689453125,457.39203118698566,454.4604772449057,456.65427697187073,103585900
3524,2024-01-04,453.5964660644531,457.16869615612853,453.37319057475315,454.5865863632777,84232200
3525,2024-01-05,454.2177429199219,456.66393818647634,452.7713549830218,453.8003122508208,86118900
3526,2024-01-08,460.7021484375,460.8477500166702,454.5866154970485,454.71281340697016,74879100
3527,2024-01-09,460.003173828125,461.02241437904433,457.54726208619434,458.05202403896755,65931400
3528,2024-01-10,462.6047058105469,463.4686578138975,459.9934757568045,460.27499186871785,67310600
3529,2024-01-11,462.4008483886719,464.1190060691037,458.43062113494074,463.6045274671268,77940700
3530,2024-01-12,462.72119140625,464.58498035155515,461.3136700813151,463.8472262405501,58026400
3531,2024-01-16,461.0224304199219,462.6532272077025,459.2071951071508,461.34278348918724,85014900
3532,2024-01-17,458.4598083496094,458.94516670999695,456.1106608508071,458.0035703058881,68843900
3533,2024-01-18,462.5367126464844,463.09002818161,458.58591886010277,460.12935459709723,91856200
3534,2024-01-19,468.30279541015625,468.5843115147551,462.5852901238366,463.66277131466796,110834500
3535,2024-01-22,469.2929992675781,471.01115715758357,468.64260604571103,469.83659824827777,75844900
3536,2024-01-23,470.6616516113281,470.9043307691421,468.7493682867175,469.836566173897,49945300
3537,2024-01-24,471.1761779785156,474.45717543420074,470.68110299788805,473.525295727068,81765000
3538,2024-01-25,473.7388610839844,474.01066056996024,471.17618444820096,473.3020267275593,72525000
3539,2024-01-26,473.136962890625,474.7968799164263,472.2924442217773,473.3116847619897,76641600
3540,2024-01-29,476.8839416503906,477.0295728420406,472.9040272208165,473.4476261562877,61322800
3541,2024-01-30,476.51507568359375,477.2236798269538,475.7578883130134,476.1947226231299,58618400
3542,2024-01-31,468.7396545410156,474.75807991768903,468.7202212489611,474.31155855924624,126011100
3543,2024-02-01,474.8746032714844,474.90372358641025,469.6327095934461,470.43842101293257,91891600
3544,2024-02-02,479.8737487792969,481.523949196212,474.97161226030033,475.31136898916844,99228200
3545,2024-02-05,478.1264953613281,479.9029234991888,475.8744551474019,479.24284325758833,75757100
3546,2024-02-06,479.51458740234375,479.84462748505155,477.64108188661896,479.06803644581043,55918600
3547,2024-02-07,483.513916015625,483.93131701939416,480.8541325434168,481.75692144262655,70556500
3548,2024-02-08,483.7275695800781,484.10613370157176,482.69861221283804,483.5140107138251,52343600
3549,2024-02-09,486.5231628417969,486.95996752942966,483.89249957484776,484.2322563033971,63979400
3550,2024-02-12,486.3096008300781,488.7557959365899,485.59125041968997,486.4940393494017,56502300
3551,2024-02-13,479.6116638183594,482.53353038052535,476.3500701317823,480.04849815534635,113099200
3552,2024-02-14,483.97021484375,484.4555731763151,479.92231331563113,482.2423403647749,68387800
3553,2024-02-15,487.3094787597656,487.49391729462275,484.1934569596569,484.66912826614583,61683000
3554,2024-02-16,484.8827209472656,488.14431492487785,484.1449667563623,487.0085929456435,75532900
3555,2024-02-20,482.21319580078125,483.8148722929186,479.970842787005,483.14507545774694,71736700
3556,2024-02-21,482.6500244140625,482.8053426352379,479.1069145137689,480.9124629140013,59293400
3557,2024-02-22,492.638671875,493.5996718242251,488.2898508655614,489.25088043870596,76402500
3558,2024-02-23,492.9784851074219,495.191718012327,492.250447577862,494.3568862406584,61321800
3559,2024-02-26,491.17291259765625,493.8521000550051,491.0467146922128,493.41526570907337,50386700
3560,2024-02-27,492.0853576660156,492.30863314805396,489.9692025931845,491.86211180789684,48854500
3561,2024-02-28,491.4349670410156,492.0173732682764,490.17301775947533,490.53217814092545,56506600
3562,2024-02-29,493.2016906738281,494.8130838290683,490.5516532421677,493.1920036518268,83924800
3563,2024-03-01,497.83197021484375,498.2590878764062,493.6676174504883,494.07533144522296,76844800
3564,2024-03-04,497.2981262207031,499.1425115484434,497.00692307628157,497.03607301464484,49799300
3565,2024-03-05,492.32806396484375,495.745005535815,490.1245478315941,495.2984545471132,72855600
3566,2024-03-06,494.8227844238281,497.0748540345267,493.53174438668293,495.5993458504527,68382400
3567,2024-03-07,499.73468017578125,500.7830708393989,494.8810964988354,498.11359981707864,58652100
3568,2024-03-08,496.7351379394531,503.0447667007892,496.1624186562773,500.36563844693006,86532500
3569,2024-03-11,496.3079833984375,496.89041928478855,493.6093924281333,495.5314219659159,62557200
3570,2024-03-12,501.6470031738281,502.2294094929587,495.9003176684613,498.41449998303995,73114400
3571,2024-03-13,500.86065673828125,502.14200986510485,499.4240150117718,501.9672879725168,55104100
3572,2024-03-14,499.8705749511719,501.98673024081194,496.832226949847,501.8313823905043,110171800
3573,2024-03-15,496.4381103515625,498.2590153922283,494.7730358188075,496.80813351794416,107646300
3574,2024-03-18,499.3885498046875,501.93972478311895,498.9795987021718,500.498619372016,88893300
3575,2024-03-19,502.1636962890625,502.44605736767124,497.6942371868493,498.6972103635703,60755300
3576,2024-03-20,506.8083801269531,506.94471696954355,501.5502591703246,502.22213711517423,69594600
3577,2024-03-21,508.4832458496094,510.34304922248214,508.20082532016534,509.6419901809582,60256100
3578,2024-03-22,507.5192565917969,508.8824467519345,507.28551081424,508.3955803879005,79070800
3579,2024-03-25,506.1170349121094,507.2660322991133,505.96120440733904,506.1462159868013,48512100
3580,2024-03-26,505.1823425292969,507.87960156870224,504.7831382068994,507.53875940866806,65463700
3581,2024-03-27,509.4275817871094,509.4665691209639,505.8442535552611,508.005970467291,82999800
3582,2024-03-28,509.330322265625,510.8298490860622,509.0479612048705,509.4666590943707,96294900
3583,2024-04-01,508.44427490234375,510.6059925472889,507.2855305336226,510.07045141241963,62477500
3584,2024-04-02,505.21148681640625,505.3477642225264,502.9134325371014,504.62721155274875,74230300
3585,2024-04-03,505.7664794921875,507.266065898289,504.0721940901131,504.1208688391064,59155800
3586,2024-04-04,499.5930480957031,510.10934946561747,499.2911933332161,509.76856679026787,96858100
3587,2024-04-05,504.8121337890625,506.76934562683624,500.5082527719344,500.94644428413847,74546500
3588,2024-04-08,505.09454345703125,506.516214442084,504.2863881936749,505.5133007732254,48401800
3589,2024-04-09,505.6788330078125,507.0712635271461,500.8393509659492,506.8278303713481,68049200
3590,2024-04-10,500.6154479980469,502.6018412987628,498.6388015333815,499.9922448100833,82652800
3591,2024-04-11,504.3935546875,505.8346601112469,498.6290735605831,502.1344876196163,70099000
3592,2024-04-12,497.43133544921875,502.2707879594682,495.70780962230026,500.85886371567153,92561100
3593,2024-04-15,491.1994934082031,501.7644698822578,490.3523209615631,501.5989519571189,92101400
3594,2024-04-16,490.30364990234375,493.19563735543574,489.0183155418661,491.6766166443132,73484000
3595,2024-04-17,487.40185546875,492.9229325491744,486.00942494137024,492.75738492725213,75910300
3596,2024-04-18,486.3989562988281,490.8878795783521,485.46418121059236,488.794360179131,74548100
3597,2024-04-19,482.1534729003906,487.3142441699,480.8876025986124,486.32104754330464,102212600
3598,2024-04-22,486.59375,489.1838827819534,482.41642801907807,484.7533807670464,67961000
3599,2024-04-23,492.3678894042969,492.79633413093177,486.4086505723251,488.5995489497242,64633600
3600,2024-04-24,492.1342468261719,494.0427545951939,489.914137461728,493.2540334865075,55928100
3601,2024-04-25,490.2646484375,491.02415872515365,484.42225246602163,486.0678630419317,69122400
3602,2024-04-26,494.9093933105469,496.48683553540934,492.41663996726425,493.04956028124485,64306100
3603,2024-04-29,496.6620788574219,497.33395677101214,493.9258924563797,496.69128964862307,46415400
3604,2024-04-30,488.79437255859375,496.1752536684076,488.79437255859375,495.2015209263445,77483600
3605,2024-05-01,487.2071533203125,494.841213980312,486.7397509352648,488.2100967940072,80242800
3606,2024-05-02,491.7641906738281,492.60161619088024,486.4281251448712,490.90730120185356,62550200
3607,2024-05-03,497.8598327636719,499.0867158383158,495.201531622673,497.7332427499149,72756700
3608,2024-05-06,503.0010681152344,503.039996024656,499.81694342031363,500.25513498697876,47264700
3609,2024-05-07,503.55615234375,504.9485829994704,502.8842743906612,503.9651034446084,52561300
3610,2024-05-08,503.6047668457031,504.14030789046143,501.60862689782874,501.7254700555243,42047200
3611,2024-05-09,506.50653076171875,506.5455181068331,503.1374535973279,503.7898378767789,43643700
3612,2024-05-10,507.15899658203125,508.91170366265516,505.9418306327187,508.1034888313709,52233200
3613,2024-05-13,507.2270202636719,508.9407991411694,506.08776976766853,508.8337028193061,36716400
3614,2024-05-14,509.5542907714844,510.0703976103099,506.88627278339663,507.42181386177714,57535900
3615,2024-05-15,515.8641357421875,516.1562436643347,511.38492968552964,512.0178797101214,59504900
3616,2024-05-16,514.8026733398438,517.5583531460086,514.6565896819933,515.9614174721102,50244800
3617,2024-05-17,515.5427856445312,515.6109540647997,513.4687302561026,514.9195824580145,59187600
3618,2024-05-20,516.1367797851562,517.5973789121299,515.2701433728218,515.6596602461204,37764200
3619,2024-05-21,517.4025268554688,517.5583573493641,515.1727006539206,515.3772058901883,33437000
3620,2024-05-22,515.9129028320312,517.4221768932046,513.7414381195646,516.7113709167669,48390000
3621,2024-05-23,512.1444091796875,519.0676335599267,510.9369308576571,518.9605372397859,57211200
3622,2024-05-24,515.5330200195312,516.3412347653415,513.0402667962413,513.9847589456947,41291100
3623,2024-05-28,515.893310546875,516.5749353115505,513.2642204156563,516.3412489766735,36269600
3624,2024-05-29,512.2807006835938,513.458938533357,511.5698948988185,511.87174962966077,45190300
3625,2024-05-30,508.8824462890625,511.4044402025134,507.63609930287237,510.74230907986095,46377600
3626,2024-05-31,513.5173950195312,513.6439850215788,504.7440541264526,509.8367164200918,90785800
3627,2024-06-03,513.9360961914062,515.4064420460951,508.87267437322015,515.1240809646227,46835700
3628,2024-06-04,514.5106201171875,515.2506664560023,511.17072418863216,512.631323194632,34632700
3629,2024-06-05,520.6256713867188,520.6451650598835,514.84169649016,516.8281493311971,47610400
3630,2024-06-06,520.6158447265625,521.3558910101924,518.6878732006264,520.927446289771,30808500
3631,2024-06-07,519.9829711914062,522.787325920015,518.5515533208824,519.6421291117942,43224500
3632,2024-06-10,521.5896606445312,521.9110090941606,518.5808597177815,519.1748224338155,35686100
3633,2024-06-11,522.845703125,522.9041247005574,518.0743898707741,520.0413486344055,36383400
3634,2024-06-12,527.139892578125,529.8274041983666,526.1077383475028,527.4028194115604,63251300
3635,2024-06-13,528.2013549804688,529.0582445758802,525.4164935113477,528.8829798084458,44760900
3636,2024-06-14,528.522705078125,528.551886156822,525.6696157422205,526.6725890295746,40089900
3637,2024-06-17,532.7291259765625,534.1216160104203,527.3833430672393,527.8410283318889,55839500
3638,2024-06-18,534.0826416015625,534.2092316077063,532.3688625324717,532.7875604635906,41376400
3639,2024-06-20,532.6318359375,535.6698774866474,530.8596351285086,535.0077463215187,70328200
3640,2024-06-21,531.9176025390625,533.031253064821,530.4620700069489,531.8101607226251,64338600
3641,2024-06-24,530.1885986328125,534.3012597413704,530.0713785197397,531.7418545665156,45528700
3642,2024-06-25,532.2302856445312,532.5917242597523,529.8955424418219,531.4096852385123,37936200
3643,2024-06-26,532.89453125,533.6076301716555,530.4719028733521,531.1166134619692,38550600
3644,2024-06-27,533.7347412109375,534.311123211826,532.0154331135317,532.7578670304722,35041500
3645,2024-06-28,531.6343383789062,537.5542520433446,530.3937489459842,534.5063503169283,76144500
3646,2024-07-01,532.728515625,533.2560061424955,529.9737236752046,533.0117876323043,40297800
3647,2024-07-02,536.3136596679688,536.3136596679688,531.0776287968915,531.1264605772033,40434800
3648,2024-07-03,538.7070922851562,539.068530985693,535.9620780433197,536.001131548574,32789900
3649,2024-07-05,541.8134765625,542.213968717536,538.3748605783948,539.0098526062544,41488400
3650,2024-07-08,542.4386596679688,543.3861988920726,541.3738407022457,542.5949332840256,36110500
3651,2024-07-09,542.9661254882812,544.2946598471173,542.6730752067231,543.3959524424528,27289700
3652,2024-07-10,548.3389282226562,548.6808102777995,543.894163387503,544.1872136667199,38701200
3653,2024-07-11,543.61083984375,549.3255886798729,542.9759074999535,548.4561564855596,53054200
3654,2024-07-12,547.0396728515625,550.6345620898736,544.2653840243584,544.7342644743289,53084400
3655,2024-07-15,548.5440673828125,551.7775178290722,546.6879829958002,549.0325043663784,40584300
3656,2024-07-16,551.7969970703125,552.090047326324,549.1008154677004,549.8530274778409,36475300
3657,2024-07-17,544.0601806640625,547.5476278240299,543.7377955656038,545.8771519032762,57119000
3658,2024-07-18,539.879150390625,546.580551242634,537.7007404833427,545.593898977862,56270400
3659,2024-07-19,536.2940673828125,541.2663824595259,535.2390267295067,539.644738170822,65509100
3660,2024-07-22,541.8233032226562,542.4289604616175,538.277245078338,540.211436930268,43346700
3661,2024-07-23,540.973388671875,543.8648979607326,540.4849516029554,541.7157629327536,34439600
3662,2024-07-24,528.713623046875,536.47000685651,527.7953588811716,536.1671782286543,74515300
3663,2024-07-25,525.958740234375,534.7994982405838,525.0209792890996,528.8307523766035,61158300
3664,2024-07-26,531.849365234375,534.535769150024,528.9675745637637,529.7393433023149,53763800
3665,2024-07-29,532.161865234375,534.3988851266782,530.169004207153,533.3927359573876,39515800
3666,2024-07-30,529.4656982421875,534.6822315404584,526.0661958644091,533.6271909452782,46853600
3667,2024-07-31,538.0718994140625,540.6996925359946,534.9166158614872,536.284203519186,65663400
3668,2024-08-01,530.452392578125,542.0381046138815,526.9551667505608,539.7913062018092,76428700
3669,2024-08-02,520.5762329101562,524.5716145988897,516.3756265717791,523.3603002519518,82789100
3670,2024-08-05,505.4151306152344,511.47176200774925,498.4695402072865,499.8078827767836,146267400
3671,2024-08-06,510.0748291015625,517.4990483238507,505.89377938390135,507.21253555376086,84826300
3672,2024-08-07,506.66546630859375,519.2965001883216,506.06958745039486,516.248598311969,70698300
3673,2024-08-08,518.3782958984375,519.0034500456989,509.77203694963987,511.7941139882875,63276600
3674,2024-08-09,520.6640625,522.1489300560904,516.3365178449808,517.5576103421191,45619600
3675,2024-08-12,520.9376831054688,523.3407552909962,518.6713279832952,521.8559471668351,42542100
3676,2024-08-13,529.5046997070312,529.7391995235392,523.8779562074939,524.1221746789957,52333100
3677,2024-08-14,531.17529296875,532.3573320967027,527.6292352085552,530.2960824274743,42446900
3678,2024-08-15,540.2797241210938,540.5629961238054,536.1866195717042,536.7922766972661,60846800
3679,2024-08-16,541.4910888671875,542.1846909540823,538.5116347380534,538.6679083622046,44430700
3680,2024-08-19,546.66845703125,546.66845703125,541.0514314058853,541.9013070349608,39121800
3681,2024-08-20,545.7794189453125,547.8699432442916,544.4411065725191,546.2190240920917,33732300
3682,2024-08-21,547.6552124023438,549.1107454289771,541.9014090213768,546.8248931770081,41514600
3683,2024-08-22,543.35693359375,550.1559994238155,542.1456191373768,549.5503421956289,56121500
3684,2024-08-23,549.1303100585938,550.0681307743154,544.4022125993778,546.5904609360616,50639400
3685,2024-08-26,547.8211669921875,550.8690092024209,546.1214157161334,550.1559102385648,35788600
3686,2024-08-27,548.5733642578125,549.0618012606642,545.4083020191189,546.5512279111676,32693900
3687,2024-08-28,545.3887939453125,548.661357929549,542.204174863817,548.2315309438809,41066000
3688,2024-08-29,545.4375610351562,550.6443160255352,544.294635177053,547.3522554939839,38715200
3689,2024-08-30,550.6443481445312,551.1523417216108,544.2556134288437,547.8016709409602,62700100
3690,2024-09-03,539.3126220703125,547.8407131286382,536.8020487007664,547.508549729637,60600100
3691,2024-09-04,538.2088012695312,541.6083040829072,536.7532683896355,537.4761456891545,47224900
3692,2024-09-05,536.8997192382812,540.9928237930679,534.4477558926965,538.1501466111926,44264300
3693,2024-09-06,527.8636474609375,538.8437022454943,526.9649400293706,537.2221175565589,68493800
3694,2024-09-09,533.7738037109375,535.0437878658838,530.1300820359571,532.0545552082202,40445800
3695,2024-09-10,536.0986938476562,536.4504138231891,530.8138314182086,535.6786451567546,36394600
3696,2024-09-11,541.5986328125,542.5168970396185,527.4730685910148,536.0109404348209,75248600
3697,2024-09-12,546.1605224609375,546.4633510224045,539.9573366553728,542.1748597619055,51819600
3698,2024-09-13,549.012939453125,550.0093699640063,546.5121445202687,546.7661412876428,39310500
3699,2024-09-16,549.8237915039062,550.0875069413107,546.9517795427174,548.7491943236346,36656100
3700,2024-09-17,550.0484619140625,553.477299266029,547.8211605278194,552.0314851715059,49321000
3701,2024-09-18,548.4171752929688,555.5385664291312,547.8603498689396,550.7030274298603,59044900
3702,2024-09-19,557.7755126953125,559.6315971955383,554.9426137920285,557.8048475354702,75315500
3703,2024-09-20,556.8113403320312,557.8500005367814,553.7933228326182,556.4096197933483,77503100
3704,2024-09-23,558.2028198242188,558.8495678561227,556.6644159380835,557.8795056148167,44116900
3705,2024-09-24,559.7999877929688,559.8587776289324,556.1744550910837,558.9964868304339,46805700
3706,2024-09-25,558.5652465820312,560.3780425284191,557.4579883539482,559.6431398003925,38428600
3707,2024-09-26,560.77978515625,563.1413061737785,558.4281322177342,562.817932214862,48336000
3708,2024-09-27,559.9664916992188,562.6611352170194,558.9376397719122,561.8478858705382,42100900
3709,2024-09-30,562.2103881835938,562.8179029799776,556.6447321030395,558.937595094156,63557400
3710,2024-10-01,557.1738891601562,562.5043864049716,554.6066335561335,561.8576982708267,72668800
3711,2024-10-02,557.4090576171875,558.4281611024765,553.8913563966638,556.282242548741,38097800
3712,2024-10-03,556.3900146484375,558.3301388916863,554.106899883147,555.9392527365582,40846500
3713,2024-10-04,561.4461059570312,561.8184614824812,556.6643337627131,560.8287828388663,42939100
3714,2024-10-07,556.3704223632812,560.4467168743025,555.22399069742,559.7999688939893,49964700
3715,2024-10-08,561.6322631835938,562.230029540932,558.0655806170524,558.9376197622599,37398700
3716,2024-10-09,565.5223999023438,566.0809331902332,561.0247685875196,561.6224751598685,37912200
3717,2024-10-10,564.53271484375,565.9535388259317,562.9257131010544,564.1799758679994,44138100
3718,2024-10-11,567.9132690429688,568.6481717987969,564.3171018304082,564.4542980317323,42268000
3719,2024-10-14,572.5579223632812,573.4888112745962,569.0401610478535,569.520288010914,36217200
3720,2024-10-15,568.109375,573.1263074210011,566.8942852830332,572.8225499433973,54203600
3721,2024-10-16,570.5784912109375,571.0978512020905,567.305757742965,568.1092586044506,30725400
3722,2024-10-17,570.6275634765625,574.3216944108202,570.441385688738,574.1159000748407,34393700
3723,2024-10-18,572.822509765625,573.6063941876963,570.852960533333,572.3129579783322,37416800
3724,2024-10-21,571.8817749023438,573.0771881011084,568.912738838732,572.0973176864316,36439000
3725,2024-10-22,571.5780029296875,572.7342428128154,568.697181591541,569.3536780068462,34183800
3726,2024-10-23,566.355224609375,570.0003732214365,562.8570804647936,569.5594196255329,49314600
3727,2024-10-24,567.5801391601562,568.3836400907534,564.9639018539431,568.3052337104026,34979900
3728,2024-10-25,567.3840942382812,572.6950344865168,566.443456997856,569.8044050522926,47268200
3729,2024-10-28,569.1381225585938,570.9802836348513,568.8343651367928,570.8528957024953,30174700
3730,2024-10-29,570.0592041015625,571.1762108700161,566.7864107519835,568.1778099310847,42899700
3731,2024-10-30,568.3346557617188,571.5780244818477,567.6291179550885,569.5888588084969,41435800
3732,2024-10-31,557.1934814453125,564.0427655154251,556.9974954170759,563.9741674152153,60182500
3733,2024-11-01,559.545166015625,563.9643910438907,559.1336371976272,559.8195584319851,45667500
3734,2024-11-04,558.3399658203125,560.9758196621659,556.4586313456186,559.6823835212687,38217000
3735,2024-11-05,565.0912475585938,565.1304208425688,559.0356559214524,559.251198693126,39478300
3736,2024-11-06,579.142578125,580.0146771322202,573.6063462638446,577.3396500855225,68182000
3737,2024-11-07,583.6206665039062,584.6397701216673,581.063218798349,581.1416251858423,47233200
3738,2024-11-08,586.1486206054688,587.569444510154,584.1692634497057,584.1692634497057,46444900
3739,2024-11-11,586.7072143554688,588.0888053142032,584.9826328704219,587.7360663213191,37586800
3740,2024-11-12,584.8846435546875,587.2264882691159,582.4055428293386,586.6287817012992,43006100
3741,2024-11-13,585.1688232421875,587.1677373847895,582.9837313260188,585.3451927424278,47388600
3742,2024-11-14,581.4060668945312,585.7763103260314,580.7202054727688,585.296183408181,38904100
3743,2024-11-15,573.9591064453125,578.3195418358689,572.1071369723535,577.8491633593196,75988800
3744,2024-11-18,576.3108520507812,577.6238450144261,573.5574183688442,574.4196493771738,37001700
3745,2024-11-19,578.4174194335938,579.142513878155,572.2736733921519,572.9399780116551,49412000
3746,2024-11-20,578.6134033203125,578.8975441726233,572.8615695316089,578.4958236706298,50032600
3747,2024-11-21,581.7196044921875,583.1404284379229,575.6248397212988,581.4550801704302,46750300
3748,2024-11-22,583.5225830078125,584.1497143652956,581.2101034094488,581.7097870344509,38226400
3749,2024-11-25,585.501953125,588.7648782973704,583.2188384863542,587.4518855330788,42441400
3750,2024-11-26,588.5591430664062,589.2254477201681,586.0310608458545,586.7463470552605,45621300
3751,2024-11-27,586.7757568359375,588.7550542016285,585.256969810655,588.3729502321648,34000200
3752,2024-11-29,590.4209594726562,591.204843913549,587.3147867247623,587.5891193661275,30177400
3753,2024-12-02,591.4790649414062,592.1551777846197,590.3423819959737,590.8323171053594,31746000
3754,2024-12-03,591.7536010742188,591.9985687131837,590.2152569312856,591.2441090536275,26906600
3755,2024-12-04,595.4280395507812,595.6730071584342,592.7726289600115,593.4389336760423,42787600
3756,2024-12-05,594.4481201171875,596.2314913306755,594.0953811448159,595.4279904670244,28762200
3757,2024-12-06,595.574951171875,596.8095972909788,594.800875182747,595.212403953603,31241500
3758,2024-12-09,592.508056640625,595.6240374954255,591.9201582931329,595.457476264727,34742700
3759,2024-12-10,590.6658935546875,593.605504896008,590.0093971009587,593.1841677805376,37234500
3760,2024-12-11,595.2321166992188,596.1825623151827,593.3115491139272,593.5859415432025,28677700
3761,2024-12-12,592.1651000976562,594.9380902901107,592.1651000976562,594.3698085144841,31543800
3762,2024-12-13,592.0474853515625,594.9086900260288,590.6756429397628,594.1934038090473,35904700
3763,2024-12-16,594.5755615234375,595.5456834945226,593.0274092921627,593.8014854078001,43695200
3764,2024-12-17,592.1259155273438,592.9882063411098,590.7541327283874,592.0279524011855,55773500
3765,2024-12-18,574.478515625,594.2032541174319,574.0963517696575,591.822175937033,108248700
3766,2024-12-19,574.302001953125,581.0631314525076,574.057034359764,579.456129686489,85919500
3767,2024-12-20,581.1998901367188,585.7224397345614,571.1321976271144,571.9777678628068,125716700
3768,2024-12-23,584.6802978515625,585.2800160502417,577.7685966184363,580.9442707021165,57635800
3769,2024-12-24,591.1791381835938,591.2185033240278,585.4472496940897,586.0273454449668,33160100
3770,2024-12-26,591.2184448242188,592.3392110668057,588.0133066034633,589.4093887705021,41219100
3771,2024-12-27,584.9949951171875,587.7183905820746,580.8165297326684,587.4823797773107,64969300
3772,2024-12-30,578.3191528320312,581.7799239969942,574.5732845002501,577.9947505411832,56578800
3773,2024-12-31,576.21533203125,580.698577374324,574.5832389413312,579.9808236627084,57052700
3774,2025-01-02,574.7994995117188,581.180251846637,570.7291685588775,579.4695486945864,50204000
3775,2025-01-03,581.9864501953125,582.6254735449975,576.5593423217554,577.6408633877121,37888500
3776,2025-01-06,585.3390502929688,589.6060270134918,583.608664526265,586.2337670283534,47679400
3777,2025-01-07,578.7223510742188,587.6888410122485,576.903513754268,587.3643786767495,60393100
3778,2025-01-08,579.5678100585938,580.6394897953063,575.3500401020275,578.7911287868388,47304700
3779,2025-01-10,570.7192993164062,576.0874192959229,568.8119506064235,576.0185903209236,73105000
3780,2025-01-13,571.604248046875,571.9581742427216,565.6658729466735,566.0788468496604,47910100
3781,2025-01-14,572.3907470703125,575.1534475548353,568.6153544470202,574.5242054496483,48420600
3782,2025-01-15,582.8024291992188,583.9428778193259,579.2826705140105,580.3936552944716,56900200
3783,2025-01-16,581.6817626953125,584.346110636513,580.9836915331506,584.1691475266347,43319700
3784,2025-01-17,587.5217895507812,589.27179809953,585.5849165977943,586.9122299431212,58070600
3785,2025-01-21,592.8995971679688,592.9094384516549,588.5933154613438,590.5596519481012,42532900
3786,2025-01-22,596.232666015625,597.5894432517595,595.1708273073808,595.7213992287225,48196000
3787,2025-01-23,599.48681640625,599.48681640625,595.3280340779654,595.6032899728609,41152100
3788,2025-01-24,597.7367553710938,600.4995156835615,596.5864653530726,599.5458113037603,34604700
3789,2025-01-27,589.2816162109375,589.5962372876534,584.6312490621345,584.7983708814467,70361100
3790,2025-01-28,594.3449096679688,595.1805787054238,587.1972570477369,590.5105293609671,44433300
3791,2025-01-29,591.6805419921875,593.9614997638901,589.1341095636221,593.5583671362218,37177400
3792,2025-01-30,594.8561401367188,596.3898803192325,590.6088457833347,593.7943615542468,39281300
3793,2025-01-31,591.6903686523438,599.6933732210748,590.9333098394596,597.2747575383468,66566900
3794,2025-02-03,587.70849609375,590.1860392450765,580.5510025263411,582.6943020815504,65857200
3795,2025-02-04,591.6510620117188,592.1622687341741,587.2268045597665,587.767535135661,33457800
3796,2025-02-05,594.0499877929688,594.1974870575806,588.5049635673978,590.5302880913656,30653100
3797,2025-02-06,596.1146240234375,596.242440705887,592.4867305159943,595.7901616750784,35771500
3798,2025-02-07,590.6580810546875,597.8941858585465,589.9501686239648,596.6750666805723,50788500
3799,2025-02-10,594.6693725585938,595.30845601079,592.5949016719809,593.863227291288,26048700
3800,2025-02-11,595.12158203125,595.662312577201,592.2900526181724,592.4080280097315,30056700
3801,2025-02-12,593.2044677734375,594.3744405625547,588.4361250659014,589.1145136580423,45076100
3802,2025-02-13,599.4671630859375,599.6736500230521,593.0471055616473,594.3055297285264,40921300
3803,2025-02-14,599.4376831054688,600.7059485220444,598.8182823186273,599.6736338799176,26910400
3804,2025-02-18,601.1975708007812,601.1975708007812,598.1399318067746,600.5978525430173,26749000
3805,2025-02-19,602.6133422851562,602.908280775238,599.3000698962699,599.8113366176324,31011100
3806,2025-02-20,600.1063232421875,601.3844301402796,596.8028918726411,601.2467721645895,36554000
3807,2025-02-21,589.8419799804688,600.0275889538111,589.3798596850504,599.8899309928074,76519800
3808,2025-02-24,587.1578979492188,592.8799440315161,586.4499856464254,591.8869345556642,50737200
3809,2025-02-25,584.2379760742188,587.8265647106925,579.6367551973434,587.0990297013516,58266500
3810,2025-02-26,584.5328369140625,589.488043359785,581.8979531727184,585.8994552001853,43321600
3811,2025-02-27,575.2025756835938,587.9542991571739,574.809344386224,586.8039490929929,74196700
3812,2025-02-28,584.178955078125,584.7098443771037,572.6365684069419,575.7040488167072,88744100
3813,2025-03-03,573.9441528320312,587.2857532860544,570.1392964764723,586.1452445030724,74249200
3814,2025-03-04,567.1505126953125,575.5369680083471,562.6181207422406,569.9525786591505,109648200
3815,2025-03-05,573.24609375,575.035467216836,563.434093538414,566.9833166199888,71230500
3816,2025-03-06,563.0703735351562,570.4047711019521,560.523941077153,565.7937090893346,80094900
3817,2025-03-07,566.2262573242188,567.6715458955733,556.1094773560538,561.2907933786839,81158800
3818,2025-03-10,551.1445922851562,559.953743284554,546.2385912694426,558.0366127932136,99326600
3819,2025-03-11,546.5628662109375,554.5265648872522,542.7285461144836,549.9843324603625,88102100
3820,2025-03-12,549.4632568359375,553.631880779765,544.3704523001988,552.7077001878538,69588200
3821,2025-03-13,542.138671875,549.6992388466521,540.4279685563406,549.0896792735167,74079400
3822,2025-03-14,553.3369140625,554.3397648685512,542.2074423986709,546.7496748611676,62660300
3823,2025-03-17,557.6039428710938,560.1208513978755,552.8846868765244,553.3172833424321,49008700
3824,2025-03-18,551.5770263671875,555.5096990502625,549.6499951496645,555.2933708486255,66041400
3825,2025-03-19,557.5842895507812,561.3399999727566,552.1768634471969,553.3566775077279,66556000
3826,2025-03-20,555.9718627929688,560.966374832501,553.1304918485869,553.848245552193,62958200
3827,2025-03-21,556.1552124023438,557.0526205906217,550.2878120115934,551.5204692681951,83763000
3828,2025-03-24,566.1151733398438,567.1703352751009,562.2890000340255,562.880651498493,58766800
3829,2025-03-25,567.4760131835938,568.4127846067184,565.73055113845,567.3181993393742,38355700
3830,2025-03-26,560.7013549804688,568.3339598573967,559.3207546377017,567.2097618801449,51848300
3831,2025-03-27,559.2122802734375,562.9792883535321,557.101956447335,559.3108687859911,42164200
3832,2025-03-28,547.9507446289062,558.413587192946,547.3689639965595,557.6838635858104,71662700
3833,2025-03-31,551.62890625,552.9305994826874,539.282592409213,542.201546342058,95328200
3834,2025-04-01,553.1870727539062,555.1297722698289,545.998235889195,549.7159501655996,54609600
3835,2025-04-02,556.6878051757812,559.5475341360295,547.1125011420022,547.3491617248258,76014500
3836,2025-04-03,529.2537841796875,540.3673821784607,529.2537841796875,537.5470765410741,125986000
3837,2025-04-04,498.2696838378906,518.5740121118964,498.05273494035157,516.404523136506,217965100
3838,2025-04-07,497.3822021484375,515.9114867336431,475.1154617622772,482.4029468413161,256611400
3839,2025-04-08,489.591796875,517.6963548854247,482.3733480760591,514.6196468974629,165816600
3840,2025-04-09,541.0084228515625,541.0084228515625,486.20939567811143,486.59399925019795,241867300
3841,2025-04-10,517.3019409179688,526.0981670837639,502.25365007002944,524.7866027854379,162331200
3842,2025-04-11,526.5321044921875,528.9875485351057,512.8545420601603,515.7537548286505,97866300
3843,2025-04-14,531.6401977539062,536.7286411738348,526.453165817952,536.5017912856171,68034000
3844,2025-04-15,530.1510620117188,535.6930840370895,529.3621734315309,532.1824786951643,56892900
3845,2025-04-16,518.3668823242188,530.4272422697393,513.0713913810127,524.3033791384568,83484800
3846,2025-04-17,519.1065063476562,523.800475242003,516.6411916080497,520.3194821276195,79868100
3847,2025-04-21,506.7503662109375,514.4618777265953,501.4055507612705,513.9293312369678,69368100
3848,2025-04-22,519.9348754882812,521.9564215250564,511.9867032226325,512.9235348557764,75948100
3849,2025-04-23,527.991455078125,537.8625838932508,526.4728430251603,532.9319549297188,90590700
3850,2025-04-24,539.1051635742188,539.8348871004667,528.0211182344198,529.2734571828396,64150400
3851,2025-04-25,543.0003662109375,543.4046513367819,536.1467793425768,539.0657336001437,61119600
3852,2025-04-28,543.2074584960938,545.8700106135369,537.4583875113086,543.7400050325934,47613800
3853,2025-04-29,546.6292724609375,547.7435994540236,540.9393072120234,541.294298062473,47775100
3854,2025-04-30,546.84619140625,548.7987614609631,534.0068741379372,539.9729233205555,93101500
3855,2025-05-01,550.7217407226562,556.2440822591161,550.1202183270924,552.5954041380958,63186100
3856,2025-05-02,558.8967895507812,560.4943088790388,554.5775527926462,556.8949248511411,60717300
3857,2025-05-05,555.6918334960938,558.788283367358,553.9069479669498,554.7648727126054,38659200
3858,2025-05-06,551.047119140625,555.533979770925,549.2326812616892,550.1891944565425,48264700
3859,2025-05-07,553.3645629882812,555.9975022415719,548.3254139860352,552.3784371058738,55588000
3860,2025-05-08,557.22021484375,562.3973750401349,553.9068467632651,557.3977102564539,65130800
3861,2025-05-09,556.5103149414062,559.6264462916283,554.9522191721212,558.6205786168767,37603400
3862,2025-05-12,574.9015502929688,574.9114211824733,569.0340889310521,573.4026196086874,78993600
3863,2025-05-13,578.6981201171875,580.9070323903663,574.7536167184122,575.3156554869938,67947200
3864,2025-05-14,579.4376831054688,580.8083522191259,577.4160770724685,579.6546018902411,66283500
3865,2025-05-15,582.2678833007812,582.770756919371,576.9822030720642,577.4358426248243,71268100
3866,2025-05-16,585.9559936523438,586.2518193704545,581.1042713102905,583.0469103495059,76052100
3867,2025-05-19,586.596923828125,587.2773530559552,579.9405744991373,579.9405744991373,68168500
3868,2025-05-20,584.624755859375,585.8081190582527,581.4198464644389,584.8614766498325,60614500
3869,2025-05-21,574.7732543945312,584.3584282191854,573.7477052570061,580.2758530681597,95197700
3870,2025-05-22,575.0001220703125,578.4811148637216,573.3433777523152,574.5760350084579,70860400
3871,2025-05-23,571.0753173828125,573.7378691727489,567.6140060747297,567.988738706783,76029000
3872,2025-05-27,582.9483032226562,583.1060568711622,570.4047514802384,577.9387671986972,72588500
3873,2025-05-28,579.5758056640625,584.5459191469531,578.8460820656009,583.3526850377893,68445500
3874,2025-05-29,581.863525390625,584.9698457847473,577.9387639052553,584.8317737253767,69973300
3875,2025-05-30,581.2128295898438,582.928679235147,575.1481304892388,580.7591899526665,90601200
3876,2025-06-02,584.4867553710938,584.5656021144322,576.9428674958667,579.605419698203,61630500
3877,2025-06-03,587.8197631835938,588.7960181097066,583.6385391723649,584.121791379625,63606200
3878,2025-06-04,587.6619262695312,589.6539195966438,587.2280285207049,588.6776647088699,57314200
3879,2025-06-05,584.8218994140625,590.6893600195378,582.8496477946317,589.3383724752952,92278700
3880,2025-06-06,590.8274536132812,592.4940086999786,588.5790577947733,590.3540722792903,66588700
3881,2025-06-09,591.3599243164062,592.9081490758875,590.1864321834666,591.3993476813894,53016400
3882,2025-06-10,594.7128295898438,595.0973729509094,590.7781968461302,591.8924637491524,66247000
3883,2025-06-11,593.0166015625,596.6652790904382,590.9556323288738,595.8073544523882,73658200
3884,2025-06-12,595.3734741210938,595.3734741210938,591.2021810906274,591.6853731206485,64129000
3885,2025-06-13,588.7172241210938,593.4999111629836,587.2182933354198,590.1964131264232,89506000
3886,2025-06-16,594.3182983398438,596.0637602908375,591.892407169678,592.0699627819344,79984100
3887,2025-06-17,589.2398681640625,593.401290785268,588.480531921813,591.8826784891205,82209400
3888,2025-06-18,589.1510009765625,592.8785252065284,588.1944276516227,590.1371267775953,76605000
3889,2025-06-20,587.7674560546875,592.8906824249698,586.3629740326184,591.8225009850784,94051400
3890,2025-06-23,593.5730590820312,593.9587392448562,585.4035696790836,588.5190130228361,87426000
3891,2025-06-24,600.13037109375,601.1885919192599,596.7972471416377,597.7072083922786,67735300
3892,2025-06-25,600.4666748046875,601.940336500435,598.903972841808,601.247995602986,62114800
3893,2025-06-26,605.1646118164062,605.5997923429508,601.7029677445283,602.3161684365299,78548400
3894,2025-06-27,608.1712646484375,609.6350865938839,604.1360202356653,606.1635425121184,86258400
3895,2025-06-30,611.0790405273438,612.4340220516922,608.2998373553096,610.6142201701539,92502500
3896,2025-07-01,610.8812866210938,612.0483479268365,608.7746241554748,609.6053849111585,70030100
3897,2025-07-02,613.650634765625,613.6901746824169,609.8526899336259,610.4757907292374,66510400
3898,2025-07-03,618.487060546875,619.4167617045248,615.6089168033244,615.6287169448548,51065800
3899,2025-07-07,613.8779907226562,617.1913144548079,611.0987877910964,616.5286134886126,74814500
3900,2025-07-08,613.5418090820312,615.2923708557059,612.7307881009865,614.5406899285775,59024600
3901,2025-07-09,617.2210083007812,617.8737488887257,614.1055045789822,615.945166968477,66113300
3902,2025-07-10,618.961669921875,620.0001509389845,616.1824670185033,617.3594282689005,57529000
3903,2025-07-11,616.785888671875,618.0122901417473,614.7188263007702,615.9155275578457,63670200
3904,2025-07-14,617.9627685546875,618.3089087938923,614.9857451789246,616.3308265898004,51898500
3905,2025-07-15,615.3220825195312,620.9793689858044,615.242942324076,620.6431287961128,74317300
3906,2025-07-16,617.3792114257812,617.8836320494379,611.276844692317,616.9044910111767,88987500
3907,2025-07-17,621.1574096679688,621.5135103761386,617.3397251475282,617.5573456006476,68885700
3908,2025-07-18,620.7024536132812,622.5716954836944,619.5947323692288,622.4035753929759,65621600
3909,2025-07-21,621.87939453125,624.6189973413707,621.4541141003111,621.87939453125,63375000
3910,2025-07-22,621.9683837890625,622.8288447335428,619.3276609031153,622.2057439990875,60046300
3911,2025-07-23,627.259765625,627.259765625,622.8288205336723,624.6288825447934,70511000
3912,2025-07-24,627.4674682617188,629.1785504969665,627.0421878119985,627.6454884244192,71307100
3913,2025-07-25,630.1181030273438,630.5928838363332,627.8829206987424,628.1301809903662,56865400
3914,2025-07-28,629.9598999023438,631.0478210681617,628.5752180855901,630.4939604147171,54917100
3915,2025-07-29,628.2982788085938,631.6708825055948,627.3883778702398,631.3543820995848,60556300
3916,2025-07-30,627.507080078125,630.6917636576716,624.6190364089183,628.9510415464463,80418900
3917,2025-07-31,625.1531372070312,632.8379457731452,623.8574957354674,632.4522656090571,103385200
3918,2025-08-01,614.9065551757812,619.475980234049,612.5031927364548,619.436379958757,140103600
3919,2025-08-04,624.2531127929688,624.3025527793549,618.7244063300172,618.8133862322555,73218000
3920,2025-08-05,621.088134765625,625.6773001361546,620.1683337507773,624.866279158634,68051400
3921,2025-08-06,625.845458984375,626.4981995520814,621.2463937026511,622.1562946160922,64357500
3922,2025-08-07,625.3212890625,629.9994345491891,622.2156852544556,629.2675537310744,74205800
3923,2025-08-08,630.1972045898438,630.6620853000642,626.7949007710238,627.1114011688534,64051600
3924,2025-08-11,628.9510498046875,631.947873553624,627.70484826023,630.4742118551501,58742300
3925,2025-08-12,635.6468505859375,635.8050706066525,629.8114837326607,631.2950454377703,64730800
3926,2025-08-13,637.82275390625,639.10849531226,635.6369512596368,637.8424936799373,60092800
3927,2025-08-14,637.882080078125,638.5447207235369,635.300697252298,635.7457174616427,59327500
3928,2025-08-15,636.3886108398438,639.0095939138803,635.4787099260534,638.9106535836406,68592500
3929,2025-08-18,636.2501831054688,636.9425240091701,635.1424618060598,635.8150025688236,43804900
3930,2025-08-19,632.7984008789062,637.0512656505922,631.4829592777961,636.0721245937336,69750700
3931,2025-08-20,631.1170043945312,632.6500060324975,626.013578858981,632.3929060531275,88890300
3932,2025-08-21,628.5851440429688,630.978606926108,626.8642219548319,629.3071851926883,54805800
3933,2025-08-22,638.2382202148438,639.41518174206,630.2665499847296,630.7709706915778,84083200
3934,2025-08-25,635.4292602539062,638.218363635622,635.3105801411765,636.9820621561176,51274300
3935,2025-08-26,638.0897827148438,638.4359833484747,634.5391586749303,635.1622594491828,51581600
3936,2025-08-27,639.5436401367188,640.2755208793137,637.3578376120881,637.5062179210042,48341100
3937,2025-08-28,641.8085327148438,642.3623933153343,638.267809046051,640.146950913372,61519500
3938,2025-08-29,637.98095703125,640.7404203673219,636.0919150690585,640.374419619015,74522200
3939,2025-09-02,633.25341796875,633.4709780533357,627.9620114164865,630.5137545728464,81983500
3940,2025-09-03,636.685302734375,637.1501834379544,633.4412793439511,635.6270215222661,70820900
3941,2025-09-04,642.0064086914062,642.0361089027498,636.4579021356687,637.3579030521721,65219200
3942,2025-09-05,640.14697265625,645.0625384730564,636.2798483910566,644.3404973975818,85178900
3943,2025-09-08,641.7196044921875,642.7185457406785,640.1371023874503,641.5118841129237,63133100
3944,2025-09-09,643.203125,643.7272854003053,640.1271612550325,641.8579832056892,66133900
3945,2025-09-10,645.0625,647.3768223058731,643.4997982019892,646.4570213518696,78034500
3946,2025-09-11,650.4231567382812,651.1154976382888,646.4274520986086,647.0109525903231,69934400
3947,2025-09-12,650.2054443359375,651.8868261792371,649.7010841125947,650.393364548417,72780100
3948,2025-09-15,653.6671142578125,653.7956944276398,652.114372883025,652.4110731340584,63772400
3949,2025-09-16,652.7671508789062,654.5276730798186,651.9858301119879,654.2210123755038,61169000
3950,2025-09-17,651.9561767578125,654.4683196962441,647.1296508296768,652.7770978636573,101952200
3951,2025-09-18,655.0023193359375,657.6035020628194,653.0341373534065,654.6363789857319,90459200
3952,2025-09-19,658.2465209960938,659.0895125014193,654.9438659954435,656.8877828567474,97945600
3953,2025-09-22,661.3607177734375,661.8069717744121,656.7290467709187,656.7588293222589,69452200
3954,2025-09-23,657.7606201171875,661.8566899635472,656.540685502851,661.2417286303936,81708900
3955,2025-09-24,655.6678466796875,659.1490153831234,654.2496039734066,659.0498612769777,68082200
3956,2025-09-25,652.6429443359375,653.9917550046746,649.0328388399253,652.5338627083877,89622100
3957,2025-09-26,656.3820190429688,656.9274877414105,652.4743904900326,654.0910020825955,69179200
3958,2025-09-29,658.2266845703125,659.8135740530697,656.4216318338509,658.9010899003678,73499000
3959,2025-09-30,660.7061157226562,661.1722852976668,656.173659297658,657.4828203674869,86288000
3960,2025-10-01,662.95751953125,663.8699431635192,657.611793334362,657.7208749627936,72545400
3961,2025-10-02,663.7210693359375,665.0600128657511,661.3011766397112,664.9410037342527,56896000
3962,2025-10-03,663.7112426757812,667.1527012490268,662.6698219114437,664.4848020775174,70494400
3963,2025-10-06,666.0914916992188,666.9841207809839,663.9591941673339,666.1014192164715,54623300
3964,2025-10-07,663.6219482421875,667.4601442579947,662.1838505424819,667.0138297258598,72020100
3965,2025-10-08,667.5791625976562,667.6783772359653,663.919480237528,664.7426772273783,60702200
3966,2025-10-09,665.6452026367188,668.4023890582872,663.7112737749407,667.9957845708525,66501900
3967,2025-10-10,647.6542358398438,668.4122493878771,647.4757221413303,666.6071968358344,159422600
3968,2025-10-13,657.5919189453125,659.664772492732,654.3488290056752,655.2216030747315,79560500
3969,2025-10-14,656.78857421875,660.3590300864076,647.8030207789583,651.7701536094826,88779600
3970,2025-10-15,659.7044677734375,664.7228887516702,653.5157497881946,661.3409343998026,81702600
3971,2025-10-16,655.211669921875,663.215367636124,651.7106461582608,661.3408828539109,110563300
3972,2025-10-17,658.9308471679688,660.2895852935891,652.7322022395391,654.0810128478913,96500900
3973,2025-10-20,665.7840576171875,666.6866142382812,661.7872027532737,661.8367798071084,60493400
3974,2025-10-21,665.7740478515625,667.4600912091562,664.4748144266518,665.9228395283285,56249000
3975,2025-10-22,662.3128051757812,666.4783066993808,657.8497808005621,666.4783066993808,80564000
3976,2025-10-23,666.2402954101562,667.1825015615415,662.3128121266341,662.6301900162397,65604500
3977,2025-10-24,671.6851806640625,672.8951271271609,670.0983517375236,670.9016937183009,74356500
3978,2025-10-27,679.6094970703125,679.9070199177999,676.5151383891614,677.1201116013259,63339800
3979,2025-10-28,681.41455078125,683.2493254549719,679.2028936555786,681.4046232640447,61738100
3980,2025-10-29,681.7418212890625,684.0328379014793,677.2589421639235,683.0608492697363,85657100
3981,2025-10-30,674.2439575195312,680.303738053287,674.2439575195312,678.2805222142791,76335800
3982,2025-10-31,676.4556274414062,679.4508319897004,673.6587916341136,679.4111219213156,87164100
3983,2025-11-03,677.7251586914062,680.1649066224819,674.3530715971103,680.0359699637585,57315000
3984,2025-11-04,669.6917114257812,674.3729598389511,669.0371611161902,670.5545580097922,78427000
3985,2025-11-05,672.012451171875,675.2654684624238,668.6304366940664,669.4337786331213,74402400
3986,2025-11-06,664.8021850585938,671.8140994484131,663.2252231578799,670.9115428502156,85035300
3987,2025-11-07,665.4567260742188,665.5658682287408,655.7769731606511,662.4218719882706,100592400
3988,2025-11-10,675.8407592773438,676.57466917413,669.4834554774103,671.6752576501947,75842900
3989,2025-11-11,677.3878784179688,677.9532020666294,673.1529450781785,674.3629519753922,58953400
3990,2025-11-12,677.7647705078125,679.3318048264125,675.3547447293747,679.1631581075335,62312500
3991,2025-11-13,666.5179443359375,675.2654792192372,665.010475070097,674.9084518036677,103457800
3992,2025-11-14,666.408935546875,670.1082678298286,657.8201189320223,659.9127671356764,96846700
3993,2025-11-17,660.2003173828125,668.1742931923078,656.7290761218832,664.1972328051172,90456100
3994,2025-11-18,654.6563110351562,659.6548768721069,650.4709542015795,656.6596720569411,114467500
3995,2025-11-19,657.1853637695312,661.8566848395906,653.3372397764296,655.3505889035424,94703000
3996,2025-11-20,647.1683349609375,670.0090710879778,646.5335791707308,667.3808213360044,165293500
3997,2025-11-21,653.6149291992188,659.0895314498267,645.5020891320908,649.667590792559,123956200
3998,2025-11-24,663.235107421875,664.5541959227929,656.1538219404428,657.2447591605586,80437900
3999,2025-11-25,669.4734497070312,670.6536740212097,659.020017057554,663.135941149376,81077100
4000,2025-11-26,674.09521484375,676.0986363282427,671.1595147067713,672.0620713400136,71879600
4001,2025-11-28,677.7747192382812,678.0523870500939,674.9084513312986,675.2654787466182,49212000
4002,2025-12-01,674.6803588867188,677.3779800628074,673.1629015749381,673.2323336611282,61201200
4003,2025-12-02,675.9300537109375,678.2012155152329,673.7481184984898,676.316803165018,62953800
4004,2025-12-03,678.2706298828125,679.2822075879724,674.105128319461,674.9779023816353,57238500
4005,2025-12-04,678.7664794921875,679.7384076011712,675.7415530139849,679.6689755171525,61970300
4006,2025-12-05,680.0557861328125,682.7336127271673,678.9549213715281,679.8375623637357,79241000
4007,2025-12-08,678.0127563476562,680.9980334759979,675.9696853695019,680.9484564225444,55231500
4008,2025-12-09,677.427490234375,679.7582167824522,676.9812362772177,677.5366323782647,58310100
4009,2025-12-10,681.92041015625,683.3088703732143,675.711837383319,676.9515664343469,85671300
4010,2025-12-11,683.5072021484375,683.5865617528303,676.5647198382891,679.51034738166,86173700
4011,2025-12-12,676.1580810546875,683.2195721462687,673.5893360954813,682.5153843270051,113160300
4012,2025-12-15,675.1365356445312,680.1252340287925,673.6687159286942,680.1053789946951,90811000
4013,2025-12-16,673.2918701171875,675.4837328267965,669.4338188610296,673.6488975485244,122030600
4014,2025-12-17,665.8832397460938,674.8489377460819,665.6848710067972,674.3034691132465,110625200
4015,2025-12-18,670.9114990234375,675.1464323222394,669.3544527925658,672.0322187932205,108650100
4016,2025-12-19,676.9923095703125,677.4896664833268,672.8940327515619,673.0134542661981,103599500
4017,2025-12-22,681.2098999023438,681.7370666700199,676.9923229108747,680.3245900087294,69556700
4018,2025-12-23,684.3233032226562,684.562024812114,680.2548972126992,680.3046207584179,64840000
4019,2025-12-24,686.7305297851562,687.1781631452748,684.164151137988,684.313382495532,39445600
4020,2025-12-26,686.660888671875,688.0037280321676,685.6264081645946,686.989161229118,41613300
4021,2025-12-29,684.2138671875,685.5567672531378,682.4433081832867,683.9055083361335,62559500
4022,2025-12-30,683.3783569335938,684.9201512250444,682.9506372729019,683.8160334465714,47160700
4023,2025-12-31,678.3152465820312,683.726492314561,678.1063955310838,683.5076844111845,74144800
