Date,Log_Return,gk_volatility,Range
2010-01-05,0.0026435660319889505,0.004768723904925684,0.007304425337647566
2010-01-06,0.0007035624896162339,0.003323621692417204,0.004924787293136323
2010-01-07,0.004212622979308612,0.006075447394854906,0.010070947554879082
2010-01-08,0.003322586889115744,0.00465631408991724,0.00837914887867474
2010-01-11,0.0013951861794050233,0.005150536034572445,0.007757337780942792
2010-01-12,-0.009369761034918747,0.005918748333409974,0.008710169205278439
2010-01-13,0.008410629166884842,0.009016741389281773,0.013697432011892434
2010-01-14,0.002700937644008177,0.0037404542146467516,0.006264693455070858
2010-01-15,-0.01128769072342558,0.008260964981539538,0.014431532897366607
2010-01-19,0.01241821751306782,0.005422334002987991,0.013384329464661364
2010-01-20,-0.010220779993391932,0.008890538321276436,0.012907134947638
2010-01-21,-0.01941605126776643,0.011765500401396936,0.024261406969674045
2010-01-22,-0.022544511219459478,0.012730798330594238,0.02426519135696702
2010-01-25,0.005115020908963312,0.005933688964448908,0.009109957461797723
2010-01-26,-0.004199860323587202,0.009211461353803652,0.013082063279795235
2010-01-27,0.004746107027929241,0.010694399916031355,0.015933715476868764
2010-01-28,-0.011538833147605452,0.012057110246912748,0.021552881500120132
2010-01-29,-0.010927883705921097,0.013888115299479281,0.024024600481591853
2010-02-01,0.015431182963832578,0.008831199271535068,0.014395742985238092
2010-02-02,0.012030993148582466,0.009013380031335824,0.015491929036261162
2010-02-03,-0.004995459258888651,0.0062293090257390235,0.00883184197879939
2010-02-04,-0.031352204131095664,0.008871075489484468,0.02452086199254214
2010-02-05,0.002064829605686244,0.015371587034068736,0.021563804082076293
2010-02-08,-0.007245296012048049,0.008776488724118093,0.014354559271151946
2010-02-09,0.01248180746336327,0.012388956647307704,0.01753408749681573
2010-02-10,-0.0019606947428585657,0.009857397985799864,0.01392391210190496
2010-02-11,0.010412232215015192,0.010991561614665187,0.018496254978280616
2010-02-12,-0.0008327967454335902,0.008540472083392587,0.014716737545511354
2010-02-16,0.015612407465950643,0.012203255188675865,0.01849825787145447
2010-02-17,0.004727366947504273,0.0043036703862538005,0.006076598815153529
2010-02-18,0.0058776084504944745,0.0052603870410477625,0.009917937406911295
2010-02-19,0.0020713804714152964,0.00713844471914436,0.010887161158157724
2010-02-22,0.0001803612702746606,0.004243184488251932,0.006747031083947741
2010-02-23,-0.012218896180357226,0.008993784847291252,0.01529915620186901
2010-02-24,0.009155793796654743,0.006217045946087066,0.010286946334486353
2010-02-25,-0.0013548408316197563,0.008391964237888048,0.016354907278760974
2010-02-26,0.0006324628738169154,0.006454291949753384,0.009120481810672973
2010-03-01,0.010331107387982175,0.0035892513596771118,0.00741801622649276
2010-03-02,0.0027665641871377792,0.004560500866168239,0.006595346558796073
2010-03-03,0.0008910564808424684,0.0058783002367582705,0.008459524058951883
2010-03-04,0.003022886261526655,0.004728434787017372,0.006835975467269927
2010-03-05,0.01419212053969159,0.006029424667574471,0.010853372987041894
2010-03-08,0.0001751836525028239,0.002783460677674404,0.00393801488983841
2010-03-09,0.0016612868256280036,0.006291130756545183,0.009785035175135258
2010-03-10,0.004445640373634536,0.004741809824497297,0.007567148890582502
2010-03-11,0.004166196492500334,0.0056515162350626235,0.009787829473214334
2010-03-12,8.703940344800137e-05,0.004343752175714881,0.007188652673099729
2010-03-15,0.0002595679624492634,0.005829722849431265,0.008399006309163803
2010-03-16,0.007934687570716834,0.005394678343645081,0.008848026345626859
2010-03-17,0.005909795346058513,0.006149009641330711,0.009052136650732184
2010-03-18,-0.0005125869905534625,0.00421710059326532,0.005980835122749369
2010-03-19,-0.005074703941322697,0.01075216831352036,0.015262604585925895
2010-03-22,0.005332078157209662,0.006582069721284377,0.013380266206263666
2010-03-23,0.0070086442924983195,0.005897386772686144,0.009624434439713548
2010-03-24,-0.004866721774249965,0.011207186174710077,0.015833606060471565
2010-03-25,-0.001627285447582794,0.008545958281352578,0.014230570175745505
2010-03-26,-0.0006003046752601453,0.007719338712098046,0.011151101406287642
2010-03-29,0.006327299730860957,0.005009173994542173,0.007159873338524031
2010-03-30,0.0006820296222889348,0.005533541032334004,0.007836440860203117
2010-03-31,-0.0034131559694886154,0.005490244834215473,0.007777743869357621
2010-04-01,0.006814096938107347,0.006910391795800954,0.0097623216985285
2010-04-05,0.008116352741498713,0.004800443159190585,0.0077467005085598015
2010-04-06,0.0023548174865844896,0.004704538311345426,0.008064508376086793
2010-04-07,-0.005728478564224379,0.008950244263210949,0.013095666135221827
2010-04-08,0.0034580133895218343,0.006966644222524754,0.011534922836608496
2010-04-09,0.006545987358158485,0.003859427522123746,0.00669172230817049
2010-04-12,0.0015880127883247416,0.0028846234747506227,0.0040922457149327835
2010-04-13,0.0007512612919816677,0.006055567591602056,0.008678969370238362
2010-04-14,0.01128555742691467,0.004460988537398397,0.009159176400612954
2010-04-15,0.0008246238855797559,0.0032714360495439106,0.005111738328815962
2010-04-16,-0.01604042046009587,0.01279478641980643,0.0212801684193948
2010-04-19,0.0037631898930039695,0.007594328833395313,0.01218595371190644
2010-04-20,0.008891353067998604,0.006306041052523016,0.009182665747621568
2010-04-21,-0.0018219920251494612,0.007115167820437993,0.0102768560875941
2010-04-22,0.002979570153089181,0.010323190547080129,0.016939311512373403
2010-04-23,0.006506419103771194,0.005622456304349327,0.010097720889797468
2010-04-26,-0.0037829165261752474,0.004496716265332672,0.007334152458504058
2010-04-27,-0.02393537401251734,0.014333683090908487,0.026080319466076335
2010-04-28,0.007567344087884161,0.008201705779303911,0.011811054569855985
2010-04-29,0.012321519610071933,0.004670955440146388,0.00860500504943966
2010-04-30,-0.01710731167877042,0.007598240763132625,0.018769492490173782
2010-05-03,0.012878314515449523,0.007129946601968921,0.012297493773976681
2010-05-04,-0.023795477779057474,0.009931218747280824,0.0179543964484622
2010-05-05,-0.0059741961627667395,0.01098403822577993,0.015665141549694502
2010-05-06,-0.03377793090408382,0.0743695871337496,0.10625110448554889
2010-05-07,-0.014986053402823711,0.026547822634611636,0.039187424925792344
2010-05-10,0.04309804127276069,0.010460121732706773,0.014979319980316996
2010-05-11,-0.002845187603776318,0.014345701986360029,0.021151661137117597
2010-05-12,0.01388990080026325,0.0069037408378140545,0.01302687482712882
2010-05-13,-0.012508777192665592,0.008973079740074236,0.015432373036420912
2010-05-14,-0.018271384633711467,0.013706220425061987,0.021599781347406345
2010-05-17,0.0005269238449762231,0.017133085338799404,0.024133392484855253
2010-05-18,-0.013695870059244277,0.01449691755594229,0.028380804253563888
2010-05-19,-0.005710567577180408,0.015275216682099234,0.021564029944963363
2010-05-20,-0.03849050577813536,0.011694122332493794,0.022503237384628873
2010-05-21,0.014493689074964835,0.018941515505204686,0.0368435214057274
2010-05-24,-0.012913919778641057,0.010625141359657713,0.016525845273667548
2010-05-25,0.0010208865026277744,0.01704460876392267,0.03236881379189622
2010-05-26,-0.006047337923013434,0.015375110824305217,0.024447166103817676
2010-05-27,0.03294918711351183,0.009515079500762703,0.018237669135979264
2010-05-28,-0.01262908552920227,0.009673969991213765,0.017097949159926136
2010-06-01,-0.016966675456498614,0.016112575960421874,0.02399325054355812
2010-06-02,0.02570644819835504,0.013173952589427775,0.025650268781773893
2010-06-03,0.0034382541572475184,0.009480334121794439,0.013368220935579822
2010-06-04,-0.03576914396368967,0.015720634341521662,0.026867653574062744
2010-06-07,-0.01252925127118072,0.010651400532961127,0.020855028844377135
2010-06-08,0.010655325364337345,0.013217425731518252,0.020446447655392285
2010-06-09,-0.0053606545593348175,0.016308135770126884,0.025271100688868488
2010-06-10,0.028812139794143314,0.019957767149968386,0.02968390122286298
2010-06-11,0.004844439512658627,0.006299090641354508,0.01486138994240192
2010-06-14,-0.0015510007368548572,0.009440291683158583,0.015706339029775834
2010-06-15,0.02248269601609265,0.008435473635657047,0.017946447644914827
2010-06-16,-0.0003571258787563074,0.0071063650669201,0.010896759831005855
2010-06-17,0.0016062446176826816,0.008066543968496324,0.011414292725732234
2010-06-18,0.0010838784524039077,0.004776690685239783,0.006802062865853962
2010-06-21,-0.002868188145248007,0.011913019028660262,0.021631774109118772
2010-06-22,-0.016653684390853477,0.01208572045570781,0.022725179070043847
2010-06-23,-0.003107730479555269,0.009757873314962888,0.014190198432003363
2010-06-24,-0.016710022594430836,0.008313095833922448,0.01573266123825742
2010-06-25,0.004180859363381145,0.010817973229060343,0.015296203614226705
2010-06-28,-0.003156973508660116,0.007188548413647192,0.010973684725856891
2010-06-29,-0.031361576121503636,0.02428333947416375,0.03800018346860062
2010-06-30,-0.009545203502636268,0.012950064545238085,0.01937608967591109
2010-07-01,-0.004466737421119652,0.01614085899673545,0.02296614014490647
2010-07-02,-0.005464382358019091,0.01112584918379884,0.017612480196793717
2010-07-06,0.006534378819042485,0.016433166022735833,0.024205360422689427
2010-07-07,0.031010324716638255,0.012655812850007941,0.03034587882557222
2010-07-08,0.00984665670953436,0.009040524366075112,0.012784575124757289
2010-07-09,0.007437403360442398,0.004881846530527865,0.009633206042486133
2010-07-12,0.0006481533486708376,0.006713788503717271,0.0100897560881906
2010-07-13,0.014976177237570632,0.006907118018517801,0.0105781141161465
2010-07-14,-9.129718802687454e-05,0.007640467641784163,0.011126321967402705
2010-07-15,0.0002738665623552518,0.012241793746862904,0.017231941870802937
2010-07-16,-0.027921260166405837,0.011470812850465001,0.02587663642853353
2010-07-19,0.005889111596020583,0.009220129985020841,0.013141914630283042
2010-07-20,0.011030514622233523,0.009880746800527003,0.025258091620388806
2010-07-21,-0.013082693147250813,0.011293328556835649,0.022788852604472387
2010-07-22,0.022075802098317714,0.008243743038441075,0.014708575039445235
2010-07-23,0.008641430200359656,0.008234590927890856,0.014853720996761889
2010-07-26,0.010362225036548033,0.006961253509410989,0.01237000074953528
2010-07-27,-8.992390808456894e-05,0.006628200991632409,0.010578218492995166
2010-07-28,-0.006475019585558434,0.007131460965500878,0.010827434429406141
2010-07-29,-0.004884754732407521,0.013778447492776782,0.02185144630255905
2010-07-30,-0.00018119209563227458,0.010365402069738178,0.01704903700598945
2010-08-02,0.022330135286264204,0.0077237493238984595,0.012415763562929949
2010-08-03,-0.004800314111147344,0.0056109413774196055,0.008198165736390865
2010-08-04,0.006660872632116666,0.005448497727056261,0.008409285102035353
2010-08-05,-0.001062816516883263,0.0040299408507998855,0.007354912204496197
2010-08-06,-0.004084611489056334,0.009799082757026484,0.014681035099559538
2010-08-09,0.00532402087700629,0.00537971235494208,0.007611298580503177
2010-08-10,-0.005412739677506895,0.00996208778745908,0.014326398377826857
2010-08-11,-0.02778970204925974,0.006619938141280342,0.014364132213983303
2010-08-12,-0.006148690636568459,0.007363435565636117,0.013071878899459719
2010-08-13,-0.0029502525590212126,0.005078788364594763,0.0072015399951875095
2010-08-16,-0.0004616998797041753,0.008487586167441462,0.013208943995551696
2010-08-17,0.012210103250768269,0.009470251842913663,0.013778649390358376
2010-08-18,0.001823237591059109,0.009373735323085917,0.01338913907505676
2010-08-19,-0.017549769623068527,0.01102326873173081,0.019095268919544717
2010-08-20,-0.003249777176087184,0.007836988967974001,0.011066701896358276
2010-08-23,-0.0038197328825640164,0.008277983072060489,0.014002986944918328
2010-08-24,-0.014954680684606885,0.009175057677858027,0.013455872125186657
2010-08-25,0.0038778431311404194,0.012466349142396312,0.019350532141974467
2010-08-26,-0.006724698939923021,0.008875498813745268,0.01615513183887683
2010-08-27,0.015370954222741037,0.01687974826991167,0.02489241668459898
2010-08-30,-0.014610634243404641,0.007720972338756899,0.015288202902632863
2010-08-31,0.0,0.009742796919842242,0.014148756316654857
2010-09-01,0.02947295752085299,0.008015333030426309,0.017978950439815636
2010-09-02,0.009269334664841233,0.004882120060134992,0.00913492270803855
2010-09-03,0.012887705927448083,0.006360424234867265,0.009378671848242669
2010-09-07,-0.011336364221183448,0.0045880976841819986,0.008755920191689701
2010-09-08,0.006997984870881666,0.005898656163411153,0.00941944462487377
2010-09-09,0.004608270385034416,0.005371394614690558,0.00955641521900526
2010-09-10,0.005036518310703882,0.004252650929994609,0.006637942603932474
2010-09-13,0.011061755128151843,0.005093982014130975,0.007274660095315921
2010-09-14,-0.0006213566312076777,0.00754760873497866,0.010741225637664017
2010-09-15,0.0038101806344358943,0.006488575193324048,0.010877217081909186
2010-09-16,-0.00026527260096627787,0.004496910386848574,0.006811183119636086
2010-09-17,0.00037315389401555775,0.005279527008441346,0.008622999725520823
2010-09-20,0.015174466885993049,0.009649230510290254,0.016986274905504292
2010-09-21,-0.0020158552640924437,0.008050574733965272,0.011668662594220341
2010-09-22,-0.0049252519768988035,0.008064900012458824,0.011814529967538538
2010-09-23,-0.008144214036611655,0.00932994824828742,0.013244425455729176
2010-09-24,0.02041215657718672,0.005095565441945646,0.010886605149994165
2010-09-27,-0.004801543280201456,0.0039991844118369224,0.007263448202004677
2010-09-28,0.0034942682981982474,0.011446040681905438,0.016220464289283372
2010-09-29,-0.0017456079110081332,0.005476261921897083,0.007775024107206831
2010-09-30,-0.002974447464946052,0.012613037281874474,0.019276304482438163
2010-10-01,0.004196684084571425,0.007053543954742309,0.010383059375874073
2010-10-04,-0.0075316170161643945,0.009790796102551175,0.01468130258413459
2010-10-05,0.019931383031912872,0.007580666170460199,0.014219247784046988
2010-10-06,-8.590480632255107e-05,0.004695690231820404,0.006636251663895734
2010-10-07,-0.0012073563889400684,0.0074991435298778905,0.011562657217602135
2010-10-08,0.005592957116824641,0.0071392135110278,0.010725930926549939
2010-10-11,0.0009436127303317326,0.00435005085635886,0.006172320713972632
2010-10-12,0.0030814517279379393,0.009535295612565739,0.014528646416593786
2010-10-13,0.007747004821395213,0.006877830659811977,0.009922030329949313
2010-10-14,-0.003908645335673426,0.007548945904400888,0.010982469994739301
2010-10-15,0.0020414821442716257,0.009063036534917102,0.013508890221890299
2010-10-18,0.0049153076692958165,0.007638188704219343,0.011498145285655894
2010-10-19,-0.013190888205190038,0.010792906472898683,0.015677219039041377
2010-10-20,0.009718371885709528,0.008049598136618638,0.013319756157125698
2010-10-21,0.0022037628153957203,0.011161854290906964,0.015914647398026283
2010-10-22,0.0018602880354640094,0.0031618966917918642,0.004478232244445441
2010-10-25,0.0029530296879789982,0.0064236127010607715,0.009688302910238164
2010-10-26,0.00016878707592954162,0.0047951734141201355,0.00817043110962699
2010-10-27,-0.002868238762493315,0.007040801018895484,0.01055921632878657
2010-10-28,0.00016898790967908765,0.0068141144465526885,0.01081080036149412
2010-10-29,0.0007594544461565061,0.003722259131590704,0.00548570797196084
2010-11-01,0.00033797382887067146,0.010950643586322124,0.01602971016153225
2010-11-02,0.00789913352075051,0.00383981635206708,0.005440709125616669
2010-11-03,0.004009731262430982,0.009204858811092478,0.01308878478339312
2010-11-04,0.019074995498843048,0.012772503883093006,0.019221318771960854
2010-11-05,0.0037552306102295176,0.003809907032370743,0.006029969494856027
2010-11-08,-0.001875852586533515,0.004268375400439571,0.0061229489189323395
2010-11-09,-0.007210297160473755,0.008635579541287592,0.015048056841341664
2010-11-10,0.004021033870680842,0.008323858050845392,0.012285012438537635
2010-11-11,-0.0037745012880383193,0.005921806954458596,0.009371912161859562
2010-11-12,-0.011908699091402217,0.009449559945310836,0.014143069812008418
2010-11-15,-0.0014153076158479115,0.005598307264031846,0.00891443560531611
2010-11-16,-0.015702040326203,0.009667755286785588,0.016079904087614505
2010-11-17,0.0005079068480474997,0.005081033809965154,0.007189971792795359
2010-11-18,0.014610880825288145,0.005284438344969005,0.008669564216943669
2010-11-19,0.0027471489048676136,0.006109116308991446,0.009061404352769637
2010-11-22,-0.0008316879435199932,0.008303187105259362,0.012230644736194068
2010-11-23,-0.014582971447535967,0.005912761091670673,0.008695642092307873
2010-11-24,0.014666070754903638,0.003392628966733155,0.008735466542565254
2010-11-26,-0.011715700434700339,0.0056830907618585945,0.008501637044536997
2010-11-29,0.003026192527069432,0.009782181383591446,0.014602261158853469
2010-11-30,-0.00563924055772689,0.007660537511000457,0.011477767194452801
2010-12-01,0.02104512461245402,0.0045171345928377415,0.008676930863791094
2010-12-02,0.012727378923962408,0.005445790042484032,0.012402123880055073
2010-12-03,0.0026887849667823786,0.0037004029669525608,0.007486355061556142
2010-12-06,-0.0010582260784150008,0.003039676406099906,0.004398834360788698
2010-12-07,0.0005699531904596487,0.004478197687570994,0.010176666786338464
2010-12-08,0.0036569026586827993,0.005371768147959064,0.007868215451925247
2010-12-09,0.003886131729580591,0.004864997333744614,0.007029695395688869
2010-12-10,0.005801027195920952,0.004653787714248104,0.006989035135971887
2010-12-13,0.0006421895077917565,0.0029791646363809335,0.005459218998907688
2010-12-14,0.0008827217388274829,0.00531277094420253,0.007539925043813675
2010-12-15,-0.004582296090238028,0.005661185318686506,0.008380345917121192
2010-12-16,0.005784694470982518,0.0057721258384080916,0.009293411832602894
2010-12-17,0.001070696100282562,0.0034752277571334527,0.005148828430695575
2010-12-20,0.002410777120186763,0.005223931426178404,0.0073836130033050704
2010-12-21,0.0063200067810331925,0.0027468202141782516,0.00478505843401919
2010-12-22,0.0031054321435581935,0.001767436779257278,0.003259628213498686
2010-12-23,-0.001431685151342502,0.002752932208887993,0.0039012569245411416
2010-12-27,0.00039777184446693046,0.0032092158911384535,0.005809755023271663
2010-12-28,0.0014316739460501688,0.0025071749799854765,0.0035762293705309685
2010-12-29,0.0007147903923132704,0.001656639773762534,0.002382428738291233
2010-12-30,-0.0015895782877354265,0.0033484598947074317,0.0047724981569780426
2010-12-31,0.00023850220727602382,0.002838640734733113,0.0042942418729808324
2011-01-03,0.010284937498100137,0.010476643311069503,0.01495475387832054
2011-01-04,-0.0005511337731350277,0.006355181108118834,0.00929280417373165
2011-01-05,0.005184587451083873,0.00472046643133353,0.00987153041566568
2011-01-06,-0.001960875362892368,0.004309294915543793,0.006436923610589523
2011-01-07,-0.001964175939404839,0.008786804970391617,0.012741821023788577
2011-01-10,-0.0012595361487866433,0.004986928743090381,0.007560298381538626
2011-01-11,0.003537849122825142,0.004386369817872302,0.006199489238290898
2011-01-12,0.008983880258521705,0.006721215354089752,0.009799363184688877
2011-01-13,-0.0016346122443169323,0.0032934012362641017,0.004985583968155355
2011-01-14,0.007218731984233411,0.004116292385230113,0.00951272775335288
2011-01-18,0.0017001996881014266,0.0029074534876929784,0.004709701901092921
2011-01-19,-0.009854107524313208,0.006989523455290789,0.012709470752619386
2011-01-20,-0.0013265139677642508,0.007004581842445849,0.009915651350017983
2011-01-21,0.0022616898197424734,0.004538707284792555,0.007322602455099676
2011-01-24,0.005670583450421384,0.0037759726054510255,0.007668516238258381
2011-01-25,0.0005420858511928167,0.00611731934441717,0.009057816718515627
2011-01-26,0.0038634090246287105,0.00438854014068654,0.006323801463699984
2011-01-27,0.0024648641325198304,0.0037834414202048494,0.005692787613606016
2011-01-28,-0.017617154912628153,0.010320961580351043,0.02223617240950042
2011-01-31,0.007488484839423141,0.004849854848335466,0.008004342849879017
2011-02-01,0.015881706884282788,0.0060994620673860645,0.012161513470134912
2011-02-02,-0.0019142599128791986,0.0027280754092403295,0.00390830320612298
2011-02-03,0.0022199656048709046,0.0072415443380781175,0.01078137648326324
2011-02-04,0.0028255156845720304,0.005022811357445054,0.007396120974803351
2011-02-07,0.006232649920436963,0.004558475251530171,0.007350164520199779
2011-02-08,0.004536351475319575,0.0043144276737474545,0.006864325351388294
2011-02-09,-0.0022658308301497705,0.005451806198872092,0.007711531258136524
2011-02-10,0.0003782477504172862,0.005277388852591414,0.0088421863979988
2011-02-11,0.005952673508586909,0.00520840935530921,0.01134395988214348
2011-02-14,0.002401315207351743,0.0029650669202259078,0.00494632720938546
2011-02-15,-0.00315315998630107,0.004792979628172285,0.0067663629325096395
2011-02-16,0.006295734648686183,0.003942903854158218,0.006126201180712185
2011-02-17,0.0029838243243287504,0.004436800198534185,0.00811915335486496
2011-02-18,0.0020838542985426676,0.0032316465857922753,0.004683006679023623
2011-02-22,-0.02027422677367451,0.01527158224560899,0.023439249753258576
2011-02-23,-0.006163144585516048,0.009416014984470759,0.01419631010302538
2011-02-24,-0.0006871869984305304,0.009420215808592605,0.013289586729549432
2011-02-25,0.010635782055975306,0.0036434120416494417,0.007632507758251855
2011-02-28,0.006177772456365147,0.004759645665668212,0.00705972575663092
2011-03-01,-0.01681355451234055,0.008370359925299985,0.02138549765821336
2011-03-02,0.002136179405609807,0.007623298979011224,0.011203423104068497
2011-03-03,0.017077744181302895,0.004211109010269874,0.009215521962161223
2011-03-04,-0.007520478508462448,0.009972645745200985,0.015324214996531714
2011-03-07,-0.007881870947906888,0.01108847242751668,0.018412830432967382
2011-03-08,0.008711799943185407,0.009342320979677967,0.014557193008947335
2011-03-09,-0.0014341600618937567,0.006410125158256122,0.009064105701144139
2011-03-10,-0.018679371609779904,0.005441637139941205,0.010543289914168391
2011-03-11,0.006902268162600453,0.0075950436316951225,0.013910058975617973
2011-03-14,-0.0060558012051550895,0.0077322213817051675,0.010918863019020281
2011-03-15,-0.011523417175861765,0.012354793942810414,0.02201308248909111
2011-03-16,-0.01868631043625071,0.015597211956620019,0.026073930392809887
2011-03-17,0.01314846015778777,0.007103313579727485,0.010089956440542877
2011-03-18,0.003630558509257415,0.005452817885694737,0.010723252376915283
2011-03-21,0.015378446005565998,0.004003579094355214,0.006243236660233079
2011-03-22,-0.0034741329916021095,0.003345145619701045,0.005568885900625625
2011-03-23,0.0028573121117087706,0.008501752072339754,0.012956907514512181
2011-03-24,0.009518306715801797,0.00732481246601389,0.010847962071474544
2011-03-25,0.003051247035782596,0.005266852708093692,0.007463790592242076
2011-03-28,-0.0024402676085510107,0.004441846677605515,0.007482025954387865
2011-03-29,0.006696250974876143,0.006324992330624745,0.011072284607311871
2011-03-30,0.006877524890942477,0.004134446803803604,0.00602548034958343
2011-03-31,-0.001356637874421962,0.002717139873505616,0.0038465176839231506
2011-04-01,0.004214513105034465,0.004836718191049457,0.007059725756630865
2011-04-04,0.0008260927659382805,0.004115839958992001,0.005928210405954151
2011-04-05,-0.00015020923500379488,0.00458312388986743,0.006679670916811098
2011-04-06,0.0031473501382938895,0.004545513347467315,0.006583905870877796
2011-04-07,-0.0025473973075981504,0.006985548144847227,0.009900930039852323
2011-04-08,-0.0034561197748966647,0.007460796987951212,0.012644949020415772
2011-04-11,-0.0030153663741043675,0.0065010961777720285,0.009889759113658728
2011-04-12,-0.00750193278434116,0.005191461871778539,0.007530160684436897
2011-04-13,-7.616235585463494e-05,0.005868436775028326,0.009280282212136563
2011-04-14,0.0007605279761912185,0.006932145303848285,0.011325556871581587
2011-04-15,0.0036418089339049276,0.0050211277337688974,0.007270459738647519
2011-04-18,-0.011271866576630374,0.01362598045755156,0.01930150367328239
2011-04-19,0.005728146253242424,0.004166623960376243,0.00693019327567431
2011-04-20,0.013539665010992024,0.003017476378552935,0.004507934455307169
2011-04-21,0.005095963554347424,0.003920107501608281,0.005531396629744336
2011-04-25,-0.0010471009310343371,0.003490098707083492,0.004938668550761058
2011-04-26,0.008568106001834585,0.004985386013082391,0.008531745335450557
2011-04-27,0.006508030861357497,0.006576308097938022,0.010097996135309904
2011-04-28,0.003237541022105725,0.0033600282295503177,0.006465282639610191
2011-04-29,0.002348108928331499,0.0028029926638599716,0.004324647279589174
2011-05-02,-0.001540267182075535,0.005060906754088657,0.009029479639676664
2011-05-03,-0.00360370010031544,0.005903201940658393,0.008472770879488842
2011-05-04,-0.006652549239462722,0.006844519321867377,0.011125120371054701
2011-05-05,-0.009089989242751688,0.009949153722371824,0.014444971685987108
2011-05-06,0.004406113860111279,0.009652970540916905,0.01453064270771427
2011-05-09,0.0038674798765796,0.005409929881919643,0.008387803389054881
2011-05-10,0.00849963679377229,0.004818742712755573,0.008169578643130115
2011-05-11,-0.010580078671558536,0.008015443701567938,0.01390951415671468
2011-05-12,0.00474914160382811,0.009281166569358684,0.014583959090902434
2011-05-13,-0.007728793576803217,0.007833676545237917,0.013279609582620202
2011-05-16,-0.00636203095360741,0.008494617782657633,0.012313231921216508
2011-05-17,-0.00014983848915584355,0.006156252591198674,0.009236397110764204
2011-05-18,0.008896048249343006,0.006333217352168837,0.011536194140493259
2011-05-19,0.002378878625021609,0.005704309162014496,0.00809323134219789
2011-05-20,-0.00797655731753083,0.006111194528782568,0.009879440606240193
2011-05-23,-0.011668665260341151,0.006034483839578794,0.0085567537763366
2011-05-24,-0.0008331487646341493,0.005003741826813244,0.00780597804561436
2011-05-25,0.0033289661444125033,0.006984041384990763,0.011783348937123133
2011-05-26,0.004596979074770918,0.006324709428552447,0.010977494089226988
2011-05-27,0.0038270887336504748,0.004778722621895398,0.006815882261711355
2011-05-31,0.01035779891885577,0.005651317713553633,0.00800594425440397
2011-06-01,-0.022717622210452336,0.011360678824407434,0.02396302251547978
2011-06-02,-0.0010621239696383467,0.006791673384573998,0.009716836110314148
2011-06-03,-0.009994243583049086,0.007131485812147722,0.010274469841310752
2011-06-06,-0.01063752717085767,0.006380099393643369,0.011546850361810886
2011-06-07,-0.0006203225953695221,0.00563540232288741,0.009460306739980403
2011-06-08,-0.00419587349410418,0.0053010184572718,0.007864894720651506
2011-06-09,0.007602124227707044,0.007451865209314878,0.011360015697450584
2011-06-10,-0.014007909463223058,0.006947947289295972,0.013087700309725957
2011-06-13,0.0007832126844593966,0.006527140063826544,0.009318735081008443
2011-06-14,0.012606409262635274,0.00472219914993814,0.00734609414195627
2011-06-15,-0.017945571017370467,0.013199812448209029,0.02062669513324264
2011-06-16,0.0022019179737547685,0.009101214162159607,0.012961519923986564
2011-06-17,0.0029797120826776775,0.005947538124815902,0.010389607738037432
2011-06-20,0.00510311385549155,0.005636700741390439,0.01088488193317522
2011-06-21,0.013610808104716564,0.009333969886127936,0.01506370795066024
2011-06-22,-0.006043853364881461,0.006420582628742984,0.009481629269173151
2011-06-23,-0.0028795039366817372,0.01241399283505888,0.019095844816572897
2011-06-24,-0.011681394909309457,0.006601623608567332,0.013800113589599797
2011-06-27,0.008871453214162188,0.008500839989412106,0.013990880506295112
2011-06-28,0.012968754182448586,0.004939200927647722,0.010493022173807076
2011-06-29,0.008527291477789958,0.006606654506295764,0.009944826964726686
2011-06-30,0.009517148577697691,0.006867124812280478,0.011138788727111508
2011-07-01,0.014667934909389427,0.00889691994278897,0.017323830316156225
2011-07-05,-0.0008217493169896553,0.0036456456548135414,0.005156583618530485
2011-07-06,0.0011952238768935049,0.004973055569250963,0.007688279240962582
2011-07-07,0.010322169648925251,0.004186095144132102,0.006057860976154412
2011-07-08,-0.007117629741564846,0.010024522797249564,0.014657747843503929
2011-07-11,-0.018245949376653716,0.007243259872786718,0.011517685834751868
2011-07-12,-0.004328393248655513,0.007478289356090177,0.01080668367506907
2011-07-13,0.0033430646533003155,0.009004676995999699,0.012894394686459918
2011-07-14,-0.006926364247852082,0.009630763647633104,0.01603915237905659
2011-07-15,0.005787629667008887,0.005921361841491439,0.008352880433850662
2011-07-18,-0.008234731377940315,0.008660467906621191,0.012632982840317063
2011-07-19,0.016101394669523615,0.005358833579530711,0.011903879167584909
2011-07-20,-0.0006030912651768227,0.003354270867671838,0.005503171964777725
2011-07-21,0.013775692213102228,0.010180054101642041,0.015986386106458455
2011-07-22,0.0006690255215006098,0.005049239317538306,0.00713335340173588
2011-07-25,-0.005588467079218285,0.006580565643608968,0.009937994566671738
2011-07-26,-0.003742946846974624,0.004541512872240502,0.0069752337943319075
2011-07-27,-0.02068834922899125,0.007179916652259673,0.016845421931201837
2011-07-28,-0.0029137037947996663,0.009334164374830676,0.013515663869807917
2011-07-29,-0.006858133753648016,0.013968626402741675,0.019948981632467343
2011-08-01,-0.004261735480097903,0.01596585962965645,0.026634632451337816
2011-08-02,-0.025879459543677152,0.012299662660751625,0.023985992409515315
2011-08-03,0.005404578557015312,0.015534114618122987,0.02203375461394853
2011-08-04,-0.04797443877728648,0.015750275701669283,0.0379178871360963
2011-08-05,-0.0014977522674185628,0.029609066612125645,0.04338773321974817
2011-08-08,-0.06734056277848202,0.04243406215141643,0.07215398137696494
2011-08-09,0.04544996820245711,0.041924922268177504,0.0627341039835531
2011-08-10,-0.04518321720019417,0.02137270108245047,0.038560885170105426
2011-08-11,0.0439060480486718,0.03389207230750699,0.05625158417388031
2011-08-12,0.006710750206462575,0.011447489731696382,0.016339318153560108
2011-08-15,0.020943804351367584,0.007100128153059664,0.01442545037430655
2011-08-16,-0.008575993256296042,0.01406962974100498,0.01990137098163301
2011-08-17,0.0006688477190975327,0.014306715573660488,0.02072362133772173
2011-08-18,-0.04407597219906305,0.03682747948784368,0.0551916826209245
2011-08-19,-0.016464992098133475,0.02085732980593474,0.03000707805160553
2011-08-22,0.0007987516239816389,0.011393944384863599,0.025015520365907668
2011-08-23,0.032380012364476685,0.017004420139223497,0.03426655599545643
2011-08-24,0.013986574920492673,0.009785995314043287,0.019647693587806787
2011-08-25,-0.015361351055119609,0.016803662569978298,0.03035774695867458
2011-08-26,0.014429484233521504,0.02564172956581999,0.03950159882927561
2011-08-29,0.028330906945575562,0.017601529544585656,0.027768644772852756
2011-08-30,0.002633128005117774,0.018030915677815472,0.026051924400023893
2011-08-31,0.004428493481123844,0.012708671552001123,0.01808213927671203
2011-09-01,-0.010528465516622459,0.0135156776379738,0.02166365713322508
2011-09-02,-0.025881927442267444,0.02019498911135111,0.029189668951600734
2011-09-06,-0.007324437358046181,0.009655090619658283,0.023762769975674385
2011-09-07,0.02781723968113475,0.008620833220296971,0.016460185488979158
2011-09-08,-0.010446093442622336,0.01250142763928591,0.018229215235639206
2011-09-09,-0.02655927393619183,0.020802759607844102,0.03260868563669046
2011-09-12,0.006449721110038105,0.011651136511543226,0.023227900291456337
2011-09-13,0.009129241980448653,0.011247226395034698,0.01664684151549297
2011-09-14,0.013748989821193682,0.023690468269311208,0.03417945662375805
2011-09-15,0.01710969702144062,0.011474925373498398,0.017046855716231112
2011-09-16,0.00590158004445424,0.009558735443474846,0.013578024781595085
2011-09-19,-0.01000732682034235,0.012399565867153151,0.018369205629784356
2011-09-20,-0.0011641198000743715,0.011074679841783699,0.016476622765321254
2011-09-21,-0.029900955523503324,0.016097045853867335,0.03566831973489503
2011-09-22,-0.03285852070294662,0.018123738726945563,0.025784122071393363
2011-09-23,0.006007305520388111,0.010816393354846639,0.018848044757680666
2011-09-26,0.02350147063955441,0.019173648083743573,0.029421870541958033
2011-09-27,0.01112197647981185,0.015414962233638436,0.02314106856829038
2011-09-28,-0.02063035208998027,0.01600654159479937,0.030571449207275773
2011-09-29,0.007872333452153732,0.021960831879289593,0.03188278199865283
2011-09-30,-0.025306318529267728,0.012905112501691936,0.021034001072228296
2011-10-03,-0.028870651302442586,0.021910895749670933,0.03766032364373154
2011-10-04,0.02168602290800974,0.024312229992546626,0.045842991755037824
2011-10-05,0.01834607416691589,0.016969860948972543,0.027442749868009077
2011-10-06,0.01792953204948249,0.015591080095502642,0.02704096131551751
2011-10-07,-0.006718583840427422,0.010817392973692238,0.018926648161214445
2011-10-10,0.032898726447287814,0.006111605398264241,0.016390692878912996
2011-10-11,0.001003021662849386,0.0062981745972167545,0.010776950279164414
2011-10-12,0.008734013795841501,0.010528754790830215,0.014989627814441046
2011-10-13,-0.001990235774056128,0.010022504248592363,0.014521616205945394
2011-10-14,0.016949949041076315,0.007202691743755748,0.011177246639459213
2011-10-17,-0.01927567525498656,0.01232611007257765,0.021791588400807742
2011-10-18,0.01935710445520407,0.021720461844299675,0.03507915636748214
2011-10-19,-0.01189976844535029,0.012178262130669549,0.01956577891786542
2011-10-20,0.004366334634425359,0.013276796829737241,0.01874074232012353
2011-10-21,0.018809504002199915,0.0066883135010154075,0.011293066968568364
2011-10-24,0.012186123136565346,0.00733486727339823,0.01386569067482975
2011-10-25,-0.019635092425880348,0.008268342593716676,0.017635092361863256
2011-10-26,0.010107061637612613,0.014657003452741693,0.020595313722782393
2011-10-27,0.03424195948346956,0.014744558245590376,0.021845583860109277
2011-10-28,-0.00023304592005221484,0.005002751204088037,0.008164875598159874
2011-10-31,-0.02440111201406779,0.016464682675763113,0.02629478424193852
2011-11-01,-0.02828492489809721,0.011484738865657217,0.01631152043577097
2011-11-02,0.016179884387797036,0.009176174275797954,0.012984923284864475
2011-11-03,0.018063365842712314,0.01566751813599499,0.022970309115872584
2011-11-04,-0.0061174794361698115,0.00949070086858627,0.013468240092442742
2011-11-07,0.006196848273923654,0.011588489123070611,0.017345179822215718
2011-11-08,0.012748782718030156,0.011993631512495639,0.0180638507788718
2011-11-09,-0.03760778945429801,0.014298525768752698,0.023871405927139926
2011-11-10,0.00937441439096622,0.010696677881578218,0.015444062122369628
2011-11-11,0.018647091333123793,0.005326817307768532,0.00947415848371053
2011-11-14,-0.00951915685159885,0.013711683682732066,0.02016578031053086
2011-11-15,0.004929875824574707,0.01049128112898304,0.016100878409068008
2011-11-16,-0.015990361640603978,0.013299198732518976,0.019664690328857152
2011-11-17,-0.0160041566103896,0.014416324939666554,0.023994761203263843
2011-11-18,-0.0010649581703557724,0.006924628544348833,0.010493513232258209
2011-11-21,-0.01920289496075937,0.009662314828833434,0.014206893667181919
2011-11-22,-0.003935655242876233,0.00930009543973782,0.013256160740758693
2011-11-23,-0.022312298909979263,0.013598873874991549,0.02256352897991795
2011-11-25,-0.001888977769938578,0.009066954821001581,0.012893244346024334
2011-11-28,0.028554817445500983,0.007998881428852965,0.011360793757853871
2011-11-29,0.002836193085619698,0.008169975695277885,0.011578503576123769
2011-11-30,0.0403255224620365,0.029158828458470093,0.04176335154747803
2011-12-01,-0.00016035707474745228,0.006816824480854998,0.009682316337148356
2011-12-02,-0.0008805243082138835,0.007400337976389024,0.013775438189133925
2011-12-05,0.01083331205316618,0.009252668127129087,0.013785436911278775
2011-12-06,0.0003171216807424808,0.007546126483805688,0.010692210132108946
2011-12-07,0.0037151375937595544,0.0120697679999927,0.01806991915779865
2011-12-08,-0.0221804022126786,0.010535449762106493,0.020411446886548244
2011-12-09,0.01680048753165022,0.008065985131519262,0.015628728068290725
2011-12-12,-0.014705104375613566,0.009633022704228724,0.014572076096408372
2011-12-13,-0.009382675894246052,0.015302273634784322,0.025355568217821808
2011-12-14,-0.010703442950319364,0.008000726190424462,0.012814174354918608
2011-12-15,0.003607843828603787,0.005490095529987445,0.009903413663859745
2011-12-16,0.001481741166728319,0.008979178162619637,0.013570145128544544
2011-12-19,-0.010749493560093916,0.009806100635783053,0.01903733392716059
2011-12-20,0.029811392388486912,0.01993518986553534,0.03042037144987375
2011-12-21,0.0019346476269225083,0.009135385827546664,0.012966099976590113
2011-12-22,0.00882017681656733,0.005813832505116609,0.00933981160931142
2011-12-23,0.008900564523847618,0.004494488728352582,0.00807023220185201
2011-12-27,0.0007911052414751142,0.003947937874060922,0.006008397099104958
2011-12-28,-0.013210410545611546,0.005797237925497698,0.01441957378803378
2011-12-29,0.01028098396077705,0.00650721828665817,0.011021244524085686
2011-12-30,-0.00492808048520216,0.0038886233848006426,0.006613560406810208
2012-01-03,0.015810811311624658,0.005097100896858214,0.007451016295189961
2012-01-04,0.0015672109859349622,0.005604635617578188,0.008613927176262462
2012-01-05,0.002659033551281338,0.008644254924625245,0.014058071827142382
2012-01-06,-0.0025805990304553755,0.0045641344747606,0.007282126002997146
2012-01-09,0.0024244350075982948,0.004259357619540585,0.006014599187429606
2012-01-10,0.00863316824472586,0.0036182210189355784,0.0054208698348415085
2012-01-11,0.0005416952456246685,0.0040738162682230905,0.006578876662567378
2012-01-12,0.002396433380285312,0.006346104366964174,0.008956865966418818
2012-01-13,-0.005186884914463119,0.007261412231071104,0.01032289559809272
2012-01-17,0.0038734939900989026,0.006888073714081327,0.010978919653165112
2012-01-18,0.010995309199076838,0.006558105564925358,0.013458701914308821
2012-01-19,0.005262703710535993,0.0039920299283863125,0.005857327195615515
2012-01-20,0.003720532448818097,0.0044115168486129185,0.0078059780456144505
2012-01-23,-0.0025800637117571147,0.006806824399113436,0.009649755083741341
2012-01-24,-0.001140468737061083,0.0037142702221626134,0.006846142176481733
2012-01-25,0.008332351874544655,0.009582742745849936,0.015992721456187648
2012-01-26,-0.005142668794557377,0.009124684679992202,0.015468556343666536
2012-01-27,-0.00045499337007787004,0.003984273774840213,0.006827561108078268
2012-01-30,-0.003419700447694039,0.006247902068967537,0.010504718992959447
2012-01-31,-0.0003804070955011189,0.0073628044190794965,0.011422478802461649
2012-02-01,0.008718741460569793,0.005317793137081667,0.0076243262438958565
2012-02-02,0.001583953985855892,0.004312588199117907,0.0061048960152799295
2012-02-03,0.013921282923370182,0.0037164415576139845,0.006317755962116283
2012-02-06,-0.0006689587135717216,0.0028470969737679217,0.005057587885576605
2012-02-07,0.0025254884574693946,0.006675326388778512,0.01023818496587512
2012-02-08,0.0029633406124312403,0.004526704172093098,0.00673129407260557
2012-02-09,0.0012568833869006431,0.005387098526944774,0.0076093290089577145
2012-02-10,-0.00741533823920245,0.0031889691141914265,0.004688931824580284
2012-02-13,0.0074153382392023875,0.004077445939601247,0.005762402303337633
2012-02-14,-0.0012568833869005766,0.0052802809036755815,0.0075449682228021335
2012-02-15,-0.004670908721191976,0.006385547153750016,0.011444772390481634
2012-02-16,0.011012419613713947,0.006806414502386136,0.013524412323538383
2012-02-17,0.0026421174470528126,0.0034397046875624298,0.004911649812757935
2012-02-21,0.0004402626719773703,0.005041465015664501,0.0073276177259116336
2012-02-22,-0.0032297102054248314,0.0038043746624168524,0.005587074707381901
2012-02-23,0.004401359788444065,0.0056119849038228425,0.009002383690127541
2012-02-24,0.0021931856514838957,0.0029437668196207966,0.00416265315064544
2012-02-27,0.0016782529217896744,0.007294802366196886,0.012612975221266899
2012-02-28,0.002912139287525248,0.0037276034137985158,0.0057430107512568985
2012-02-29,-0.003933330378957693,0.007806268578532064,0.012042104100306664
2012-03-01,0.005168358426801621,0.00511177107233496,0.00769631053702887
2012-03-02,-0.0030541389259880875,0.00394719041555946,0.005971941874580793
2012-03-05,-0.004087060655113226,0.00448437714806036,0.006727591729033375
2012-03-06,-0.014733068707024672,0.004881997172608142,0.007940571914135035
2012-03-07,0.00695186460600362,0.004221351116803549,0.00722242588765023
2012-03-08,0.009899809294558318,0.005058659987194407,0.007880924430576223
2012-03-09,0.0038605218212753433,0.003927703994644313,0.00581513229902919
2012-03-12,7.259327337643342e-05,0.0034447510823929902,0.004869880506093113
2012-03-13,0.01786492943313919,0.006867512720634724,0.014565247611606179
2012-03-14,-0.0010712051428623218,0.004827354550275047,0.00693303691883062
2012-03-15,0.005772807403568471,0.004402977228577228,0.007248466910266541
2012-03-16,0.001383637146769736,0.0024055655236467775,0.003421209672832175
2012-03-19,0.003912358560983984,0.005154130413495115,0.008306695905184631
2012-03-20,-0.0029151323161621845,0.004579601010380673,0.0069068727131916825
2012-03-21,-0.001638980202800951,0.0034139349738435735,0.005206445279107657
2012-03-22,-0.007229465375008545,0.0041152861430797175,0.005818948105975292
2012-03-23,0.003227593605166741,0.006230315306626113,0.00902251745008956
2012-03-26,0.013937386715061952,0.002782537495865029,0.007132225849041509
2012-03-27,-0.0031123425103258824,0.0027898623310217067,0.005312743569653025
2012-03-28,-0.0049706252421113884,0.00798596110231096,0.011959905460032887
2012-03-29,-0.0017098143892897524,0.006579122642148966,0.009983663965829366
2012-03-30,0.004127289396165106,0.0050075536676161755,0.007101768463449281
2012-04-02,0.007288075810326681,0.007605648282966744,0.013042908567965165
2012-04-03,-0.004097118833138273,0.007069291470127783,0.01026484683150031
2012-04-04,-0.009960324083401889,0.004797500088172077,0.007150007118804476
2012-04-05,-0.0005005215443779269,0.004392685977394713,0.006724390060468586
2012-04-09,-0.01129445424943851,0.010150155927621156,0.014469685880023253
2012-04-10,-0.016927581806368615,0.009519117873772413,0.018984561787544246
2012-04-11,0.008061441667264538,0.003855298166744955,0.005766374351334385
2012-04-12,0.012980976478073567,0.005994294815273983,0.013473558668831952
2012-04-13,-0.011959385090654947,0.007080997667196547,0.013198285149762352
2012-04-16,-0.0006566175021897314,0.006615714794285229,0.01065298374730245
2012-04-17,0.014703328649983792,0.006388646241163423,0.011935602820352562
2012-04-18,-0.003385012591155493,0.0035038564318036424,0.0050501186433867026
2012-04-19,-0.006441681294476703,0.009831396955065132,0.01510301012074733
2012-04-20,0.0016689432183616905,0.004599093158638822,0.006959091954365103
2012-04-23,-0.00844446960292323,0.004897409248798076,0.007091170906589017
2012-04-24,0.0037940418728923675,0.004043414857652121,0.006263204614686396
2012-04-25,0.013599084765530753,0.002756773254682051,0.005172794080567747
2012-04-26,0.00694450516564645,0.005150234818982848,0.010773471219830025
2012-04-27,0.001639773458963082,0.004918396681919561,0.007051714785091721
2012-04-30,-0.0037107891033393813,0.003481024096181329,0.005147645998699574
2012-05-01,0.006200432270879555,0.009297621404325622,0.01442375088862328
2012-05-02,-0.002988344336170109,0.004730415375666038,0.007126567472943597
2012-05-03,-0.007654584301551307,0.00557773450547069,0.010484678312948768
2012-05-04,-0.01629020205787047,0.010072754959254953,0.017372298414689753
2012-05-07,0.0007297432985154713,0.005004392013501122,0.008023273492023208
2012-05-08,-0.0040197288039534,0.009550989281532606,0.013548195255729152
2012-05-09,-0.005949374369044365,0.010662125531975375,0.01561805681004088
2012-05-10,0.0020602136015443547,0.0050928741993369955,0.008381115672992545
2012-05-11,-0.0030185156485314176,0.008925872259212746,0.012978353358266997
2012-05-14,-0.011122712460301864,0.008872054972955418,0.012676138546754827
2012-05-15,-0.005758145442983045,0.008284500076163564,0.012599315448637396
2012-05-16,-0.0038322889892305474,0.007677469883358458,0.013174734441589552
2012-05-17,-0.014941804618649232,0.0073514379328252135,0.01704119651480198
2012-05-18,-0.008596139405837743,0.007939210182296241,0.015800855287198413
2012-05-21,0.01704248582201957,0.007155747862833538,0.015685438395631534
2012-05-22,0.001741374522245556,0.010089605638278739,0.014296516136746967
2012-05-23,0.0005290286960813587,0.012409912184409856,0.01867393317395839
2012-05-24,0.0019643087107336444,0.007584858968955987,0.010714541477586827
2012-05-25,-0.0032497688298436765,0.00543244646675025,0.008099979370025634
2012-05-29,0.012039159870414873,0.014507676622303978,0.02064319049987994
2012-05-30,-0.014616606278508106,0.011113356393047093,0.016697002428366407
2012-05-31,-0.0022034161368168427,0.011298561456463994,0.0160492933046333
2012-06-01,-0.025499159732119654,0.01716261272465353,0.026061144213887878
2012-06-04,-0.0004683731824850238,0.008730733859326361,0.012490289049812201
2012-06-05,0.007543830113258721,0.005609278275736284,0.011466612253467756
2012-06-06,0.022219622247039446,0.006200782889798714,0.015912753535582944
2012-06-07,0.0006060684574766794,0.006544006789683665,0.01325255554378206
2012-06-08,0.00792020756705413,0.007367162753835834,0.013824278830225186
2012-06-11,-0.012778699418929524,0.009129376434696614,0.022601028368736585
2012-06-12,0.011425132106463275,0.008362415513331773,0.013918077567042648
2012-06-13,-0.006415162008750995,0.009031718429965814,0.013174872390917027
2012-06-14,0.0105444425898669,0.009350612100779972,0.015134519022897957
2012-06-15,0.01017558018758267,0.005017772488683118,0.008647595114047968
2012-06-18,0.0019361672332604176,0.006638889107021433,0.010788668259605616
2012-06-19,0.009626219603933594,0.009403446658377827,0.013854126198171982
2012-06-20,-0.0016226220511197829,0.009514025253027976,0.013507542727820607
2012-06-21,-0.02269413731085911,0.010536277197498238,0.026049508340718508
2012-06-22,0.007672054800455979,0.005579717608495023,0.008167327602617442
2012-06-25,-0.016164572119422776,0.00577286964737043,0.009518732335384665
2012-06-26,0.0050130425345620636,0.007675282531759882,0.010986605955228781
2012-06-27,0.008976480105069806,0.006942868772579615,0.010963366187224198
2012-06-28,-0.0028579266188175287,0.008845577503247213,0.012877526924656858
2012-06-29,0.024620998565525486,0.0061529991237279,0.010433490854256764
2012-07-02,0.003007860377322299,0.005869946435152468,0.008277706171666767
2012-07-03,0.006571673062444078,0.0043233839800244445,0.008514650591395946
2012-07-05,-0.0045222395301993115,0.007775194137851967,0.011038890560264941
2012-07-06,-0.009549215590856254,0.004806894541071688,0.006790155226554595
2012-07-09,-0.0012555342521650234,0.004544083574806841,0.006429281177114291
2012-07-10,-0.008758248809134091,0.010221822496051336,0.019010012400183407
2012-07-11,0.00014914718400323664,0.006434201848554003,0.00909362840937143
2012-07-12,-0.004857067206599204,0.008617900862139455,0.012208746094585365
2012-07-13,0.016638525536249036,0.006292481300447889,0.01510131161515883
2012-07-16,-0.002359577868817787,0.004857888788320829,0.0068670751300765895
2012-07-17,0.0068434874907803075,0.010752862800909263,0.015327048463887862
2012-07-18,0.007379534018932603,0.006232531042108382,0.012229691602944945
2012-07-19,0.002616806330349388,0.004968093587652644,0.007042663123528427
2012-07-20,-0.009190114476744277,0.0037558501482598417,0.006155172055228046
2012-07-23,-0.010163762360320516,0.012982601047599693,0.01880234372476214
2012-07-24,-0.008623823888363857,0.010153008199795432,0.016575833212186617
2012-07-25,0.0002241721081845456,0.006819955045002902,0.009779019803961652
2012-07-26,0.01636274580266429,0.006113283316401863,0.00881260353358007
2012-07-27,0.01826473159724552,0.01270879161760355,0.021127834506166676
2012-07-30,0.0,0.005403408623277327,0.007715547461350226
2012-07-31,-0.00701866474852515,0.004780927952373577,0.008423414035049252
2012-08-01,-0.0008720584965366362,0.004632431674371954,0.009666413739764155
2012-08-02,-0.006928379297599651,0.010295144831886694,0.014563857596993126
2012-08-03,0.019639322025282915,0.014732123685227187,0.021241525541580267
2012-08-06,0.001935185946339469,0.0030516690533267626,0.004369006100018564
2012-08-07,0.005001300027677454,0.004436814063702994,0.006342640701208324
2012-08-08,0.0012110306888593878,0.003144479035862825,0.005979046943175529
2012-08-09,0.0008530963146929594,0.003443993078274839,0.00526282262962732
2012-08-10,0.0016350208652413365,0.004131867846003023,0.007668289258284581
2012-08-13,-0.000497169882658319,0.003957342460103674,0.005683050561037149
2012-08-14,0.00014157040990655145,0.004565805062885235,0.007173874662898275
2012-08-15,0.0011359138852179388,0.002906486125372733,0.004540613008196533
2012-08-16,0.00735150413193306,0.005709825655459565,0.00957814323358863
2012-08-17,0.0013371874816276244,0.0021788825210015276,0.003094686060433233
2012-08-20,7.059881065820879e-05,0.003001877640901877,0.004430725592484049
2012-08-21,-0.003029142945024866,0.007403425181369397,0.011568844901227454
2012-08-22,0.0004236067491795683,0.004534832513633299,0.006910137335550035
2012-08-23,-0.008213173164381029,0.003805351677842922,0.0073936674182880245
2012-08-24,0.006024746518061032,0.0060953352381926335,0.011377292578961909
2012-08-27,0.00021189068320754366,0.0033583045601016204,0.005228243099235441
2012-08-28,-0.000989390977570345,0.0042414859200844745,0.006152723866624776
2012-08-29,0.0007775002943627404,0.0038475040267556947,0.005441341971246724
2012-08-30,-0.0072337591744544485,0.0033097129041338145,0.005338458044522571
2012-08-31,0.004757160706078162,0.007294845576721894,0.010342920629004486
2012-09-04,-0.0009209453027668174,0.006679497304820574,0.009430630664161402
2012-09-05,-0.0008514515105301198,0.004135633597885216,0.005961225718969351
2012-09-06,0.02009327842340349,0.004951864163667024,0.01411976572978191
2012-09-07,0.003887834690712273,0.0020872511684742624,0.0035335308000127683
2012-09-10,-0.005697497374877663,0.003813335168641803,0.006828762908860558
2012-09-11,0.0027830900225998085,0.0037458846049211263,0.00562850071559695
2012-09-12,0.0033300683793892607,0.003186872348032642,0.00450176021899771
2012-09-13,0.015121371281531426,0.011389420903496515,0.020806247828388753
2012-09-14,0.004424238742747644,0.006293449060712448,0.009168745267252094
2012-09-17,-0.0034011190486160957,0.0038585964867656683,0.005588164737099968
2012-09-18,-0.0008183058515826246,0.002645545554825003,0.0038193805568344065
2012-09-19,0.0005453022105456105,0.0036411046222763733,0.00518060342635232
2012-09-20,6.842364715960582e-05,0.004809843287972701,0.00790667541569042
2012-09-21,-0.0004183724101287754,0.0025659832967249337,0.005895664901206432
2012-09-24,-0.0015092257482074265,0.004037108985303007,0.0064538447016641845
2012-09-25,-0.010699071213605318,0.0070178613194314095,0.015128437489477061
2012-09-26,-0.005637135381369157,0.004612418067534411,0.008095496660349292
2012-09-27,0.009377604034788552,0.006386586725665788,0.01009407300904403
2012-09-28,-0.004643266784200882,0.005376237591642814,0.0076404169993740416
2012-10-01,0.0026360473677392257,0.008168610129319567,0.011638433415552228
2012-10-02,0.001038562944239535,0.006202862266352386,0.009134893186364713
2012-10-03,0.004075150353952869,0.0062910465476398066,0.008959871981396271
2012-10-04,0.007142165616097146,0.00383017118012385,0.006158857636432059
2012-10-05,6.839201924072409e-05,0.006248203910406755,0.009990466128129726
2012-10-08,-0.003427336790079511,0.0039269527465324115,0.005561642144934841
2012-10-09,-0.009936308439731029,0.004584893605205787,0.010402219360229198
2012-10-10,-0.0064002224860883914,0.00463516981639991,0.00858466636521118
2012-10-11,0.0005580174956971171,0.004084100278292194,0.008091543367541074
2012-10-12,-0.003283921131537879,0.006292871380557592,0.009587760676320323
2012-10-15,0.00829413020444773,0.006183288102457803,0.010133199864822924
2012-10-16,0.010081491622644,0.003411326651581524,0.006733514997574488
2012-10-17,0.004524668153376558,0.003653061425238107,0.006156013502463074
2012-10-18,-0.00260211645781994,0.005766410427528274,0.00816076245806506
2012-10-19,-0.016805194163246617,0.00805744903858342,0.017504669206499335
2012-10-22,0.00013939285192283638,0.00678137369294482,0.009692485559957466
2012-10-23,-0.013973557644278982,0.005837998726613306,0.008697466719449947
2012-10-24,-0.0028319220691197093,0.005123630199102473,0.009218571921513371
2012-10-25,0.0029030706834861013,0.00814891548047648,0.01209072716985968
2012-10-26,-0.0005656344843773588,0.007262459680041576,0.0102582022329755
2012-10-31,0.0,0.006386695724179656,0.009550803291277903
2012-11-01,0.010415437994494077,0.005316076269813783,0.01043191357049359
2012-11-02,-0.008931346390496522,0.006776315649328258,0.016318152009275222
2012-11-05,0.0020466023979839928,0.005792623044425063,0.008741666829814277
2012-11-06,0.00779508279855413,0.006211005534556072,0.009722994714392459
2012-11-07,-0.022924905570886205,0.010037264162338229,0.018751754181915065
2012-11-08,-0.01209670638309477,0.010177719272137531,0.017965887474273495
2012-11-09,0.0008688750360092831,0.0093378004430827,0.013679786765717699
2012-11-12,0.0007958411161332206,0.004098708429180254,0.006147326379275029
2012-11-13,-0.00347789768793215,0.009596934590689528,0.013716521385727064
2012-11-14,-0.013590859481477376,0.01016854163723599,0.020672388067408492
2012-11-15,-0.001692971163409596,0.006698078951131816,0.009653742423313951
2012-11-16,0.004925048159663682,0.009881080816176896,0.014226021198718568
2012-11-19,0.020037327915452003,0.012934150838893599,0.019693740661353827
2012-11-20,0.00043071121027742396,0.006713366914667073,0.0096271019066525
2012-11-21,0.0018661478092870144,0.0026691282904292325,0.003872417043668374
2012-11-23,0.013533612239441311,0.0042042092642935935,0.009621510800329084
2012-11-26,-0.0021251837726898523,0.005605545907835769,0.008294917714507181
2012-11-27,-0.005117771967769764,0.005174559815834646,0.008194925400691333
2012-11-28,0.008020637797341515,0.010367689449025348,0.017955557511533875
2012-11-29,0.004654591722876981,0.005650650592313171,0.008021386355300898
2012-11-30,0.00021108629229472462,0.0037831786695365836,0.005346426587885568
2012-12-03,-0.004936332743430216,0.00519002971306533,0.01117003792960721
2012-12-04,-0.001415376861104639,0.004931566123870946,0.0070796460176990724
2012-12-05,0.0017683270885630415,0.008941837223735608,0.012650237066585777
2012-12-06,0.003386796287103029,0.003485615902403699,0.006197983170193547
2012-12-07,0.003024249936905982,0.005045748520843745,0.007162448186442391
2012-12-10,0.00042120057047696666,0.0030724760410877007,0.004632579886673494
2012-12-11,0.006785276723040794,0.0052648383162228465,0.007808108603769746
2012-12-12,0.00048775473937518745,0.005711763828679084,0.00864055146420478
2012-12-13,-0.006150967844665297,0.0069049371017550305,0.010937372959325592
2012-12-14,-0.003723217056124734,0.0033446287702261963,0.004926086686669566
2012-12-17,0.011684005675370555,0.004163683387896161,0.00987697979783933
2012-12-18,0.011067517945779847,0.00593696238650592,0.011763133874281972
2012-12-19,-0.0074568685640440035,0.003803788133190732,0.009286827917673797
2012-12-20,0.005735458120172759,0.00470106111422649,0.00799341028900019
2012-12-21,-0.009118133656815049,0.010280585107041499,0.01505703478937824
2012-12-24,-0.0030863600177068297,0.0017478247256518704,0.00259919284385877
2012-12-26,-0.004223929035253402,0.005541844337868264,0.009594360566854043
2012-12-27,-0.0013413451622392863,0.010785411144649013,0.015258573745138103
2012-12-28,-0.01086696651831903,0.007309592419687118,0.011069078520816074
2012-12-31,0.01685402502079161,0.00907480747984155,0.021206405412546668
2013-01-02,0.025307042922650246,0.005587005792496567,0.00972201966781269
2013-01-03,-0.0022620476703600328,0.004869004430344749,0.007067857060962165
2013-01-04,0.004382346570604007,0.004218297659878659,0.006422097921460263
2013-01-07,-0.002736863289020701,0.003258772659007151,0.004658545789433548
2013-01-08,-0.0028812595463522757,0.004469550177365124,0.006389611233739459
2013-01-09,0.002538566755760066,0.003286974338635162,0.004660142153942407
2013-01-10,0.007918805244047315,0.005197949598597102,0.007614870160757865
2013-01-11,-6.812950448149901e-05,0.002596531052779987,0.003671675115527721
2013-01-14,-0.000680831414279128,0.0030652557336645634,0.004354729830044762
2013-01-15,0.0006808314142790135,0.0035742430303237938,0.006867544130860234
2013-01-16,-0.00013633826727599873,0.002998567020588711,0.0045562608299266
2013-01-17,0.006439820651155356,0.005944317246113673,0.008581109949060391
2013-01-18,0.0022266783125395218,0.004835494902685948,0.007146314328170371
2013-01-22,0.0053790698260703035,0.004334473443959141,0.0077114538833223095
2013-01-23,0.0016081270411713406,0.00286422345756709,0.004284658301999142
2013-01-24,0.0002673948465447947,0.00523121826179092,0.007563113948969687
2013-01-25,0.005606830891164865,0.0038606434346906264,0.005856937655990042
2013-01-28,-0.0011985137767101376,0.0037589426232750842,0.00546416528418742
2013-01-29,0.003923773909621536,0.004156383933761133,0.007832257439849551
2013-01-30,-0.003923773909621489,0.004121522222470551,0.00673025732212388
2013-01-31,-0.0024688556666053454,0.003591701396051225,0.00521041279357246
2013-02-01,0.010234816524909734,0.004170336214714601,0.0068103593089555575
2013-02-04,-0.011304292697223417,0.008027011731090545,0.012304478261938794
2013-02-05,0.01004723093557533,0.004771441194492245,0.007878202034848594
2013-02-06,0.0007279116667580372,0.0029872815022126613,0.005623120032641473
2013-02-07,-0.0013240378947005978,0.006919786861904725,0.0098702002311661
2013-02-08,0.00554916618992215,0.0020275227403841393,0.004413690088773433
2013-02-11,-0.00019766647919058488,0.0023748841150936415,0.0033603116062406488
2013-02-12,0.0016456488474290393,0.0030569999212797182,0.00453889239582954
2013-02-13,0.000855117902753825,0.0040700010612132005,0.005849486857383307
2013-02-14,0.0009194289257604332,0.0036759736452368196,0.006238078600852386
2013-02-15,-0.0011827023121890588,0.0046561335789674745,0.006837113154689252
2013-02-19,0.0074670784285196055,0.003752376223958498,0.007308287877243156
2013-02-20,-0.012541966361430323,0.005135497149682519,0.012752794907310926
2013-02-21,-0.006097705857284789,0.006578518892596573,0.009839088854906135
2013-02-22,0.009725342268965188,0.0058016212915896455,0.009217156508723975
2013-02-25,-0.01921040919171983,0.010161545875468832,0.025906044364775557
2013-02-26,0.006822181983360226,0.006842320858740035,0.009798701365408358
2013-02-27,0.012519715385601957,0.008691107698083983,0.016917959727887184
2013-02-28,-0.0019766116330998573,0.006680960497623143,0.00962991523778436
2013-03-01,0.0032923749770878545,0.007987034682125863,0.012688137979337483
2013-03-04,0.00531095970993165,0.00446053694832326,0.009155073981479285
2013-03-05,0.008919000753113023,0.004143641573918365,0.00687016400751263
2013-03-06,0.0013599645180086513,0.003197770698373911,0.004919058296672809
2013-03-07,0.001810951723927021,0.0020771550432214193,0.002971905018128626
2013-03-08,0.0042549547371195425,0.004511109448831859,0.006368954058323418
2013-03-11,0.003788538291609017,0.003011542804067786,0.0058321374763803426
2013-03-12,-0.00224607396869175,0.003928082674552254,0.005716851435765055
2013-03-13,0.0014125986306187794,0.004003815520590945,0.005708783992893489
2013-03-14,0.005309074028450864,0.0036631986241236936,0.005678551738083509
2013-03-15,-0.0013202858924135133,0.003314831854658455,0.004684564711296725
2013-03-18,-0.0055342577732654654,0.006065482792813713,0.009292136736551024
2013-03-19,-0.0023255996154322783,0.008337246433493834,0.01241833103528729
2013-03-20,0.006960881957439864,0.0030611385757686586,0.004431899483500411
2013-03-21,-0.008579515412825792,0.006844924407300886,0.009976634361515626
2013-03-22,0.008000894587558245,0.002588653729739533,0.005591326104433254
2013-03-25,-0.004185661408534132,0.007645981961006871,0.012391082328234323
2013-03-26,0.007970854744734643,0.0027906437596555865,0.0051859757086411655
2013-03-27,0.0,0.004238916906524427,0.007939083640319654
2013-03-28,0.0030685564060701056,0.004410385230737489,0.007021166249899588
2013-04-01,-0.003965274952517804,0.0051831362663686195,0.007946206144916134
2013-04-02,0.004922488288382121,0.0036956863746773253,0.005356533334059922
2013-04-03,-0.010191645653220045,0.0074621880624201374,0.014236884081070952
2013-04-04,0.0040503116313293655,0.00459677643014201,0.006929307242559802
2013-04-05,-0.0045011893560128555,0.005345480795614631,0.010183048425903875
2013-04-08,0.006744545755410625,0.005533514657974832,0.009410416474763707
2013-04-09,0.0034508185210827885,0.005966843450101309,0.008548718320125577
2013-04-10,0.01217462895865867,0.0050781323534076295,0.010966094752974848
2013-04-11,0.0032714830833655917,0.00483328823280043,0.007349792133868613
2013-04-12,-0.0024526234541326513,0.004975079689667036,0.007052865841711945
2013-04-15,-0.023446738324042777,0.0075122058322542595,0.019533257314815002
2013-04-16,0.014655295148203934,0.005580068363652304,0.010037493134465893
2013-04-17,-0.014719915647081857,0.008005711434912403,0.013152011713587273
2013-04-18,-0.006272979263762056,0.006934296758894541,0.01206695612895197
2013-04-19,0.008656055183791454,0.0052158887670837135,0.009197375700191255
2013-04-22,0.00442721158187333,0.007982289867369884,0.011461825620285807
2013-04-23,0.0102572563460218,0.0072144809396549135,0.01115473773895656
2013-04-24,0.0006335131569498775,0.003397346681449364,0.00481384432556311
2013-04-25,0.004045514928862227,0.005165535613316048,0.0073807603924508575
2013-04-26,-0.001767604653611814,0.0038734706624507773,0.005498043135584597
2013-04-29,0.006676203963116539,0.00488289939486587,0.007721253634498895
2013-04-30,0.0023823429400969816,0.0046652627774139924,0.0069514069468009755
2013-05-01,-0.008806168617284784,0.004142192283161499,0.008276456714031138
2013-05-02,0.009244346170999144,0.004363211236091123,0.008513305855095844
2013-05-03,0.01009029705085245,0.00919038468928039,0.013013609512664285
2013-05-06,0.002537592253373824,0.0023263457152980275,0.0036469053179775737
2013-05-07,0.005055477125866231,0.0038761395491439966,0.0060270337684684185
2013-05-08,0.004540523685647644,0.002976097179372899,0.006489516238270284
2013-05-09,-0.0028196876918848593,0.005121734580105387,0.007551545252125871
2013-05-10,0.003248458726177818,0.004217712905357473,0.006364411734990069
2013-05-13,0.0007952335089275656,0.004086562427348363,0.006053505411626533
2013-05-14,0.010280896140437685,0.0041693325526963405,0.010167693385047399
2013-05-15,0.0053719552060472265,0.004922491975917698,0.00927036679146565
2013-05-16,-0.004706718827018909,0.005160919180954924,0.007681167900025524
2013-05-17,0.009630558173630384,0.004162723105209695,0.007847115966429655
2013-05-20,-5.9701188122913416e-05,0.004066626616616745,0.005810826473748714
2013-05-21,0.0014366517155227471,0.005489331249437913,0.007776533265520531
2013-05-22,-0.007445823637503448,0.01564173867346669,0.023503943394331758
2013-05-23,-0.0028966596934555415,0.0069045953860205735,0.011906928117498891
2013-05-24,-0.0008462202361568835,0.00511001149187349,0.008468992655917466
2013-05-28,0.005970330228728916,0.00788261905131547,0.011846068457918312
2013-05-29,-0.00651480657378005,0.006208878368429402,0.008836743149014389
2013-05-30,0.003684932724102299,0.005554226712151939,0.008261443056505632
2013-05-31,-0.014455881947679475,0.011561932996291433,0.0194554465289359
2013-06-03,0.005490707887799096,0.007528512032844069,0.010952254243447203
2013-06-04,-0.004818112395624191,0.009664845538934578,0.014490159032483128
2013-06-05,-0.01409986855332862,0.007136249914195051,0.014199747166025485
2013-06-06,0.009012778910409216,0.009186807277569892,0.015301453687328407
2013-06-07,0.012639814091511721,0.006925303649007516,0.010982994690997146
2013-06-10,0.0,0.003977836716760857,0.0062499924770838015
2013-06-11,-0.010369317436626734,0.007740644783805918,0.011036098869464881
2013-06-12,-0.00831129364046232,0.007601398745916476,0.017248799296029738
2013-06-13,0.015094345403518322,0.009916311580018124,0.01948722256505415
2013-06-14,-0.006292573026404279,0.00687793514208123,0.01078560231543102
2013-06-17,0.007692050086558479,0.008593105754468346,0.012162490697557841
2013-06-18,0.007874235713255164,0.004338621712627256,0.00886932045361702
2013-06-19,-0.01391276704060604,0.007088847121647544,0.015356344776382827
2013-06-20,-0.02509057705472082,0.017240555294183297,0.02816816602941586
2013-06-21,0.003204790322728237,0.009963989497220953,0.014396134913512026
2013-06-24,-0.012715983391040232,0.012075529641938075,0.0171908633019996
2013-06-25,0.009568254482880097,0.011931647588231054,0.01690110242027456
2013-06-26,0.009852289384214388,0.005428225218286178,0.007805670068466263
2013-06-27,0.005852581801065021,0.003811169601282541,0.0054011073136755365
2013-06-28,-0.004105389676064284,0.006730292630881104,0.009599758781389602
2013-07-01,0.00584180530726637,0.006106976822490016,0.008676214000922227
2013-07-02,-0.0009297970884381925,0.007878400714451596,0.011165578914419496
2013-07-03,0.00043403649184063056,0.006065838647082985,0.009610634074216058
2013-07-05,0.010731190517458198,0.007470747375901463,0.010918897881525799
2013-07-08,0.005688437108331781,0.005647089824012265,0.007990226184678212
2013-07-09,0.007171563453688469,0.004512929266677935,0.00641916991007166
2013-07-10,0.00036326188833541465,0.004722136322023566,0.006780041773925127
2013-07-11,0.013528669092195815,0.01025361345521893,0.01451270842772877
2013-07-12,0.0004178905383045584,0.0033470732956110386,0.0047757615617143295
2013-07-15,0.003813381576522393,0.002912682844003744,0.004222460539036687
2013-07-16,-0.0037531779200293976,0.004698508643846865,0.007700532791503005
2013-07-17,0.002563015061505136,0.0030576598655035142,0.004465614847442566
2013-07-18,0.005462878358810188,0.003980494881650167,0.0063362785287949955
2013-07-19,0.0017748303386301782,0.003022088782522592,0.005438305721482333
2013-07-22,0.0019490748854092087,0.0030297262650138706,0.004306849476862025
2013-07-23,-0.0021257974826315897,0.0021763746769699454,0.004611557184057946
2013-07-24,-0.0036723370830413233,0.005255939288193626,0.009969189959514176
2013-07-25,0.002429785421676111,0.004003949268868882,0.006748353987301645
2013-07-26,0.001064560103230709,0.006058040444713912,0.009697826170713585
2013-07-29,-0.0030793584810872234,0.003970813616334549,0.005634954439041576
2013-07-30,0.0,0.004164158025886117,0.00646536782470801
2013-07-31,0.0007111509566083356,0.0056212281623782105,0.008061173352082864
2013-08-01,0.011492373743853666,0.0028792632654363894,0.005332260884695045
2013-08-02,0.001698017598042761,0.0029324185568376394,0.0053816799378115935
2013-08-05,-0.0014636752238780242,0.002482788300751778,0.0035735244361868226
2013-08-06,-0.005699182338896975,0.005285664449054001,0.00818947401542228
2013-08-07,-0.0032451116455065585,0.0036819753505263025,0.0052014993623380485
2013-08-08,0.003658037716760098,0.005171228089075259,0.007361601752262594
2013-08-09,-0.0028897988510298914,0.005674305462820296,0.008150758388233505
2013-08-12,-0.0011824534748659165,0.0030724646361673276,0.0054993357721288
2013-08-13,0.0029527869689200373,0.006185223718974508,0.008784801774737283
2013-08-14,-0.0051429192539407705,0.0035627325650218816,0.006518940782896914
2013-08-15,-0.014084675100592267,0.004191846770844825,0.008053830379644569
2013-08-16,-0.0033111311949340356,0.004733854966542293,0.006814236690196362
2013-08-19,-0.006412327557266375,0.005260762959473115,0.008800219514672998
2013-08-20,0.004903656837170163,0.00535203248472881,0.00809274262031867
2013-08-21,-0.00617918431203071,0.007591975519476078,0.011181309948886426
2013-08-22,0.00907382930438613,0.0041555712946917105,0.008490929078882251
2013-08-23,0.0033668532515395335,0.004499548109144706,0.00636176683265547
2013-08-26,-0.003728097025101827,0.005206712333662449,0.008493997964514177
2013-08-27,-0.016214850913878448,0.011330740838539974,0.01708193996727396
2013-08-28,0.003544817356270394,0.005705986428166522,0.008785323709556765
2013-08-29,0.0015849981603375972,0.006658573541359536,0.009989641273923563
2013-08-30,-0.0031725125285560363,0.004882159121794432,0.00831042261579188
2013-09-03,0.004511607454987216,0.007427117822080161,0.011436248493172537
2013-09-04,0.00823847170056103,0.00644513149024296,0.011463009933540755
2013-09-05,0.0012666052878637464,0.002822944257193295,0.004037106181252773
2013-09-06,0.00048166896358188733,0.010521078092057845,0.015056613473187817
2013-09-09,0.00953049140858999,0.003172487812793391,0.0076358571974731535
2013-09-10,0.007369795008819401,0.0025473236596110253,0.0037898940495872373
2013-09-11,0.0031340213280410807,0.00339393721300743,0.006198275270366135
2013-09-12,-0.0026604251504963833,0.003205987024187346,0.004971863587236297
2013-09-13,0.00224697340228959,0.002919780099176067,0.004252059368791029
2013-09-16,0.005770591813587826,0.0038926989602924645,0.00704604676315834
2013-09-17,0.004452586540670939,0.0015209416253183232,0.00379957835187609
2013-09-18,0.011507812260248981,0.009575234635334953,0.01698932325662501
2013-09-19,-0.0016776150991503983,0.0030952321515243294,0.00584631742150846
2013-09-20,-0.007015450464978288,0.004249137932550475,0.010250702832046217
2013-09-23,-0.004638376832354687,0.004824837368341131,0.007414785859727182
2013-09-24,-0.0023566014878804,0.00532498229058249,0.007786185777940784
2013-09-25,-0.0028946863191279377,0.0039803293750132135,0.006448156537995099
2013-09-26,0.0038376363531423497,0.004467859467602673,0.006600242212703387
2013-09-27,-0.0046069565098942385,0.0027947051710735756,0.00396659851056299
2013-09-30,-0.005342590968102762,0.005516818171183652,0.00827331370213153
2013-10-01,0.00788519896931379,0.004644733732224097,0.009035070345956613
2013-10-02,-0.0009451233995502215,0.005547079227743877,0.008925372811250316
2013-10-03,-0.00926432940064498,0.007716195969568735,0.012528374684938049
2013-10-04,0.007548452552103119,0.00485854365179613,0.009059143731577514
2013-10-07,-0.00868241073886667,0.005055148929951961,0.0071671564279759525
2013-10-08,-0.011714981898881824,0.006381876633039997,0.013657206702839281
2013-10-09,0.0007252292225131527,0.007101521669071335,0.010084529634023152
2013-10-10,0.021328940381825465,0.004954717747390763,0.011999756465502663
2013-10-11,0.006422305747478636,0.004160526146016089,0.009103741934489398
2013-10-14,0.00398556349618822,0.005400979937369193,0.011700011532909258
2013-10-15,-0.007280155469741781,0.006316188671358317,0.009899780235668728
2013-10-16,0.013869395989495303,0.0039187492529507125,0.00883363868054536
2013-10-17,0.006661115434652503,0.004633547455618231,0.011430614088296586
2013-10-18,0.006731384339285478,0.003596394038961112,0.005734273774298535
2013-10-21,5.798239508435887e-05,0.002995414866201198,0.004243150912053805
2013-10-22,0.005774202418267231,0.005788957047422526,0.008551393698670811
2013-10-23,-0.004800079857272715,0.003672171299012186,0.005327333658490392
2013-10-24,0.0033167860297454456,0.0033788281859686844,0.004910080732631048
2013-10-25,0.004556736972041813,0.002958178966893326,0.004717259707022651
2013-10-28,0.0015907817394876414,0.0028496673677218267,0.004369314481806016
2013-10-29,0.005319353862655351,0.0028687492755849705,0.0048540984322385065
2013-10-30,-0.004979115616325966,0.006340512010347269,0.010494020733915761
2013-10-31,-0.0028406216101010484,0.005307335247036442,0.007736507550449119
2013-11-01,0.002386694138626195,0.005546879519965709,0.007888311314269134
2013-11-04,0.003512051541318393,0.0036540135788069787,0.005202726683361555
2013-11-05,-0.0031717746179484915,0.004714261637436998,0.006694234113464551
2013-11-06,0.005092766164430799,0.0038031531812021094,0.005418562531968537
2013-11-07,-0.012723937916603052,0.007170514780570044,0.016463756950761244
2013-11-08,0.013400690436501212,0.004962480205400753,0.013875523426231329
2013-11-11,0.00016949035827862636,0.0023722433446312055,0.0034964758153538467
2013-11-12,-0.0020320374817687234,0.003957431491982641,0.005594515458879137
2013-11-13,0.007992034560085527,0.004758445062544928,0.013118041674165828
2013-11-14,0.004977224296255347,0.0038690311519007366,0.00652645808591103
2013-11-15,0.004341297005396692,0.0026060743975149484,0.004387632728369043
2013-11-18,-0.0035049631353922988,0.004854652593434346,0.008248777965907015
2013-11-19,-0.0021761784810639382,0.004414383511130077,0.006423470392255726
2013-11-20,-0.0031330555086870092,0.0070111677349240275,0.01092618891076688
2013-11-21,0.008036681449387491,0.0033742785802579637,0.00661443175578617
2013-11-22,0.004989983267746957,0.0030173186458014706,0.005862494181220487
2013-11-25,-0.0009962582465473926,0.0026155213727330545,0.004428959918795544
2013-11-26,0.00027693113522322775,0.0031646433340341167,0.00448305064992572
2013-11-27,0.002432479972527549,0.0021398998947511007,0.003257572949347262
2013-11-29,-0.0006630643205085389,0.0035393308348493696,0.005248601923990042
2013-12-02,-0.0026002294537809984,0.0041931955415582785,0.0065362692281620656
2013-12-03,-0.004330045441655084,0.004753361673872938,0.006787211241742027
2013-12-04,-0.00011114674959088725,0.00810612777072441,0.011851052549138062
2013-12-05,-0.004405128104359495,0.0034616571829416743,0.00542081819307427
2013-12-06,0.011115166606807806,0.003641700675281487,0.005305663208322712
2013-12-09,0.0025388112377498127,0.001973303186635462,0.002811436185201536
2013-12-10,-0.0035897718188615184,0.002699486342894959,0.003983409243170884
2013-12-11,-0.011294206368191154,0.005728887287546699,0.013149094043556842
2013-12-12,-0.0033067638203466664,0.0039838900895436714,0.006175299350827015
2013-12-13,-0.00011205127409977645,0.003259112985802046,0.004996908576714259
2013-12-16,0.006212402488325205,0.003463158302042005,0.0050775787072379
2013-12-17,-0.0031854806140338226,0.003822879356799618,0.006493163737702316
2013-12-18,0.016928432992416625,0.014488406278446931,0.024270712588820357
2013-12-19,-0.0011568401725727856,0.0037141936317998743,0.005454792023863131
2013-12-20,0.005800117506115178,0.004665532180982867,0.007821095990525353
2013-12-23,0.005328655902769891,0.0021933659240081283,0.0031227308893969383
2013-12-24,0.002188875378416999,0.001299609667975975,0.002623931267464791
2013-12-26,0.00507109904092771,0.0017245676243803378,0.0034809060563681894
2013-12-27,-5.429226449250898e-05,0.0018120101649845544,0.002828332860533579
2013-12-30,-0.00016330431251883036,0.001684300874795872,0.0023936591441332577
2013-12-31,0.004721768013850723,0.0020332152192938818,0.004115056340779088
2014-01-02,-0.009629838770514015,0.004973517209197335,0.008692387998009716
2014-01-03,-0.00016423764039268855,0.003563399697684568,0.005303741177430517
2014-01-06,-0.0029017193933747443,0.004245771916628045,0.008115791415801567
2014-01-07,0.00612233740463129,0.002956901353151567,0.004578135804722806
2014-01-08,0.00021830770357267196,0.003617254601896282,0.00512207072538365
2014-01-09,0.0006542270743871404,0.004873691026383484,0.0072424408379173615
2014-01-10,0.0027187061926710874,0.004615400420920543,0.006571123698696058
2014-01-13,-0.013394563491913706,0.008681114038229295,0.01563099950315929
2014-01-14,0.01083880887042703,0.005249730187442564,0.009909116036167372
2014-01-15,0.005375716496020574,0.004324471670334519,0.00666086701584663
2014-01-16,-0.001300729188673715,0.003150274111436369,0.004500606437997875
2014-01-17,-0.0042379388785314075,0.00405750509583148,0.006153287016875977
2014-01-21,0.002935822362077089,0.006376817504272888,0.00933869741069499
2014-01-22,0.0006512701966400102,0.0024507790125270273,0.003581137553882776
2014-01-23,-0.008227109107251161,0.005792593695234314,0.008643725752494464
2014-01-24,-0.0215666841704481,0.005994705895216023,0.015819787806530896
2014-01-27,-0.0049316223564578755,0.008787126618645022,0.013482440477134518
2014-01-28,0.005937185236460638,0.003365351021198436,0.006589645872040529
2014-01-29,-0.009651689535172004,0.006595768737715744,0.009416397583716884
2014-01-30,0.010544967017028716,0.00596227229351224,0.008648123019062598
2014-01-31,-0.00587563385216068,0.00847178310250484,0.01330112927717971
2014-02-03,-0.0227626263205219,0.012345521728654682,0.026066448492058934
2014-02-04,0.006980209602887665,0.006814755326406562,0.009863707928384625
2014-02-05,-0.0012554427621361529,0.007361574397019922,0.010561116995287546
2014-02-06,0.013101750293739858,0.006113041986155938,0.012733798519498376
2014-02-07,0.012319416713057993,0.006999758603683073,0.011910059421640237
2014-02-10,0.0018348397458965604,0.0032112041587458724,0.004777515896868278
2014-02-11,0.010884667053131005,0.006975126291628087,0.013188313065281843
2014-02-12,0.0004942670248578516,0.004301354660795758,0.006151453134140282
2014-02-13,0.005149328470391818,0.005460037754082623,0.012950085723864534
2014-02-14,0.0055038520534081235,0.005139814176438668,0.009183797425110432
2014-02-18,0.0011946917019903358,0.00322055969754383,0.00455933332411274
2014-02-19,-0.006644208104931265,0.007593985143578049,0.011364887894758128
2014-02-20,0.00588418930921892,0.006842310132497781,0.010429104319886607
2014-02-21,-0.001141624439513683,0.0037295065395893225,0.0059274367366820456
2014-02-24,0.005531264245950684,0.007137777857650109,0.010545654154036363
2014-02-25,-0.00037825472824978335,0.005147929180120056,0.007357718228177506
2014-02-26,5.389959769681232e-05,0.0047759101873294275,0.006870458374503682
2014-02-27,0.00523406260593827,0.003938388264546653,0.008072327741236123
2014-02-28,0.0025263219920117095,0.007802418922933614,0.011272698053625893
2014-03-03,-0.007057001424357138,0.006416587548515305,0.00919016643694883
2014-03-04,0.01395742502619304,0.0038297503844692735,0.006557179419620974
2014-03-05,0.0009057358483025632,0.002334735395726606,0.0033023189133237953
2014-03-06,0.0022879301826512085,0.0031170027691526376,0.004410680536504749
2014-03-07,0.0004246657197188734,0.005265665076290418,0.008127133128278079
2014-03-10,-0.0005311606174228274,0.004287593018534666,0.006111787171037034
2014-03-11,-0.0049550233323454014,0.005976115524396666,0.010201376412403831
2014-03-12,0.00026723649114884573,0.004470090934383765,0.007742483001295061
2014-03-13,-0.011276421036615487,0.009007563709489266,0.017982514109313032
2014-03-14,-0.0028118286356104195,0.005155373882835686,0.0073648899782331285
2014-03-17,0.009002951339239397,0.0040980130276577235,0.006762248447608941
2014-03-18,0.00711223896349159,0.004244128105391625,0.0074603491844442565
2014-03-19,-0.00534302739050402,0.008720062940924185,0.013232621730653711
2014-03-20,0.005822438316248115,0.005540091076863535,0.010492682933172376
2014-03-21,-0.0038861475933531773,0.010095522935121257,0.0160580319128319
2014-03-24,-0.004143668366617593,0.008045651366214367,0.013212599384151584
2014-03-25,0.004734624420814266,0.006342051489036829,0.008963545654173094
2014-03-26,-0.007218326254492935,0.006056503291017095,0.013083192695975802
2014-03-27,-0.0021106895055160433,0.005485574091023707,0.007801508436023807
2014-03-28,0.00491833325814987,0.005254407132506313,0.007655389114739415
2014-03-31,0.008160490002916623,0.006656701244100275,0.009518201334591357
2014-04-01,0.006609103168790525,0.00468126293819617,0.00722443883320888
2014-04-02,0.0033413071041871094,0.0034816439912929336,0.0052414520731206065
2014-04-03,-0.0013250041550555783,0.004009812306798983,0.006202609015846434
2014-04-04,-0.011892439285268295,0.008211085640836288,0.019313256237152947
2014-04-07,-0.011113159785305401,0.006926807347275473,0.012476878803626131
2014-04-08,0.004114532220755831,0.0063350071318123554,0.009778484597031895
2014-04-09,0.010693510939526106,0.006193742449499852,0.011171074770433028
2014-04-10,-0.021229538563007036,0.009449500900564428,0.023149188733288972
2014-04-11,-0.009049627977707694,0.007892949862056135,0.011624707587504711
2014-04-14,0.007847841543486667,0.007481755168600386,0.010549866896385382
2014-04-15,0.00686375690645547,0.010487228594247337,0.01530948627003028
2014-04-16,0.010423359713844308,0.005236604643473343,0.008005186987998899
2014-04-17,0.001395504893388144,0.0048346472680746025,0.007242910606450654
2014-04-21,0.003481869939075961,0.002716592677270649,0.004758337369521481
2014-04-22,0.004533900434784135,0.00425332273850498,0.006759215593152318
2014-04-23,-0.0023448033028315076,0.001989564851516718,0.0033075226848825858
2014-04-24,0.0020255987761606713,0.0052039795752407934,0.007773021879541825
2014-04-25,-0.00823301385883679,0.004585868576627587,0.007837279330536516
2014-04-28,0.003162005220105786,0.010345144820944747,0.014608281550778814
2014-04-29,0.004644544937423493,0.0035069325408384876,0.0051131369112017416
2014-04-30,0.002978545976582303,0.0040506935418571244,0.007009757003517685
2014-05-01,0.00010604205219528854,0.004152787755795307,0.00589391281027712
2014-05-02,-0.0014350599106564077,0.005035534106421201,0.007231737892200164
2014-05-05,0.0019125578663234967,0.005914443882676254,0.010243116194278784
2014-05-06,-0.008741973102504375,0.003335304538310677,0.007441907049645632
2014-05-07,0.005872461470064672,0.007246544777561808,0.010432226223805368
2014-05-08,-0.0010650675750927372,0.007406420852802688,0.010496596854126603
2014-05-09,0.0014908370410823464,0.0044891817597273774,0.006437494210777029
2014-05-12,0.009688460330590003,0.0062401090744105435,0.009905711308910497
2014-05-13,0.0008954079367773317,0.002403620880208659,0.0034217407533757575
2014-05-14,-0.0047490619374769725,0.0032916426912820195,0.0057654269055086044
2014-05-15,-0.008819106561324409,0.007306704481574081,0.011953071324011775
2014-05-16,0.0034627377635464817,0.0050103502242660304,0.007498025201952774
2014-05-19,0.003662522501002884,0.0038041642516654134,0.007258636628773067
2014-05-20,-0.0063247097983699825,0.004801570201656261,0.008531009430509153
2014-05-21,0.008388628469737563,0.0026761413312259763,0.006133366637557704
2014-05-22,0.0024290399416022593,0.003958529076047586,0.005907458931490393
2014-05-23,0.0040010210140179825,0.0026914674814019265,0.0046755942270075915
2014-05-27,0.006127505535595665,0.0017863242572847796,0.003289499105880516
2014-05-28,-0.0007309423855013836,0.002770154888304741,0.003971207786782011
2014-05-29,0.005159706642121049,0.003519064176552061,0.005562156742676269
2014-05-30,0.0016101388049664705,0.002345773566485772,0.003996285560154613
2014-06-02,0.0011411679753548414,0.0037436971332525256,0.005287736157256141
2014-06-03,-0.000518630857306355,0.002066581808167921,0.003371337584003617
2014-06-04,0.002020888702887931,0.002981079297644144,0.00533153251348643
2014-06-05,0.006500867522498296,0.00629108516631398,0.01002826936922624
2014-06-06,0.004771387324188039,0.0017059950772568262,0.003326818918211409
2014-06-09,0.0010231144547468575,0.003095912747689989,0.004499462493985802
2014-06-10,0.00010238810680970161,0.002472564326235097,0.0036809877210437682
2014-06-11,-0.0034829537120085606,0.0023222674233627995,0.0032833952168096693
2014-06-12,-0.007105011504794103,0.004940001996634217,0.008732057972678104
2014-06-13,0.0030439303543269044,0.0036601383184149674,0.005254232971748324
2014-06-16,0.0008239598793949415,0.003563960563816718,0.0053527887285537475
2014-06-17,0.002775453939498873,0.0033317123956614894,0.005953927276124986
2014-06-18,0.007312974843780777,0.0054929525576837114,0.010037711585865304
2014-06-19,0.0011203634537046388,0.0028788798601014965,0.004071676858478718
2014-06-20,0.002028316170088115,0.0014153562107520402,0.002041487956973231
2014-06-23,-0.00030653376283596334,0.001882098811416931,0.0027057319077256107
2014-06-24,-0.006042559849929091,0.0068114908551451,0.01037495790509912
2014-06-25,0.00450962500694478,0.003722828444953963,0.007822879460950777
2014-06-26,-0.0007157862669529751,0.0054157662128437355,0.007674989670805539
2014-06-27,0.0019424745544849389,0.002387042132889158,0.005055691227326477
2014-06-30,-0.000510937261634256,0.0023098148852860934,0.00326997438001618
2014-07-01,0.006670876862275414,0.004705283326256097,0.007613053896834374
2014-07-02,0.0010148246672820875,0.0017758942428524548,0.002636460097023991
2014-07-03,0.004905929993267902,0.0019323086554433404,0.0032794848965316146
2014-07-07,-0.0034873758398210803,0.002538927725279829,0.0038478787300539664
2014-07-08,-0.006450798682676421,0.004397484627371568,0.007439903551766063
2014-07-09,0.004474407755365667,0.0033372656943895162,0.005022349420085393
2014-07-10,-0.003965109243859432,0.005435610994553863,0.009167785908787047
2014-07-11,0.0013742009183260208,0.0032695935258305353,0.004933631136218253
2014-07-14,0.005022893402764239,0.0015022446811822148,0.002125496740750477
2014-07-15,-0.0018741483033671794,0.006044648883848607,0.008822215336696464
2014-07-16,0.003694169266723909,0.0029651283432381684,0.004243262827853672
2014-07-17,-0.011430788176835292,0.00807274339140515,0.013642702652593491
2014-07-18,0.010167154973157934,0.004183195858030638,0.008446705337288314
2014-07-21,-0.0018731048632936185,0.0037596821106379266,0.0054221513331067245
2014-07-22,0.004348498793514822,0.0023882279845576855,0.003481344359386822
2014-07-23,0.002217347734883723,0.002635851561526285,0.0037756745987943536
2014-07-24,5.063607697567351e-05,0.0020959040384999086,0.0030707305768628264
2014-07-25,-0.0046927866426487675,0.00311501351166226,0.004703584210193966
2014-07-28,0.0004049197187105699,0.005265417453231942,0.0074317552983982965
2014-07-29,-0.004306995201414777,0.0039012124429779063,0.00776846307694508
2014-07-30,0.0001527301801688238,0.005915115850479254,0.008884150867891084
2014-07-31,-0.019946043299336868,0.006289057515091907,0.014552786844930663
2014-08-01,-0.003060565462371927,0.008035303669592023,0.0113765567928167
2014-08-04,0.007195269737850173,0.007555525291677121,0.011604518062214766
2014-08-05,-0.00974376369910953,0.007642989200337056,0.011926507007114964
2014-08-06,0.000312516734967234,0.0058943633859056665,0.009423634558093386
2014-08-07,-0.0054293653422020265,0.0072250861078231796,0.013505741755437185
2014-08-08,0.011502456350460086,0.0067986171037751515,0.012523277272577531
2014-08-11,0.0028937459374221543,0.003416139890008842,0.004901944960178801
2014-08-12,-0.001394236236987987,0.004413186961461322,0.0062522165179052305
2014-08-13,0.0067461107778538434,0.0035921841882408075,0.0056456110932117855
2014-08-14,0.004710511357506317,0.0020808167116565172,0.003984464656641772
2014-08-15,-0.00020412024555194875,0.008123887390960035,0.011955836517964981
2014-08-18,0.008344502056910971,0.0020778028665681056,0.003850803123660325
2014-08-19,0.005205360566835297,0.0035293393980267893,0.005544588175365238
2014-08-20,0.002667984282458037,0.0029172167457397246,0.0054293275738792465
2014-08-21,0.002911515104852913,0.0026519912527287006,0.0041604101807252575
2014-08-22,-0.0015552195117988466,0.003339374613469575,0.004769300349407044
2014-08-25,0.005057926270171137,0.005091103814460356,0.007192819497287609
2014-08-26,0.0006487507815087419,0.0019039836894013012,0.0026955949682327877
2014-08-27,-0.0003992459568817286,0.002153345220018582,0.0031460917993132937
2014-08-28,-0.0005497014556734328,0.002602168447564426,0.004396946564885473
2014-08-29,0.0028440520212971387,0.003110224843826382,0.00453384670858798
2014-09-02,-0.0004981139478173726,0.003864410912055772,0.005682664803250133
2014-09-03,-0.0005488077526895706,0.003185761849395806,0.005935174271352836
2014-09-04,-0.0014471582385387357,0.0064794594997705035,0.009589921105638388
2014-09-05,0.004484986187478068,0.005568478279146872,0.008850871532468541
2014-09-08,-0.0025890262943793325,0.004140958392577992,0.006032238575990438
2014-09-09,-0.006350873248501322,0.0047140129277372,0.00822797175087791
2014-09-10,0.0037552197691380607,0.004661288133524023,0.007147461505631457
2014-09-11,0.0011492382202254862,0.0028433118519527144,0.006040972019129382
2014-09-12,-0.005858590572075598,0.004636834682439297,0.007834065787884634
2014-09-15,-0.0007533829226112293,0.0032950514035221426,0.004724105244697019
2014-09-16,0.00751027077618223,0.005894698045522827,0.011671969212682978
2014-09-17,0.0013456558450725816,0.006799017698428306,0.00961391121186165
2014-09-18,0.005315952030251898,0.00221748538363729,0.0037161826022290775
2014-09-19,-0.0009015853562579309,0.0050623571955536245,0.00802192643165195
2014-09-22,-0.0077529934139242826,0.004499129743738764,0.008285258377316836
2014-09-23,-0.005740723828911225,0.004474310597659607,0.006615815337283573
2014-09-24,0.007797455633596585,0.0060917348153644085,0.010873913587356891
2014-09-25,-0.01626724697147237,0.005181688378255913,0.014159105791734149
2014-09-26,0.007913641046988122,0.0059586998159995705,0.009954528961398559
2014-09-29,-0.001820370467963862,0.005073058566147606,0.009314550979180327
2014-09-30,-0.0026354766055812283,0.005672379330539236,0.00857782156510941
2014-10-01,-0.01364474615522285,0.007168156332536253,0.0147157217418776
2014-10-02,0.00015443538749405897,0.009872083891306357,0.013941719245824246
2014-10-03,0.010949009980530843,0.006159223785232776,0.009464688428221183
2014-10-06,-0.0011709188481815562,0.006464997299651011,0.010290918241137134
2014-10-07,-0.015556776641285063,0.0063928052341421324,0.012935941586770446
2014-10-08,0.017338004226447053,0.012877451701100965,0.023189572684843132
2014-10-09,-0.020032214260895274,0.0090468525127338,0.020857134782034246
2014-10-10,-0.011480158781789766,0.00931180741663004,0.016584383933377123
2014-10-13,-0.016563209405413237,0.010311314480026017,0.02054314481348562
2014-10-14,0.001546057710553961,0.010157532632384813,0.014810943437854947
2014-10-15,-0.00678937971811043,0.02166657877928342,0.030949978539641484
2014-10-16,-0.0008584169791951787,0.01427708410084302,0.025178516850979882
2014-10-17,0.011741590888375768,0.007980684337218826,0.011301559234979875
2014-10-20,0.00966305851543951,0.005316201398453248,0.012506513851059194
2014-10-21,0.019617294910096925,0.00633729954182091,0.014015567156438702
2014-10-22,-0.007136401092290578,0.006320427589368919,0.011936286380281724
2014-10-23,0.011557968153665334,0.006956606916071369,0.009952303464315899
2014-10-24,0.0076656434098345706,0.006189538424993014,0.010181744512413205
2014-10-27,-0.001375779806117082,0.004945080003568167,0.007238979111110242
2014-10-28,0.01140503761463835,0.003402317436945391,0.008517727988576265
2014-10-29,-0.0015130771609388812,0.008171511332336978,0.011710625704316227
2014-10-30,0.0063899055941959585,0.007113368999278957,0.012789662901536268
2014-10-31,0.011370643191987986,0.003669870283878183,0.005206798733957993
2014-11-03,0.0005454150715712544,0.003966181533192822,0.00564999437730603
2014-11-04,-0.003475188578920556,0.005399695308713746,0.007659066438679117
2014-11-05,0.006296224921949198,0.003942689088324227,0.005634078334886939
2014-11-06,0.003995123440187118,0.005156480807523152,0.00797437935446346
2014-11-07,0.0009346565064029265,0.003407268929535336,0.004868719932103099
2014-11-10,0.0031424656066610123,0.002576358546046434,0.00446116492979943
2014-11-11,0.0009801636663093621,0.0022585747483807738,0.003232460014617568
2014-11-12,-0.0010780598589951863,0.002636080926321383,0.004559756344169072
2014-11-13,0.0011269109286954945,0.0056139790696219105,0.007933763151074807
2014-11-14,0.00024494712543594117,0.002633363012082866,0.003770095239674864
2014-11-17,0.0006362364981414468,0.0028058515963174033,0.004550608977785822
2014-11-18,0.005757597965505917,0.003832616464394964,0.007200173707447621
2014-11-19,-0.0016068264490526343,0.004304601327837072,0.006091024230409617
2014-11-20,0.0017523054411488644,0.0034406451552031507,0.007442426425033765
2014-11-21,0.005336623190461192,0.005666533330172165,0.008999422664337524
2014-11-24,0.0028025966847344663,0.0016160776897391359,0.0023159111273798566
2014-11-25,-0.0007242176426394407,0.003121269261596995,0.0047800213966370094
2014-11-26,0.0025558188721785304,0.002257246714260311,0.0035156796844772347
2014-11-28,-0.002121386714569333,0.003155594470810656,0.004633163461474017
2014-12-01,-0.006973935284431427,0.003483489718239567,0.0056375798711531455
2014-12-02,0.006442817419513346,0.00369719254836905,0.007532945029601728
2014-12-03,0.0038556878224975787,0.003109204922067683,0.005050689287851547
2014-12-04,-0.0011066641948027573,0.0053385175774093695,0.007560470463890375
2014-12-05,0.0016357387184415225,0.003103200775388006,0.004423068119929412
2014-12-08,-0.006705061406109055,0.006963610041955048,0.01059969234275545
2014-12-09,-0.0006779154602838357,0.006746073260688417,0.013028538894281358
2014-12-10,-0.01616149212134958,0.006437408271725341,0.015012812545674582
2014-12-11,0.005057129535179368,0.00850417638955277,0.012145529643405163
2014-12-12,-0.016293691974889744,0.008869844989725798,0.014784216385716932
2014-12-15,-0.006892736595343979,0.010777850802148502,0.018796050840808945
2014-12-16,-0.008051948555588112,0.015903441040700104,0.022939685726467554
2014-12-17,0.019415407385919094,0.009805178177337283,0.020070385978035312
2014-12-18,0.024427697990099067,0.03008041266886599,0.04376633671140105
2014-12-19,0.004245978003540378,0.005884362177304188,0.008328496925818088
2014-12-22,0.004589142301697204,0.0026905027826661597,0.004868147206311263
2014-12-23,0.0013487360693338077,0.0025298605246562,0.003995195336003362
2014-12-24,9.638303121964243e-05,0.0019704151612328896,0.002984045359957054
2014-12-26,0.0032193982625174913,0.0019970758975462704,0.002878555442755131
2014-12-29,0.0013423752222952875,0.002386876921078364,0.003976628143926853
2014-12-30,-0.005380168734967174,0.002286273945802629,0.004142584706489607
2014-12-31,-0.009972830393084088,0.006118336237037397,0.013622667817546988
2015-01-02,-0.0005350767084412183,0.00883557216943214,0.013143223011707617
2015-01-05,-0.01822459849376489,0.007383565076229101,0.014971192719593936
2015-01-06,-0.009463928726761996,0.011640517948123631,0.019317387993528133
2015-01-07,0.012384522289540933,0.005836085729687022,0.009094935297785765
2015-01-08,0.01758956397627763,0.004809917293271661,0.010539088068338
2015-01-09,-0.008046111274801752,0.007644121063052517,0.014247263951576033
2015-01-12,-0.007864312672367663,0.0076183723427785035,0.0132248113263664
2015-01-13,-0.002816589431326966,0.016148518672229266,0.024594225928690303
2015-01-14,-0.006055879185062861,0.00812661644547359,0.012595831781384959
2015-01-15,-0.009202659789158055,0.007506448344772106,0.015727010133807638
2015-01-16,0.013028859569321018,0.007387983418771482,0.016217845525329906
2015-01-20,0.002130308126984529,0.00888987021833308,0.012620029112978447
2015-01-21,0.0050352842735115234,0.00817470010961837,0.013393742348722018
2015-01-22,0.01476164075446296,0.012005544873437303,0.01906837728965129
2015-01-23,-0.005497685027993248,0.003681571197592443,0.006293645593204952
2015-01-26,0.002339057063275361,0.005464513520881636,0.008323151523379852
2015-01-27,-0.013278139387190269,0.008263142738955096,0.01173912182864031
2015-01-28,-0.012907675453605636,0.009018672236218713,0.021884628946641064
2015-01-29,0.00920105806153653,0.011759081285211161,0.017921730172431975
2015-01-30,-0.012654307656911366,0.010132293906393697,0.015241881838292146
2015-02-02,0.012307453407405723,0.013566705559123543,0.02065173438371519
2015-02-03,0.014357876178831422,0.005682856420346509,0.011228290826386749
2015-02-04,-0.003814829187706877,0.006453703455543433,0.009164022338281144
2015-02-05,0.010043988122559008,0.00363083944831526,0.007422854723177211
2015-02-06,-0.002768658634358836,0.00735455135412677,0.011286826999630696
2015-02-09,-0.004486031291642536,0.005159271340633994,0.007330303299650723
2015-02-10,0.01059718501521372,0.007897541323981648,0.011798280886855788
2015-02-11,0.0005798930512564191,0.0054594481030793875,0.007828711035261622
2015-02-12,0.009570933761477312,0.006142575218829685,0.009668793270941028
2015-02-13,0.0041077922653814354,0.0029788168412396812,0.005148259306602993
2015-02-17,0.0015717452715005226,0.003534973001100238,0.005806488111746851
2015-02-18,9.521257048727208e-05,0.002619479050233517,0.004187906830836723
2015-02-19,-0.0007139194629580607,0.0035997433299883985,0.005619548051197948
2015-02-20,0.005982785964641095,0.007041529227613199,0.012308303521606138
2015-02-23,-0.0001422903243624359,0.002315536764197809,0.003456327650787466
2015-02-24,0.0028367339136381614,0.003808530206850193,0.006090404418068204
2015-02-25,-0.0008501755525955357,0.0034053374231526904,0.00481975262924426
2015-02-26,-0.0011818832287958552,0.003525376750160985,0.005014726052118723
2015-02-27,-0.003412161125307342,0.00276621994384801,0.004652025588639667
2015-03-02,0.00629367327476407,0.0027265268012064445,0.006321035441144074
2015-03-03,-0.004112392281734606,0.0065191203095817125,0.009331192053171481
2015-03-04,-0.004224707867625635,0.0047940191619698855,0.006802111799610261
2015-03-05,0.0010938172582217035,0.003158755179362742,0.0045139072409789175
2015-03-06,-0.014164587719715413,0.007744787646123776,0.013686729339231936
2015-03-09,0.004135846580085176,0.003782890903798023,0.0059511913550714755
2015-03-10,-0.01635462654447655,0.003796215585974761,0.009171650512235518
2015-03-11,-0.002344426850550503,0.00294294304213138,0.005379002951176564
2015-03-12,0.012633763302467618,0.003916791116165008,0.009560577832862967
2015-03-13,-0.006150944633073058,0.011130443260861681,0.016275522591095562
2015-03-16,0.013271596940393184,0.007866383609932451,0.013567944223851944
2015-03-17,-0.002976657010853583,0.0048354963665234564,0.006924420056340697
2015-03-18,0.011950035935722884,0.012815760174120757,0.022094502551239587
2015-03-19,-0.004571673209445819,0.004659206228625434,0.006873520006712292
2015-03-20,0.008787664285297432,0.0047103066972648665,0.007271511585323106
2015-03-23,-0.0019504037895389803,0.0035148032014015694,0.0052857171921501574
2015-03-24,-0.005634826066954253,0.004692413630300248,0.007949374318060325
2015-03-25,-0.014762266359256085,0.007446149670319007,0.017690510725239764
2015-03-26,-0.0023840885048505363,0.007694618317364665,0.010961172860957782
2015-03-27,0.0022871070373072923,0.0031076060867541123,0.00510354342239328
2015-03-30,0.012125881625265284,0.004132091900759338,0.007923139959108663
2015-03-31,-0.008778094320706939,0.005388043269155939,0.00842903432107796
2015-04-01,-0.0035424937048188247,0.00623509422156746,0.009285384980292334
2015-04-02,0.0035908680915793336,0.004820859590755776,0.007653564291654808
2015-04-06,0.006710841084310757,0.008242042844286819,0.015589617503871351
2015-04-07,-0.002649602012273933,0.004866715108645595,0.007333023073250156
2015-04-08,0.003371060259584099,0.004693058564731723,0.006875626046529074
2015-04-09,0.004413992940692373,0.005875538470498161,0.00952604256829754
2015-04-10,0.005441726948861041,0.0028878610224887026,0.005379878404795459
2015-04-13,-0.004533255949265835,0.0048699819219989995,0.007652236508388497
2015-04-14,0.0019117437078015032,0.005107022377793695,0.007685333754044385
2015-04-15,0.004476812921085929,0.0034850097819968933,0.005179852567737394
2015-04-16,-0.0002849513871239657,0.0038712202844989564,0.005656711836416324
2015-04-17,-0.011570213071506357,0.00694110027632587,0.010675649210303586
2015-04-20,0.009095153098994594,0.0036664722698576107,0.006147215861868854
2015-04-21,-0.0011919665871797593,0.004441314854978034,0.0077289841126598645
2015-04-22,0.004901870201021171,0.006309337692165532,0.009257998204558571
2015-04-23,0.002513373286880368,0.005741394481324749,0.009140026051802126
2015-04-24,0.0023178388544628863,0.0028745452788549192,0.0040633150727714265
2015-04-27,-0.004166283040721378,0.004588983401139399,0.00920435736623323
2015-04-28,0.00317348189703421,0.006995100714752758,0.01026294998055853
2015-04-29,-0.004123266477343398,0.005647679211392078,0.008025773490215424
2015-04-30,-0.010070811936006422,0.008217219175032505,0.01309608988968011
2015-05-01,0.010782885826208774,0.003148251053035363,0.007071020712473584
2015-05-04,0.002843671013724118,0.0030635348369217907,0.00435357816136073
2015-05-05,-0.01151780930692767,0.00668367564849522,0.013068506778802986
2015-05-06,-0.004125767479194138,0.009761308688169133,0.015237446025992538
2015-05-07,0.003982170434616414,0.005637629925408621,0.008905063694323435
2015-05-08,0.01307991100599923,0.002884423797566175,0.00510349615336025
2015-05-11,-0.004784045818902638,0.0036122246508552987,0.00650489109357214
2015-05-12,-0.002996021817548782,0.006691025009988927,0.009572386925053047
2015-05-13,0.0001906505485007947,0.004790797436565915,0.0070469274232518265
2015-05-14,0.010373520650728026,0.003753696152739508,0.006644378763959803
2015-05-15,0.001083478668964534,0.00249878972015491,0.0035304085453814974
2015-05-18,0.003101800425076809,0.0032654970297296476,0.00581881838976892
2015-05-19,-0.0003286015857081826,0.002854668839894673,0.004130896530324834
2015-05-20,-0.0007042632396033389,0.004172789736775887,0.006012771279301238
2015-05-21,0.002908322664318486,0.003408296554356464,0.0058079882583795895
2015-05-22,-0.002392274973515517,0.002084105416729021,0.002957836554653073
2015-05-26,-0.010809439784394689,0.0075567158804643935,0.012861920992494707
2015-05-27,0.00944718866449784,0.006068051985688757,0.010437241431852706
2015-05-28,-0.0011287226299323578,0.0031776175557175243,0.004518457237794412
2015-05-29,-0.006232026696840771,0.003961461523267106,0.007625202975355508
2015-06-01,0.002034026783378777,0.005647581901806753,0.008129702515287553
2015-06-02,-0.0009932639160947292,0.006349005213593508,0.00908401856264613
2015-06-03,0.0026463409689171245,0.004463290550942604,0.006323123581863839
2015-06-04,-0.00848231253406239,0.006511334906952957,0.010041405612341209
2015-06-05,-0.0017150375309722674,0.005366767521307148,0.007627430380548813
2015-06-08,-0.006168223144432842,0.0033898343582883838,0.006859209343227359
2015-06-09,-0.0001442392627508092,0.004784313127077086,0.006764229708573565
2015-06-10,0.011921667934114845,0.0053360803031512055,0.010002373267961051
2015-06-11,0.0032186636481606663,0.0029406550141189,0.0042054499320230325
2015-06-12,-0.007684330017535848,0.005750409953553999,0.00857103518327663
2015-06-15,-0.004294569602651063,0.005449946717185473,0.007938423113500832
2015-06-16,0.0054367151011750865,0.0038646221560084304,0.0077526986102855145
2015-06-17,0.0016159406601709565,0.006589065517544603,0.009307216619740887
2015-06-18,0.010345760332619826,0.007946747307669361,0.012736119328062515
2015-06-19,-0.004449309986043202,0.003499906758061445,0.005644905152448929
2015-06-22,0.005110027226523631,0.0031663725334039584,0.004483444008583161
2015-06-23,0.0007076676723365772,0.002886888057944745,0.004102976536192972
2015-06-24,-0.007289007633646875,0.004411076252091186,0.008075995003525824
2015-06-25,-0.003045671588487446,0.0033625710257104433,0.00705230021554691
2015-06-26,-0.00019004679054517232,0.004577802500558793,0.0067676966894349684
2015-06-29,-0.021193819063391007,0.013132982318957574,0.021906338429129174
2015-06-30,0.002091433643960342,0.0055580725041496125,0.00991016995110513
2015-07-01,0.007983190747660443,0.0049668661768890714,0.007084343232304274
2015-07-02,-0.0009159458866353652,0.004423996632791479,0.007042625686465173
2015-07-06,-0.0028498219816241216,0.006667666004883921,0.01025539427568074
2015-07-07,0.0062690403105047435,0.013560384343324666,0.019517341963304933
2015-07-08,-0.016919687500234603,0.006473528269741792,0.012272011547530564
2015-07-09,0.0018074185229170067,0.0060567538866977775,0.012591517364115354
2015-07-10,0.012513117435456134,0.010361771489895671,0.014603811652646381
2015-07-13,0.010976657451309846,0.002268457359495201,0.004576400035875701
2015-07-14,0.00432851549907016,0.0037538636895453562,0.006645192728043852
2015-07-15,-0.0003322448810852798,0.004147164086770149,0.005887685720386123
2015-07-16,0.007992103708065135,0.002045108527754139,0.0033914329267701257
2015-07-17,0.0008477432812546737,0.002436866363468994,0.0035297440468783116
2015-07-20,0.0005175300276461584,0.0031906507888167816,0.004562707458597235
2015-07-21,-0.003959149507145224,0.0040363646626808795,0.006375471563237891
2015-07-22,-0.0017960866551793731,0.0026443451641271266,0.004163338710040641
2015-07-23,-0.005645648286628343,0.00498229231146247,0.009039841862661246
2015-07-24,-0.01042634841691883,0.006413034604867786,0.013317254873422614
2015-07-27,-0.005834288080796022,0.004385575914372216,0.006238254203804149
2015-07-28,0.012207914575854037,0.007941576213515565,0.01289827986731349
2015-07-29,0.006855781799958427,0.004395132834615667,0.008207978803770968
2015-07-30,0.00023693803243654177,0.005016650141049802,0.007589441456830078
2015-07-31,-0.001518626397422988,0.0033729404801107316,0.006128234138398232
2015-08-03,-0.003378778797529456,0.006025165110376314,0.00896136585622719
2015-08-04,-0.001956484595789254,0.004800551162813949,0.006925193019523175
2015-08-05,0.0032900777489052284,0.0051867961470710485,0.007521310877169343
2015-08-06,-0.008221247693324036,0.007390559469376702,0.013294956521790167
2015-08-07,-0.0019217013105976364,0.004967415535937855,0.0070690129467470015
2015-08-10,0.012520379192762122,0.0027062615940295167,0.006601127137295529
2015-08-11,-0.009064041492225335,0.0057269593985018056,0.008194789518724765
2015-08-12,0.0011973528890407948,0.011708508602189192,0.018093044286933858
2015-08-13,-0.0012453294638515263,0.005211636465717292,0.0073804683115776355
2015-08-14,0.0036359176287482997,0.003038298427700537,0.005968866445083272
2015-08-17,0.005571267899848219,0.006023888906784388,0.011538974870783203
2015-08-18,-0.0029010680086508484,0.0031911128831486595,0.004667090901414424
2015-08-19,-0.007936847187415434,0.00871686784941814,0.012768761087745356
2015-08-20,-0.02110254310946588,0.012950466036500595,0.021522769835640058
2015-08-21,-0.03056486111103115,0.019087440657452173,0.032452095786906554
2015-08-24,-0.04301935732559581,0.05577682121167148,0.07957784607416729
2015-08-25,-0.011837253841505387,0.01711552566709553,0.045549199469694476
2015-08-26,0.03767510081436884,0.02242790528466751,0.033014491141059234
2015-08-27,0.024434473197247963,0.013335181846097017,0.021127070631874023
2015-08-28,5.005357800329066e-05,0.006376503801496135,0.00963467573618215
2015-08-31,-0.00811190086787971,0.007441240303705751,0.01072499820718695
2015-09-01,-0.03030258043120457,0.014165591431859758,0.021066947149784382
2015-09-02,0.018803502062830765,0.010794367918499002,0.015557077365283984
2015-09-03,0.0007162268466364118,0.010888778807517537,0.015801566298481576
2015-09-04,-0.015252847579045667,0.008212200963030323,0.011682849798971223
2015-09-08,0.02482031000933952,0.0074171552320578555,0.01235882354214151
2015-09-09,-0.013461396258194688,0.01157227574850032,0.026284692713483285
2015-09-10,0.005426900336356143,0.009912257334887974,0.015164672597116746
2015-09-11,0.004534245637087234,0.00706367871644437,0.011639770666782059
2015-09-14,-0.0037177540886892675,0.004855663416742847,0.008060822791358058
2015-09-15,0.012422045072949736,0.009156212122178313,0.015267553546269068
2015-09-16,0.008629362476183521,0.005687310529674457,0.00999100845826929
2015-09-17,-0.002250701742730419,0.012662681998897758,0.01807440388311083
2015-09-18,-0.016476317019409468,0.013339465972735581,0.01903292924020453
2015-09-21,0.00515425330501797,0.008890644118443897,0.012572461964288984
2015-09-22,-0.013064745589763676,0.006942231764111342,0.009798407092932773
2015-09-23,-0.0015997357232813783,0.0062103170799918,0.009090880430524959
2015-09-24,-0.0036224756846478133,0.01036429655214597,0.014981853193833094
2015-09-25,-0.0002593117793100316,0.010151695234851599,0.016541365519552768
2015-09-28,-0.02541781055682247,0.010044304997756277,0.02271158128407732
2015-09-29,0.0005851350314686434,0.010538796049749184,0.014937342602163891
2015-09-30,0.01848632705946545,0.007859990010431904,0.012471947653030613
2015-10-01,0.002605996706148308,0.009875499793914345,0.013896830797323265
2015-10-02,0.0148272127422857,0.013708792813525984,0.03030771108774033
2015-10-05,0.01763834777986589,0.005865254514967194,0.012142911509479822
2015-10-06,-0.0034319855517755465,0.006880595686600529,0.010010596060209674
2015-10-07,0.008157004654627738,0.008212053803102318,0.011784795448364816
2015-10-08,0.00898624025688828,0.007756281507713604,0.014711031335914082
2015-10-09,0.0005964080995734666,0.0046355682178306,0.006556360469997664
2015-10-12,0.0009429610541376439,0.002969264695992965,0.004217898107908796
2015-10-13,-0.006321846097265136,0.007314656586635132,0.010536832011743082
2015-10-14,-0.004805641703484151,0.006239868934447921,0.009684343122086696
2015-10-15,0.01523793071644927,0.006511489501277285,0.013442061471012052
2015-10-16,0.0045360146380441805,0.004587798319144788,0.006739780038333641
2015-10-19,0.0004919807859581122,0.003406212881007344,0.006097213277015102
2015-10-20,-0.0012792594224378285,0.00441796174970553,0.006351205170874573
2015-10-21,-0.006223040077402128,0.005158058694830533,0.010601928783449998
2015-10-22,0.016752791845923754,0.01064232439305912,0.0178309875341949
2015-10-23,0.010901930131297899,0.0055788107962480155,0.007951394825129805
2015-10-26,-0.0024608148581953533,0.002616926339121545,0.0039130316840277415
2015-10-27,-0.001933751072180786,0.0039666234884026645,0.005856760300679365
2015-10-28,0.01130991557174109,0.007420471848389942,0.013256707605303328
2015-10-29,-0.0005740419710308648,0.003293622465629665,0.0050758873212638275
2015-10-30,-0.004319178036256378,0.0046758886662827456,0.008175814014926347
2015-11-02,0.011761248915410303,0.00553942265628236,0.011645025692046961
2015-11-03,0.0028953977507449615,0.005833143602069582,0.009289131345342084
2015-11-04,-0.0030375057544514148,0.005215328572778294,0.00846167890346218
2015-11-05,-0.0009992205976146074,0.00630889674558809,0.008993573373975022
2015-11-06,-0.0005236926857439169,0.006218101464746762,0.008855459292543947
2015-11-09,-0.009374878287842581,0.007809430515491114,0.012206884479865596
2015-11-10,0.0023040242325303895,0.0036275514686176344,0.006760662057033432
2015-11-11,-0.003939514840452474,0.0027039095258132853,0.006161542049920658
2015-11-12,-0.014058112172285855,0.005830058486606438,0.010935316707778414
2015-11-13,-0.011291994062229497,0.005425223324643087,0.01101015010101584
2015-11-16,0.015092386286846622,0.006856055297285953,0.017070371797375777
2015-11-17,-0.0007294512002840682,0.007247483031110344,0.010512427072018962
2015-11-18,0.015741463231359464,0.005779017344098599,0.013941400195872164
2015-11-19,-0.0008627927573873828,0.0028785209332919002,0.004075790415139251
2015-11-20,0.003637492124807653,0.004232611089847895,0.006019753100819771
2015-11-23,-0.001147395024642378,0.004846983171841025,0.006983265910609574
2015-11-24,0.0013385720739589612,0.006916504025661054,0.011559580121286068
2015-11-25,-0.00014316190574865944,0.0024068411207858686,0.0034875356429612332
2015-11-27,0.0011456774926068072,0.003151776915937428,0.004485600555246398
2015-11-30,-0.004160049712064535,0.0032076309181470254,0.006373097970652017
2015-12-01,0.009490294724954053,0.004438912689359543,0.008116607050099605
2015-12-02,-0.010257555031180251,0.006992763621336334,0.013283480979600635
2015-12-03,-0.01410170754569381,0.011521980047843777,0.02139970761841839
2015-12-04,0.01931525367876407,0.008719888567433902,0.020799545424634292
2015-12-07,-0.006076904831766749,0.008172203921852856,0.012143022343084994
2015-12-08,-0.006742289090656046,0.008460439345962382,0.01212850709760416
2015-12-09,-0.007809962501782671,0.015199618710513127,0.02191487328457507
2015-12-10,0.002577529275223609,0.007731036932444889,0.011123492205987857
2015-12-11,-0.01957118298755258,0.00798364452556242,0.013027564985146301
2015-12-14,0.005039582368968776,0.010576287725727709,0.015278492837694177
2015-12-15,0.01044318371820571,0.011159040720009483,0.015802592364309313
2015-12-16,0.014525784880465248,0.011233538412337823,0.01725710887351083
2015-12-17,-0.015354916450229482,0.006460619309879129,0.01776822893099459
2015-12-18,-0.017975791215557063,0.006816194405463414,0.015498404052145942
2015-12-21,0.008215102776812023,0.006246412696215996,0.008875928800387588
2015-12-22,0.00903342214544299,0.007660268180395292,0.011302226298564194
2015-12-23,0.012307363263189744,0.003182321289046107,0.007232334056228462
2015-12-24,-0.0016517564544441528,0.0031232026298416314,0.004424366464966945
2015-12-28,-0.002287910791111687,0.004436876379419047,0.00643239619045575
2015-12-29,0.010615456381711528,0.0036279673381295844,0.006364474948289934
2015-12-30,-0.007112861911951061,0.0034706613627971134,0.0070412871296226184
2015-12-31,-0.010054092077942564,0.005825818837721714,0.009908296075152225
2016-01-04,-0.014077559527650687,0.008477689963825532,0.012138107598978565
2016-01-05,0.0016898346689932365,0.006507849667842548,0.009187479336109257
2016-01-06,-0.012694849222381708,0.008618712021058609,0.012372957270173521
2016-01-07,-0.024283886209446496,0.013311454126057925,0.0198402785002211
2016-01-08,-0.011037437373630023,0.011519462680994184,0.022248876162983697
2016-01-11,0.0009898242901659746,0.012925964988097468,0.018687191330409105
2016-01-12,0.008035963589703814,0.01249328164448327,0.01760819786030278
2016-01-13,-0.02525674018314325,0.01548027681422961,0.034316558093012456
2016-01-14,0.016283196832957716,0.019291703402726682,0.029177257637822005
2016-01-15,-0.02169974547312865,0.011746047532491142,0.017251425783998443
2016-01-19,0.0013304720120004665,0.01330035018537481,0.02079125658231043
2016-01-20,-0.012898160269449994,0.024782805086793105,0.034904368115154336
2016-01-21,0.005586337044972841,0.015936511951911748,0.022657858868830844
2016-01-22,0.02030778048739629,0.006572328672278866,0.009867675739366984
2016-01-25,-0.015231950208462483,0.006998976249871732,0.01460237818848637
2016-01-26,0.01355094468564609,0.007333408153789293,0.0131966064516759
2016-01-27,-0.010943044430127667,0.0161175015535873,0.023919629422234242
2016-01-28,0.005195581045619274,0.011046851101539279,0.01607526453556796
2016-01-29,0.024085004642871412,0.008581480218272989,0.020648358325389728
2016-02-01,-0.0003615474475554545,0.00935756242311051,0.014149267128966364
2016-02-02,-0.018186508687001886,0.006845052666077007,0.012778754142685736
2016-02-03,0.0059771717193362345,0.01746585002158187,0.024464153691179078
2016-02-04,0.0015672536691299032,0.009895499304682915,0.01456155113390478
2016-02-05,-0.01923428298283075,0.013378072515200824,0.02378292787061903
2016-02-08,-0.013552139137650531,0.01267307411057966,0.017905253468963492
2016-02-09,5.358787673666887e-05,0.012471000355524597,0.020169366558210087
2016-02-10,-0.000863026152342511,0.011582383037080406,0.017380046129689266
2016-02-11,-0.013093278305877082,0.011521491345983499,0.016460733651854704
2016-02-12,0.020407307959390573,0.008611564986929027,0.014413476462727672
2016-02-16,0.016737017300164286,0.007464595942962786,0.011486946410598638
2016-02-17,0.01620291260868248,0.006423317026418187,0.011976424506968963
2016-02-18,-0.004104125164711051,0.004426540550177552,0.00806915030094199
2016-02-19,-0.00046877589657737446,0.005799576895211987,0.009010394414265833
2016-02-22,0.014375452401161644,0.0030557239513049443,0.005955455741755894
2016-02-23,-0.012709910670698422,0.0056651850828170576,0.011127363596808678
2016-02-24,0.004565027342051535,0.013137286475785053,0.021790846384981855
2016-02-25,0.012038989361944126,0.008043185034806362,0.013910204122401458
2016-02-26,-0.0023041759221237488,0.00438891319971509,0.00912398796816813
2016-02-29,-0.007873122087958935,0.009287849236671104,0.01498240304330691
2016-03-01,0.023234841421687726,0.009344106162824951,0.018979404139321032
2016-03-02,0.004482293532308039,0.005112031036933063,0.00909546511856146
2016-03-03,0.003912433439030559,0.005152130274427666,0.008459317507921605
2016-03-04,0.003247850888855364,0.008090393839703103,0.011575150471474845
2016-03-07,0.0007979556871995282,0.005122960781921619,0.009073270638845731
2016-03-08,-0.010978016309594477,0.005350444291491012,0.008618908808890028
2016-03-09,0.0049276620125014055,0.0048294372974151765,0.006821148445406661
2016-03-10,0.0008017026833089463,0.013031888023678004,0.018492545682884453
2016-03-11,0.016008468797058712,0.010604012186596857,0.016226047421903526
2016-03-14,-0.0012827544111773024,0.004312072031811509,0.006271550684799471
2016-03-15,-0.0016312524174535686,0.004546502362096962,0.007320550729303895
2016-03-16,0.0057707705029522455,0.005847046000687364,0.011163589620060982
2016-03-17,0.006323718051986525,0.007400194635822633,0.012021655653514384
2016-03-18,0.003922090846452735,0.003331330332568744,0.004794968705969886
2016-03-21,0.0014178906692589774,0.0034968991169020557,0.005569938925330111
2016-03-22,-0.000537426127294768,0.00520062010471924,0.008114921896422217
2016-03-23,-0.006621571897669865,0.0036686206499814094,0.006495779147713838
2016-03-24,-0.0004429714254832346,0.003576157068981681,0.0069909324688888184
2016-03-28,0.000590673569802911,0.0038370940550486758,0.005658304789423237
2016-03-29,0.009207628734485123,0.006784491578900212,0.013894335858809902
2016-03-30,0.0043780720305540526,0.004306838325124222,0.00621298297617787
2016-03-31,-0.0024298273531380204,0.003517402447718191,0.005254971820762032
2016-04-01,0.006788467304251341,0.0076042635455751285,0.015271620385040341
2016-04-04,-0.0032431450715860836,0.0036446844950752282,0.005721250591856035
2016-04-05,-0.010038060447789897,0.00804057147318027,0.011606812717814625
2016-04-06,0.010861958654962962,0.0054047657790920675,0.012159721867503616
2016-04-07,-0.012038065791650615,0.0077455714685294285,0.01211081763992352
2016-04-08,0.0026932341868081463,0.006341748344388845,0.009682205312117954
2016-04-11,-0.002349673899633305,0.00644672062137686,0.010587215061640605
2016-04-12,0.009269479132166844,0.007130127942665534,0.012383464813678222
2016-04-13,0.01005050112258122,0.003077367524441509,0.0060577392578125
2016-04-14,4.8044924350735964e-05,0.0033931912749631376,0.00480746130670729
2016-04-15,-0.0011064842964237124,0.0025285579002979727,0.003705863302457937
2016-04-18,0.007002176543764904,0.00640765945718215,0.010896571972090516
2016-04-19,0.0031490928344374454,0.0042248428195240904,0.006002832508214964
2016-04-20,0.0009525419392991416,0.005128821149635218,0.007282240527604126
2016-04-21,-0.005392454316705683,0.004188476602719445,0.00765663058893212
2016-04-22,0.0,0.004507647715833503,0.006603769038437078
2016-04-25,-0.0017245806458340727,0.0036598084774518216,0.00536891986337961
2016-04-26,0.0014849197067439842,0.0039095064135358905,0.005552382118878534
2016-04-27,0.002055975429853492,0.00535038268489558,0.00840694748279917
2016-04-28,-0.009117173672592538,0.009010173105662562,0.013497169603079536
2016-04-29,-0.005413265560739048,0.0071094257332088885,0.010177899892789933
2016-05-02,0.007916625579304434,0.005153314258336877,0.008510790033575624
2016-05-03,-0.008741057696155278,0.005102561494192266,0.0073729348344025525
2016-05-04,-0.00559381087285418,0.004928929569712187,0.0069753083892825675
2016-05-05,-0.00019500629352378442,0.0048864146816651795,0.007366904902391364
2016-05-06,0.003652068140034018,0.0041491956532599935,0.009187241777335781
2016-05-09,0.0008261074197668796,0.0034386187083992148,0.005051208359880654
2016-05-10,0.012357316193788947,0.0034698335607981708,0.00877909262579219
2016-05-11,-0.009399012672064765,0.005516396266857768,0.009878902112023292
2016-05-12,0.00029093864098336163,0.006923036494740005,0.010263412088660573
2016-05-13,-0.008752616572008058,0.007314424800220685,0.012111720033554872
2016-05-16,0.009816694168058778,0.006360486143979852,0.011848326543695983
2016-05-17,-0.009376830368399263,0.007383547713604084,0.012545800574299557
2016-05-18,0.00029222703972498555,0.0091000900261695,0.013030101611574071
2016-05-19,-0.0034706630653883325,0.0060958472056075585,0.00861897420734057
2016-05-20,0.006297644101161319,0.003902329244902684,0.006034383473727324
2016-05-23,-0.0013637910430622149,0.002781528179313112,0.004142053588603754
2016-05-24,0.012878973884906218,0.005031638302153814,0.010102497488065753
2016-05-25,0.006760422983623859,0.00617276892554322,0.009078789976853772
2016-05-26,0.0002865582808905875,0.002481897599048663,0.0035349455723198003
2016-05-27,0.004290091067062498,0.0015768827268357094,0.0037100397589279665
2016-05-31,-0.0019046355203886777,0.004619061153719248,0.007196005489790063
2016-06-01,0.0020470565975785155,0.004138982344819719,0.007561688807645446
2016-06-02,0.003039271327993259,0.0046475252060344755,0.008012835585194155
2016-06-03,-0.002991488162849547,0.006167947538896139,0.00870269089631956
2016-06-06,0.0050752850163200474,0.0037605048107917168,0.005961720980541939
2016-06-07,0.0015605346577494674,0.002767951189709282,0.003968236805342259
2016-06-08,0.0032542014911901996,0.002290088953173618,0.003908282008466876
2016-06-09,-0.0013664463120022562,0.0030062259840734863,0.004856652067163695
2016-06-10,-0.009522872412469342,0.004671648309269689,0.006807292258352939
2016-06-13,-0.007741543128610435,0.006262304586499103,0.009690520715974987
2016-06-14,-0.0019690426132173335,0.006191156714595462,0.008748353119371432
2016-06-15,-0.0013947334042325578,0.0061471084792231075,0.008808673073668777
2016-06-16,0.002979817893543436,0.010005920731486833,0.014301535999231306
2016-06-17,-0.00373095413834624,0.004565551647985214,0.007021096834421833
2016-06-20,0.006419362340738351,0.005598991194622084,0.008948763799531665
2016-06-21,0.00283444255047983,0.003846384574277472,0.005469196777470293
2016-06-22,-0.0016323842299462948,0.005059772632960427,0.007544484758149328
2016-06-23,0.012938416817792854,0.004502423061091371,0.007589729440046455
2016-06-24,-0.036569713146352774,0.02777880653605048,0.04000199106019972
2016-06-27,-0.018072189807413725,0.008404309508145002,0.01477961982376572
2016-06-28,0.017875444929616464,0.005152436878703252,0.010383861427365056
2016-06-29,0.016884081435881517,0.005236270484840309,0.010693851814168544
2016-06-30,0.013553092090811743,0.007531731254413494,0.01422568163222123
2016-07-01,0.002098855728506107,0.0038266634106646487,0.005716521615370146
2016-07-05,-0.007219563447192359,0.00436147527797044,0.006573557377834245
2016-07-06,0.005980088280802545,0.007531350124262804,0.013068803993630916
2016-07-07,-0.0006202286788824161,0.006738456789419119,0.009640571877249779
2016-07-08,0.014780420378964255,0.005471738643818147,0.010157553369885568
2016-07-11,0.0035209422314844865,0.0036584627582995264,0.005248408659842067
2016-07-12,0.007237030871577089,0.0060475114880402785,0.008699745999190954
2016-07-13,-0.00013943263773928322,0.0032930581046105084,0.005118140955230572
2016-07-14,0.005567915764285624,0.0032043442664525953,0.004673304320075952
2016-07-15,-0.0013429069259505422,0.004845044691484801,0.007876555315849512
2016-07-18,0.002683681771845032,0.002767196540693539,0.004297435048438699
2016-07-19,-0.0010173234886706926,0.0018047483756299008,0.002775294129936398
2016-07-20,0.004154695435508365,0.0028544387951216364,0.005435500003163017
2016-07-21,-0.0037845495061389765,0.004374328322618503,0.0067970647415865545
2016-07-22,0.004475048776239868,0.003109985134182371,0.005523830408299085
2016-07-25,-0.0027193856718614293,0.003415470122416373,0.0050311394811828345
2016-07-26,0.0004612655256712415,0.00456249815775748,0.006505207206963762
2016-07-27,-0.0010614771685331875,0.005036825219845088,0.007620585270251221
2016-07-28,0.0011539526593917022,0.00422430452748883,0.006273933586503858
2016-07-29,0.0016131018784932716,0.0041906703754317366,0.0064940513772547255
2016-08-01,-0.0008293457451198221,0.003976108360963558,0.005715821058451002
2016-08-02,-0.0064277541735948875,0.006699323722245629,0.010484780676589681
2016-08-03,0.0029183772712168808,0.003068925160374807,0.005180845384092702
2016-08-04,0.00106339420739767,0.008296072992502575,0.011690766306935973
2016-08-05,0.008145633679330515,0.0030720251231454226,0.00834170009407883
2016-08-08,-0.0005960835892564068,0.0023237289771616985,0.003577155553222947
2016-08-09,0.000596083589256403,0.0031065850629602852,0.004399997650126759
2016-08-10,-0.002477990453426212,0.0032828391150296773,0.00537584162941768
2016-08-11,0.004629900596905946,0.00300643128785303,0.004527809379371646
2016-08-12,-0.000869293798244635,0.002280899266954296,0.0032958033442073323
2016-08-15,0.0028797224451254607,0.00191787045316158,0.0028298650214558553
2016-08-16,-0.005171158469509556,0.0014550086633691585,0.0033032939059285753
2016-08-17,0.0018793107096569672,0.004788285784424018,0.006914844257910157
2016-08-18,0.0022411410048796096,0.001672588824681662,0.003152641783299571
2016-08-19,-0.0014632071282352232,0.0032062447625558037,0.004621554579776837
2016-08-22,-4.5411358470603e-05,0.0030463555093968512,0.0044387554391685765
2016-08-23,0.0020112859364646704,0.002113300591273144,0.0031968406773934884
2016-08-24,-0.0051278697908033,0.004234583669989401,0.007115001185821898
2016-08-25,-0.0006886473082798371,0.0030317504997749976,0.0044556786141515614
2016-08-26,-0.0018852644986332998,0.00914744176042177,0.013208132936928303
2016-08-29,0.004912116264848048,0.0031745695831912656,0.00581610308165892
2016-08-30,-0.0016501954006973827,0.003953804824371867,0.005688028598050431
2016-08-31,-0.002847747593604575,0.004116711302970327,0.005888300444131914
2016-09-01,4.614600134175846e-05,0.005542334635261435,0.007820032904067145
2016-09-02,0.004497653871190253,0.0037896432922173667,0.005357870564211229
2016-09-06,0.0030176611888529073,0.003968632182916075,0.005752611577674937
2016-09-07,-9.119411999716038e-05,0.002934326741877353,0.004200713173008227
2016-09-08,-0.0022855932476827335,0.002536879319854675,0.003615434372715517
2016-09-09,-0.02422602744864249,0.006379542505792701,0.017723175173160084
2016-09-12,0.014245575294454724,0.0094225518946592,0.020800592013377306
2016-09-13,-0.014479681769618016,0.00741221853659029,0.012427866386446261
2016-09-14,-0.0003753399119999785,0.007271546962493904,0.010321355905412772
2016-09-15,0.00994319235017257,0.0071687487572797345,0.013842417987906603
2016-09-16,-0.003873063299643278,0.00370201079751302,0.00524907504718459
2016-09-19,0.00018776282570050077,0.005744652568694028,0.008668788115690737
2016-09-20,4.643412247392178e-05,0.0027772604565050427,0.005669531747068465
2016-09-21,0.01118272171082208,0.007203025625791875,0.01200072398292405
2016-09-22,0.006281634070947152,0.0026203261736216584,0.0037756335439877264
2016-09-23,-0.005494340714898762,0.0025062844104767647,0.004629843856509555
2016-09-26,-0.008135209939027926,0.0033248850736237938,0.005694553722096785
2016-09-27,0.006189005079664801,0.005168164775795851,0.009556049026317138
2016-09-28,0.004951234986891256,0.006511244706681774,0.009739663110672932
2016-09-29,-0.00908847689047111,0.007852847169676562,0.013182420009342315
2016-09-30,0.007517917611260445,0.005442758058415923,0.008136821460953965
2016-10-03,-0.0024070998139043313,0.003278610753428929,0.004634349826940213
2016-10-04,-0.005110817797356076,0.006225646039784021,0.010154615009110638
2016-10-05,0.004415420520762683,0.0025442940077862034,0.0037100729659241757
2016-10-06,0.0006953972765934552,0.0041007873290500926,0.006024598203369123
2016-10-07,-0.0034352506468953506,0.006221548609544565,0.00981213112085614
2016-10-10,0.005194636079362857,0.0023205538386172207,0.003284564410851653
2016-10-11,-0.01270983851467667,0.008193210114958641,0.01480580879234576
2016-10-12,0.0013109792514447687,0.004321313632161221,0.006129861851236438
2016-10-13,-0.0032809691291328298,0.007523575352940532,0.011173135934459849
2016-10-14,0.0005162990674079436,0.004598478772307694,0.007789056400815927
2016-10-17,-0.003478202017894022,0.003483470598963197,0.005744425994228178
2016-10-18,0.006242872079619006,0.0030760409671107434,0.004866376180153514
2016-10-19,0.002663643766800312,0.0033505464962602354,0.0048534314544399935
2016-10-20,-0.0018684970375150603,0.0046958879550017705,0.0066392282425995815
2016-10-21,0.0004676390806373934,0.004363826064294671,0.006168835174197935
2016-10-24,0.004243563349065348,0.0027456143446086298,0.0039090306625044514
2016-10-25,-0.003356208701515214,0.002946857864240555,0.004669188068121259
2016-10-26,-0.0020095390484749795,0.00468317225527224,0.006971111887670014
2016-10-27,-0.002670465341070067,0.0030232043457615832,0.007224249656897379
2016-10-28,-0.0029599273661712524,0.007164979958582892,0.010445026969232109
2016-10-31,4.7295046213278e-05,0.0025250489592398735,0.003904972096625069
2016-11-01,-0.0072718222403810855,0.009849626343275034,0.016065586834270073
2016-11-02,-0.006036929092510183,0.005687353393731678,0.008915849752075542
2016-11-03,-0.004587674070026122,0.00482143575326415,0.00852571505749708
2016-11-04,-0.0011021192715413553,0.004991663740906579,0.007240443465547029
2016-11-07,0.021817445119101612,0.007631220509810915,0.021768705242852716
2016-11-08,0.004493744263278131,0.0067461041192378715,0.011162483689857564
2016-11-09,0.010546006402111925,0.01051514974483338,0.021998380895697573
2016-11-10,0.002492626926879343,0.010021141619781586,0.014244866144079632
2016-11-11,-0.002307475753877306,0.00441044208466106,0.006376442268270312
2016-11-14,0.0007850290368305328,0.004902924945541637,0.007156392621844539
2016-11-15,0.007772815432299199,0.003256580051456551,0.00678026267095357
2016-11-16,-0.001880853317247495,0.0021637850255089015,0.003304728676915025
2016-11-17,0.005128068235662298,0.0025423813281372507,0.00520571423833327
2016-11-18,-0.0022402845774984093,0.002722248068650939,0.004485176138801492
2016-11-21,0.007523232047132021,0.002597887019580032,0.005359948709951307
2016-11-22,0.001951247117818094,0.003397222296983263,0.004805501631129822
2016-11-23,0.0005438101742183388,0.002527646420777699,0.0045763231572350585
2016-11-25,0.0037084641349281,0.0013029119518630974,0.002482859521261751
2016-11-28,-0.004705837145072065,0.0030311111065998773,0.005079803786696169
2016-11-29,0.0019485718392988544,0.003915995815764598,0.005748966780171212
2016-11-30,-0.0024020978622553736,0.003312274159089313,0.006851845594739783
2016-12-01,-0.0036823868266604417,0.0038831411227310017,0.007195890961198608
2016-12-02,0.0005011210405482113,0.0031854256293698912,0.004506580144625099
2016-12-05,0.005990559140254564,0.0029781559372291325,0.004434369807869063
2016-12-06,0.0031625363861561206,0.003178773348506265,0.004871456228782945
2016-12-07,0.012995717216964743,0.005929327305810272,0.014648233289078728
2016-12-08,0.002446000268176721,0.004232477773224351,0.006395747192728375
2016-12-09,0.006022189520514429,0.0020059883607930506,0.005121202994309318
2016-12-12,-0.0011484587789044778,0.00372592554024274,0.005303921357044245
2016-12-13,0.006652040581146462,0.0036372815971169154,0.005883370083460521
2016-12-14,-0.008288866485835425,0.007868105144959552,0.012661592653299877
2016-12-15,0.0041086233051649945,0.005712804323804987,0.00846522723694888
2016-12-16,-0.0019572016212649457,0.003524812125615613,0.006265569250691268
2016-12-19,0.0021746940817812615,0.002843996568973234,0.004167970764395477
2016-12-20,0.003850136005533396,0.0020444871882585253,0.0030477140459717537
2016-12-21,-0.0027862991009700304,0.0016672531588615704,0.0030118822824693916
2016-12-22,-0.0017291136010857827,0.0025007930191521836,0.003638332178780197
2016-12-23,0.0014632604575961557,0.0014010634108942296,0.002259512169003835
2016-12-27,0.0024780035583144887,0.0021743469491897894,0.0032262152019939595
2016-12-28,-0.008298927455515406,0.004144827191157392,0.0103386458490721
2016-12-29,-0.00022301056936668444,0.003289545191413218,0.004680200682826489
2016-12-30,-0.0036616652691255675,0.005741016429316684,0.009394739475613211
2017-01-03,0.007620988567847463,0.0061073301731708815,0.008657418312402576
2017-01-04,0.0059315255502539336,0.0023953878810230368,0.00503133277621939
2017-01-05,-0.0007947621379484672,0.0034226757557083375,0.004858684333792846
2017-01-06,0.0035714269268249934,0.005458095002952344,0.00814227388252927
2017-01-09,-0.0033063056205371068,0.0016083248607289778,0.0028703044069707164
2017-01-10,0.0,0.004490640694163433,0.006358749442349458
2017-01-11,0.002822295287978688,0.004258885921579599,0.006649096103223922
2017-01-12,-0.002513128054676583,0.005603535284955952,0.007901793562788816
2017-01-13,0.0022926911666008385,0.002030008886091842,0.0031270268466645607
2017-01-17,-0.0035296207589090886,0.003057839737286488,0.004331472828901891
2017-01-18,0.002207462724428022,0.0027519773516290523,0.003969169372760473
2017-01-19,-0.0037114636574999116,0.004264276639686496,0.007038184728945301
2017-01-20,0.0036674684022600275,0.004179302612010274,0.005909836400401039
2017-01-23,-0.0026055767040016856,0.004537141227769076,0.006809610115831834
2017-01-24,0.006391142522703456,0.0045765441482502394,0.007952537390401328
2017-01-25,0.008618514437643757,0.0022672543647296174,0.004617383732909673
2017-01-26,-0.0010460638115257336,0.0021497582324602367,0.0030524231519734562
2017-01-27,-0.001571072916170941,0.00225149673228495,0.003624937007598001
2017-01-30,-0.00622094100255631,0.005305375938874745,0.007866373377835866
2017-01-31,-8.807244123620544e-05,0.0036933489656423082,0.005625626449980737
2017-02-01,0.00039544755441596236,0.005116603297688217,0.007248896985675082
2017-02-02,0.0006589653253691796,0.00395802894734101,0.005619698622676088
2017-02-03,0.006869171874472396,0.003055662794288178,0.0047527529227162045
2017-02-06,-0.0017895540225654797,0.0024346411165545295,0.0034508739361239263
2017-02-07,4.4038780293892373e-05,0.0026432320075854845,0.00410588988984924
2017-02-08,0.0013093640179284737,0.0032362440041683966,0.00471122755703689
2017-02-09,0.005915081656400768,0.0037548951737660504,0.007415400736418558
2017-02-10,0.003938478767196657,0.00323923118544406,0.004967427681570261
2017-02-13,0.005427714415409428,0.00249277865693993,0.00438202626514975
2017-02-14,0.003987436976326929,0.0035920058887420657,0.006632447890451259
2017-02-15,0.005206994548165259,0.003561062299983236,0.007449344515750707
2017-02-16,-0.0008516087135189917,0.003902882847631503,0.005581107497362341
2017-02-17,0.0015748234313060013,0.0017624154226531879,0.004934296142665779
2017-02-21,0.005937432350799697,0.0024421331725725964,0.004989673589416989
2017-02-22,-0.0008882468443905208,0.002012468270982998,0.0030048732806254464
2017-02-23,0.0006770130497948854,0.0038409600393788127,0.005667384216098085
2017-02-24,0.0012680063576703063,0.002393277074923483,0.005829135726970657
2017-02-27,0.0015616210479845085,0.0025874022152652734,0.004048717694770354
2017-02-28,-0.0027030616080378814,0.002730653294132936,0.003932814610650256
2017-03-01,0.013900573893429727,0.004486919144426465,0.008132505700886652
2017-03-02,-0.006317200529755004,0.002223373188429076,0.005707812926365706
2017-03-03,0.0006291490225727082,0.0025299873836322822,0.0036909860312512267
2017-03-06,-0.00298198249692522,0.003257908873191004,0.00466955777628528
2017-03-07,-0.002991349896877748,0.0028584269610384457,0.004261644580696149
2017-03-08,-0.0018583902507093592,0.00308207622332345,0.005241822395846638
2017-03-09,0.0012673635855169744,0.0044653173236650695,0.006332854834648059
2017-03-10,0.003498217700951252,0.004197764590660847,0.006016272960083178
2017-03-13,0.0005042508918194685,0.0017774003325006168,0.0026071028281085657
2017-03-14,-0.003833717773300441,0.003049404745251183,0.004432262890714182
2017-03-15,0.008616282002471694,0.005246992317905256,0.008997736692748821
2017-03-16,-0.0019690655048262076,0.0028166851782740116,0.004612507817985984
2017-03-17,-0.0017573041737823666,0.0020685722093895117,0.003965753053399391
2017-03-20,-0.0010976965859751978,0.003029145675133365,0.004392419932281845
2017-03-21,-0.012922508988764504,0.006997105565634478,0.017242112065045792
2017-03-22,0.002350193114376223,0.004518861541449119,0.006658688606462481
2017-03-23,-0.0010675438079350956,0.005205301256129181,0.007434902548608385
2017-03-24,-0.000726964532921059,0.006131922922711842,0.008894152770191802
2017-03-27,-0.001026417139460138,0.005374302494012603,0.009887841823791701
2017-03-28,0.00725031327045905,0.005938099612747642,0.011346243778016851
2017-03-29,0.0009344467942288359,0.0029026153655126318,0.00458521636171866
2017-03-30,0.0031791150596779095,0.003061261359691616,0.005290109761382597
2017-03-31,-0.002330252576453918,0.0024498426499794963,0.0035208357161031485
2017-04-03,-0.0017406519093362788,0.006258169720779972,0.009008605365623748
2017-04-04,0.0006370200747080848,0.0027938917754548277,0.004331596275554286
2017-04-05,-0.0029771650661151576,0.007595247496172965,0.012139049826790262
2017-04-06,0.0028073077424865833,0.004655745538018013,0.006838262800104415
2017-04-07,-0.0010199002875299896,0.004084503675275001,0.005782315595228668
2017-04-10,0.0005950182638442345,0.004593748517620376,0.006501227173897688
2017-04-11,-0.0011902406781665966,0.005537854665354748,0.007827773151541711
2017-04-12,-0.004391629015421721,0.003057143307826095,0.005084828644247786
2017-04-13,-0.006516333554900896,0.0051839224184632715,0.008515810215074126
2017-04-17,0.00882087431331092,0.003329122389482059,0.00720468256229516
2017-04-18,-0.0029886570414191732,0.004246031800438838,0.0060290062494030286
2017-04-19,-0.0018400536202187708,0.004512441652395938,0.007582266338029157
2017-04-20,0.008106039596815998,0.005378637498975359,0.008795816080691769
2017-04-21,-0.0031920440584440064,0.0030963689564463583,0.005030021289064848
2017-04-24,0.010937933110862606,0.00853983793234497,0.012016722711636724
2017-04-25,0.005801819029234386,0.0029406094159447663,0.004778869734078772
2017-04-26,-0.000629041411007304,0.0034802266116960696,0.004949633833856638
2017-04-27,0.0008386093335954881,0.0028420258284651296,0.00406538640356244
2017-04-28,-0.0021818339591503874,0.0020563613214451023,0.004200268784900448
2017-05-01,0.0025169478298461604,0.0028736426333155402,0.0040640240090033634
2017-05-02,0.00037704440059457345,0.002006614878537289,0.002847898243555297
2017-05-03,-0.0012151507022113365,0.0034191441702977445,0.0049480373855694424
2017-05-04,0.0011732556895552111,0.0033771011012252356,0.0047746666773180214
2017-05-05,0.003929375211664283,0.002774808351676634,0.004338792482948702
2017-05-08,-0.00016708751413018922,0.00220157565383915,0.0031294333161131665
2017-05-09,-0.0009182281288596216,0.0031143494275407135,0.004802911558417857
2017-05-10,0.001794133375186813,0.0017229415252242807,0.003001631030806353
2017-05-11,-0.00204460512961616,0.004262376236623168,0.006015550221545091
2017-05-12,-0.0016725980315851895,0.002229786687796328,0.0031801595130264357
2017-05-15,0.005508343636554364,0.0019716146080694776,0.004119872994553485
2017-05-16,-0.0009160017676602191,0.0026981892828467535,0.004331861372046442
2017-05-17,-0.017903470604348288,0.006465753290264669,0.018361469326483148
2017-05-18,0.004020589678653624,0.0063713285541998,0.009798569423300063
2017-05-19,0.006483047008964975,0.004724038952856742,0.007595139008587887
2017-05-22,0.005064647581481663,0.0020791967393991874,0.0037157622485512556
2017-05-23,0.0022104758762842847,0.002136296745314854,0.0030410788462714926
2017-05-24,0.0023299628431276216,0.002231266575555869,0.00332489526506974
2017-05-25,0.004768276062674736,0.002945295511318714,0.004632673488730696
2017-05-26,-0.00020682838813056764,0.0012418770305155005,0.0018617224597361204
2017-05-30,-0.0008694534875156477,0.0017982109057139981,0.002608652687467636
2017-05-31,-0.00024833498244375066,0.003485664233611008,0.0051358742570631385
2017-06-01,0.007920711707666775,0.0036146618785378288,0.007149923934911727
2017-06-02,0.003322807758614003,0.003149850245749915,0.005201311717184138
2017-06-05,-0.0007372553287847212,0.0015639114352267547,0.0022132404310184874
2017-06-06,-0.003202012021449282,0.0024746864624534096,0.003536041226146283
2017-06-07,0.0018486019002085065,0.003163202350366037,0.0044734315091045735
2017-06-08,0.0004922295157096586,0.00336502353517498,0.004758403757149777
2017-06-09,-0.0015187281180014673,0.008716077315282544,0.01257137140033691
2017-06-12,-0.00020564370629672145,0.002969947654317846,0.004273476674574736
2017-06-13,0.004878150349436221,0.0026075344231697222,0.0042118125800182475
2017-06-14,-0.001268393671467798,0.0042975593657593085,0.006469054190628587
2017-06-15,-0.0019261293637060203,0.003544379114398384,0.006358465047345949
2017-06-16,0.00021810490802248332,0.0034871274475701056,0.004945585852541853
2017-06-19,0.008290679170996107,0.0023853670321611754,0.005109130962518621
2017-06-20,-0.006766864725068468,0.0018921145547193324,0.005226077290562421
2017-06-21,-0.0002466778346535447,0.0031766890666904053,0.004856936367991226
2017-06-22,-0.0004529068732924108,0.002570634146311648,0.003664962127614618
2017-06-23,0.0011934800046731783,0.002973647321795104,0.004277519291105464
2017-06-26,0.0006578351355078588,0.0035310359277733365,0.0054667346284582455
2017-06-27,-0.00808901774476907,0.004149877715620489,0.008577496823904471
2017-06-28,0.008910613450940427,0.003520060006897425,0.006119370239226893
2017-06-29,-0.008827683250478136,0.009263634171693114,0.015579011442921861
2017-06-30,0.0018627340620789453,0.0030609826656059877,0.0046733038401600945
2017-07-03,0.0016943096554604671,0.002943318382659108,0.004830511277461359
2017-07-05,0.0023092966215993954,0.0038052700733181635,0.005396043726734604
2017-07-06,-0.009186588974440343,0.003553744169774107,0.007025576470446437
2017-07-07,0.006464117933892496,0.004474568780902052,0.007104213854723294
2017-07-10,0.0010734350168862393,0.0029611138183203724,0.004290995444461001
2017-07-11,-0.0007429688143793095,0.004951975490406152,0.0070192697101668765
2017-07-12,0.007486846496625009,0.0018805545863917947,0.00368834849696757
2017-07-13,0.001678617713840072,0.0020490461935590734,0.0032321763801660473
2017-07-14,0.0046533792100082625,0.003816212806351778,0.00676007362198013
2017-07-17,-0.00012226500877197808,0.001662824496007045,0.0023622442631787283
2017-07-18,0.0005296356421541259,0.0026189877434074794,0.004274212472951162
2017-07-19,0.005399058797374324,0.0014433608933221071,0.00400828159498732
2017-07-20,0.00044544089008306294,0.0026823307722696615,0.003844584883758381
2017-07-21,-0.0008907958326719808,0.0017760734800916682,0.0029569465808892245
2017-07-24,-0.00024302390128441893,0.002005521533550524,0.00283606242391315
2017-07-25,0.002428011117696233,0.001708145408770425,0.0025866922414711085
2017-07-26,4.030341947395404e-05,0.001706244061380919,0.0026673742992229335
2017-07-27,-0.0009299466249062568,0.006366274462593715,0.009385143013187502
2017-07-28,-0.0011741030710579676,0.0025850885400049485,0.0037665248956617174
2017-07-31,-0.0005668654569711814,0.0022623099186015795,0.0038497261895464974
2017-08-01,0.002226139423955929,0.0022040856730616534,0.00315380380154343
2017-08-02,0.00048521942901309063,0.00352066640512443,0.004970946387778938
2017-08-03,-0.0019418654026668112,0.0018003731252485766,0.002834454685827827
2017-08-04,0.0018208132392543094,0.0023275141027077713,0.0033143044068240342
2017-08-07,0.0018571691258649342,0.0010627270950417835,0.002017186468106433
2017-08-08,-0.00246385691353957,0.005900387176804298,0.00841220527891413
2017-08-09,-4.0686164717927486e-05,0.0029969416698645175,0.005055611729019175
2017-08-10,-0.014215325688675126,0.004617083258623951,0.011240587278103214
2017-08-11,0.0014755379515723652,0.003028781106307264,0.004301175949367676
2017-08-14,0.009864420086621726,0.0026322026756911733,0.0050295703258817735
2017-08-15,-0.00012192140457170757,0.0020978188075847963,0.003407554892738248
2017-08-16,0.0017428745938622748,0.0031775614327834148,0.004535556673294911
2017-08-17,-0.015713403127196896,0.006222929675398595,0.014439137021278938
2017-08-18,-0.0015644700796729326,0.005765640928589657,0.008199107733988535
2017-08-21,0.0007821434533913526,0.003938690240908016,0.0056401611840770464
2017-08-22,0.01040311246748807,0.003635682953843023,0.008433800704202106
2017-08-23,-0.0035920570599888863,0.002505482084097296,0.0036391862877542354
2017-08-24,-0.00233331693909942,0.003242882743035731,0.005860865787887073
2017-08-25,0.002333316939099317,0.003413600202585809,0.0049885559080888675
2017-08-28,4.077474309605344e-05,0.0028238067956527263,0.004538580271946611
2017-08-29,0.001144531772194431,0.004536468253976183,0.009066780336385178
2017-08-30,0.004726298563908483,0.003879637945555467,0.006910337974029019
2017-08-31,0.005997890997924856,0.0045290786097780976,0.006949780526594286
2017-09-01,0.0014133644738734451,0.0018711062697951053,0.002663023207963443
2017-09-05,-0.007208243073965393,0.006732445762599778,0.010444636876039685
2017-09-06,0.0034083712771063534,0.0030051235037399987,0.004252746365793856
2017-09-07,-0.00012174360754425362,0.002301685070445481,0.003524164107361705
2017-09-08,-0.0011753887027132427,0.0023194284528398417,0.003284928025707158
2017-09-11,0.01060933579689665,0.00216657248027558,0.005136225451679127
2017-09-12,0.003364940569595988,0.0015832146975652216,0.0026794567517226513
2017-09-13,0.0004799231709652677,0.00135116226282429,0.0024783562398152234
2017-09-14,-0.0003200635886979926,0.0019048738764181818,0.0028789684963262
2017-09-15,0.0013456122964159204,0.0016200020324663722,0.002889305168185356
2017-09-18,0.002124343997350945,0.0023629103165758326,0.003363752738204647
2017-09-19,0.0010007999612810967,0.0013281499547364776,0.0018802305012918074
2017-09-20,0.0003602748776941898,0.0035984416578067656,0.005078798227866787
2017-09-21,-0.002683234795341497,0.0018764261896628766,0.0031677023459891454
2017-09-22,0.00020053304875305923,0.0014307905563387025,0.0024454802933817302
2017-09-25,-0.0020467228218011765,0.004141367520626847,0.0059052796527324335
2017-09-26,0.0006024494061059892,0.0023782263697811417,0.0035731467123245996
2017-09-27,0.0038866638063073185,0.0045684570332295855,0.006478745675684815
2017-09-28,0.001198934794765889,0.001694733424089428,0.0032354605106693305
2017-09-29,0.003509212915955209,0.0025294906156041927,0.00473670525671153
2017-10-02,0.004329164881873123,0.002042657577676792,0.004082173463011974
2017-10-03,0.0021376771872092365,0.0012841625183034526,0.0026101544748725948
2017-10-04,0.0011858262100209638,0.0021714738303522767,0.003476081806299139
2017-10-05,0.005907649357497042,0.003078731736940568,0.005811653601885529
2017-10-06,-0.001139346338674664,0.002301730152775048,0.0033415530960519396
2017-10-09,-0.0016526037384925448,0.0024021435731324797,0.004134684246410228
2017-10-10,0.002634842890775126,0.00297235377349673,0.004202369588948763
2017-10-11,0.0015698937442882965,0.0014931290805363215,0.0027448707415686524
2017-10-12,-0.0014916114888287458,0.0019148742260288489,0.0027097174169812424
2017-10-13,0.0012168746367017874,0.0016848268776312638,0.002471091940983266
2017-10-16,0.0013327618416253762,0.0019021308771981164,0.0027027584345769326
2017-10-17,0.0007047969889231789,0.0013771833876094898,0.0021137845631251655
2017-10-18,0.0009781486650543441,0.0011649079358722588,0.001759725270194198
2017-10-19,0.0002734999035822813,0.0033718369601190594,0.005785979773976092
2017-10-20,0.005147208258952192,0.0036449112867120684,0.0053284992961407755
2017-10-23,-0.0038967832962797182,0.002417139566571952,0.005817894018883178
2017-10-24,0.001755666778679385,0.0018721383407363558,0.0026504236133926256
2017-10-25,-0.004962537298911671,0.0060252098491583115,0.009048523715556112
2017-10-26,0.0012917599877986115,0.0020799299377802583,0.003207855727615378
2017-10-27,0.008143211003877875,0.005454536827479688,0.008769585350046183
2017-10-30,-0.0037323397324672525,0.003203094578284213,0.004634868320959079
2017-10-31,0.0015565404411706676,0.0017310285536603018,0.00244995099267276
2017-11-01,0.0013215709619681375,0.0034873041043218425,0.005281701825863536
2017-11-02,0.0003884130587635499,0.004270632165719811,0.0060561263277764685
2017-11-03,0.0033329495858242636,0.002853758555267097,0.00464311143491061
2017-11-06,0.0015463773163525104,0.0016735183412083991,0.0030133233954220537
2017-11-07,-0.0006955232337158264,0.003367544771144722,0.00487110874943772
2017-11-08,0.0016996742267412117,0.0024884135958458996,0.004129548781251914
2017-11-09,-0.0036344508404177363,0.005475598804428492,0.007863149054075666
2017-11-10,-0.0003101014663033129,0.002369345595496965,0.0035647000689244222
2017-11-13,0.0009294750529231519,0.002655058640785424,0.005109771969308274
2017-11-14,-0.0023251061501277613,0.003574309029043428,0.005160505308457534
2017-11-15,-0.00501781666624441,0.004362780029474072,0.006200266427832093
2017-11-16,0.008465016546399098,0.0033853590609657412,0.006070711290158889
2017-11-17,-0.0029431553493003138,0.0020716874596861485,0.003180048750490625
2017-11-20,0.0017050090145803878,0.0017660696787228257,0.002555182707319295
2017-11-21,0.006521298556440948,0.004923618328586283,0.007461835125488355
2017-11-22,-0.0008848663071746758,0.0014701383078127364,0.0022327785281072675
2017-11-24,0.0023071581715135604,0.0008639797908038163,0.0012290956453490495
2017-11-27,-0.0004996061779107573,0.001990943517525443,0.00288206574313757
2017-11-28,0.010094213071984914,0.0034422897069883397,0.008559364103145117
2017-11-29,-0.000608938963313957,0.0037754667847143316,0.005443236733635137
2017-11-30,0.0087166001688902,0.005633614050741058,0.008980696115362726
2017-12-01,-0.0020778833345857428,0.012211544348400997,0.017204824699321792
2017-12-04,-0.0012101933334387168,0.0051617985918112515,0.010297573521086343
2017-12-05,-0.003603216165274591,0.005649455233307362,0.00801696619168595
2017-12-06,0.00019015210599637427,0.0027364918422181955,0.0038748654045376823
2017-12-07,0.00314781434926609,0.003995619818284805,0.005642406153856027
2017-12-08,0.005438344549877523,0.0038937937255500003,0.0056118043748718364
2017-12-11,0.003008382155068282,0.0023930822985812547,0.00337949722028885
2017-12-12,0.0017635922489152942,0.002367586609816745,0.0036359593115734296
2017-12-13,-0.00011283494940606697,0.00229835614848999,0.00341144765551775
2017-12-14,-0.004094497175050023,0.0027121340029169637,0.006098001561604855
2017-12-15,0.008293151795916172,0.0036155680427323454,0.006191114164662756
2017-12-18,0.006321073442283948,0.0016175395200958961,0.0023116893697562838
2017-12-19,-0.0038479179616842654,0.002283428836041952,0.005389835569236707
2017-12-20,-0.0005240958961648789,0.0032404735227070263,0.006141572626133407
2017-12-21,0.002057713302120769,0.002853572572351717,0.00407364866644973
2017-12-22,-0.0002618069593369048,0.0019466541700656247,0.002766329202415645
2017-12-26,-0.0011968040412775394,0.0014187317056589975,0.0020584145662013776
2017-12-27,0.0004864617722354762,0.001899055053337451,0.0026934056597936475
2017-12-28,0.00205548302743308,0.0012406688999630087,0.0017545870357652254
2017-12-29,-0.003777958320863418,0.003230840122077053,0.007157210707386685
2018-01-02,0.0071320422857435554,0.003031217636521113,0.005246135058768244
2018-01-03,0.006305103616636268,0.0026980481146928405,0.006211495492206101
2018-01-04,0.004206019069473912,0.0041158105932168265,0.005964416643558258
2018-01-05,0.006641852498789518,0.0036232044933408687,0.005888322992084233
2018-01-08,0.001827071607478721,0.0025420826329560302,0.004088767020606869
2018-01-09,0.0022607323302842957,0.0029953931560165567,0.004261722850288736
2018-01-10,-0.0015309768509688328,0.003744885193930838,0.0054720561313257345
2018-01-11,0.0072697985270142465,0.00254819093102025,0.005649708772201339
2018-01-12,0.006497823753617211,0.00393973976802369,0.00730425547357972
2018-01-16,-0.0034243175052123325,0.00839853157900172,0.014117065548169933
2018-01-17,0.009486850414265809,0.0069817815360217325,0.01101529535289328
2018-01-18,-0.0016825050917002042,0.0034112652859708595,0.004943773054359708
2018-01-19,0.0045389607086432845,0.0029104325276611068,0.004529043176370293
2018-01-22,0.00809824396528894,0.0033254340806491405,0.009126665490685422
2018-01-23,0.002120794393042324,0.002880304464559836,0.004412439416485124
2018-01-24,-0.0003891202136908977,0.006897890875248038,0.010099639604183135
2018-01-25,0.00042402992286072727,0.0042697380611122675,0.006600759610883035
2018-01-26,0.011510922503589321,0.0042485297520192655,0.009316817477975201
2018-01-29,-0.00665179278666194,0.0039293395519105,0.006779516388351548
2018-01-30,-0.010309838479893807,0.008599027809002362,0.012492862335573854
2018-01-31,0.000496457033854845,0.0063106065418090445,0.009294058793593235
2018-02-01,-0.0011354916665824305,0.005863310560255666,0.008452322595028249
2018-02-02,-0.02201057287624498,0.006570645428293025,0.017498664405924794
2018-02-05,-0.04272217903189977,0.024438769485158347,0.04751263173157573
2018-02-06,0.01951032702727894,0.020017156608075255,0.04087244008630601
2018-02-07,-0.0054390652649457605,0.012371371772577648,0.017857804533593723
2018-02-08,-0.03823078095451161,0.01440139138212434,0.04106671152165008
2018-02-09,0.01490971442947021,0.029224974803985622,0.04087949209413841
2018-02-12,0.014578015489872642,0.013865442188903376,0.020162833260549202
2018-02-13,0.002484112484735018,0.007440335929721311,0.012443599844337462
2018-02-14,0.013406350183203833,0.008746792345715492,0.021143263045588504
2018-02-15,0.012679128968175501,0.010635842725737333,0.015639378640959076
2018-02-16,0.0002930449581466433,0.0076685942120628,0.011167729025435414
2018-02-20,-0.006281043598489539,0.008111449414321485,0.011680226599207122
2018-02-21,-0.004986405411201411,0.011663730575973426,0.017700422126889378
2018-02-22,0.0012949588373820321,0.00873977694680716,0.012610847712654472
2018-02-23,0.015813719121865223,0.006017934734809869,0.012595069574103697
2018-02-26,0.011545059296043401,0.005464506913700945,0.009895646133135063
2018-02-27,-0.012564860361813913,0.008204805760783673,0.016616361906037
2018-02-28,-0.010181527155820469,0.008743193040269931,0.01803789437356501
2018-03-01,-0.014647805792887485,0.01674961984156473,0.026783762049996825
2018-03-02,0.005141888283277565,0.010486256770120574,0.018210175936545926
2018-03-05,0.011492080987426075,0.009242838860553717,0.019398321942451273
2018-03-06,0.0025311044295831227,0.005659163929517801,0.008098878382845747
2018-03-07,-0.00036618252582028277,0.005566572156443955,0.010924483034260373
2018-03-08,0.0048269928833019,0.004539782183086414,0.0066398276764476965
2018-03-09,0.01725274069321874,0.005536537671359336,0.012658223692418032
2018-03-12,-0.001255540708441472,0.004383527309285299,0.006570505392896375
2018-03-13,-0.006483906650195128,0.008681373999001873,0.01582829164314407
2018-03-14,-0.005144769258726239,0.006454277142352538,0.012168455265086224
2018-03-15,-0.0010901693874185055,0.005230619149188158,0.007927246093750047
2018-03-16,0.0010837927816069418,0.0031442687545446017,0.004558716062551406
2018-03-19,-0.013622813655980004,0.01356020760707797,0.02136862356454894
2018-03-20,0.0016994423160259222,0.003888855057324733,0.005499245930332807
2018-03-21,-0.0019211659170880442,0.00794195461850774,0.011389219597244208
2018-03-22,-0.025314651554166116,0.010773274697662228,0.020897369761522556
2018-03-23,-0.02154522293377688,0.010853879805653228,0.02600279903147921
2018-03-26,0.026991391446130848,0.014621518489807906,0.022707515168426246
2018-03-27,-0.01715783458970689,0.01680900681998221,0.030429748618775142
2018-03-28,-0.0029595683495554953,0.010794932424358259,0.015625710218180284
2018-03-29,0.012696906740720142,0.013781523392142366,0.02059666940317866
2018-04-02,-0.021821080958809906,0.01965995479928853,0.032858222992026426
2018-04-03,0.01273547155513869,0.011322310638557553,0.017141547758660013
2018-04-04,0.010642210325746533,0.01338256976909932,0.029442932614695036
2018-04-05,0.007861244420911235,0.006175793270794151,0.008733651544512853
2018-04-06,-0.022538054007587946,0.017094451539620997,0.02737557877000243
2018-04-09,0.004916353600321102,0.013175842674638135,0.018773922975035846
2018-04-10,0.015775312695466517,0.007915046327136157,0.01154062843308378
2018-04-11,-0.005255972514735628,0.00597579027274813,0.008530481940758644
2018-04-12,0.00819328672755118,0.004912411828211975,0.007295162241332793
2018-04-13,-0.002937314212815516,0.007770461018862273,0.013313214635316957
2018-04-16,0.008188005806400124,0.0055856497255344474,0.007967699060339806
2018-04-17,0.010641616882417895,0.005190679541491493,0.007846312217445008
2018-04-18,0.0007398211130984603,0.00367284008273128,0.00528862975077145
2018-04-19,-0.005562850656698035,0.005404597479364848,0.008033037838662308
2018-04-20,-0.008515415955881471,0.0075621576188664745,0.012940296300162616
2018-04-23,-0.00015013468642060082,0.0065420310342608375,0.00952848585787285
2018-04-24,-0.013558793480782398,0.014027064850601673,0.025477267956230957
2018-04-25,0.0024686152173517026,0.0086708807390867,0.012441674765946707
2018-04-26,0.010114338042629364,0.007026090594264081,0.01111483414897653
2018-04-27,0.0009383679714491236,0.004774765987704149,0.006902747429258074
2018-04-30,-0.0077203177673461874,0.006570799527303415,0.013080873482716452
2018-05-01,0.0017753306351984475,0.007584441417598086,0.01128394832811515
2018-05-02,-0.006740200307466647,0.006897590455675429,0.011094159478455564
2018-05-03,-0.0022061082379594187,0.01163665062658912,0.016411536207174646
2018-05-04,0.012863493586334809,0.010762655418908824,0.021201469368332535
2018-05-07,0.0033772812201843237,0.005056647272557773,0.007155715442920359
2018-05-08,0.0,0.005706544381283899,0.008167213270320963
2018-05-09,0.009619335209039468,0.0059893518096114035,0.01031539435731676
2018-05-10,0.00930770222824458,0.004142689563052783,0.007977404291510701
2018-05-11,0.0030464889662980233,0.003759956723986797,0.005754104046540197
2018-05-14,0.00047599511405248664,0.004375457125729248,0.006300832117664722
2018-05-15,-0.006910602234069427,0.003969724755357423,0.005828058047561717
2018-05-16,0.004196157932221428,0.003475160567726197,0.006060918576444201
2018-05-17,-0.000844824877919351,0.005453366519425957,0.007720326561971252
2018-05-18,-0.0025033543251901822,0.0027871266194575708,0.004054126554208353
2018-05-21,0.007490390806640694,0.0035553215532930465,0.0051578581676637114
2018-05-22,-0.002784227184822677,0.004198741639184089,0.007373206682186812
2018-05-23,0.002747560405322969,0.0037257764957833697,0.008779721036990347
2018-05-24,-0.002050411640512402,0.006338260487088452,0.008944290874594937
2018-05-25,-0.0023859803116332546,0.0033248752150236054,0.004703284247670197
2018-05-29,-0.011567425341566047,0.008439964487579808,0.01267565162950053
2018-05-30,0.013256256888388808,0.005066114589957121,0.009867473931151389
2018-05-31,-0.006144545547403937,0.005108093292592051,0.008230532400737896
2018-06-01,0.009769776332101843,0.003167570323528783,0.00588456079394787
2018-06-04,0.004740387205089844,0.002242543070472347,0.0033830218131304267
2018-06-05,0.0007273386864568367,0.0034712662197408594,0.004907328511681845
2018-06-06,0.008325717586979635,0.00505815538469838,0.008759887271980411
2018-06-07,-0.00010821891461249513,0.004773370160559128,0.006994276509925325
2018-06-08,0.002951910148890475,0.0027228845897527268,0.005715504956816397
2018-06-11,0.0013290830178058215,0.0026746650281161918,0.0038052755883256203
2018-06-12,0.0012915692197972646,0.0028813043425298906,0.004087136368773734
2018-06-13,-0.0031958172274559314,0.003388258650744194,0.00604259684471308
2018-06-14,0.0025145913074246426,0.003161224290809143,0.004556341131612699
2018-06-15,-0.0012766540202833255,0.005395688885896292,0.007794189095557384
2018-06-18,-0.002058867201547122,0.003784468969238911,0.006327740871596062
2018-06-19,-0.0038402551228073965,0.004599597478237413,0.008058080655909685
2018-06-20,0.0017045140298728495,0.0028135343181619732,0.0040946656441430375
2018-06-21,-0.006288606896256814,0.004463041353813775,0.008386881536063314
2018-06-22,0.0018214936137490403,0.0026163442630147866,0.004731813193404605
2018-06-25,-0.013706359772551763,0.010377618798829145,0.0166789262497117
2018-06-26,0.0022118617778167835,0.004605975890837615,0.006516896074727224
2018-06-27,-0.00831891752081285,0.01022623326704049,0.017412297513012865
2018-06-28,0.005701174524371542,0.007698870280225999,0.012034440508469354
2018-06-29,0.0014385736471241625,0.006225720079078074,0.009252468950602721
2018-07-02,0.0021358571668634624,0.004940098138380404,0.010299486726323394
2018-07-03,-0.0035375314966970754,0.004910020995771417,0.009449972743712863
2018-07-05,0.008124874079389638,0.005357127158650812,0.008128597780287707
2018-07-06,0.008422826960484082,0.006198707437124513,0.011364478724178789
2018-07-09,0.008963952319091799,0.0021694812098808506,0.005253657744310537
2018-07-10,0.0035918875529075247,0.0020927449125854604,0.0033346117379427437
2018-07-11,-0.007341254586178122,0.0038212879924824856,0.005490210256710938
2018-07-12,0.00902537704476861,0.003960116910047259,0.006550404854673103
2018-07-13,0.0007868486674473077,0.003076564776506435,0.004542326371852943
2018-07-16,-0.0008946260719848922,0.0023368752368473377,0.00343664161116732
2018-07-17,0.004037318753024246,0.004491471299376684,0.008913609259882042
2018-07-18,0.0021013259191957705,0.0025961375416964903,0.003984896914951469
2018-07-19,-0.0037785917885128925,0.003157302973693844,0.004571424211774583
2018-07-20,-0.0011436509166409,0.002466901164546307,0.0035040439502021284
2018-07-23,0.0018578767586483005,0.003035916083766172,0.0048893471002965615
2018-07-24,0.005019314313496123,0.004830075865975289,0.006853424154586839
2018-07-25,0.008486196345965173,0.004995910683978668,0.01087988532671991
2018-07-26,-0.0023617877482858774,0.002524551278585137,0.0035998765682749363
2018-07-27,-0.006799169853491665,0.0069985879787585826,0.012223730641991469
2018-07-30,-0.005237230409506684,0.004750356131578462,0.008322975489354931
2018-07-31,0.00491738318864521,0.0039603788674461675,0.005829396826271453
2018-08-01,-0.0016721955679521003,0.004786654270026237,0.007120985915798999
2018-08-02,0.005433261928108459,0.005483502727418071,0.012110849296190482
2018-08-03,0.00427519943986468,0.002350380793205691,0.004689763967629405
2018-08-06,0.003660120151890036,0.003881290403140769,0.006288567788174765
2018-08-07,0.003297056082326342,0.0018608919971053353,0.0026963357639039212
2018-08-08,-0.0004199298892885601,0.0023982299565684312,0.0033980286195579752
2018-08-09,-0.0013671248261694358,0.002400256301958554,0.003683262938898196
2018-08-10,-0.006722769447597432,0.004196576842815862,0.006003715867513025
2018-08-13,-0.0037506381104462404,0.005157908301823844,0.00847222473139713
2018-08-14,0.006360054534529072,0.003629231011423624,0.005952809009296657
2018-08-15,-0.007494820232826193,0.005833691140199571,0.008446322993551525
2018-08-16,0.00805861286674982,0.003922018990911531,0.005914325170029703
2018-08-17,0.003514616186954449,0.004734096538911342,0.007682601768619289
2018-08-20,0.002137328366666825,0.002243186778623022,0.003185506421168627
2018-08-21,0.0023426671968222955,0.003943989718655318,0.0055877841865569055
2018-08-22,-0.0005938096051765439,0.002846847065835131,0.00412350399409463
2018-08-23,-0.0013290553702276042,0.0037103671073016337,0.005283633858696045
2018-08-24,0.006000576486039175,0.002174747251958928,0.0044868300271474265
2018-08-27,0.0078642649912469,0.0022330155421487192,0.004210094643668997
2018-08-28,0.00048328315732057257,0.0023509375755750004,0.003518279125301702
2018-08-29,0.005366034326001825,0.0035035905387831618,0.006346835172941996
2018-08-30,-0.004056374792216839,0.0039823787628271825,0.005959285365122867
2018-08-31,3.443219938142786e-05,0.003566093363402643,0.005235744640055317
2018-09-04,-0.0017237775593043623,0.0037372032891327726,0.0052793167667983774
2018-09-05,-0.002695235963991269,0.004206757303197127,0.006054734828187452
2018-09-06,-0.003014189336884079,0.005724337739467526,0.008640998760170514
2018-09-07,-0.0019452839956765396,0.004703477912546792,0.0069194044148832845
2018-09-10,0.0017368920688055614,0.00248671221355563,0.004026392355203852
2018-09-11,0.0032918663130289917,0.00515911868989746,0.00889111543046086
2018-09-12,0.00024198300269465947,0.0038389628073298944,0.0054301910388601425
2018-09-13,0.0058970621509329855,0.0022842217282881072,0.0035760017637088124
2018-09-14,0.0001721909897408777,0.0030658390659892374,0.004366023763591137
2018-09-17,-0.0053083928426676304,0.003140361332115775,0.006324692733211233
2018-09-18,0.005411716903390401,0.004036510294869483,0.006978098909430095
2018-09-19,0.0010648479364452081,0.002018521139597104,0.0029531483604686632
2018-09-20,0.008070887490020757,0.006213341967834351,0.009196853772478406
2018-09-21,-0.000913963411471401,0.0024810772480064742,0.004828945201092529
2018-09-24,-0.003327432848315188,0.002660142273801478,0.0038829115712714834
2018-09-25,-0.000928353258941176,0.002303510832135802,0.004024016887897789
2018-09-26,-0.0029965396122735364,0.006518137705325452,0.009762613925060623
2018-09-27,0.002790462800602933,0.004357112820703907,0.006226555930345758
2018-09-28,0.00010316174224073823,0.0028337533030163755,0.004574802444555311
2018-10-01,0.0034684844020901173,0.0046530127214313806,0.006684199828671471
2018-10-02,-0.0005832087694386877,0.0029568151294507945,0.004184286984979149
2018-10-03,0.0005488633519257155,0.004025298014780298,0.006478760876699401
2018-10-04,-0.007846893253211007,0.00791275995440359,0.012368665499131716
2018-10-05,-0.005612164173326402,0.009083531260402981,0.014071251788992468
2018-10-08,0.0,0.006494793457926444,0.009450354914483703
2018-10-09,-0.001461059203434379,0.0051347014217958,0.007272082053847927
2018-10-10,-0.03217501270494974,0.01261948563678089,0.03244699667760829
2018-10-11,-0.02227247621384612,0.018975904793641068,0.031377477766078035
2018-10-12,0.013792745308621138,0.012007975770717244,0.01710455159234394
2018-10-15,-0.005632758676493858,0.006530012329148435,0.009985498589284795
2018-10-16,0.021629714075824237,0.008578626814392235,0.016940085960749217
2018-10-17,0.0001787082603425337,0.009087140614322215,0.01280084215236351
2018-10-18,-0.014546389978332208,0.01112876151199658,0.01845154202653724
2018-10-19,-0.0005427756307419373,0.00956131222797872,0.013864204786481885
2018-10-22,-0.004498938938112771,0.006089975472581159,0.010726815696516838
2018-10-23,-0.005103567477380911,0.015116276204388412,0.022879317644717803
2018-10-24,-0.03076711065167186,0.014986067282209069,0.034147434450815896
2018-10-25,0.01778142535611961,0.013271515669617222,0.020660496333268857
2018-10-26,-0.017743791863910664,0.023058490176283707,0.032827015022313936
2018-10-29,-0.005555765268961069,0.02524068795981425,0.039414820260175454
2018-10-30,0.014709781936013813,0.009230874068615601,0.01867274229803513
2018-10-31,0.01062434465670829,0.008094605465727866,0.011491762971690087
2018-11-01,0.01058541986896691,0.00753956138784128,0.012248202931901061
2018-11-02,-0.005940445959982769,0.013116739641722476,0.020743735865880245
2018-11-05,0.005501572259062179,0.006549832247989031,0.009729703060040314
2018-11-06,0.006307946065402401,0.0033597558632049215,0.0074512497432094515
2018-11-07,0.02118305808290392,0.006692735137921655,0.014305609734695485
2018-11-08,-0.001816330783149539,0.004972174839709202,0.007130124777183702
2018-11-09,-0.009816547558860543,0.007257270733810619,0.011016695892168929
2018-11-12,-0.0188618740268814,0.009439583515627497,0.020068243290600196
2018-11-13,-0.0018730666446750577,0.010292128241750976,0.014996642684990508
2018-11-14,-0.006859986096715625,0.01325066227123051,0.02279782704010901
2018-11-15,0.010382639393441206,0.01404495918280439,0.023917658201099246
2018-11-16,0.002597377405757704,0.00803400453461526,0.01293248238352156
2018-11-19,-0.017059480815220445,0.010504374029104103,0.019732431951529357
2018-11-20,-0.018679753740909518,0.009849139399428233,0.014576730935525833
2018-11-21,0.0034018717923636373,0.005336088828548673,0.008074802730253591
2018-11-23,-0.00670103752128247,0.004685339356254794,0.006647673314339982
2018-11-26,0.016015292530517575,0.004980162152836613,0.00900935948452113
2018-11-27,0.0033588313059424815,0.005450999834280205,0.010208607662754894
2018-11-28,0.022764165007663525,0.011647573774808007,0.02276203767806319
2018-11-29,-0.002187228686286008,0.008028739841790686,0.011387674253882646
2018-11-30,0.006076462347019125,0.0059729444480451505,0.010266593995748098
2018-12-03,0.013154848888743739,0.00699477052664376,0.01034724044815067
2018-12-04,-0.03293897853009196,0.013913108454021557,0.033117528980689155
2018-12-06,-0.0015183553196255273,0.017815536177312997,0.027905421292208722
2018-12-07,-0.02351018669794075,0.018144481347466896,0.03259094775273135
2018-12-10,0.0018950760988291713,0.01758180320321106,0.024766192159385324
2018-12-11,0.00022730309074473246,0.011768767061521617,0.020406557495240875
2018-12-12,0.005022864405892531,0.008385314010000608,0.013674395387851732
2018-12-13,-0.0003391683749441923,0.008552808459815167,0.01269923193727802
2018-12-14,-0.01863749675219183,0.009610625325847888,0.016047885192888058
2018-12-17,-0.01981340856953167,0.016981253140595325,0.027882186325852012
2018-12-18,-0.001096937940614491,0.01185062060195529,0.018308034319473757
2018-12-19,-0.015088989742543926,0.026240331649481096,0.03999836031475887
2018-12-20,-0.016411899033633676,0.018689625503893508,0.02819922026272374
2018-12-21,-0.020702315973284938,0.023506248637837845,0.04042381017736524
2018-12-24,-0.02677830282449072,0.015171254099950512,0.028036153316126782
2018-12-26,0.04928993778786854,0.025433561020680544,0.0504508836560997
2018-12-27,0.007647963356623917,0.023222966987492915,0.03761029667754893
2018-12-28,-0.001290605517630815,0.013296911266289478,0.01997980604739525
2018-12-31,0.008720556977886847,0.007677477222638154,0.010883487678582677
2019-01-02,0.001039719389916974,0.01063801403554194,0.021024901749204468
2019-01-03,-0.024152130913757612,0.009758104414068535,0.020064735353021838
2019-01-04,0.03294691072704708,0.011813372863850653,0.023535015078929012
2019-01-07,0.007853696914766877,0.011121416579596274,0.016746577659664776
2019-01-08,0.009351733747163547,0.00915432825533375,0.012890905091005482
2019-01-09,0.004662449373277415,0.007402141409827152,0.010543866371408304
2019-01-10,0.0035214842384458144,0.007821766392644995,0.014137838353974723
2019-01-11,0.00038615743990697715,0.004434124360718363,0.007645420118669519
2019-01-14,-0.0061198118547328715,0.005026205643172261,0.007342595865093382
2019-01-15,0.011395771486504782,0.005029572602085171,0.011100497717247675
2019-01-16,0.002416757695098117,0.0036903149031974063,0.005249425471360277
2019-01-17,0.007558231295238739,0.0080693980931311,0.01505940866039595
2019-01-18,0.013222073895548305,0.010040570545088248,0.014936617555957165
2019-01-22,-0.013602450527492625,0.009710388311209078,0.015217226747731127
2019-01-23,0.0020901861172176535,0.011025543355175135,0.01567899785655174
2019-01-24,0.0005314270189618084,0.005640158789702872,0.008044112058282512
2019-01-25,0.00842562816752084,0.008096559035606967,0.011438063657477432
2019-01-28,-0.007629178462658953,0.005418929954006109,0.007734220320800196
2019-01-29,-0.0013278767238237613,0.0054228654486690175,0.00785838342455629
2019-01-30,0.015706876915749287,0.009745953686452608,0.015957804125678394
2019-01-31,0.008744213943249778,0.0062847301513075824,0.011854970895638398
2019-02-01,0.000481519838008575,0.0052825042886466235,0.007479891688926356
2019-02-04,0.007010736360852892,0.005536052582140968,0.009817669920670593
2019-02-05,0.004183157625924574,0.003755755357844772,0.005712184268507256
2019-02-06,-0.0013193940277103468,0.0036811829243759225,0.005206361226808022
2019-02-07,-0.009578513827522485,0.008340142648794265,0.012067739214012602
2019-02-08,0.00122097143942152,0.006037777014097404,0.010167486181789186
2019-02-11,0.0005544315544850353,0.0035731285923029784,0.005394987367603418
2019-02-12,0.01277740577226145,0.004145090859483578,0.00795327481663017
2019-02-13,0.0032414079315179057,0.0035183749408502617,0.004981981766026706
2019-02-14,-0.002220504514445257,0.007011147776512378,0.010095559012884628
2019-02-15,0.01083827050060895,0.0023565786165340844,0.004614770169196134
2019-02-19,0.0017289193506747915,0.004411806206766246,0.007593972665872074
2019-02-20,0.002013618387997231,0.004029209689977323,0.005998395911668371
2019-02-21,-0.003562311407486201,0.004419416067716245,0.006308124559498797
2019-02-22,0.00618104422416335,0.004416632834696623,0.007021535259094353
2019-02-25,0.001360012051109257,0.003908177575379008,0.006725833416945845
2019-02-26,-0.0007157420170760766,0.0035152338068174453,0.00501215043596705
2019-02-27,-0.00042956905259198516,0.005137670922936736,0.007557253794093336
2019-02-28,-0.0018642540581025695,0.0027962951666234514,0.0040548475402292505
2019-03-01,0.006224475113697089,0.005204902718898675,0.0073461146136226015
2019-03-04,-0.0036442326703835237,0.011762189979940734,0.01800285930271162
2019-03-05,-0.0013608409843089834,0.003218738190830315,0.004838384906715335
2019-03-06,-0.0060750281732791026,0.003806130424553469,0.007896738713595978
2019-03-07,-0.008400915082542575,0.0062729379515238945,0.010617733196856237
2019-03-08,-0.002001684476750529,0.004617114393674784,0.008124974634472324
2019-03-11,0.014396684276962104,0.004895109075190675,0.012174917760147412
2019-03-12,0.0037641904189784072,0.0029348536816024345,0.004365098083405589
2019-03-13,0.0065971282956307255,0.004869275211855337,0.007393250575526496
2019-03-14,-0.0006401279916572617,0.0029046413400777393,0.004161270788580256
2019-03-15,0.004928801214372628,0.004408621160011513,0.006683036149189475
2019-03-18,0.003619087007124154,0.002945259671939353,0.004817114489510772
2019-03-19,0.0002480877782762792,0.00695915205395641,0.010446111024118751
2019-03-20,-0.003014658683016706,0.00786212446575417,0.0112945935487648
2019-03-21,0.011231931968309187,0.007125613929257494,0.016120521760212368
2019-03-22,-0.01943421530139364,0.007596969886973248,0.01654429764435983
2019-03-25,-0.0007523617818702247,0.006453680129688433,0.009138430744271668
2019-03-26,0.007426503254057153,0.006589771812348104,0.009319846196266928
2019-03-27,-0.005243132841687147,0.009120566423683215,0.013695752452837448
2019-03-28,0.003783073292490167,0.005342395813591082,0.00762346975883061
2019-03-29,0.006286236344139507,0.004258215555744896,0.006018060122262647
2019-04-01,0.011789169383301205,0.003601350565360763,0.0061575406651045664
2019-04-02,0.0004896842679806226,0.002817828279505582,0.003986483349901066
2019-04-03,0.00157256630470575,0.004556821441525153,0.007017700130553569
2019-04-04,0.0026499957272485483,0.0034692322465985363,0.005049034495554557
2019-04-05,0.004828568172454063,0.0021037694934492135,0.0035693202798432336
2019-04-08,0.0007619252368889332,0.0034745089609474447,0.005332624049846061
2019-04-09,-0.005138101607631503,0.003277634506177167,0.004803085089139273
2019-04-10,0.0034053987704760875,0.002404091183956621,0.0037462869257761104
2019-04-11,-0.0002780769348389949,0.0027879672541004023,0.004371846233586956
2019-04-12,0.006743434475540579,0.005389579470417198,0.007616457910069793
2019-04-15,-0.0006551293494146006,0.0030452916832446344,0.004379830761470319
2019-04-16,0.0006551293494146306,0.00326749546571217,0.005204058955635515
2019-04-17,-0.0024496519487664944,0.004234452886113597,0.008429788697542186
2019-04-18,0.0019668064197447765,0.0040511007253264675,0.005723756034040505
2019-04-22,0.0008616762130325388,0.0023683757307951794,0.0047197270439244396
2019-04-23,0.008951971996783043,0.004635718113544991,0.009287084045875449
2019-04-24,-0.0022219487644984624,0.0023499092076288506,0.0037299260750520754
2019-04-25,-0.0006164118030509919,0.004966202811675292,0.00701930449804369
2019-04-26,0.004646034437473833,0.004677453127893186,0.007668450195689603
2019-04-29,0.0015663541788099545,0.0023831432692808297,0.0035390089570292364
2019-04-30,0.0005104837620342941,0.005728953905252461,0.008230674786005
2019-05-01,-0.007544841918185658,0.004428207269734149,0.010794778932925417
2019-05-02,-0.0021611671252511674,0.007650402178983261,0.010921159672190088
2019-05-03,0.009739739397674677,0.006879196688740576,0.010339110150470596
2019-05-06,-0.00412352386673091,0.007525053017022601,0.015060458820446905
2019-05-07,-0.016840710841630555,0.01129598845144593,0.017365332293222322
2019-05-08,-0.0013901827400871459,0.006282157135228276,0.008903410320530682
2019-05-09,-0.00302986601304139,0.009491911336088406,0.014058462038000551
2019-05-10,0.005010265175672275,0.015536400043679678,0.023047603289712174
2019-05-13,-0.025450993895020833,0.008246098730913304,0.012675346237512514
2019-05-14,0.009002763963952762,0.007490852652687759,0.011467890155237866
2019-05-15,0.005840369959563079,0.007936744728318306,0.015470440257766872
2019-05-16,0.009218616122562667,0.007467074982754547,0.011991593823675263
2019-05-17,-0.006486005001474774,0.008441852762437113,0.01217468174822666
2019-05-20,-0.006634080835298688,0.00705359246571413,0.010001747546395462
2019-05-21,0.008975470844207429,0.003072532809911187,0.004816602686731141
2019-05-22,-0.0030764593624672564,0.003912998350693528,0.005566629243111024
2019-05-23,-0.012293800008191864,0.006230934169577337,0.009357000048890429
2019-05-24,0.0022662489773306854,0.004830111588958743,0.007461687100392987
2019-05-28,-0.00934459930724607,0.007707652840066893,0.014349416745506854
2019-05-29,-0.0067330299367501754,0.006586604260905004,0.009523103464650642
2019-05-30,0.0027271988189403558,0.005650555638546659,0.007992011597620283
2019-05-31,-0.013567106737606709,0.00433293687389762,0.00682967616465861
2019-06-03,-0.0025460248559815045,0.008744037646563141,0.012601490923196446
2019-06-04,0.021474734952978212,0.0069548538026942925,0.014472596785586152
2019-06-05,0.008624718918482408,0.0065584352267044526,0.009435902568508982
2019-06-06,0.006481386383273728,0.006641648840388365,0.010463415015720654
2019-06-07,0.00995743781209298,0.00668569404910374,0.010811805788738443
2019-06-10,0.00457825214246463,0.004678945217920954,0.0067481475543957805
2019-06-11,-0.00024215275325518938,0.0064546399664703515,0.011145729625238049
2019-06-12,-0.0017666672438318163,0.003487593327368999,0.004993246535119176
2019-06-13,0.0041176526347627505,0.0033016170936279025,0.0046965119559503905
2019-06-14,-0.0011053467855323311,0.0037168344585886844,0.00525474992171737
2019-06-17,0.00037977433878102514,0.0025179650309624176,0.003594044173449056
2019-06-18,0.01041688613739216,0.005859654587126579,0.008823588042745226
2019-06-19,0.002254500686819031,0.005156573002762957,0.007438724813834103
2019-06-20,0.009509167096420933,0.007620296679596147,0.010748302687849307
2019-06-21,-0.0014546352771732302,0.004214841195139042,0.005986323972948444
2019-06-24,-0.001225248364975781,0.002359974445828369,0.0037800888713734825
2019-06-25,-0.009856293267645576,0.004101450198623834,0.010627308550379452
2019-06-26,-0.0009983592568257385,0.0038939748053340045,0.006747655340796847
2019-06-27,0.0035399977542294224,0.002809256858941972,0.004013663499678378
2019-06-28,0.005132503896009008,0.003610834127231238,0.0052558977042448
2019-07-01,0.00903747863253652,0.0058136049688396856,0.008760152957410972
2019-07-02,0.002601396949870378,0.003972927820658973,0.006105986584742807
2019-07-03,0.00796294086209123,0.0026145550476035927,0.006024157911927453
2019-07-05,-0.0011383960395659112,0.005881777021298305,0.008811917704582405
2019-07-08,-0.0055099248522412,0.004836687419579604,0.00687288085231239
2019-07-09,0.0012455672027278635,0.003419787787944353,0.00686422157739287
2019-07-10,0.004767163767666534,0.004422070606294836,0.0062958540405108915
2019-07-11,0.002341209468941,0.0032646498390465125,0.004610518781499222
2019-07-12,0.0044668459062512525,0.002349465337613179,0.004057878747615063
2019-07-15,0.00033260336624924344,0.002066750124657495,0.003125527652223656
2019-07-16,-0.0032305579469800883,0.0028746743196689196,0.004803530746780593
2019-07-17,-0.0068281080748052335,0.003060457516218655,0.0073554192021108925
2019-07-18,0.0036543809225223567,0.004991898351970735,0.008533239325204537
2019-07-19,-0.005570527536105584,0.004229147972420902,0.010398075843012482
2019-07-22,0.002453526199157084,0.0034137531066606467,0.004900944897586823
2019-07-23,0.007124497463850295,0.0038598089977848644,0.006032721947664907
2019-07-24,0.004688506584482391,0.0029905176454066026,0.007795933135889767
2019-07-25,-0.004788436537836798,0.004007173898316286,0.006300048828124991
2019-07-26,0.006677466084571343,0.0027604432304457844,0.005331001679017459
2019-07-29,-0.0018228762001133627,0.0025799290855649344,0.0038479522821926863
2019-07-30,-0.0024574492794779378,0.003582723322266045,0.005586669282188458
2019-07-31,-0.011000962397231853,0.01215522347887313,0.020172814268063444
2019-08-01,-0.008746009960120649,0.015374867869296207,0.023436452814869963
2019-08-02,-0.007558145810520394,0.007334463772362211,0.011004036888913146
2019-08-05,-0.030534372518832762,0.013161617077528578,0.022866570597192735
2019-08-06,0.013925216864922846,0.008340081930225573,0.013064662700159
2019-08-07,0.0005906775616530677,0.014900678138160343,0.023544114840283563
2019-08-08,0.019430064594416367,0.007248177535162007,0.01570051572857839
2019-08-09,-0.006834619973629196,0.00846729346573212,0.012310528763461582
2019-08-12,-0.012247846459534119,0.010456369306864418,0.015933614125696282
2019-08-13,0.015431519207823284,0.012904946816480614,0.023209737919138166
2019-08-14,-0.030013524746782098,0.008319075449651691,0.017541319393496756
2019-08-15,0.0026383601978976212,0.008075963181815849,0.011417530545185597
2019-08-16,0.01464707458270624,0.010165250591963628,0.015994443550511283
2019-08-19,0.011976133932076468,0.003956677560175157,0.005610044149384373
2019-08-20,-0.007692146967063149,0.004623402962840507,0.00830767408374941
2019-08-21,0.008102059693529663,0.0027571115944197235,0.0038980478142443716
2019-08-22,-0.0003073609858731972,0.008341515312391613,0.012074151580805615
2019-08-23,-0.02602352979024224,0.018659671846338145,0.0326136856094918
2019-08-26,0.01099827315514209,0.005754514019401671,0.008402824401855469
2019-08-27,-0.003931554662004432,0.007712726016165656,0.01366477322291251
2019-08-28,0.007016896206229887,0.00728995749674523,0.013223050747764776
2019-08-29,0.012692025090629704,0.005900457312682642,0.008715627956723
2019-08-30,-0.0004447490138819622,0.005683759899637316,0.009642594251780379
2019-09-03,-0.005863863765497423,0.005612494816603767,0.007945235042250646
2019-09-04,0.011286358305551305,0.0037661755690343254,0.00595157104184571
2019-09-05,0.012773722592938751,0.011319348318874902,0.016217804222291677
2019-09-06,0.0007718942842763388,0.0031687787949856803,0.004495877848588876
2019-09-09,0.000503044153270184,0.004527698351772355,0.006975139125150584
2019-09-10,-0.00023420093209284431,0.005058550345607634,0.00747999513569492
2019-09-11,0.00708524683957862,0.0048834866050287635,0.008626132682399939
2019-09-12,0.0034576442544526657,0.004808175348489937,0.00680403509850576
2019-09-13,-0.0006639001413084366,0.003192778281650113,0.004948755422219486
2019-09-16,-0.0030937946736330044,0.003923856934547697,0.005630338555394963
2019-09-17,0.002529200189168143,0.00219703791948951,0.004220354104087683
2019-09-18,0.0005978224126762454,0.006916422090308487,0.009897080458057702
2019-09-19,-6.64569605547919e-05,0.004403703294935809,0.006377087529441388
2019-09-20,-0.00473608523488383,0.006385097096727464,0.010929360932568353
2019-09-23,-0.00023475405897569856,0.0038652053038862413,0.005801317983635438
2019-09-24,-0.007877685455901123,0.009405444105739139,0.01700070592594093
2019-09-25,0.005897287310703835,0.008326834478092843,0.012700755464391823
2019-09-26,-0.00208559617196837,0.0055914337026929835,0.008114387692024326
2019-09-27,-0.005401536314086265,0.008818543942604238,0.014421157256752807
2019-09-30,0.004626846026784252,0.003503164865452509,0.00549238273941253
2019-10-01,-0.011965523491124175,0.008991845860383306,0.018619532249725613
2019-10-02,-0.01782285577227326,0.00935283485928935,0.016906183289808918
2019-10-03,0.008159570283501092,0.012652643433618688,0.019385733153729125
2019-10-04,0.01344108932690635,0.005198815534276087,0.012060534183574783
2019-10-07,-0.004323970451345179,0.005931227470988603,0.008496044991250886
2019-10-08,-0.015646483137590286,0.006169438720551731,0.011645291246511768
2019-10-09,0.009451866866147128,0.00532508544144422,0.0076904257866052695
2019-10-10,0.006740782884654069,0.0064013706231858146,0.01094663607276915
2019-10-11,0.010313166453256752,0.006180948929317232,0.00877540028570816
2019-10-14,-0.0011139278591764013,0.0026263777983688945,0.0037168645316565723
2019-10-15,0.009851290013254632,0.005299617949389368,0.009134137251498343
2019-10-16,-0.001607307413839499,0.0029363176462789582,0.004155463336923382
2019-10-17,0.0029449657149299966,0.003976770558572237,0.005747130539022537
2019-10-18,-0.004386832992411963,0.0054157028432940246,0.007953804434937253
2019-10-21,0.006756271125552736,0.0027547618962550716,0.004233437964645655
2019-10-22,-0.0032720008481456394,0.0033794212585893327,0.006655262932283854
2019-10-23,0.0029051962760486155,0.0024243547272698746,0.004801928831397132
2019-10-24,0.0016324246448476806,0.003623422389764795,0.00536010885012838
2019-10-25,0.004086620367127631,0.004503054759253265,0.00835550225547776
2019-10-28,0.005620856129529231,0.00206284317775151,0.003099249849122493
2019-10-29,-0.00029666588372445884,0.0031622930348609735,0.004518405307790084
2019-10-30,0.0030626022201029287,0.0057894813727124034,0.00841716786774305
2019-10-31,-0.0026672151527622418,0.005357619523394822,0.007912155087616448
2019-11-01,0.009221488641087915,0.002259925953076939,0.004736434760730031
2019-11-04,0.004009860227304311,0.002186221288835292,0.003383572116482554
2019-11-05,-0.001107246145819977,0.0025433916851375724,0.003941054546679956
2019-11-06,0.00022855890750612604,0.0030858560426582048,0.004363387532590721
2019-11-07,0.003510453396780254,0.004490662916394155,0.0064572337000104365
2019-11-08,0.002462932429709796,0.003895344178896618,0.006376646614666751
2019-11-11,-0.0019116586935023264,0.002232066662629489,0.004118759546330768
2019-11-12,0.0021057050851368947,0.004179488171593002,0.005954680705147821
2019-11-13,0.000323980080671703,0.0035789608485018577,0.006082189730474709
2019-11-14,0.001454221702334994,0.0032028493010183377,0.005007327965341728
2019-11-15,0.007210420610939909,0.0032463664640303073,0.005067470184946544
2019-11-18,0.0007373844072056592,0.0026625785476046978,0.004006153592759902
2019-11-19,-0.0002881580851733084,0.0029790471482802417,0.004712599798734479
2019-11-20,-0.0037258072976110155,0.006272437877771066,0.008977728363594187
2019-11-21,-0.001610281879602225,0.003478126443094629,0.005221243351112896
2019-11-22,0.0022215573549634795,0.0031543002396554345,0.004469977389551803
2019-11-25,0.007720065280402814,0.0014990233432102598,0.004435600576052574
2019-11-26,0.0022631297105902034,0.002408808409136845,0.0038843647251061418
2019-11-27,0.004447499830153743,0.0018071331125432775,0.003518498258162873
2019-11-29,-0.0037152757724379084,0.0021455630112487854,0.003404305725335004
2019-12-02,-0.008531389323884139,0.005282866483962616,0.011198787287672547
2019-12-03,-0.006729144835547305,0.00546340591241813,0.008108576529176712
2019-12-04,0.006151502430879658,0.0037973454488574574,0.005779194254002154
2019-12-05,0.0017963025872661663,0.0037688515130125592,0.005352264234780191
2019-12-06,0.00909265108525581,0.0022523017088950533,0.0038111354706397513
2019-12-09,-0.003148860601688656,0.002898312049267946,0.004396600169952565
2019-12-10,-0.0011161391136246738,0.003880027110035342,0.005549677036167262
2019-12-11,0.002835152233968662,0.002729923424959593,0.004007409553509839
2019-12-12,0.008581996856910102,0.0066925142724133845,0.01204546005683772
2019-12-13,0.0005988080018297087,0.005838555920043858,0.008351267972065958
2019-12-16,0.006846426640115881,0.006411209187766217,0.009076663212783512
2019-12-17,0.00021921812290926239,0.001560291786413816,0.0024094533154691657
2019-12-18,6.242941490765238e-05,0.0013776921439277413,0.0022528903562483407
2019-12-19,0.004090674473546141,0.002416113824233007,0.00454977251612914
2019-12-20,0.0043748962495409344,0.005664824915643812,0.00804410714273832
2019-12-23,0.001526114227157102,0.0010832635723896284,0.0018367359929285995
2019-12-24,3.126771511750248e-05,0.0012834950266097627,0.0019300659838220116
2019-12-26,0.005309230559122265,0.001439375247202129,0.004056473489472562
2019-12-27,-0.00024791096774251536,0.002864917200025525,0.004707889124187224
2019-12-30,-0.005528456819634632,0.004285394913304529,0.007942003292606173
2019-12-31,0.0024262972530802386,0.0035190781540225197,0.006151777407699104
2020-01-02,0.009308674300594615,0.0044805350519190965,0.0072644931960839185
2020-01-03,-0.007600875204966304,0.005021135927909546,0.007878193964427429
2020-01-06,0.0038076075241046956,0.00421888897801722,0.010412883086865481
2020-01-07,-0.002815468424106394,0.0027916948762400236,0.004028191572806423
2020-01-08,0.005315058388080253,0.006131733245170972,0.009585406794739059
2020-01-09,0.006757710822374997,0.0024520728302887484,0.0037043379619340166
2020-01-10,-0.0028816876781519543,0.003864534780620713,0.00693862425880975
2020-01-13,0.006853761477166946,0.003268629138518424,0.006220393204486073
2020-01-14,-0.0015257518747358726,0.0038403286253592514,0.005435940488441496
2020-01-15,0.00225735609062558,0.0034418824552626026,0.00536268391771361
2020-01-16,0.008283796562041012,0.0021542037213713424,0.004442164755998089
2020-01-17,0.0031075267489781943,0.0027978918099807446,0.004006586905729963
2020-01-21,-0.001959881176903073,0.002802067462346066,0.004104996684794381
2020-01-22,0.00012095689346517924,0.003394863004472058,0.005372121684584379
2020-01-23,0.001146090494510295,0.005533931299722158,0.008320299516063025
2020-01-24,-0.008933068426185277,0.008669761920008899,0.0157253204382939
2020-01-27,-0.016159216373540723,0.005294035237897261,0.007604301252173512
2020-01-28,0.010424734593965082,0.008541097977931001,0.01300131484459925
2020-01-29,-0.0008263543241090271,0.0034675806097572482,0.006827539708731133
2020-01-30,0.0032401285283529964,0.007066797461228437,0.013336167037550518
2020-01-31,-0.01832457025687454,0.009779506496911654,0.020016791164937004
2020-02-03,0.007400809314651101,0.006229763878157047,0.009070722219230101
2020-02-04,0.015125960800503595,0.0045538371997396266,0.006959243183347156
2020-02-05,0.011481987499297158,0.005036781755608071,0.007270272837392215
2020-02-06,0.003359340437439094,0.0029443597285197538,0.004161969587139229
2020-02-07,-0.005343891078649046,0.004944140617253142,0.007194413133765646
2020-02-10,0.007437624954225647,0.003959990901338233,0.010637019351325517
2020-02-11,0.0017315161475361795,0.004636389419499774,0.00697964645269331
2020-02-12,0.006421964119358398,0.002316906727218361,0.0036156753368289754
2020-02-13,-0.0010672191141918258,0.0048955810170953655,0.007595079739917036
2020-02-14,0.0016005010365508707,0.003206364003825208,0.004531986823565879
2020-02-18,-0.0025803667640417103,0.005154349088005541,0.0073056213951661845
2020-02-19,0.004770127872432573,0.003187921264372993,0.004728898750532665
2020-02-20,-0.004117108589333185,0.01033149415101743,0.014720349585886616
2020-02-21,-0.01035153335575009,0.005747461754691883,0.009685770900555033
2020-02-24,-0.033727498252472184,0.026575312689674092,0.038211050217514086
2020-02-25,-0.03077080523714187,0.018403456906198844,0.041324110546549164
2020-02-26,-0.003685019223496622,0.015792630289347773,0.023788035776986325
2020-02-27,-0.045951650972282994,0.028213431677341718,0.04722526077034241
2020-02-28,-0.004210297022779242,0.025264851484489304,0.041686375806460924
2020-03-02,0.042395051068925854,0.026278662020406882,0.04755900346564917
2020-03-03,-0.029050487336641024,0.03256506912402627,0.054189946519019865
2020-03-04,0.041173703622616006,0.01786802371665805,0.031228089205052486
2020-03-05,-0.03380653654394276,0.01897549638309852,0.027970613284681714
2020-03-06,-0.016669348183743927,0.018417107199380778,0.028743320239958892
2020-03-09,-0.08131257242541713,0.027132990089302318,0.03916416804909962
2020-03-10,0.0504506495263657,0.03690394292276204,0.052076791881279075
2020-03-11,-0.049977064398828056,0.02447695609632362,0.040311992087408786
2020-03-12,-0.10056860988157684,0.04844964078686053,0.07649837144668586
2020-03-13,0.08202826267318311,0.060766830517367344,0.08525176774641546
2020-03-16,-0.11588677414921834,0.055832758959752406,0.08146755384154396
2020-03-17,0.05258490485292336,0.0512498066863117,0.07555382069993542
2020-03-18,-0.051959542042061393,0.05965013773814529,0.08479162851969407
2020-03-19,0.0021223942916348106,0.044598411231824946,0.06303273879821439
2020-03-20,-0.04405013584325358,0.031144677744071373,0.06979895545320632
2020-03-23,-0.025900628128018792,0.03304578330344291,0.05122223962889967
2020-03-24,0.08673094018761404,0.02031917065389687,0.042360696320407044
2020-03-25,0.014859199806967616,0.047089135175403314,0.0672636920260752
2020-03-26,0.0567485733435127,0.025209616947116674,0.05264159302685055
2020-03-27,-0.03023831581506396,0.02696656252626894,0.03851311884364129
2020-03-30,0.03195972302946004,0.019768678394287635,0.03401488287443056
2020-03-31,-0.015017573313148269,0.018143378301706148,0.027584812227206625
2020-04-01,-0.04604909337821772,0.03853384871341533,0.05590091451073374
2020-04-02,0.02281300023459014,0.015925676296949944,0.032124831350785386
2020-04-03,-0.014559575073497104,0.022069368981703738,0.032636310986893596
2020-04-06,0.06500692913873582,0.048944872484958664,0.07109417379926465
2020-04-07,0.0010188292096108566,0.016356980142806548,0.038245328495887326
2020-04-08,0.0330172818939421,0.02439949072078093,0.03922928164028502
2020-04-09,0.015102482087216885,0.014491338322299789,0.02059673161359871
2020-04-13,-0.009171754096693114,0.0153600324549294,0.022128731127032585
2020-04-14,0.029066048174420784,0.02287686124584459,0.03308778973229068
2020-04-15,-0.021476663969651092,0.02143565508210536,0.030529992396974494
2020-04-16,0.004812127678742979,0.010864675886173748,0.015299136224626806
2020-04-17,0.02665705270004002,0.01185177868731395,0.017094591285498697
2020-04-20,-0.017774405788942866,0.01335389366509834,0.019318876778841847
2020-04-21,-0.03083388410144138,0.013036970891950283,0.022048122410088335
2020-04-22,0.021951237190344135,0.01023190059141992,0.014654232348435157
2020-04-23,-7.155582156172332e-05,0.012662805098070221,0.018596827759493614
2020-04-24,0.013842722335574735,0.012112519330497888,0.018376549403113163
2020-04-27,0.014315442998905978,0.007975304543192912,0.012715534059234573
2020-04-28,-0.00460905182399199,0.00929679374309849,0.020998844256115368
2020-04-29,0.025841495065331108,0.010193368681111889,0.015245050820131965
2020-04-30,-0.00935424242642421,0.011191585079615818,0.016283430210110895
2020-05-01,-0.026829841306408964,0.02190939044056363,0.03232085424611321
2020-05-04,0.002754367747618718,0.010232012973373861,0.016821204254574545
2020-05-05,0.009197026279296404,0.01363968833325409,0.01935779900646985
2020-05-06,-0.006801797862772811,0.008124488630246464,0.016464354180409122
2020-05-07,0.011994389351595339,0.0064943716529052,0.009211603044883731
2020-05-08,0.016410665888702602,0.0069247335763081225,0.010566361748296985
2020-05-11,0.0002051881658352792,0.008852227441051371,0.014085453392093942
2020-05-12,-0.02013279033570946,0.010997191156044476,0.026929922416350678
2020-05-13,-0.017844029923414564,0.01809171543957478,0.029225890653222557
2020-05-14,0.011896016736780937,0.027702141617029385,0.04253077539835777
2020-05-15,0.004586437554862787,0.009027219340610576,0.017430453596662086
2020-05-18,0.030005196428966725,0.008799270656545215,0.013728772179555156
2020-05-19,-0.01032438521224327,0.008914145328681828,0.014590468987348865
2020-05-20,0.016845280530621003,0.004962238064357667,0.007745892465231933
2020-05-21,-0.006928060620699658,0.008630951876184628,0.013497052768667004
2020-05-22,0.001897523826190044,0.0054901358272197555,0.008157336996324246
2020-05-26,0.012245407449128408,0.01479478138243145,0.022502378254928672
2020-05-27,0.014769228944580153,0.01551355053075474,0.022073640938215795
2020-05-28,-0.0018466826626221784,0.010112820673144732,0.015183041505699029
2020-05-29,0.0044459003966614025,0.012267375354065387,0.018040188296019777
2020-06-01,0.00403381674574481,0.006160432361741387,0.010309258786875573
2020-06-02,0.008245832540498675,0.006265284318809808,0.009835104230589739
2020-06-03,0.013220709049052723,0.006355976987093544,0.01050675525738561
2020-06-04,-0.0026306447798600686,0.008897736124100625,0.012589971775943669
2020-06-05,0.02530693892936009,0.008118640745853044,0.012870249260019914
2020-06-08,0.01201496064508841,0.005997084376969395,0.011695540335795285
2020-06-09,-0.00748444010114561,0.008574127169484465,0.012219873821866468
2020-06-10,-0.005595672836062967,0.007917313179493181,0.01307214240669073
2020-06-11,-0.05937738668490026,0.01735281474623382,0.04038450059023039
2020-06-12,0.011904345619700739,0.022979427076203925,0.03444982335597466
2020-06-15,0.009292369268935166,0.019585620279653777,0.03758348478653206
2020-06-16,0.019064806603844433,0.017383392314011207,0.02546651788826843
2020-06-17,-0.004162687468784826,0.006389808755809173,0.011326539355053433
2020-06-18,0.00038514070631157874,0.005267219780223961,0.008948547175146773
2020-06-19,-0.005731219529542795,0.014067195473657652,0.025434181347021082
2020-06-22,0.006394590708750198,0.00830429707973534,0.013843242098263748
2020-06-23,0.004593299936865571,0.0058671931238380515,0.009261383629198738
2020-06-24,-0.025839822285588517,0.015537728493660995,0.027656298343877773
2020-06-25,0.010663298504442247,0.01248409302968801,0.02069307220706078
2020-06-26,-0.024038089512885413,0.010381937534732686,0.023229466769758178
2020-06-29,0.014590871517632071,0.011746954392305092,0.018655957548429847
2020-06-30,0.012728279191700623,0.011715204317706769,0.02069011929527306
2020-07-01,0.006980243533392144,0.006133676828340911,0.009081564549761202
2020-07-02,0.005491907478676106,0.008564551979010944,0.013419601876738484
2020-07-06,0.01531941393225723,0.004542650023102561,0.006686627342095445
2020-07-07,-0.010367575410490602,0.008749258396674103,0.013225807612432857
2020-07-08,0.0076197119248373356,0.007479454008146553,0.011385842461034698
2020-07-09,-0.005709254852071684,0.013627542195705606,0.020421188777980583
2020-07-10,0.010158733224752229,0.009497388361620174,0.016121399213532703
2020-07-13,-0.008696520753648827,0.01599444015631206,0.0272518951596527
2020-07-14,0.012875694161939635,0.013404297982040826,0.024332150504513157
2020-07-15,0.009145187656546728,0.008230159467456125,0.011713591610240506
2020-07-16,-0.003298884242246767,0.0044301302708841155,0.0068269035290092935
2020-07-17,0.0028950883078696322,0.006223395619602132,0.008796522066100466
2020-07-20,0.008048881228366708,0.008161496652616595,0.0139060485439506
2020-07-21,0.0021249834414471544,0.005887065572376121,0.009199686608209953
2020-07-22,0.005676344885738337,0.004007814822127029,0.00826045502060203
2020-07-23,-0.012003733653492067,0.01058312508476608,0.01780406289365339
2020-07-24,-0.006461034440638551,0.006041387778005604,0.008538987137499126
2020-07-27,0.007266082460064464,0.004919114635482749,0.008167856687293265
2020-07-28,-0.006362745486949107,0.0056177552188492715,0.008687014441806423
2020-07-29,0.012223947371514342,0.005504324440579619,0.011226699276822016
2020-07-30,-0.00357442014995398,0.009694809015001363,0.014724006480699423
2020-07-31,0.00787085891406211,0.011507410464093796,0.01623183415679024
2020-08-03,0.006928482882923258,0.003967700033835615,0.005748301595974922
2020-08-04,0.0038548877100665116,0.002255145819447569,0.006665491799383148
2020-08-05,0.006191798574571647,0.002283220972590302,0.003643437493682491
2020-08-06,0.006662502525093329,0.004663731508412181,0.009960179182269798
2020-08-07,0.0007177581128505296,0.004913585323406529,0.007711441651563166
2020-08-10,0.002984204161664408,0.005866875072744537,0.008373804265167177
2020-08-11,-0.008288874952921885,0.008939622411144401,0.016616583479975976
2020-08-12,0.013846103344593491,0.004758835622464903,0.008505201210356979
2020-08-13,-0.0018095933806277253,0.005060921808494097,0.007184673349191758
2020-08-14,2.9907995530945566e-05,0.003698004283262242,0.005343837816519995
2020-08-17,0.003171462038372102,0.003120363856500424,0.004409429191877152
2020-08-18,0.0021581203680502157,0.005182264313204454,0.00735300213868157
2020-08-19,-0.004172613398175671,0.005283002645446439,0.008866323093931953
2020-08-20,0.003109025627638519,0.00523349863229259,0.010582909380348376
2020-08-21,0.003540999816941525,0.0035124573101495147,0.006392168485648409
2020-08-24,0.010081934315796993,0.0072119077191146325,0.010352232748051238
2020-08-25,0.0034931716836325275,0.003851665326048602,0.0056375754647607305
2020-08-26,0.009975940298619548,0.005604362506265981,0.010616485444861936
2020-08-27,0.0021839227893125407,0.006835833794733003,0.009674720084681425
2020-08-28,0.006438889562839878,0.004790467129302804,0.007330730283113236
2020-08-31,-0.0036292239341135543,0.00412853407162115,0.006412614153705399
2020-09-01,0.009374609226673753,0.0055682502358144195,0.00984118309880108
2020-09-02,0.014360354230867092,0.009146149653649405,0.014872818402755972
2020-09-03,-0.03502053655413634,0.02082123661468467,0.0399259039348846
2020-09-04,-0.00819821940589541,0.026069651976289278,0.03783165828295184
2020-09-08,-0.027703376969496988,0.019374692223202615,0.029290867668776924
2020-09-09,0.019555209137462063,0.011468876879839003,0.01721653361311892
2020-09-10,-0.01751633734698904,0.01407379118024218,0.028991560846686554
2020-09-11,0.0005090194787526135,0.012210691602067768,0.01787104491508592
2020-09-14,0.013085432093547856,0.012790236205592396,0.018200094007054666
2020-09-15,0.005039688743717234,0.007171255905227622,0.010435922194308637
2020-09-16,-0.003976666126041781,0.008036373633052504,0.01339947006310504
2020-09-17,-0.008833938748869749,0.00898402263961854,0.014024601071986347
2020-09-18,-0.01157955897782666,0.013392408450434008,0.02274304900191861
2020-09-21,-0.01119218176362896,0.011518530921752429,0.016515257902327902
2020-09-22,0.010133205860958812,0.010350550974194772,0.015258882019943933
2020-09-23,-0.023464342489539918,0.011884764993415349,0.02820482795176957
2020-09-24,0.002661587264137146,0.014666022696901766,0.021638330757341482
2020-09-25,0.016037945456265718,0.012631812941126997,0.02415347445767077
2020-09-28,0.016473017437889363,0.005676415159943185,0.008408383069707351
2020-09-29,-0.005460777672947828,0.005981619783461611,0.009477371431719308
2020-09-30,0.007553192330987606,0.010896347490898952,0.01615456844178728
2020-10-01,0.006399476865955926,0.007737259613429459,0.011066877445360777
2020-10-02,-0.009539545234426749,0.011651592844749722,0.017433523208909174
2020-10-05,0.017577541774283067,0.004687944233466061,0.011625799316929386
2020-10-06,-0.014317732088306806,0.013454829450780142,0.023258617368623582
2020-10-07,0.017256729819676252,0.005557066162585935,0.010388568034602074
2020-10-08,0.008823223182940317,0.0037430239429361934,0.005788646108032267
2020-10-09,0.008890612717850788,0.00446026443007235,0.007092378295487146
2020-10-12,0.015959893015980844,0.008616931135991084,0.014073692813202284
2020-10-13,-0.006547899713721529,0.005652172999787137,0.009653571061251283
2020-10-14,-0.006302912289503082,0.008290251263082579,0.01376707420508947
2020-10-15,-0.0012368497318992707,0.007325435149229028,0.014071896779451407
2020-10-16,-0.0006044578808884695,0.0067693809821414465,0.01050993062477419
2020-10-19,-0.015320208685908356,0.012065894673033,0.024238992399739423
2020-10-20,0.0039979873604602395,0.008695173856965051,0.012347807601150123
2020-10-21,-0.0018949083738905377,0.006632536248258241,0.009541094816410682
2020-10-22,0.00547019107943497,0.008981693928036475,0.013319394483616008
2020-10-23,0.0033896925986879305,0.005863109052065876,0.008271112735435925
2020-10-26,-0.018652957851282882,0.01450202495033342,0.0216860118196601
2020-10-27,-0.0034531361609362143,0.0034293687500194263,0.006297690482895491
2020-10-28,-0.03477679776794081,0.02367179745173976,0.03710278265264515
2020-10-29,0.010112163272703601,0.016876050424231664,0.02518333620801672
2020-10-30,-0.01047992100020278,0.015013190115970809,0.021712488982541446
2020-11-02,0.011146265051960015,0.010977732311954837,0.0155057387277663
2020-11-03,0.017501976850542344,0.01626942065425175,0.023688335815238375
2020-11-04,0.02210284070759716,0.016472211350172555,0.02430577486122323
2020-11-05,0.019315274661493874,0.006478299481248431,0.009507815163012545
2020-11-06,-0.00022836691319990768,0.007797170161453394,0.01102357730400691
2020-11-09,0.012487281790345934,0.012152723163479552,0.02910651905257106
2020-11-10,-0.0014677202292184466,0.0093088327959659,0.013190551342910441
2020-11-11,0.007401090785357862,0.004938957844655529,0.0070092800232181805
2020-11-12,-0.009748139423298262,0.01008369174726371,0.015458202166323938
2020-11-13,0.013749417965486954,0.006680851453901094,0.011700648896931546
2020-11-16,0.012405467184789642,0.00561617070134634,0.008798307573614793
2020-11-17,-0.005392625523295208,0.0069393323143483385,0.009927394870826238
2020-11-18,-0.012108356066319576,0.006558959700279711,0.01476369648491941
2020-11-19,0.004201614799361356,0.007041753152781097,0.011263901819684683
2020-11-20,-0.006871391790982676,0.0031119754312401346,0.006951288419337399
2020-11-23,0.005976415407692099,0.00782097070317737,0.011050221847072543
2020-11-24,0.01598519968135726,0.007169248080723013,0.01244421837586365
2020-11-25,-0.0015428194016469795,0.003178342853690795,0.004632417853683379
2020-11-27,0.0027812627359668886,0.003099905491676153,0.004399609658313512
2020-11-30,-0.004437131054774564,0.007620430027757103,0.01090974345712933
2020-12-01,0.010877912292190603,0.005253214847006951,0.0075132508675565535
2020-12-02,0.0021015973383160607,0.0041587157037602995,0.007524684925295215
2020-12-03,-0.0002724269518651315,0.005185070810627529,0.0073359034156818565
2020-12-04,0.008580578675308516,0.002695088174797035,0.007111004027065993
2020-12-07,-0.0020570052832216174,0.00364227694900291,0.005147779444948741
2020-12-08,0.002921923589163922,0.004294094060922782,0.008401505359022449
2020-12-09,-0.009009217609390822,0.00704717785406188,0.013902073057342193
2020-12-10,-0.0003274616875919044,0.006208585716155604,0.009352909696580846
2020-12-11,-0.0011733170756629279,0.006307664879649974,0.009500356496645308
2020-12-14,-0.004486933454305288,0.007737428490028585,0.014616317991386737
2020-12-15,0.013428714145167983,0.0060125791717451135,0.009929876204768883
2020-12-16,0.0015682156817828723,0.004336595539780561,0.00618636967299598
2020-12-17,0.0055764093038404286,0.002634712267670453,0.0037878887252859677
2020-12-18,-0.00400085630942772,0.007319159931673067,0.011186968321003982
2020-12-21,-0.0035819056426741234,0.03099850494129588,0.04466371263533627
2020-12-22,-0.0016869885405591332,0.00411467849178785,0.0062629012474945825
2020-12-23,0.0008983049995995331,0.004447430120283159,0.006529351820502042
2020-12-24,0.0038827930268029364,0.0026072008526672754,0.004281806428904269
2020-12-28,0.00855428378720914,0.0027998214708981764,0.004084125423412103
2020-12-29,-0.001909748146801679,0.0045677494341789865,0.008533929630797712
2020-12-30,0.001425783560311988,0.002846246652152515,0.004113010617121408
2020-12-31,0.005067918125349353,0.0054806638130802275,0.009174046835846049
2021-01-04,-0.013707277266296461,0.017141020805109465,0.02882400454598449
2021-01-05,0.006863759827669173,0.006537218283791557,0.011983982893784384
2021-01-06,0.0059608197370052424,0.013443809592713333,0.021041403094615697
2021-01-07,0.014747734964084908,0.00559954001322872,0.0105249015302983
2021-01-08,0.005681953809160673,0.008110847907039994,0.011514410162130749
2021-01-11,-0.006763714162629074,0.005152177998343786,0.007552312797074687
2021-01-12,0.00021113535577257198,0.006542464422611296,0.00924043641660754
2021-01-13,0.002689395205897769,0.005313023885142781,0.007925377656929244
2021-01-14,-0.003508238205636576,0.004437020786840064,0.008006127061535171
2021-01-15,-0.00731934499774195,0.007106702010660251,0.010327320306543621
2021-01-19,0.007821077652834687,0.004611367355279316,0.006549613168635307
2021-01-20,0.013743876849329257,0.006080396742735829,0.010680158240819094
2021-01-21,0.0009111964138787195,0.0031034145264486764,0.004424350016234158
2021-01-22,-0.0035456495018830543,0.004102307986588817,0.005981008450996994
2021-01-25,0.003936299093487729,0.011634053877362736,0.016415612576109406
2021-01-26,-0.001562315943699134,0.0033428833814524847,0.006018910099696791
2021-01-27,-0.02474397179204364,0.0123465546746965,0.022194913269713963
2021-01-28,0.00856332199253782,0.011075631650122,0.015994433570547643
2021-01-29,-0.02022279074345332,0.012977612327638778,0.022698473931455937
2021-02-01,0.016508659826782922,0.012489577472184153,0.018499298970945398
2021-02-02,0.014041093063456599,0.01246740493364554,0.018084115102182517
2021-02-03,0.000785963057834604,0.005881295161009111,0.008432633676140933
2021-02-04,0.011301800828934363,0.005877232544652088,0.011056705214215756
2021-02-05,0.0039281424243994365,0.004180827775271787,0.006009611884184803
2021-02-08,0.00719576381524034,0.003491853417020769,0.005659244064971719
2021-02-09,-0.0006658595607370795,0.0029466982337133575,0.004407434261891464
2021-02-10,-0.0004358396371212195,0.008040142005323478,0.012253893929037498
2021-02-11,0.0016137785084739396,0.00645605688324094,0.009188391432020377
2021-02-12,0.004927643224243409,0.0035131596618550604,0.007971691030052127
2021-02-16,-0.0008664761832209266,0.003961424089339357,0.0067295812658314524
2021-02-17,0.0002292742900792698,0.0051460945955370705,0.00848649803901689
2021-02-18,-0.004264785365901136,0.0066196620243162575,0.0096744440199817
2021-02-19,-0.0017676785886292133,0.003960511581177193,0.0072558959533909565
2021-02-22,-0.007721419000803337,0.005246005737162053,0.0074412962610032355
2021-02-23,0.0012136873942308608,0.015425795918188462,0.022580645161290425
2021-02-24,0.010958834913813068,0.009205857960373726,0.01776558227489279
2021-02-25,-0.02439050649795534,0.015616175264137545,0.02903252816508441
2021-02-26,-0.005166099468598884,0.011964116375293153,0.019323735064149784
2021-03-01,0.02395115546928029,0.017862286964548793,0.02656708881423963
2021-03-02,-0.007833928795771173,0.005237120599085127,0.010529330041512937
2021-03-03,-0.013334272711510336,0.00729061724510938,0.014472206017888217
2021-03-04,-0.012451853038175165,0.021431950884654022,0.03217412987639211
2021-03-05,0.018229400968098424,0.02203692798872548,0.031592927985103304
2021-03-08,-0.004991230958206667,0.010476838587601652,0.016399400681201052
2021-03-09,0.014176501530164866,0.008118880117245623,0.011881101180306742
2021-03-10,0.006205383005399892,0.0058568943554451495,0.008290930181421989
2021-03-11,0.010088109512767821,0.006714857917864471,0.009935719447660786
2021-03-12,0.0013460430475903762,0.004412825929728761,0.007638378081244537
2021-03-15,0.0059457487174877695,0.00768935762216996,0.011755514792914873
2021-03-16,-0.0012620143776858202,0.004555326344003376,0.006946023021805215
2021-03-17,0.0034038400095143598,0.007471065037150526,0.012133129954516304
2021-03-18,-0.014656472623359756,0.009614695213176917,0.015249823881586667
2021-03-19,-0.0018521341195458646,0.008001767583688956,0.011348498775434058
2021-03-22,0.007953360984039261,0.0061773434653853935,0.010443480836905664
2021-03-23,-0.007901971597097022,0.007786726028758144,0.012323460315709198
2021-03-24,-0.0050962613566654415,0.007792376346228535,0.013625100456716248
2021-03-25,0.005609757845511602,0.010579796546102062,0.01706439232275809
2021-03-26,0.015986657879560794,0.007576363437279334,0.015455313266807281
2021-03-29,-0.0005054333780839704,0.006714953712838737,0.009955031718526436
2021-03-30,-0.0026564797030745003,0.004331106508584469,0.006156165292036874
2021-03-31,0.0040450633519093825,0.00453648757494952,0.006787279621890839
2021-04-01,0.010741044906504618,0.0027587136235215394,0.006215573358132858
2021-04-05,0.01425115291062929,0.004334493569892828,0.008760699101595463
2021-04-06,-0.000590520363319799,0.003154305450448613,0.004530671624182712
2021-04-07,0.0011564410270321543,0.0024331651639203627,0.0037137638939646884
2021-04-08,0.004735775147601505,0.0027166779337598123,0.004038955108336517
2021-04-09,0.007243641560127473,0.0035359709767128033,0.008286966252003095
2021-04-12,0.00036470787160782485,0.002725867664272375,0.004202653792604426
2021-04-13,0.002959064934536039,0.003613850262885343,0.005837338922679032
2021-04-14,-0.0034208224686182133,0.004872144027681947,0.007510016396197803
2021-04-15,0.010685092875620635,0.0027445888924460403,0.005939359053800192
2021-04-16,0.0033369511357375027,0.003698187616722176,0.005224542550832393
2021-04-19,-0.004925227787762208,0.004771620212189585,0.00710479456218061
2021-04-20,-0.00734865943262982,0.007249275731265224,0.010917824813543827
2021-04-21,0.009417722495087016,0.004904258126176062,0.011849023257082956
2021-04-22,-0.009174943741271153,0.007976445733636105,0.013704596616410455
2021-04-23,0.010783837078928384,0.00726013116470927,0.013101673904650866
2021-04-26,0.0020855574220592157,0.002374552001621658,0.0033763648178152944
2021-04-27,-0.00021558631047670666,0.00305824324487537,0.004407038953549321
2021-04-28,-0.00028744224819703747,0.0035172444914597567,0.005055141111631036
2021-04-29,0.00635252843360462,0.007220024689986582,0.010189017769300536
2021-04-30,-0.006592087520444465,0.0036941050221825263,0.005272015987028309
2021-05-03,0.002154281925747682,0.003177233827139178,0.00518886381352374
2021-05-04,-0.006188298822800204,0.00839080591314255,0.011861779350608866
2021-05-05,0.0003128633269084408,0.003438353402238038,0.005965149696519918
2021-05-06,0.007953641328226025,0.00805596892468274,0.01319588298529452
2021-05-07,0.007251536989807678,0.0051916856050081735,0.008670529007026294
2021-05-10,-0.009951508129812112,0.004828465411112992,0.011795933978519947
2021-05-11,-0.008964758673881811,0.008770340846695635,0.012578140466327081
2021-05-12,-0.021474207956464767,0.011951828871480287,0.02118841730666813
2021-05-13,0.011940859738547902,0.0077974455492326915,0.01299116970289097
2021-05-14,0.015238706919323138,0.005325173769619793,0.010346146472512016
2021-05-17,-0.002547955232148634,0.005160698046875323,0.007292138469842151
2021-05-18,-0.008652765515910366,0.004484398134053807,0.010414158662661243
2021-05-19,-0.0026252474329507875,0.00789425255891437,0.013922020699603257
2021-05-20,0.010700514117795728,0.0066604783560074605,0.011943728254810989
2021-05-21,-0.0008190696658801734,0.005678783960635015,0.00903745114458943
2021-05-24,0.010142520412573752,0.0047482290171747855,0.007729610058358095
2021-05-25,-0.0022208781288231764,0.004192091220411465,0.007388093941373256
2021-05-26,0.00198225255782381,0.003110262670903814,0.004414478615994754
2021-05-27,0.0005250886232100829,0.0026059980276808277,0.00412604868008145
2021-05-28,0.0017869384832198928,0.002034086553993884,0.003475839028133852
2021-06-01,-0.0008811270662814378,0.0040793707258585795,0.008387516146130404
2021-06-02,0.0015714885292919068,0.0032636129750255815,0.004615427172414487
2021-06-03,-0.0037182942204310935,0.006123281469695523,0.008859258190435879
2021-06-04,0.009104183013170838,0.006289053685622984,0.009654559940645933
2021-06-07,-0.0009706007259919614,0.0025984856326251166,0.003766068188957943
2021-06-08,0.00021327942645454185,0.004688983914904149,0.0068437627621804895
2021-06-09,-0.0014932128909270696,0.002127497472461712,0.00438753973744823
2021-06-10,0.004637620766661039,0.0050583781112088794,0.007270879337954167
2021-06-11,0.0016511552853189367,0.002682525422866489,0.0037943611058568125
2021-06-14,0.0022364412594988903,0.0035834406457913737,0.005337884968123224
2021-06-15,-0.001835904926043378,0.0028876119698441295,0.004523140926459593
2021-06-16,-0.005599033320621148,0.007414907865359547,0.011726758099149071
2021-06-17,-0.0003316712414739235,0.0061962327876834734,0.008768352439153446
2021-06-18,-0.013582046553647361,0.004214089564304443,0.0075435608405029055
2021-06-21,0.014214323517134272,0.006231721247163619,0.0121893386431766
2021-06-22,0.00533207491698956,0.005661826109027442,0.009264762268555781
2021-06-23,-0.0012061451538874963,0.0024220620319718687,0.0036440558568438092
2021-06-24,0.005898103205544183,0.0015162073054965338,0.002187703275531751
2021-06-25,0.0035460241573249712,0.002335111869012749,0.00360987458756455
2021-06-28,0.002013760878208071,0.0028832511847418176,0.004117199436266879
2021-06-29,0.0005379066626462228,0.0023488632457958495,0.003343447825503132
2021-06-30,0.0008413305697749324,0.0023370955712530123,0.0037378080470988006
2021-07-01,0.005521369189937641,0.0019186867596050936,0.004181907258267568
2021-07-02,0.007614420212591321,0.005061441621181842,0.008254212579009062
2021-07-06,-0.001822846832828244,0.0064326801843936415,0.009239369107410276
2021-07-07,0.003527696377517248,0.005180624358990291,0.007480550715648705
2021-07-08,-0.008181348713590247,0.006199941563153867,0.009769845543185149
2021-07-09,0.010618147019349714,0.007194602120472306,0.011779034285958943
2021-07-12,0.003575410979643313,0.0030597533769745958,0.00544523875704621
2021-07-13,-0.003414607932630104,0.003991596680728797,0.005808211392748286
2021-07-14,0.0014908255733504722,0.0045892493495498675,0.006899894170655494
2021-07-15,-0.0034211193730392677,0.0045761621045326845,0.006463479145701494
2021-07-16,-0.007874692599409814,0.005050043024036335,0.011916316999346723
2021-07-19,-0.01487802755448474,0.015542735335556182,0.022213338386922164
2021-07-20,0.014228773356165004,0.009790736808554117,0.017607820021474003
2021-07-21,0.008063746075688024,0.005127791168937757,0.008491548832269786
2021-07-22,0.0020918075725192015,0.0031378162946278584,0.004661734301958916
2021-07-23,0.010235753429495058,0.0045029482658311,0.007978313471311053
2021-07-26,0.002451718905617431,0.0015018834503108666,0.004013398616308608
2021-07-27,-0.004567868491730013,0.006249135068038613,0.008997544746508317
2021-07-28,-0.00041027030246432395,0.004665674908243389,0.0068135504087358046
2021-07-29,0.0041386456227504595,0.0029693565386531796,0.004516033727308926
2021-07-30,-0.004868025517331617,0.0035897969136753126,0.005222249193686187
2021-08-02,-0.0021003738272781683,0.0045531001922320714,0.008501111204175363
2021-08-03,0.008102518314183276,0.0074193636863822765,0.01174202141550234
2021-08-04,-0.004930997351828441,0.003671056670265289,0.005444403095916364
2021-08-05,0.006312877036530577,0.0022962563878873715,0.0044594376520144625
2021-08-06,0.001650971979734133,0.0017379020989770535,0.002576362569995518
2021-08-09,-0.0008138089889434787,0.0023378315785300406,0.003370027408046929
2021-08-10,0.0012431835568975293,0.0024900091200524446,0.0035239847845038685
2021-08-11,0.002481813759454568,0.0020092855899191387,0.0028392666841473273
2021-08-12,0.0029925311229153867,0.003578494984462474,0.005841266628656048
2021-08-13,0.0018179713088771084,0.001301934662642048,0.001951011596227641
2021-08-16,0.002352040428363029,0.005815482685779535,0.009486073389255001
2021-08-17,-0.006576746995169464,0.006555751283758836,0.009255889722708832
2021-08-18,-0.011005424305471852,0.0074269410140072175,0.013001483560963263
2021-08-19,0.001547315863320841,0.006288797684140275,0.01141276701320697
2021-08-20,0.007925369437970318,0.00464911375340552,0.00902201401154464
2021-08-23,0.00875812270200688,0.007011463277181612,0.010709673210962781
2021-08-24,0.0015861522575106835,0.0017678390449301221,0.002500156515247751
2021-08-25,0.002096198315890669,0.0024585253107674678,0.0037646798414372267
2021-08-26,-0.005920764203230317,0.002746798602736875,0.006050243423942748
2021-08-27,0.00890119426505517,0.0036313307628205644,0.007973340006420051
2021-08-30,0.004387812070715482,0.003260425443215107,0.005218618428249265
2021-08-31,-0.0014824717639872202,0.0023292477310949567,0.0034767845139712225
2021-09-01,0.0005313326243296747,0.0022036020361702073,0.0034528499352431403
2021-09-02,0.0030719234762189725,0.003335785014803238,0.004722046204309344
2021-09-03,-0.00024254729250650157,0.0028772165312252736,0.004590838596910699
2021-09-07,-0.0035822169132120924,0.0027466157199939364,0.004585140130683582
2021-09-08,-0.001218846547008682,0.004412862712461872,0.006231904489476721
2021-09-09,-0.004289626884547564,0.005554014234434529,0.008575005588907673
2021-09-10,-0.007915788161260293,0.0058892800249854904,0.013873905895091158
2021-09-13,0.0025561722133930287,0.007059819032134385,0.010770809755921587
2021-09-14,-0.005411358393534283,0.005973197081903495,0.011527106653769019
2021-09-15,0.008317939558421897,0.00644166230491643,0.011096724940876827
2021-09-16,-0.0015862523771231595,0.0068747741799825655,0.009705472655965513
2021-09-17,-0.009788959686568515,0.0048782053750231575,0.009855020760457274
2021-09-20,-0.016814697062932423,0.012525685350736561,0.017740328208095065
2021-09-21,-0.0009451438446715102,0.006678201812535126,0.011161580802506081
2021-09-22,0.009707519633951155,0.009832897077201195,0.014342481590900683
2021-09-23,0.012076770077049619,0.007040499843323588,0.01193647870469613
2021-09-24,0.0016458612815741143,0.004299226724828549,0.007794422166908252
2021-09-27,-0.0028648493668306883,0.003423666690705612,0.004857206364842445
2021-09-28,-0.020357860648112295,0.007752734204463856,0.016370022326691533
2021-09-29,0.0016818793411438027,0.005071039514874784,0.007342622515305764
2021-09-30,-0.012297735538982264,0.008527482124008619,0.018618609222261804
2021-10-01,0.011814103556851066,0.013634866598233694,0.020265263427762754
2021-10-04,-0.012979976026155977,0.010794460956823505,0.01773051008723266
2021-10-05,0.010351282790754205,0.009084874381819687,0.014084450473269098
2021-10-06,0.004147443475839763,0.009425309265583845,0.017429263459750342
2021-10-07,0.0086085357624805,0.005580227486964317,0.00793320667418452
2021-10-08,-0.0018254547056117242,0.003699302229647866,0.006166382627687244
2021-10-11,-0.007265913057783273,0.008409399664355284,0.012974797250363941
2021-10-12,-0.002464724950652891,0.004539519961015402,0.007656490386983894
2021-10-13,0.0035911201079815965,0.007320806921465995,0.010363480224162981
2021-10-14,0.016680846159970116,0.004429095048200347,0.009220377604166675
2021-10-15,0.007586950117253263,0.0030719587359654566,0.0048669196211869855
2021-10-18,0.0029562173024325782,0.0050985043479237395,0.009570873132070109
2021-10-19,0.00768536848908127,0.0030140771278076807,0.0054145268109618665
2021-10-20,0.00391993408875288,0.002035528004629206,0.0038018638111011844
2021-10-21,0.002604970082835833,0.003042708602976856,0.005555653859250207
2021-10-22,-0.001036978972269072,0.005652410789473825,0.007989110332306973
2021-10-25,0.005348378262563988,0.005182330727655598,0.007704926664693485
2021-10-26,0.000899757710310334,0.0042072967212713275,0.006425986338035838
2021-10-27,-0.004440007271160171,0.003807518652802717,0.007269723515879824
2021-10-28,0.009602631425466314,0.0023883742682060485,0.006436510827174689
2021-10-29,0.0020269939270953466,0.004139135376022917,0.008709853021230222
2021-11-01,0.0017187863539926739,0.0038315249747072015,0.005434309959056282
2021-11-02,0.004034846817888564,0.0023957319983178666,0.004654740078962498
2021-11-03,0.0060866601021204066,0.004738660740660831,0.009295935860025686
2021-11-04,0.004701601653074706,0.0022430394703779255,0.004304919041913701
2021-11-05,0.003463541912448308,0.005537742435470501,0.007961028063236213
2021-11-08,0.0008532560587751846,0.0028842457530105486,0.004329001793451922
2021-11-09,-0.003310848305662561,0.00494898938561086,0.007895079812692206
2021-11-10,-0.00807740868638729,0.007690798388858613,0.011518045800722729
2021-11-11,0.0003235857768135861,0.001335210680266261,0.0033206300135916133
2021-11-12,0.0075185556335814465,0.004915817030314067,0.008025338857981531
2021-11-15,0.0003423658951213265,0.0035559494959535357,0.005519514392939614
2021-11-16,0.0039498906930869,0.004314845068933282,0.007287723574523474
2021-11-17,-0.0024321067137910235,0.002316133534410771,0.003652735082606097
2021-11-18,0.003390643239903466,0.0055049317292131875,0.007813027360181161
2021-11-19,-0.001789845437910804,0.0035471920162043888,0.005203784182172674
2021-11-22,-0.002819212160961476,0.00819921125387613,0.013238664466162023
2021-11-23,0.0013251305513195465,0.006925284868249174,0.009931852180176146
2021-11-24,0.0026663596266118766,0.0048724867441220735,0.009330276201502806
2021-11-26,-0.022555625696858705,0.008234035916810508,0.013356003369520397
2021-11-29,0.012191784941681721,0.007324084928708129,0.01039601056567664
2021-11-30,-0.019649332567194495,0.010209878288929584,0.019163251894620755
2021-12-01,-0.011169216167275352,0.016235794653000724,0.03192009962888458
2021-12-02,0.015200042732466067,0.010111420133117948,0.019151748759330935
2021-12-03,-0.008739369517598189,0.01587446657632894,0.025098085722341228
2021-12-06,0.011773784161934408,0.010582718201891226,0.01575886756832064
2021-12-07,0.020473841453174813,0.014721002784540848,0.02184592767787543
2021-12-08,0.002644427642718896,0.0046604370609703676,0.0067516048345325685
2021-12-09,-0.006774304930515214,0.0046996235942713726,0.007483628580891114
2021-12-10,0.009369513361188972,0.006314748558792546,0.009325708930472777
2021-12-13,-0.008897966738868364,0.004343410748403829,0.009194779942082142
2021-12-14,-0.0069037481522082784,0.008376829117687685,0.011848218249164481
2021-12-15,0.015504084953946565,0.012029820055612489,0.02150445173381799
2021-12-16,-0.008857503798234712,0.00908366863768405,0.017300904948067557
2021-12-17,-0.010699931960952973,0.009983404126573565,0.014525828487851318
2021-12-20,-0.010690402208451279,0.006610437100486749,0.009363003088447529
2021-12-21,0.017603112216358387,0.008752167900965906,0.014900863673958924
2021-12-22,0.009949025013835891,0.004510915318950384,0.011182644399124926
2021-12-23,0.006202846411237865,0.004741492240986937,0.007543535373834774
2021-12-27,0.014052982155880364,0.003997078265946824,0.011105032235094391
2021-12-28,-0.000817533038259035,0.003919621667719996,0.005766770877090266
2021-12-29,0.0012783202710148836,0.003856981566664931,0.005528994031406568
2021-12-30,-0.002768390468104369,0.004360732862865083,0.006993419326812449
2021-12-31,-0.002523312022311608,0.003131031146885166,0.004610855573579913
2022-01-03,0.0057731212732329215,0.0056529293251369565,0.008373281010548286
2022-01-04,-0.00033484300464330444,0.006139922749164156,0.009213746260150736
2022-01-05,-0.01938888061188943,0.008771379963729545,0.020709706020559427
2022-01-06,-0.0009397736748286001,0.00814148201920922,0.011518602000931485
2022-01-07,-0.00396152368381634,0.006430577228075075,0.009762102482989855
2022-01-10,-0.0012450596729908269,0.013500015998070249,0.019634344996063948
2022-01-11,0.009067001461006965,0.01019846014605961,0.016604615881951886
2022-01-12,0.002699939290657368,0.006350261523949927,0.009044222888598907
2022-01-13,-0.013874419857429546,0.009998798235906686,0.020321620705256737
2022-01-14,0.0004090654545005764,0.006364428289531633,0.011168020373070657
2022-01-18,-0.01786837236001107,0.005672840524607721,0.010186409331991988
2022-01-19,-0.01043787458036615,0.009169455891232796,0.01804093834307549
2022-01-20,-0.011129906971566248,0.02009497197927906,0.03187462839255733
2022-01-21,-0.019825689500104472,0.012111891456422582,0.0230832117858413
2022-01-24,0.004237659574631883,0.030241755543024954,0.04460711913546667
2022-01-25,-0.012284198877944828,0.020408415469829973,0.028931818742149316
2022-01-26,-0.002511887484450043,0.022271263700636885,0.0350270502153511
2022-01-27,-0.004950194846649655,0.01696540668387463,0.028151341261883928
2022-01-28,0.024531966462189466,0.018921657368657134,0.03208506003873262
2022-01-31,0.017850881274122835,0.011423179486956161,0.023271323454648673
2022-02-01,0.006734224742591227,0.010031050924942511,0.014769847137896622
2022-02-02,0.009667078212335294,0.00745502293612188,0.011085617703197844
2022-02-03,-0.023785450477755314,0.009707511636906143,0.016256179279904102
2022-02-04,0.004691080785080926,0.013734786318115408,0.01994653880887725
2022-02-07,-0.0032144223187899426,0.007481178355557671,0.011492161200713698
2022-02-08,0.008194219350722932,0.008807088392847441,0.014857879475666712
2022-02-09,0.014529987897068412,0.003128122274087452,0.006272664824033047
2022-02-10,-0.01812895924381745,0.016187650769578347,0.023390855240646227
2022-02-11,-0.019915630796138332,0.015765864521687923,0.02876534340451762
2022-02-14,-0.003274729020626831,0.010014927126292884,0.014259054080177741
2022-02-15,0.01599825752355627,0.0036514516204150917,0.006949128135174846
2022-02-16,0.0011201958229437833,0.00898234023112403,0.013703526720886325
2022-02-17,-0.02159280496881995,0.013734135018306693,0.023223342225740146
2022-02-18,-0.006496236613730024,0.010195333729799264,0.015752011986352524
2022-02-22,-0.010789692247131263,0.01546992890140285,0.0224410794144705
2022-02-23,-0.01789787555978765,0.01207422339283248,0.028226101001427903
2022-02-24,0.014936876640164031,0.016647346622822305,0.04230678410840008
2022-02-25,0.02182410909401894,0.011389721533688465,0.022798426011029313
2022-02-28,-0.002561677290316707,0.010280323339545507,0.017177014671753782
2022-03-01,-0.015347530877393621,0.01476888838288805,0.023396501742244356
2022-03-02,0.018229160605017534,0.01062231946784382,0.01861196561658909
2022-03-03,-0.0049909390326022375,0.009696285285309981,0.016777208927850302
2022-03-04,-0.008157899795821304,0.008994668505632058,0.012703311344605873
2022-03-07,-0.02992229691289981,0.012177953739440694,0.03085139991743234
2022-03-08,-0.007610537151543605,0.0196712822054982,0.029045036247184745
2022-03-09,0.026457656944055354,0.010595595112956093,0.01565242363090559
2022-03-10,-0.004525733113807692,0.009012972474427679,0.014078194227007968
2022-03-11,-0.012796553725408102,0.009905335791477518,0.021996310313207753
2022-03-14,-0.007335347400745938,0.0135662696698559,0.021007144479728658
2022-03-15,0.021752201193818994,0.010489346792900077,0.019757333094445922
2022-03-16,0.02193192051771258,0.015876257579307725,0.02497590791232067
2022-03-17,0.01243331949589274,0.007034006594148025,0.01786565568268188
2022-03-18,0.010893247470286948,0.00810578206878242,0.017187042921987493
2022-03-21,-0.0002923026859480536,0.00921391534359118,0.013006590132025106
2022-03-22,0.011633307747047905,0.005351236842711855,0.010498456947773826
2022-03-23,-0.01296211358539968,0.0062104447172743864,0.010770614940906186
2022-03-24,0.014962005621560285,0.006512258166552224,0.01274165987881033
2022-03-25,0.004871670570944363,0.0068213755827979975,0.010051068691617043
2022-03-28,0.007087815854738318,0.007457246252333864,0.012831493181823793
2022-03-29,0.012294765690810871,0.007234483042116788,0.01059476714931897
2022-03-30,-0.006193829069939697,0.0069437545113629415,0.010311774276110642
2022-03-31,-0.01551097113511904,0.008158782391955714,0.016827574743198008
2022-04-01,0.002830135130060509,0.006747515490307777,0.009538056783904687
2022-04-04,0.008530082389488429,0.005213652873861633,0.010179496542788533
2022-04-05,-0.01271176589125781,0.011078693490404622,0.017759304857161786
2022-04-06,-0.010049558149739976,0.008637393398167282,0.01222787689110805
2022-04-07,0.005026055597041853,0.01042565029163093,0.01595472923188561
2022-04-08,-0.0026773130619796,0.00737702553908892,0.01047881306758081
2022-04-11,-0.017239923118998298,0.0067650996120971986,0.0127522849161852
2022-04-12,-0.003712369312390151,0.012926067953499414,0.020762522362138037
2022-04-13,0.011388533928955061,0.006754787994889673,0.01414357683833457
2022-04-14,-0.012529915217080436,0.007852994944939976,0.016103652831134657
2022-04-18,0.00041114480629422085,0.0064822785137487425,0.009452735659745078
2022-04-19,0.01601370015441206,0.008170765379174771,0.018245539639764496
2022-04-20,-0.0007419137163572784,0.005713612049568129,0.009196996731528967
2022-04-21,-0.015066498838524454,0.014412332278780473,0.029470857266264323
2022-04-22,-0.027822546553621375,0.013542275658168325,0.02966853787753269
2022-04-25,0.0057807826220407504,0.014843265453240101,0.02298664180307741
2022-04-26,-0.02938836474656526,0.0086008450476671,0.023960588979714786
2022-04-27,0.002807913192918108,0.013350403716997307,0.01895656018973897
2022-04-28,0.02494558403199926,0.01840650801325586,0.028143354792153588
2022-04-29,-0.03765575892280668,0.01778317067972326,0.03558253316045967
2022-05-02,0.0060013735811353065,0.018425216149712237,0.026298070172609756
2022-05-03,0.004573515655188629,0.00924029513435358,0.01337722094937388
2022-05-04,0.029998559653369505,0.02014265756487064,0.03717431664053711
2022-05-05,-0.03618989468648176,0.021023469512855664,0.037601792248604445
2022-05-06,-0.005986830624103014,0.015628865954584004,0.02204982955071104
2022-05-09,-0.03254096177375642,0.013773130364506635,0.024888874922541045
2022-05-10,0.002307695234812612,0.018044215925244276,0.028214135536771465
2022-05-11,-0.016013484594364552,0.019767577904856417,0.030757522825827516
2022-05-12,-0.0010445152106783944,0.018699974525208288,0.02714480806415772
2022-05-13,0.023626521424746,0.010899142389561389,0.01884398909990995
2022-05-16,-0.0040658594814498164,0.011237548407177264,0.015921405622468514
2022-05-17,0.020361663016040678,0.010080287582090442,0.014669917330788105
2022-05-18,-0.041146555943821994,0.01501913869157078,0.03381309777805613
2022-05-19,-0.0061434053862982965,0.012655102387839092,0.018050709831861786
2022-05-20,0.00043634604668032887,0.029439983667241005,0.04232217752155569
2022-05-23,0.01853735753886574,0.011511699961443021,0.01851760015838504
2022-05-24,-0.0076631233936259955,0.014659766574023125,0.020792612497973904
2022-05-25,0.008796005803842257,0.010913421453200987,0.01902508405639494
2022-05-26,0.019784300098312852,0.011048622374596964,0.021193645332296066
2022-05-27,0.024252641837836486,0.00713731961188713,0.01849441914745384
2022-05-31,-0.00562660112805277,0.010963046961628618,0.015571629065050432
2022-06-01,-0.008121354991244752,0.013605894894516246,0.022730041362908352
2022-06-02,0.018864375687588905,0.013216445938571615,0.02491672903398076
2022-06-03,-0.016547702770884718,0.00725399913952708,0.011034244373289244
2022-06-06,0.003039926300862289,0.009334515936116233,0.014716232625475856
2022-06-07,0.009546642097555737,0.009250847074456735,0.020710097828901902
2022-06-08,-0.01093165584713801,0.008369196965860243,0.013228934451771982
2022-06-09,-0.024070181786617722,0.013198377825662223,0.02565760195876882
2022-06-10,-0.02942439076688614,0.0072864843704277295,0.015469468876688467
2022-06-13,-0.03870778463832209,0.01379320153293206,0.022693359375
2022-06-14,-0.0030178449352993115,0.012980752077601463,0.019659256424714718
2022-06-15,0.014155688392216339,0.02182913266480329,0.03106539662468525
2022-06-16,-0.03365595330639128,0.011482829714801418,0.018709984953872424
2022-06-17,0.002153383045035087,0.013925922430328525,0.019706969178796382
2022-06-21,0.02486186854141918,0.007180577697020004,0.012584320602908226
2022-06-22,-0.00181483247967302,0.014850229985023873,0.022810460244088424
2022-06-23,0.009755015314402211,0.010927637441676536,0.01571171761674555
2022-06-24,0.031298994659884394,0.007741604627458719,0.022354392742186067
2022-06-27,-0.003827000258505213,0.00594025746636447,0.010087709274810388
2022-06-28,-0.020644596153319587,0.017158197075661588,0.03318010005340282
2022-06-29,-0.0008146402153245476,0.007008655965953164,0.010122457861405768
2022-06-30,-0.00815759496597303,0.015117260156576702,0.021471189141194447
2022-07-01,0.010520995485643428,0.012639848635669896,0.020721919568841188
2022-07-05,0.0018868586752880919,0.013781661423592547,0.023772168009674074
2022-07-06,0.0033716911965156887,0.011435199346193418,0.016360049611668346
2022-07-07,0.014865989272107591,0.01026591838369055,0.016864180887125612
2022-07-08,-0.0008230104911533287,0.008790787040852042,0.012812953956516385
2022-07-11,-0.011489181137943805,0.005606706098908637,0.008770775371076798
2022-07-12,-0.008888433461170358,0.01243405450034524,0.01882733419253426
2022-07-13,-0.005265455003503298,0.012097509290214699,0.019164295390961768
2022-07-14,-0.0024313554314204584,0.01332284639241905,0.021195467625695998
2022-07-15,0.018924744960935033,0.007629309208473747,0.012229614403871927
2022-07-18,-0.008291203517755212,0.011499188753203184,0.02207093181400895
2022-07-19,0.026660680984218883,0.009328986582424403,0.01906844948184218
2022-07-20,0.006352893888994815,0.008664513114263077,0.013248248681200954
2022-07-21,0.010131492288288952,0.01066387042128976,0.018079669250956065
2022-07-22,-0.009321193856870852,0.011817885057420558,0.01880582334316293
2022-07-25,0.0012142992685187334,0.005831433670592423,0.008241296623262546
2022-07-26,-0.011901781537119929,0.0057556266669757375,0.010514429116995941
2022-07-27,0.02563503264772707,0.011686124136416337,0.02201779598469826
2022-07-28,0.012464549565905512,0.013770006894771907,0.021301730589469433
2022-07-29,0.014473548089253618,0.008478355564462563,0.01519456762059639
2022-08-01,-0.0029657917438675164,0.00826437135106645,0.012196630473552468
2022-08-02,-0.006619426318035685,0.010538229591005324,0.015144813784139288
2022-08-03,0.015538395239735901,0.0074515109442905465,0.013704892046049563
2022-08-04,-0.0006758070924001266,0.004518792803140344,0.006398323902188442
2022-08-05,-0.0016915574967054194,0.005283389445300672,0.011004396400066877
2022-08-08,-0.0011616991530583338,0.009271136884971238,0.014019730942234283
2022-08-09,-0.003979045731149073,0.004144586972491519,0.006150477067600096
2022-08-10,0.020786496651807162,0.005494304389703896,0.008143083185925121
2022-08-11,0.0,0.008538400041416112,0.013667041799615053
2022-08-12,0.016787376934967395,0.0071468548888350344,0.014469661876528709
2022-08-15,0.004112190056991199,0.005008926739748765,0.010959316251382948
2022-08-16,0.0019569461725641316,0.007460537680654945,0.011286958263289213
2022-08-17,-0.007123260914856991,0.008142220028917492,0.01162543425766823
2022-08-18,0.002902060848368573,0.004926766692827589,0.007268188658521753
2022-08-19,-0.013529129076071268,0.005309541003098047,0.009570304649480926
2022-08-22,-0.021042331440294437,0.006092102362894463,0.011685053873288607
2022-08-23,-0.0024222338836597124,0.00618510745296456,0.008851762725926075
2022-08-24,0.0031961236610583226,0.005916217179965208,0.008992604207157171
2022-08-25,0.014018909983943935,0.006758442429842792,0.013039024322111377
2022-08-26,-0.03443530107884607,0.01360764852862096,0.03629318680438319
2022-08-29,-0.006634052552856094,0.008103781211700122,0.011524188646124029
2022-08-30,-0.011038806215699627,0.011339585951704336,0.020341041855624617
2022-08-31,-0.007638059087433902,0.008130635786062846,0.015689007045809212
2022-09-01,0.003133047828653684,0.010763742530965622,0.01700214420582893
2022-09-02,-0.01060037972903719,0.015595935908466288,0.028630459070779327
2022-09-06,-0.0037803447836811887,0.009591210975021108,0.014586911523704522
2022-09-07,0.017805514917677772,0.00958752376589612,0.021092021108669295
2022-09-08,0.006515032614901261,0.009110805809983084,0.01683398309650287
2022-09-09,0.015415882082237618,0.006526865283440985,0.012420113710625971
2022-09-12,0.01069028565048303,0.004556632939394186,0.00795683266792485
2022-09-13,-0.04445622068496082,0.014463368856632268,0.02844058128260932
2022-09-14,0.003808632204382077,0.00912274423944521,0.012873839359523824
2022-09-15,-0.011418278046993057,0.012129009761472164,0.01840457491450665
2022-09-16,-0.00765810096300083,0.007266758056898562,0.010737666445306921
2022-09-19,0.007724778164910088,0.005807430037382389,0.01639427439792283
2022-09-20,-0.011544546231591395,0.008931391743302831,0.012809453401718041
2022-09-21,-0.017598067134147403,0.016815421733535278,0.03161183977507924
2022-09-22,-0.008435261506362684,0.008266038489814524,0.012986973800730247
2022-09-23,-0.01689652991100554,0.013413489877157228,0.019921147789339816
2022-09-26,-0.009942166892070147,0.013379927266800255,0.01970847004995094
2022-09-27,-0.0025558776994220314,0.0166589877638669,0.02622598561076655
2022-09-28,0.01948534016705777,0.015500233779562504,0.02617866764205183
2022-09-29,-0.021110523549919304,0.012688120862551878,0.020424964773013362
2022-09-30,-0.015584177151900644,0.015404297420786866,0.02483340416337094
2022-10-03,0.02605872121503282,0.015498885731261961,0.02547665560427655
2022-10-04,0.030516198896649388,0.019653101836108758,0.03024047580195934
2022-10-05,-0.002330913509995804,0.01482143244039297,0.022567502004008526
2022-10-06,-0.010369308397919327,0.010634722927660017,0.016184373921111137
2022-10-07,-0.02829052105186641,0.021348089411058698,0.03404174815356415
2022-10-10,-0.007664519292995472,0.010881134725475425,0.01816559698604785
2022-10-11,-0.006353124672233173,0.014377373278867758,0.0204618089227962
2022-10-12,-0.0033040238223747014,0.006362582854555699,0.009872166130109897
2022-10-13,0.026049046784866216,0.024933142486924402,0.0530098760809716
2022-10-14,-0.023052395536727537,0.017878813457656552,0.03718932452243482
2022-10-17,0.025372326672175014,0.020311134614878573,0.029169652672663294
2022-10-18,0.011680997546345601,0.013544978574202548,0.021367238134958517
2022-10-19,-0.00711177209976278,0.012054448193244732,0.017096386188729558
2022-10-20,-0.008420521850387127,0.014809579130352708,0.022057491572192806
2022-10-21,0.024010933957905833,0.015084485176835563,0.030083568866347277
2022-10-24,0.012162181431624999,0.012092243076537813,0.018344055471802585
2022-10-25,0.015842337269683576,0.006988253759103805,0.017094425705929134
2022-10-26,-0.007562545600807242,0.011439896536472925,0.016307996041869464
2022-10-27,-0.005354293895922469,0.009204703722922909,0.01492187289804144
2022-10-28,0.023512078934164717,0.01041581693837802,0.025294320641052706
2022-10-31,-0.0072493995794259,0.005727831740989799,0.008130250900628437
2022-11-01,-0.004385590058292811,0.009333381835988185,0.018464595616284527
2022-11-02,-0.02541650669476037,0.021011967256207627,0.03699948061421031
2022-11-03,-0.010350232045612667,0.01026879227170956,0.01458182668852257
2022-11-04,0.01429060183575752,0.016717075346670537,0.023568473424570083
2022-11-07,0.0095202339311712,0.008681129806792092,0.0132649253401672
2022-11-08,0.005380986280366445,0.013642311157053687,0.019371711770901422
2022-11-09,-0.020817484127615592,0.010376371534273,0.020126771973912112
2022-11-10,0.053497304806095464,0.013371211452194626,0.02381614390620352
2022-11-11,0.009631862168551162,0.009160183175223744,0.014403705330586334
2022-11-14,-0.008542933843338641,0.009204845653022766,0.013540205936500169
2022-11-15,0.008492808415104572,0.013249662578032777,0.019624099766268485
2022-11-16,-0.007657998109130784,0.004910125465316497,0.007560981519984578
2022-11-17,-0.00306460111877692,0.006262461397485205,0.012200684044594848
2022-11-18,0.004530240172392168,0.008098646688158564,0.01204451437611962
2022-11-21,-0.0036427811963122454,0.005667248612292038,0.008008321780675435
2022-11-22,0.013367291652974926,0.007107577834755218,0.012303109534449973
2022-11-23,0.006281857890254967,0.0045753371718832096,0.008995564326816507
2022-11-25,-0.00022383041827698263,0.002281055577558363,0.003405152891683424
2022-11-28,-0.01608569793677292,0.008823593804773624,0.014397242187130782
2022-11-29,-0.0017189958905873006,0.007038297295222385,0.010120688937608055
2022-11-30,0.031014504094679894,0.016505807206509886,0.03483119590012855
2022-12-01,-0.0007360081588177733,0.008863567388944251,0.012887230441047857
2022-12-02,-0.0011544717369634345,0.006963373490120947,0.01405709039258404
2022-12-05,-0.018152804552248235,0.00980903270554424,0.016917288495707693
2022-12-06,-0.01451978043473014,0.012074500430008307,0.021201980221496684
2022-12-07,-0.0017023936657828153,0.006580646290050462,0.009334656103240016
2022-12-08,0.0078033384015062145,0.007108963997121935,0.010322018066554499
2022-12-09,-0.0074983029040089685,0.007553442672427869,0.011365951064324477
2022-12-12,0.01431429090914424,0.0063418928909625815,0.013886472929964326
2022-12-13,0.007541216736839971,0.015446453901698182,0.028410037752757755
2022-12-14,-0.006414056751526715,0.015842856964300347,0.023009520735716545
2022-12-15,-0.024765795640946334,0.011037257547087178,0.018889678051812606
2022-12-16,-0.011876278388220418,0.009727811259189473,0.014454505142968853
2022-12-19,-0.008515921640359084,0.008610494409736847,0.014578203002691347
2022-12-20,0.0013675175062011636,0.00786269558839577,0.01150997210401185
2022-12-21,0.014841714254981257,0.007208176284754234,0.012220700324786945
2022-12-22,-0.014368965193666155,0.020920927527337645,0.030048335797242517
2022-12-23,0.0057357284882017644,0.007688834457947711,0.013136242801678051
2022-12-27,-0.003951141666192338,0.006082300090345528,0.00917671750395976
2022-12-28,-0.012505786262148846,0.01047170799880551,0.018504755357448777
2022-12-29,0.017840101247569,0.007535670597542717,0.013744052518504066
2022-12-30,-0.0026373951597761943,0.007139679019671813,0.010851643375164517
2023-01-03,-0.004218815825443473,0.01483275661716062,0.02258286313248729
2023-01-04,0.007690470362623226,0.010816992237536426,0.015322088631391345
2023-01-05,-0.011479000453576492,0.004264976545200437,0.008118473648122428
2023-01-06,0.022673044434285274,0.01580984850008084,0.02535558822500178
2023-01-09,-0.0005668821302311349,0.010150948783126877,0.01554684424027703
2023-01-10,0.006988144966520938,0.00593693572976288,0.011214104750352144
2023-01-11,0.012568604623952298,0.005527832803868476,0.01066950176456756
2023-01-12,0.0036342123401011065,0.010844334688712584,0.01529115512218448
2023-01-13,0.0038720072795914583,0.0068574395950306705,0.01445422776819318
2023-01-17,-0.0018335871178962475,0.005512587122652626,0.007969463547501061
2023-01-18,-0.015913942382251522,0.010474707357644995,0.02258038917571905
2023-01-19,-0.007306518169661475,0.0068448160384814724,0.009829087748713087
2023-01-20,0.018457801483967983,0.01035201696697498,0.019349306778898418
2023-01-23,0.011927163034251302,0.01065558167603985,0.01729773754167097
2023-01-24,-0.0010739767188511743,0.005865201466039273,0.008770562571175327
2023-01-25,0.0003745960757144255,0.010698306050001298,0.017834431221643084
2023-01-26,0.010930679667622798,0.008221811562020889,0.012081568001080857
2023-01-27,0.002294844438159269,0.007617106809821679,0.011634789257342884
2023-01-30,-0.012625968132208296,0.007799551771891451,0.012107157312597289
2023-01-31,0.014596276455224504,0.005831538680081795,0.014170462531843364
2023-02-01,0.010571652327035124,0.017675176477838478,0.027556006963475668
2023-02-02,0.014451968137534035,0.008781866845094051,0.013028438724711157
2023-02-03,-0.010686017505510964,0.009976743385099681,0.014259742441561652
2023-02-06,-0.00612996827736308,0.005505429488462206,0.0077837214111315155
2023-02-07,0.01299382402740076,0.01197771740833892,0.02148409850358835
2023-02-08,-0.010995027058667324,0.0069467000685990155,0.011201768347463245
2023-02-09,-0.008706919856198692,0.01026480729162732,0.021518607296736682
2023-02-10,0.0023307905463023615,0.004947141016195596,0.00840602049787389
2023-02-13,0.011670724141651653,0.0052611863943027295,0.01145752765103492
2023-02-14,-0.0004603341915688021,0.01103021915949208,0.01584911253193834
2023-02-15,0.0032421835289922853,0.005671573503857427,0.011087483009034022
2023-02-16,-0.013864548098220294,0.008179417535069221,0.011683131742758653
2023-02-17,-0.0025013426502393864,0.005743707854571418,0.008495854956757129
2023-02-21,-0.02026497795835096,0.007113680194977084,0.01338043144877394
2023-02-22,-0.0013788673786610175,0.007120689939761888,0.010312680737239791
2023-02-23,0.005305370016645219,0.010446173757126498,0.01485052701204766
2023-02-24,-0.010740163602314386,0.006276767949912477,0.009107385102913455
2023-02-27,0.003400155631542294,0.0073216411488599645,0.01141480003900914
2023-02-28,-0.0037026297610764994,0.005353451396174189,0.007898866415169596
2023-03-01,-0.003843321736304112,0.005830367381751492,0.008385260273803081
2023-03-02,0.007747186784233853,0.008013716082219647,0.01598757172562974
2023-03-03,0.01591050725822758,0.006559115518638905,0.013409568259967317
2023-03-06,0.0006925016433866547,0.005928759054286563,0.0085049631147531
2023-03-07,-0.015447572715028576,0.007955622024629277,0.017676472591762814
2023-03-08,0.001631052389352168,0.005479123955740202,0.00782110451260348
2023-03-09,-0.018622275087668595,0.014738061605771936,0.027965094175363678
2023-03-10,-0.014534733501841455,0.01387486110756109,0.022906885683198402
2023-03-13,-0.0014261591510186192,0.016914429621311466,0.025275122280968853
2023-03-14,0.01639492011912237,0.011430760357309286,0.016337845543025867
2023-03-15,-0.006273868144714786,0.009067317190841641,0.01484792128396458
2023-03-16,0.01739305733473779,0.010988156762833207,0.025699914297151846
2023-03-17,-0.011761822219343371,0.009240003345365498,0.015000400651308692
2023-03-20,0.009569833804257653,0.0057415632459683836,0.010412978628548973
2023-03-21,0.013045044494102258,0.0062946226277013845,0.00960120592284749
2023-03-22,-0.01719338785521199,0.01535328735757066,0.026574133022431876
2023-03-23,0.0026996818345765717,0.01572300182664858,0.02273826114933206
2023-03-24,0.00654063599528875,0.009820668090417825,0.016272905726863535
2023-03-27,0.0018679333887276252,0.005410238213867621,0.008474402764000329
2023-03-28,-0.0022469703284743563,0.005004141811324382,0.007077825454421561
2023-03-29,0.014430189524635819,0.004666262328002266,0.007275478717648954
2023-03-30,0.005838102988686963,0.004504017816946188,0.006415645924138284
2023-03-31,0.013996310936060694,0.0052764889499118395,0.012579750921587682
2023-04-03,0.003803086458361044,0.003925274857780242,0.007129803111686384
2023-04-04,-0.005563325064648501,0.0067304175478351885,0.011451838988883788
2023-04-05,-0.002621648415115526,0.00487305229084938,0.006918565461214793
2023-04-06,0.0038932641559703517,0.005465470648712265,0.009286684151309364
2023-04-10,0.001025910023941384,0.004552667695216675,0.009081812831077184
2023-04-11,0.00026845776299660724,0.0038102609754051215,0.005515911454929087
2023-04-12,-0.00408447591635664,0.005750738116702256,0.011591743972133032
2023-04-13,0.013195489884516675,0.007702033817835237,0.01414856237754722
2023-04-14,-0.0024458573571067605,0.008604819942120147,0.012195119244298044
2023-04-17,0.0035817518727248366,0.004315423041024364,0.006933360149442794
2023-04-18,0.0006521333987838971,0.004579649730112902,0.007097854957767488
2023-04-19,-0.00016888577496836947,0.0040715381695007385,0.007050714267818341
2023-04-20,-0.005472104888507103,0.005799512162256955,0.008327724465127364
2023-04-21,0.0007765017080163569,0.004313831136433435,0.006089226525268088
2023-04-24,0.0010427717732862819,0.004129724649653675,0.005985995180851131
2023-04-25,-0.01600124859196872,0.005675551852330702,0.012657640904257628
2023-04-26,-0.004244526378238882,0.006079912074172514,0.010040552244713017
2023-04-27,0.01971249828921785,0.006172152192960146,0.014427419689620644
2023-04-28,0.008498717035649745,0.0038645095802116577,0.01084319439579486
2023-05-01,-0.0010100842933429117,0.003989777214784297,0.005655714780111325
2023-05-02,-0.011302993425425413,0.010478906533105957,0.017038263222655902
2023-05-03,-0.0068875652399784035,0.009195999655176723,0.01495026289829934
2023-05-04,-0.00710813136928272,0.005504443544230144,0.008713249418092364
2023-05-05,0.018343333973369673,0.0066812156696756525,0.012311238911742064
2023-05-08,0.0002665702509673444,0.0033438958147047376,0.004748731650560832
2023-05-09,-0.00439506477531786,0.0023872627602836063,0.003406891493532175
2023-05-10,0.004661409960250039,0.009614519147154577,0.013733833944313191
2023-05-11,-0.001745550892831248,0.004221535708733891,0.005968969562838861
2023-05-12,-0.0013109725213169233,0.007355989883387737,0.011103300286402036
2023-05-15,0.003444052945217781,0.005363938858993547,0.007747951898960175
2023-05-16,-0.00670515260357264,0.0037049087598519685,0.00628888992039917
2023-05-17,0.012065928240365379,0.007814499857173147,0.012571275112619042
2023-05-18,0.009587092140472282,0.0054944797259693975,0.011926627075758402
2023-05-19,-0.0014562899366746373,0.0052022055585122014,0.00805024880917146
2023-05-22,0.0004063320885535108,0.005127118412115507,0.007259028350471699
2023-05-23,-0.011286371089865938,0.007302523585146918,0.012171287858906149
2023-05-24,-0.007271061158784495,0.004637996290955558,0.00715172460433641
2023-05-25,0.00862235594581921,0.006399168825606073,0.00904377198890343
2023-05-26,0.012867597377390107,0.0062037268976487215,0.01314220550939601
2023-05-30,0.00038091543755762133,0.005848907920976161,0.00913893189782043
2023-05-31,-0.005560619245857435,0.0050379573201488805,0.007179609802989457
2023-06-01,0.009456113055990895,0.008724297429351062,0.014532276270387745
2023-06-02,0.01435764910176379,0.006183893974041314,0.011193629363055407
2023-06-05,-0.001918122421741,0.0050882969222111355,0.0076094590343141685
2023-06-06,0.002175169086263407,0.0038024900728623697,0.006050969196731756
2023-06-07,-0.003463641918629954,0.005108692528730804,0.008228835695873037
2023-06-08,0.0060304069841348815,0.0050754371963910505,0.008808516618009828
2023-06-09,0.0017922836540037773,0.005124790320591817,0.00725749048961095
2023-06-12,0.009031264483802634,0.004442148891839221,0.008552308804694424
2023-06-13,0.006571174815332208,0.003940450477035933,0.00618325852335764
2023-06-14,0.001190153500713623,0.008861485372846563,0.012512011785406073
2023-06-15,0.012321501967952312,0.008559212121900533,0.017329378229521197
2023-06-16,-0.003412067707152906,0.005489363938941331,0.010558376692030871
2023-06-20,-0.005201726227139568,0.005394531961185574,0.007639865487549104
2023-06-21,-0.005136936273311897,0.003950820380279757,0.006115794470911369
2023-06-22,0.0036032831706697783,0.003274506372635942,0.006918487425507957
2023-06-23,-0.007588792810601641,0.004202957146040509,0.005978616349986025
2023-06-26,-0.004094037813913829,0.005322118910201904,0.007926902676625875
2023-06-27,0.010903646396673733,0.005875833021318883,0.011302915202807922
2023-06-28,0.0005041833016364497,0.004528008614895421,0.006943327476770678
2023-06-29,0.003933531831108198,0.003211813427908454,0.00625411500761912
2023-06-30,0.011731756348191425,0.004390656467894247,0.007196359976066781
2023-07-03,0.0011498523706774371,0.001964826202601937,0.0032672697932232945
2023-07-05,-0.0014882035103405817,0.0026755164216927577,0.004490828267157031
2023-07-06,-0.007861536804356776,0.0048895540211680594,0.006914453258427847
2023-07-07,-0.0025279285137442473,0.006966378598063672,0.009896310514817687
2023-07-10,0.002527928513744244,0.002959601004270454,0.005117590823042376
2023-07-11,0.00634834895583935,0.004898850384945392,0.007978119711316891
2023-07-12,0.00801363125190784,0.004040081638431548,0.005762090012831062
2023-07-13,0.007905603399044732,0.004001678247455586,0.0065174675053229665
2023-07-14,-0.0006230097010479354,0.004194802580833968,0.0063879877247714914
2023-07-17,0.003466131615157293,0.003799002187052979,0.00632154672758809
2023-07-18,0.007403246020353202,0.005550026590397699,0.010590276167988237
2023-07-19,0.0022212468759442226,0.0035939936170103818,0.005096676761870476
2023-07-20,-0.006656670332305954,0.005015114959075607,0.008094130039790662
2023-07-21,0.0,0.0019432917139015208,0.004423017454100441
2023-07-24,0.004457462297448842,0.004116622424985712,0.0060326302913091484
2023-07-25,0.002726137707783429,0.003943329736764848,0.006301587699373712
2023-07-26,0.00015376882303084208,0.005425023702258389,0.007925150433949766
2023-07-27,-0.00665184556542504,0.008409900542862125,0.01743688218241182
2023-07-28,0.009742580103265161,0.008095805781758085,0.011577537401430823
2023-07-31,0.0019022620137487281,0.003222974656391091,0.00460913482110993
2023-08-01,-0.002865750617300875,0.0027119484727649136,0.003855611906909415
2023-08-02,-0.014008464936816213,0.0049226306561236804,0.009263952335818747
2023-08-03,-0.002869914210317436,0.005269687368207703,0.00761967172185736
2023-08-04,-0.0045331453764536605,0.00891150810183259,0.014838532976073474
2023-08-07,0.008690689611148415,0.003590517575337859,0.006389929083920775
2023-08-08,-0.004358068655073096,0.008520481518408528,0.012100330235898397
2023-08-09,-0.006707758478666694,0.00492022811016553,0.009512104883798415
2023-08-10,0.0003589534371777713,0.01057914931613484,0.01569823494093279
2023-08-11,-0.0005834003236670569,0.004777324539393096,0.007517123638273306
2023-08-14,0.0055049281684394925,0.0035203408650571495,0.008323805741181342
2023-08-15,-0.011717282820911333,0.005034430753722419,0.009799333269940211
2023-08-16,-0.007365287227840233,0.006291599689996835,0.010576821357361666
2023-08-17,-0.007648908583790651,0.0060217814355063935,0.013018846557418747
2023-08-18,0.0004811852420443351,0.005904720576409652,0.01044672980204761
2023-08-21,0.006485156665711846,0.007310175779592888,0.010902667790937567
2023-08-22,-0.0027123059702251926,0.003925085984799066,0.008239154175168984
2023-08-23,0.01107631487134409,0.005023773928822486,0.010315345093584513
2023-08-24,-0.013956004643946328,0.007661240813927771,0.01913528711766932
2023-08-25,0.007025064036912499,0.010002254558416013,0.014319130339544399
2023-08-28,0.00632128200553946,0.005442411807135786,0.007746843888626971
2023-08-29,0.014351355825529773,0.0063644455794944635,0.015562429189958598
2023-08-30,0.004110200095815569,0.004039183100248449,0.006407872521364464
2023-08-31,-0.001464291856194907,0.003778382169041808,0.005928684076763549
2023-09-01,0.0018633616910219766,0.005622452041793436,0.008843327047059946
2023-09-05,-0.004331280734201486,0.002140056490315083,0.004207070100489907
2023-09-06,-0.006745211321591454,0.006805314187519941,0.010532948308398729
2023-09-07,-0.003074883104727679,0.0037333508174650764,0.006294228963812077
2023-09-08,0.0015049931196800378,0.003999496866063777,0.00579095581766694
2023-09-11,0.006555114617180195,0.0036216223292638615,0.0051287495381023215
2023-09-12,-0.005500742366068933,0.004784440361379918,0.0070404811758426125
2023-09-13,0.0011652878463388027,0.004146423763133954,0.005890136447765144
2023-09-14,0.008585516671979187,0.004977113076694066,0.00746066582478369
2023-09-15,-0.012121485766631659,0.004976111275353964,0.01028485826468372
2023-09-18,0.0005862600029886815,0.0037530966438141986,0.005432463168820013
2023-09-19,-0.0020760532728328956,0.005363835788520352,0.0075670442686531685
2023-09-20,-0.009235782436844768,0.005957164598022375,0.013701462622925325
2023-09-21,-0.016666623128888402,0.004644838541515747,0.010987714303581857
2023-09-22,-0.0022509600327621413,0.006057754447061607,0.009548849358582676
2023-09-25,0.004196465316413324,0.0038081445538234774,0.00821319136278361
2023-09-26,-0.014800458140330007,0.006424846516306258,0.011270823366942653
2023-09-27,0.0003991975936943398,0.00882250064348858,0.01262763768796737
2023-09-28,0.0057806569231685975,0.0077193779021350745,0.012554851630598904
2023-09-29,-0.002429893076937126,0.007691763133516618,0.013895392272730758
2023-10-02,-0.000397714208406856,0.0067895281605896115,0.00968855086960567
2023-10-03,-0.013476571978483669,0.010862003212835532,0.01705449015361284
2023-10-04,0.007255601355061402,0.007198620408791054,0.011467986330689196
2023-10-05,-0.00037685789658293325,0.007013470342561572,0.009893949798476128
2023-10-06,0.011802922546940741,0.013549703695867048,0.02451459368119752
2023-10-09,0.006381790779183102,0.006844059444492853,0.01357883596927394
2023-10-10,0.005191413702420609,0.007273209000629417,0.010793027912690819
2023-10-11,0.0040878896150282965,0.005442701491770925,0.007792431791829122
2023-10-12,-0.00611518933044803,0.008769624871920498,0.014089344878397208
2023-10-13,-0.0049933213347466456,0.009312217608590113,0.015225972941410773
2023-10-16,0.010466530411664704,0.00485363661120662,0.008187338900693971
2023-10-17,-4.5969757192572335e-05,0.008021450589572016,0.013049866026274799
2023-10-18,-0.013414521784307154,0.008157724497177797,0.014155869131009143
2023-10-19,-0.008825204976958167,0.009667111232081577,0.016626401659512836
2023-10-20,-0.012364247964592337,0.005795809157715235,0.012963322825820939
2023-10-23,-0.0017346582469769383,0.011095159233101245,0.015816069422084394
2023-10-24,0.007511037892539779,0.006670397554226351,0.00963108619034761
2023-10-25,-0.014456180942413495,0.005189019115207255,0.011735180355201049
2023-10-26,-0.012046964478644472,0.00783387899685918,0.013889178616641927
2023-10-27,-0.004542965837289336,0.007592087879737616,0.013124609780279076
2023-10-30,0.011884814507292259,0.0069743194260473524,0.010731710325991493
2023-10-31,0.006260680801248639,0.00669095784870499,0.010330002864945204
2023-11-01,0.010608375959465703,0.006343075300986539,0.011474958741052033
2023-11-02,0.01898294216247868,0.003870093529966448,0.010121682074231728
2023-11-03,0.009082086336013968,0.004852266965963659,0.0075456043637419975
2023-11-06,0.0022977753453691557,0.00400357542560841,0.0056691712154568145
2023-11-07,0.0028420035030114654,0.004671808562673508,0.007049153465990397
2023-11-08,0.0007321435978392722,0.005199047807447409,0.007364210910698971
2023-11-09,-0.007829325917656563,0.0049845217881261325,0.011686352957347105
2023-11-10,0.015484285140177544,0.009415639933353892,0.01611403812796141
2023-11-13,-0.0009536355755799552,0.004476717134738268,0.006610720662422541
2023-11-14,0.019214904880744236,0.005296109246865136,0.008847193464900798
2023-11-15,0.0021147077974395176,0.004009540915320697,0.005737451369565339
2023-11-16,0.001222344814665174,0.0035770344242710026,0.005419457570278155
2023-11-17,0.0012431900903252825,0.0032571281824330767,0.004725049008268442
2023-11-20,0.0076680806239757225,0.005055896015267257,0.010148407894234768
2023-11-21,-0.002181872396579598,0.003384686101997824,0.00478746327868824
2023-11-22,0.003853677793468511,0.003868122412844009,0.005472265602600078
2023-11-24,0.0006150711910450706,0.0011543734727695713,0.0016911685357259294
2023-11-27,-0.0018026618736437482,0.002179942684404869,0.003102454735136411
2023-11-28,0.0009896527401799893,0.004146032116833049,0.006088824782423169
2023-11-29,-0.0007038190873076798,0.005364550555240115,0.009062702646096541
2023-11-30,0.0039300421924706895,0.005164327720703032,0.007493456339769395
2023-12-01,0.005898432453759549,0.0052638476418158464,0.00977998295509206
2023-12-04,-0.005263378850591857,0.007249872145998417,0.010466615765056411
2023-12-05,-0.00019721408385381628,0.0037994053043935916,0.005957076619237957
2023-12-06,-0.004037844100191162,0.004342053562238189,0.00996129536902681
2023-12-07,0.007601462182430293,0.0036126686953900345,0.005695797501225652
2023-12-08,0.004289963687276682,0.00399595653106842,0.00769232605610907
2023-12-11,0.0038820545594890877,0.0027464117569438637,0.005844308890029136
2023-12-12,0.004556746071599175,0.004393952423892936,0.007756961982699592
2023-12-13,0.013695913703478712,0.006086897364848011,0.014112677254914973
2023-12-14,0.0032043601159370614,0.006687830272319985,0.009491347415603877
2023-12-15,-0.0016480195958501406,0.004924959193020612,0.006967420844196382
2023-12-18,0.005609459620211821,0.004447174238304662,0.006547018517911392
2023-12-19,0.006062332738728966,0.0020996315577004017,0.0052017547800365495
2023-12-20,-0.013954171717554139,0.00949040584513628,0.017255341912092558
2023-12-21,0.009437275041025114,0.005949080158650204,0.008758228351016589
2023-12-22,0.0020075803906244795,0.005488213563171885,0.007769434652596075
2023-12-26,0.004213777621937159,0.0032513447986402175,0.0054451726503212654
2023-12-27,0.0018062703997776652,0.0022288665915590027,0.0037144844334801165
2023-12-28,0.0003777728826495302,0.0018965459782664374,0.0027061151287777496
2023-12-29,-0.0028990526035795774,0.005332550737332054,0.007847533200410615
2024-01-02,-0.005612168054795362,0.004719401165011182,0.006728072007667891
2024-01-03,-0.008200076523609247,0.003995090000211761,0.006442093386430439
2024-01-04,-0.0032264082605235997,0.0057371594949527,0.00836758190447644
2024-01-05,0.0013687315010344706,0.0060261479417282465,0.008569861622822588
2024-01-08,0.014175042329764371,0.00523581860344969,0.013590417454871263
2024-01-09,-0.001518346265096448,0.004652560044627786,0.00755462677339798
2024-01-10,0.005639533185943504,0.004298484163468117,0.007512206454977547
2024-01-11,-0.00044077016456820243,0.008569057267526884,0.01230184796153658
2024-01-12,0.0006925422087069526,0.00476277312259063,0.007069722180430656
2024-01-16,-0.0036779964942888588,0.0052688771467440925,0.007474760170373652
2024-01-17,-0.00557406896482602,0.004336799001085681,0.006182670340053729
2024-01-18,0.008853303640594735,0.006102849842310618,0.009737841772031915
2024-01-19,0.012389152946588758,0.006686584422640788,0.012810133635150128
2024-01-22,0.0021122198524993778,0.0034913946842358773,0.005047062529313485
2024-01-23,0.0029121688152380612,0.003054472943865765,0.004578580972227071
2024-01-24,0.0010926008750302867,0.0047297141417885465,0.00801414123378043
2024-01-25,0.005424168909823925,0.004202093076020974,0.00598320373227052
2024-01-26,-0.0012713351829032272,0.0037326371026033616,0.00529325732521119
2024-01-29,0.00788824366135556,0.004185735921547144,0.00865104747907108
2024-01-30,-0.0007737914105120574,0.002134682656029035,0.0030760653518414663
2024-01-31,-0.016451854235812403,0.005288624600537114,0.01288104944873962
2024-02-01,0.013003269341093398,0.0053157020470057876,0.011099801835371487
2024-02-02,0.01047226985909592,0.007655391206189017,0.01365429334815568
2024-02-05,-0.003647713799742804,0.005781829668404584,0.008425528371404136
2024-02-06,0.002898983842984515,0.0032027307646389346,0.004595367182403705
2024-02-07,0.008305780338857349,0.003902120367409204,0.006364210778739804
2024-02-08,0.0004417791649961131,0.0020405076371211987,0.0029097400628944605
2024-02-09,0.005762636202436175,0.003370505843057076,0.006304875469165178
2024-02-12,-0.00043905185582635497,0.004587137509627113,0.006507265148576919
2024-02-13,-0.013868717076671037,0.009102258812607325,0.012892639431481594
2024-02-14,0.009046622498174164,0.006265180584063535,0.00936681581148036
2024-02-15,0.0068760360062306404,0.0034164449830553934,0.006772821951597882
2024-02-16,-0.004992352033929131,0.005142607396496755,0.008248073185001183
2024-02-20,-0.005520718018703467,0.005511464874701749,0.00797163897501827
2024-02-21,0.0009054726804274735,0.004953964985275378,0.00766275341218279
2024-02-22,0.020484184360414718,0.006332002444218215,0.010778327528479095
2024-02-23,0.0006895440962624964,0.003838424686227842,0.005966326164972604
2024-02-26,-0.00366930238537441,0.00286571237044138,0.0057116043878632
2024-02-27,0.0018559626862470018,0.003356322746755614,0.004754115355038193
2024-02-28,-0.0013225770804473325,0.002397129128956556,0.0037530001576935833
2024-02-29,0.0035885836972419996,0.006116109367713185,0.00864034058982754
2024-03-01,0.009344411629882815,0.004548559675514587,0.009222932034550593
2024-03-04,-0.0010729130739059135,0.003014105998104074,0.004294382704378106
2024-03-05,-0.0100444068496223,0.007143338713087046,0.011416082315027706
2024-03-06,0.005054396243674249,0.00496346251051338,0.007160360758184117
2024-03-07,0.009877630732346605,0.008136228455937387,0.011810215649807325
2024-03-08,-0.006020355542295706,0.008625645956544217,0.01385516650394639
2024-03-11,-0.0008602940963633521,0.004582380389009013,0.006610868586454423
2024-03-12,0.010700023119379076,0.008017086355928783,0.012616624408108545
2024-03-13,-0.0015687592788722101,0.003584309941791266,0.005426648743052091
2024-03-14,-0.001978717319491776,0.006880683315393327,0.010311675760207436
2024-03-15,-0.006890390961422348,0.0049428872395088285,0.007021982198248549
2024-03-18,0.005925625823070224,0.003948181150876024,0.005927500905066504
2024-03-19,0.005541705083028733,0.005158654723571201,0.00946269158033007
2024-03-20,0.009206828921368754,0.005030218273067127,0.010643979087061826
2024-03-21,0.0032992830810070614,0.0026164155477943533,0.004212968509389966
2024-03-22,-0.0018976125447877107,0.0019467107903734595,0.0031465524055551268
2024-03-25,-0.0027667173835605654,0.0018208640881476365,0.002578114945292957
2024-03-26,-0.0018484984166147538,0.003214649404375924,0.006129397449443211
2024-03-27,0.008368268296635836,0.0047371281243948245,0.0071105603528483306
2024-03-28,-0.0001909374570601044,0.002465251446989348,0.003498491653246662
2024-04-01,-0.0017411469879309405,0.004164585794878519,0.006530631138100772
2024-04-02,-0.006378494886666896,0.003337859173895567,0.004818440888517673
2024-04-03,0.0010979323981891338,0.0039804538339722325,0.0063149139725169326
2024-04-04,-0.01228119656826022,0.0085262560673988,0.021653936486179918
2024-04-05,0.01039248454866964,0.007378937452703306,0.012402817673788456
2024-04-08,0.0005592787565285971,0.003076940965509731,0.004414671029996565
2024-04-09,0.0011561238739904325,0.008629664178717947,0.012323854894477203
2024-04-10,-0.010063512906370174,0.00554387129903951,0.007916335345282292
2024-04-11,0.007518588345199828,0.009753969228333489,0.014285643588622074
2024-04-12,-0.013899297956509599,0.00826330115216694,0.013193737244641103
2024-04-15,-0.012607182378261774,0.009751867529323478,0.023233226161352736
2024-04-16,-0.0018254526452240354,0.005758060575258546,0.008519866850678428
2024-04-17,-0.00593594479758572,0.007322819933404122,0.014184409702657384
2024-04-18,-0.0020597631720567,0.007238489863678498,0.011150719584249286
2024-04-19,-0.0087667130060391,0.007714092946763442,0.013329037189399918
2024-04-22,0.009167114165294024,0.009564843464945108,0.013907812755250826
2024-04-23,0.011796593721984869,0.007893555001828513,0.012973395901863085
2024-04-24,-0.0004746410879430105,0.005763392993077209,0.008389209164149479
2024-04-25,-0.0038061945199162153,0.00794139639374519,0.013466005105961965
2024-04-26,0.009429357841225528,0.005329661079703912,0.008224122684192255
2024-04-29,0.003535171031861077,0.004862109130743855,0.006861937844082521
2024-04-30,-0.015967978006631474,0.006840738573006736,0.015100176115323587
2024-05-01,-0.003252496221421808,0.01160226588051422,0.016628374583246126
2024-05-02,0.009309915548287905,0.008851637268349333,0.012553762886943721
2024-05-03,0.012319262744207977,0.005523810961598412,0.007803771182093081
2024-05-06,0.010273716493663328,0.003013744102590304,0.006407645646597238
2024-05-07,0.0011029363726240758,0.002852407398262984,0.004099460604743062
2024-05-08,9.653770527552337e-05,0.002696897197674702,0.00502711880288527
2024-05-09,0.005745449843398838,0.0034078900032806793,0.006728569727185698
2024-05-10,0.0012873396457116538,0.003973729732900399,0.005855901305018283
2024-05-13,0.000134117940533271,0.0034550635744434476,0.005624758263110241
2024-05-14,0.004577728852145178,0.0035795031455028185,0.006248843125415306
2024-05-15,0.012307024039364773,0.004635483933830865,0.009249167849089721
2024-05-16,-0.002059759309742172,0.003721973165476145,0.005636651894578854
2024-05-17,0.001436629677022117,0.0028463520643578974,0.004155278414028909
2024-05-20,0.00115150910450104,0.003134208527394935,0.0045089511742929245
2024-05-21,0.0024493460383734,0.00217494948710877,0.004610833097283786
2024-05-22,-0.0028831952229763456,0.004955705236404409,0.007134418917292194
2024-05-23,-0.0073313238230550805,0.007556887310012199,0.015875800958742626
2024-05-24,0.006594721309515062,0.004131827647202387,0.006403019478703998
2024-05-28,0.0006986258374848982,0.004514298798592995,0.006417441025518737
2024-05-29,-0.007027263265614782,0.0025585803378515974,0.0036875166915672055
2024-05-30,-0.006655678770370006,0.004712586881686385,0.007405130452270477
2024-05-31,0.009066864636823156,0.011522474362142968,0.017331313372135528
2024-06-03,0.0008150270520935997,0.00890637312605818,0.012713190844726267
2024-06-04,0.0011172654381305324,0.00514078760000963,0.00792975326037161
2024-06-05,0.011815105810351504,0.006490020670360203,0.011147104126205839
2024-06-06,-1.8874891184144265e-05,0.0036087701424403896,0.005124734171253039
2024-06-07,-0.0012163642770018411,0.005738063427857261,0.008145983299082685
2024-06-10,0.0030851247016054355,0.0034883524895638544,0.006384615393380222
2024-06-11,0.0024052097995918716,0.0056461968780393565,0.009237399869438431
2024-06-12,0.00817956629629219,0.004972117764943005,0.0070563163654180725
2024-06-13,0.0020116010110220717,0.00481795121994471,0.006894626509746788
2024-06-14,0.0006082006073453367,0.0031936953335953244,0.005453446724063578
2024-06-17,0.00792732281595392,0.006911511426891607,0.012648591215711987
2024-06-18,0.0025374979774265252,0.0019177353673723034,0.0034458507576953195
2024-06-20,-0.00272014037340495,0.005747326554270289,0.009031083073868752
2024-06-21,-0.0013418512655048842,0.0034141504677336087,0.004830039550502468
2024-06-24,-0.0032558051759180844,0.0053179764873251155,0.007978068997594751
2024-06-25,0.0038434737094737987,0.003458222669268489,0.005065818106658936
2024-06-26,0.0012472635714515352,0.0036130520888383068,0.00588433003984489
2024-06-27,0.0015754492332377332,0.002823746972244782,0.0043011816938989126
2024-06-28,-0.003943057093807249,0.00887138516580137,0.013468849885044513
2024-07-01,0.0020560237092508457,0.004353293704736469,0.006161266707189668
2024-07-02,0.006707233009539323,0.003411511804868192,0.00976300114063632
2024-07-03,0.00445281929210468,0.002627603431858064,0.005766497205737388
2024-07-05,0.005749807870507921,0.00385328796374316,0.007085663803525499
2024-07-08,0.0011532062586980477,0.0026174206631703416,0.0037098354882349692
2024-07-09,0.0009719247032038236,0.002051659171035589,0.0029865300324876123
2024-07-10,0.009846643936390637,0.004009266205372599,0.008729358146815526
2024-07-11,-0.008659955000958364,0.006096584399512588,0.0116805639522283
2024-07-12,0.00628770493303874,0.007796777232993794,0.011642991142332585
2024-07-15,0.0027462902588418882,0.006529149712126249,0.0092782606465054
2024-07-16,0.00591260159079859,0.0031505848483075406,0.00541726735465128
2024-07-17,-0.014120352748585932,0.004481321334677471,0.007002593451657964
2024-07-18,-0.007714548018579374,0.009555891143642607,0.016447774937903083
2024-07-19,-0.006662675135904506,0.006907496743479054,0.011238900626727938
2024-07-22,0.010257295669400018,0.0051076639815387445,0.007662489521188911
2024-07-23,-0.0015698509825340628,0.004324968899325389,0.006247897638874893
2024-07-24,-0.022923158516698044,0.007561364667355366,0.016407082392445437
2024-07-25,-0.005224160931676112,0.012602124558298929,0.018591798564135967
2024-07-26,0.011137532149954435,0.006980110331594022,0.010469495594502488
2024-07-29,0.0005873998319504298,0.005432607906818268,0.007948485594063274
2024-07-30,-0.005079319493174008,0.010405836264624206,0.016273076243946052
2024-07-31,0.01612381173530127,0.007316887532307853,0.010747776794894663
2024-08-01,-0.014261979902242546,0.01674956492250687,0.028434102804238515
2024-08-02,-0.018793875110654085,0.010630239946815412,0.01574406880101482
2024-08-05,-0.029556205846059915,0.01683593666933383,0.025725826182994013
2024-08-06,0.0091773062769515,0.015651847021582555,0.022752091022391195
2024-08-07,-0.006706482642421386,0.014043365975006309,0.026105810672856573
2024-08-08,0.02285432064010101,0.009895677500316079,0.017808255417135824
2024-08-09,0.004399763436769673,0.006987194467722318,0.01116345956969064
2024-08-12,0.0005253843187516568,0.006242118058939127,0.008963504578638058
2024-08-13,0.01631161630992063,0.0046442090574293025,0.011069294227772353
2024-08-14,0.003150044602830741,0.006223583955995196,0.008901198814655165
2024-08-15,0.016994927720332405,0.004103642592307651,0.008100205054373479
2024-08-16,0.0022395968496822147,0.003542329065160825,0.006783225599728636
2024-08-19,0.009515897281917143,0.004868427713522353,0.010275013224411465
2024-08-20,-0.0016276076904920282,0.004411030225042437,0.006282458723706606
2024-08-21,0.0034310149749894507,0.009297463015448407,0.013164005827637106
2024-08-22,-0.007879474234937062,0.007611913270781035,0.01474239085062969
2024-08-23,0.010569332033829815,0.006730411126910753,0.01031798476819285
2024-08-26,-0.002386876202511729,0.0055203342098503715,0.008666319909386136
2024-08-27,0.0013721290323900149,0.004125318089921306,0.006660001158620394
2024-08-28,-0.005822101403040916,0.007722556142740807,0.011839596151254052
2024-08-29,8.941311264362222e-05,0.007906800583534233,0.01164144404802537
2024-08-30,0.009500797762765715,0.008302633874909643,0.01252483261837975
2024-09-03,-0.020793727974768254,0.01092197806293859,0.02046802536439183
2024-09-04,-0.002048815295904586,0.006310621670277079,0.00902072891008026
2024-09-05,-0.0024352568196338385,0.008484617895346122,0.012190484863089861
2024-09-06,-0.016973327586779302,0.01136468165387659,0.022503467085224455
2024-09-09,0.011134153754436068,0.006208111070783312,0.009205595695714754
2024-09-10,0.004346113768765104,0.007453103030115477,0.010514075989489962
2024-09-11,0.010206922812040312,0.018811201174030366,0.027776710532819625
2024-09-12,0.00838773247167811,0.007141595059457768,0.011912275053708158
2024-09-13,0.005209080645751669,0.003721318634776239,0.006370023714233659
2024-09-16,0.0014758374472087982,0.0038551268777847585,0.005703149712776708
2024-09-17,0.0004085391054879098,0.006910335943914975,0.010282982554895887
2024-09-18,-0.0029701208031538205,0.009495619184893021,0.01400068580290143
2024-09-19,0.016920308323790854,0.005949503318030532,0.00840657808882911
2024-09-20,-0.001730098648055058,0.005141327236609038,0.007285551515068289
2024-09-23,0.002495896938823377,0.002746767115555403,0.003914619991936466
2024-09-24,0.00285718254803481,0.0045825636165491975,0.0065814980675049945
2024-09-25,-0.002208118912641866,0.0034945488361266975,0.005227776329335375
2024-09-26,0.003956852267685718,0.005498621320135228,0.008404678771955195
2024-09-27,-0.001451342942798752,0.004206706038893035,0.006649496890087422
2024-09-30,0.00399919035091777,0.006903000095608674,0.010980179318426651
2024-10-01,-0.008998756034548399,0.008537971502357496,0.014174664323812059
2024-10-02,0.00042198467364129805,0.005629383367986452,0.008139093981010242
2024-10-03,-0.0018298511436541753,0.005345240992071634,0.007590429190588172
2024-10-04,0.00904627377092313,0.006480974023283824,0.009180093449900168
2024-10-07,-0.009081487613016396,0.005407475969921605,0.009387138436831394
2024-10-08,0.009413000058420974,0.004324504488635402,0.0074149033039404896
2024-10-09,0.006902605812523331,0.004663689782158064,0.008940697315591203
2024-10-10,-0.001751569987531797,0.0037731998852409006,0.005363419417978856
2024-10-11,0.005970376139928544,0.0038483306096766547,0.00762628768242595
2024-10-14,0.008145193029141917,0.004403510911266177,0.007769781978355069
2024-10-15,-0.007799942941025302,0.005779230846223422,0.01096975760691834
2024-10-16,0.004336781226997753,0.003863435479901515,0.0066460504865465606
2024-10-17,8.600071030762595e-05,0.0029378313157913958,0.006800072359703962
2024-10-18,0.0038391689089158497,0.003357176376984258,0.004806783266059018
2024-10-21,-0.0016436298660986197,0.0051518582578045325,0.007282010802123392
2024-10-22,-0.0005313207962215572,0.004375584496212662,0.007063010123871035
2024-10-23,-0.009179475328915235,0.008199216137758373,0.01261274275622634
2024-10-24,0.002160467106629352,0.004192803877052962,0.006025119627812317
2024-10-25,-0.0003454644966876584,0.00729642912121231,0.01101824593277261
2024-10-28,0.003086661548734472,0.0018954999754435228,0.0037704704938958354
2024-10-29,0.0016170714627323846,0.005053793262818926,0.0077006038784185205
2024-10-30,-0.0030297943793906935,0.004706850998549248,0.006948206460270481
2024-10-31,-0.019797884833123065,0.0047407757414684275,0.012644207681817026
2024-11-01,0.004211707102523141,0.006075322701508674,0.008633358198163082
2024-11-04,-0.002156215568006429,0.005518668449440628,0.008090390430695083
2024-11-05,0.012019183608750759,0.0041351342003626826,0.010785452698919095
2024-11-06,0.024561477968850064,0.007613228715549878,0.011065204166343436
2024-11-07,0.007702531946398239,0.0034391298160911226,0.006128212259416921
2024-11-08,0.004322148076212729,0.0035243864398412975,0.005800885544925509
2024-11-11,0.0009525361525001799,0.0035828702761333256,0.005294246206250707
2024-11-12,-0.0031112750719250325,0.005527508495418291,0.008242557729807226
2024-11-13,0.0004857550550502573,0.005053228674445173,0.007150083689675731
2024-11-14,-0.006450969292049736,0.004516258192275777,0.008696340030073635
2024-11-15,-0.012891272390424445,0.006379487559212882,0.010823776108354754
2024-11-18,0.004089038168664031,0.004558756368893369,0.007055960565572746
2024-11-19,0.0036485981538091927,0.0060171000724477605,0.011875231027325114
2024-11-20,0.00033877038491797717,0.007410399834407001,0.010431791946708404
2024-11-21,0.0053539950530813426,0.009168161913223645,0.012919607072869394
2024-11-22,0.0030946012319610686,0.0029976919767759273,0.005037698696585694
2024-11-25,0.0033863652088356455,0.0063653337490628065,0.009472282340674144
2024-11-26,0.005207900783252429,0.0033315895320829934,0.005427469629765151
2024-11-27,-0.003034688409689223,0.0038602800448888385,0.0059615353058144185
2024-11-29,0.0061930418880992415,0.003586275585130466,0.006588616353086775
2024-12-02,0.0017905165066066332,0.0020586308133970018,0.0030648519890142966
2024-12-03,0.0004640442165333117,0.002065006165481716,0.0030136052888580767
2024-12-04,0.006190207267556841,0.002754362752582978,0.004871080980013751
2024-12-05,-0.0016470951992252744,0.00232228471299624,0.003593434167877404
2024-12-06,0.0018937975551105272,0.0023537386767637242,0.003372744445143977
2024-12-09,-0.005162772841999922,0.0031513689091585166,0.006251187913448222
2024-12-10,-0.003113937006800448,0.0033867509322342633,0.00608822658340329
2024-12-11,0.007700907955482174,0.002947642652125702,0.004823350623579211
2024-12-12,-0.0051659602683920775,0.0023618528355303777,0.004682799090991967
2024-12-13,-0.00019863789310401795,0.004521012751077357,0.007149843874013505
2024-12-16,0.004260965609044162,0.0028848787217073796,0.004235414916663362
2024-12-17,-0.0041285016036246205,0.002667062664518639,0.0037729705019460295
2024-12-18,-0.030256607474861773,0.01583562881225062,0.03500026859298511
2024-12-19,-0.0003073061747882439,0.006537577832208862,0.012199325562015842
2024-12-20,0.01193934890226291,0.0148099154783019,0.02510365599693226
2024-12-23,0.0059704557798403,0.00821887844979939,0.012847054124119602
2024-12-24,0.011053883323589624,0.004303547331537833,0.009762275522222157
2024-12-26,6.64863345533963e-05,0.004820341177145183,0.007316930825168215
2024-12-27,-0.01058227626571189,0.007925838946653226,0.011798153671423381
2024-12-30,-0.011477408026577816,0.008806892306554263,0.012461353668563659
2024-12-31,-0.003644452646410144,0.006296928361280552,0.010612939456913335
2025-01-02,-0.0024601476798058125,0.01180457563058256,0.018182137069773893
2025-01-03,0.012425882521837194,0.005750874508339593,0.01042314854788516
2025-01-06,0.005744086485510305,0.007166790396373551,0.010245963402279568
2025-01-07,-0.011368421757193178,0.00930974520389941,0.018636444986029795
2025-01-08,0.0014598399656557185,0.006417148349177708,0.009126541539192892
2025-01-10,-0.015385176811872776,0.006911422863497367,0.012747893225643223
2025-01-13,0.0015493839894041204,0.004973877738106705,0.011008142989749243
2025-01-14,0.0013750045248620301,0.007746370246540407,0.011422429767216353
2025-01-15,0.01802636005932923,0.005047245159330282,0.007996204325569729
2025-01-16,-0.0019247437752762432,0.003101176301832451,0.0057805131929564435
2025-01-17,0.009989835238136619,0.004390888657330161,0.00627531023922478
2025-01-21,0.009111737358867486,0.004544177905480102,0.007279686157533922
2025-01-22,0.005605898821562855,0.002817667858076764,0.004056496871500262
2025-01-23,0.005443013135641363,0.002813168226183264,0.006937237341123337
2025-01-24,-0.002923534622772219,0.004224067493526105,0.006546444225367305
2025-01-27,-0.014246253240348535,0.003636884205198665,0.008425493157997264
2025-01-28,0.008555611473282456,0.008660098992182211,0.013432136000200318
2025-01-29,-0.00449294263302562,0.0054239758610125435,0.008158778018986583
2025-01-30,0.005352730808165938,0.006797600837492027,0.009718374151049538
2025-01-31,-0.005336122895857077,0.008612925834146424,0.014805147836980039
2025-02-03,-0.006752402104226648,0.010349284869867144,0.01639424439628724
2025-02-04,0.006685968799990253,0.004274538763161107,0.008341849599029056
2025-02-05,0.004046431526564131,0.005717691517883681,0.009582566462684086
2025-02-06,0.0034695004053163308,0.004455295945953838,0.006300315473799003
2025-02-07,-0.009195663829970117,0.007054960045741176,0.013449434604190513
2025-02-10,0.0067682677973716415,0.0031185632196093814,0.0045631311515740335
2025-02-11,0.0007601494912811484,0.002837018041988321,0.005666505905429477
2025-02-12,-0.0032265823363159894,0.005649903771864947,0.010010571091857236
2025-02-13,0.010502057249309953,0.0057312973552846175,0.011054057452109118
2025-02-14,-4.917818218578768e-05,0.002212038035135614,0.003149061623282983
2025-02-18,0.00293159633618473,0.003551698948437566,0.005085913753666615
2025-02-19,0.0023521503613693965,0.0031024447826051675,0.005987605361151756
2025-02-20,-0.004168922727060123,0.005277266696928106,0.007634544230238873
2025-02-21,-0.01725217443558737,0.007076084269996197,0.01805183359297907
2025-02-24,-0.004560895433181786,0.0058818662423725425,0.010950986791710993
2025-02-25,-0.004985381948838943,0.009444909365048862,0.014017934213007644
2025-02-26,0.0005045657246445324,0.009047966158371154,0.012984882469797836
2025-02-27,-0.01609067453879389,0.010079341642549852,0.02285273975925419
2025-02-28,0.015485081527449984,0.011626123882772232,0.020667084743830083
2025-03-03,-0.017675268948049022,0.016372519033217244,0.02987478263342485
2025-03-04,-0.011907373878382277,0.015758033738832996,0.022778516420114386
2025-03-05,0.010690384507583731,0.012691872248855977,0.020238033551226383
2025-03-06,-0.017910489771301517,0.011986755754769568,0.017548126289727618
2025-03-07,0.005589128521604177,0.0134950434170441,0.020419520271203345
2025-03-10,-0.026996553580174967,0.015742270034332668,0.024884852735732342
2025-03-11,-0.008347857429316015,0.014703681947215176,0.021585840352746084
2025-03-12,0.005292569828978419,0.01135380702105229,0.016855410010302947
2025-03-13,-0.013420084184445498,0.009053771017130369,0.017101289340320524
2025-03-14,0.020445242975871563,0.013763905340659452,0.02192574209590869
2025-03-17,0.00768186670863444,0.007844344466788503,0.012977247764949906
2025-03-18,-0.010867434596180626,0.006229559816489348,0.010623545979047284
2025-03-19,0.010832187953967027,0.010633096873707889,0.01643363469394377
2025-03-20,-0.002895997442686325,0.009658313334589434,0.014094027968519657
2025-03-21,0.0003297278074161223,0.006898582520213178,0.012163526346911986
2025-03-24,0.017750129678794302,0.004967305455923468,0.008622512645752837
2025-03-25,0.0024009369755894215,0.003340131517401923,0.004726602369007427
2025-03-26,-0.012010061230411853,0.008736551598193741,0.01607487682994626
2025-03-27,-0.00265926860372378,0.007419973152130573,0.010510019385345366
2025-03-28,-0.02034375026588785,0.008932205942986979,0.020156233575093253
2025-03-31,0.006690148070852806,0.014054738400422285,0.024741283349805323
2025-04-01,0.0028206824785567135,0.011056445212415507,0.016507139863509004
2025-04-02,0.006308357997637376,0.011915565198361682,0.022337534392550245
2025-04-03,-0.050536529322263164,0.011069893947030318,0.020998617923910848
2025-04-04,-0.060326595809965626,0.017929399439684177,0.04118508076486014
2025-04-07,-0.0017827152983578298,0.05506178961625043,0.08202148125756778
2025-04-08,-0.015786772651821854,0.03920425634325497,0.07214787305430313
2025-04-09,0.09986287145801089,0.03690315536444688,0.10129052498779002
2025-04-10,-0.04480811874838202,0.03155879870901545,0.0460940026078804
2025-04-11,0.017685577889526977,0.017731398142982205,0.03064011925826416
2025-04-14,0.009654633614505052,0.012442660599293307,0.0193278751292604
2025-04-15,-0.0028049519240955145,0.008063423729178738,0.011941710691921053
2025-04-16,-0.022478730006617785,0.02243396676406214,0.033481789598339175
2025-04-17,0.0014258180630277613,0.009622639348749205,0.01379155057085459
2025-04-21,-0.02409056865722113,0.015936167343836006,0.025764810123274823
2025-04-22,0.025685056289012017,0.010712559454361394,0.01917493665540537
2025-04-23,0.015376535724403154,0.01398367227485471,0.021571828025900883
2025-04-24,0.020830560538646615,0.010674367404653476,0.021913662981305464
2025-04-25,0.007199333805528579,0.008364848084757646,0.01336623775201216
2025-04-28,0.0003813124578095559,0.010964136246664695,0.01548510236865386
2025-04-29,0.0062795189624677665,0.006400742965958788,0.012447727527227222
2025-04-30,0.0003967513772843797,0.017648631376813665,0.027049447459783167
2025-05-01,0.007062096677786744,0.007537923132143085,0.011119706158663692
2025-05-02,0.014735148200142734,0.007165061983715693,0.010586491454259897
2025-05-05,-0.0057509377390260056,0.00611673113790497,0.008784248941895709
2025-05-06,-0.008393563113417038,0.008008047905030211,0.011435135563475777
2025-05-07,0.004196709046927182,0.009762415402101314,0.013864437242070267
2025-05-08,0.006943490354199879,0.010754790851222303,0.015237294072776252
2025-05-09,-0.0012748146512998905,0.005444393039334358,0.008399174272267104
2025-05-12,0.032513103328074035,0.007082477544064372,0.010223197777821467
2025-05-13,0.006582150859953346,0.006590053463072422,0.010633204874949382
2025-05-14,0.0012771612564794342,0.004135505018340854,0.005854426188639799
2025-05-15,0.004872501047651316,0.004795751489905206,0.00994139297962388
2025-05-16,0.006314068180387681,0.005414829760560648,0.008784871416842487
2025-05-19,0.0010932218581512902,0.005358274315948979,0.012507359412896771
2025-05-20,-0.0033677140150286705,0.005310899837075028,0.0075061354310307915
2025-05-21,-0.016994575602477916,0.011525192922045839,0.018460711038749744
2025-05-22,0.0003946302521337387,0.006291480926353333,0.008935193079451474
2025-05-23,-0.006849147787943921,0.006799356696990553,0.010723389562841464
2025-05-27,0.020577403395595384,0.014619502625835648,0.021788047620532467
2025-05-28,-0.005802042286610501,0.005631100357277419,0.009834497964975498
2025-05-29,0.003939461363247665,0.00794426432331248,0.012083730243740279
2025-05-30,-0.0011189220138186613,0.009489147299690213,0.013386746385827066
2025-06-02,0.005617115132785442,0.007679393697908656,0.013041757659206059
2025-06-03,0.005686254815427237,0.004828770558205888,0.008773912107699683
2025-06-04,-0.00026854848770040476,0.0027103071278628747,0.004128038532866064
2025-06-05,-0.004844471791619437,0.008148345623530572,0.013405298660602222
2025-06-06,0.010216662684454049,0.0046612221353586275,0.00662621697970006
2025-06-09,0.0009008229136485706,0.0032531495327545634,0.00460247098341523
2025-06-10,0.005653808661982898,0.004219236173289739,0.007262624732272932
2025-06-11,-0.002856255197579159,0.006141037763062271,0.00962813983035284
2025-06-12,0.003966501735249262,0.0031306044112706633,0.007006178830227754
2025-06-13,-0.011242922732305304,0.007360493609284583,0.010670008571503409
2025-06-16,0.009469058135844975,0.004371522635962705,0.007018718980740978
2025-06-17,-0.008581684426416531,0.005189767105811125,0.008351028383036755
2025-06-18,-0.00015082803167561687,0.00551159575370119,0.007950589148013644
2025-06-20,-0.0023511324016408427,0.006559222500288329,0.011105937093162354
2025-06-23,0.009828918405284248,0.008774988172408711,0.014413001794595141
2025-06-24,0.010986611589662867,0.004533234007653701,0.007317318018114737
2025-06-25,0.0005602274649639028,0.0034833517305031645,0.0050566730611896855
2025-06-26,0.007793362434847595,0.003498234665023177,0.006439280358324453
2025-06-27,0.004956020908146138,0.006068665642847654,0.009041970046706127
2025-06-30,0.004769785792837614,0.004766040501263639,0.006765384544714391
2025-07-01,-0.00032366665853689923,0.0035627291290458514,0.005359017935332914
2025-07-02,0.004523120741211659,0.003046312901557792,0.006253533413611894
2025-07-03,0.007850503460552976,0.0032746909306703253,0.006156709079464706
2025-07-07,-0.0074800746902413,0.006483547437505683,0.009924654012337854
2025-07-08,-0.0005477859312437243,0.002771296132699088,0.004175074488488448
2025-07-09,0.005978747694233981,0.004130051820064098,0.006105178305770175
2025-07-10,0.0028161901993610516,0.004059546492092878,0.006167884226115366
2025-07-11,-0.003521404486261488,0.0036749856488830957,0.005339719830602662
2025-07-14,0.001906266886477044,0.003438024373501125,0.00537761137736508
2025-07-15,-0.0042823684543158574,0.0037981125032822277,0.009322640653882766
2025-07-16,0.003337598209687879,0.0075864788478192694,0.01070134406026258
2025-07-17,0.006101087198508791,0.0031064468530488626,0.006719368011469858
2025-07-18,-0.0007327011500944641,0.0029315117885563794,0.00479611945648969
2025-07-21,0.0018943480812726298,0.003591948487057733,0.005089223519690871
2025-07-22,0.00014308705537016195,0.0039790997131505,0.005629199042398481
2025-07-23,0.00847149255093666,0.00427820600617978,0.007063971474262622
2025-07-24,0.00033107217729321593,0.0023985806899520677,0.0034047385610069024
2025-07-25,0.004215440684552298,0.0023274594787412155,0.004300722554344966
2025-07-28,-0.0002511005278458048,0.002725642590800431,0.0039250164700244125
2025-07-29,-0.0026411464479572516,0.0037474433850662,0.006816037509247555
2025-07-30,-0.0012600660278384859,0.006690684503138289,0.009677543794401824
2025-07-31,-0.0037583146800458755,0.007077006106330667,0.01436520030563923
2025-08-01,-0.01652632579683557,0.006577124084102486,0.011339588818663437
2025-08-04,0.015085602141510364,0.0032690160479989564,0.008935712670106613
2025-08-05,-0.005082919798509285,0.004989823140733557,0.008869862547698176
2025-08-06,0.007630474189105244,0.00468296683471134,0.008391537837396717
2025-08-07,-0.0008378898389999063,0.00787343020725697,0.012447600027184666
2025-08-08,0.00776721341099377,0.0030998075489181696,0.006136467284962508
2025-08-11,-0.0019793621405001806,0.004520225069143852,0.006746193196929418
2025-08-12,0.010589711326313691,0.005159807482235926,0.009429114402859007
2025-08-13,0.003417286804688239,0.0038513223178159675,0.005442803712100546
2025-08-14,9.300924530087265e-05,0.002936536084671625,0.005085616248761109
2025-08-15,-0.002344038723875428,0.003050830580805672,0.005548314233919375
2025-08-18,-0.00021754442121282353,0.0019554767397544216,0.002829173571824223
2025-08-19,-0.005439966259085958,0.005315200560901568,0.008799495013043895
2025-08-20,-0.002660617109700641,0.007350236429793704,0.010515367399874166
2025-08-21,-0.004019781603116135,0.004570527690526198,0.006545469631708049
2025-08-22,0.01524010888895442,0.007094888430281162,0.014334196022060128
2025-08-25,-0.004410828663105095,0.002850487498472789,0.004576093164617003
2025-08-26,0.00417822779510161,0.003251655440943306,0.006107016252422693
2025-08-27,0.0022758610152143876,0.002548970470932282,0.004562133190163309
2025-08-28,0.003535163844696036,0.004224927909173413,0.006379759789050028
2025-08-29,-0.005981588576274999,0.004592638677961382,0.007286275941361284
2025-09-02,-0.0074377486157517,0.005557349519443921,0.008699466091347757
2025-09-03,0.005404816884527026,0.003996575791301782,0.00582533329743068
2025-09-04,0.008322782770799371,0.004204087716278755,0.008688708853313524
2025-09-05,-0.002900491260722524,0.008803180640350261,0.01371980257214463
2025-09-08,0.0024536603933174544,0.0028386512817743154,0.00402269672791263
2025-09-09,0.002309121214754036,0.003746143227148983,0.005597180743288102
2025-09-10,0.002886634953297581,0.004029827586164186,0.006010307689385088
2025-09-11,0.00827595011479291,0.003926885614575225,0.007207685475390694
2025-09-12,-0.0003347802811615078,0.0023680740285760833,0.0033616176020715384
2025-09-15,0.005309841107350581,0.001373359294392104,0.0025721372667244905
2025-09-16,-0.0013777402281604336,0.0023786787477116473,0.0038939504912406694
2025-09-17,-0.001243135932890432,0.007935252533864259,0.011256383677600118
2025-09-18,0.004661430493796572,0.004918239006723321,0.006976104625164436
2025-09-19,0.004940736530660038,0.004272891977928156,0.006298015065392856
2025-09-22,0.004719893112429032,0.0032908129132988477,0.007677996087504195
2025-09-23,-0.005458340322640168,0.004664160231236184,0.008081974350712944
2025-09-24,-0.0031867364861726762,0.004195941717478661,0.007472398462922156
2025-09-25,-0.0046241424508109445,0.005381090847416849,0.0075982069641387295
2025-09-26,0.0057127785651405125,0.004290610862485953,0.006784307190301475
2025-09-29,0.0028064118744700224,0.0035884323396613797,0.005153152095972866
2025-09-30,0.003759757999068319,0.004422356750792991,0.007565581551400501
2025-10-01,0.0034017796058662298,0.004534394421772203,0.009439744847576507
2025-10-02,0.0011510698904782946,0.0038418685146559607,0.0056632769392128005
2025-10-03,-1.4805515983767243e-05,0.004712091260584031,0.006754261566385645
2025-10-06,0.0035798566266859286,0.0032141728307784993,0.004541307990488393
2025-10-07,-0.003714403753721363,0.004631774933836953,0.007950752276184844
2025-10-08,0.005945346619066807,0.002988878801411221,0.005630638595445137
2025-10-09,-0.002901179078111572,0.004472451571284465,0.007047471032262177
2025-10-10,-0.027399832538963102,0.013601112529561223,0.032326704726013906
2025-10-13,0.015227587680655873,0.00526275479742592,0.008083955009031918
2025-10-14,-0.0012223931057610573,0.012709683929987127,0.019117277310106574
2025-10-15,0.0044297967857278185,0.011924355892172202,0.016988120455361924
2025-10-16,-0.006833615021649324,0.01093705479525211,0.01755878597100534
2025-10-17,0.005660249367837144,0.006721359381831225,0.011469159603820335
2025-10-20,0.010346787167762106,0.003680168924995411,0.0073588597217876615
2025-10-21,-1.5034665906118169e-05,0.0031666496369067232,0.004483918819211657
2025-10-22,-0.005212385777962875,0.008349771584541572,0.013027871168108586
2025-10-23,0.005912449677416068,0.003927933469061719,0.007309208807175919
2025-10-24,0.008139340211438471,0.002854361044860972,0.004163818809985203
2025-10-27,0.011728614603400918,0.002702603074139925,0.004990927206374133
2025-10-28,0.0026524950416700003,0.00420016362891887,0.005938282055694321
2025-10-29,0.00048016576939499743,0.006933994412194209,0.009936159886373787
2025-10-30,-0.011059024812133158,0.0051249085157150515,0.008987519229759256
2025-10-31,0.003274853895150146,0.00541337607545106,0.00856233597685382
2025-11-03,0.001874980999473234,0.005687268267649516,0.008575504318879691
2025-11-04,-0.011924360802475447,0.005559747004283241,0.007967544814614742
2025-11-05,0.0034593945896944198,0.006560645655404531,0.00987337623995961
2025-11-06,-0.010787338554332244,0.007103129986202634,0.012919446541494479
2025-11-07,0.0009840807123627038,0.01008456334410452,0.014710040013928609
2025-11-10,0.015483874055295284,0.006382945614954638,0.010492432720841115
2025-11-11,0.002286560853950906,0.004184221211675579,0.007086422921623318
2025-11-12,0.0005562356386344725,0.003949259389446506,0.0058679061970984365
2025-11-13,-0.016733219095931014,0.007525806577245448,0.015385938572677912
2025-11-14,-0.00016356304453120328,0.011584498661942904,0.018439351938944647
2025-11-17,-0.009360199290175043,0.01162680405923115,0.0173359763227563
2025-11-18,-0.008432918209560396,0.009730142579387448,0.014028617025024318
2025-11-19,0.0038557333802783146,0.008994687094203027,0.012963534388980557
2025-11-20,-0.01535967698345316,0.016451932054578813,0.036274166471176136
2025-11-21,0.009911946433389813,0.014240411960171352,0.020788145604909485
2025-11-24,0.014611154045103741,0.007008171706691849,0.01266575591120934
2025-11-25,0.00936196862512666,0.010870110335835112,0.017377323878559586
2025-11-26,0.006879861801814111,0.004832746562562409,0.0073270385439781266
2025-11-28,0.005443590966696786,0.002342084964213433,0.004638614615677373
2025-12-01,-0.004575923889866952,0.0042069646625205155,0.006247519187937416
2025-12-02,0.001850563521801528,0.004644615293031445,0.006588103298995262
2025-12-03,0.003456767569100685,0.004485257033128927,0.00763276344341474
2025-12-04,0.0007307827148079579,0.004087459576498743,0.005888408912261631
2025-12-05,0.0018976831042035792,0.0039193858476093075,0.005556443210529732
2025-12-08,-0.0030087308003297914,0.004500217652546207,0.007416303099639094
2025-12-09,-0.0008635808935584474,0.002892890546211958,0.004099302944251266
2025-12-10,0.006610428840848707,0.006468307699925089,0.011140644680446756
2025-12-11,0.002324242885119065,0.006325982864527101,0.01027325226781783
2025-12-12,-0.0108102968489866,0.008180983010038887,0.014242580722788865
2025-12-15,-0.0015119509722544683,0.004971940965058218,0.00956327758789494
2025-12-16,-0.002736024649435422,0.006353136433172046,0.008985574064207708
2025-12-17,-0.011064581322954193,0.005698379741223621,0.013762272711322597
2025-12-18,0.007522894645792734,0.006003366271917594,0.008633000832605073
2025-12-19,0.009022679156543787,0.003121142542675307,0.006788310098650541
2025-12-22,0.006210568439740869,0.004871924861480319,0.006965171468919325
2025-12-23,0.0045599897652677645,0.0025530712992457637,0.006293995219995308
2025-12-24,0.003511501850767283,0.0022041998578343964,0.0043889296842965055
2025-12-26,-0.00010141480775991423,0.002429465161314383,0.0034621454444145297
2025-12-29,-0.003570018446780222,0.0032064258130405673,0.004550417960175372
2025-12-30,-0.0012218705884970561,0.001996979509976456,0.002882025648251384
2025-12-31,-0.007436524151640613,0.003405662448276536,0.008285375880604809
