State_0,State_1,State_2,State_3,State_4,Date,Forecast_State_0,Forecast_State_1,Forecast_State_2,Forecast_State_3,Forecast_State_4
1.952659545490712e-19,1.0,1.8567559755478705e-110,0.0,6.670686582759818e-102,2010-01-05,0.2157465040518538,0.4609351446113802,0.264421490835496,2.5414707363453536e-22,0.05889686050127
0.0189856224243877,0.9387179804682678,0.0420249786386156,0.0,0.0002714184690591,2010-01-06,0.21572450381824093,0.4608670486843601,0.26492141597558816,2.521864101458299e-05,0.05846181288112646
0.0011853156643575,0.9019942014067512,0.0964880598970222,0.0,0.0003324230320012,2010-01-07,0.2149463091392934,0.45753532051858264,0.26806687964137993,2.16495956408308e-06,0.059449325741312016
0.0114473685283239,0.7691529397122107,0.2190192234901015,0.0,0.0003804682691831,2010-01-08,0.21415625057265938,0.4539914452845177,0.2722746825855757,1.5611394314275733e-05,0.05956201016275209
0.0039675107816481,0.9695933243492998,0.0246916802106867,0.0,0.0017474846580203,2010-01-11,0.21533759677073833,0.4599538969254456,0.26478311621300515,8.434779014714838e-06,0.05991695531145104
9.253879387172472e-08,0.011293585930783,0.757579515630589,0.0,0.2311268058995557,2010-01-12,0.17175650239750487,0.3788747135712514,0.24397022133445045,0.0004326167403151238,0.20496594595619955
0.0086282894735745,0.9865774867237408,0.0017350473842522,0.0,0.0030591764180724,2010-01-13,0.21539250489468972,0.46081641397417034,0.26333011692172875,1.6956171333987682e-05,0.06044400803771709
0.9087504362297392,0.0526268372230654,0.0373117199824051,0.0,0.0013110065643913,2010-01-14,0.232323467594495,0.5303001462007629,0.21342976661553367,0.0011852318478755373,0.02276138774093362
0.0218710905214215,0.9230071224318565,0.0550581472850349,0.0,6.363976157424589e-05,2010-01-15,0.21570916908131899,0.4606811583496277,0.2653122097228706,2.8585288060511393e-05,0.05826887755800927
0.0156297942673816,0.9799660508130272,0.0041909416023197,0.0,0.0002132133174233,2010-01-18,0.2159720535647017,0.4619570377101635,0.26364233203508125,2.0741938968679146e-05,0.058407834751236676
4.644239901982173e-07,6.265903071074399e-15,0.9979430315734528,0.0,0.0020565040026671,2010-01-19,0.20746675486148988,0.4251445300451703,0.30312820868478557,3.849910509750462e-06,0.06425665649816067
0.0017777971034294,0.916307034716812,0.0709715286459447,0.0,0.0109436395340388,2010-01-20,0.2134177048638973,0.4559469775647388,0.2647282221645488,2.279787474964698e-05,0.06588429753229033
2.5461387367455304e-47,1.8634089880587825e-277,0.0001315303949933,0.0,0.9998684696054116,2010-01-21,0.05152427077605204,0.22185695743544773,0.04737069228472953,0.0018715255288266025,0.6773765539753486
3.8542327913578153e-22,1.2765871486726428e-10,9.331268152034464e-07,0.0,0.9999990667451846,2010-01-22,0.051503860477708795,0.22183035045399552,0.04733721783026903,0.0018717699768600255,0.6774568012608246
0.0001638808092936,0.1284800304308094,0.2317141722885408,0.0,0.6396419164711367,2010-01-25,0.10884894798580483,0.2998102561631759,0.13464677569333658,0.0011974769504954706,0.4554965432069674
1.3928112756241358e-76,0.0,2.4358307525945522e-08,0.0,0.9999999756419132,2010-01-27,0.05150371843040491,0.22183016527719362,0.047336984868497835,0.001871771678107222,0.6774573597460167
1.5687954897733222e-10,0.0007567002641768,3.1104566719990314e-08,0.0,0.9992432684744104,2010-01-28,0.05162800207559652,0.22201109750614034,0.047501254530467385,0.0018703552952321545,0.6769892905925966
4.345180745493635e-16,4.970174595708268e-07,1.638003758612408e-12,0.0,0.999999502981278,2010-01-29,0.05150379625537879,0.22183027915431552,0.04733708652023559,0.0018717707933944107,0.6774570672770514
2.101997814451612e-07,0.0260477269362072,2.5795728261650445e-06,0.0,0.973949483290866,2010-02-01,0.055782307577529694,0.22805889388156195,0.05299223147672396,0.001823011376720163,0.6613435556871445
1.217718125908206e-25,5.6456687113073095e-36,1.9088330702185164e-05,0.0,0.9999809116691848,2010-02-02,0.0515066978323966,0.22183404924303812,0.04734187131528375,0.0018717359947021275,0.677445645614466
0.0041512660180658,5.519796162465491e-135,7.81156828619388e-34,0.0,0.9958487339821168,2010-02-03,0.05226359549157937,0.22314707605504713,0.04799983161818162,0.0018694045533712263,0.6747200922820028
1.5684951316954019e-24,4.38670921729468e-109,0.0148704046775049,0.0,0.9851295953229416,2010-02-04,0.05382772730320804,0.224859756862875,0.051148536881218315,0.001843937720705506,0.6683200412324393
1.023674671970912e-43,1.1318655104611526e-111,9.647802840056396e-05,0.0,0.9999035219711566,2010-02-05,0.05151879263696787,0.2218498161011037,0.04736170771835223,0.0018715911388536527,0.6773980924042793
2.1329540058728567e-13,2.1560315334293764e-06,1.5746092714398967e-14,0.0,0.9999978439678266,2010-02-08,0.05150406873622288,0.22183067583241206,0.04733744666607749,0.0018717676881002201,0.677456041076776
0.1242452004438422,0.3967412461850541,0.0006375159577615,0.0,0.4783760374134916,2010-02-09,0.1395080706284933,0.35623744588516915,0.15346560575545792,0.0010571212348146567,0.34973175649621413
1.374215359939687e-06,0.0054903517483767,0.7433346565295083,0.0,0.251173617506473,2010-02-10,0.16857734798857246,0.37458538585587403,0.2390594143060977,0.00047014146358870056,0.21730771038558483
0.937911976029947,9.101967965665816e-54,4.4378571455429055e-15,0.0,0.0620880239700825,2010-02-11,0.22318660927599182,0.519366150305265,0.19709798115625876,0.0013369475540808927,0.05901231170843715
0.0003764150487603,0.5884000305233407,0.4010641915220735,0.0,0.0101593629054513,2010-02-15,0.2108931664576181,0.4443490807795482,0.2779297460335419,1.950592866104435e-05,0.0668085008002564
0.9379018246219962,2.7239704198920797e-13,3.24520934247193e-08,0.0,0.0620981429257831,2010-02-16,0.223184756153057,0.5193629365622534,0.19709636854932436,0.001336953281960146,0.05901898545355005
0.99586772578406,1.099895235906242e-27,1.282742974501265e-09,0.0,0.0041322729328255,2010-02-17,0.23379529252328332,0.5377515873872836,0.20635206012721188,0.0013038995295522643,0.020797160432297224
0.002311885141537,0.0324392665643513,0.9645952781255722,0.0,0.0006535701683597,2010-02-18,0.20800603683597096,0.4268401300164038,0.30199170428689553,4.2323525256068525e-06,0.06315789650802418
1.1989627329030634e-07,1.5867125645335203e-05,0.9806970804997254,0.0,0.0192869324782507,2010-02-19,0.20477402426953698,0.421634640214818,0.298711143684454,3.6100890899878985e-05,0.07484409094018565
0.0029956459651272,0.9882659548252068,0.0068374522879152,0.0,0.0019009469218989,2010-02-22,0.2154362060056559,0.46047280832325554,0.2641051056319493,7.457101306098471e-06,0.05997842293798128
0.0202715725197136,0.9683170799094644,0.0111724718677239,0.0,0.0002388757030902,2010-02-23,0.21599956669184528,0.4620666029461734,0.2636441909851666,2.683144797634452e-05,0.0582628079288304
0.0051375324814201,0.9251857439682608,0.0694242612737775,0.0,0.0002524622765439,2010-02-24,0.21524914782415663,0.4588205079612525,0.2667955247584268,7.159272171771168e-06,0.05912766018399458
0.0057659989733271,0.9228436858635908,0.0645260498836051,0.0,0.0068642652790521,2010-02-25,0.21421400702902202,0.45746195132879547,0.26513194886180713,2.035303435803769e-05,0.06317173974559237
7.461247985073507e-07,3.544405930125867e-14,6.349864440666789e-16,0.0,0.9999992538753814,2010-02-26,0.05150385120022524,0.22183039700950205,0.047337097762427,0.0018717712982386878,0.6774568827298225
0.7236279156572362,5.239127599257158e-87,1.3447940314890544e-23,0.0,0.2763720843427362,2010-03-02,0.18396234441652498,0.451388321178791,0.16288219489055122,0.0014591384393454795,0.2003080010747593
0.899650121915119,1.5767393395288396e-81,7.13457926099717e-16,0.0,0.1003498780846853,2010-03-03,0.2161828540867051,0.5072282536433929,0.19098852336342084,0.0013587655549995668,0.08424160335128633
0.0071055525459461,0.948757251542908,0.0436193620162041,0.0,0.0005178338946953,2010-03-04,0.21544793617737,0.45982357531402923,0.26561250703823985,1.0217450378209921e-05,0.05910576401973614
0.0182906822541553,0.9565884620064736,0.0249841957304454,0.0,0.0001366600088519,2010-03-05,0.21586918516005446,0.46144773755361507,0.26432199011964846,2.4061909292316307e-05,0.0583370252573159
0.9903544630710251,0.0050253273387693,0.0028830727595505,0.0,0.0017371368304287,2010-03-08,0.23406205386326936,0.5377915607456989,0.20730163543264474,0.0012922406319754286,0.019552509326185023
0.0145331383291887,0.7061472278698334,0.279100647438014,0.0,0.0002189863628748,2010-03-09,0.2137626515817976,0.45214595794039764,0.2744898124937845,1.9325399722369664e-05,0.059582252584208725
0.0426390889341403,0.939814425828495,0.0173844105723124,0.0,0.0001620746650159,2010-03-10,0.21638336930821633,0.4636127541067591,0.26262047136801064,5.579998266024207e-05,0.05732760523431718
0.0374095857668402,0.9515543887193764,0.0108436215099166,0.0,0.0001924040037858,2010-03-11,0.21633210008565273,0.46342829382912304,0.2626574905287559,4.9050328017709125e-05,0.05753306522836955
0.0465326473640154,0.895073995118671,0.0582336451406155,0.0,0.0001597123768668,2010-03-12,0.21613188341476597,0.4624726058608405,0.26400013058189375,6.0863195460384026e-05,0.05733451694720814
0.0073396519815794,0.9197795731946166,0.0726815222869515,0.0,0.000199252537005,2010-03-15,0.21527337595934798,0.45889006157636986,0.2668084479418978,9.925829327721152e-06,0.05901818869320904
0.9940960187664803,2.824665517802663e-49,3.950488220165483e-13,0.0,0.0059039812332441,2010-03-16,0.2334709849283576,0.537189544402595,0.20606916265475678,0.0013049098098459366,0.021965398204563835
0.0708656115546689,0.9180129996975364,0.0004214780020143,0.0,0.0106999107456307,2010-03-17,0.2153184080728485,0.46389837549519886,0.25804687498765866,0.00011226244459552958,0.0626240789995487
0.0499298604270662,0.928162556732051,0.021752486882849,0.0,0.0001550959577728,2010-03-18,0.21648685714074486,0.4640295250492916,0.26237480257801526,6.527617410924216e-05,0.057043539057577995
0.086358443950522,0.86973628155603,0.0438182183536412,0.0,8.705614003665044e-05,2010-03-19,0.21700747164389636,0.46611135961098454,0.2611639464921577,0.0001125621939556947,0.05560466005923557
5.423238866500795e-09,3.2210856549088822e-24,0.998035977875954,0.0,0.0019640167006907,2010-03-22,0.20748119690197703,0.42516332069174473,0.3031519592409283,3.6761979838070403e-06,0.06419984696724958
0.0641211505509147,0.9214696882977292,0.0142331935382882,0.0,0.0001759676132956,2010-03-23,0.21681014032670765,0.4653992322933613,0.26126054415381417,8.378581812022522e-05,0.05644629740822437
0.9776424297299058,0.0164781314745349,0.0028822384303253,0.0,0.0029972003648719,2010-03-25,0.23361605191643683,0.5364971455180904,0.2077578553044195,0.0012780539228266503,0.02085089333786429
0.721402823890751,0.2188081366934697,0.059306986938372,0.0,0.0004820524771149,2010-03-26,0.2287614630707167,0.5150833741351875,0.22522823289273333,0.0009398392258100483,0.02998709067525997
0.0003948859331392,0.997425077811858,0.0005084340611771,0.0,0.0016716021934741,2010-03-29,0.21547533504843816,0.460548323408508,0.2640558894832206,3.642818816634149e-06,0.05991680924066489
9.849546106925206e-06,3.868135722716859e-05,0.9960002661769468,0.0,0.0039512029198093,2010-03-30,0.20717120194567792,0.4247609502181824,0.30264013786899474,7.4085695095727145e-06,0.06542030139772534
0.0016012700004925,0.9237226282203012,0.0744184574633621,0.0,0.0002576443159533,2010-03-31,0.21514205099255843,0.4583663369977392,0.26719335697649027,2.566373411935047e-06,0.059295688659909154
0.9988290916086504,4.4301430712814333e-16,9.956131312687927e-05,0.0,0.0010713470782599,2010-04-01,0.2343529242442584,0.5387113120246568,0.20685043499119887,0.0013020245206152674,0.018783304219308013
0.9979379264779914,3.879661993148953e-74,3.098284910642537e-16,0.0,0.0020620735218109,2010-04-05,0.23417423838250206,0.5384083216903045,0.20668261889063397,0.0013027190444501017,0.019432101991911654
0.0374183218824809,0.908916427603398,0.0536045606167304,0.0,6.068989762568797e-05,2010-04-06,0.21601359042641358,0.4619479432210813,0.2643632597464426,4.8815159710016695e-05,0.05762639144658744
0.0118150185200679,0.9590738914304092,0.0289950652569003,0.0,0.000116024792538,2010-04-07,0.2157188782890738,0.4608048739676025,0.2648555970224665,1.559492883570759e-05,0.05860505579193682
3.2239558831647033e-13,4.6253647673274425e-43,0.9972991847639736,0.0,0.0027008152353962,2010-04-08,0.20736604661972557,0.42501320968267836,0.30296310474729127,5.055309588972379e-06,0.06465258364040784
0.9975154303146522,6.103132796250747e-29,1.3345297238695577e-08,0.0,0.0024845563403069,2010-04-09,0.23409690339801956,0.5382742949721547,0.2066151602779708,0.0013029599388387702,0.019710681413272164
0.0009298764826647,0.9405961070570664,0.0583452197460311,0.0,0.0001287967146068,2010-04-12,0.21527850424295714,0.4589132284811227,0.26662925671503634,1.4513524532615396e-06,0.059177559208799496
0.0012840382905608,0.8929467286161982,0.1037273493837092,0.0,0.0020418837095921,2010-04-13,0.214609786160323,0.45687822698974007,0.2679741400098756,5.493171485136168e-06,0.060532353668636435
6.696063487848512e-10,4.986854690514511e-06,0.7132859480021607,0.0,0.2867090644731284,2010-04-15,0.16298001972755177,0.3671514496264976,0.2301663704890839,0.0005366539206808035,0.23916550623577165
0.0047565450889192,0.90437757167739,0.0847498754880878,0.0,0.006116007745335,2010-04-16,0.214156971432165,0.4568466466260263,0.26614579553617007,1.7638619234205856e-05,0.06283294778613632
1.0648200145166437e-13,4.8132823225435893e-29,0.8429848029453049,0.0,0.1570151970545238,2010-04-19,0.1832491118239597,0.39357423215387877,0.26340949011296816,0.00029389660603797976,0.1594732693030903
0.1864945821761275,0.8000240685475035,0.0110943446006477,0.0,0.0023870046755786,2010-04-20,0.21877322949480563,0.47454229859637553,0.253632001968796,0.0002471986815003288,0.05280527125837972
0.0640343107148702,0.9072526413878296,0.0277786190481048,0.0,0.0009344288493495,2010-04-21,0.21657613609716175,0.46473197128886357,0.26163231904087714,8.509245861805681e-05,0.05697448111463353
7.383048327376435e-06,0.758614526354222,1.6853992247512825e-05,0.0,0.2413612366050123,2010-04-22,0.17610466600141939,0.4032244505866937,0.21202594191014848,0.0004517827472308089,0.20819315875431674
0.9824850098254728,2.4593954235113283e-10,0.0018523834952193,0.0,0.0156626064336691,2010-04-23,0.23163511190504896,0.5338835493774661,0.2046899759612649,0.001308063498927076,0.02848329925759347
0.3737969751135929,0.5777584858897229,0.047939381988408,0.0,0.0005051570079706,2010-04-26,0.22231134085456714,0.4883224230592841,0.24473313838556748,0.0004874584464883024,0.04414563925378722
0.0161588121892401,0.8637653900163949,0.1198813264021992,0.0,0.000194471392027,2010-04-27,0.21506437410451276,0.45791068545283065,0.26815501287182936,2.1395398036941194e-05,0.05884853217265141
2.6393924831673687e-22,2.3658584013641373e-111,0.966212147675123,0.0,0.0337878523251038,2010-04-28,0.20250762682998513,0.41867974517372014,0.2949949253031776,6.32431465866806e-05,0.08375445954675707
0.9972581834926538,2.1118637839559356e-11,0.0004102423035788,0.0,0.0023315741825605,2010-04-29,0.23411392728761846,0.5382762652690758,0.20667923364960195,0.0013023387733120163,0.019628235020303312
0.6220068501453316,0.3226861108644521,0.0549327106057677,0.0,0.0003743283841458,2010-04-30,0.22694480760841787,0.5074983146609461,0.23078628242484614,0.0008102694380286488,0.03396032586745824
7.036690512730855e-09,2.019650398384392e-29,0.9893168161688568,0.0,0.0106831767944762,2010-05-03,0.20611852800288194,0.42338693765628355,0.3009170779662508,1.9996477401745184e-05,0.06955745989720542
7.038119289471638e-17,4.975436455211412e-35,0.6105954106443108,0.0,0.3894045893552746,2010-05-04,0.14693026872393042,0.34622877545444214,0.20384381412186695,0.0007288764994342131,0.3022682651999115
1.982093249349116e-07,0.4335082329898582,0.0189031154532039,0.0,0.5475884533480377,2010-05-05,0.1256586149056881,0.32933539643841386,0.1462901497806173,0.001024960841179471,0.39769087803452574
1.407334033324073e-07,0.1117183139347029,0.1274476084291438,0.0,0.7608339369029807,2010-05-06,0.0897707443969888,0.27450793190935374,0.10425648318913912,0.0014241076326969523,0.5300407328720518
1.9940216689745685e-15,2.405334815611685e-12,0.0411301399087688,0.0,0.9588698600890232,2010-05-07,0.05793171498679928,0.23020973925724475,0.057879390062715697,0.0017947854908228113,0.6521843702026163
1.0414359884702236e-06,0.0,1.2738075825670836e-94,0.0,0.9999989585636252,2010-05-10,0.051503905256305736,0.2218304906916131,0.04733714491617585,0.0018717711298427617,0.6774566880056758
3.3715010023903093e-09,6.994956221295776e-17,0.805052078267659,0.0,0.194947918360628,2010-05-11,0.1773208182866789,0.38584607422294215,0.2536866355534941,0.00036489800556975375,0.1827815739311031
0.0045862405796318,0.9835085426470016,0.0016211991730471,0.0,0.0102840176003725,2010-05-12,0.21413077136264103,0.45877715093870824,0.2619893015434923,2.5218523550458593e-05,0.06507755763166097
0.0077519437020451,0.9750670412599202,0.0035200551205489,0.0,0.0136609599175021,2010-05-13,0.2136205528109174,0.458149869400487,0.2611489773756055,3.565968803685754e-05,0.06704494072496946
3.626746261749182e-22,3.0241435945131e-59,0.2639783258609254,0.0,0.7360216741394701,2010-05-14,0.09275941611586673,0.2756113345449149,0.11499947935797616,0.0013776645576845956,0.5152521054239527
3.0992581223641623e-16,0.0001430665320317,1.8362406075620372e-06,0.0,0.999855097227042,2010-05-17,0.051527499245659615,0.22186474233872075,0.047368506815554726,0.001871500498786892,0.6773677511009591
6.705665050372315e-06,0.180715619656325,0.0003867687171607,0.0,0.8188909059616548,2010-05-18,0.08124662547513314,0.2651210906336607,0.08666774743005287,0.0015327855702867907,0.565431750891057
5.453993364914505e-66,0.0,6.74730470311765e-07,0.0,0.9999993252697552,2010-05-19,0.051503820073446185,0.2218302977796586,0.04733715157084681,0.0018717704607590067,0.6774569601155145
0.0157034739214168,0.5778315456271881,0.0012203484031448,0.0,0.4052446320481654,2010-05-20,0.14947359016255285,0.3652228379882248,0.1755955062450449,0.0007789641930110231,0.3089291014110814
1.107454161536292e-10,0.011674428894728,9.861973700454184e-05,0.0,0.9882269512579128,2010-05-21,0.053436568139637555,0.22464166661132065,0.049896594397334425,0.0018497352641069593,0.6701754355879908
3.5430803136528213e-10,0.001565542933316,1.0085318884341767e-07,0.0,0.998434355859462,2010-05-24,0.05176085958855935,0.2222045100926444,0.04767685965614317,0.0018688411957295118,0.6764889294671981
1.986360535319144e-62,3.327402623765388e-299,2.143633861517841e-07,0.0,0.9999997856366692,2010-05-25,0.0515037481252313,0.22183020398751774,0.04733703357028675,0.001871771322460779,0.6774572429945583
0.0014458181240483,1.8361645937858423e-216,3.815056753620023e-43,0.0,0.9985541818759684,2010-05-26,0.05176836871374217,0.22228882054907032,0.04756783949177065,0.001870947276953027,0.6765040239684801
0.0557032612791709,4.13233619369356e-62,3.816320792100285e-22,0.0,0.944296738720618,2010-05-27,0.061700084200230584,0.2395010349956862,0.05623139139146828,0.0018400081347700607,0.6407274812776333
0.879876697272804,1.5632321718423962e-43,1.377466397166675e-11,0.0,0.1201233027136744,2010-05-28,0.21256336860778732,0.5009554843173886,0.18783120373187848,0.0013700409258890856,0.09727990241730926
0.0043642029767302,0.9604462550900776,0.0041214256443639,0.0,0.0310681162890376,2010-05-31,0.21069305985086545,0.4537017849093404,0.2575882363019748,6.383262024822474e-05,0.0779530863177804
4.58501976968685e-39,7.218010540542088e-233,0.0486371527533444,0.0,0.9513628472469462,2010-06-01,0.059104944189997295,0.23173916772179656,0.059803575543872216,0.0017807340764555563,0.6475715784681685
0.914920071046638,7.672904127543111e-20,3.259098282927029e-07,0.0,0.0850796030438614,2010-06-02,0.21897803839751526,0.5120724413969333,0.19342683452594284,0.0013500575842885392,0.07417262809564747
0.9412121202557204,1.3960520856174108e-99,8.583211970413092e-24,0.0,0.0587878797443851,2010-06-03,0.22379069401734708,0.5204130627068936,0.19762493136095033,0.0013350657176824383,0.05683624619723183
0.0324307471607227,0.9486326285886676,0.0044592984176619,0.0,0.0144773258332845,2010-06-04,0.21394308541288928,0.4598495387261744,0.2595918066446697,6.93082672850942e-05,0.06654626094931812
1.6276332773926735e-28,2.668447382325056e-94,0.2882027145103156,0.0,0.7117972854900501,2010-06-07,0.09654531082404917,0.28054664907243987,0.12120863577033955,0.001332322031986692,0.50036708230155
9.162782746107603e-11,2.0611247292990988e-07,0.2120391830191028,0.0,0.7879606107770453,2010-06-08,0.08464217078858417,0.26502965112732413,0.10168656639861945,0.0014748823907611123,0.5471667292949596
0.0013257645311622,0.9822100070433012,0.0019468358119418,0.0,0.0145173926134399,2010-06-09,0.21337156462700224,0.4574986792552742,0.2612702600435382,2.889878479447904e-05,0.06783059728923585
0.9890197703862806,4.98434924107257e-90,1.3672272546622154e-18,0.0,0.0109802296141217,2010-06-10,0.2325417879053912,0.5355791943635101,0.20525861319379704,0.0013078044315111836,0.025312600106192587
0.9981169496613768,1.2881705766716937e-08,9.291086511737606e-05,0.0,0.0017901265922355,2010-06-11,0.23422153085209008,0.5384840457466439,0.20673502196008478,0.0013024430282823941,0.01925695841333399
0.9896047316626924,4.042819197919972e-102,2.1235633125389457e-18,0.0,0.0103952683372771,2010-06-14,0.2326488638866556,0.5357647629849174,0.2053520168280581,0.0013074708699002098,0.024926885430437886
0.0317771910798286,0.9658660874776156,0.0021329971506192,0.0,0.0002237242920656,2010-06-15,0.21629035998907997,0.4632888705097102,0.2626322933518568,4.177814749213851e-05,0.05774669800198991
0.0439469364600716,0.9233597704362562,0.0325011544449285,0.0,0.000192138658315,2010-06-16,0.21628272131774295,0.46317303953362576,0.2631319504769022,5.755847563542519e-05,0.05735473019566484
0.9648592552686772,0.0046509584555653,0.0003056942130366,0.0,0.0301840920630991,2010-06-17,0.22893091600054657,0.5290890455928667,0.20248879141612663,0.0013123037242795724,0.038178943266558255
0.0020549262590543,0.9568073172502094,0.0409254810372718,0.0,0.0002122754536987,2010-06-18,0.21542458282763743,0.45959733101651135,0.2658631021217895,3.0719064729486968e-06,0.059111912127823
0.9933244614731662,1.971790175931902e-86,1.3011521665552811e-20,0.0,0.0066755385266047,2010-06-21,0.2333297529226189,0.5369447814940111,0.20594596431970982,0.0013053497738290587,0.02247415148960174
0.0003438685946954,3.58517212690217e-14,0.9980329641214848,0.0,0.0016231672833934,2010-06-22,0.20754366935875032,0.4252717912004292,0.3032060930782996,3.48575845201576e-06,0.0639749606036782
0.0347411527012201,0.914580137802464,0.050445563068308,0.0,0.0002331464281963,2010-06-23,0.21596006144861596,0.46180928699436846,0.26435557760595674,4.56535076476986e-05,0.057829420443599566
0.0022468977162669,0.9491168550450318,0.0483097310361168,0.0,0.0003265162022546,2010-06-24,0.21535066313345438,0.4593238203078923,0.26611699401495137,3.5355982188474723e-06,0.059204986945153165
1.580733455712695e-07,4.4270289761429745e-28,0.9977590331918842,0.0,0.0022408087345885,2010-06-25,0.2074379427029078,0.4251069462641604,0.3030809975984612,4.1944881669093855e-06,0.06436991894612179
0.974611044665976,6.716085386040582e-51,9.978101932853748e-11,0.0,0.0253889552346564,2010-06-28,0.22990429975244203,0.5310082809279301,0.20295790135704628,0.0013160206978457918,0.0348134972651489
5.199133518056886e-16,3.760308026391082e-54,0.9194049570820032,0.0,0.0805950429176482,2010-06-29,0.19519239185184142,0.4091435619876869,0.28299738134765556,0.00015085552240364254,0.11251580929006416
0.0821258226814674,1.952921508310541e-07,6.368972827684813e-08,0.0,0.9178739183363892,2010-06-30,0.06653672277735694,0.24788318506095855,0.06045047000453389,0.001824940751604119,0.6233046814052817
4.702690375192308e-10,3.759704265331168e-28,0.8723209264940718,0.0,0.1276790730358013,2010-07-01,0.18783389117977511,0.3995509774266448,0.27092887828420176,0.00023898607922871547,0.14144726703029156
0.0031701143800594,0.9145762062284456,0.0813396944365349,0.0,0.0009139849552521,2010-07-02,0.2150086724863001,0.45808715646623227,0.26723235584257565,5.8368119821122135e-06,0.05966597839320184
0.0626329655372771,0.8443062398159394,0.0929472706246393,0.0,0.000113524021993,2010-07-05,0.21616597550481892,0.46251364509038,0.2644477946668028,8.173200089981547e-05,0.05679085273694723
0.9991327334689656,3.252930956699142e-24,3.080728083479329e-07,0.0,0.0008669584584603,2010-07-06,0.23439299353827067,0.5387874158460856,0.20687347854415952,0.001302037154771965,0.018644074916946224
4.49899271233975e-07,3.863992682327849e-26,0.9995523325063526,0.0,0.0004472175945169,2010-07-07,0.20771826087751563,0.42547239361974354,0.3035406997973397,8.376748110911075e-07,0.06326780803073054
0.9977110083756464,1.0862113988280389e-17,1.203826175795712e-07,0.0,0.0022888712419104,2010-07-08,0.2341327202957007,0.5383363604607906,0.20664641662125569,0.0013028482142984955,0.01958165440812868
0.9994327076771464,7.644359531615633e-37,1.810524669982686e-08,0.0,0.0005672742176823,2010-07-09,0.23444785789435457,0.5388825182833265,0.2069213025723216,0.0013018666436722594,0.018446454606400237
0.9771884888907916,0.0126804202802226,0.0098543034826018,0.0,0.0002767873464758,2010-07-12,0.2339988374760477,0.5368655309267414,0.2086480165857443,0.0012723711070536325,0.01921524390450452
0.9000277413766641,0.0150747789695295,0.0842591579711548,0.0,0.0006383216829046,2010-07-13,0.23189629456840338,0.5281188974466977,0.21591849286709686,0.0011726197712396695,0.02289369534681501
5.274569089326046e-05,0.9778481158340604,0.0211194750476165,0.0,0.0009796634272208,2010-07-14,0.21541851686155494,0.45995799158111,0.26503439197191253,1.9023570966670577e-06,0.059587197228116805
0.0216080268678693,0.9006510265525143,0.0776023473721516,0.0,0.00013859920711,2010-07-15,0.21551249566327027,0.45984525627779593,0.2661955360681607,2.8383206323932107e-05,0.05841832878409427
0.2932744548584804,0.5977517607634543,0.108395969907768,0.0,0.0005778144701393,2010-07-16,0.22030403046184904,0.47987558888617315,0.25171207877392027,0.0003827909066877676,0.04772551097121164
0.0125249728527706,0.9186081539678426,0.0686763356920319,0.0,0.0001905374877347,2010-07-19,0.21540419302681674,0.45943893089528365,0.26635551357193804,1.6658435819491114e-05,0.05878470407052174
0.0007414947823881,0.9148010374799536,0.0842089306478264,0.0,0.0002485370895648,2010-07-20,0.21504946241962936,0.45795503706357704,0.2676288116495343,1.4302921819340842e-06,0.05936525857481029
0.9881061643786662,1.5864835409325243e-05,0.0108633501371264,0.0,0.0010146206488839,2010-07-21,0.23407493230939436,0.5375063884954117,0.20790065372315758,0.0012879619887618662,0.019230063483359986
0.9970052884446952,0.000168788291201,0.0001815621061577,0.0,0.0026443611581659,2010-07-22,0.2340596184620071,0.5381898071333997,0.20661687903586934,0.0013025950853007141,0.01983110028364258
0.0295884765564491,0.936600705589799,0.0337798233399573,0.0,3.099451389179372e-05,2010-07-23,0.21602899836583903,0.4620445530389775,0.26404141311154095,3.856869485745065e-05,0.05784646678888222
0.0017667096769064,0.2373209250729944,0.7593745872309757,0.0,0.0015377780191504,2010-07-26,0.20948378050479857,0.4338451208494,0.2937794502872417,5.17781836454086e-06,0.06288647054022198
0.0303715880224046,0.9299328771648644,0.0396237774824174,0.0,7.175733062033247e-05,2010-07-27,0.21599052162622062,0.4618892783289331,0.2642168870215067,3.9664246941718815e-05,0.05786364877670453
0.0003293556749668,9.096520243236088e-06,0.998259280915024,0.0,0.0014022668901619,2010-07-28,0.20757787662645222,0.42531547052290447,0.30326375960018304,3.0533941503522967e-06,0.06383983985670572
0.0435521926478591,0.9013681058997826,0.0550175866515204,0.0,6.211480052614477e-05,2010-07-29,0.21611745964538104,0.4623768443686511,0.2640662457875647,5.680132453391968e-05,0.05738264887355728
3.361717497393571e-05,4.778414766146852e-07,0.9989863700495516,0.0,0.0009795349337392,2010-07-30,0.20763595944393545,0.42536772420930596,0.30340103292237575,1.8772199965471955e-06,0.06359340620412754
0.9938002519064848,5.097131210714022e-22,2.243968476716194e-09,0.0,0.0061997458499538,2010-08-02,0.2334168457520972,0.5370957180532427,0.20602193668555768,0.001305078460349528,0.022160421049159617
0.0591832673735652,0.905741556492581,0.035022736694703,0.0,5.243943957204784e-05,2010-08-03,0.21657212038205625,0.464307623596251,0.2623864966516035,7.712773334869314e-05,0.05665663163716173
0.3899630322396617,0.5915292803654802,0.0177465995351645,0.0,0.0007610878595985,2010-08-04,0.22281359697219852,0.4905922093618334,0.2425649126374186,0.0005089783122020793,0.043520302716252145
0.0177551448943618,0.5262815062798256,0.4554258781090747,0.0,0.0005374707167334,2010-08-05,0.21236767324989025,0.4460846123136093,0.2811536237196388,2.4115110437563197e-05,0.06036997560641956
0.018282112513221,0.8997231519122267,0.0819043573319501,0.0,9.037824272934457e-05,2010-08-06,0.21542363419575022,0.45944477197304784,0.26656572809410695,2.3964126503201035e-05,0.058541901610718934
0.9991476319782,1.7739984844628517e-15,3.1121863092432216e-05,0.0,0.000821246158981,2010-08-09,0.23440053639589487,0.5387984199297473,0.20688375560342032,0.0013019709828356288,0.018615317088376732
0.0086715415062909,0.1933542752239701,0.7978033554855888,0.0,0.0001708277838288,2010-08-10,0.20953230886602853,0.4333521311254131,0.29518750008567163,1.1606136420914579e-05,0.061916453786144326
5.9041247390228216e-05,6.115560744908678e-07,0.9985288708115224,0.0,0.001411476384657,2010-08-11,0.20756913522431056,0.4252826136911435,0.30328785606571196,2.718806319017433e-06,0.06385767621215895
0.0064482204663432,0.9211480554927608,0.0720100151287966,0.0,0.0003937089123575,2010-08-12,0.21523001845750994,0.45879767326293175,0.2667910653776988,9.129570653440102e-06,0.05917211333146409
0.8169341531923798,0.1734016153092472,0.0077972279661349,0.0,0.0018670035319138,2010-08-13,0.23074041321733876,0.5240378206252092,0.21742223722420626,0.001066769689240767,0.026732759243680446
0.0003268399184019,0.0501918287412069,0.947753986228621,0.0,0.0017273451118522,2010-08-16,0.2079263769847312,0.4270240037238136,0.30121181578226713,3.6585920078748854e-06,0.06383414491726193
0.0322452553527187,0.8790139448969834,0.0886439491706664,0.0,9.68505797666516e-05,2010-08-17,0.21563151464119315,0.46029573677541596,0.2660271248119502,4.214987473244379e-05,0.058003473896843315
0.998332362295805,1.1304450982513652e-43,1.9391568287158774e-10,0.0,0.0016676375106886,2010-08-18,0.2342464390933802,0.5385334495186302,0.20674560044078438,0.001302494125530751,0.019172016822083478
0.9982037912270976,2.886965454955768e-50,6.118749555089401e-10,0.0,0.0017962081606163,2010-08-19,0.23422290448396788,0.5384926627054802,0.20672507097512496,0.0013025674396387101,0.019256794395376715
0.0253878590504745,0.9208093096051614,0.0537552490520544,0.0,4.758229238857918e-05,2010-08-20,0.21578830885073677,0.46100583922915833,0.26506268148288004,3.313245827807545e-05,0.05811003797902558
0.0514263761638188,0.9002976458763191,0.0482205478414931,0.0,5.5430117980156667e-05,2010-08-23,0.21632072639071623,0.46323405441316856,0.2633489688972046,6.703740227633159e-05,0.057029212896245456
0.0001710518267473,0.0001722127639784,0.9991481429449318,0.0,0.000508592464656,2010-08-24,0.20771460538668096,0.42548534412357564,0.3035017241476468,1.1746003346910509e-06,0.06329715174207527
3.195796435497504e-05,1.2192742437136007e-14,0.9985775496249384,0.0,0.0013904924110024,2010-08-25,0.2075716849808406,0.4252837932676101,0.3032958760611518,2.644279047847511e-06,0.06384600141165736
0.081779339925541,0.853859545289568,0.0642100089330777,0.0,0.0001511058517811,2010-08-26,0.2167485557541311,0.4650169997452022,0.26221297598676024,0.0001067221787291159,0.055914746335145045
4.3937650617630537e-14,2.3278397628691227e-55,0.9899463285102644,0.0,0.010053671489818,2010-08-27,0.20621690969063539,0.4235151880478371,0.3010784324355035,1.8818178014067373e-05,0.06917065164813624
0.0009573210520792,0.9862272401255412,0.009660793109449,0.0,0.0031546457129469,2010-08-30,0.21516949475774722,0.45991392746999155,0.2640607371030053,7.150771340999899e-06,0.06084868989793119
0.0010383768178777,0.940475496196034,0.058018187310026,0.0,0.0004679396763624,2010-08-31,0.21522744546913752,0.45885218224001356,0.2665365743164256,2.2273685319169546e-06,0.05938157060619145
0.9950170416892588,6.104975881322476e-60,1.6559455924682149e-12,0.0,0.0049829583092009,2010-09-01,0.23363957631608867,0.5374817226393342,0.2062162268996941,0.0013043846162939996,0.02135808952870417
0.0503856735192685,0.9331674796127076,0.0163969171646267,0.0,4.992970378720787e-05,2010-09-02,0.21655532315574708,0.46427971783271343,0.2621613446977778,6.567258731540226e-05,0.0569379417268363
0.0266867562435877,0.8933182517822541,0.079841619966996,0.0,0.0001533720072549,2010-09-03,0.2155877548801044,0.46015930475757455,0.2659886166045317,3.502104327290568e-05,0.058229302714609105
0.9819655823527506,1.1997304831454873e-108,1.7456031749937065e-23,0.0,0.0180344176471393,2010-09-06,0.2312505330200767,0.5333413779437561,0.20413223641328088,0.0013118269307999123,0.029964025691975944
0.5977574797647465,0.3825785632921649,0.0184964190692608,0.0,0.0011675378733987,2010-09-07,0.22664848778625837,0.5067029288433174,0.23057669865733638,0.000780192542209627,0.035291692170449036
0.0132951294493859,0.9528223470278552,0.0336918644472041,0.0,0.0001906590758906,2010-09-08,0.21569707508903954,0.4607365319387771,0.264938696151282,1.766105547931676e-05,0.05861003576575776
0.97124741159074,1.2986153848293832e-06,0.0142449064336389,0.0,0.0145063833602103,2010-09-09,0.23151506382266174,0.5328437000262031,0.20607232701066047,0.0012912730938029917,0.02827763604664536
0.8906024817547981,1.5756025846907174e-178,1.0505812902020587e-34,0.0,0.1093975182451278,2010-09-13,0.21452670181208902,0.5043580497852966,0.18954384231064023,0.0013639247775701672,0.09020748131432946
0.4370212915042522,0.5411596102765601,0.0029482081682085,0.0,0.0188708900510069,2010-09-14,0.22084190313577065,0.49046204580229785,0.23535136037594584,0.0006041240848056532,0.05274056660120759
0.996994724341628,3.233045316021091e-37,1.9633773391258273e-09,0.0,0.0030052736949247,2010-09-15,0.23400158744152713,0.5381091078905235,0.20653201368552743,0.0013032568815453287,0.02005403410080628
5.37421015317644e-05,0.6732415889627169,0.3252276537909305,0.0,0.0014770151446854,2010-09-16,0.21291664617109338,0.4490823302506695,0.27685771197693126,2.8345828496332036e-06,0.061140477018320656
0.9984513321368608,1.4758440269714972e-22,8.519593684710935e-07,0.0,0.0015478159036812,2010-09-17,0.23426834940037322,0.5385713641299211,0.2067648152615845,0.0013024246912214617,0.019093046516809726
0.9944087230781782,1.8697632740571834e-99,3.94421843883924e-20,0.0,0.0055912769220576,2010-09-20,0.23352822482156974,0.5372887443161071,0.20611909368487769,0.0013047314969261569,0.02175920568075487
0.0721174022529099,0.9240611683057808,0.0034558838238637,0.0,0.0003655456176324,2010-09-21,0.21701514429365293,0.4663598407174326,0.2603374923056639,9.454813182676964e-05,0.05619297455161059
3.91037245716038e-05,0.9629997059204608,0.0345807254938036,0.0,0.0023804648615264,2010-09-22,0.21508105928190643,0.45914584000243575,0.2652592199747819,4.506582003536891e-06,0.06050937415923473
0.0004128057238003,0.5178588112975077,0.4804638941208056,0.0,0.0012644888578192,2010-09-23,0.21172287813503846,0.44367023102327946,0.2829737548582215,2.9041189681384586e-06,0.061630231864425074
0.9982138100062404,3.389207524026262e-19,6.084207193742872e-07,0.0,0.0017855815728488,2010-09-24,0.23422483339234218,0.5384959648169562,0.20672682651529697,0.001302560588965986,0.019249814686246928
0.0356919520269146,0.9537295605272404,0.0105289771147402,0.0,4.951033153353402e-05,2010-09-27,0.2163257729615898,0.4633393957783612,0.26277477449487857,4.6547289183157584e-05,0.05751350947641602
0.0071946421123768,0.918064040725118,0.0744251669269233,0.0,0.0003161502358051,2010-09-28,0.21523757286133116,0.45878910586373506,0.2668598061711039,9.955898526969949e-06,0.05910355920552612
1.98485142772974e-05,0.1788837148820128,0.7973180398077051,0.0,0.0237783967958908,2010-09-29,0.20549610144365651,0.42704867643956695,0.2905403119893069,4.453356445608197e-05,0.07687037656289943
0.4006995357204955,0.5458676690643249,0.0032836047701982,0.0,0.0501491904445375,2010-09-30,0.2150189610051341,0.4801336628080707,0.23065970255733353,0.0006153955891115282,0.07357227803990608
0.9146669235515728,1.1389427259061354e-137,5.6877192663725965e-27,0.0,0.0853330764488468,2010-10-01,0.2189316493247295,0.5119920684316811,0.19338632968788508,0.001350202546242106,0.07433975000988147
0.0054942852009551,0.9891570605854316,0.0041125116005856,0.0,0.0012361426131376,2010-10-04,0.21561406877673783,0.46092336412214646,0.2639990684427197,9.464826284052744e-06,0.05945403383222189
0.0016007091832654,0.9441127991074896,0.0539470131308742,0.0,0.000339478578419,2010-10-05,0.2152915189248168,0.45907083576360747,0.26637244997950815,2.718818542604697e-06,0.05926247651357315
0.5634788607727648,0.4284073833833539,0.0057216457037816,0.0,0.0023921101399902,2010-10-06,0.22590441085661428,0.5041838957247531,0.2317775811933927,0.0007378695587959436,0.03739624266633424
5.174834240257939e-09,1.0716234162451638e-22,0.9981022288616724,0.0,0.0018977659638633,2010-10-07,0.20749155085389706,0.42517681814469166,0.30316894054759713,3.5521914046298726e-06,0.06415913826277932
0.0002860198187001,0.9458392385770148,0.0525673690223539,0.0,0.0013073725821101,2010-10-08,0.2151188060342727,0.4587854946510117,0.26618368219140714,2.8193701791381146e-06,0.059909197753308205
0.0280359229046832,0.964306647171322,0.0023580637319614,0.0,0.0052993661921036,2010-10-11,0.21538457597484142,0.46177500294155754,0.26175406509056015,4.6409168360097526e-05,0.06103994682475096
3.018630567753523e-06,0.0008553538395179,0.89454361186831,0.0,0.1045980156614809,2010-10-12,0.19144798900654939,0.4042839551738983,0.27681112732177304,0.00019578753694835218,0.1272611409607072
0.0028176640052268,1.8395557733939484e-237,2.1450277082241664e-44,0.0,0.9971823359948604,2010-10-13,0.052019482334124824,0.22272401439755227,0.04778688884793351,0.0018701650112896448,0.6755994494091865
2.0461195210841798e-12,2.7398441441572784e-07,0.0028813156624111,0.0,0.997118410350853,2010-10-14,0.05195406439223374,0.2224172457610382,0.048075572308443386,0.0018663780456780832,0.6756867394923308
2.9035581962933754e-27,8.646709788397971e-85,0.0083232929149046,0.0,0.9916767070851192,2010-10-15,0.05280451569051502,0.22352589220832078,0.049470391703972466,0.0018561924193738536,0.6723430079778413
5.204209460514932e-08,0.0529190674884396,5.27730802188351e-06,0.0,0.9470756031618984,2010-10-18,0.06019612416910036,0.23448446478826185,0.05882624955832567,0.0017727094019395976,0.6447204520828266
5.239145873854544e-10,3.605763721291738e-42,0.3239296041937357,0.0,0.6760703952827755,2010-10-19,0.10212886741543371,0.28782540620668934,0.13036609486699363,0.0012654494498028784,0.4784141820615058
3.274115035479894e-05,0.8553371728105649,0.0929348992845792,0.0,0.0516951867546578,2010-10-20,0.20651694850551988,0.4452898614238135,0.25684358370075305,9.68042028400786e-05,0.09125280216723011
0.8969197798800803,5.0553914580478505e-43,8.887820135252193e-21,0.0,0.1030802201199684,2010-10-21,0.21568307048660745,0.5063621009114525,0.19055255626750978,0.0013603224739316357,0.086041949860547
0.0001873860402058,9.702640742096778e-06,0.9852185466934514,0.0,0.014584364625938,2010-10-22,0.20551392524204504,0.42261374633621374,0.29989864213007544,2.7542492339734362e-05,0.07194614379966327
0.0580156333140776,0.9361630923947852,0.0055563171337675,0.0,0.000264957157401,2010-10-25,0.21674976273142949,0.4652078624418847,0.2612513137191625,7.600579184366356e-05,0.05671505531571094
0.0095106095149115,1.840259424782122e-05,0.9898906777532654,0.0,0.0005803101378835,2010-10-26,0.20795213271813914,0.42652532298728124,0.30258676867994877,1.3464677166239612e-05,0.06292231093777276
1.4828316532769674e-09,1.0421475605487545e-19,0.9955661117383774,0.0,0.0044338867792274,2010-10-27,0.20709519456575817,0.42466012547454546,0.3025188864881441,8.299225829414555e-06,0.06571749424615915
4.833146577762216e-05,5.9741612094635024e-05,0.9271673128056528,0.0,0.0727246141163573,2010-10-28,0.19642418627737873,0.41075462911917476,0.28500770220698063,0.0001361867818101995,0.10767729561453779
0.0018293156808526,0.9394204192992052,0.0008973643163304,0.0,0.057852900703187,2010-10-29,0.20627184134755408,0.44721340596172704,0.2517927088916252,0.00011066835703938721,0.09461137544162936
0.6486468150464118,0.2778444996889359,1.9391722681109933e-06,0.0,0.073506746092446,2010-11-01,0.21587146396851123,0.4940362926544937,0.2112258297555919,0.000981829694514129,0.07788458392695041
0.0352469449590474,0.9202231929639636,0.0441834557297467,0.0,0.0003464063472812,2010-11-02,0.21600080696195056,0.4620432234963967,0.26405626651132574,4.6523814831053754e-05,0.057853179215534824
0.1104531423120764,0.8811597786434313,0.0081708233784982,0.0,0.0002162556658394,2010-11-03,0.21772305187576338,0.4692238304598912,0.2583540463193443,0.00014416431657353058,0.05455490702827291
0.988084510585967,2.056565737603234e-33,1.4360645105085086e-16,0.0,0.0119154894139393,2010-11-04,0.2323705904861265,0.5352824997292589,0.20510927567713905,0.0013083377433336081,0.02592929636404819
0.0545562395045644,2.7444335160745627e-30,0.9222751921315976,0.0,0.0231685683642863,2010-11-08,0.20562737444833412,0.42703532673809597,0.29244433756557453,0.00011437357321255924,0.07477858767523093
0.0235793343781024,0.9697548601484618,0.006428223581069,0.0,0.0002375818921923,2010-11-09,0.2160997387357786,0.46249315099103944,0.26326843925131377,3.1134221182892325e-05,0.0581075368005108
0.0195992489611641,0.0157427095581967,0.9602939953104436,0.0,0.0043640461701454,2010-11-10,0.20775594128175126,0.42745569598556893,0.300025000564824,3.3677767262045256e-05,0.06472968440054339
6.228166953359633e-15,5.493199386532428e-56,0.8909055957414798,0.0,0.1090944042583163,2010-11-11,0.19073838548465855,0.4033372931862678,0.27569247079751574,0.00020419982110462143,0.1300276507102554
1.1105530739034326e-26,7.184171339417681e-81,0.3005690641519782,0.0,0.6994309358483907,2010-11-12,0.09847797869631376,0.2830660862364645,0.12437835865938389,0.0013091750484020464,0.4927684013598043
0.0484318298767437,0.0718188329797944,0.0001289044695257,0.0,0.8796204326739507,2010-11-15,0.07218493457792995,0.25439280502288075,0.07069412320907381,0.0017094847718857635,0.6010186524182438
1.797696872968571e-44,1.6336009145481926e-259,2.5088489481290184e-05,0.0,0.9999749115104714,2010-11-16,0.05150763556377883,0.22183527167517342,0.04734340926635335,0.0018717247637747099,0.6774419587308719
1.6166189301992213e-15,5.985284336381119e-14,6.481167591824532e-12,0.0,0.9999999999936336,2010-11-18,0.05150371462460151,0.22183016031592073,0.04733697862668794,0.0018717717236880857,0.6774573747092776
3.295795504043373e-29,7.736615118208924e-121,0.0026969629689408,0.0,0.9973030370312062,2010-11-19,0.051925207936785435,0.22237962146769516,0.04802825984390592,0.0018667236246751456,0.6758001871270849
0.014260303104071,2.2574802309699982e-52,7.194895190492158e-23,0.0,0.9857396968962162,2010-11-22,0.05411403433172024,0.22635398931996858,0.049613991120695575,0.0018636400919898142,0.6680543451359126
1.127441504858846e-21,1.1051378777966289e-06,8.674657020233804e-08,0.0,0.9999988081151796,2010-11-23,0.051503909691616015,0.2218304422316033,0.04733724076804622,0.0018717694927636954,0.677456637815598
2.6801476733093112e-18,7.353264491074233e-24,0.0005153639419951,0.0,0.999484636058084,2010-11-24,0.05158425798212948,0.2219351571087744,0.04746907588333206,0.001870807080046107,0.6771407019457967
7.066120450618767e-16,8.296149065410037e-36,0.0105724899649211,0.0,0.9894275100346716,2010-11-25,0.05315603016347164,0.223984128535131,0.0500469022812845,0.0018519824359337972,0.670960956583772
1.5801983557693044e-17,7.983486825012168e-18,1.3140892192815954e-05,0.0,0.999986859107534,2010-11-26,0.05150576834036667,0.22183283755175617,0.047340346877384594,0.001871747126949058,0.67744930010327
0.0022164537012954,0.0013332188628056,1.9829491073357096e-09,0.0,0.9964503254528614,2010-11-29,0.052128403895979274,0.22285207073859697,0.047980312326540805,0.001868012353478064,0.6751712006853159
2.300142553992557e-05,0.003062637395818,1.0203444439425448e-06,0.0,0.9969133408343084,2010-11-30,0.05201110056095053,0.2225699568546761,0.04800576405356999,0.0018660241397017606,0.6755471543912115
0.7890720997767394,2.0371538468475825e-70,5.961563271240188e-19,0.0,0.2109279002236224,2010-12-01,0.19594177026347923,0.47214933138961496,0.17333198855357715,0.001421820298281125,0.15715508949540904
0.0957627826119894,0.9009081074764128,0.00087073943251,0.0,0.0024583704791524,2010-12-02,0.21713664235043176,0.46779822730067355,0.25842427511212235,0.00012924090603709575,0.05651161433079984
0.0017980527773982,0.8973462583338206,0.1004870304967664,0.0,0.0003686583923448,2010-12-03,0.21492005512624116,0.45743307763601404,0.26818073164965467,3.030287704502534e-06,0.05946310530071562
0.0446171098259064,0.171110809155405,0.7486059176280772,0.0,0.0356661633907569,2010-12-06,0.20476995029768633,0.429413547333149,0.2834881848932505,0.00012483001163673214,0.08220348746442277
0.0017592240991869,0.9022326785893994,0.094496983057638,0.0,0.0015111142536171,2010-12-07,0.21477935577423923,0.45736875525868576,0.2676999384978325,5.118167079454558e-06,0.06014683230200437
5.235861551789745e-09,2.8727462260608154e-09,0.8835444267023275,0.0,0.1164555651891491,2010-12-08,0.1895879508269393,0.4018375803081797,0.27380566922560784,0.00021797824080325127,0.134550821398554
2.3456700902575173e-49,5.2009612784976025e-255,4.742985846585793e-05,0.0,0.9999525701412176,2010-12-09,0.051511127171823136,0.2218398233558397,0.04734913577017521,0.0018716829458314721,0.6774282307560135
8.014182646175338e-05,3.205196902355493e-41,1.1329818170635923e-20,0.0,0.9999198581737,2010-12-10,0.051518384423197866,0.22185558389193852,0.04734977526327128,0.001871726024544215,0.6774045303972094
5.701210135236375e-06,0.0545173489995834,2.8418219827821096e-08,0.0,0.9454769213723264,2010-12-13,0.060458844131846226,0.23486734458889824,0.059172768363881426,0.0017697243872068825,0.6437313185284317
0.0145824085672608,0.9763614702053148,0.0008614268261734,0.0,0.0081946944014691,2010-12-14,0.21466795404185668,0.46008456691007715,0.26183917632076503,3.4318231848393354e-05,0.0633739844956708
1.203861990606968e-05,0.0089347151165592,0.9729702958328578,0.0,0.0180829504303261,2010-12-15,0.20503348632336457,0.42219675892521,0.2986686735286779,3.386282408032445e-05,0.0740672183983162
0.0457007461781917,0.8502843479923285,9.804804703466496e-06,0.0,0.1040051010243622,2010-12-16,0.1995237494542575,0.43963713718666464,0.23922031685236486,0.0002541553022431661,0.12136464120405566
0.0004535420098453,0.9840557399218056,0.0133749823213133,0.0,0.00211573574698,2010-12-20,0.21530109570398237,0.4599915999623747,0.26446091218806134,4.550478860897637e-06,0.0602418416666649
0.9986944094397596,3.1807589205388644e-12,0.0001388524670169,0.0,0.001166738090353,2010-12-21,0.23433441154103288,0.5386765914051428,0.2068390006753231,0.0013020277761544902,0.018847968602656757
0.0154722213815597,0.1429299494655092,0.8411041371543806,0.0,0.0004936919981786,2010-12-22,0.20926256554416425,0.4322746298866618,0.29642584466378524,2.1061843115743827e-05,0.0620158980619009
0.1516548852918374,0.2141251332088137,0.6317461702572528,0.0,0.0024738112422172,2010-12-23,0.21316443297998763,0.44984610678074644,0.27996387186231536,0.00020201579331075907,0.056823572583760786
0.927924162444008,9.845373428454579e-54,5.388236848314194e-05,0.0,0.0720219551870754,2010-12-24,0.2213667811280117,0.5162086706846453,0.19551698904637232,0.001342542034869365,0.06556501710566756
0.0056915092895975,0.9467845033190362,0.0471567863056888,0.0,0.0003672010853262,2010-12-27,0.21541793307088677,0.4596239922688916,0.2658651736498753,8.095061772478034e-06,0.0590848059482225
0.0468004763704365,0.8802564141800758,0.0728574454588645,0.0,8.566399063070863e-05,2010-12-28,0.21603270040655692,0.46199396744909854,0.2645745778446414,6.107318480457967e-05,0.057337681114906114
0.9991689879101904,2.045679747968682e-24,1.9685538764032962e-07,0.0,0.0008308152342634,2010-12-29,0.2343996124590099,0.5387988942677249,0.20687923896140722,0.00130201668962804,0.018620237622071083
0.9985691398363352,2.4426293839702213e-13,0.0009729505977369,0.0,0.0004579095660652,2010-12-30,0.23444183774114247,0.538806785398642,0.2070327929570107,0.001300537967166363,0.018418045936419783
0.9590158949687504,0.018967115914552,0.0217016822896669,0.0,0.000315306827464,2010-12-31,0.23355648606792392,0.5350174826242295,0.2101477548114817,0.0012487907908416054,0.020029485705956213
0.3226832679793044,0.6202679652622903,0.0568762183653102,0.0,0.0001725483932286,2011-01-03,0.221333643727992,0.4840924627999329,0.24809038737399722,0.00042030918158582743,0.04606319691662541
0.0137151207749285,0.7412576169205565,0.24485469739461,0.0,0.0001725649100255,2011-01-04,0.21402743466284854,0.4533044851034349,0.2732032503601172,1.817382418144833e-05,0.05944665604953835
1.0162274578521476e-08,1.1807205739318866e-23,0.9949425322924388,0.0,0.0050574575453193,2011-01-05,0.20699774039787075,0.42453308433241815,0.30235905299143334,9.466419253781163e-06,0.06610065585905653
6.239150029078652e-06,2.4792216642935436e-11,0.8836855212676288,0.0,0.1163082395571502,2011-01-06,0.18961114234790932,0.40186830288689795,0.27384282913945557,0.00021771059455963934,0.13446001503077762
1.1012420276900695e-38,1.151180311630479e-112,0.009510324578554,0.0,0.9904896754210656,2011-01-07,0.052990030254304266,0.22376773008075865,0.04977464975449506,0.0018539705670699415,0.6716136193429912
1.1548655928020664e-44,5.055911775986285e-184,0.0001190762255202,0.0,0.999880923774697,2011-01-10,0.05152232438329804,0.22185442010641837,0.047367500051993375,0.001871548840188513,0.6773842066183184
3.3467476868284062e-16,8.277216775653206e-06,1.120416844607757e-09,0.0,0.999991721662514,2011-01-11,0.05150507427183,0.22183213966653484,0.047338775767740926,0.001871756228541975,0.6774522540650587
2.8473469180839614e-13,2.4305055927390697e-11,8.018771791108247e-26,0.0,0.9999999999754436,2011-01-12,0.05150371462761517,0.22183016032045558,0.047336978630328395,0.0018717717236544067,0.6774573746979794
2.4421756041210217e-25,1.886023550912107e-86,0.0173603029926487,0.0,0.9826396970073183,2011-01-13,0.05421685963554693,0.22536703205161493,0.05178674362041917,0.001839277199443434,0.6667900874929421
9.396185569445194e-37,1.3383538680743222e-38,8.305260145019205e-09,0.0,0.9999999916944944,2011-01-14,0.05150371592153958,0.22183016200654995,0.047336980753784424,0.0018717717081539894,0.6774573696097261
0.0010467635799948,0.9766135515945564,0.0095029146733672,0.0,0.0128367701522938,2011-01-17,0.21358221407001227,0.4576114555911857,0.26194756879726877,2.538991140513466e-05,0.06683337163034035
0.9949562778694468,2.7957474706370522e-08,1.826949167823532e-06,0.0,0.0050418672237589,2011-01-18,0.2336287437367296,0.53746282528669,0.2062069987921172,0.00130441579359859,0.021397016390712505
3.938355376874117e-05,6.079937527115342e-05,0.9810437503151078,0.0,0.0188560667557157,2011-01-19,0.20484277029440542,0.42172846762461086,0.2988160250511806,3.534551196980484e-05,0.07457739151769657
0.6535196191482924,6.724895998141571e-07,0.0535905048403833,0.0,0.2928892035218716,2011-01-20,0.1795046340205724,0.44006603473115036,0.1654240377019739,0.0013988057400076506,0.21360648780644245
0.0130337086788524,0.9208299882370978,0.0633268883598827,0.0,0.0028094147237752,2011-01-21,0.21502620103823133,0.4590417094550839,0.2655479099704863,2.2222517828356565e-05,0.06036195701797821
0.1845787513654875,0.791401581809133,0.0013990847912185,0.0,0.0226205820344414,2011-01-24,0.2154911411296585,0.4698976083615271,0.24896921011388548,0.0002825777829226882,0.06535946261228656
2.2885939183543973e-12,8.022645807226872e-26,0.4035967289824359,0.0,0.596403271015685,2011-01-25,0.11457959829686457,0.3040562519059712,0.1507862443237352,0.0011163307786123257,0.42946157469522594
5.074632218765684e-27,3.780082451017094e-198,0.0003307149085972,0.0,0.999669285091246,2011-01-27,0.05155540021367041,0.22189753795266356,0.04742174693948856,0.0018711527008851883,0.6772541621931351
2.174627359739355e-28,1.7645691709328352e-57,7.326055053678524e-05,0.0,0.9999267394493864,2011-01-28,0.05151516410675406,0.2218450859279098,0.04735575665171341,0.0018716345966728986,0.6774123587168726
3.0999636480445435e-08,2.2614544137398413e-06,0.0001255985847596,0.0,0.9998721089610968,2011-01-31,0.051523720828462787,0.22185629948719945,0.047369667729221084,0.0018715323812170323,0.6773787795738059
1.5938819350490004e-29,1.9894446303938077e-177,0.0001409326700364,0.0,0.9998590673297127,2011-02-01,0.05152574020518925,0.22185887299178061,0.04737310226074451,0.0018715079299128107,0.6773707766121215
0.0099782401971511,0.0079628378644418,0.0062655743314625,0.0,0.975793347606582,2011-02-02,0.05561726175619608,0.2281760409075442,0.05226484387556139,0.0018394495068142463,0.662102403953521
0.0194519363201656,4.95948528447477e-90,2.891212630232325e-23,0.0,0.9805480636794116,2011-02-03,0.055064352315984916,0.22800094315780114,0.05044296464385754,0.0018606796745988727,0.6646310602073343
3.8168463189856383e-47,1.1369199361907247e-101,2.1603465587510302e-06,0.0,0.9999978396531932,2011-02-04,0.051504052252081454,0.2218306004490149,0.0473375323615554,0.0018717676800239337,0.6774560472570759
0.0054884523612161,0.0161449027604788,0.0832783173192357,0.0,0.8950883275594136,2011-02-07,0.06817515275152858,0.24439816751816107,0.07306391966905311,0.0016825444795411067,0.6126802155820599
2.2066113126981784e-30,1.2957871594072515e-222,2.40781545830136e-05,0.0,0.9999759218451164,2011-02-08,0.051507477664154776,0.221835065836259,0.04734315029892208,0.00187172665489053,0.6774425795454726
1.7899864387935026e-14,0.0001342466792893,0.0004978000729642,0.0,0.999367953247873,2011-02-09,0.051603562072000383,0.22196367781402104,0.04749371681551184,0.0018705886764613356,0.6770684546221494
1.1425574002312274e-06,0.3591998730210899,0.0138053653886553,0.0,0.6269936190325093,2011-02-10,0.11265747649789089,0.3105296153529627,0.12885245937891338,0.001173590414133186,0.44678685835575427
1.5565497974647626e-05,7.300679349029216e-39,1.3908457249863872e-21,0.0,0.99998443450222,2011-02-11,0.051506563856574934,0.22183509819358882,0.04733946404437259,0.001871762847809298,0.6774471110578486
0.0150062987348302,5.412284325088753e-200,6.586775860869496e-48,0.0,0.9849937012649608,2011-02-14,0.0542505873266025,0.22659064324282707,0.049733107899646724,0.001863214703995175,0.6675624468267191
5.222085077632842e-05,0.4438093942370567,3.878617731358666e-05,0.0,0.5560995987349294,2011-02-15,0.12441182810441664,0.3279716667316464,0.14369940445731294,0.0010409594721657285,0.402876141234534
0.0055029741653124,0.9199201289967012,0.0347993102474912,0.0,0.0397775865904736,2011-02-16,0.20903986125253796,0.45062314771440354,0.25683578130048373,8.161692037379656e-05,0.08341959281217934
0.0890031413881672,0.0011684366510916,3.681514889793372e-07,0.0,0.909828053809504,2011-02-17,0.06798752489143987,0.2503442871750083,0.06180229033738281,0.0018188318572270267,0.6180470657391934
3.231337200592046e-27,2.0917809683396557e-53,0.0003555805778235,0.0,0.9996444194223464,2011-02-18,0.05155928633056316,0.22190260391746874,0.047428120467924446,0.0018711061580292511,0.6772388831261839
0.0023651294789849,2.3078111752475508e-10,4.2555987638787676e-10,0.0,0.99763486986457,2011-02-21,0.05193664690664289,0.22258045596277504,0.04771463060113026,0.0018704230581595288,0.6758978434711878
8.052478606725545e-07,0.0927101250869923,0.3028977419135989,0.0,0.6043913277518135,2011-02-22,0.11406903171831502,0.30570822388436736,0.14510130246447941,0.001131283645400214,0.43399015828770304
1.4983653351532534e-05,0.6746654974524979,0.0633627683438739,0.0,0.2619567505506802,2011-02-23,0.17221801455020372,0.39605990238530603,0.21003984462681807,0.0004903427403850979,0.22119189569769052
4.932239386841531e-67,1.253829401187026e-233,8.658063458244667e-06,0.0,0.9999913419362302,2011-02-24,0.051505067744042954,0.22183192425027703,0.04733919784591759,0.0018717555177810536,0.6774520546416694
6.122995939786201e-08,0.0030825343367902,4.588644786614754e-09,0.0,0.9969173998445168,2011-02-25,0.052010010586701946,0.222567229997701,0.048006160040916894,0.0018660018795869301,0.6755505974950039
3.936090887217265e-23,1.0728666730007672e-10,8.549244150629071e-20,0.0,0.9999999998926796,2011-02-28,0.05150371464118872,0.22183016034019168,0.047336978648293775,0.0018717717234991208,0.6774573746467926
9.202318568016614e-06,2.495440291093694e-234,2.8498682636003927e-72,0.0,0.9999907976812712,2011-03-01,0.05150539908940615,0.22183307958735862,0.04733844800430981,0.0018717664762750873,0.6774513068424891
0.0002724049484876,1.3212845976975231e-09,0.0002433842297679,0.0,0.9994842095004604,2011-03-03,0.051591615181708315,0.22196616175481276,0.04744285900027605,0.0018711608284335869,0.6771282032347693
0.0096083690739602,5.937726408689487e-06,0.0580370947170708,0.0,0.932348598483008,2011-03-04,0.06233377653655988,0.23670375380525857,0.06374845795411317,0.0017576494506194556,0.6354563622538962
2.751731649030317e-09,0.2691793567254944,0.0466968301390678,0.0,0.6841238103833822,2011-03-07,0.10301247089010769,0.2957059861372187,0.11774090495732854,0.0012805236073670128,0.48226011440765376
0.948114811243904,1.2519590019688755e-26,6.03139709516037e-08,0.0,0.051885128442293,2011-03-08,0.22505422710031953,0.5226028316556858,0.19872713332520905,0.0013311294934367141,0.052284678425516505
0.0004394499216133,0.9896881199646618,0.0027230264592333,0.0,0.0071494036548855,2011-03-09,0.21455885916289413,0.45916370156859254,0.2629510722819721,1.3954014655921839e-05,0.06331241297227919
0.0008005646191406,0.6948462994088855,0.2907365956058277,0.0,0.013616540365808,2011-03-10,0.2112113531569756,0.44745806349641754,0.2728263161504607,2.652902466057103e-05,0.06847773817114743
1.736166249779958e-08,0.3198895512642813,0.0460838730426792,0.0,0.6340265583313741,2011-03-11,0.11124546171913938,0.307706171271759,0.1285921929567389,0.0011867530065564483,0.45126942104580314
0.0608963649893158,4.1996629538554513e-119,1.303451330878668e-21,0.0,0.9391036350105532,2011-03-14,0.06265067135550463,0.2411484553219298,0.05706059971566051,0.0018370468788629335,0.6373032267279106
9.234073007049417e-18,0.000479559855709,8.459995123993425e-05,0.0,0.9994358401928152,2011-03-15,0.051595700526890824,0.22196206129311585,0.04746276816604384,0.0018707157453252635,0.6771087542683879
0.6499745625346137,0.0005484426597327,7.574331636553768e-06,0.0,0.3494694204741826,2011-03-16,0.17057150825075892,0.4281557757756171,0.1512426028221212,0.0015000969459215187,0.24853001620574644
2.1308339063544117e-07,0.6286696810933958,0.0634837050146967,0.0,0.307846400808546,2011-03-17,0.16467973016465395,0.385082026561293,0.20008350507278694,0.0005762184656134895,0.24957851973568163
5.611610648958502e-19,2.980909861888579e-124,0.6038699988739992,0.0,0.3961300011259075,2011-03-18,0.14587919159667248,0.34485858515191986,0.20211996737289617,0.0007414649350167228,0.30640079094340117
0.0248739422219602,1.186291297908718e-08,0.8895705842198067,0.0,0.0855554616951203,2011-03-21,0.19508287085387313,0.4109561280684648,0.2793220296405645,0.00019251480414861499,0.11444645663274897
0.3309326299477284,0.666084603364328,0.0006175599109026,0.0,0.002365206776973,2011-03-22,0.22157637301396815,0.48620265167167687,0.24493355694278376,0.00043515023845076183,0.046852268133052266
0.9962229515181268,2.6076799847528344e-43,2.7216220400850888e-11,0.0,0.0037770484546533,2011-03-23,0.23386031568091384,0.5378642762145108,0.20640878043956626,0.0013036969720540018,0.020562930692951047
0.5106174399645608,0.4686233073919861,0.0100943472448489,0.0,0.0106649053986414,2011-03-24,0.22351679513873993,0.4979212374559847,0.23318799711086696,0.0006845529207020912,0.04468941737374326
0.4786454788541534,1.6702919747908448e-17,2.5069794311612304e-20,0.0,0.5213545211462177,2011-03-25,0.1391188036960314,0.37367197494660315,0.12376464838745663,0.0015988344147501098,0.36184573855552943
0.9397067239338224,1.120511361860642e-05,0.0027128732162639,0.0,0.0575691977362544,2011-03-28,0.2239409544544878,0.5204908841412994,0.19808234911586828,0.0013308252848264746,0.05615498700347703
0.968995069461654,1.1234836297552091e-05,3.1484410424904544e-05,0.0,0.0309622112916508,2011-03-29,0.22888307257174376,0.5292358128051313,0.20207167998551664,0.001319143126652562,0.03849029151098279
0.9949807973306328,0.0017869756326064,0.0004056122562984,0.0,0.0028266147800705,2011-03-30,0.23398983060083767,0.5379801362591784,0.2067023302008075,0.0013003012598513974,0.020027401678932983
0.0157922353400603,0.9799880727137948,2.954713476224534e-05,0.0,0.0041901448115827,2011-03-31,0.21535504386231213,0.4611660202062403,0.26260640846113614,2.839727095866989e-05,0.060844130199552794
0.0125887432911704,0.9182333167729744,0.0690605430143961,0.0,0.0001173969214833,2011-04-01,0.21541434739176482,0.45944781132147405,0.26638280416491356,1.6604533355631323e-05,0.058738432588516104
0.997964879455314,5.468663446508708e-29,1.5077832728038916e-11,0.0,0.0020351205297774,2011-04-04,0.23417917207298933,0.5384168720489236,0.2066869226085192,0.0013027036750658636,0.019414329594670897
0.0027220749817682,0.9826442294501808,0.0144563035106065,0.0,0.0001773920574921,2011-04-05,0.21565350933264563,0.46059405387502766,0.2647938854164874,3.87493559593019e-06,0.05895467644029101
0.0003430192952044,0.945861910049481,0.053041705430869,0.0,0.0007533652245572,2011-04-06,0.21520709469328572,0.4589056357087204,0.26631928634955154,1.856582153100238e-06,0.05956612666640077
0.0222389891025255,0.8683419200609479,0.1085574842709998,0.0,0.0008616065654604,2011-04-07,0.21515926009709133,0.4586267415382619,0.2672168492773802,3.0557735653798775e-05,0.05896659135154638
3.146620824038743e-07,0.0115936382731753,0.8361496799173467,0.0,0.1522563671476349,2011-04-08,0.1840851176234734,0.3949538865334934,0.264174371903448,0.00028498957232651954,0.15650163436749776
3.554818780222593e-05,0.7118432574360398,0.1621766806181696,0.0,0.1259445137583111,2011-04-11,0.19377103354598577,0.4250874978119602,0.24344166753085905,0.00023578564710974908,0.1374640154644079
7.523670635310986e-05,2.7072018178243616e-255,4.6192736246596845e-48,0.0,0.9999247632932412,2011-04-13,0.051517486550830514,0.2218540278291918,0.04734899203867348,0.0018717288215825939,0.6774077647593155
2.5754539279791136e-15,2.085428892347057e-34,0.0982398505986417,0.0,0.9017601494011812,2011-04-15,0.06685707341817158,0.24184488881227859,0.0725176594307302,0.001687889149208622,0.617092489189436
2.525919936580299e-29,2.785324162427561e-37,3.539239364036685e-05,0.0,0.9999646076063547,2011-04-18,0.051509245903542084,0.2218373709235322,0.047346050346529056,0.0018717054772183408,0.677435627349173
0.0053102179852774,0.9737833504542884,0.0051500572056053,0.0,0.0157563743546638,2011-04-19,0.21321750682925092,0.45740042391833835,0.2608982251874178,3.640381404810725e-05,0.06844744025077977
0.9535251515124438,2.208878896431271e-19,1.7883117988768677e-15,0.0,0.0464748484875656,2011-04-20,0.22604456954311197,0.5243191541508304,0.19959101341590738,0.0013280444759392468,0.04871721841422191
0.0869356312779013,0.9065408456035436,0.0060684114333727,0.0,0.0004551116848908,2011-04-21,0.2172583019248932,0.4674037242302056,0.2595698397433892,0.00011400234415335441,0.05565413175706703
0.0105422634389559,0.9231702140593908,0.066084789254457,0.0,0.0002027332475787,2011-04-25,0.21538552919342152,0.45937277840329266,0.26636501620813635,1.4100681560054483e-05,0.05886257551397175
1.571499573539165e-05,0.9716975088156146,0.014177891801136,0.0,0.0141088843876122,2011-04-26,0.21331668425151873,0.4570613718235689,0.26191402210017395,2.6429064595385492e-05,0.06768149276024119
5.839684346888053e-05,9.601078410832723e-12,0.9986959482351804,0.0,0.0012456549116679,2011-04-27,0.20759502842486946,0.4253163022757463,0.3033304454303549,2.40758765515788e-06,0.06375581628129218
9.525592523711477e-08,2.7438034881238464e-36,0.9945642214338912,0.0,0.0054356833106,2011-04-28,0.20693863187821987,0.42445603680907834,0.3022620985467931,1.0174482299470008e-05,0.06633305828402548
9.369527039852584e-07,0.6766985712285456,0.2759538709192392,0.0,0.0473466208997562,2011-04-29,0.20577403976561837,0.4398534502822686,0.2649699607000649,8.862328569731954e-05,0.08931392596659575
2.1475471613878016e-08,9.99309558022119e-28,0.9253333184884348,0.0,0.0746666600357257,2011-05-02,0.19611890635046153,0.4103513734057913,0.2845169328559313,0.00013975897090924604,0.1088730284165386
3.6964082789459747e-38,2.2724387535660698e-142,0.2734003998384389,0.0,0.7265996001617204,2011-05-03,0.09423193955196135,0.27753092472539204,0.1174145302350787,0.0013600285860344342,0.5094625769016925
7.702228829145803e-05,0.6207501968639458,0.2748711745576543,0.0,0.1043016062902368,2011-05-04,0.19642964138226993,0.42627947053810006,0.2525590690672264,0.0001953290452254588,0.1245364899673064
4.573191700921944e-15,6.297052965337457e-24,0.8781021539850175,0.0,0.1218978460150909,2011-05-05,0.18873740692154534,0.40072880580538983,0.27241071315926346,0.00022816494135098983,0.13789490917256303
0.9775942440958704,1.0355601067177253e-45,3.3711368812511073e-16,0.0,0.0224057559044538,2011-05-06,0.230450368372855,0.5319546481770034,0.20343424340704455,0.001314319592599604,0.03284642045082168
0.0003407123206047,0.9905259769724134,0.0076235480903913,0.0,0.0015097626162706,2011-05-09,0.21544427263320928,0.46033111401798027,0.2643732859829643,3.2693827757070894e-06,0.05984805798275039
0.0002497929412213,0.9715952238122152,0.0265549959763881,0.0,0.001599987270427,2011-05-10,0.21527708081122807,0.45963280027924136,0.2651016734568664,3.319927232944665e-06,0.059985125525682775
0.0292604065214875,0.9566795219411665,0.0110845553910789,0.0,0.0029755161463875,2011-05-11,0.2157198296587592,0.4621176419615851,0.2625306139653415,4.365316986870778e-05,0.05958826124456577
2.1151947697870924e-12,3.9997948423564154e-09,0.415677382848,0.0,0.5843226131503969,2011-05-12,0.11646761702526308,0.30651748428435427,0.15388273899832447,0.0010937185448161597,0.4220384411475486
6.6104564430773385e-06,6.813452679561633e-05,7.887246451240689e-11,0.0,0.9999252549383,2011-05-13,0.05151611527136744,0.22184854868608483,0.04735282511973757,0.0018716404218015986,0.6774108705014192
1.7701512305474304e-05,3.3730924839649794e-13,0.9268714126443358,0.0,0.0731108858429633,2011-05-16,0.19636252280997848,0.4106703430759531,0.28491399773917375,0.0001368699280983341,0.10791626644673805
1.3810205655276946e-10,2.228945068485808e-11,0.9340872860773956,0.0,0.0659127137623089,2011-05-17,0.19748701126014098,0.41213484130666156,0.28676073237382843,0.00012337355403236743,0.10349404150543236
0.0053794267739562,0.459583049246732,0.5313676459510278,0.0,0.0036698780279525,2011-05-18,0.21101609808630653,0.44168256766662367,0.2841636021632266,1.3870730212847602e-05,0.06312386135329884
0.0905744547424385,0.8184202175599508,0.0901731218432119,0.0,0.0008322058547835,2011-05-19,0.2165954599660513,0.464622925054044,0.26257882933072674,0.00011944426426231475,0.05608334138530021
0.4353669617314257,0.4895704844095458,1.778450091228952e-05,0.0,0.0750447693579661,2011-05-20,0.2116079598876977,0.4770049969332726,0.2231368837176211,0.0007071155820509815,0.08754304387920732
1.1380907587871116e-16,7.411138356801335e-51,0.942854268588593,0.0,0.057145731411143,2011-05-23,0.19885715407260834,0.41392096749477897,0.2890078712309757,0.00010696376418553252,0.09810704343718732
0.0109726186923836,0.9553747644701344,0.0333982510431667,0.0,0.0002543657940057,2011-05-24,0.21564527313919143,0.4605502333743073,0.2650466812535557,1.4757451850414862e-05,0.058743054780785536
1.929516452314534e-05,1.0765887756061147e-07,0.9990829692555486,0.0,0.0008976279211875,2011-05-25,0.20764837398061226,0.42538277276688574,0.3034234258492904,1.7052680512923393e-06,0.06354372213529699
0.997678933826941,1.7435988940271675e-05,2.3408562785043644e-06,0.0,0.0023012893275952,2011-05-26,0.2341300598751745,0.5383308067935492,0.2066456493522241,0.0013028297117096614,0.019590654267097145
0.9990797096106422,6.738075586136242e-41,2.909987603421053e-10,0.0,0.0009202900987486,2011-05-27,0.23438323952650256,0.5387705322592462,0.20686493307466447,0.0013020679665864583,0.018679227173389417
0.0095561488556049,0.9262100377913148,0.0631258828075096,0.0,0.0011079305454231,2011-05-30,0.21524186103816945,0.4591839602329422,0.266109034960356,1.4511533544734739e-05,0.05945063223483999
0.3559426606632166,4.8812488224497815e-08,1.3555186600990708e-10,0.0,0.6440572903888928,2011-06-01,0.1166583084595733,0.3347466872377186,0.10417209859150764,0.0016688029710694445,0.44275410274028015
0.0005051657093282,0.8431326020707026,0.1362231676347529,0.0,0.0201390645855356,2011-06-02,0.2113641943561352,0.4513408176277929,0.26536517421489136,3.8353226622424064e-05,0.07189146057487743
2.3151739412413605e-06,1.6057558586653693e-05,0.9469504021554253,0.0,0.0530312251123908,2011-06-03,0.1995003770876486,0.41476006017499306,0.2900616411339731,9.926536093742233e-05,0.09557865624279162
0.0739519035260267,0.8870552022333155,0.0376931736622114,0.0,0.0012997205787815,2011-06-06,0.21662373819343667,0.4650687687544194,0.2613726411942073,9.868437674547929e-05,0.05683616748152621
0.9874589129624264,4.762568420058788e-13,0.0089036029534851,0.0,0.0036374840836107,2011-06-07,0.233647570592593,0.5368980003155631,0.20729154065474523,0.0012920289647002532,0.020870859472396575
0.004457432439332,0.925769104656916,0.0696475156492747,0.0,0.0001259472542876,2011-06-08,0.2152553608527556,0.4587897270464873,0.2668707926247708,6.037285351311176e-06,0.05907808219044523
0.0241907533015554,0.8672030532509787,0.1085048099428142,0.0,0.0001013835048381,2011-06-09,0.21532124375650788,0.4589628639736795,0.2672677652887612,3.1675077029476714e-05,0.05841645190420831
0.0004260077624157,0.0712818144386756,0.9258884599839502,0.0,0.002403717815072,2011-06-10,0.20799116629038472,0.42764344795130993,0.3002014230683143,5.053678540615537e-06,0.06415890901156378
0.005106752021729,0.9490339242998048,0.0455086238434448,0.0,0.0003506998352428,2011-06-13,0.21542276348285586,0.4596405505641864,0.26583766269042475,7.303088358613289e-06,0.05909172017439575
0.0608995684136891,0.9059499473680525,0.0330860836290653,0.0,6.440058943052191e-05,2011-06-14,0.21661784380753726,0.4645073563390888,0.2622093854779653,7.938396182376233e-05,0.05658603041382222
1.16817845419238e-06,1.3463991874629311e-16,0.9986739623816154,0.0,0.0013248694397475,2011-06-15,0.20758111678510055,0.4252936682409866,0.3033156720681151,2.4813735896268996e-06,0.06380706153202523
4.00378537142794e-05,0.589254537031946,0.4071743033525433,0.0,0.0035311217622095,2011-06-16,0.2119268551519425,0.44569152104604265,0.27962766922276044,6.661564863341235e-06,0.06274729301480396
3.379682702108555e-05,3.2816863286671908e-12,0.965498566640819,0.0,0.0344676365290438,2011-06-17,0.20240229166819027,0.41854508640463683,0.29481741786368243,6.455953546792997e-05,0.08417064452818798
1.3275556305265844e-39,1.5481584483015603e-73,2.3459115688797985e-05,0.0,0.9999765408843376,2011-06-20,0.05150738091803252,0.22183493971749768,0.047342991627881914,0.0018717278135906403,0.6774429599230233
0.0040939433380235,0.9741876801819888,0.0024153196525171,0.0,0.019303056827733,2011-06-21,0.21263388155921098,0.4565541024526455,0.26009082683480056,4.145936002826581e-05,0.07067972979357705
0.1607902404230232,0.3493709524249958,0.4672292608073025,0.0,0.0226095463447308,2011-06-22,0.21133836092540242,0.45156451403819003,0.2686136213483747,0.0002515953521825896,0.06823190833590245
0.60631671724278,1.2310944469139922e-10,9.795909906015372e-05,0.0,0.3935853235347438,2011-06-23,0.16250407576433934,0.41419337536852374,0.14417564956672416,0.0015258492745496887,0.27760105002555613
0.0266759106777075,3.7574097353505153e-255,2.0500425841510726e-54,0.0,0.9733240893223172,2011-06-24,0.056386686245304164,0.23029262128662717,0.05159645203895915,0.0018565603583036582,0.6598676800708301
0.0514501525332971,8.693438511625875e-44,1.0681271092298539e-11,0.0,0.948549847456326,2011-06-27,0.06092156122810334,0.23815181145292907,0.055552276673515845,0.0018424333787093626,0.6435319172670463
0.0110956799731309,0.9765351190175312,0.0046680085847268,0.0,0.0077011924246544,2011-06-28,0.2146531454239947,0.4597955116590287,0.2622958266689258,2.8856380941027603e-05,0.06322665986715305
0.998350201184672,1.8159891243674372e-08,8.810539720891005e-05,0.0,0.0015616752582269,2011-06-29,0.23426347691984528,0.5385570628961258,0.20677103579009856,0.0013023190064671588,0.019106105387461915
0.9947595939809548,0.0019989958518727,0.0010023141525563,0.0,0.002239096014521,2011-06-30,0.23407741778043614,0.5380822265428025,0.20686598155578667,0.0012989136531252343,0.01967546046775399
0.0001076135289997,8.979720477842887e-51,0.946285956499302,0.0,0.0536064299717692,2011-07-01,0.1994131718919605,0.41465425507076087,0.28990465914720037,0.00010047906348562227,0.09592743482666338
0.8425457186687686,0.0423628813413115,0.1120101805232431,0.0,0.0030812194668198,2011-07-04,0.23019325302137728,0.5220622707178872,0.2197769784901204,0.0011023769829583206,0.026865120787799467
0.0368070798711472,0.1569071334700651,0.8055959856858381,0.0,0.0006898009728927,2011-07-05,0.20991414891072202,0.43515055814523435,0.29376532388171184,4.919715415368481e-05,0.061120771908121124
0.0209296956620727,0.8800943712383688,0.0987682019452262,0.0,0.0002077311544996,2011-07-06,0.2153199395562415,0.4590270582524226,0.26704988997570295,2.7629728185914615e-05,0.058575482487614225
0.9858899355122837,2.7535989886106295e-111,1.5825062038370956e-23,0.0,0.0141100644874412,2011-07-07,0.23196887794718904,0.5345863095921428,0.20475885711807104,0.0013095891526567936,0.02737636618966489
8.172367963554724e-12,6.116299134762149e-49,0.9968735326302078,0.0,0.003126467361532,2011-07-08,0.20729952382119426,0.42492649017332984,0.30285400227690723,5.8520332130232326e-06,0.06491413169526765
0.0002445791230712,0.0017108710692899,0.9807387616480616,0.0,0.0173057881597174,2011-07-11,0.20510367832793,0.4221259663110151,0.2991288204367963,3.271081522606685e-05,0.07360882410917247
1.105986897200116e-09,0.2536421014285577,0.3666708442811813,0.0,0.3796870531846453,2011-07-12,0.1504675440087224,0.35718031076104995,0.1963832328733511,0.0007106874914454868,0.29525822486580205
0.978285121890422,7.150356226045847e-14,2.188543630670537e-06,0.0,0.0217126895655159,2011-07-13,0.23057717419432872,0.5321742628201143,0.20354512021491675,0.0013139215379132452,0.0323895212323669
0.0021414099744631,0.9720943672833858,0.0254023289936593,0.0,0.0003618937488681,2011-07-15,0.21552517430888068,0.46011739338399443,0.2652166237868893,3.464520058142964e-06,0.059137344000553746
0.0082448617207294,0.9080110259771528,0.0836457996839263,0.0,9.831261833109712e-05,2011-07-18,0.21521971956740005,0.4585970934276149,0.2672085638678066,1.0915062414836926e-05,0.05896370807490318
0.997160473048492,3.717857729436062e-06,0.0001981634305091,0.0,0.0026376456635358,2011-07-19,0.23406350759062033,0.5382029497840642,0.20661007911249865,0.00130278449489222,0.019820679018190606
1.0226527104325357e-08,2.6244201146475282e-51,0.9948406972519026,0.0,0.0051592925217144,2011-07-20,0.2069818251786425,0.42451233716443465,0.30233295080757877,9.657031166708606e-06,0.06616322981832126
0.0033155397063781,0.8770791667287311,0.1193642926999704,0.0,0.000241000864505,2011-07-21,0.2148193265012098,0.45691443774745283,0.26886195407591046,4.766416733863402e-06,0.059399515258277656
0.9905385347228642,3.352955311284572e-22,2.3288097255125974e-12,0.0,0.0094614652749383,2011-07-22,0.23281979465292363,0.5360609954945174,0.20550112174045837,0.0013069383887475943,0.024311149723484016
0.9667384714065388,0.0001770034426714,0.0001655895538565,0.0,0.0329189355973501,2011-07-25,0.22851819169509494,0.5285869047568087,0.20178171732516173,0.0013198686080449276,0.039793317615306294
3.651908738208304e-27,1.1370306665077051e-114,0.9198653819479368,0.0,0.0801346180519904,2011-07-26,0.19526434908836965,0.40923736586294845,0.2831153967102067,0.0001499937121592152,0.112232894626243
0.0004187032091108,2.4115836411879483e-05,0.9866435146079134,0.0,0.0129136663462721,2011-07-27,0.20578133494099632,0.4229808872936132,0.3003039520461948,2.471639582723881e-05,0.07090910932307644
0.0009073361487463,0.9361060474937652,0.0572665211159256,0.0,0.0057200952412718,2011-07-28,0.2143683345752079,0.4576127155106221,0.26537444489802264,1.1887649716097609e-05,0.0626326173661402
0.0023027681706323,0.9532213670296192,0.0435669897441026,0.0,0.0009088750557969,2011-07-29,0.21529380999807052,0.45935669918290706,0.2658012892716421,4.698358863427992e-06,0.05954350318866792
0.0200448208442061,0.9779983077720716,0.0014679048793867,0.0,0.0004889665044074,2011-08-01,0.21603145942990645,0.4623323564101418,0.2632221700296613,2.7004433767236625e-05,0.058387009696595
4.2066853356553415e-06,0.0002592384954119,0.9918533859231232,0.0,0.0078831688962768,2011-08-02,0.20655830114521306,0.4239670388518968,0.3016241946946437,1.4760967815858785e-05,0.06783570434057795
0.0003724748210025,0.8567209057441022,0.118046517726551,0.0,0.0248601017087207,2011-08-03,0.21073095913349488,0.4508445661418725,0.26363478735869067,4.701722749389308e-05,0.07474267013882434
2.5104270293850445e-16,1.503362578593059e-47,0.6815344128215888,0.0,0.3184655871785444,2011-08-04,0.15801693005663048,0.36068141213742705,0.22202678528500186,0.000596094881052317,0.25867877764002145
1.634759080750781e-25,1.2860924473299569e-08,1.5083947915489915e-09,0.0,0.9999999856308932,2011-08-05,0.051503716971633064,0.22183016369701491,0.047336981803552,0.0018717716968043123,0.6774573658312077
6.8550891733909445e-34,1.0778433959999788e-11,3.2700334319715347e-12,0.0,0.9999999999863576,2011-08-08,0.051503714625871645,0.22183016031787986,0.04733697862820232,0.0018717717236744645,0.6774573747047773
1.253716155454348e-45,4.42090336631429e-78,7.265844975289305e-21,0.0,1.0,2011-08-09,0.0515037146235694,0.2218301603145464,0.0473369786250051,0.0018717717237,0.6774573747131787
0.0599319367542741,0.0006877427508542,5.130362112215527e-11,0.0,0.9393803204432044,2011-08-10,0.06258709150896112,0.24100695024767893,0.0570559030448139,0.0018363095258293212,0.6375137456723526
2.41238618389972e-05,0.6186371163890507,0.0232057450711014,0.0,0.3581330146783077,2011-08-11,0.1567415126672927,0.3744848140973925,0.187585426572465,0.0006703746484464177,0.2805178720147021
2.324959953272095e-27,3.1707575962304253e-195,1.619548312151219e-05,0.0,0.999983804517068,2011-08-12,0.0515062457253846,0.22183345987373468,0.04734112982524995,0.0018717414094529964,0.6774474231663669
2.6294764051193307e-14,4.5012937270554135e-77,0.000336500945182,0.0,0.9996634990551736,2011-08-16,0.0515563044811173,0.22189871676109188,0.04742323000712763,0.0018711418707465098,0.6772506068802981
8.72288635732473e-07,0.0330735725590507,2.62057766228094e-06,0.0,0.966922934574218,2011-08-17,0.05693637966315825,0.2297390269788908,0.05451754997588622,0.001809860143254381,0.6569971832383766
2.134533588805752e-49,1.782181357175825e-309,3.020367242540898e-07,0.0,0.9999996979632216,2011-08-18,0.0515037618272031,0.22183022184947154,0.04733705604257085,0.0018717711583560988,0.6774571891223439
5.6467883517061965e-22,4.122784415676047e-07,1.804030158985158e-08,0.0,0.99999956968086,2011-08-19,0.051503785156728425,0.22183026256769875,0.04733707274831184,0.0018717709182408016,0.677457108608623
3.881375255718672e-05,9.409044503182389e-12,1.3051409093286428e-11,0.0,0.9999611862251492,2011-08-22,0.05151081940624859,0.22184247329617598,0.0473431762125232,0.0018717495909491135,0.6774317814942695
2.496171040474618e-07,0.0031341210627895,1.8007779468703375e-10,0.0,0.996865629140078,2011-08-23,0.05201851712938099,0.2225796235053603,0.04801738767087551,0.001865905221840251,0.6755185664725919
7.92701422138412e-12,1.1617198980055922e-08,0.0435543011139007,0.0,0.9564456872612512,2011-08-24,0.05831057554166926,0.2307036243877277,0.058500749694086585,0.0017902479926807408,0.6506948023841133
8.203598625484454e-14,1.7307953306726794e-69,0.0508494851152025,0.0,0.949150514884326,2011-08-25,0.059450697286277346,0.23218989348417643,0.060370637023493774,0.0017765930952958842,0.6462121791103667
1.0592556064491836e-36,4.559195653285879e-58,1.061033559222106e-06,0.0,0.9999989389667634,2011-08-26,0.051503880446608225,0.22183037648248147,0.047337250587439046,0.0018717697376879898,0.6774567227461055
1.4693363634769107e-05,5.049655849796992e-200,7.1738686930799164e-68,0.0,0.9999853066362364,2011-08-29,0.051506404214127194,0.22183482152431905,0.04733932478639233,0.0018717633451245774,0.6774476861299076
4.608524553232155e-06,0.0005624800933152,2.260280244747433e-13,0.0,0.9994329113820324,2011-08-30,0.05159694150425541,0.22196611408142536,0.04745982020745928,0.0018707162614538103,0.6771064079455326
1.4072826655327565e-05,6.61991906736545e-22,7.067713405763139e-11,0.0,0.9999859271027872,2011-09-02,0.051506290637143785,0.22183462468438922,0.04733922572033877,0.001871763698840642,0.6774480952594069
1.0074919709257064e-05,0.580205033583468,0.0197321455450054,0.0,0.4000527459518776,2011-09-05,0.1498838790404351,0.36458336688494286,0.17834982590539117,0.0007488205308044146,0.30643410763848644
6.487241745583157e-06,4.961463829924018e-16,7.045608287532666e-12,0.0,0.999993512750858,2011-09-06,0.051504902101163846,0.22183221827863892,0.04733801447648227,0.0018717680244758157,0.6774530971188885
0.3947921347221703,5.116346678889293e-07,6.504624581404375e-08,0.0,0.6052072885972315,2011-09-07,0.12376971245363955,0.34707111982396,0.11037550165046091,0.0016466489046968364,0.4171370171675578
0.0013604168297114,0.7012375114671996,0.0003299633692031,0.0,0.297072108334017,2011-09-08,0.16697750925047283,0.3899983371908255,0.1998665818501772,0.0005578218135415864,0.24259974989511385
8.447891048472209e-28,1.5379065776001786e-142,0.0746127098527603,0.0,0.9253872901469452,2011-09-09,0.06316451925657199,0.23703125356824606,0.06646158864225335,0.0017321137631684197,0.6316105247694653
5.106111656723957e-18,3.058138307322724e-07,8.394636368842343e-06,0.0,0.9999912995495976,2011-09-12,0.05150507680221335,0.22183194370304335,0.047339196712160324,0.0018717554384429535,0.6774520273439368
2.317270030827255e-13,2.22588516562992e-05,6.047887142411984e-08,0.0,0.9999776806688409,2011-09-13,0.05150737993138252,0.22183549483846676,0.04734182617882459,0.001871729947007346,0.6774435691039187
3.9034746227430733e-07,2.047105775637566e-07,3.819405547202133e-15,0.0,0.99999940494235,2011-09-14,0.05150381969814186,0.2218303330927841,0.047337085393213234,0.0018717711179419986,0.677456990698312
2.0563054334875318e-11,4.997038910903824e-06,1.9845874575962783e-15,0.0,0.9999950029402752,2011-09-15,0.05150453535493053,0.22183135513792518,0.0473380634080317,0.0018717623703716692,0.6774542837284917
0.084094897594193,0.0094509135825254,0.167156818651741,0.0,0.7392973701718062,2011-09-16,0.09457336802935792,0.28482294963732807,0.1056618375208572,0.0014932490542795037,0.5134485957584425
6.656499105314796e-06,1.5904982087550675e-09,0.8259704611837331,0.0,0.1740228807266263,2011-09-19,0.18059125388480687,0.39010995627538336,0.25904946456604405,0.0003257397711420052,0.16992358550258638
0.8229581681711485,2.9451842213714795e-113,4.2375966854284195e-30,0.0,0.1770418318291228,2011-09-20,0.2021445467062783,0.4828990874053998,0.17874274319183883,0.0014024974952313448,0.13481112520152272
0.0008161874547373,0.9215634962765707,0.0432765306030215,0.0,0.0343437856659215,2011-09-21,0.20977672315734303,0.45125637684966274,0.25861703619120774,6.534603011881676e-05,0.08028451777191864
1.1645528239312752e-81,4.608071729220864e-257,1.514589771769077e-08,0.0,0.9999999848541848,2011-09-22,0.0515037169906416,0.22183016340028835,0.0473369825071812,0.0018717716953504915,0.6774573654066205
6.618382998934525e-16,9.301465276974048e-05,5.057538315793188e-06,0.0,0.9999019278093166,2011-09-23,0.0515197820240984,0.2218534309706733,0.0473584670056517,0.0018715881549465985,0.6773967318450324
3.9785676003758483e-17,1.3474101070223747e-06,3.0965496162731654e-07,0.0,0.999998342934768,2011-09-26,0.05150398432020383,0.22183054557400841,0.047337350497125896,0.0018717686220521544,0.677456350986446
0.0025718512661229,1.8214521581271945e-59,4.049684449463398e-31,0.0,0.9974281487339102,2011-09-27,0.05197448680824077,0.22264603465258467,0.04774763872298961,0.0018703051807270098,0.6757615346354906
4.791062362670316e-08,3.666989951984829e-23,0.0291225133405642,0.0,0.9708774387490756,2011-09-28,0.05605511871420145,0.22776340112533344,0.05480162214562403,0.0018172609993865445,0.6595625970157175
2.3286254234731226e-05,6.0367702887468314e-61,1.2741461134100675e-20,0.0,0.9999767137461364,2011-09-29,0.051507977125438156,0.22183754746703105,0.04734069685537745,0.0018717584452141172,0.6774420201073099
6.850895006765272e-17,2.850405959997168e-09,0.0005903222024013,0.0,0.999409674947267,2011-09-30,0.05159597325909126,0.22195042928372635,0.04748828968309125,0.0018706667699585028,0.6770946410042065
9.716949521871383e-13,0.0002130866732133,3.200044201537537e-05,0.0,0.9997549128838372,2011-10-03,0.05154371374410334,0.22188762995602015,0.04739143874360371,0.0018713129765673881,0.6773059045797426
3.987215480221991e-31,1.104244788329506e-13,6.567515813367903e-10,0.0,0.9999999993433448,2011-10-04,0.05150371472623823,0.22183016044842083,0.04733697879337637,0.0018717717224708914,0.6774573743097001
2.86322206424736e-08,2.000603013196363e-05,0.0047048384485173,0.0,0.995275126889562,2011-10-05,0.05224229869359773,0.22279348518046382,0.04854726283483792,0.0018629278770798834,0.6745540254144521
5.16434954842102e-09,6.820399665181353e-07,9.701306774553612e-21,0.0,0.999999312796044,2011-10-07,0.05150382758905831,0.22183032503208033,0.04733712750995259,0.001871770444132691,0.6774569494251358
0.0485420016973668,3.0474281925922385e-108,9.801687325380107e-27,0.0,0.95145799830262,2011-10-10,0.06038923008409475,0.23722925202066708,0.055087917972045305,0.0018440916893119538,0.6454495082338673
0.0012408767288419,3.085814655266681e-07,0.1005686625860633,0.0,0.8981901521033999,2011-10-11,0.06744822112964825,0.24271306533681303,0.07331278063891072,0.0016828219838706034,0.6148431109105277
0.2250771481662519,7.571455101870822e-75,1.1930110088689048e-31,0.0,0.7749228518341079,2011-10-12,0.09270363242489334,0.29323190569738616,0.0832761501226857,0.0017434263118233212,0.5290448854435709
0.0002318038296478,1.7902306378322501e-22,0.7401532322186399,0.0,0.2596149639512584,2011-10-13,0.16722056990178316,0.3726975530490925,0.2370888802285542,0.00048624165126955385,0.22250675516884644
0.7922118622553507,2.506906510871439e-72,1.3637379059038108e-11,0.0,0.207788137731364,2011-10-14,0.19651649745176958,0.4731453655206295,0.17383332982205657,0.0014200299161052934,0.1550847772897908
0.0024861376384981,0.0205943949404743,0.8208575016465594,0.0,0.1560619657742969,2011-10-17,0.1836285225611683,0.3947790698270093,0.2626055537267898,0.00029534819019736883,0.15869150569466375
2.126181117982943e-06,0.8256909695366927,0.0196998811928516,0.0,0.1546070230897774,2011-10-18,0.19019667651046518,0.4232711828266632,0.23163148140534623,0.00028939182142143587,0.15461126743654352
0.946008560389252,7.491700666541802e-35,2.906967445021677e-17,0.0,0.0539914396106787,2011-10-19,0.22466867270531404,0.5219346485273091,0.19839080246754562,0.0013323306506639859,0.05367354564909758
9.573683499434832e-06,0.8746548295228429,0.1157651162310749,0.0,0.0095704805628692,2011-10-20,0.21325350095306703,0.4545527352916849,0.2668852530816779,1.7926215462373306e-05,0.0652905844583943
7.099652835649178e-08,1.1379203692587018e-20,0.9884877193506896,0.0,0.01151220965257,2011-10-21,0.2059889647891369,0.42321804331942425,0.3007045754134971,2.1548320910034817e-05,0.07006686815681953
0.0199568938036246,0.9286286043383564,0.0001187443595052,0.0,0.05129575749846,2011-10-24,0.20769589397807942,0.45022505202830043,0.2521449176414998,0.00012198870768084077,0.08981214764438562
9.982496056115621e-08,7.990813897593707e-09,1.8867942974105638e-19,0.0,0.9999998921839564,2011-10-25,0.051503734208746696,0.2218301938928337,0.047336996299215055,0.001871771651819476,0.6774573039471155
2.8428063373870074e-10,3.8127329164460814e-08,2.9832997469087557e-26,0.0,0.9999999615884017,2011-10-28,0.05150372093774588,0.22183016952116638,0.047336986947250775,0.00187177165217226,0.6774573509416757
0.0006985056557141,2.4716536691788896e-05,0.558001684518112,0.0,0.4412750932898063,2011-10-31,0.13884260791741082,0.33574118073108294,0.19047997406660672,0.0008268753772732129,0.33410936190795026
2.8861072879147824e-08,0.2927997752077195,0.0773547989741581,0.0,0.6298453969568856,2011-11-01,0.11168332219173448,0.3075998032299613,0.13072673750881048,0.0011789268418904333,0.44881121022743914
0.0013354088043836,0.1163702188933508,0.0978419862280942,0.0,0.7844523860742649,2011-11-02,0.08615230665728751,0.27001216478427753,0.0978910829477532,0.001470053887079742,0.5444743917236952
0.0004222584579898,0.9660801781157352,0.0028821432725489,0.0,0.0306154201535531,2011-11-03,0.21070314555826208,0.4535458887082714,0.25786419326228055,5.785466537357802e-05,0.07782891780563939
0.9061416048375528,0.0001032352001305,0.0665472077546772,0.0,0.0272079522078307,2011-11-04,0.2277883548303731,0.5228701278000478,0.2091047344903649,0.0012303095117253931,0.039006473367679706
0.0120247266965756,0.9524828596012884,0.0346969924641019,0.0,0.0007954212378213,2011-11-08,0.2155658579232115,0.46045712403625927,0.26491978005405176,1.7139548140463083e-05,0.05904009843812413
3.164395366612472e-16,4.080053645030394e-88,0.9163646616904456,0.0,0.0836353383095608,2011-11-09,0.1947172410275889,0.408524152588787,0.2822180977133483,0.00015654626134991968,0.11438396240893237
1.6960318013662188e-05,0.7823297655757863,0.1277886840479286,0.0,0.0898645900582617,2011-11-11,0.19997022343585039,0.4349292966988086,0.24992595267201462,0.0001682280732193792,0.11500629912009716
1.056445293089911e-05,4.927091551263119e-42,0.5455803255648313,0.0,0.4544091099822269,2011-11-14,0.13677135718442066,0.3329863893093091,0.18718093875788816,0.0008505638731481977,0.3422107508752226
3.547999052928397e-16,5.548726471097235e-20,0.3879103506735694,0.0,0.6120896493263701,2011-11-15,0.11212806164508873,0.30086041436007044,0.14676553701580813,0.001145692097978549,0.43910029488099367
9.678943857220746e-07,0.2437938013504495,0.2067064457292699,0.0,0.5494987850259523,2011-11-16,0.12385026427595586,0.3222357657653117,0.15324365597295547,0.0010285375477754302,0.39964177643805865
3.555888573672254e-26,1.3184346670836356e-92,0.232508706816649,0.0,0.7674912931837743,2011-11-17,0.08784120472433771,0.2691999253534238,0.10693323712121564,0.0014365685007673352,0.5345890643006784
2.8948348855860533e-07,0.1686762022989622,0.0195032415370524,0.0,0.8118202666805812,2011-11-18,0.08225567052394954,0.26613503251849924,0.08895305550900588,0.0015195425966745687,0.5611366988519547
1.973531957425384e-37,1.1344022906891652e-144,0.029726210242378,0.0,0.9702737897577222,2011-11-21,0.05614945836884824,0.22788637908570195,0.05495635311627947,0.0018161310439157431,0.6591916783853543
0.0004426915998365,0.3355098613626281,2.02988057333481e-05,0.0,0.6640271482320828,2011-11-22,0.10669299632577656,0.3021968120719961,0.12024686291570108,0.0012434834220675704,0.4696198452647391
5.052276865028053e-34,2.4996234453162253e-27,5.857706697004792e-06,0.0,0.9999941422937478,2011-11-23,0.051504630091929085,0.22183135372453366,0.04733848006300364,0.0018717607594110714,0.6774537753615669
5.695310681366696e-05,0.4718887047841255,0.0014220529220456,0.0,0.526632289186989,2011-11-25,0.12924070167488844,0.3349688885558584,0.1501503002246609,0.0009858095546160035,0.3846542999899498
0.2083880063252628,2.467335912471216e-105,1.9755753271816705e-39,0.0,0.791611993674426,2011-11-28,0.08964871868694704,0.28793757054995317,0.08061131304052997,0.0017529429366811965,0.5400494547855771
3.049198742488052e-10,9.015884951124299e-32,0.3331975140510299,0.0,0.6668024856444721,2011-11-29,0.10357729736020603,0.2897135879535078,0.13274163060931682,0.0012481020383190644,0.47271938203907177
0.0012817309295609,3.90901120476745e-28,9.460447165227586e-07,0.0,0.998717323026142,2011-11-30,0.05173848073597109,0.22223695952894887,0.04754188137381061,0.0018710390733741302,0.6766116392883144
3.288245987934249e-07,3.782198312047029e-07,1.0269860242067545e-19,0.0,0.9999992929554308,2011-12-01,0.05150383693412161,0.22183035506255191,0.04733711323570155,0.0018717708282533856,0.6774569239392318
0.0006886222800388,1.0568770488306313e-103,3.251633534917147e-37,0.0,0.9993113777202808,2011-12-02,0.05162976554241476,0.2220486135565604,0.04744693431986112,0.0018713790516284685,0.6770033075298544
0.0022599925644576,0.94663286370146,0.0310140125328659,0.0,0.0200931312013131,2011-12-05,0.21224203098979288,0.4552103259796088,0.2611466380816467,4.055123275785308e-05,0.0713604537162904
0.0023023144122024,0.9645003670455252,0.0018425246637509,0.0,0.0313547938784606,2011-12-07,0.21062533723113883,0.4535527575899106,0.2575549651233573,6.168557823156058e-05,0.07820525447730078
1.1788188681978217e-33,1.6611034808191771e-81,0.026358967801881,0.0,0.97364103219847,2011-12-08,0.05562321081227025,0.2272003596870916,0.054093266939215616,0.0018224337531031773,0.6612607288086699
3.695863394895282e-13,0.0009717905646068,8.112968074295722e-05,0.0,0.9989470797545628,2011-12-09,0.05167600352241939,0.2220790490996253,0.047568734335300344,0.0018698008973577604,0.6768064121455789
1.3879672972870428e-54,0.0,6.375224516661333e-11,0.0,0.9999999999363354,2011-12-12,0.051503714633537395,0.2218301603275543,0.04733697864135012,0.0018717717235808343,0.6774573746740645
0.0006122838963678,5.968741200310038e-33,1.3566132169450063e-09,0.0,0.999387714747081,2011-12-13,0.05161579216732697,0.22202439683050615,0.04743474534366887,0.0018714225794132032,0.6770536430791464
7.487573984348949e-11,0.0082300207777139,0.0009142102680535,0.0,0.9908557688796048,2011-12-14,0.05299831303510065,0.22398425439773137,0.0493579175913545,0.0018546558105513207,0.6718048591655097
7.253478961474351e-10,0.0049905441433619,0.0001895406718066,0.0,0.9948199144595576,2011-12-15,0.0523529979025719,0.22306204026936902,0.04846893134259203,0.0018620757870031245,0.6742539546985375
1.0894286681374129e-54,1.4526784645629295e-68,1.4984673147753333e-14,0.0,1.0,2011-12-16,0.05150371462357251,0.22183016031455277,0.04733697862500965,0.0018717717237,0.6774573747131797
4.701155613265029e-08,0.0892816502301823,0.0052303500410744,0.0,0.9054879527172388,2011-12-19,0.06698501276856286,0.24424345925416086,0.06805928454763856,0.001694866807234701,0.6190173766224543
1.4277030223563943e-24,9.704822208161076e-139,0.0054564006622055,0.0,0.9945435993373956,2011-12-20,0.05235646507648114,0.22294181080215322,0.048735554483824974,0.0018615585872265592,0.6741046110499147
1.1623537405829414e-10,2.143721168509797e-22,5.2551255726185776e-39,0.0,0.9999999998835848,2011-12-21,0.05150371464483679,0.22183016035138012,0.04733697864355646,0.0018717717236333828,0.677457374636413
7.158840402250475e-05,5.8472471173402374e-154,1.1438329980610416e-17,0.0,0.9999284115961724,2011-12-22,0.05151681873648154,0.2218528704699209,0.04734840949638608,0.0018717309019498018,0.6774101703954561
0.0001352850096352,3.8803270310024376e-17,0.578326533957544,0.0,0.4215381810330889,2011-12-23,0.14191190945749615,0.3396974476469149,0.1955943090698327,0.0007891993270008421,0.32200713449902324
0.0593081051227785,0.7457487979020135,0.0001869651440849,0.0,0.1947561318309214,2011-12-27,0.18487302611248763,0.4189949535999462,0.2187454311073935,0.0004417310809893085,0.17694485809898156
2.16759359261023e-08,1.3791186469350224e-20,0.9422523659048084,0.0,0.0577476124192551,2011-12-28,0.19876309002409728,0.41379834675389354,0.2888535959623889,0.00010809037624971547,0.0984768768833698
1.998096185820527e-08,1.2559592871582422e-05,0.8476250999543358,0.0,0.1523623204716837,2011-12-29,0.1839763844648086,0.3945226245547717,0.26460161327700643,0.0002851875092223,0.15661419019404357
5.958196140463103e-06,0.0101772466721926,0.4853413705693694,0.0,0.5044754245619841,2011-12-30,0.12902764281438403,0.3231456776514197,0.17394917363801524,0.0009442705898462934,0.37293323530602096
0.3418110413440755,5.14212062842572e-148,3.5379640977098584e-45,0.0,0.6581889586561831,2012-01-03,0.11407153602032662,0.33026366918880734,0.10191562303535924,0.0016768613152341042,0.45207231044053087
0.0048204956888451,0.6044434496082124,0.3489391185499885,0.0,0.0417969361527795,2012-01-04,0.20619532517333014,0.43897533536232974,0.26876151694859013,8.450840657053715e-05,0.0859833141090048
0.0044546158791511,0.930286947254829,0.0515626229823443,0.0,0.013695813884076,2012-01-05,0.21317048126331306,0.4561845774469351,0.26321560588986204,3.1433312128603e-05,0.06739790208816152
5.0308114419344115e-08,0.2295940489303901,6.620013434484281e-05,0.0,0.7703397006274125,2012-01-06,0.08922323691493014,0.27674074490963474,0.0971952670886134,0.0014419001347560976,0.5353988509523272
0.0002850527603726,0.9395031909916528,0.0289760961848531,0.0,0.0312356600630895,2012-01-09,0.21039103032074502,0.45246387955357514,0.25876119279327137,5.883703375661832e-05,0.07832506029861983
0.9734128042031028,1.4355202461842697e-92,1.6471199647778138e-27,0.0,0.0265871957968023,2012-01-10,0.2296849642379548,0.5306281603082433,0.20276657240338125,0.0013167039689322233,0.0356035990813933
0.0631355620930098,0.9087705399844508,0.0278997823166872,0.0,0.0001941156055666,2012-01-11,0.21667986180706753,0.4648344812924826,0.26184938009398845,8.253700107219761e-05,0.05655373980510349
3.641534894203061e-05,0.9066208724243324,0.0903142230371317,0.0,0.0030284891897239,2012-01-12,0.21453102805029856,0.4570192961812202,0.2673053397641538,5.716036580330354e-06,0.06113861996787707
0.0166104164441709,0.9810258924001002,0.0005118519410034,0.0,0.0018518392146278,2012-01-13,0.21575064139310066,0.4617719831014998,0.2630859696225339,2.5085394706219424e-05,0.05936632048806169
0.4741166388991327,0.1106740407646509,0.4118851382375844,0.0,0.0033241820983098,2012-01-16,0.22083845482021705,0.4826127118513711,0.2526408639204042,0.0006233053932936022,0.04328466401439156
0.9961062682233712,2.4704260912250712e-55,1.4952190462085332e-18,0.0,0.0038937317768528,2012-01-17,0.23383895703501575,0.5378272604969798,0.20639014903898645,0.0013037635082492956,0.02063986992099239
0.0092642053846258,0.8386454006504644,0.1519678714519066,0.0,0.0001225225134105,2012-01-18,0.21469118043633847,0.45625427625312537,0.2698253282903125,1.22870976172116e-05,0.05921692792301367
0.9922757151287632,0.0018288062782127,6.127823077089059e-05,0.0,0.0058342003622895,2012-01-19,0.23344772709815909,0.5370618463728377,0.20619121810689894,0.0013024099921790735,0.021996798429961155
0.0269023553617999,0.9711700070717064,0.0015391713578155,0.0,0.0003884662085263,2012-01-20,0.21617635597259502,0.4628896266018443,0.2628530947619108,3.5741697515609035e-05,0.05804518096598236
0.098741016336841,0.6031475834977842,0.2975735923436051,0.0,0.0005378078215779,2012-01-23,0.21514681844716094,0.457995243842979,0.27031102516112443,0.00012952235098771139,0.05641739019755599
0.9824324007082404,5.55610292545563e-24,1.192593226438465e-13,0.0,0.0175675992913458,2012-01-24,0.23133598317809176,0.5334894678126144,0.2042067755883051,0.0013115607376535923,0.029656212683040258
0.0818226048042492,0.9140058898868894,0.0039127671417118,0.0,0.0002587381668841,2012-01-25,0.21721155880877244,0.46712745977230474,0.25982143195645707,0.00010697995296138681,0.0557325695092388
0.0438620028348512,0.9484004359245096,0.0004219089515932,0.0,0.0073156522891038,2012-01-27,0.21536643662596122,0.46259783337440186,0.2603318286520341,7.078152224130981e-05,0.06163311982541923
1.2777206826195545e-23,6.03405233722687e-73,0.6786362370917012,0.0,0.3213637629079281,2012-01-30,0.15756399032227417,0.36009095724534357,0.22128392953419537,0.0006015196044328908,0.260459603293383
0.691154308549056,2.742092285407132e-49,8.250609370387467e-23,0.0,0.3088456914508988,2012-01-31,0.17801811616203833,0.4410866435305286,0.15769697486925094,0.0014776558166687285,0.2217206096214679
0.1809351022175953,0.5585949649972105,0.0003847651551765,0.0,0.260085167629708,2012-02-01,0.1764288479993919,0.41286985195817516,0.1975887111636492,0.0007223149128801495,0.21239027396559373
0.0250255950331243,0.966193896974086,0.0011120007749944,0.0,0.0076685072175854,2012-02-02,0.21494876846858105,0.46101741597565765,0.2613636951296816,4.692558779626705e-05,0.06262319483807346
0.990282784533777,7.369320170139152e-10,6.678442641378224e-07,0.0,0.0097165468845925,2012-02-03,0.23277308459117624,0.5359799995069882,0.20546045619429085,0.0013070829733745027,0.024479376733735705
0.0217762469587772,0.975616857923242,0.0006289310643145,0.0,0.0019779640536447,2012-02-06,0.21582613897811362,0.4621412773006691,0.26276661502391774,3.20450231472033e-05,0.05923392367413082
2.760125859435774e-06,2.4444388415268673e-66,0.7470762866437017,0.0,0.2529209532304953,2012-02-07,0.16826060951039915,0.3740353496761383,0.23882681389468713,0.00047341388101111075,0.2184038130378206
0.0260657185491404,0.9646348740520224,0.000701367963598,0.0,0.0085980394355126,2012-02-08,0.21481892719211976,0.4608909470423394,0.2610860842762216,5.0019225598425097e-05,0.06315402226399415
0.9822245105895748,1.653397145930469e-42,1.2539168452396993e-07,0.0,0.0177753640187573,2012-02-09,0.23129794890812477,0.5334235438949411,0.2041736128942321,0.001311679047827057,0.029793215254891304
2.678915462144608e-06,0.9526734399952304,0.0407244579005867,0.0,0.0065994231886157,2012-02-10,0.2143385467751754,0.4579169060728391,0.26458648307388133,1.2356100441360763e-05,0.06314570797755777
0.0034572582058873,0.983559587289878,0.0123923667937721,0.0,0.0005907877101329,2012-02-13,0.21561586289533816,0.46062565174625303,0.26458096078948545,5.605590608948283e-06,0.05917191897798471
0.9801381351488526,7.813484936411378e-06,0.0185660048391715,0.0,0.0012880465268727,2012-02-14,0.2338188832400927,0.5365460342223842,0.2086009437045479,0.0012781030453967316,0.019756035787411214
0.9966524526182754,9.283594337249294e-58,2.4123611273719746e-21,0.0,0.0033475473814309,2012-02-15,0.2339389349863615,0.538000527838373,0.20647736097850236,0.0013034520583223963,0.020279724138146663
0.011295212158774,0.9357018512336016,0.0529204223407261,0.0,8.251426645448359e-05,2012-02-16,0.2155242004381524,0.45992599512777527,0.265831398168844,1.4855654350205652e-05,0.0587035506104343
0.0500623496962518,0.9483542412927328,0.0007440382627931,0.0,0.0008393707482515,2012-02-17,0.21654415426736437,0.4646193668794166,0.2613944079561802,6.672942081952874e-05,0.05737534147624863
0.9781941937712132,1.957375663092837e-12,0.0002538827290113,0.0,0.0215519234977076,2012-02-21,0.2305998658675406,0.5321966959684259,0.20359511512641,0.001313502273658938,0.03229482076385381
5.688778509068073e-25,5.681696567634117e-85,0.8003053382366696,0.0,0.1996946617631008,2012-02-22,0.1765789761219678,0.3848790041646761,0.2524699582301196,0.0003737828212620077,0.18569827866174476
2.0750335738342106e-05,0.7582584004740075,0.0662198539105871,0.0,0.1755009952793103,2012-02-23,0.1863951196801085,0.41663129498506274,0.2289198135840261,0.0003285248079032175,0.16772524694254257
9.136321165987084e-13,3.381585529358153e-06,0.0234269195187269,0.0,0.976569698894878,2012-02-24,0.05516553272654118,0.22660381238239838,0.05334246311993043,0.001827915548614845,0.6630602762225626
6.60017818956341e-69,0.0,1.8616845991076123e-09,0.0,0.9999999981382643,2012-02-27,0.05150371491451908,0.2218301606938222,0.04733697910218669,0.0018717717202152559,0.6774573735692053
0.1710117674337019,7.175124850186644e-34,2.310995975944731e-16,0.0,0.8289882325661722,2012-02-28,0.08280707357726817,0.2760806196580753,0.07464326577138977,0.0017742559345315975,0.564694785058609
9.058073509964808e-05,0.159017386322831,0.0014291953356735,0.0,0.8394628376067349,2012-02-29,0.07786111531624539,0.2601719197862484,0.08223798289208999,0.0015714006972682825,0.5781575813084866
2.857408704918881e-06,0.7191899396924796,0.1251999758857321,0.0,0.1556072270131001,2012-03-01,0.18919280602694216,0.41930036967927464,0.2355534889678206,0.0002912649265673322,0.15566207039941174
0.0016063299637798,0.9677716009591514,0.0024040483059791,0.0,0.0282180207707349,2012-03-02,0.2111229726659482,0.45422853822576276,0.2582978969320448,5.4908401204767274e-05,0.07629568377468457
2.746219922194901e-13,1.5457424513629395e-34,0.8806686410631888,0.0,0.1193313589363711,2012-03-05,0.18913850888491585,0.401251684675339,0.273068551007312,0.00022336106340815217,0.13631789436885938
2.3415780247833393e-31,1.1648294814042752e-11,1.0254717171855951e-11,0.0,0.999999999978172,2012-03-06,0.05150371462708906,0.22183016031943742,0.04733697863016579,0.001871771723659143,0.6774573746997232
0.0001387514386933,0.7033272314603944,0.0051588445309972,0.0,0.2913751725702292,2012-03-07,0.1678517862337468,0.39109425178550633,0.2013628894622222,0.0005455683999954762,0.23914550411884322
0.3323961565166707,2.771574888633585e-13,3.95511183898873e-13,0.0,0.6676038434825147,2012-03-09,0.11234816035052382,0.32727696345382634,0.10041230222661669,0.001682229951190014,0.4582803440177008
0.375675456146739,2.5760027386062066e-15,0.0007357839209979,0.0,0.6235887599318752,2012-03-12,0.12038534038557501,0.3411564596682683,0.10751151509197451,0.0016561736401410488,0.4292905112136554
0.9334464747214894,4.468811941637101e-12,2.2334253635285294e-07,0.0,0.066553301931726,2012-03-13,0.22236924317786605,0.5179495944787385,0.19638500992178,0.001339493492284228,0.061956658929551454
0.1542352065512399,0.8309375216613797,0.0027375355345737,0.0,0.0120897362528215,2012-03-14,0.21663948853190537,0.46999758256978913,0.2530498173434652,0.00022337300940934992,0.060089738545445706
1.7142776207270168e-17,2.1066494766699124e-65,0.8269414890233103,0.0,0.1730585109767142,2012-03-15,0.18074179169471039,0.39030567494010154,0.2592972936420306,0.00032392602739183976,0.16933131369578994
2.3012106899097064e-18,4.004174560156565e-12,0.0034595181944713,0.0,0.996540481801526,2012-03-16,0.052044383444187,0.2225349793576088,0.048223716776082996,0.0018652962953584708,0.6753316241267637
2.0183390714093675e-13,1.0620794202915886e-57,0.4572828922660447,0.0,0.5427171077338463,2012-03-19,0.12296990958232949,0.314993910866044,0.16454699551642377,0.0010158425362247227,0.39647334149907054
0.0030490601493385,0.8933525907200082,0.0039364017652857,0.0,0.0996619473654531,2012-03-20,0.19940375866996313,0.43720445401179553,0.24276582057447993,0.00019051289848474504,0.1204354538453621
0.1580473718649205,1.3510592801886813e-97,9.721059798179542e-23,0.0,0.8419526281347577,2012-03-21,0.08043396712851776,0.271967894403668,0.0725731771839516,0.00178164860278997,0.5732433126807505
1.0034796228782187e-50,1.1429394432751651e-153,4.089723454727436e-05,0.0,0.9999591027658769,2012-03-22,0.051510106224473017,0.22183849244300574,0.047347461338533965,0.0018716951734135908,0.6774322448209974
9.045136456811268e-05,0.088170838633035,1.1299720947392029e-07,0.0,0.911738597005432,2012-03-23,0.06600171370637445,0.24294096441870955,0.06649197389686408,0.001706684251638374,0.6228586637266578
2.718989424858046e-23,7.911494057531707e-117,0.0917447491785306,0.0,0.908255250821829,2012-03-26,0.06584199021212002,0.24052162039640373,0.07085284546102635,0.0017000464963903507,0.6210834974344187
0.0003883202550499,0.2211539951895925,1.632687724502024e-07,0.0,0.7784575212866538,2012-03-27,0.08789777044220487,0.2748324038593705,0.0954081326414667,0.0014576001920299506,0.5404040928649962
3.952717732662905e-06,0.0006072392641233,0.9345286424710596,0.0,0.0648601655475254,2012-03-28,0.19765644657005843,0.4123712081146262,0.28700631349855293,0.00012140856849921102,0.10284462324870398
0.0082702645091233,0.0116874429860375,0.9714592418976584,0.0,0.0085830506068989,2012-03-29,0.20676109941342885,0.4251668740207959,0.30019756860311164,2.682961789111527e-05,0.06784762834449046
0.9786121251509424,1.5914054844904135e-92,2.864139713777128e-28,0.0,0.0213878748491113,2012-03-30,0.23063668944604698,0.5322775529432259,0.20359677346439414,0.0013137391677788982,0.032175244978607485
0.0787899562685304,0.9142846034184752,0.0066730106925169,0.0,0.0002524296202256,2012-04-02,0.21713359838430796,0.46679440095761987,0.2601051996868771,0.00010302102174888643,0.05586377994919416
0.1277614907988569,0.8664099683067843,0.0054708429039898,0.0,0.0003576979903795,2012-04-03,0.2180467952451662,0.47063776887822106,0.25722374511854,0.00016695662744262268,0.05392473413064059
0.0040148989801522,0.8935328915611999,0.1017458397690012,0.0,0.0007063696893854,2012-04-04,0.2148962586407921,0.45748099925382424,0.2680295394552692,6.5477272424138395e-06,0.059586654922610664
7.978338969761366e-11,2.105542481174801e-21,0.964343790869538,0.0,0.0356562090505082,2012-04-09,0.20221563177110635,0.4182990987100387,0.2945160310986741,6.67402839789188e-05,0.0849024981360314
0.0353615575162112,0.9284033387989734,0.0359009643262136,0.0,0.0003341393581856,2012-04-10,0.21607089210301356,0.46234807667747074,0.26372739532743306,4.665002702114282e-05,0.057806985864645326
0.0001142488184413,0.949571870817714,0.0464555436273633,0.0,0.0038583367361425,2012-04-11,0.21474523849840574,0.45837831198329904,0.26539997804881843,7.3706253749799436e-06,0.061469100843762794
0.8948287160445975,0.0004073410440493,0.0008588143220584,0.0,0.1039051285890131,2012-04-12,0.2155014276047991,0.5059711142301827,0.19052722319548182,0.001359144904381004,0.0866410900648733
4.3804201844165335e-15,2.404998543884588e-05,0.0806601205334031,0.0,0.9193158294811752,2012-04-13,0.06411358540851027,0.23826906294604835,0.06801687211967129,0.0017207493747726803,0.6278797301510185
0.6954256804164434,2.7953921147359877e-06,0.0327491527900902,0.0,0.2718223714017646,2012-04-16,0.1839186238767055,0.4491144219382838,0.16677382286096729,0.0014139159880547393,0.19877921533640122
0.0073817819888183,0.7680356983363136,1.4919070994135772e-07,0.0,0.2245823704845604,2012-04-17,0.1789992837128015,0.407813094109216,0.21524435711201426,0.0004299746388016682,0.1975132904275686
0.0600983311455094,0.9007605536110196,0.0372177149402695,0.0,0.0019234003033567,2012-04-18,0.21626456806979633,0.4638541189328708,0.26201392408892954,8.182074001164681e-05,0.05778556816854681
0.050266564143048,0.944107396546754,0.0032813990120434,0.0,0.0023446402985838,2012-04-19,0.2162805716541487,0.46418565342243223,0.26115546389193733,6.981273572317847e-05,0.05830849829618774
6.588161580369575e-08,0.6559266565066154,0.0904814144279478,0.0,0.2535918631835127,2012-04-20,0.17337578644854,0.3970995908480479,0.21292055831893325,0.0004746661646150666,0.21612939821955535
3.4874195229005554e-20,1.0258453156551331e-32,0.485248908701049,0.0,0.5147510912989728,2012-04-23,0.1273405624463369,0.32069151955225556,0.1717151999565063,0.0009634965374371344,0.37928922150748556
0.0326646285114712,0.9547464942246502,0.0077603836914377,0.0,0.0048284935720564,2012-04-24,0.21550596349008835,0.46205813017695124,0.26180250604392313,5.155226257144005e-05,0.06058184802608132
3.554385778961648e-05,0.933843759948933,0.0651727997040234,0.0,0.0009478964893009,2012-04-25,0.21507281856033328,0.4584060027845262,0.2667706585977011,1.8205077117662613e-06,0.059748699549774485
0.0713783745629189,0.0046399781477401,0.922408978840213,0.0,0.0015726684488105,2012-04-26,0.20948962405930094,0.43350855034097274,0.29617196971382587,9.584571375111723e-05,0.06073401017183166
0.0018425218395622,0.9705754960361664,0.0267205880214006,0.0,0.0008613941030778,2012-04-27,0.21542702314572312,0.4599279799783173,0.2651770694673755,4.010454880192495e-06,0.05946391695391084
0.9987548775861588,3.8443575203399445e-17,2.5330979119102855e-07,0.0,0.0012448691039809,2012-04-30,0.2343238192227546,0.5386675365914944,0.20681313040645052,0.0013022527214807786,0.018893261057750268
0.002911762287151,0.95027998541521,0.0466492711016087,0.0,0.0001589811960367,2012-05-02,0.21540389699802936,0.45947455613140287,0.2660500473640262,4.087360886844581e-06,0.05906741214566103
0.0004315363499757,0.0985328191069623,0.8175643917025407,0.0,0.083471252840606,2012-05-03,0.19553859432810058,0.41209183344386213,0.2783526256061787,0.0001568007940069656,0.1138601458279361
6.915831828060232e-23,1.7191375724960117e-56,0.4185109613700079,0.0,0.5814890386299829,2012-05-04,0.11691046056460999,0.3070947776171817,0.1546090364278319,0.0010884147401490991,0.4202973106502178
5.6469336490908654e-08,1.1615826247448397e-59,5.442581117531381e-12,0.0,0.999999943524928,2012-05-07,0.051503724961003,0.22183017822948875,0.04733698764312202,0.0018717716914888377,0.6774573374746041
4.65382587451274e-38,6.821055622721933e-171,0.0046662344820103,0.0,0.9953337655175358,2012-05-08,0.052232974407488315,0.22278082764237078,0.04853302035693053,0.0018630375979395697,0.6745901399948165
0.0001401856544718,0.9138587484247044,0.0351675603528952,0.0,0.0508335055677618,2012-05-09,0.20712022734080732,0.4475476163865405,0.2547580360035143,9.533117602237768e-05,0.09047878909294857
5.539201467858761e-06,0.9346381938011524,0.0091911780272969,0.0,0.0561650889701979,2012-05-10,0.2064487506140893,0.4471811171680451,0.2525892074888779,0.00010513543490346688,0.09367578929419926
5.5872992161661925e-06,0.8389955701874809,0.0988624708448526,0.0,0.0621363716686848,2012-05-11,0.20475437477624622,0.4425815323935556,0.2548110847051604,0.00011631237561401051,0.09773669574965824
2.957565673461858e-06,0.6793037613822234,0.0762459867241248,0.0,0.2444472943281691,2012-05-14,0.17499106101212705,0.39978985988107607,0.2143470254795433,0.00045755338285790345,0.21041450024458627
0.2470247913809762,4.802015939955649e-62,4.113159590671005e-08,0.0,0.7529751674876595,2012-05-15,0.09672111065665423,0.3001944158031387,0.08678064843727876,0.0017309110624539829,0.5145729140407055
1.4450691211200617e-07,0.2550735903953567,0.0041083526335254,0.0,0.7408179124641003,2012-05-16,0.0940398106100017,0.2836565812033182,0.10376257399996584,0.0013866422090427523,0.5171543919775657
0.0001302582318877,0.545325264785699,0.0013945139363709,0.0,0.4531499630456872,2012-05-17,0.14131124157616778,0.35254558022820226,0.16609688627103902,0.0008483628241394405,0.3391979291000961
7.479458161681135e-07,1.9267657346888222e-92,4.7610930247534126e-11,0.0,0.9999992520063712,2012-05-18,0.05150385154097226,0.22183039759678638,0.04733709806537374,0.0018717712971104605,0.677456881499555
7.655207686591181e-14,4.253982195142416e-136,3.599946505407873e-05,0.0,0.9999640005348552,2012-05-22,0.05150934077936388,0.22183749460421406,0.0473462059501111,0.0018717043409191734,0.6774352543253772
0.0001694056097263,0.7175424632638137,0.0353435494615278,0.0,0.2469445816648734,2012-05-23,0.17490954606670173,0.40065253846113513,0.2121905859396912,0.0004624443739991415,0.21178488515841384
0.1517520408372908,2.0053712601804626e-13,5.182547672150858e-15,0.0,0.8482479591621902,2012-05-24,0.07928161948693899,0.2699708119508926,0.07156797082129039,0.001785238380162507,0.5773943593604018
0.0065994584779166,0.9726372940015016,0.0188691514452364,0.0,0.001894096075185,2012-05-25,0.21540934897841535,0.46033042113653827,0.2643717496431671,1.2134795723651029e-05,0.05987634544599518
0.9982319627784452,5.635603491030473e-35,8.299135549197612e-11,0.0,0.0017680371387418,2012-05-28,0.2342280611469704,0.5385015995243881,0.20672956912928106,0.0013025513764073824,0.019238218823131068
0.0400567714586503,0.9246703276171054,0.0352287392336773,0.0,4.416169076306592e-05,2012-05-29,0.2162121630578801,0.46280801406550076,0.2634944205838379,5.221827876119912e-05,0.057433184014216154
0.0007310216027957,0.8745036607071002,0.1242196548654124,0.0,0.0005456628250841,2012-05-30,0.21468204488000756,0.4564679276866506,0.26913468756970577,1.972812436473005e-06,0.059713367051591956
0.0014413465053154,2.914469670617264e-12,0.981672556168006,0.0,0.0168860973235664,2012-05-31,0.20518768348786925,0.42228678683667764,0.2991878592523186,3.348289422418404e-05,0.07330418752871239
4.6700814429708386e-18,1.7544598383172914e-45,0.7978650129954228,0.0,0.2021349870048015,2012-06-01,0.17619759128909399,0.38438182866163645,0.25184445798164146,0.00037835055304605444,0.18719777151480613
0.0376235241146056,9.177854759386977e-08,0.175630201241757,0.0,0.7867461828651457,2012-06-04,0.08583890529627798,0.26954729967870517,0.09836178231309343,0.0015215779004596759,0.5447304348115193
0.0100573066157828,0.9303551151986592,0.0067303113694546,0.0,0.0528572668162867,2012-06-05,0.20720064644294559,0.44884439672664617,0.2526336670415868,0.00011202675636730287,0.09120926303263739
0.6364021653327656,4.969935045979206e-180,2.5342531754836797e-46,0.0,0.3635978346671687,2012-06-06,0.16799584682756782,0.423717494236868,0.1489544317859271,0.0015088770509410917,0.25782335009863
0.0733721541244819,0.8777572986866802,6.048101433180408e-05,0.0,0.0488100661747475,2012-06-07,0.20910909880054934,0.45499464594024464,0.24961568753997507,0.00018685832932898686,0.08609370939014331
9.303762401854094e-05,0.8225234201154451,0.0003201443371461,0.0,0.1770633979233603,2012-06-08,0.1866643194371654,0.418594348366922,0.22599098871851986,0.00033154335402126245,0.16841880012334143
0.0001221295279669,0.0001338025425833,0.4611806571165336,0.0,0.5385634108125553,2012-06-11,0.12362340119638915,0.3158587516314578,0.16559461182600899,0.0010082267206339489,0.39391500862514894
0.1166861874934414,9.895784441092422e-133,7.245625424736483e-19,0.0,0.8833138125066187,2012-06-12,0.07286288578974745,0.2588467900211775,0.06596883413722429,0.0018052339302534776,0.6005162561216569
0.0077699028415224,0.9605257065079664,0.0190518698274863,0.0,0.0126525208230482,2012-06-13,0.2136629115808038,0.45784300879551615,0.2619762362511248,3.379549485049325e-05,0.06648404787772803
1.2389602981005648e-10,5.491907500180568e-13,0.9218986012980276,0.0,0.078101398577153,2012-06-14,0.19558210963294678,0.40965160038069287,0.28363654825008067,0.00014618798959939442,0.11098355374630586
0.6499034302373367,3.453378847763145e-68,6.864289444148795e-17,0.0,0.3500965697624278,2012-06-15,0.1704672261248972,0.4280005317949094,0.15111024493174036,0.0015011782444685927,0.2489208189037487
6.700861170025961e-25,5.4389115994180304e-105,0.0754574001132905,0.0,0.9245425998863728,2012-06-18,0.06329653119023222,0.23720334509856986,0.06667809829388976,0.0017305326958233953,0.6310914927211476
0.8894198901875019,2.7820120386899583e-26,3.888356141740341e-06,0.0,0.1105762214559574,2012-06-19,0.21431083850147675,0.5039836857090034,0.18935600877562628,0.0013645918469083384,0.09098487516658586
0.0522537964460121,0.9320782671069332,0.015221766644115,0.0,0.0004461698027424,2012-06-20,0.21653472626148995,0.4643724933712819,0.26192197318183796,6.884570100422286e-05,0.057101961484188564
0.9898594958627188,8.633649224223049e-56,2.5396288395906072e-08,0.0,0.0101404787405856,2012-06-21,0.23269550192842106,0.5358455875965547,0.20539270278615993,0.0013073255485475594,0.024758882139909406
0.0012296723467827,1.7531520315352783e-09,0.9961298550376544,0.0,0.0026404708620899,2012-06-22,0.20740838792272906,0.4251650705118883,0.30285973222047735,6.542830367389085e-06,0.0645602665142168
2.7088478905232077e-06,5.6564781813921466e-05,0.966916226160632,0.0,0.0330245002101168,2012-06-25,0.202627449539609,0.4188375736591747,0.2951881054434595,6.181785136514949e-05,0.08328505350684476
0.0385540670552925,0.9154223792489192,0.0457880481939484,0.0,0.000235505502055,2012-06-26,0.21606844276674883,0.46227135992655993,0.26395343516790987,5.062059601196504e-05,0.05765614154298449
0.092627913295022,0.8843757643584862,0.0228365874183331,0.0,0.0001597349278801,2012-06-27,0.21728041267205814,0.4673259543952136,0.25996505041578044,0.00012085821719404263,0.05530772429947509
0.065167507169617,0.8722486574320305,0.0623219716750136,0.0,0.00026186372366,2012-06-28,0.21643300153994027,0.4637594618559493,0.2630685359854266,8.530847436351673e-05,0.05665369214464142
0.9633336541568732,3.9156189000786446e-106,2.4647256131834047e-32,0.0,0.0366663458428835,2012-06-29,0.2278399961601352,0.5274307281782105,0.20115718511100206,0.001322451387870724,0.04224963916253797
0.0332531311716266,0.9220122678069153,0.0445245331025019,0.0,0.0002100679188761,2012-07-02,0.21598299109595023,0.46190798685680046,0.2642137093351601,4.367358565618913e-05,0.0578516391263529
0.0214971907656914,0.9559762361588092,0.0223345605839186,0.0,0.0001920124912095,2012-07-03,0.21594147968027766,0.46177874052892637,0.264021934073933,2.8338925824640482e-05,0.05822950679066701
0.045697127787639,0.9291733881251136,0.0250286044707974,0.0,0.0001008796167938,2012-07-04,0.21639009190095265,0.4635959145203851,0.26275810645116104,5.966560914782803e-05,0.05719622151869715
0.965679531278278,0.001220922260431,0.0317768685266765,0.0,0.0013226779350116,2012-07-05,0.2334361616122996,0.5349408509536566,0.20994180205391189,0.001259349370063899,0.020421836010464725
0.0171898691056159,0.9230346274284928,0.0597133957762278,0.0,6.210768941012649e-05,2012-07-06,0.21558434128915133,0.4601511293276152,0.26576393288287586,2.2489608510482452e-05,0.0584781068915938
0.0009924524276912,0.903433848336556,0.0950364054634914,0.0,0.0005372937725161,2012-07-09,0.21492058655867183,0.45752261448211784,0.2679765235404191,2.2974109906587312e-06,0.05957797800805526
0.9965720749099732,8.64211372741205e-47,1.983060202721064e-11,0.0,0.0034279250699386,2012-07-10,0.23392422201214755,0.537975029435722,0.2064645266809188,0.001303497891947989,0.020332723979005755
0.0025448160959418,0.9405401543388496,0.0565688458341351,0.0,0.0003461837306496,2012-07-11,0.21528730627031922,0.45905025443280845,0.2664196582608131,3.960164980999001e-06,0.0592388208706544
4.915547107041113e-05,0.9441822495557398,0.0335815045713557,0.0,0.0221870904021955,2012-07-12,0.21183610504086375,0.45444610656136253,0.26091972794759727,4.1593146414691657e-05,0.07275646730412315
0.0044841766191171,0.9218458231988952,0.0735562037911887,0.0,0.0001137963904675,2012-07-13,0.21522675271849745,0.4586564649288551,0.26702524802756833,6.0493504131001765e-06,0.059085484974334454
0.0004327782464977,4.338793348477346e-05,0.9989813750421837,0.0,0.0005424587780378,2012-07-16,0.2077152921039969,0.42550359336884336,0.3034728037313588,1.5786385820725107e-06,0.06330673215742251
0.0934959017858729,9.881436500535846e-05,0.9032811403638674,0.0,0.0031241434852865,2012-07-17,0.20980295609795357,0.43554215230384447,0.2938149505200634,0.0001275366378196773,0.06071240444035092
0.0409318939702728,0.9528374245629064,0.0059449046444689,0.0,0.0002857768221703,2012-07-18,0.2164219877205872,0.46385443235946955,0.26224281071168837,5.3809536878734116e-05,0.05742695967119444
0.0744793735738002,0.8986284881810468,0.0267944889156963,0.0,9.764932977609604e-05,2012-07-19,0.21691782458366335,0.465782904696547,0.2611757126777533,9.712089882100846e-05,0.056026437143534676
0.0008479961055081,0.0004105191379366,0.9964516063015848,0.0,0.0022898784551308,2012-07-20,0.20745623208937267,0.42520769867147784,0.3029703758379202,5.389833300390125e-06,0.06436030356808901
1.5470998424591303e-10,6.190949813188544e-20,0.9533453707443076,0.0,0.0466546291009224,2012-07-23,0.20049674999370543,0.4160583543580063,0.29169693371937944,8.732681573217943e-05,0.09166063511311655
0.0546466479934987,0.8938994393563899,0.050969263093361,0.0,0.0004846495569201,2012-07-24,0.2162889127541012,0.46328579045635343,0.26317876022450687,7.203212595943203e-05,0.057174504439248756
0.0031519820920745,0.885501037390269,0.110798240735173,0.0,0.0005487397821239,2012-07-25,0.21483387861356032,0.4571310732436915,0.2684684590254491,5.12955643886364e-06,0.05956145956050056
6.380676909750899e-16,4.561122068388595e-98,0.9345868073491916,0.0,0.0654131926508806,2012-07-26,0.19756507862711586,0.4122366103723203,0.2868887688374666,0.00012243856436085977,0.10318710359880905
0.1244533666471636,0.8511488394508769,7.597726933374061e-06,0.0,0.0243901961753878,2012-07-27,0.21408089927735963,0.4648262680675857,0.2519822357726166,0.00020763431152960677,0.06890296257127011
0.9850909967363444,2.178973978470385e-71,1.265425979029928e-20,0.0,0.0149090032638814,2012-07-30,0.2318226338164128,0.5343328603926315,0.20463128664762031,0.0013100447303434186,0.02790317441321744
0.0025741225931806,0.9941315712044712,0.0002644130726756,0.0,0.0030298931296939,2012-07-31,0.21529516852906966,0.46040243865939223,0.26362634253922373,9.021600020699827e-06,0.06066702867231499
0.2859657545807595,0.5812811893337612,0.1321676698384449,0.0,0.000585386247347,2012-08-01,0.21997616153976954,0.4784619239975607,0.2530626807779107,0.00037329249024257934,0.04812594119482887
0.0339783628052149,0.8775778487112851,0.0882590441675588,0.0,0.0001847443159565,2012-08-02,0.21565273336180174,0.4604237387488223,0.26589344610148824,4.457010594710866e-05,0.05798551168195577
0.0029318117667515,0.9159942704340264,0.0808864587575885,0.0,0.0001874590419467,2012-08-03,0.21512712481596297,0.45825828619705666,0.26738597203091474,4.166760177233789e-06,0.05922445019620147
0.9475265165961984,0.0474432045983869,0.000146929209423,0.0,0.0048833495960809,2012-08-06,0.23276169853601805,0.5337900343556081,0.2089700275626543,0.0012423872019355785,0.02323585234387287
0.9982708062819454,5.435542368394312e-06,6.517826241785793e-06,0.0,0.0017172403492456,2012-08-07,0.23423708274229876,0.5385165494855321,0.20673862205141547,0.0013025068529106552,0.019205238867643783
0.0180240914872002,0.947282790401934,0.0346465395620803,0.0,4.6578548864346456e-05,2012-08-08,0.21580207066894627,0.46110667503356956,0.2647359415445266,2.3546317965090185e-05,0.05833176643507129
0.0083621044267149,0.6427443789992371,0.3480775084793099,0.0,0.0008160080949153,2012-08-09,0.21299960475077723,0.4490812525724289,0.2774207150393616,1.2411020959838745e-05,0.06048601661664949
0.0281454130588873,0.9025652591582606,0.069217137463281,0.0,7.21903195732368e-05,2012-08-10,0.21571307218802255,0.46066848256135273,0.2655056592733012,3.67675945318062e-05,0.05807601838279375
0.98127909939171,3.672243519321194e-05,0.0179263929597869,0.0,0.0007577852130342,2012-08-13,0.2339325211527827,0.5367845869917398,0.20862545845298935,0.0012785955315051157,0.019378837870707048
0.9948405744919476,0.0001094759361781,0.0046392840310571,0.0,0.0004106655410859,2012-08-14,0.2343503028327344,0.5383970944067649,0.2074009488827262,0.001295596648299017,0.018556057229743905
0.0803408817317016,0.0958581514559866,0.8232450285329562,0.0,0.000555938279638,2012-08-16,0.21061433895394313,0.43795946878281716,0.2919875652623096,0.00010560771715226499,0.059333019284060144
0.0096514755813555,0.9491522723263734,0.0409221184685376,0.0,0.0002741336238632,2012-08-17,0.2155573044038106,0.4601761575013025,0.26541342680626057,1.3074927894499692e-05,0.05884003636086157
0.9965295512322332,2.4784713299265936e-36,9.17641616655647e-08,0.0,0.0034703570034678,2012-08-21,0.23391645247695977,0.5379615582422753,0.20645776023262316,0.0013035219684381196,0.02036070707956595
0.0249244553922266,0.9007783205411302,0.0742294090030438,0.0,6.781506395228799e-05,2012-08-22,0.21561333059089122,0.4602405913635261,0.2658881738717306,3.2567189531567986e-05,0.05822533698467338
0.0110898277816991,0.9556732002560568,0.0330214816210146,0.0,0.0002154903409309,2012-08-23,0.21565686075903945,0.4605820128933154,0.26503360945690235,1.4837238568759586e-05,0.05871267965187548
0.0094329341047556,0.8832402984440704,0.1071580596678335,0.0,0.0001687077830846,2012-08-24,0.215043380521223,0.45784141417352914,0.2680475526412192,1.2593153615899446e-05,0.059055059510156764
0.0001602976975748,2.487857663017581e-08,0.9990277086735764,0.0,0.0008119687504872,2012-08-27,0.20766553424529371,0.42541622511361893,0.3034317581409066,1.7284545245482747e-06,0.06348475404587092
1.0206586426637666e-09,8.132319227337758e-40,0.9838795087761008,0.0,0.0161204902034729,2012-08-29,0.20526876042942022,0.42227917519485886,0.2995233951029884,3.017387906347474e-05,0.07289849539390127
0.8004598583128858,0.0011351808217936,0.0201224195706712,0.0,0.1782825412946995,2012-08-30,0.2013575425691371,0.48013293066605794,0.1805545042356347,0.001375537298114732,0.1365794852311053
1.7177244142439312e-06,2.1749352823910404e-06,0.9673500018034964,0.0,0.032646105537017,2012-08-31,0.20268612735428038,0.41891262890048836,0.2952873246690607,6.110829292563031e-05,0.08305281078345479
0.0189883186238076,0.8113703756420535,0.1690092147367858,0.0,0.0006320909977315,2012-09-03,0.21465473013062,0.4562893738323308,0.269825049371086,2.58972468752647e-05,0.05920494941946627
0.522616137160701,0.4113368882219186,0.065067743174562,0.0,0.0009792314426942,2012-09-04,0.2248957368709756,0.4992300547309286,0.2367585861423444,0.0006820403727063861,0.038433581882920564
0.0003647155870912,0.8512302506444652,0.1473824293557382,0.0,0.0010226044130704,2012-09-05,0.21441248446204303,0.4555059636092294,0.26996094599702186,2.3887751140527346e-06,0.060118217156956595
0.1198958699720583,0.8149851551192357,0.0634299710038464,0.0,0.0016890039046918,2012-09-06,0.21721896360594864,0.4676548147669279,0.2596602630757947,0.0001592110829762204,0.05530674746818475
0.8423745983541522,2.1306092589743004e-11,3.5403103609059956e-10,0.0,0.1576254012703518,2012-09-07,0.20569868513076067,0.4890586066316893,0.18184305986710145,0.0013914256920401432,0.12200822267824915
0.1010387596000921,0.8723488773526739,0.0259275737793187,0.0,0.0006847892682684,2012-09-10,0.21732774467988644,0.46774819487141406,0.259489477235555,0.00013278807880315742,0.055301795134694395
0.9931737353776084,5.029964765001661e-31,0.0007729400542366,0.0,0.0060533245677516,2012-09-11,0.2334229613087187,0.5370544399296975,0.20612001589915535,0.0013039889548113629,0.022098593907213457
0.971789828680101,0.024558740647894,0.0029335004862449,0.0,0.000717930186142,2012-09-12,0.23387993835591003,0.5365830690395109,0.2085906563160631,0.0012661702363077074,0.019680166052589872
0.0360217630355581,0.8969750127578046,0.0657036212315285,0.0,0.0012996029749373,2012-09-13,0.21568755662330208,0.46111463930175417,0.2646491799277748,4.931644051779934e-05,0.05849930770647955
0.2351686948578839,2.782950629188944e-23,4.130555282162475e-19,0.0,0.7648313051417133,2012-09-14,0.09455086968359241,0.29643327044377005,0.0848875168481572,0.0017376718239622006,0.522390671200115
0.0238761504283569,0.9645421967042428,0.0006400961953837,0.0,0.0109415566720144,2012-09-17,0.21439333375647784,0.46016170255743954,0.2607006413037533,5.1555937416236286e-05,0.06469276644491076
0.0349531029580256,0.8650329709732705,0.0996991312221143,0.0,0.0003147948466049,2012-09-18,0.21555865932142668,0.46006414166692494,0.2662580937246296,4.60821972621985e-05,0.05807302308977181
0.0003990808112767,0.8576943409550547,0.1339735899209062,0.0,0.0079329883124636,2012-09-20,0.21338486237806273,0.4543306345360454,0.2679327549533708,1.5368164120404545e-05,0.06433637996810183
0.6295536360129103,3.09893687223372e-103,2.1218179620066725e-35,0.0,0.3704463639868801,2012-09-21,0.16674223735482327,0.42154491940759803,0.14786089354030837,0.0015127822777640345,0.2623391674192963
0.0090220473575956,0.8053162448551262,0.1806650180936292,0.0,0.004996689693786,2012-09-24,0.21365769751072713,0.45405485288046116,0.2699070247639869,2.109524679072709e-05,0.06235932959817106
0.0279380637644289,0.9199076283727696,0.0518837574828453,0.0,0.0002705503795348,2012-09-25,0.21581453904870201,0.46121796495962464,0.2647944464244434,3.6869005220732106e-05,0.058136180561587855
0.0244561506986914,0.8921189518643269,0.0832847944805981,0.0,0.0001401029559558,2012-09-26,0.2155205852293707,0.4598664152925909,0.266254644409987,3.209297717846507e-05,0.05832626209044513
0.0123853078267169,0.7472175920268423,0.2399341418874119,0.0,0.0004629582586763,2012-09-27,0.21399389182265935,0.4533052042253431,0.273023502008234,1.6986565251766305e-05,0.05966041537815924
0.166680425824712,0.832238589517456,0.0003957775089245,0.0,0.0006852071493228,2012-09-28,0.21876527150929284,0.47377960605456954,0.25471921252988544,0.00021822432472083463,0.052517685581946576
0.093719332219771,0.8671089292343696,0.0390228723765939,0.0,0.0001488661691371,2012-10-01,0.21717390581431123,0.4668412865832831,0.2605398027223567,0.00012225840222911038,0.05532274647769132
0.0905676636540634,0.8498863866578634,0.0594286553171019,0.0,0.0001172943713361,2012-10-03,0.21695742691080872,0.46588081709003704,0.2615281906267527,0.0001180972742678134,0.05551546809849853
0.9953681352533492,4.994616920437361e-86,5.211720579130605e-86,0.0,0.0046318647465557,2012-10-04,0.23370384328427382,0.5375931008640297,0.20627228772957662,0.0013041844127289156,0.0211265837092955
0.0,0.0,0.0,1.0,1.5479896862390018e-82,2012-10-05,7.972721904028228e-84,3.433908002636621e-83,0.4813898601507824,2.8974833232813984e-85,0.5186101398492176
2.9400007039821643e-94,2.491922415035973e-144,0.9626837927903472,0.0,0.0373162072094451,2012-10-08,0.20195619990727737,0.4179609018057619,0.2940905430429898,6.984742149036942e-05,0.0859225078222726
0.0714870097662936,0.9156266162366594,0.0122465000544451,0.0,0.0006398739425366,2012-10-09,0.21688827428531415,0.4659340576205931,0.2606590204667787,9.424112877953804e-05,0.056424406498469255
0.0009408552712302,0.8107508636548431,0.1863463218610447,0.0,0.0019619592130172,2012-10-10,0.21395894786298728,0.4539481527660339,0.27125265544528826,4.896903550239437e-06,0.0608353470222754
0.9774541264966118,0.0010660180886237,1.9053857215129973e-05,0.0,0.0214608015573546,2012-10-11,0.23060278373463972,0.5321689704895796,0.20364817001401006,0.0013123684846652209,0.032267707276910335
0.0002995349882729,0.9262183759408458,0.0725353455789694,0.0,0.0009467434914914,2012-10-12,0.21501937853006914,0.45816647771241165,0.2670446145275878,2.161945421511026e-06,0.05976736728408925
0.0318702135372906,0.9293025021703316,0.0387689403497848,0.0,5.834394270739446e-05,2012-10-15,0.21602770972347207,0.46203980618520685,0.26410022477339556,4.1589665976701145e-05,0.05779066965206315
4.616074828470445e-06,6.13750876049786e-20,0.99791489195796,0.0,0.0020804919675616,2012-10-16,0.20746311702911607,0.4251401141064441,0.30312165889816267,3.900214057030272e-06,0.06427120975257006
0.0547107474205057,0.9047238975427886,0.0404180417770748,0.0,0.0001473132596612,2012-10-17,0.2164294936500985,0.46374467168199784,0.26283434540911876,7.148413758963188e-05,0.0569200051212255
0.9969862591168216,1.3753644531580483e-05,1.0753498733518233e-05,0.0,0.0029892337394925,2012-10-18,0.23400397713367885,0.5381119014582483,0.20653640352107022,0.001303215840554592,0.020044502046027063
0.0010699849474333,0.8979791863121338,0.100864066135703,0.0,8.67626046904418e-05,2012-10-19,0.21494966243466457,0.45743026193826436,0.2682985175216627,1.555031413251191e-06,0.05932000307395558
0.9967618853673076,2.556241979158204e-15,0.0015154021931794,0.0,0.0017227124392824,2012-10-22,0.23419580019423658,0.5383439813256068,0.20688326009949873,0.0013005531696714103,0.01927640521075812
0.0303074177136373,0.2504485815011726,0.7187262419776788,0.0,0.0005177588078876,2012-10-23,0.21051151906968035,0.43775662256474823,0.290767577323803,4.041553946713691e-05,0.06092386550267746
0.1074933756674156,0.8347848936549908,0.0575163454000299,0.0,0.000205385277672,2012-10-25,0.21727646874575118,0.4672497564928927,0.26046234157748704,0.00014029170556416088,0.054871141478413155
0.0006232514649804,0.8574408725920732,0.1412193566247146,0.0,0.0007165193183505,2012-10-29,0.2145166665130147,0.45581734709118066,0.2697707486147746,2.1523493002814553e-06,0.05989308543184848
1.1707626796463386e-10,6.004507401700154e-13,0.9862240253994448,0.0,0.0137759744832849,2012-10-30,0.20563517170204107,0.42275683100608696,0.30012433769620317,2.5785479656605214e-05,0.0714578741164184
0.377430171338076,0.5558255307413412,0.0662409659077394,0.0,0.0005033320128039,2012-10-31,0.22223431292086385,0.48795935342422275,0.24524299637723745,0.0004921837923225584,0.04407115348531377
0.975963596543218,5.056102847475601e-06,0.0228686616989784,0.0,0.0011626856548854,2012-11-01,0.23372672775523304,0.5360976708220858,0.209036626177765,0.0012724350561623366,0.01986654018868267
0.1265688792143824,0.8699402485148806,0.003238506397026,0.0,0.0002523658736806,2012-11-02,0.21805943373730843,0.4706487402619197,0.25722749522801597,0.0001652072342773591,0.053899123538448064
0.0551628418466658,0.8920898800767186,0.0526806730532462,0.0,6.660502326005986e-05,2012-11-05,0.216353660659138,0.4633655403764171,0.26330702198736194,7.19214906170564e-05,0.05690185548635653
0.9005015121397263,9.976816325523106e-06,0.098248149486697,0.0,0.0012403615570433,2012-11-06,0.2316949937510673,0.5275171469017341,0.216309442789505,0.0011743632855635193,0.023304053271921834
0.9960494183779092,3.740051652587458e-05,0.0033141952682476,0.0,0.0005989858370058,2012-11-07,0.23435265066030364,0.538493380461993,0.20723867982940322,0.0012975225034330274,0.01861776654455531
0.0146078769575065,0.0921137013218108,0.8930895056746775,0.0,0.0001889160459302,2012-11-08,0.20888265024829214,0.43044116412628863,0.29858121632176143,1.9366390506203624e-05,0.06207560291307633
2.437115671632499e-06,3.0753126736500417e-07,0.9976478178256464,0.0,0.002349437527624,2012-11-09,0.2074210291569942,0.4250850845093275,0.30305292172046877,4.4007827421150454e-06,0.06443656383067668
0.0140077704433509,0.9130752925902664,0.0726276185763796,0.0,0.0002893183904516,2012-11-12,0.2153844075304614,0.45939139536180695,0.2664039671042198,1.8773256228122586e-05,0.05880145674773217
0.0001924584148685,0.8243363281366475,0.1745624729251237,0.0,0.0009087405233379,2012-11-15,0.214211637827709,0.4545583269925584,0.2710619319378208,1.951447755243226e-06,0.06016615179413415
2.6961187516571013e-08,2.4617730933469783e-08,0.9911076268828952,0.0,0.0088923215384906,2012-11-16,0.2063984115202714,0.42375179763139276,0.30137610421935423,1.6644431104945228e-05,0.06845704219818081
0.0217317821838472,0.8831187689908421,0.0949873684430653,0.0,0.0001620803823851,2012-11-19,0.21537260999994873,0.4592343729272697,0.26686541579892537,2.8588230612748547e-05,0.05849901304338309
0.1125295639422132,0.265872115965282,0.6189020328253656,0.0,0.002696287267543,2012-11-20,0.21249435198470149,0.4471904734611893,0.28165781984529425,0.0001515089220344384,0.05850584578718417
0.9498702812289884,0.0463601904006956,0.0016612157339321,0.0,0.0021083126360868,2012-11-21,0.23324950205220008,0.5345831087332357,0.20949730183220122,0.0012402434771214387,0.021429843904944273
0.0818383824485751,0.8827891679570689,0.0353043220577066,0.0,6.812753645734382e-05,2012-11-22,0.21699333657211714,0.4660638960735639,0.2610935173620343,0.00010664370865866439,0.055742606283433825
0.0257505598111029,0.9153669417004588,0.0587323953172838,0.0,0.0001501031715301,2012-11-23,0.2157386812612901,0.4608336127498578,0.2652148760504442,3.379642466621384e-05,0.05817903351411736
0.0748781034468226,0.8671751529272106,0.057843571972665,0.0,0.0001031716529602,2012-11-26,0.21667731592896874,0.4647144774752065,0.26236979901757207,9.765019950079073e-05,0.05614075737841029
0.9972249362732244,4.199843583492153e-57,2.890755201711231e-15,0.0,0.0027750637267528,2012-11-27,0.2340437269642319,0.5381821381551612,0.2065687722498177,0.0013031256118085143,0.019902237018960406
0.9980161928729608,9.937997456091891e-88,5.647893409336083e-20,0.0,0.0019838071271114,2012-11-29,0.2341885648881857,0.5384331503202414,0.2066951160695661,0.0013026744147190666,0.01938049430735962
0.9995821849300236,4.3149008175130566e-11,1.8140708747727796e-05,0.0,0.0003996743180171,2012-11-30,0.2344780516916622,0.5389336294867241,0.20694981550397254,0.0013017474860199064,0.018336755831558388
0.0179929630424076,0.9253782927464784,0.056590271124963,0.0,3.84730862016592e-05,2012-12-03,0.21562818039539816,0.4603299942606562,0.26560042597339445,2.3490631373895335e-05,0.058417908739228
0.4637308742638029,0.41795132531195,0.1175686914025799,0.0,0.0007491090219298,2012-12-04,0.2234083625467487,0.4928274823699565,0.2422489382023139,0.000604967923075295,0.04091024895816806
0.0805700998099942,0.869532260347957,0.0495769534384827,0.0,0.0003206864032521,2012-12-05,0.21681441853164737,0.4653995733714621,0.2616714730990533,0.00010546571657122133,0.056009069280952006
0.0004980546390301,0.9382567020116392,0.0003239410266858,0.0,0.0609213023223292,2012-12-06,0.20574740739625896,0.4463960109157362,0.2511805359788686,0.00011467901068223612,0.09656136669813833
0.0032465803611151,0.7091038575281599,0.2858942062825023,0.0,0.0017553558281568,2012-12-07,0.21324400247638214,0.4506565160155105,0.2750707850650492,7.51118996816855e-06,0.06102118525302391
0.0581966802236504,0.8689028684154646,0.0727090465423161,0.0,0.0001914048183423,2012-12-10,0.21623082206014155,0.462864288428766,0.2638915492578615,7.610375902766047e-05,0.05693723649397661
1.63586965141981e-05,0.9798638166072576,0.0166538161790098,0.0,0.0034660085175811,2012-12-11,0.21504500767426984,0.45951860915515863,0.2643215287886088,6.508868287378129e-06,0.06110834551403806
0.047268507036259,0.0800053285962168,0.8721771622375262,0.0,0.0005490021303324,2012-12-12,0.209604126149487,0.43364645859257656,0.2958075407304841,6.254961015940232e-05,0.06087932491762715
9.508014230847802e-05,4.350135555994733e-13,0.9992423741947144,0.0,0.0006625456628721,2012-12-13,0.20768714109539632,0.42543926456296327,0.30347636185531557,1.3638851492727723e-06,0.06339586860150538
0.962340756551588,0.0006806117704891,0.0355029869850941,0.0,0.0014756446928358,2012-12-14,0.23331859782320374,0.5345116271698238,0.2102464631905209,0.0012552901294030784,0.020668021687055203
0.0199834058266222,0.9044905063017472,0.0754153459060277,0.0,0.0001107419652899,2012-12-17,0.2155039246521053,0.4598023477089495,0.26620904774657483,2.6216549471727603e-05,0.05845846334258561
0.0124675473515946,0.9854103104473196,0.0002675250550945,0.0,0.0018546171455897,2012-12-18,0.21567422212799406,0.4614562898238278,0.2633136211855209,1.9698471298986305e-05,0.05953616839095661
0.1127366061694845,0.8719328694862498,0.0151005657460556,0.0,0.0002299585982724,2012-12-19,0.2177085928470797,0.46915383827127344,0.2584918595522858,0.000147161992171162,0.054498547337252186
0.0035165562231623,0.9129973536960216,0.0833810327024901,0.0,0.0001050573781294,2012-12-20,0.21513180220450834,0.45823543607686074,0.26746816202539214,4.773593238802126e-06,0.0591598260998034
2.8691522959191187e-06,2.8505271747040747e-14,0.9918621472407392,0.0,0.0081349836067122,2012-12-21,0.2065168475163675,0.42390641429884984,0.30156995014872023,1.5230566613442472e-05,0.06799155746922457
0.071806691289869,0.8549357472266796,0.0731342015239577,0.0,0.0001233599591403,2012-12-24,0.21649455328144554,0.4639288337166521,0.2631416557885043,9.369041182091269e-05,0.05634126680122375
0.9988392545966402,4.183821400461323e-07,0.000322047589686,0.0,0.0008382794315573,2012-12-26,0.2343896244152788,0.5387599639524386,0.2069091759148498,0.0013016014987522815,0.018639634218703786
2.5120445951043945e-05,5.489174897616659e-38,0.9973339792685424,0.0,0.0026409002855378,2012-12-27,0.207376082705848,0.425028267499019,0.3029760343235497,4.975857824970717e-06,0.06461463961378937
0.4864834911549917,0.49501614563195,0.0176640196756135,0.0,0.0008363435375506,2012-12-28,0.22461697980228668,0.4981180224209599,0.2370041339096118,0.0006347447197737737,0.03962611914747344
0.0684538447727933,0.8574143594122816,0.0739257104585488,0.0,0.0002060853561184,2012-12-31,0.21641161619188634,0.46361910769630427,0.26334723696745244,8.948138032406019e-05,0.05653255776377493
0.0596113098399013,0.9302056612947344,0.000119588730667,0.0,0.0100634401344896,2013-01-02,0.21521370701276085,0.4631819685413318,0.25881930369013517,9.642315713302458e-05,0.06268859759843137
0.0905152702790941,0.8645355999744032,0.0447433072459036,0.0,0.0002058225006875,2013-01-03,0.21705877285339636,0.4663750017822131,0.26093581720290654,0.00011819478647662531,0.05551221337509578
0.0437517308301242,0.8799833725988137,0.0761866091245749,0.0,7.828744648715994e-05,2013-01-04,0.21595008501343702,0.46163978271654404,0.2648818224884953,5.709130359785691e-05,0.05747121847792567
0.000563168996296,9.151080112611622e-21,0.9967836130918,0.0,0.0026532179115488,2013-01-07,0.20738855774450102,0.4250868259727747,0.3029208781979458,5.6992070363273885e-06,0.06459803887738678
0.0501550660549404,0.8951388560171434,0.0546302054264712,0.0,7.5872501741608e-05,2013-01-08,0.21624245126931468,0.46290312205454076,0.26366899234352287,6.542100073598955e-05,0.05712001333218232
0.0022486629671277,0.0149775433102093,0.9818972396607016,0.0,0.0008765540616706,2013-01-09,0.20783052915972666,0.42616987447466115,0.3026257506241062,4.5674410813056145e-06,0.0633692783001338
0.0592592207351223,0.3632568179091112,0.5768242569149347,0.0,0.0006597044411537,2013-01-10,0.21216195713407895,0.4450039227003943,0.2835072855750151,7.836325138803671e-05,0.05924847133944539
0.0021589572508183,4.300097620110002e-23,0.993103096079705,0.0,0.0047379466691239,2013-01-11,0.20710545607082093,0.4248432177198883,0.3022323013181618,1.1678330713758417e-05,0.06580734656006228
0.9982352530977524,8.076509799944466e-19,2.0644128349600174e-08,0.0,0.0017647262581976,2013-01-14,0.2342286666466606,0.538502647508974,0.20673009978088577,0.0013025494616874906,0.01923603660187014
0.0645324101513673,0.9299116605703164,0.0055294824965849,0.0,2.6446781541570373e-05,2013-01-15,0.2169116991449693,0.4657749790448286,0.26092791218037903,8.40412213880666e-05,0.056301368408245074
8.454178699701465e-06,1.2564293567323107e-11,0.9991540920740368,0.0,0.0008374537344234,2013-01-16,0.2076574872688402,0.42539379800315036,0.3034399015342431,1.5785256987252542e-06,0.0635072346677915
0.9856829783585828,0.0057518993038908,0.006207644702921,0.0,0.0023574776343311,2013-01-17,0.23384586104163513,0.5371606677990627,0.2075655930349956,0.001287321629230525,0.02014055649480142
0.1025416663629335,0.8775549477309269,0.0198366803061812,0.0,6.670559974949126e-05,2013-01-18,0.2175059964524968,0.46822884504410456,0.2592984029360584,0.00013358726533386632,0.05483316830179747
0.0779309338803006,0.8627584445617195,0.0592115303121102,0.0,9.909124617697032e-05,2013-01-21,0.2167245084634066,0.4649055756254562,0.2622490933213802,0.00010161595257561593,0.0560192066374886
0.0025429726329031,0.1292360077576184,0.8668100328454905,0.0,0.0014109867641234,2013-01-22,0.20866419265340785,0.43013591146182767,0.2979775194046372,5.950833843598825e-06,0.06321642564641897
0.0370549393479957,0.8893015654723561,0.0734538298607172,0.0,0.0001896653193117,2013-01-23,0.2158276059933639,0.4611866122691374,0.26513488672774077,4.858361419378711e-05,0.057802311395944786
0.0019908847073032,0.530410101917069,0.4670876680567988,0.0,0.0005113453186447,2013-01-24,0.21198270546029407,0.4444467422078091,0.28252185247395284,3.5483441439239593e-06,0.06104515151361567
0.9987917959859696,1.849509112688036e-13,1.3475545437053696e-05,0.0,0.0011947284688494,2013-01-25,0.23433264349092736,0.538681942110831,0.20682241445058952,0.0013022069205496384,0.018860793027543104
0.0575608570459833,0.8921571329232032,0.0502288983411934,0.0,5.311168960843393e-05,2013-01-28,0.21642048409077597,0.4636428406453354,0.2630760894213753,7.501735453195597e-05,0.056785568487969645
0.000588948352152,0.9216501462567472,0.0772802953371136,0.0,0.0004806100536745,2013-01-29,0.21506361803207363,0.4581327067482895,0.26731535257053696,1.6661340263601237e-06,0.05948665651476086
0.0635201268938759,0.8760670987746187,0.0602598096124899,0.0,0.0001529647191633,2013-01-30,0.21643631954492568,0.4637297368775421,0.263105845108589,8.296050370480067e-05,0.05664513796538638
0.0123140035985155,0.8838047899147358,0.1037997806794206,0.0,8.142580740213686e-05,2013-01-31,0.2151386214236603,0.4582061620058676,0.26776934080543513,1.6179618065071493e-05,0.058869696147045854
0.0002129677275399,4.996633432404831e-05,0.9991722217327744,0.0,0.000564844204965,2013-02-01,0.20770596305267014,0.4254743171219292,0.3034880510946462,1.3344461068938447e-06,0.0633303342842508
0.0420896969367147,9.690451821151015e-05,0.9560944549481388,0.0,0.0017189435967389,2013-02-04,0.20864673897814667,0.42999381675840737,0.29914327923384176,5.799902849054845e-05,0.062158166000917406
0.014261984818073,0.8875130280125771,0.0979860549011875,0.0,0.0002389322681712,2013-02-05,0.21519565202015728,0.45852633330410064,0.2673952207147338,1.9009815897719422e-05,0.05886378414511931
0.3931797055992394,0.001237111804973,0.6035490250594086,0.0,0.0020341575360117,2013-02-06,0.21800296681624257,0.46981830099259286,0.2650871845160072,0.000515547847334459,0.046575999827455285
0.0068234089074611,0.8843464365568305,0.1085750187465047,0.0,0.0002551357887872,2013-02-07,0.21496883604679767,0.45756675332552305,0.26823419509108865,9.358517360065002e-06,0.05922085701881406
0.0002109422183474,0.7757189017485088,0.2230650349245234,0.0,0.0010051211084258,2013-02-08,0.2138101546533222,0.4528211084686101,0.2729428918777711,2.155907677691566e-06,0.060423689092424224
0.0422126460965021,0.7750578403505252,0.1825540449672164,0.0,0.0001754685861245,2013-02-11,0.21505867036017082,0.4577339057816381,0.26912229170714397,5.5270019251239245e-05,0.05802986213216403
0.9050062751959996,0.0202744746678184,0.0734130178206532,0.0,0.0013062323154798,2013-02-12,0.2319665348613058,0.5287318025526081,0.2150621479367755,0.001180349724270857,0.023059164924990497
0.0270950208224981,0.9430989105222032,0.0297832138772894,0.0,2.2854777907867467e-05,2013-02-13,0.2160152518082586,0.46199305906951244,0.26402952593852697,3.5308118796484885e-05,0.05792685506480403
0.0013718027270442,0.0001769441469519,0.997213860435488,0.0,0.0012373926905809,2013-02-14,0.20763287927723886,0.4254733146621009,0.30319868885170403,4.10157714852298e-06,0.06369101563187252
0.0157018777099311,0.8872512492401967,0.0968733630379447,0.0,0.0001735100120748,2013-02-15,0.2152423298220777,0.45869382887423693,0.267283103961293,2.076144315824561e-05,0.058759975899381416
0.0647983022868157,0.8874163777473038,0.0477088085995946,0.0,7.651136647005661e-05,2013-02-18,0.21657279820184192,0.4642918277940957,0.2625566378963724,8.448100096100555e-05,0.05649425510691294
0.9961035552219498,0.0005395962660296,0.0021878910053187,0.0,0.0011689575071364,2013-02-19,0.23426901851437806,0.5384011662464072,0.20706765054332987,0.0012986598217292471,0.018963504874589848
0.307922321020249,0.19996826131121,0.4917725756343066,0.0,0.0003368420346808,2013-02-20,0.2175680145557904,0.46751692727583427,0.265964814582561,0.00040140469176669607,0.04854883889449386
8.190667594203639e-11,2.380663282417845e-20,0.9918719720261548,0.0,0.0081280278915329,2013-02-21,0.2065178577997707,0.42390750577286235,0.30157201030339975,1.521381288342129e-05,0.06798741231067805
0.0342060153532156,0.8904725569925506,0.075149124163031,0.0,0.0001723034911987,2013-02-22,0.21576339121769833,0.46090821931098397,0.26536872430619934,4.484311918693816e-05,0.05791482204592725
0.0129587037162065,0.9458449149828312,0.0410917826606383,0.0,0.0001045986405046,2013-02-25,0.21564599211579416,0.4604690777670915,0.2652670201311744,1.7062097367436766e-05,0.05860084788875299
2.296852446432028e-15,2.522124133288754e-56,0.9870496784509972,0.0,0.0129503215486408,2013-02-26,0.20576420839483167,0.42292504398564756,0.3003359677421356,2.4240045687571634e-05,0.0709505398313378
0.0079826152886892,0.96336362835531,0.0019390117124756,0.0,0.0267147446437061,2013-02-27,0.21149348313445776,0.45510259034018674,0.2582399296485451,6.039362220765436e-05,0.07510360325478356
2.118998567385856e-34,1.6130673619439658e-170,0.0041805722212155,0.0,0.9958194277790248,2013-02-28,0.052157072959206026,0.22268188206970285,0.04840853618588675,0.001863946646827893,0.6748885621386163
0.0185906306708548,0.9734066430893418,0.0017134806403859,0.0,0.006289245599234,2013-03-01,0.21504950470456,0.46082318233814784,0.2620561386536992,3.596854084753173e-05,0.06203520576256187
0.0062200162039993,0.8866856963915648,0.106867829517969,0.0,0.0002264578867478,2013-03-04,0.21497578569949685,0.457586855058576,0.268208081498106,8.519497209066456e-06,0.05922075824689289
0.9967741669108048,6.9217078880207975e-44,1.311128304412302e-12,0.0,0.0032258330878273,2013-03-05,0.2339612145422257,0.5380391395458137,0.20649679569653898,0.0013033826533579837,0.020199467562006516
0.1201515403114523,0.867995948410051,0.0117932287015201,0.0,5.9282577272489765e-05,2013-03-06,0.21790238540419885,0.46989094288802075,0.2579734625185911,0.00015649338266749975,0.05407671580681764
0.9981895352357066,2.1403792540591183e-27,6.098122569118084e-06,0.0,0.0018043666414447,2013-03-07,0.2342212478994841,0.538489382510266,0.206724357555261,0.0013025641556639032,0.01926244787904517
0.9992042411848304,7.027745173487939e-38,1.8086571997784585e-11,0.0,0.0007957587971935,2013-03-08,0.23440603473720614,0.5388100376434944,0.20688481757155996,0.0013019969556399775,0.018597113092209582
0.0264984179326182,0.9082134020495284,0.0652569012257987,0.0,3.127879173424455e-05,2013-03-11,0.21572033654449263,0.460689669618342,0.2654537184377083,3.4547382198136664e-05,0.05810172801693841
0.002743274601977,0.1579041619339284,0.8357949117208111,0.0,0.0035576517428727,2013-03-12,0.20856221468988737,0.4307353394411441,0.29628316880756894,1.0229602315129402e-05,0.06440904745867355
1.2466873206862565e-05,0.0004020425315018,0.8867200563444905,0.0,0.112865434250998,2013-03-13,0.19015256547965903,0.40258464472042504,0.2747089079117346,0.00021127455458807865,0.13234260733379027
0.0051966334013983,6.83709675190104e-06,5.038402214522276e-08,0.0,0.9947964791181398,2013-03-14,0.05245607869979714,0.22348034542179307,0.048168247694477064,0.0018687955632708838,0.6740265326209736
4.500337103109838e-05,0.0052345353122875,0.7414631868839365,0.0,0.253257274432618,2013-03-15,0.16825083665056703,0.37415677877109743,0.23853115490562948,0.00047409837893545604,0.21858713129364352
0.003247893396333,0.749539481892288,0.2277880247576782,0.0,0.019424599953423,2013-03-18,0.21080441125705063,0.4484871280386638,0.26895525934143966,4.0585690473041954e-05,0.07171261567209504
3.2442781640356924e-22,4.975617415358606e-111,0.8466894515272544,0.0,0.1533105484728154,2013-03-19,0.18382809070614226,0.39432899241761243,0.2643590596905885,0.00028696234957635406,0.15719689483615001
2.5842268996077466e-06,2.937266417811113e-12,0.9395237451850432,0.0,0.0604736705855025,2013-03-20,0.198337118167715,0.4132432487876472,0.2881546094553513,0.00011319627011321794,0.10015182731955573
2.512819228565055e-07,0.0021397733066095,0.7084022622245618,0.0,0.2894577131871172,2013-03-21,0.16256744484820793,0.3666669978130707,0.2293780610822308,0.0005417990898047864,0.24084569716689688
0.0027483775702805,0.929349723199626,0.0633717590939421,0.0,0.0045301401357057,2013-03-22,0.214549809565409,0.4578251227857349,0.2657666044402879,1.205652032411147e-05,0.06184640668779843
0.0002401991175951,5.0795596088941054e-39,0.9405886406795444,0.0,0.0591711602030211,2013-03-25,0.19854703967604817,0.4135355825777049,0.28846550289273115,0.00011106753405259797,0.09934080731962364
0.5139869038546494,0.0518488134170851,0.4259793327191907,0.0,0.0081849500094117,2013-03-26,0.22067771005371403,0.48406690003813796,0.24984970007644,0.0006842965131129438,0.044721393318931706
0.058823849157744,0.9280370593069016,0.0002122042311408,0.0,0.0129268873045371,2013-03-28,0.21472786104470667,0.4624325058809867,0.2582465351348845,0.00010075796248895606,0.06449233997725662
0.0668024748255288,0.9140735247547068,0.0189842422859607,0.0,0.0001397581333894,2013-04-01,0.2168286997261585,0.46544932225741376,0.26130087297703836,8.720790159287766e-05,0.05633389713738223
0.9985909005584676,5.0045870980369506e-09,0.0003006848735601,0.0,0.0011084095636634,2013-04-02,0.2343407571556051,0.5386767268881585,0.20686395461327234,0.0013017838771878635,0.01881677746605409
7.277477086037323e-12,6.350966886527573e-26,0.9986147903807658,0.0,0.0013852096119103,2013-04-03,0.2075716552914624,0.425281242352641,0.303300318668232,2.5927961924431013e-06,0.06384419089142565
1.2495551144777782e-14,1.4661902483014626e-41,0.9840265434936232,0.0,0.0159734565061793,2013-04-04,0.20529173947920135,0.42230913073851695,0.29956108264276465,2.9898664218034474e-05,0.0728081484751139
0.0064705654910673,0.8735528287224789,0.1196670789854127,0.0,0.0003095268012838,2013-04-05,0.21486499279540042,0.4571338365439122,0.26867782883648256,9.001083973079887e-06,0.059314340740474425
0.0180077609141143,0.877830377605514,0.1032351592904779,0.0,0.0009267021903013,2013-04-08,0.21511135653787833,0.45846886189823255,0.26723681571490615,2.51724535642819e-05,0.05915779339582613
1.7243059199281506e-10,5.641600824547311e-26,0.8043663510580518,0.0,0.1956336487699387,2013-04-09,0.17721364921685034,0.38570636774410527,0.2535108705451111,0.0003661815321962544,0.18320293096215784
0.0087782672850344,0.8020161722973671,7.141697862278503e-07,0.0,0.1892048462478441,2013-04-10,0.1848360436552556,0.41638112017424594,0.22284412019337566,0.0003655735752099011,0.17557314240194458
0.0241769993330374,0.9571166333500364,0.0012208951187187,0.0,0.0174854721986448,2013-04-11,0.2133195781302088,0.4585999804222457,0.25928557397210583,6.419622130475911e-05,0.0687306712545721
5.018773146293488e-05,0.859595220872613,0.0582652020289335,0.0,0.082089389367044,2013-04-12,0.20180116197591513,0.4392501448872659,0.24888424462142106,0.0001537179193332044,0.10991073059611803
0.5608011371566851,4.340553536169912e-14,4.347919554257833e-05,0.0,0.4391553836475346,2013-04-15,0.15416402629217982,0.39974326300492274,0.13689398956469598,0.0015519055311573433,0.3076468156068494
0.4777065910974764,3.076012017288384e-173,1.6970266278406057e-36,0.0,0.5222934089025946,2013-04-16,0.13894694218668505,0.37337412940738957,0.12361473157723231,0.0015993697953371336,0.3624648270334265
0.0041852496059494,0.97462072847909,0.0180083677007825,0.0,0.0031856542138296,2013-04-17,0.21515867063255417,0.4598634348213082,0.2641961992774235,1.1410100607414222e-05,0.06077028516775813
0.9811072681257564,5.55682036212045e-109,8.248951801237671e-22,0.0,0.0188927318742181,2013-04-18,0.23109342033277383,0.5330690929321976,0.20399518517350268,0.0013123163660620745,0.03052998519543804
0.9986093947028196,5.30134649186525e-14,2.3712406039017854e-05,0.0,0.0013668928910947,2013-04-22,0.23430085516595717,0.5386261641182354,0.20679591343926879,0.0013022917698988575,0.018974775506645756
0.0206617856345656,0.943285085187707,0.036013050852504,0.0,4.007832565079378e-05,2013-04-23,0.2158418654389911,0.4612659694673695,0.2646395371920877,2.6967223889296308e-05,0.058225660678089895
0.9989535627854572,2.8811311952758383e-30,3.15134217901049e-10,0.0,0.0010464368997418,2013-04-25,0.23436014860846613,0.5387305144144223,0.20684479059894298,0.00130213989906017,0.018762406479441385
0.0027666171316955,0.0740929781511856,0.9223447908888333,0.0,0.0007956138281944,2013-04-26,0.20832750318683999,0.4283361647593368,0.3002771121684466,5.090079157269898e-06,0.06305412980612796
0.560861621058022,0.4184253425820494,0.0195381258187915,0.0,0.0011749105410498,2013-04-29,0.2259451528655064,0.503781744018982,0.2327341452452727,0.0007321847884738447,0.036806773081677534
0.0012602613530769,0.9921662619219122,0.0007979048070673,0.0,0.0057755719182317,2013-04-30,0.21481525745180235,0.4596244141970147,0.2631266574129613,1.2450836788087926e-05,0.062421220101721506
0.98935894932469,1.0649912729641412e-55,5.379551798534499e-12,0.0,0.0106410506698248,2013-05-02,0.2326038739264715,0.5356867928852531,0.205312771558785,0.001307611021991891,0.025088950607392663
3.952056279367861e-06,1.6081085002018463e-11,0.9987415874552856,0.0,0.0012544604727731,2013-05-03,0.20759219511690483,0.4253083288600875,0.30333345013738033,2.3532074133780374e-06,0.063763672678633
0.468489989372199,0.4865842586323344,0.0444397932645172,0.0,0.0004859587305874,2013-05-06,0.22412306541046478,0.49584891252641367,0.23916371451015853,0.0006106695596667862,0.04025363799293411
0.9985832519500653,4.503197372866931e-34,2.0724820209823222e-09,0.0,0.0014167459770934,2013-05-07,0.23429236423188748,0.5386130402077038,0.2067856617031287,0.00130235105757372,0.019006582799346652
0.0342304275106116,0.956296153669321,0.0094225725829395,0.0,5.084623704696259e-05,2013-05-08,0.21630687446628574,0.46326402674018224,0.2628149814982093,4.4647552410222215e-05,0.057569469742831454
0.0441816977815949,0.0613840841810351,0.8932711965012294,0.0,0.001163021536305,2013-05-09,0.20927735588432278,0.43251234769768804,0.2966790600069285,5.968129875307879e-05,0.061471555112471786
0.9784455731415108,5.6610621339351176e-15,0.0004115305792292,0.0,0.0211428962791861,2013-05-10,0.2306705182577065,0.5323085597442705,0.20367566214612137,0.001313063849184928,0.0320321960026482
2.891458539648928e-26,1.8065658697451519e-146,0.8410736530416754,0.0,0.1589263469581056,2013-05-13,0.18295042885564694,0.39318486728602453,0.26291962723752266,0.00029747384238711756,0.16064760277819953
0.0281932968995191,0.9400452403577132,0.026947024826264,0.0,0.0048144379166478,2013-05-14,0.21527149354049016,0.46103349383665015,0.2628150211402533,4.570632237754189e-05,0.06083428516037291
0.8591918649079491,9.2473795517839e-182,5.612451266326935e-41,0.0,0.1408081350919817,2013-05-15,0.20877705177999192,0.49439358700137476,0.1845283551547766,0.0013818360075167758,0.11091917005627043
0.9538892928737632,3.326149119784687e-06,0.0320119658367051,0.0,0.0140954151403385,2013-05-16,0.23111474292994097,0.5309573701484247,0.2078551354034123,0.0012679115138799716,0.028804840004268275
0.026124539092896,0.9583384374844724,0.0154925039457224,0.0,4.451947734727927e-05,2013-05-17,0.21610717408561003,0.4624175443288932,0.26351985781127624,3.408554628086084e-05,0.05792133822837776
0.0002413400893834,0.015014113060548,0.9829668681751632,0.0,0.0017776786751823,2013-05-20,0.20763626535512228,0.4257597497374694,0.30258733573126195,3.6415232281535457e-06,0.06401300765319491
6.59222119424552e-05,0.0201876133972148,0.9762911901505494,0.0,0.0034552742400943,2013-05-21,0.20741056107569272,0.42558105335159685,0.3019713136207932,6.553285226346146e-06,0.06503051866649175
0.0016151116541263,0.4289763502940404,0.5523541092838476,0.0,0.0170544287677981,2013-05-22,0.20857997559250083,0.43744583231670164,0.2822975117970747,3.402413510802524e-05,0.07164265615842727
1.6428611514229109e-21,7.5643771778491894e-34,0.624725431664811,0.0,0.3752745683348743,2013-05-23,0.14913857096769048,0.3491075312004243,0.2074655984276026,0.0007024283256329411,0.2935858710783347
0.0073494078434644,0.9768738160356728,0.0064404455633832,0.0,0.0093363305574672,2013-05-24,0.21430003071131762,0.45904916164012005,0.262225475113187,2.7041051279274678e-05,0.06439829148408356
0.9647274668547232,1.8382338991971544e-50,6.847083350968296e-18,0.0,0.0352725331456829,2013-05-27,0.22809513076201376,0.5278728906109869,0.20137974201648395,0.0013216565961027933,0.0413305800148184
0.0273355239247322,0.9700415285584826,0.0020944650409734,0.0,0.0005284824762478,2013-05-28,0.21615708590047,0.4628703486439418,0.2628196176875214,3.656756360015456e-05,0.05811638020490267
0.0090842195190912,0.9325862004082904,0.0581298327534237,0.0,0.0001997473191258,2013-05-29,0.21542190923770668,0.45954095951685076,0.26613726631150164,1.2197385447102316e-05,0.058887667548424893
0.9151164084935904,2.390231035695003e-18,0.0549026713264432,0.0,0.0299809201800392,2013-05-30,0.2275943591850724,0.523320161734748,0.2075306657335538,0.0012471809693582,0.04030763237733998
7.725792461486248e-30,9.068525599784478e-122,0.9323619273183263,0.0,0.067638072682025,2013-05-31,0.19721736452556457,0.41178332823192126,0.28631849115946134,0.0001266030318917798,0.10455421305151223
4.825240475622044e-07,2.2837146464235017e-11,0.9795418413656752,0.0,0.0204576760872997,2013-06-03,0.20459093870406483,0.4213956006729872,0.29841164804434334,3.829272765870997e-05,0.07556351985080541
0.0006859566895079,0.901266917326876,0.0971776486031315,0.0,0.0008694773803193,2013-06-04,0.21484322329662214,0.45734350264457985,0.2680060167066356,2.52026543362883e-06,0.05980473708656351
0.0227940965144309,0.9404267195467216,0.0366206958814274,0.0,0.0001584880574476,2013-06-05,0.2158576801521608,0.4613827554422865,0.26451525740960147,2.9964154584491647e-05,0.05821434284139426
0.0004430767634482,0.9800974118705628,0.0168449686018186,0.0,0.0026145427641372,2013-06-06,0.21519135803993067,0.4597487758212437,0.2644893707499169,5.4705107610022835e-06,0.060565024878114423
2.9679192180731497e-07,0.8958567593471233,0.0721124802327627,0.0,0.0320304636281974,2013-06-07,0.20991183971267813,0.4507257840765786,0.2602974088031305,5.995410240376626e-05,0.07900501330521414
0.0051507705427156,0.8682816640888619,0.1250475014369234,0.0,0.0015200639318619,2013-06-10,0.21459853245207203,0.4565509643930417,0.2687019037504764,9.549163015655782e-06,0.060139050241756836
1.1178311743873169e-11,2.092879711876557e-18,0.9882379272548352,0.0,0.0117620727336385,2013-06-11,0.20594991318074546,0.4231671298337046,0.30064053776988164,2.2015915169476363e-05,0.07022040330015059
0.0017232795391534,0.8801962666343023,0.1175055998823562,0.0,0.00057485394464,2013-06-12,0.21474934293135742,0.45677595787553943,0.26880796704351645,3.3189181097129977e-06,0.05966341323192888
0.0002057519791978,0.931205518627182,0.0661642988247589,0.0,0.0024244305686114,2013-06-13,0.21482561857192978,0.45803118303471435,0.26647925469532857,4.8057756720205436e-06,0.06065913792210534
0.989056772095364,6.099417653501969e-22,1.5142588730523707e-14,0.0,0.0109432279042431,2013-06-14,0.23254856099353743,0.5355909325012729,0.20526452143802287,0.0013077833320794283,0.025288201734709366
0.0187457356007931,0.979946237679214,0.0001407189391136,0.0,0.0011673077805067,2013-06-17,0.21590617944431367,0.4621156123720316,0.26309742196512936,2.6583318233385376e-05,0.05885420289991931
0.0012915214438575,0.3471854374550066,0.649860873870171,0.0,0.0016621672308959,2013-06-18,0.210325964249874,0.4376519385830268,0.2894830795210107,4.7921685645124045e-06,0.06253422547745484
0.0084995106308763,0.9491058826498422,0.0385671029608004,0.0,0.0038275037584619,2013-06-19,0.2149707681241814,0.45931982991719034,0.2646157826412273,1.822669349837803e-05,0.06107539262388337
1.361727188527924e-35,2.2525067759550525e-118,0.0351453727277807,0.0,0.9648546272722676,2013-06-20,0.05699638907464035,0.22899044291691265,0.05634538414541433,0.0018059876088093332,0.6558617962542712
0.0079102298047148,0.9680223247915346,0.0110977463085173,0.0,0.0129696990948122,2013-06-21,0.21367675800710545,0.4580594840439738,0.2615872544964575,3.457182177445093e-05,0.06664193163026776
7.459048119540929e-09,5.13950828847795e-10,0.9809389401018572,0.0,0.0190610519255909,2013-06-24,0.20480919660101518,0.4216800856140348,0.29876967440038993,3.567794772657178e-05,0.07470536543728039
0.0001928728674764,0.9811731429377264,0.0012649662314235,0.0,0.0173690179630113,2013-06-25,0.21288732804407004,0.4567524504946868,0.2606895028236532,3.276186905905085e-05,0.06963795676816836
0.0056555265507508,2.6397256528949054e-07,0.9845244560599592,0.0,0.0098197534166525,2013-06-26,0.20640483153824557,0.42420475101935956,0.3005918097426357,2.5741248854299143e-05,0.0687728664508325
0.8290141926459338,0.0142485910416308,2.65328150924084e-08,0.0,0.1567371897799939,2013-06-27,0.20559332225104768,0.48822716862871895,0.1828028935410677,0.0013723740178053915,0.12200424156173355
0.8457163260923823,2.152727127677404e-96,7.314369598486979e-35,0.0,0.1542836739079608,2013-06-28,0.20631038159135606,0.4901187105902284,0.18237664981970653,0.0013895201442397512,0.11980473785481212
0.9889398611927596,3.5112170556807096e-27,1.4162789952625377e-07,0.0,0.0110599971796985,2013-07-01,0.2325271828229943,0.5355538734391494,0.20524589000301416,0.0013078497329181498,0.025365204002281178
0.0023537546299178,0.0760594221786962,0.9201546292926928,0.0,0.0014321938985948,2013-07-02,0.2082326156404384,0.42822916915996295,0.3000766942270187,5.744253354787652e-06,0.06345577671912654
1.185009325484965e-07,6.986200550111813e-10,0.9803143202322756,0.0,0.0196855605677431,2013-07-03,0.2047115985986591,0.42155286501969536,0.2986095906087404,3.684702986996717e-05,0.07508909874260629
0.9973373362703069,1.1453046370133889e-07,3.67207497305766e-06,0.0,0.0026588771244167,2013-07-04,0.23406489425583826,0.5382185705755286,0.2065876857914577,0.001303054430462493,0.01982579494687285
0.3304224467694287,0.6553940079102085,0.0140203046867437,0.0,0.000163240633383,2013-07-05,0.22182177208693463,0.4862152157813367,0.24596670082072036,0.00043036463504461756,0.04556594667572753
7.039526590866402e-05,0.8485827209380243,0.1504164471500251,0.0,0.0009304366461534,2013-07-08,0.21439794179062602,0.4553976885860426,0.27011688730445393,1.833187484006829e-06,0.06008564913150492
0.9847456076953042,0.0030277307623694,0.0101410256845957,0.0,0.0020856358577125,2013-07-09,0.23384157838737502,0.5370133019239733,0.2078327415666769,0.0012855927750752227,0.020026785346880897
1.0689754439040172e-05,1.9783441089628327e-13,0.9973070490630628,0.0,0.0026822611822506,2013-07-10,0.2073692324251719,0.4250182030378265,0.3029668273973021,5.034493813621525e-06,0.06464070264583603
0.8651507120722546,2.941889201737036e-07,4.701323876304049e-11,0.0,0.1348489936917008,2013-07-11,0.2098678550551494,0.49628399624996306,0.18547989736560577,0.0013784375521008533,0.10698981377706941
0.0779178861373143,0.9085574053593384,1.5464491421557323e-05,0.0,0.0135092440122869,2013-07-12,0.21499284592602871,0.46379198670026905,0.2570162144222438,0.00012669971513267226,0.06407225323668686
0.9342509696525402,2.5309147349426105e-05,0.0615059681192153,0.0,0.0042177530808124,2013-07-15,0.23213305129755113,0.5307416258791636,0.21228401556263995,0.0012238626594637061,0.023617444601098585
2.640707556088758e-05,0.8477561296917505,0.1465205445970061,0.0,0.0056969186355442,2013-07-16,0.2136452592895825,0.45439236695793633,0.26893183184849495,1.0697701163629434e-05,0.06301984420268429
0.0261074708817086,0.9559900312990544,0.0176009927620813,0.0,0.0003015050570798,2013-07-17,0.2160478649686198,0.46228018349127625,0.2635477743038289,3.454434960834433e-05,0.05808963288659072
0.9988059831850538,2.6496143237227295e-12,9.369898330710793e-07,0.0,0.0011930798228946,2013-07-18,0.23433328084851401,0.5386838882282137,0.20682146592829767,0.0013022222999131293,0.018859142695492263
0.1448999875773486,0.2231567565220321,0.6314712857369766,0.0,0.0004719701637315,2013-07-19,0.2133683814198646,0.4498067379440089,0.28077545181652097,0.0001894770126565396,0.05585995180703757
0.0171690798985306,0.93638180014037,0.0462398109456802,0.0,0.0002093090157285,2013-07-22,0.2156670012542418,0.46059089200328296,0.265204550210585,2.2738077739842082e-05,0.05851481845445963
0.0938762800045886,0.8988164492470438,0.0068872363531743,0.0,0.0004200343949406,2013-07-23,0.21738806684862735,0.46792540254209786,0.25921112022008114,0.00012297024156725304,0.05535244014737366
7.627923975592647e-09,0.0028531825215237,0.9664640472011008,0.0,0.0306827626493413,2013-07-24,0.2030156108554963,0.41941327807600043,0.29567887473921856,5.7431137460108054e-05,0.0818348051917142
1.3480146197763516e-11,1.9190151045195775e-18,0.9933704074240416,0.0,0.0066295925628644,2013-07-25,0.20675203990537883,0.42421278693282083,0.30195608684833125,1.2409083916366392e-05,0.06706667722993873
0.0007657649694334,1.2736280023210519e-11,0.9978255120292916,0.0,0.0014087229881609,2013-07-26,0.20758847510947898,0.4253633654699012,0.303220285555943,3.6334840378619403e-06,0.06382424038026091
1.809206888861486e-05,1.9874402046008847e-05,0.9979513745099048,0.0,0.0020106590192256,2013-07-29,0.2074745496645912,0.42515657390633027,0.3031374762501998,3.787042307267221e-06,0.06422761313663636
2.8253889388061836e-14,2.78833852208698e-39,0.974772047944924,0.0,0.0252279520547105,2013-07-30,0.2038454059418745,0.42042368186349166,0.29718898519951426,4.722096730290321e-05,0.07849470602747925
0.0001553298517566,0.8527044032198795,0.07560827028564,0.0,0.0715319966431479,2013-07-31,0.20339909240730883,0.4411692309667394,0.251850490805846,0.0001340937371674058,0.10344709208336235
5.682409104343232e-09,0.0054754223828489,0.0021350017462109,0.0,0.9923895701882104,2013-08-01,0.05273668183447991,0.22357433384133563,0.04907284914982827,0.0018575267437689895,0.672758608430266
3.486447265619044e-10,2.193249454450916e-22,0.282839412660313,0.0,0.71716058699115,2013-08-02,0.09570711032947521,0.2794539660230925,0.11983392290525519,0.0013423609085359048,0.5036626398337486
0.0037479397075684,0.878780991463305,0.0198826222739546,0.0,0.0975884465550329,2013-08-05,0.19963055299523622,0.4371907952350783,0.24380145522550903,0.00018754140022927897,0.11918965514380801
3.3987093657412193e-39,1.0417057115358892e-165,0.2838081090876612,0.0,0.7161918909120034,2013-08-06,0.09585850243206619,0.27965132162773637,0.12008221756282048,0.001340547730152323,0.5030674106468889
0.0002770356598738,0.739543573370046,0.2207146595965447,0.0,0.0394647313737026,2013-08-07,0.20751338902087196,0.4437135244095747,0.2644978973953479,7.42295421455667e-05,0.08420095963222678
0.9847480827226252,5.883890546938438e-26,2.973871064385009e-06,0.0,0.0152489434062716,2013-08-08,0.23176032886787115,0.5342246828617676,0.20457729414404932,0.00131023470328994,0.028127459422982917
0.005741038512828,0.9627247460586602,3.911626445388358e-05,0.0,0.0314950991636886,2013-08-12,0.2106813111461063,0.4538516578421036,0.25725633649413276,6.6423845637038e-05,0.078144270671651
0.8251740660113113,6.154717982816669e-71,8.668716993324974e-19,0.0,0.1748259339888562,2013-08-13,0.20255016233457898,0.4836020418130834,0.17909656646153382,0.0014012339270577888,0.1333499954639131
0.0528625146895354,0.859041750914912,0.0007391252919036,0.0,0.0873566091033158,2013-08-14,0.2023870184477885,0.44415160716515656,0.24245190633329097,0.00023231447686665452,0.11077715357656406
2.210501720907445e-112,0.0,1.836294347147896e-11,0.0,0.99999999998181,2013-08-16,0.05150371462644814,0.2218301603183259,0.04733697862972004,0.0018717717236659524,0.6774573747020125
2.201104098476878e-25,4.85938448587239e-32,0.0001200110280963,0.0,0.9998799889722908,2013-08-19,0.05152247047839209,0.22185461055686542,0.04736773965909713,0.0018715470904518017,0.6773836322155802
1.0389509284994251e-09,9.758028290550372e-05,7.415540304347473e-05,0.0,0.9998282632751226,2013-08-20,0.05153133100630623,0.22186860050078253,0.04737716935288645,0.0018714502731066933,0.6773514488669402
9.253862693499136e-66,0.0,7.726936720029729e-19,0.0,1.0,2013-08-21,0.0515037146235694,0.2218301603145464,0.0473369786250051,0.0018717717237,0.6774573747131787
5.758508287547955e-07,4.983906148865034e-120,4.874121732580763e-37,0.0,0.999999424149048,2013-08-22,0.05150382003189528,0.22183034299301213,0.04733707057392371,0.0018717713953331962,0.677456995005712
0.0025623516027601,0.0046836603279518,4.195105210509184e-09,0.0,0.9927539838746116,2013-08-23,0.05274200600667844,0.22376290843629534,0.048762873058130825,0.001861543846889293,0.6728706686524344
0.0002207738201419,0.6713103550247659,0.004088142929996,0.0,0.3243807282252423,2013-08-26,0.16244092518400113,0.3832467396327525,0.19415117785875058,0.0006074540214676443,0.259553703303174
9.687576185604967e-69,1.0276879317983808e-290,3.6277878198898007e-06,0.0,0.999996372212295,2013-08-27,0.05150428159031732,0.22183089941573927,0.047337908493761016,0.0018717649333095541,0.6774551455669873
3.519858255024971e-37,2.3809027148515883e-16,1.292277144683457e-24,0.0,1.0,2013-08-28,0.051503714623569445,0.2218301603145465,0.04733697862500516,0.0018717717237,0.6774573747131787
0.0003976902286887,1.3451185287642363e-62,5.617960222222463e-31,0.0,0.9996023097711024,2013-08-29,0.051576511017443344,0.22195632050748892,0.04740047977314923,0.001871544949384151,0.677195143752325
2.21073230185782e-07,6.165781404475396e-11,1.6587325131796122e-14,0.0,0.9999997788654826,2013-08-30,0.05150375510072748,0.22183023046095154,0.047337013938258926,0.0018717715975230208,0.6774572289029258
0.0825653097065923,3.6646196316329393e-44,5.0548570505134296e-14,0.0,0.9174346902934576,2013-09-02,0.06661712796147624,0.24802254487760128,0.06052058633232825,0.0018246906283183161,0.623015050200376
7.965454354509902e-134,0.0,2.0886751070310184e-20,0.0,1.0,2013-09-03,0.0515037146235694,0.2218301603145464,0.0473369786250051,0.0018717717237,0.6774573747131787
8.113506521250753e-07,2.567313551154896e-38,6.535430155690048e-27,0.0,0.9999991886492008,2013-09-04,0.051503863139661515,0.22183041770116163,0.04733710817733372,0.0018717712610444332,0.6774568397206512
1.878375371711912e-06,1.58601426191518e-09,6.927151854066502e-21,0.0,0.9999981200389292,2013-09-05,0.05150405871689856,0.22183075657521298,0.04733727889872189,0.0018717706496287018,0.6774561351598526
4.408737753444912e-06,1.836150977921769e-11,2.7555895413937235e-16,0.0,0.9999955912441562,2013-09-06,0.05150452163714879,0.2218315589130928,0.047337682593771205,0.00187176920967808,0.6774544676465801
4.414506997180555e-05,0.0,7.098980053624051e-86,0.0,0.999955854930148,2013-09-10,0.05151179528955605,0.22184416455743686,0.04734402748471696,0.0018717465509217614,0.6774282661174877
0.0003063095494119,0.947192350208506,0.0007860637334682,0.0,0.0517152765084018,2013-09-11,0.20725214721232346,0.44856589098027017,0.25320816048102684,9.719786736021822e-05,0.09087660345880715
1.0917677607018986e-11,2.7188530440755093e-32,0.9518723243277192,0.0,0.0481276756616193,2013-09-12,0.20026653575171152,0.41575824571179654,0.291319364803545,9.008402244503353e-05,0.09256576971075789
0.0030663340900328,0.9187949972026708,0.0645139655689682,0.0,0.0136247031385298,2013-09-13,0.21305298231028008,0.45563500676495455,0.2638188751019248,2.9493300335616386e-05,0.06746364252270648
5.0399378944226745e-11,4.1822355066447897e-26,1.4225774057489989e-05,0.0,0.9999857741752362,2013-09-16,0.0515059378997314,0.22183305859429434,0.04734062496060855,0.0018717450962690578,0.6774486334487893
0.0664812559094037,0.8651765978098016,0.0382158085805197,0.0,0.0301263377003609,2013-09-17,0.2117445279014105,0.4575740326629892,0.25556422104490634,0.00014291785302361819,0.07497430053775628
0.0177568220495253,0.9164472183356924,0.0001531948903503,0.0,0.0656427647241699,2013-09-18,0.20529785454818708,0.44662150677780543,0.24915806146685418,0.00014597954171374167,0.09877659766517738
5.0684093872448256e-08,4.115168185131315e-33,1.0633323622325822e-39,0.0,0.9999999493156806,2013-09-19,0.05150372390117889,0.22183017639312894,0.047336986717972124,0.0018717716947980615,0.677457341292696
3.741825915706331e-37,5.184563068324482e-26,8.898064009771678e-11,0.0,0.9999999999108696,2013-09-20,0.05150371463746797,0.2218301603326415,0.04733697864780539,0.0018717717235331684,0.6774573746584018
4.291352379053569e-20,3.088141205907635e-10,0.0002919876564392,0.0,0.9997080120343906,2013-09-23,0.051549347797953955,0.2218896479957561,0.04741182049941175,0.0018712251888823117,0.6772779585176394
0.0133310684328514,0.568858889304201,0.0795635849963904,0.0,0.3382464572667084,2013-09-24,0.15980945989035883,0.37828595320733394,0.1933496805538297,0.0006504711157049546,0.26790443523292357
6.7384115814543e-06,0.9069075403845588,0.0210725266420177,0.0,0.0720131945620283,2013-09-25,0.20375128002177453,0.442971586453103,0.24961491180678616,0.00013480103164822515,0.10352742068687429
0.0167304538031058,0.9468645580580208,0.0361665548176583,0.0,0.0002384333208409,2013-09-26,0.21573413596820926,0.46090596763161684,0.2648281961804568,2.2221700982600605e-05,0.05850947851836037
1.5766383205960055e-08,1.720838413119853e-39,0.996675718243014,0.0,0.0033242659905821,2013-09-27,0.20726861139748054,0.42488619379538667,0.3028033013269177,6.222287603857859e-06,0.06503567119259057
6.318266105988764e-14,1.4078832115815808e-25,0.9786119510363857,0.0,0.0213880489637013,2013-09-30,0.2044455229976679,0.4212059979742831,0.2981732229959345,4.0033545275449414e-05,0.07613522248698903
0.0111160477025476,0.9812075662384372,8.929950662119442e-05,0.0,0.0075870865524241,2013-10-01,0.21470870853446916,0.459986342891458,0.262139787448978,2.8669310275423192e-05,0.06313649181484952
0.9704520825596764,1.872256924294461e-58,7.674029752820744e-25,0.0,0.0295479174404453,2013-10-03,0.22914301011541052,0.5296889237191685,0.20229381946615704,0.0013183922568902275,0.03755585444249508
0.0042406290164145,0.9737045178815674,0.0217599214523116,0.0,0.0002949316495171,2013-10-04,0.21560463616742312,0.4604262488480524,0.2649677390841083,6.071406545101162e-06,0.05899530449368158
0.0003643266905275,0.9810133384270772,0.0142866249323703,0.0,0.0043357099496411,2013-10-07,0.21492754805515676,0.4594215765714931,0.26401987926692627,8.589646209365087e-06,0.06162240645983056
0.884787626325426,5.780413555172693e-08,0.04654026777368,0.0,0.0686720480969034,2013-10-08,0.22073583285126527,0.5119952056617235,0.20054449511711933,0.001280127708619884,0.06544433866141658
0.7672628872631613,8.812947939900421e-98,3.2117260136424947e-18,0.0,0.2327371127368954,2013-10-09,0.1919496379204372,0.4652307443558126,0.1698496046903394,0.001434256533525139,0.17153575649994204
0.0327809530000237,0.952450188014771,0.0137341391262612,0.0,0.0010347198592141,2013-10-10,0.21608370966304707,0.4627630266843449,0.2628537710354374,4.4602585555681536e-05,0.05825489003188493
0.1159831951622844,0.8798484221213564,4.393791821034504e-05,0.0,0.0041244447979505,2013-10-11,0.21724983039771764,0.46900887290634385,0.2568693115379211,0.0001586771571165626,0.05671330800070246
0.0768737557557163,0.8735715500483023,0.0494382060209044,0.0,0.000116488175068,2013-10-14,0.21677955035816238,0.4651645204117982,0.2619225634446545,0.0001002725526651575,0.05603309323271088
8.564460791615629e-05,1.0048780756735153e-08,0.99298261792907,0.0,0.0069317274141833,2013-10-15,0.2067071131668329,0.42416095293691736,0.30187036674108764,1.3086081526568592e-05,0.06724848107358566
1.2597470577100278e-05,2.6410286165339665e-11,0.9959721037121532,0.0,0.004015298790922,2013-10-17,0.20716095046335045,0.42474683541786956,0.302624960967963,7.532118891111728e-06,0.06545972103198831
0.9299601343064644,1.272358498998072e-143,6.161499181104631e-35,0.0,0.0700398656939816,2013-10-18,0.22173104069410335,0.5168435691251252,0.19582827161112407,0.001341481921117592,0.06425563664897554
0.0406606099525275,0.939494259342224,0.0193113447291461,0.0,0.0005337859764469,2013-10-21,0.2162697774873853,0.4633011438769437,0.26272896341558466,5.3920665534725e-05,0.057646194554895974
0.0377105497075753,0.8966231451522537,0.0654823809391953,0.0,0.0001839242013006,2013-10-22,0.2159043174864916,0.46152116969987184,0.26478574380946657,4.942617333108304e-05,0.0577393428311638
1.06724027554793e-05,0.9313518795006646,0.0546190463150773,0.0,0.014018401781474,2013-10-23,0.21300960519005055,0.45565214076342314,0.26352061747174027,2.6253138659169864e-05,0.06779138343609821
4.90664334499933e-06,0.9483577622766411,0.0130030444710393,0.0,0.0386342866085713,2013-10-24,0.20929771038606926,0.4512379378169834,0.25654446380329127,7.232095144748312e-05,0.08284756704180524
0.0060259842765437,0.8856710161186466,0.108039202534149,0.0,0.0002637970703308,2013-10-25,0.21495668198932594,0.45752133443433396,0.2682570725482056,8.336846703010001e-06,0.059256574181101654
1.3304721335603164e-05,2.9681203637772065e-14,0.9915135856533313,0.0,0.0084731096248626,2013-10-28,0.20646428297812464,0.4238387111977182,0.30148227370061514,1.5877043677094524e-05,0.0681988550794239
0.7289042692825786,7.641841941833828e-72,1.0049750484353155e-24,0.0,0.2710957307171646,2013-10-29,0.18492817030077469,0.45306215106851566,0.16372469613675056,0.0014561297119608074,0.1968288527817411
0.1196875090502944,0.8713281095080022,0.0079791012069847,0.0,0.0010052802345343,2013-10-30,0.2177686401203572,0.46976340873906336,0.2576450979023711,0.00015766011760454202,0.05466519312041931
0.9973971689589872,2.384463038615524e-27,1.1513067635229814e-05,0.0,0.0025913179734621,2013-10-31,0.23407705312300955,0.5382391215244877,0.20659922449799728,0.0013030058499826276,0.019781595004607036
0.0351926880070076,0.9315635959220558,0.0332164719941005,0.0,2.7244076460285625e-05,2013-11-01,0.21613948597844082,0.46250321857228816,0.2636983892159041,4.5855798150751614e-05,0.05761305043484032
0.0002116867820136,0.3407911201104365,0.6579833059907627,0.0,0.0010138871172056,2013-11-05,0.2103474918295508,0.4374352768445573,0.290004478528538,2.1732847268255283e-06,0.06221057951304543
0.0002693019476863,5.219604279114795e-10,0.9976788543682604,0.0,0.0020518431618807,2013-11-06,0.20747467833020591,0.4251759924280646,0.3031034219260709,4.191090128288355e-06,0.06424171622531794
1.5174205640272252e-05,0.2534616526427112,0.6922192736223518,0.0,0.0543038995292712,2013-11-07,0.20131883385914173,0.4234670322621644,0.27979053382135344,0.00010166425350956994,0.09532193580380514
0.0002504675538385,0.3778650549641572,0.6184958080905452,0.0,0.0033886693910629,2013-11-08,0.21027243604983295,0.4382672238969414,0.28793747583346896,6.668809886497371e-06,0.06351619540947386
7.109170574099371e-06,0.2520993548778146,0.7442775100137023,0.0,0.0036160259379208,2013-11-11,0.2092295016495351,0.43374473763716903,0.2928369958771421,6.77762799532238e-06,0.06418198720817017
2.9251305464748126e-09,4.23754547192245e-25,0.9965853029042132,0.0,0.0034146941702613,2013-11-12,0.20725447853744694,0.4248677691067186,0.30278012416197214,6.391531800162081e-06,0.0650912366616671
0.0004402470971893,0.8905394899092828,0.1079756395484575,0.0,0.0010446234448603,2013-11-13,0.21472390188060894,0.45690048453539756,0.26840574840903325,2.5282972378365285e-06,0.0599673368775122
0.1199377430960112,0.8783138778355712,5.013020420728176e-05,0.0,0.0016982488644132,2013-11-14,0.21772263234121947,0.4698977277005336,0.2571692149893994,0.0001592828871097927,0.055051142081940625
0.9849399214436174,9.322374710223396e-61,1.2249659635134936e-21,0.0,0.0150600785564803,2013-11-18,0.2317949797889189,0.5342849344273383,0.20460716371510596,0.0013101308777856335,0.028002791190948655
0.0576095719816362,0.8995697012846419,0.0427518914588175,0.0,6.883527533397817e-05,2013-11-19,0.21647832242701237,0.4639073613874919,0.26277652735931467,7.51101900879255e-05,0.0567626786365227
8.317527676771557e-11,1.0665819912018884e-16,0.9916677987804882,0.0,0.00833220113632,2013-11-20,0.20648594870124198,0.42386590888518794,0.301519676945041,1.5595978591401e-05,0.06811286948992115
2.828728926098239e-23,3.47269986452149e-91,0.9437807493608176,0.0,0.0562192506394142,2013-11-21,0.19900194858957979,0.41410972247569844,0.28924534529530077,0.00010522960367445865,0.09753775403597816
0.0085846152959098,0.8182894069602987,0.1701516562319898,0.0,0.00297432151193,2013-11-22,0.21406530004820265,0.4548761111577702,0.2699586823742052,1.674049849147834e-05,0.061083165921458654
0.9941683366690746,4.139630995368996e-65,5.522209255159072e-20,0.0,0.0058316633307263,2013-11-25,0.23348422257442314,0.5372124859782978,0.20608071000862488,0.0013048685721146166,0.021917712866340144
4.570241405777578e-05,9.65413612315927e-05,0.9981600245154258,0.0,0.0016977317092398,2013-11-26,0.20752480442442026,0.42522617320537043,0.30321200897326084,3.2372498736264474e-06,0.06403377614702965
0.0364479921866377,0.8744538810582861,0.0888873662180255,0.0,0.000210760536607,2013-11-27,0.21568990182716297,0.460588238886617,0.2657706694353111,4.783313167968607e-05,0.05790335671878562
0.1097478555960185,0.8775770625267305,0.012504276248792,0.0,0.0001708056287232,2013-11-28,0.217682766477152,0.46902631407309125,0.2585744212351882,0.0001431612833560213,0.05457333693147672
0.9979767116722116,2.9160832689354953e-53,1.3431702398247458e-12,0.0,0.002023288326045,2013-11-29,0.23418133793424104,0.5384206256075895,0.20668881191304125,0.0013026969280228293,0.019406527616704836
0.999003318152662,3.165860407376595e-13,0.0004518942302452,0.0,0.0005447876164387,2013-12-02,0.23443988020980183,0.5388383642612845,0.2069685640052627,0.0013012656848758843,0.018451925838437234
0.029605128081768,0.8918430429566778,0.0784939886042334,0.0,5.78403575043566e-05,2013-12-03,0.21566905074794762,0.46045781945830844,0.2657889396448585,3.8640616827826964e-05,0.05804554953224113
0.0011313891656432,0.5706672405481035,0.4270519982537917,0.0,0.0011493720325262,2013-12-04,0.21218036954981193,0.4456431660045439,0.28086193529401743,3.6239139357389206e-06,0.06131090523775542
0.1719213238512733,0.8239303420852799,8.627704288718803e-06,0.0,0.0041397063592473,2013-12-05,0.21829953209868405,0.4733767696051949,0.2536532269492425,0.0002315116138042434,0.054438959733163504
0.3763730289259354,0.526193287962087,0.0969984394994883,0.0,0.0004352436121718,2013-12-06,0.2219808370716607,0.48680509819384526,0.24652520255463872,0.0004906804298707953,0.04419818174966684
0.9960051624509572,9.022390269964204e-13,3.193324020763611e-10,0.0,0.0039948372286406,2013-12-09,0.2338204498774257,0.5377951865436477,0.2063740050667478,0.001303821161045378,0.020706537350965504
0.0028184505597423,0.8893740303253476,0.1076873423270021,0.0,0.0001201767874755,2013-12-10,0.21492275252637902,0.4573175245933431,0.2684585887067221,3.893278648668307e-06,0.05929724089447452
0.0080671906170044,0.849417304409758,0.1423546126394991,0.0,0.000160892333948,2013-12-11,0.2147388741708356,0.45649161946623007,0.2695085534810774,1.080095074166317e-05,0.05925015193132487
8.202775368193178e-06,1.7592935472065003e-06,0.9969515308347592,0.0,0.0030385070965048,2013-12-12,0.20731350417720426,0.42494540384333956,0.3028756863429305,5.698067931929644e-06,0.06485970756877289
0.0001091310779309,0.0005242384769295,0.9890560233952352,0.0,0.0103106070503143,2013-12-13,0.2061838474789474,0.42349377119051196,0.3009814604057717,1.9441141542399524e-05,0.06932147978363637
0.0149666675263249,0.8629616964228418,0.1219814715547022,0.0,9.016449570108704e-05,2013-12-16,0.21504237353439107,0.45776820098684984,0.2683284936925134,1.964853156875871e-05,0.05884128325424686
0.0269974954411198,3.259524244132867e-05,0.9719556657366508,0.0,0.0010142435794717,2013-12-17,0.20835243985853621,0.42842216277206707,0.3007849929846186,3.703683882633379e-05,0.06240336754563521
0.993161718133652,1.1999367473887107e-53,1.2368312786927926e-12,0.0,0.006838281865052,2013-12-18,0.23329996308291348,0.5368931540475101,0.20591997829330336,0.0013054425747227119,0.022581462001490783
3.515657050484644e-09,3.854902581741394e-46,0.992348747746006,0.0,0.0076512487386444,2013-12-19,0.20659237104870395,0.4240046419508683,0.30169421723888434,1.4321395615769377e-05,0.06769444836623498
0.9917484919497986,1.4658195981851364e-63,4.619636446524175e-19,0.0,0.0082515080501176,2013-12-20,0.23304127488143428,0.5364448330294601,0.20569432154106573,0.0013062484366177598,0.02351332211133806
0.0262315697431086,0.9476034801906296,0.0261373412939126,0.0,2.7608771907089822e-05,2013-12-23,0.21602724880906887,0.4620534239062409,0.26393502257348905,3.4193198314633876e-05,0.05795011151244441
0.0863234608224266,0.0194723792032649,0.892761514966824,0.0,0.0014426450073205,2013-12-24,0.21002796995145087,0.4357559402014965,0.2941790190921785,0.00011505401481425644,0.059922016739895695
0.055724517547286,0.8934495479303041,0.0506852893790192,0.0,0.0001406451433837,2013-12-26,0.2163679425088494,0.463462299330095,0.2631804167921034,7.279112200417972e-05,0.0569165502469409
0.2879046234846807,0.6770230512580837,0.0347990390665786,0.0,0.0002732861902918,2013-12-27,0.22083877734489163,0.4821321202540758,0.2491989737351339,0.0003752318318015253,0.047454896833731885
0.005152538807317,9.841196215948604e-06,0.993293378943359,0.0,0.0015442410534702,2013-12-30,0.20768477972809501,0.42583399856948306,0.30276121052825816,9.596718540995009e-06,0.06371041445598477
0.045081940506172,0.8596798048465041,0.0917052154125812,0.0,0.0035330392345423,2013-12-31,0.21528417910461228,0.460368740764917,0.264664337738512,6.528913565399168e-05,0.059617453256104236
9.201198441836748e-16,2.040941514652781e-18,0.4287373962168615,0.0,0.571262603783104,2014-01-02,0.11850869307857026,0.3091782428882724,0.15723025979177202,0.001069273188568452,0.414013531052783
0.0072532206857348,0.9319442016028532,0.0595346518388622,0.0,0.0012679258725469,2014-01-03,0.21520085626762947,0.4590928108205463,0.2660656147282358,1.1813647794439533e-05,0.05962890453579102
0.0143420419415707,0.2722212480588906,0.7130371280157103,0.0,0.00039958198361,2014-01-06,0.2102759728212144,0.43673878056513105,0.29148659165845875,1.94147132965011e-05,0.06147924024168073
0.0008713076200633,0.0026898384966279,0.9941158694445008,0.0,0.0023229844391269,2014-01-07,0.20746982168738062,0.4252842230897939,0.3028702107111134,5.482141088167322e-06,0.06437026237094262
0.0931305948266271,0.834327178029623,0.0723208146708393,0.0,0.0002214124724652,2014-01-08,0.2168859222059268,0.4656001394606027,0.26186426078457875,0.00012162792520283326,0.055528049623243425
0.0281377361589831,0.903703087112101,0.0680144890975353,0.0,0.0001446876314827,2014-01-09,0.2157105917728648,0.4606930880209526,0.26544317739285334,3.6893301133482056e-05,0.058116249512297824
0.0001465105773773,0.9891494615676132,0.0065317372541779,0.0,0.0041722906008099,2014-01-10,0.21501200863489864,0.45971793703511704,0.26376360546261984,8.000265414092983e-06,0.06149844860192869
0.9966309048819966,3.875697131908335e-53,3.397523455488773e-16,0.0,0.0033690951178819,2014-01-13,0.23393499071672458,0.5379936922000896,0.20647392034583947,0.0013034643454567535,0.020293932391768067
0.0046191738314737,0.904230301104826,0.0910896668814712,0.0,6.085818183228628e-05,2014-01-14,0.2150984484385265,0.4580594814881128,0.2677168957867231,6.125966873659626e-06,0.05911904831936715
0.997222125452248,1.0578371723682436e-28,9.972189027154954e-09,0.0,0.0027778645755774,2014-01-15,0.2340432140076231,0.5381812485035822,0.2065683259883111,0.0013031271959532428,0.01990408430454451
0.03392063855906,0.8633765525384403,0.102666649395966,0.0,3.615950695482995e-05,2014-01-16,0.21556139089084872,0.459945134945488,0.2664942817800501,4.4216858503492584e-05,0.05795497552553074
6.065732520671588e-06,0.0002004161700123,0.997949460736258,0.0,0.0018440573608024,2014-01-17,0.20750170185852262,0.4251955373008485,0.30317425823234423,3.4595492376932616e-06,0.06412504305864009
0.996055202710933,3.486378521734854e-05,0.0023109217394617,0.0,0.001599011764108,2014-01-20,0.23419649680203683,0.5382902086721086,0.2069818952967411,0.0012994018522456076,0.019231997376587515
0.073885495508501,0.8858316181106527,0.0402347998280381,0.0,4.808655252084596e-05,2014-01-21,0.21680783406027732,0.46527295079685765,0.2617478818769681,9.625517066364602e-05,0.05607507809494587
0.2289015052234494,0.7440481373127937,0.0263552628401862,0.0,0.0006950946236076,2014-01-22,0.2197271319692799,0.4777201780871051,0.2521634695736942,0.00029922625406190404,0.05008999411589575
0.0481716402511586,0.8624001802284147,0.0881013329784416,0.0,0.0013268465417174,2014-01-23,0.2157333137469267,0.4612651178447097,0.26482449524385726,6.518102422075333e-05,0.058111892140017794
1.3376468569290622e-06,0.0288701180189353,0.6855149393340544,0.0,0.2856136050002896,2014-01-24,0.16338097793132902,0.3683957913814433,0.2293145365271594,0.000534605210748722,0.23837408894945555
8.895289531027864e-13,1.2368334151973641e-21,0.0983931858208611,0.0,0.9016068141778736,2014-01-27,0.06688103732572205,0.24187612830263225,0.07255696206887992,0.0016876021406745417,0.616998270161715
0.0004583022600207,0.9636855156179608,0.0250567220726019,0.0,0.0107994600489842,2014-01-28,0.21378197860479206,0.457502447240218,0.26303385685481856,2.081062413700026e-05,0.06566090667560195
0.1061826155036777,2.9653350333530217e-05,0.8898047525993362,0.0,0.0039829785470808,2014-01-29,0.21000772470159892,0.4368046622690227,0.29237144042132457,0.00014565648686294948,0.06067051612161888
0.0007836856956756,0.8662879424245157,0.1315268589690228,0.0,0.001401512910647,2014-01-30,0.21448431465695103,0.45600893601970355,0.269232562333632,3.643313017869286e-06,0.06027054367655659
0.0621743844846948,0.8785091305682087,0.0592138359213606,0.0,0.0001026490259357,2014-01-31,0.2164276008267271,0.46367362620071895,0.26315298880501087,8.111478234305592e-05,0.056664669385399796
2.538178584513871e-10,1.2593150249504554e-16,0.993386201539284,0.0,0.0066137982071133,2014-02-03,0.20675450832361966,0.42421600479617144,0.3019601352089645,1.2379520800687337e-05,0.06705697215065887
0.0817772369623063,1.4800289243969733e-07,0.8895075302402732,0.0,0.0287150847947862,2014-02-04,0.20548907213908266,0.42899487850271734,0.2883919252910167,0.0001601846897335154,0.07696393937770765
0.0214044739832501,0.9704508066356144,0.0076066228085282,0.0,0.0005380965725802,2014-02-05,0.21600010456984317,0.462209698418993,0.2633742932337077,2.8866041325267845e-05,0.05838703773610378
0.0031738074237065,0.9869759935845844,0.0077810191827912,0.0,0.0020691798086255,2014-02-06,0.2154044160805503,0.46041312672629425,0.2640953764904465,8.00387969983434e-06,0.060079076822716834
0.065612762739642,0.9234290470688648,0.0107998434481252,0.0,0.0001583467435757,2014-02-07,0.21686840832531185,0.46564142460537733,0.26104403284271055,8.569423356282313e-05,0.05636043999324511
0.0464286449608011,0.7850447504758321,0.1682551882415111,0.0,0.0002714163214847,2014-02-10,0.21523598978650488,0.4585461236609089,0.2682984244215098,6.093691612556396e-05,0.057858525214579834
0.0688024223745313,0.8780539810001954,0.0529996878351038,0.0,0.000143908790438,2014-02-11,0.21659492017827983,0.46440139662482827,0.2625197137190715,8.981868879072193e-05,0.05639415078929809
0.0800262691299712,0.8638086819339433,0.056039216599616,0.0,0.0001258323360344,2014-02-12,0.21678476603637797,0.46517509474682694,0.26199853368049586,0.00010439317511915549,0.055937212360744976
2.04841581987772e-14,2.227569704180157e-62,0.9928986858595192,0.0,0.007101314140363,2014-02-13,0.20667831716830604,0.424116681539613,0.30183517593197273,1.3292039009069098e-05,0.06735653332100168
0.0682514034602567,0.93062029293377,0.0004321814952687,0.0,0.0006961221109545,2014-02-14,0.21691221235382382,0.46608571151167405,0.26036904317199483,9.01351311533678e-05,0.056542897831603794
0.9986719617887946,1.2797167568878947e-16,9.727142518167651e-09,0.0,0.0013280284843136,2014-02-18,0.23430860358519995,0.5386411833950948,0.2067998283999626,0.0013023004583659359,0.018948084161627285
0.2425766213283087,0.7093232088046602,0.0480175073567331,0.0,8.266251074448572e-05,2014-02-19,0.21991248673674585,0.47816878383900774,0.2523612299672319,0.0003158786752067723,0.049241620782254074
9.329577818168392e-05,1.2056111065252149e-08,0.9971137097687366,0.0,0.0027929823968375,2014-02-20,0.20735413935032476,0.42500502156925296,0.3029304637056038,5.3492539600609724e-06,0.06470502612072507
0.9981739984243754,2.7519551634905408e-21,2.4626697863976125e-06,0.0,0.0018235389062127,2014-02-21,0.2342178357528981,0.5384837130689668,0.20672094488304918,0.0013025798199359725,0.01927492647552424
0.9934202709038428,8.905600809003021e-09,0.0059312879613775,0.0,0.0006484322291327,2014-02-24,0.23427426005080923,0.5381835783132585,0.20748156282345595,0.0012941931067978751,0.018766405705632067
0.0673465724644747,0.9012526810997716,0.0313740756453768,0.0,2.66707901510768e-05,2014-02-25,0.2167589025880085,0.46508062157097807,0.26178028732095815,8.770439447886406e-05,0.056292484125350574
0.9934791004854538,5.335075607381696e-08,0.0055698002490896,0.0,0.0009510459145574,2014-02-26,0.23422854108669336,0.5381286045019659,0.20739831012932944,0.00129483609977885,0.01894970818208905
0.9982471289972198,1.1570260909786573e-18,0.0011442631363391,0.0,0.0006086078660391,2014-02-28,0.23440966778872424,0.5387395352216054,0.2070252864627485,0.001300400928967891,0.01852510959755148
4.743060725600006e-05,4.0100252423656265e-06,0.9993312988373328,0.0,0.0006172605303902,2014-03-03,0.20769297509865842,0.42544322431789294,0.30349241695641593,1.2171037908733468e-06,0.06337016652346311
0.9877691569005488,4.218271171278511e-70,1.9608006986521543e-12,0.0,0.0122308430974237,2014-03-04,0.23231286563065293,0.5351824593491317,0.20505892160893796,0.0013085175669992138,0.026137235844211217
0.090901325603832,0.8973265841058293,0.0116820276883467,0.0,9.0062602040737e-05,2014-03-05,0.21734815906003438,0.4676022753205122,0.25964166123947735,0.00011848057805097467,0.05528942380197379
0.9987265143570542,5.535949802008286e-22,1.122367541793754e-07,0.0,0.0012733734061176,2014-03-06,0.2343186053433805,0.5386585101173113,0.20680856535101808,0.0013022691590597979,0.018912050029156077
0.994691439628648,3.585344575343757e-115,4.762512039500175e-26,0.0,0.0053085603714347,2014-03-07,0.2335799755156475,0.5373784311426416,0.20616423642226223,0.0013045702838822087,0.021572786635648787
0.6565884650226439,0.001271876026888,0.3386274846137649,0.0,0.003512174336483,2014-03-10,0.224822007240227,0.4994150461100261,0.2392502350642907,0.0008611522347430183,0.0356515593504928
0.0017753536681967,0.8750132264559386,0.1229385613931254,0.0,0.0002728584824824,2014-03-11,0.2147566852975238,0.4566600618837081,0.26908369219919737,2.821428271059472e-06,0.05949673919104265
0.0211613860407108,0.9421938325595914,0.0364885867658922,0.0,0.0001561946337458,2014-03-12,0.21582840476749499,0.4612604174182313,0.2646043053952732,2.783481861843413e-05,0.058279037600322256
0.0002275849917781,0.9235497035053952,0.0746004868669061,0.0,0.0016222246358469,2014-03-13,0.21489064744714367,0.45792629800753515,0.26698313216494257,3.3326458993568573e-06,0.06019658973440552
0.6437734966852234,1.6834315769581242e-08,0.3321828250187227,0.0,0.0240436614621084,2014-03-14,0.2212601595088161,0.493732624393716,0.2352760205208427,0.0008829032570040785,0.04884829231999117
0.0068304416070407,0.9831718761640872,0.0095872559459042,0.0,0.0004104262830626,2014-03-18,0.21573124341105504,0.4610315363953325,0.2643164059271037,9.658339078463325e-06,0.058911155927524966
0.0646594351880657,0.8662859077472317,0.0689172180355473,0.0,0.0001374390293219,2014-03-19,0.21639139564877066,0.4635162331085978,0.26338347199507484,8.441430211065017e-05,0.05662448494561262
0.0037415321699516,0.6175440201567604,0.3779939539907343,0.0,0.0007204936828695,2014-03-20,0.21269031564725488,0.44768490235025243,0.2788804533018991,6.218365423501215e-06,0.06073811033548586
0.1946127892248364,0.6497461808283213,0.1553708442766407,0.0,0.0002701856704831,2014-03-21,0.21812536157860782,0.47057939097261603,0.25928599472619074,0.0002538026766521485,0.051755450046214575
0.9984642697474252,5.939471610972743e-45,7.87995562890786e-12,0.0,0.0015357302443825,2014-03-24,0.23427058445711899,0.5385752947871729,0.2067666627024305,0.0013024189084850657,0.019085039144479888
0.6028070241693573,2.567206107072857e-06,0.3960063040427486,0.0,0.0011841045818452,2014-03-25,0.22373636413019862,0.493740312877141,0.24509438838769956,0.0007867957514450012,0.036642138853573744
0.0482341362814522,0.9204647962075322,0.0312209178767028,0.0,8.014963473963492e-05,2014-03-26,0.2163919249125938,0.46358004828738136,0.26285990643641627,6.292883348495954e-05,0.05710519153055043
0.0986568794694109,0.8986699892332111,0.002051511923426,0.0,0.0006216193736849,2014-03-27,0.21748334250958018,0.4684217457976847,0.2587031826455275,0.00012956971931412436,0.05526215932762626
0.1566818347670638,0.8418337018359788,0.0010637528995575,0.0,0.0004207104978477,2014-03-28,0.2186153717552736,0.4730380578470365,0.25537685314322345,0.00020471564925399213,0.052765001605660194
0.0145536085296385,0.9634691178371664,0.0218090779760083,0.0,0.0001681956572655,2014-03-31,0.21581899800230095,0.46126053889555463,0.26440511596896626,1.925697396580323e-05,0.05849609015929101
0.0475937400163602,0.924134352813388,0.0280727517888322,0.0,0.0001991553812455,2014-04-01,0.21638539054709524,0.4636129169190106,0.2627473222535084,6.231808167766751e-05,0.05719205219853404
0.1025125831335602,0.8709475521537006,0.0263670575389314,0.0,0.000172807173902,2014-04-02,0.21743605201185778,0.46797021296172253,0.2595332516378167,0.00013374801018103342,0.054926735378516126
0.0040810774436318,0.584545290891219,0.4107971471639179,0.0,0.0005764845012388,2014-04-03,0.2124592936428826,0.4465855590848594,0.2801792189306507,6.3907459484656385e-06,0.06076953759566621
0.0004664083659726,3.5126706431132864e-13,0.9977457535329104,0.0,0.0017878381011577,2014-04-04,0.2075212134743419,0.4252521504166641,0.30315204224731424,3.953475437393888e-06,0.06407064038663413
0.0071090177474294,0.9412972790850912,0.0512047209181775,0.0,0.0003889822494689,2014-04-07,0.21540879726230552,0.45958634815619703,0.2659378828791984,9.980779621519966e-06,0.059056990922844554
0.9960328185367108,1.3605168151583486e-21,9.227272706426084e-12,0.0,0.0039671814542288,2014-04-09,0.2338255122195217,0.5378039598845106,0.20637842096985493,0.0013038053913389473,0.020688301534940372
0.0468071889134148,0.9026622501603452,0.0504714387914705,0.0,5.912213460496473e-05,2014-04-10,0.2162153418920062,0.46279266903663113,0.26370166434991243,6.103224117358582e-05,0.05722929248011207
0.0089484778126854,0.8764118948389884,0.1145679746990056,0.0,7.165264889169801e-05,2014-04-11,0.21499124004649015,0.4575646700519595,0.2683871539906437,1.178094777165458e-05,0.059045154962705994
6.655042287283136e-06,4.811208318718005e-08,0.9984528314990836,0.0,0.0015404653463807,2014-04-15,0.20754756973316937,0.425250368631957,0.3032598787141072,2.892061301671896e-06,0.0639392908592994
6.05737288126259e-06,1.9932736377541866e-07,0.9989086977586662,0.0,0.0010850455409525,2014-04-16,0.20761872996434266,0.42534309032354634,0.3033766630156764,2.038841494912386e-06,0.06365947785480344
0.998403569485477,1.2951004894660256e-46,2.6061078613358968e-14,0.0,0.001596430514857,2014-04-17,0.2342594733954602,0.5385560387009368,0.2067569703920924,0.0013024535215223126,0.019125063990348058
0.9495091853151596,0.0237560463158844,0.0261958611912132,0.0,0.000538907177382,2014-04-21,0.23330521951241665,0.5340623180925195,0.2108213152244066,0.0012368359264327672,0.02057431124386342
0.0548534310697606,0.8906082141032402,0.0544811874100998,0.0,5.716741712238075e-05,2014-04-22,0.21633506304351213,0.4632799362825363,0.2633974750665632,7.150111408275505e-05,0.056916024493528575
0.0700409950492921,0.8996015383744789,0.0302885343873106,0.0,6.893218915871197e-05,2014-04-23,0.21681126972442205,0.4653194221394761,0.26157383727641076,9.129040554026385e-05,0.056204180454391066
1.8873886460334958e-07,1.5597370111141827e-24,0.99818812354109,0.0,0.0018116877203369,2014-04-25,0.20750500845570433,0.42519437598320836,0.30319098624450763,3.3913114988852795e-06,0.06410623800537216
0.014818218735305,0.8190114412692462,0.1660464488769248,0.0,0.0001238911187735,2014-04-28,0.21468335752764164,0.4561898862042738,0.2700585346967358,1.9518447594954016e-05,0.05904870312400325
8.880078541205525e-05,7.674238161769009e-13,0.9976263389900136,0.0,0.0022848602233865,2014-04-29,0.20743343053524502,0.4251080323702687,0.30306113965013215,4.392314816376185e-06,0.06439300512911729
1.8664675225575416e-06,0.944736507139388,0.0168640521018415,0.0,0.0383975742914542,2014-04-30,0.20930580420968437,0.4511577290303875,0.25674750723652157,7.187392310550979e-05,0.08271708560050724
0.027677150948674,0.91620155109158,0.0558754732120733,0.0,0.000245824748115,2014-05-02,0.21578192602072552,0.46106229883206606,0.2649714033854935,3.64831351841232e-05,0.05814788862697302
0.0192624566582561,0.945567467541428,0.0350274169910762,0.0,0.0001426588096944,2014-05-05,0.2158065467142048,0.46116697965518455,0.26465893324618217,2.5337944037238933e-05,0.05834220244084595
0.0577829245748127,0.8838904959200065,0.0582491887514556,0.0,7.739075396871605e-05,2014-05-06,0.21635684407726577,0.46337069372641715,0.26337273713412496,7.535182987825846e-05,0.05682437323255734
2.50135537718918e-06,1.0374521372334641e-13,0.9983640792599848,0.0,0.0016334193848541,2014-05-07,0.2075329309142769,0.425230957658383,0.30323645619875955,3.0606438395735356e-06,0.06399659458506063
0.0114814619064989,0.9197707823926464,0.0643208717078141,0.0,0.0044268839929353,2014-05-08,0.21472344259462242,0.45849853272005026,0.2653248941518588,2.3229734852561997e-05,0.061429900798510656
4.664599984964242e-06,0.0,1.3760230535025912e-74,0.0,0.9999953353999098,2014-05-09,0.051504568469178794,0.2218316400763876,0.04733772344454396,0.0018717690638117993,0.6774542989459722
0.0043977450870836,6.025105132401593e-222,1.4510057737447574e-41,0.0,0.9956022549130366,2014-05-12,0.052308712987803596,0.22322526718137184,0.04803918813928347,0.0018692640039733141,0.6745575676876875
0.017243891065297,0.4753829133859847,6.87657006218311e-08,0.0,0.5073731267830046,2014-05-13,0.13273840057565953,0.3409669178940203,0.15328868072647414,0.0009721303410851066,0.37203387046274766
0.0185070336462898,0.9359645061249448,0.0419500672964357,0.0,0.0035783929323667,2014-05-14,0.21517295332513053,0.46004159348275153,0.2642280595698191,3.078563834043791e-05,0.060526607983995284
0.0061720529258788,0.962076494865205,0.0253454184403656,0.0,0.0064060337685846,2014-05-15,0.21460871782458094,0.45898912578757267,0.2636709041347844,2.0023826331077275e-05,0.06271122842676481
4.7455302604271407e-85,2.9573838363725627e-49,6.601005071402441e-77,0.0,1.0,2014-05-16,0.0515037146235694,0.2218301603145464,0.0473369786250051,0.0018717717237,0.6774573747131787
0.0110047413345954,0.8974015350998021,5.252562401732339e-05,0.0,0.0915411979412676,2014-05-19,0.20091805061808887,0.43990510109062714,0.24391959740301994,0.00018566737201606494,0.11507158351593037
0.0024238448883522,0.9838023937478804,0.0083824184539795,0.0,0.0053913429093783,2014-05-20,0.21483988540275706,0.45953891588918516,0.26344083661965656,1.3246102021728244e-05,0.062167115985969766
0.0012929015353572,0.930809356004528,0.067493416056276,0.0,0.0004043264040276,2014-05-21,0.21516727257571766,0.4585521229840637,0.2669075216193302,2.4395739205596878e-06,0.0593706432471567
0.0420779947481584,0.9387885177395916,0.0184639908254038,0.0,0.000669496687188,2014-05-22,0.21628088572511583,0.463409403602831,0.26258488622948584,5.601947253588804e-05,0.05766880497037319
0.8630298376760512,2.1219064535457257e-10,5.176752930851805e-07,0.0,0.1369696444362999,2014-05-23,0.20947966589019607,0.4956112215164251,0.18514131581482704,0.0013796465165704726,0.10838815026181585
2.0474412179844832e-20,8.023772056997486e-08,8.729915801089827e-12,0.0,0.9999999197534668,2014-05-26,0.05150372780339653,0.22183017950154554,0.047336996045605255,0.0018717715734968084,0.6774573250758728
0.0002026752863777,0.2752670933313031,0.5421004672105398,0.0,0.1824297641716423,2014-05-27,0.18147331026118632,0.3981561040927616,0.24607588501242217,0.00034173066477676754,0.17395296996871593
0.0499537798750899,0.873282137130201,0.075584658824078,0.0,0.0011794241704994,2014-05-28,0.21589065251235282,0.4618823369899245,0.26426310869213476,6.722461488832668e-05,0.05789667719056789
7.005629098264516e-11,2.4524506645128804e-32,0.9684976534480692,0.0,0.0315023464817544,2014-05-29,0.2028648158037408,0.4191453788185454,0.2955807424852564,5.896520146592936e-05,0.08235009769087118
8.070578802266069e-08,0.4914218031924362,0.0008858707345813,0.0,0.5076922453672235,2014-05-30,0.1323546649392735,0.33951206981650217,0.1542441189119673,0.0009502840942622001,0.37293886223802364
0.8801832109816197,3.3605395691135214e-39,1.392987407663527e-17,0.0,0.1198167890181389,2014-06-02,0.21261947532151101,0.5010527203687388,0.18788014627463465,0.0013698661430516022,0.09707779189182221
0.5998476541636456,0.3888376811960601,0.0015873945512452,0.0,0.0097272700891795,2014-06-03,0.2254164877622646,0.5054176547142893,0.2279351105847653,0.0007989348591910701,0.040431812079619926
0.0244208138124432,0.9087174440329788,0.0667243226335211,0.0,0.000137419521076,2014-06-04,0.21565215567834328,0.4604500679976406,0.26560752401192,3.204196191723685e-05,0.05825821035019798
0.9760126655491932,3.678145196895094e-09,2.293844065257659e-06,0.0,0.0239850369287835,2014-06-05,0.23016122270747208,0.5314533885607983,0.20318229376103858,0.0013152171533757984,0.03388787781750218
0.9944729453434628,5.031910523552076e-09,5.4760803325554405e-09,0.0,0.0055270441482191,2014-06-06,0.23353998225989167,0.5373091200128635,0.2061293508647142,0.0013046948558884616,0.02171685200631452
0.1009110381020613,0.8982310440543033,6.19422213182806e-05,0.0,0.0007959756221257,2014-06-09,0.21751292935657676,0.4686265421934262,0.2584578636911747,0.00013282995923022514,0.05526983479940071
0.000947544075439,0.9832664209272794,0.0150085622667662,0.0,0.0007774727305495,2014-06-10,0.21551718493818497,0.46029239790235427,0.2647871595797113,2.6885210128273714e-06,0.059400569058770815
0.0003640947749771,0.5444598725390719,0.4480376174223359,0.0,0.0071384152637773,2014-06-11,0.21101527210903206,0.4434089124586654,0.2804292041551679,1.3835368918123374e-05,0.06513277590837863
0.0385280863358933,0.9272404653475534,0.0339566967453443,0.0,0.0002747515715587,2014-06-12,0.21615566648901377,0.4626784410746484,0.2634822171440786,5.066024066668954e-05,0.057633015051942287
3.1356211138389165e-17,3.672534898740859e-81,0.9757599444956632,0.0,0.0242400555045792,2014-06-13,0.20399979878862104,0.42062494928336447,0.2974422012575998,4.5371850474389925e-05,0.07788767882018248
0.0215562984128874,0.8699924439180752,0.10804368733004,0.0,0.0004075703389112,2014-06-16,0.21522508312553118,0.4587001409254993,0.26733444826793523,2.8819332064551417e-05,0.05871150834888347
0.9825271474141908,5.70015542012979e-54,5.829828753402608e-13,0.0,0.0174728525848498,2014-06-17,0.23135332637150013,0.5335195245298175,0.20422190425937461,0.0013115067103774863,0.029593738128553503
1.429890545311363e-09,8.988120534845266e-09,0.9553612077610472,0.0,0.0446387818212872,2014-06-18,0.20081179563718907,0.4164690500300507,0.292213631982399,8.355361145456327e-05,0.09042196873925192
0.0007795151164027,0.8314922447584484,0.1642578158032576,0.0,0.0034704243215518,2014-06-19,0.2138839476417822,0.4543561739290905,0.2700678356562444,7.510414706584775e-06,0.06168453235783679
0.0125423549985736,0.5549778234242415,0.4317432775366022,0.0,0.000736544040834,2014-06-20,0.21242542408335957,0.4464674450960973,0.2804805118530434,1.7703059060057232e-05,0.06060891590869095
0.0006709982619456,0.9465423537087232,0.0524353933826379,0.0,0.00035125464705,2014-06-23,0.2152841314147343,0.45904885275542123,0.26636396120775596,1.5308017353706765e-06,0.05930152382070984
0.9986980873734292,4.1737767528980354e-20,1.465860302352162e-07,0.0,0.0013017660409218,2014-06-24,0.2343134072096696,0.5386494991576017,0.20680403507957631,0.0013022853046437996,0.018930773248889518
0.0382738940818404,0.840863192700558,0.1208173811833832,0.0,4.5532034580968125e-05,2014-06-25,0.21549726523446197,0.45964098013434745,0.2669544521241427,4.990035182131321e-05,0.057857402155589065
1.433214134690082e-06,2.0219799454281603e-10,0.9980513414178436,0.0,0.0019472251659081,2014-06-26,0.2074838593717858,0.42516690374656846,0.30315612522559754,3.6466263953224926e-06,0.06418946502973717
0.0577465597887705,0.8904646083142757,0.0516649657505411,0.0,0.0001238661460634,2014-06-27,0.21640092661287877,0.46358963523238583,0.2631064111025312,7.539149086335312e-05,0.05682763556099151
0.9985356815560532,7.428346933528483e-30,1.7869054940205543e-10,0.0,0.0014643182649001,2014-06-30,0.23428365627128325,0.538597948955528,0.20677806541972985,0.0013023781871144347,0.019037951165988085
0.0940209243429159,0.8702828763647319,0.0356563463211206,0.0,3.985297161941162e-05,2014-07-01,0.2172242739773346,0.4670099944832145,0.2604140716251437,0.0001224468895829133,0.055229213025112106
0.9973001708230574,8.350962465386633e-06,3.131589416380891e-05,0.0,0.0026601623202373,2014-07-02,0.23406376426872025,0.53821438183283,0.2065906250234952,0.0013030084636208705,0.01982822041125734
0.0277911744238183,0.9156320168793716,0.0565239750716203,0.0,5.2833625336100055e-05,2014-07-03,0.21581060664182627,0.4610944137153205,0.26503219597164507,3.627030633530209e-05,0.05802651336501903
0.0232096586221423,0.973813921449336,0.0022492413197109,0.0,0.0007271786085881,2014-07-04,0.2160456320354531,0.4624950218554172,0.2630194206289561,3.156948550950265e-05,0.05840835599444133
0.0368044590556929,0.9201694653783968,0.0371544103447257,0.0,0.0058716652208723,2014-07-07,0.21517855207310435,0.46109242019010566,0.26249162536510845,5.889301002459481e-05,0.0611785093613446
1.8230458953434115e-36,9.549805643505599e-186,0.069213256169597,0.0,0.9307867438303388,2014-07-08,0.06232066872966097,0.23593120507630266,0.06507760934167933,0.0017422203078964235,0.634928296544396
3.483672053340783e-05,0.0011446554181101,0.2423001754124032,0.0,0.756520332449223,2014-07-09,0.0895658369770209,0.27147951766615,0.1096970201469127,0.0014160787081789964,0.5278415465020068
9.94654864314216e-28,9.81185205326404e-11,3.865019097312068e-16,0.0,0.9999999999017746,2014-07-10,0.05150371463967923,0.22183016033798347,0.04733697864630017,0.0018717717235161445,0.6774573746524141
2.421552081556818e-19,2.8505441240390336e-54,0.091223002550182,0.0,0.9087769974501412,2014-07-11,0.06576044933908037,0.24041532323646117,0.07071911220278111,0.0017010230869761614,0.6214040921350239
0.0123323387708651,0.9558585980872892,0.0291798851798087,0.0,0.0026291779617458,2014-07-14,0.21531436844541213,0.4602378459773554,0.26428758244157813,2.097229252530051e-05,0.060139230842837864
0.5014245309195147,0.496751485796191,0.0003184918678488,0.0,0.0015054914161281,2014-07-15,0.2249260882109878,0.4997388700375399,0.235320580593907,0.0006554436204282113,0.03935901753681951
0.9931657678142188,3.508070766592162e-05,1.5595549559530073e-07,0.0,0.0067989955229105,2014-07-16,0.23330649049529184,0.5369028584822707,0.2059282803779231,0.0013053743104925327,0.022556996334312296
0.39754150949822,0.4653395000189449,0.1366881561270602,0.0,0.0004308343554002,2014-07-17,0.2220637734818365,0.487056097098526,0.2468680671903346,0.000518223868507508,0.04349383836042049
0.0255962957748541,0.964954506804906,0.0091141920045768,0.0,0.0003350054155513,2014-07-18,0.21610029106312856,0.46253242911704795,0.26323687811461355,3.394173815218051e-05,0.058096459966945804
0.0671024815743738,0.9011685900599776,0.0316571072777608,0.0,7.182108752696167e-05,2014-07-21,0.21674464433275573,0.4650407444325487,0.2617956034834013,8.747121069274158e-05,0.05633153654024067
0.9984288012714752,8.962470272995623e-18,1.4817690921893155e-06,0.0,0.0015697169591208,2014-07-22,0.23426432360036872,0.5385643449244354,0.20676137907967676,0.0013024363601033162,0.019107516035103602
0.0840322413135369,0.8954132739889277,0.0204976523664965,0.0,5.683233068937008e-05,2014-07-23,0.21715428450540689,0.46676173407111904,0.2603890976537329,0.0001094779686802418,0.05558540580071139
0.4092453624906593,0.552823809264537,0.0373767280516978,0.0,0.0005541001931002,2014-07-24,0.22305397747034664,0.49145382738992516,0.2422730215401116,0.0005336876641912085,0.04268548593541948
0.0003664175144349,0.6776085358639542,0.3216648227535006,0.0,0.0003602238680917,2014-07-25,0.21313430530638516,0.4494998124588228,0.2769424157983729,1.151165071578875e-06,0.06042231527132893
0.0025448528331678,0.0166294026732812,0.9796761554801456,0.0,0.0011495890138429,2014-07-28,0.20780893123733848,0.42620629448021674,0.3024623330641835,5.464004087837778e-06,0.06351697721461086
0.5149624034950424,0.4619573680290701,0.0207490150713659,0.0,0.0023312134043237,2014-07-30,0.2248824581303638,0.4998764515677259,0.23516569389411232,0.0006746093093726141,0.0394007870982273
3.5782448383011826e-06,2.9614918142851903e-15,0.9969164231310554,0.0,0.0030799986243459,2014-07-31,0.2073068819275772,0.424936363528792,0.3028655672558385,5.769711574291622e-06,0.0648854175764605
9.51038480715416e-11,6.255027623294489e-05,0.9004011557092553,0.0,0.0995362939192067,2014-08-01,0.19223266708592754,0.4052868110227396,0.27813993619707916,0.0001863092205636451,0.1241542764734887
0.9861081308037596,0.0029678937399504,8.090167409136426e-05,0.0,0.0108430737821836,2014-08-04,0.232508916973407,0.535381648740983,0.205458717781856,0.0013037580824290943,0.025346958421309494
0.0196672313611864,0.9789987517665174,5.575298142969699e-05,0.0,0.0012782638912405,2014-08-05,0.21590596079857072,0.4621640816092242,0.26301709885501284,2.799036927677325e-05,0.05888486836828942
1.3901052580546436e-05,8.980800442744981e-07,0.9975895234702644,0.0,0.0023956773971135,2014-08-06,0.20741411410093158,0.425076985942591,0.3030399385068563,4.5022540313622725e-06,0.06446445919559234
0.0032864671428389,0.8892604808453556,0.1068770905956913,0.0,0.0005759614158667,2014-08-07,0.21486314260636372,0.4572737690768615,0.26830098695202126,5.355547225329335e-06,0.05955674581728062
0.0004081412782624,0.9323354765312828,0.0647453488609789,0.0,0.0025110333293152,2014-08-08,0.21482649318030425,0.4580764786760115,0.2663931645702426,5.231294684888224e-06,0.060698632278596065
0.1252885869338117,0.8639946698892623,0.010317739550613,0.0,0.0003990036265512,2014-08-11,0.21795493430010382,0.4702632481894928,0.25754690932626534,0.00016381535097616834,0.05407109283340006
0.7243594119381285,0.2687372575744205,7.84175449537133e-06,0.0,0.0068954887333917,2014-08-12,0.22823562568616193,0.5158783908182892,0.22133970294653615,0.00095569184148882,0.03359058870795967
0.0372593573214656,0.93667913713022,0.0260129589687933,0.0,4.854657973781981e-05,2014-08-13,0.21623217947560033,0.46291438882250435,0.26329249630813994,4.858553094891605e-05,0.05751234986302312
0.8888200971687436,0.0995133009637254,0.010997696177912,0.0,0.0006689056895486,2014-08-14,0.23226355069511398,0.5298273429398729,0.21368094845557065,0.0011580897845092579,0.02307006812486259
0.9988970683899128,8.584999485587028e-42,3.2949397066209783e-09,0.0,0.0011029283151321,2014-08-18,0.23434980788903784,0.5387125931733926,0.20683577062565295,0.0013021721081982623,0.01879965620370251
0.0731509480464233,0.8830821848983909,0.0437392015826295,0.0,2.7665472866411585e-05,2014-08-19,0.2167694854708992,0.46509648873577847,0.26193197634778004,9.526090181623317e-05,0.05610678854403604
0.0524982775999243,0.0035356511925616,0.9426565042583356,0.0,0.0013095669494547,2014-08-20,0.20901665558318402,0.4313802184193731,0.2981073730225067,7.077998615103592e-05,0.0614249729890612
0.0414443597428385,0.9238278616264184,0.034570997999363,0.0,0.0001567806318006,2014-08-21,0.21622499461691197,0.46291276030637796,0.26336450611067913,5.423508179418833e-05,0.057443503884657215
0.0900426225952528,0.860669393906861,0.0490808578837275,0.0,0.0002071256142043,2014-08-22,0.2170151507971301,0.46618433700613543,0.2611328477888187,0.00011758205423287508,0.055550082353728464
0.0132284745104496,0.917388386190903,0.0692512656716302,0.0,0.0001318736265698,2014-08-25,0.2154224821261494,0.4594875841806904,0.2663504175664973,1.746426825557454e-05,0.058722051857959916
0.1244727844379624,0.6200504826532269,0.2549963320834685,0.0,0.0004804008249184,2014-08-26,0.21597898324382875,0.4615253541742502,0.2671757653174579,0.00016290590576654854,0.055156991358272664
0.120076492690978,0.8311214748789556,0.0485386207545827,0.0,0.0002634116750613,2014-08-27,0.21757501425230477,0.4685365247548,0.25937512210305125,0.00015677778802127424,0.05435656110140026
0.0743159493250601,0.8767214942667673,0.0488634949759031,0.0,9.906143235955998e-05,2014-08-28,0.21673888629070912,0.4649891811373127,0.2620506410460551,9.69108382364554e-05,0.05612438068777664
0.995217827175788,0.0023093916552905,0.0014058712865576,0.0,0.0010669098821832,2014-09-01,0.234275346410277,0.5383840281297219,0.20710997113445495,0.0012973159985625704,0.018933338326802617
0.9956836241303428,0.0008730247188564,0.0030787658288762,0.0,0.0003645853217282,2014-09-02,0.23438614405619723,0.538529175801317,0.20730132784528163,0.001296607662164176,0.01848674463484348
0.1002018046447048,0.878282939072854,0.0214578660170227,0.0,5.7390265214956073e-05,2014-09-03,0.21745062289558945,0.46799092115367835,0.2594983611106672,0.00013052439806616168,0.054929570441795306
0.0173547122252063,0.9027281715678388,0.0797734760208505,0.0,0.0001436401857095,2014-09-04,0.2154144046894012,0.4594349543361371,0.26652380469336284,2.285676917155256e-05,0.05860397951153239
0.0110765419310803,0.923613019260504,0.0651903246293967,0.0,0.0001201141794101,2014-09-05,0.21541626446299886,0.4594659135126846,0.2663171854880553,1.4641424058096483e-05,0.05878599511259415
0.9971375419854166,0.0001389491597,0.0002000985577999,0.0,0.0025234102974412,2014-09-08,0.23408182330231458,0.5382284040379908,0.20663627022720635,0.0013025408265951027,0.01975096160625055
0.0175002830862074,0.9029418197691258,0.0795256103237222,0.0,3.228682119634416e-05,2014-09-09,0.21543740376979967,0.45948171997244314,0.26652989588426723,2.2837807855504513e-05,0.05852814256588615
0.0023114456635154,8.398810640670517e-05,0.995086044554953,0.0,0.0025185216749774,2014-09-10,0.20745706717488882,0.42531566657476955,0.3027831485776265,7.72254402213884e-06,0.06443639512854536
0.0192688942205926,0.8643861323098992,0.1160959021304703,0.0,0.0002490713386256,2014-09-11,0.21514401792586252,0.45827450959907273,0.26781609457952765,2.5545502765367357e-05,0.05873983239235949
0.0689622485908659,0.8865802013782761,0.0443447021359381,0.0,0.000112847895279,2014-09-12,0.21667190677906478,0.46472745169775137,0.2621777123052477,8.996857060911081e-05,0.05633296064768597
0.0034903535691952,0.5220480377070194,0.4732458650322362,0.0,0.0012157436914653,2014-09-15,0.2118462017464058,0.44417764072189203,0.28252446455018615,6.818440588140195e-06,0.06144487454084379
3.611732970768376e-13,1.2835698268765176e-56,0.9937628516329412,0.0,0.006237148366516,2014-09-16,0.20681337282140627,0.42429274088045577,0.3020566775158629,1.1674517949436376e-05,0.06682553426414385
0.0946497784781055,0.8809440637342971,0.0217545052156814,0.0,0.0026516525718682,2014-09-17,0.21691776633362933,0.46692636247659847,0.25926556491083114,0.00012815406304060196,0.05676215221585265
0.7286888133328934,2.9516452122315974e-154,4.727423368740868e-27,0.0,0.2713111866672044,2014-09-18,0.18488873152395954,0.4529938014783052,0.16369029322919093,0.0014562525710914587,0.19697092119755036
0.0379415813179119,0.9240892127255492,0.0372278796539322,0.0,0.0007413263029074,2014-09-19,0.21604197235576822,0.46240535139339806,0.26354294322676813,5.0770200443008495e-05,0.05795896282392324
0.8384632961742997,1.0339620120056712e-05,0.1552988459798226,0.0,0.0062275182255606,2014-09-22,0.22925521852177472,0.5194598330097716,0.22102671845999305,0.0011029526868075897,0.029155277321455658
5.952874553497171e-18,1.3661058739254612e-76,0.9896492189156592,0.0,0.0103507810839989,2014-09-23,0.20617047608774758,0.4234546569309283,0.3010022777811208,1.9374299351237982e-05,0.06935321490050995
0.0013391274157064,0.916331086396016,0.0799845191769985,0.0,0.0023452670110354,2014-09-24,0.21474994764152022,0.4576498145011618,0.26697359413712846,6.132736645967996e-06,0.06062051098329979
4.4559073863509856e-11,3.0142555968832455e-19,0.8795714928673566,0.0,0.1204285070884077,2014-09-25,0.18896704171553397,0.4010281590720648,0.27278733175004977,0.0002254146743534821,0.13699205278832113
0.2693105203101786,4.471051883290057e-07,7.47669317858728e-05,0.0,0.730614265652535,2014-09-26,0.10081222028069178,0.3072795002823216,0.09035837066903958,0.0017180623974333547,0.49983184637020106
0.0134510019098484,0.9509829130687772,0.0329176906200051,0.0,0.0026483944009332,2014-09-29,0.21530250215069321,0.4601884369076158,0.26436583745464676,2.2464249704695073e-05,0.06012075923690349
0.0015751612890234,0.9844979942701272,0.0129327145020717,0.0,0.0009941299387603,2014-09-30,0.21550992336472116,0.46036305438470365,0.264622651828159,3.910924759970751e-06,0.05950045949763876
0.018582543790536,0.8824319847346375,0.0988093627830152,0.0,0.0001761086914591,2014-10-01,0.2152806671015116,0.45884978669545523,0.26719311869687007,2.451561861643409e-05,0.05865191188719438
1.5538187474125895e-06,0.1040029749139131,0.8758959027383127,0.0,0.0200995685290672,2014-10-07,0.20547462734092745,0.4251474415736351,0.2944228935647755,3.7623826393489584e-05,0.07491741369430874
0.0231529358104299,0.8891549445071524,0.0875540588907738,0.0,0.0001380607914864,2014-10-08,0.21546243708113122,0.4596140757875758,0.26649740460993526,3.0392964248148592e-05,0.05839568955695202
0.997356106516262,3.012047481108e-27,1.511547112706854e-10,0.0,0.0026438933325996,2014-10-09,0.2340677374361634,0.538223749626181,0.20658971688421918,0.0013030508145104778,0.019815745238941848
3.896704083692692e-06,8.906028011073345e-06,0.9931689679146783,0.0,0.0068182293535943,2014-10-10,0.20672273407924494,0.4241751126296386,0.3019070097610869,1.2767240638427751e-05,0.06718237628975839
0.4397491238888589,0.3007342158493533,0.2317305760258062,0.0,0.0277860842355999,2014-10-13,0.21760821126967905,0.4804510779559422,0.2422354265473372,0.0006243616848588406,0.059080922541800834
0.0036672735011542,0.0001882280169114,0.9621964686167772,0.0,0.0339480298652853,2014-10-14,0.20258224083683754,0.41907000157562835,0.2945920658159794,6.831607723319807e-05,0.08368737569444949
6.502132928874901e-15,3.5597994887513385e-14,0.7432361205576602,0.0,0.256763879442298,2014-10-16,0.167659946117215,0.3732521043835881,0.23784206796512797,0.0004806033692076176,0.2207652781648614
0.4108153431930425,0.5075550660466736,0.0392950025369477,0.0,0.042334588222929,2014-10-17,0.21620609103935082,0.4815187102528911,0.2331882540512555,0.0006139345979814755,0.06847301005811372
0.1253865196820953,0.870715097067393,0.0001365958451376,0.0,0.0037617874052164,2014-10-20,0.21748548818406296,0.46982696529940804,0.25641183297272124,0.00017023717826772394,0.05610547636538231
0.1012280651749891,0.8939397144562587,0.0046162932316991,0.0,0.000215927137131,2014-10-21,0.2175779147186877,0.46862890807001784,0.2587442677054524,0.00013215686530586155,0.0549167526406141
0.0860182523889033,0.9004333381828749,0.0123158906947792,0.0,0.0012325187338401,2014-10-22,0.21706364723400445,0.46692518607084177,0.2596988559458107,0.00011426346443857214,0.05619804728530193
0.1416883113358123,6.556342911519957e-30,0.8120891509242748,0.0,0.0462225377401952,2014-10-27,0.20435636202511892,0.4322278705570156,0.27811443336009223,0.0002709314960445836,0.08503040256201078
0.2746965300638799,0.6812672393856085,0.0430557516841045,0.0,0.0009804788663887,2014-10-28,0.22040853539631952,0.48063905997132794,0.2501276675505809,0.0003593646309940552,0.04846537245075905
0.1141900751334155,0.8808229979862757,0.0048244292946195,0.0,0.0001624975859788,2014-10-29,0.21782878681051346,0.4696470084921263,0.2580198884756398,0.00014892747318965774,0.05435538874882029
0.9983827304948988,1.5736117751216414e-33,1.313739339814947e-07,0.0,0.0016171381312692,2014-10-30,0.23425567939196737,0.5385494546648384,0.20675367660185823,0.0013024651586068775,0.019138724182830903
0.9972653066742972,3.1902839781209434e-84,2.358550017865468e-21,0.0,0.0027346933260344,2014-10-31,0.23405111668470477,0.5381949449511391,0.20657521838965456,0.0013031025914546214,0.01987561738337833
0.048173726632966,0.9016312978423954,0.0501434142928491,0.0,5.156123151720171e-05,2014-11-03,0.21624489225871055,0.4629128436148017,0.26361198363190197,6.279669675350648e-05,0.05716748379755995
0.0696444137823113,0.8810504038305843,0.0491652088795068,0.0,0.0001399735072513,2014-11-05,0.21664191650261047,0.4646037521107066,0.2623217881121895,9.090721102285098e-05,0.05634163606312432
0.0259232863742613,0.9078662057406676,0.0659873999079008,0.0,0.0002231079775256,2014-11-07,0.21567220095126793,0.46057302983700976,0.2654737536709341,3.415788408000456e-05,0.05824685765706344
0.022055882576303,0.9356464132943616,0.0420410985441978,0.0,0.0002566055847653,2014-11-10,0.21578454527336174,0.4611098915688582,0.2647490016300125,2.9186990872836833e-05,0.05832737453652236
0.0688299642307799,0.8882802451885808,0.0427264978004601,0.0,0.0001632927802693,2014-11-11,0.21667401219350163,0.46476229367028116,0.26211086745670054,8.989081811025656e-05,0.05636293586149649
0.0693088027644108,0.8678055728314908,0.062796842976188,0.0,8.878142752517982e-05,2014-11-12,0.2165355277229579,0.46410759807718627,0.26288699034861646,9.037457890027117e-05,0.05637950927195386
0.0155438929271529,0.0883490322466978,0.8946586264543358,0.0,0.0014484483716435,2014-11-13,0.20868089547513155,0.43015762964892296,0.29831561774925835,2.2942212710794008e-05,0.06282291491380612
0.2316925018422024,0.7162765957569193,0.0517933724931174,0.0,0.0002375299074196,2014-11-14,0.21965232321686318,0.4771478483127985,0.2531006055639621,0.0003020024000104383,0.049797220506024364
0.9635698561692758,0.0119929338249529,0.0224256307912819,0.0,0.0020115792144614,2014-11-17,0.2333577622331095,0.5349420770055469,0.20954648251910937,0.0012578930027252332,0.02089578523948091
0.0256139815996677,0.9152129346274792,0.0591524293319437,0.0,2.0654441119229214e-05,2014-11-18,0.21575403111946626,0.46083903678245686,0.26526729783202,3.337636375178955e-05,0.05810625790251493
0.000961216348905,5.483634118590584e-05,0.9975390299879716,0.0,0.0014449173223296,2014-11-19,0.20758848587991088,0.42538011467330133,0.3031899677364321,3.955619981297011e-06,0.0638374760907664
0.075166187520829,0.8673986690211527,0.0573127109575938,0.0,0.0001224325002704,2014-11-20,0.21668379473442034,0.46475115680190415,0.2623282512527728,9.806120527520326e-05,0.05613873600547337
0.9993308277870084,4.2056101616875756e-13,1.9912960927112883e-05,0.0,0.0006492592514791,2014-11-21,0.2344323182422266,0.5388542519342027,0.20691013432843514,0.0013018874998629482,0.018501407995107497
0.9798949479701794,7.851050903763028e-06,0.019516351473752,0.0,0.0005808495050254,2014-11-24,0.23392289886726864,0.5366625136238595,0.20880571229453102,0.0012764628153915413,0.01933241239880957
2.133536567180377e-05,8.745239368983802e-08,0.9992389410218852,0.0,0.0007396361600034,2014-11-25,0.20767312007472305,0.4254151917950515,0.30346372566445823,1.4121989500442806e-06,0.06344655026677107
0.0562998854112471,0.8903193533874518,0.053218911591587,0.0,0.0001618496096036,2014-11-26,0.21635511624880283,0.4634125626966483,0.26324218582215486,7.357967805029326e-05,0.05691655555423317
0.0630644129753618,0.898080927252819,0.0387866097217797,0.0,6.80500499525237e-05,2014-11-27,0.21661258787846643,0.4644739800319087,0.26230796412444185,8.220843148022545e-05,0.05652325953361569
0.9991915183060394,1.2461634504996996e-11,1.4802872808422286e-06,0.0,0.0008070013940704,2014-11-28,0.23440393718497302,0.5388063031182106,0.20688316547005695,0.0013020014398386487,0.018604592786772685
0.018456513057648,0.0036499709585241,0.9773584075068216,0.0,0.0005351084773941,2014-12-01,0.20822752254938381,0.42767833808353617,0.301591310803132,2.5023549822277616e-05,0.062477805014513346
0.0148859267775377,0.8682072574436838,0.1166399128576448,0.0,0.0002669029210371,2014-12-02,0.21505433723527198,0.4579085738418761,0.26808519172620476,1.98742579839501e-05,0.05893202293856654
0.0820734958634156,0.8561361574090327,0.0616035860426096,0.0,0.0001867606845708,2014-12-03,0.2167689742210366,0.465123649695583,0.2620860884073219,0.00010717177309506379,0.05591411590259206
0.0082853365894459,0.9830353801542274,0.0085117068275404,0.0,0.0001675764287165,2014-12-04,0.21580704893836022,0.4612413140601347,0.2642434019471153,1.109738824638845e-05,0.05869713766607358
0.0215108345507715,0.0004767231898124,0.9775188546803052,0.0,0.0004935875793189,2014-12-05,0.20829050226509607,0.42792121664335514,0.3014312719051084,2.8921163522710455e-05,0.06232808802312556
5.900776314441107e-11,1.0174294913128648e-48,0.9984658797809852,0.0,0.0015341201599936,2014-12-08,0.2075483828931189,0.42525090432185203,0.3032621501505968,2.8715228130352925e-06,0.06393569111160566
1.3980061333359068e-10,2.5896303749106872e-45,0.9979895287768352,0.0,0.0020104710835893,2014-12-09,0.2074739366640148,0.4251538557877133,0.3031400526387884,3.7631431075354877e-06,0.06422839176660099
0.3838547932856272,0.1734998613389415,0.4420068757953254,0.0,0.0006384695803585,2014-12-10,0.21934245263950197,0.47513750506051544,0.25958758063054116,0.000500798661952779,0.045431663007741034
0.0004695938263049,0.0065189356382414,0.9925199408234112,0.0,0.0004915297120755,2014-12-11,0.20777577159289223,0.4257471989066575,0.30322823892349265,1.531228063721365e-06,0.06324725934892667
8.327517212346982e-07,8.159832849411214e-18,0.999414116085881,0.0,0.0005850511624462,2014-12-12,0.20769672988375434,0.42544435578607814,0.3035053335182396,1.0961660851174224e-06,0.0633524846458911
0.0650321370858717,1.815214978621854e-05,0.9310139406935484,0.0,0.0039357700709991,2014-12-15,0.20891367803640593,0.43214333431945756,0.29636091803566755,9.200899836918464e-05,0.06249006061030498
4.535555564515254e-17,1.5478225139417716e-40,0.9685300589209817,0.0,0.0314699410793203,2014-12-16,0.20286988026171626,0.41915198087019895,0.29558904859288815,5.890454585877686e-05,0.08233018572963964
2.3357098301019018e-05,0.9012746867170806,0.0776941646908366,0.0,0.02100779149412,2014-12-17,0.21167824671863442,0.4531657279580903,0.2629079274758822,3.935219036834123e-05,0.07220874565736292
0.1102059514722241,0.8500950796966297,5.758374612198063e-07,0.0,0.0396983929940374,2014-12-18,0.2112987688252448,0.4600531377276807,0.2494767263940804,0.00021774413526113229,0.07895362291808526
0.1265601471907959,0.8686879188354479,0.0042689133905419,0.0,0.0004830205834728,2014-12-19,0.2180131858051198,0.47055646012591484,0.2572183518319511,0.00016562760213524114,0.05404637463513749
0.9988120832538266,1.368180118698679e-09,4.977812058259473e-07,0.0,0.0011874175970053,2014-12-22,0.23433432903659265,0.5386857342122058,0.2068223276753542,0.0013022196410217943,0.018855389435043196
3.672623228679909e-05,0.002688086953948,0.9966185036625202,0.0,0.0006566831512408,2014-12-23,0.20770788832578221,0.42552891801546,0.3033780399627,1.2769617314974428e-06,0.06338387673432203
2.008098955756588e-10,1.330959004063222e-30,0.9971027598006068,0.0,0.0028972399984406,2014-12-24,0.2073353484935142,0.4249731914412391,0.3029127574480133,5.4229721672165e-06,0.06477327964492328
0.028650837364292,0.9535039664442146,0.0173559433452658,0.0,0.0004892528460889,2014-12-26,0.21606680743689707,0.46244266631210046,0.26335138924731,3.8206071939366234e-05,0.058100930931614385
0.284387468531023,0.7028916986848708,0.0123074244362717,0.0,0.0004134083474933,2014-12-29,0.22092861892693788,0.482619396806533,0.24848804051467024,0.0003709163794105857,0.04759302737210698
0.0456265275474272,0.8931937507738144,0.0611170570643529,0.0,6.266461406180455e-05,2014-12-30,0.21610783581605583,0.4623230265897031,0.26418634557852044,5.9502190124341896e-05,0.05732328982525247
0.9177883163798456,0.0001941182795104,0.0807101073323914,0.0,0.0013074580086567,2014-12-31,0.23214862941766687,0.5294720258967245,0.21461436300415826,0.00119698839716234,0.022567993284691865
0.9985963691808332,5.1723202578890764e-54,3.32796993345586e-13,0.0,0.001403630818616,2015-01-02,0.23429476499067364,0.5386172009950881,0.20678775566453825,0.0013023435816333247,0.018997934767848255
0.0016095201563962,0.9277471326245524,0.0689060550888013,0.0,0.0017372921301201,2015-01-05,0.21494305434787853,0.4582081733750472,0.2666554017669446,5.346674285770536e-06,0.0601880238357139
3.1262687909939634e-53,5.464115207601852e-251,0.004114943065102,0.0,0.9958850569349812,2015-01-06,0.0521468161441167,0.22266851122542156,0.04839171422593564,0.0018640694896262624,0.6749288889149826
0.0009406888911698,0.9588738125718752,0.0293229375086033,0.0,0.0108625610280514,2015-01-07,0.2137467340104644,0.4573741438174939,0.263159845176256,2.155658180069857e-05,0.06569772041368463
0.9483520455416088,0.0176440843162849,3.211835828628205e-07,0.0,0.0340035489585873,2015-01-08,0.22799560675467967,0.5268969316929737,0.2025953379912404,0.0012979680292689384,0.04121415553190086
0.0129643968366423,0.9824421853129603,0.000743363184455,0.0,0.0038500546661816,2015-01-09,0.21535204236182356,0.4610011570941877,0.2628705876467178,2.408014589080118e-05,0.060752132751619385
0.0379577940811274,0.9557982435741322,0.0060726773641255,0.0,0.0001712849810647,2015-01-12,0.2163838467969003,0.4636449298990073,0.2624434200536049,4.9724314827017924e-05,0.05747807893611029
0.0162769076756669,0.1281194775587769,0.8535634401138309,0.0,0.0020401746521133,2015-01-13,0.20892454355620352,0.4315270195820456,0.29653275733345974,2.5003839585792793e-05,0.06299067568909324
0.0005888836494468,0.8886899743190136,0.102138532828238,0.0,0.008582609203713,2015-01-14,0.21353509102076845,0.4553161954698841,0.2665318229216873,1.6831142727478208e-05,0.06460005944534403
0.0013630901616792,2.760983482701601e-07,2.3638729534468198e-20,0.0,0.998636633739816,2015-01-15,0.05175327087431657,0.22226264258227899,0.04755468984918251,0.0018709939340041922,0.6765584027600609
0.0181852394493028,0.9656514389857566,0.0102295631948866,0.0,0.0059337583699101,2015-01-16,0.21503249339028396,0.46057528074830095,0.26249070176026096,3.477551571932612e-05,0.06186674858529088
0.1186109694734011,0.8420974330646396,0.039102310413612,0.0,0.0001892870486574,2015-01-19,0.21763472681560958,0.46877352913581105,0.25910512543728975,0.0001547316018760236,0.054331887009723606
0.9952994766241992,2.0536773453237108e-72,4.112616864343127e-18,0.0,0.004700523375847,2015-01-20,0.23369127546075757,0.537571320128003,0.2062613246697262,0.0013042235638385173,0.021171856177720532
0.0931771490961404,0.887811265286218,0.0189422998004244,0.0,6.928581713297443e-05,2015-01-21,0.21733658892231011,0.46752823908734586,0.25980036608050305,0.00012140377122347197,0.055213402138533284
0.0890796515502663,0.8844418781824476,0.0263361667523599,0.0,0.0001423035145276,2015-01-22,0.2171886989905942,0.4669291200728773,0.26030984091506,0.00011620737365261558,0.05545613264741728
0.1254572791042237,0.8719855391074955,0.0020204369205749,0.0,0.0005367448675602,2015-01-23,0.2180015165216856,0.47053698264916943,0.25718178788747503,0.00016429273128210038,0.0541154202102421
0.1656094126270916,0.8329345857776144,0.0003509403000046,0.0,0.0011050612952897,2015-01-27,0.21867652971426405,0.4735971273979958,0.25468779601008873,0.0002176162259041867,0.05282093065174745
0.0028723242111081,0.9749831638137204,0.0206938456086959,0.0,0.0014506663668609,2015-01-28,0.2153975680557143,0.4600807138142289,0.2647535745284737,6.453770306164618e-06,0.059761689831662176
0.1788591861509759,0.724487872534127,0.0380942358336905,0.0,0.0585587054809815,2015-01-29,0.20918897266349795,0.4595598000719949,0.24293565137282425,0.0003424014850306621,0.0879731744064271
8.108478590522859e-25,7.228542856219599e-145,0.3740374874165635,0.0,0.6259625125838452,2015-01-30,0.10995994915516642,0.29803405021279744,0.1432096669752352,0.0011716589311506467,0.44762467472605866
0.0033876231129168,0.937368535257752,0.0567563749329088,0.0,0.0024874666964446,2015-02-02,0.21494997270707805,0.45859747604699563,0.26591379116481034,9.065107623331742e-06,0.06052969497351484
0.0004025976265439,8.903196847683847e-06,0.9986440813328292,0.0,0.0009444178433371,2015-02-03,0.20765138997882476,0.4254170556693596,0.30337404395943346,2.2917328141747736e-06,0.06355521865912582
0.0039712893984781,6.122277768545671e-10,0.9935215170486794,0.0,0.0025071929408318,2015-02-04,0.20750259259556125,0.42550339447697094,0.30262893439962957,9.861697529749675e-06,0.06435521683052543
7.741857791826969e-06,0.9642560528988388,0.0097301023843721,0.0,0.0260061028592773,2015-02-05,0.2113978990855263,0.4543733904915253,0.25915727391885407,4.8687564337925874e-05,0.07502274894003631
0.0007137160276486,0.6354239513359856,0.3460013397065509,0.0,0.0178609929298361,2015-02-06,0.2100727823806022,0.44448160114633617,0.2740781476584247,3.4360633759575055e-05,0.07133310818089852
8.826461599515779e-09,1.5463783053892903e-06,0.3400619268730473,0.0,0.6599365179220265,2015-02-09,0.10465035372855608,0.2911124698483633,0.13450144294017327,0.0012352505251715085,0.4685004829575763
0.00244452191764,2.7562507153466133e-06,0.0001504049267609,0.0,0.9974023169050776,2015-02-10,0.0519751380700966,0.2226369431929358,0.04776645731053236,0.00187009110479366,0.675751370321835
0.0829638742377875,0.9066373030685,0.001614299210273,0.0,0.0087845234834078,2015-02-11,0.21585101387802627,0.4652593670384785,0.25781491835531034,0.00012442368829984434,0.060950277039853305
0.0136681430217194,0.9792812176691748,9.888194402094422e-06,0.0,0.0070407511149287,2015-02-12,0.2148470648190411,0.4603191717319611,0.262108757998505,3.0968357338061036e-05,0.0626940370933796
0.9982612595930376,4.212212924082032e-08,6.50593146238327e-06,0.0,0.0017321923536592,2015-02-13,0.23423444755082953,0.5385122289503671,0.20673592380797357,0.0013025224142217818,0.019214877276896053
0.0181414713053091,0.9541906890016514,0.0276441243932953,0.0,2.371530012653713e-05,2015-02-16,0.21586376089813664,0.46136899957381144,0.26445943413795026,2.3656298085645606e-05,0.05828414909239831
0.9967373159870014,2.0353368661365243e-05,0.0019895917083785,0.0,0.0012527389361132,2015-02-18,0.2342687541496536,0.5384376619086801,0.20700529888258212,0.0012996415084476382,0.018988643550790656
0.0032483421815484,0.9913633513341268,0.0051929183397791,0.0,0.0001953881442713,2015-02-19,0.21573417153438265,0.4609585283526282,0.26439632738400076,4.593579652975132e-06,0.058906379149061036
0.0001530347940466,6.341053296078999e-09,0.9993612740735208,0.0,0.0004856847911791,2015-02-20,0.20771633281829935,0.42548187503154045,0.3035160933611285,1.1082724529823501e-06,0.06328459051637843
2.32090574476511e-08,2.1762258187964247e-30,0.9974325792328168,0.0,0.002567397557976,2015-02-23,0.20738689834622182,0.42504039393999393,0.3029972999092735,4.805612360106605e-06,0.0645706021920008
0.0307815224481149,0.912789396858202,0.0562058405627342,0.0,0.000223240131134,2015-02-24,0.2158413845025147,0.46129854954253613,0.2648110469910061,4.0481335525006746e-05,0.05800853762860319
0.0147573901626097,0.923238981754406,0.0618871393109366,0.0,0.0001164887718097,2015-02-25,0.21551236691506367,0.45987119446615266,0.26597705965944984,1.9425421076590562e-05,0.058619953538019215
3.1643926359201816e-08,5.921164524454838e-32,0.9987075429044866,0.0,0.0012924254515933,2015-02-26,0.20758615685754564,0.4253001491661304,0.3033240978978022,2.4191666012194403e-06,0.0637871769119267
0.9950668185077916,7.665214845493643e-48,9.143492438817542e-18,0.0,0.0049331814921212,2015-02-27,0.23364868786201004,0.5374975134544648,0.20622417500786383,0.0013043562321345397,0.02132526744343926
0.1223966267435896,0.875258164788348,4.086847097584509e-05,0.0,0.0023043399975261,2015-03-02,0.217669399732035,0.46994524191555287,0.2568961150651063,0.00016361769462442435,0.05532562559312083
0.0242961298932306,0.9584706094398758,0.0111016788412453,0.0,0.0061315818259045,2015-03-03,0.2151079781746004,0.46097455954612154,0.2621311499941982,4.309938392056846e-05,0.06174321290141549
1.5057274393174793e-15,1.5832056753514056e-129,0.0034528481622812,0.0,0.9965471518375788,2015-03-04,0.052043341021361114,0.2225336204489826,0.04822200712326349,0.0018653087801433525,0.6753357226261105
0.0025120977083488,0.969745927792227,0.0082687929067384,0.0,0.0194731815924174,2015-03-05,0.2125296088217402,0.45618279215707946,0.26037436300675926,3.9718954343324596e-05,0.07087351705980943
2.7185267729801083e-22,3.4754979339642927e-87,0.9638561358731478,0.0,0.0361438641272976,2015-03-09,0.2021394188746744,0.41819974712545394,0.2943910361400982,6.765306285873043e-05,0.08520214479735998
0.0009399938345645,0.001265995657144,0.992620138064366,0.0,0.0051738724442033,2015-03-10,0.20701477911845376,0.4246608343739891,0.3021887004810527,1.090775071832451e-05,0.0661247782760638
0.0141192406901236,0.875508445044169,0.1096318438380394,0.0,0.0007404704279993,2015-03-11,0.21501791225806943,0.4579833295885965,0.26775144894803865,1.9762793195812693e-05,0.05922754641243087
0.6014443408579057,0.2797253194020554,0.0106563614715484,0.0,0.1081739782687389,2015-03-12,0.2092051776795095,0.4816825162978424,0.2068280005824959,0.000985282780548456,0.10129902265985183
1.2463253619926488e-25,3.5466737309742466e-201,0.0123830151274309,0.0,0.9876169848722764,2015-03-13,0.0534389870517187,0.22435299279283966,0.05051097318459526,0.0018485935461297778,0.6698484534244236
0.0165503256803761,0.937470447263872,0.0411875705425936,0.0,0.0047916565135425,2015-03-16,0.2149429554851541,0.45962559453568075,0.264047096971432,3.0509850874695394e-05,0.06135384315724261
0.0485580918094444,0.9498544396611864,3.131162595449316e-05,0.0,0.0015561569030903,2015-03-17,0.2164038115869525,0.4643556664243496,0.26129720060961353,6.611322426557373e-05,0.057877208154494354
0.002844169294257,7.307446897310716e-06,0.995722053713123,0.0,0.0014264695461336,2015-03-18,0.2076413852422382,0.4255959052407705,0.3030145858339012,6.37183454099487e-06,0.06374175184895985
6.64314852932155e-08,5.0206583376768374e-27,0.9640093965275788,0.0,0.0359905370411007,2015-03-19,0.20216338328842368,0.4182309924977814,0.2944303302724476,6.736615601775714e-05,0.08510792778549421
0.0001559967805146,1.2011648750600206e-08,0.9978026531317769,0.0,0.0020413380763213,2015-03-20,0.207473287753974,0.42516527304467006,0.3031170643292382,4.023955437312659e-06,0.0642403509169418
0.0580204664734674,0.1008050245512057,0.8399235189413854,0.0,0.001250990033583,2015-03-23,0.20994770853879685,0.43545949754364693,0.2937724485722308,7.785771086563583e-05,0.060742487634101075
0.0038540385491243,0.9268711219866498,0.0690204648307514,0.0,0.0002543746337514,2015-03-24,0.2152279109408678,0.4587340577109981,0.2668529519999598,5.492328879273201e-06,0.059179587019571885
0.0819087111395859,0.0625418132277889,0.8481974408654779,0.0,0.0073520347669693,2015-03-25,0.20932903211186818,0.43557436960230883,0.2914012095100551,0.00012036905607972824,0.06357501971950986
1.0032995061553216e-24,9.405801471500833e-62,0.7840651893541797,0.0,0.2159348106455444,2015-03-26,0.17404089375364581,0.3815703451157595,0.24830730933808806,0.00040418067272884374,0.19567727111950167
0.0004248749286183,0.8540958898760808,0.0432644999475811,0.0,0.1022147352476667,2015-03-27,0.19862214611366655,0.4349979478559622,0.24390529729831992,0.0001918756442525582,0.12228273308774563
0.9749372641476708,2.4121650451885195e-54,7.6076887925819e-17,0.0,0.0250627358520297,2015-03-30,0.2299640135546754,0.5311117682697127,0.20300999039509357,0.0013158346783749349,0.03459839310184359
0.0081302548751876,0.9529021340963664,0.0387411211991619,0.0,0.000226489829487,2015-03-31,0.21555387987089505,0.46014584600968567,0.2654255332337744,1.100581513481085e-05,0.05886373507071296
0.9958543859247446,2.5032177402247176e-27,2.47311221626666e-09,0.0,0.0041456116022681,2015-04-01,0.2337928508750151,0.5377473557954225,0.2063499303916247,0.0013039071340934939,0.020805955803968792
0.5213289607607143,0.4773926066061463,0.0004519807497675,0.0,0.0008264518831684,2015-04-06,0.22541085984448628,0.5014515900744198,0.23433052128127177,0.0006800790885675116,0.03812694971105097
0.0024228090992723,0.9796052288248076,0.0176789776108675,0.0,0.0002929844651114,2015-04-07,0.21560324915326445,0.4604290428830035,0.264912410849941,3.7017907242377805e-06,0.05905159532312565
0.1140542705567437,0.8762719384323253,0.0094369358379646,0.0,0.000236855173352,2015-04-08,0.21777731228461084,0.4694554670262774,0.2581925096228652,0.00014888989809703194,0.05442582116853512
0.0378200070431809,0.960744236542474,0.0006087295701643,0.0,0.0008270268446049,2015-04-09,0.21631703888715176,0.4636706428789087,0.2620946070652642,5.077237812415121e-05,0.05786693879097519
0.058408044805215,0.866181818577257,0.0752247565287329,0.0,0.0001853800883424,2015-04-10,0.21621576539931164,0.46279325741167127,0.26397942384516726,7.636758224041949e-05,0.05693518576115663
0.0913609525535745,0.9027614335236364,0.0047730935143583,0.0,0.0011045204088649,2015-04-13,0.21724516885321196,0.46764000350119367,0.25912398684539795,0.00012097763581564664,0.05586986316481477
6.169638354189437e-08,0.1756920973704524,0.7049319497968586,0.0,0.1193758911361844,2015-04-16,0.1905297721704282,0.4074571452034893,0.26616404751181594,0.00022344449782070734,0.1356255906163246
5.418982232177334e-10,1.5171462816072663e-40,0.8934014096442614,0.0,0.1065985898135347,2015-04-17,0.19112844243043528,0.40384577374915925,0.2763321938971881,0.00019952822690457307,0.12849406169600702
1.1481556003432283e-26,9.145525238137362e-140,0.589255946631874,0.0,0.4107440533684982,2015-04-20,0.14359524281064615,0.3418812161302261,0.1983741169614524,0.0007688191047730787,0.3153806049932742
3.552455071287388e-06,0.5901528747514071,0.1967173390230459,0.0,0.2131262337708929,2015-04-21,0.1791765759123549,0.4030176528512454,0.2258728673654639,0.00039892828162474376,0.19153397558972807
4.1379607652080026e-05,0.6692230986584705,1.6618611506731356e-05,0.0,0.3307189031225984,2015-04-22,0.16142895478095423,0.38186125152373807,0.1926258154978898,0.0006190841487045572,0.2634648940489409
6.115537053004013e-05,1.6316743563658614e-07,0.8394067152051031,0.0,0.1605319662569044,2015-04-23,0.18270113359667395,0.3928646960215508,0.26250216080601485,0.00030055879154576055,0.1616314507841877
9.40514824422482e-11,1.1226451861025565e-27,0.9790610064819432,0.0,0.0209389934239915,2015-04-24,0.20451570338802508,0.4212974855497839,0.29828832418189244,3.9193015936179604e-05,0.0758592938643483
5.153383307492652e-12,6.694261050215804e-71,0.97946819920566,0.0,0.0205318007892445,2015-04-27,0.20457934125340682,0.42138044423704646,0.29839269515299727,3.843084416065655e-05,0.07560908851244648
0.9772235292506146,1.414252416808066e-05,5.8072849910802925e-05,0.0,0.022704255374958,2015-04-28,0.2303939084581532,0.5318522583683757,0.20339300481318326,0.0013143958140852793,0.033046432545853786
0.0005070266940711,0.7976106355723401,0.2015225967596112,0.0,0.000359740974069,2015-04-29,0.21409316413530052,0.453760546787985,0.27222080232652535,1.3332701245903333e-06,0.059924153480155964
0.0005885020749132,0.1544886632035343,0.8436807904484503,0.0,0.0012420442729928,2015-04-30,0.20883925692921865,0.43084172924791636,0.2972189496170441,3.090784218436113e-06,0.063096973421493
0.995200207883882,2.7884871103469354e-40,1.3970663976398223e-16,0.0,0.0047997921160944,2015-05-04,0.23367310451814777,0.5375398288754178,0.20624547394337564,0.0013042801697064918,0.021237312493328525
0.0032796615729948,0.948392808838232,0.0464202915054248,0.0,0.0019072380836547,2015-05-05,0.21512549912974221,0.45909338158110846,0.2656404231571332,7.838535505423018e-06,0.06013285759681689
1.1791695393191724e-54,2.4866078417523914e-281,0.0009168365385871,0.0,0.9990831634617946,2015-05-06,0.05164700189700365,0.22201695044394046,0.04757198069484018,0.0018700556149925322,0.6768940113496045
2.6325228943457784e-06,0.6032532171095855,0.0136791273364878,0.0,0.3830650230312877,2015-05-07,0.15272202219380054,0.3688587401298051,0.181800541308938,0.0007170137047907026,0.29590168266292083
0.5992611426715155,4.447024469489082e-06,1.5795899809468334e-09,0.0,0.4007344087245576,2015-05-08,0.16119798821278722,0.41193622516243517,0.14302490843024515,0.0015300475950144202,0.2823108305996504
0.5834557146227876,1.5693755925225368e-20,1.263930413907187e-11,0.0,0.4165442853650062,2015-05-11,0.1583041058647744,0.40692116896479813,0.1405002124792276,0.0015390686278029147,0.2927354440638296
1.2546724337982053e-45,5.505251357029503e-280,0.0001709277198563,0.0,0.9998290722802752,2015-05-12,0.05153042796439363,0.2218649839822096,0.04738079054378284,0.0018714517860274225,0.6773523457237175
3.759603861418253e-05,0.0082893643791892,2.2223515111135846e-11,0.0,0.991673039560274,2015-05-13,0.05287206483428897,0.22382411533732494,0.04914247439727518,0.0018562344874726302,0.6723051109439387
0.0011761638713039,0.9566201272304568,0.0205315156515411,0.0,0.0216721932464127,2015-05-14,0.21204572333285926,0.45511887134723816,0.2604548012995783,4.209622658773698e-05,0.07233850779345094
0.0692614599285726,0.9209976907538814,0.0095994167748442,0.0,0.0001414325428657,2015-05-15,0.2169493542447556,0.465972992975843,0.2607911369699544,9.041151102354515e-05,0.05619610429858741
0.998477506376415,1.786962162934276e-26,1.8458272343341602e-10,0.0,0.0015224934388676,2015-05-18,0.23427300742297114,0.538579493909706,0.20676877630516324,0.0013024113602511283,0.019076311001773455
0.003876578224347,0.9633812747512376,0.0326489873197147,0.0,9.315970434683211e-05,2015-05-19,0.21554427058041062,0.4600608865574216,0.26545966099374135,5.219907693795485e-06,0.05892996196037878
0.6374386994776868,0.3466313512564999,0.014894570008682,0.0,0.0010353792572794,2015-05-20,0.22744507168946623,0.5099621199958833,0.22818599035305548,0.000831591992788483,0.033575225968954465
0.0267623801588547,0.92489786589409,0.0482530936592863,0.0,8.666028789619582e-05,2015-05-21,0.21585152685089037,0.4612985036836911,0.26475941661538066,3.499460195498527e-05,0.05805555824821006
0.0624089369712934,0.9240087453963142,0.0135042372629693,0.0,7.808036905612507e-05,2015-05-22,0.2167998203922384,0.4653146513544472,0.2613514916882416,8.137407561775254e-05,0.056452662489087924
5.61445944400428e-07,8.187151641269414e-21,0.9986885022018503,0.0,0.0013109363520601,2015-05-25,0.20758327807142016,0.4252964380113249,0.30331930201154556,2.4545043415027364e-06,0.06379852740122255
0.0305151568300893,0.0624640113186021,0.9058513736455136,0.0,0.0011694582062401,2015-05-26,0.2089191791666275,0.43099809614327605,0.29795582269173154,4.1905753405908596e-05,0.06208499624540396
0.0482946469203218,0.7837927215166289,0.1675933441736455,0.0,0.0003192873893395,2015-05-27,0.21526848503005885,0.4587038737499126,0.2681549391959632,6.345520198211016e-05,0.05780924682201891
0.0019227428337808,0.945176882183619,0.0527080338287695,0.0,0.0001923411541126,2015-05-28,0.2153316013366103,0.4591750014761145,0.26633729344068546,2.8625515774852515e-06,0.05915324119529404
0.996061636743628,2.6334361061140287e-35,2.294968982628887e-12,0.0,0.003938363253949,2015-05-29,0.23383078733304866,0.5378131019496062,0.2063830225124194,0.0013037889583875342,0.02066929924640981
0.0076109014393464,0.9474864925522624,0.0436953633506185,0.0,0.001207242657958,2015-06-01,0.21534360409632675,0.4596955275086534,0.2654368170175286,1.2165599618788288e-05,0.059511885778057744
1.5288287407221765e-44,2.5340868526004822e-290,0.0021474452126867,0.0,0.9978525547874484,2015-06-02,0.05183932686892523,0.22226766640435408,0.04788740833473675,0.001867752196472951,0.6761378461956457
1.819790982410573e-11,1.9812813550485378e-23,0.7074936111521202,0.0,0.2925063888294988,2015-06-03,0.16207394850572268,0.3659701651638162,0.22868060533292087,0.0005475051876363388,0.2427277758097206
0.0012625220623765,0.9706577075457709,0.0237549788905313,0.0,0.0043247915013863,2015-06-04,0.21487087947972391,0.4591594491654236,0.26434216473357425,9.738249437335393e-06,0.06161776837190587
0.001767452817517,0.9233829318333696,0.0746118223882259,0.0,0.0002377929606338,2015-06-05,0.21514689766627035,0.45837722733195757,0.2671957123641228,2.7455103203788973e-06,0.05927741712707513
5.378875947366313e-07,2.2086855393890934e-24,0.9983409737687576,0.0,0.0016584883438587,2015-06-08,0.2075289604769734,0.42522562742503006,0.30323022031978564,3.1050116700573675e-06,0.06401208676675176
0.0194905367924184,0.8465470858560372,0.1322843899802378,0.0,0.0016779873710513,2015-06-09,0.214784662954484,0.4573775508401245,0.2681283118567073,2.850858477066376e-05,0.059680965763658285
0.780304571416718,3.728787912305781e-35,9.490466454062512e-11,0.0,0.2196954284879761,2015-06-10,0.1943368919034728,0.469367988066293,0.17193203434924523,0.0014268197929316348,0.16293626588765578
3.61832401620021e-36,1.680514662063921e-263,0.0028338095641725,0.0,0.9971661904359838,2015-06-11,0.05194659492855769,0.22240750167550205,0.048063336143522886,0.0018664674790877238,0.6757160997734855
0.0360915081017891,0.9463399934015866,0.0138024713927154,0.0,0.0037660271038873,2015-06-12,0.21569682395614095,0.4623661853230022,0.26207346979544577,5.4023799677098534e-05,0.05980949712571231
0.0039870943175999,0.9929744963173563,0.001629180673694,0.0,0.0014092286912202,2015-06-15,0.21557706086802628,0.46085206518243244,0.26395059066358784,7.827129878565098e-06,0.05961245615594536
0.0287049913817729,0.965114160419096,0.0041662217678644,0.0,0.0020146264316794,2015-06-16,0.21592226278104446,0.46254871552295446,0.26249966131856445,4.11317068776868e-05,0.05898822867097171
0.0379719401297101,0.9578647334702802,0.0038265451970863,0.0,0.0003367812031339,2015-06-17,0.2163748067879076,0.4636859136087043,0.26231855678215554,5.005249766908273e-05,0.057570670323773956
0.9988773014128668,2.714979063925506e-09,9.31379350278318e-06,0.0,0.001113382078682,2015-06-18,0.23434764511563067,0.5387082199571787,0.20683500137696528,0.0013021659476828945,0.018806967602572854
0.1345655824254514,0.8601472979857583,0.0052465801689478,0.0,4.05394202279287e-05,2015-06-19,0.2182286232719206,0.47125312116031326,0.2568931763838458,0.00017521879812860692,0.05344986038617715
0.99821633276093,7.804778235982046e-37,3.714154971178738e-13,0.0,0.0017836672384598,2015-06-22,0.23422520009086947,0.5384966411607806,0.20672707338657478,0.0013025602892431964,0.019248525072292962
0.0683848680157811,0.9108156932852934,0.0207420248192784,0.0,5.741387924393889e-05,2015-06-23,0.21685799231522943,0.4655304636024303,0.2612968686959225,8.91133250290792e-05,0.05622556206098549
0.0134644678542344,0.6510223297053442,0.3351340490769275,0.0,0.0003791533636042,2015-06-24,0.21327031465438814,0.45004217278470654,0.27671480257247516,1.823427500499291e-05,0.05995447571353542
0.9767236943734852,3.7402438217155936e-06,0.020208466648727,0.0,0.0030640987340793,2015-06-25,0.23344989894886642,0.5357965134862005,0.208475852146456,0.0012769833675547455,0.02100075205103524
0.0080564251575789,0.9241524246736358,0.0677515169992023,0.0,3.963316915948402e-05,2015-06-26,0.21535230611424733,0.45915860955298343,0.2666085259170919,1.0559969555356155e-05,0.058869998445698415
1.6600171183604026e-06,8.295192589194073e-05,0.9937675753507994,0.0,0.0061478127057807,2015-06-29,0.2068280391833497,0.4243140640889119,0.30207616093301237,1.1509462569261733e-05,0.06677022633174698
0.9909436661217412,0.0002275385161006,0.0077416480277479,0.0,0.0010871473343924,2015-06-30,0.23414122372704033,0.537821153324165,0.20759953293908,0.001291790873234994,0.019146299136461552
0.9993500372401288,1.0792377120424322e-12,1.115224335468083e-06,0.0,0.0006488475342228,2015-07-01,0.23443289670046438,0.5388565160688598,0.20690838339044462,0.0013019117311551468,0.018500292108842156
0.0740553002065981,0.7628158676050284,0.1628032948250071,0.0,0.0003255373634436,2015-07-02,0.21579001351380198,0.4608844226345607,0.26648674111704185,9.69955033949066e-05,0.05674182723127776
0.7039321343431717,0.1043007196984624,0.1095935011971201,0.0,0.0821736447609635,2015-07-03,0.21461547010945997,0.49240684991697375,0.2104701741068566,0.0010700083812831519,0.08143749748514395
0.0935438068182127,2.65839311594545e-99,7.380441372467543e-07,0.0,0.9064554551377476,2015-07-06,0.0686268350496634,0.2515054293257597,0.062273765953193526,0.0018184289945722568,0.6157755406769083
0.0035954308020718,0.9558881919389018,0.0313632562011355,0.0,0.0091531210575745,2015-07-07,0.21406118253795714,0.45791811782312664,0.2634585800430809,2.1812161659370153e-05,0.06454030743385958
1.6291041908413377e-11,2.4932073727732885e-12,0.9270973477062536,0.0,0.072902652274854,2015-07-08,0.19639459271897547,0.4107107580845504,0.2849690825673922,0.0001364571231320087,0.1077891095058415
0.0062686775318894,0.5649601121517319,0.4265992565713121,0.0,0.0021719537447702,2015-07-09,0.2121126286569561,0.44581603849926815,0.28032725610330345,1.2224356164682855e-05,0.061731852384011125
0.0841038076676532,0.88757956891911,0.0281195457634195,0.0,0.0001970776496774,2015-07-10,0.21707193825483057,0.46646419276245865,0.26065358044085585,0.00010983362260363056,0.05570045491911142
0.98836846898828,0.0009230554001331,1.823146982797985e-06,0.0,0.0107066524644291,2015-07-13,0.23257445862187884,0.5355936590940445,0.20535546504448704,0.001306444660638092,0.025169972578776234
0.0268442097024447,0.9271303129713372,0.0459862729393746,0.0,3.920438681452241e-05,2015-07-14,0.21587890014079916,0.46139642502752815,0.26467608457638875,3.501228002652402e-05,0.058013577975228325
0.9987548572969794,1.1774752121369852e-15,0.0001239341477966,0.0,0.0011212085552187,2015-07-15,0.23434314489780775,0.5386927280598249,0.20684482884063976,0.001302021230755025,0.01881727697096809
0.9994993449829956,2.987733953927707e-14,1.0250037665581224e-05,0.0,0.0004904049790938,2015-07-16,0.23446165481041537,0.5389057423755611,0.206934565510065,0.0013018094933367611,0.018396227810406354
0.0449408561603679,0.9123843722314152,0.0426365163690969,0.0,3.825523923357785e-05,2015-07-17,0.21624602553147776,0.4629289812529365,0.26350594524030274,5.856407042145425e-05,0.05726048390497504
0.014310228812145,0.911765895207552,0.073864542676078,0.0,5.9333303962191615e-05,2015-07-20,0.2154180248205192,0.45942626411330606,0.266485058622021,1.873643927691235e-05,0.05865191600461406
7.324991965864819e-07,6.485944213955017e-07,0.9970057589610382,0.0,0.0029928599450251,2015-07-21,0.20732042934553885,0.4249538165313758,0.302888152077994,5.602903997434263e-06,0.06483199914077498
0.99522332233647,2.6770811913959974e-55,3.821000959561053e-12,0.0,0.004776677659802,2015-07-22,0.23367733557265577,0.5375471615275899,0.20624916474230423,0.0013042669891791814,0.02122207116836365
0.0023262225991582,5.836414634558227e-05,0.9972763571998756,0.0,0.0003390560541684,2015-07-23,0.20779787526989657,0.4257604670926875,0.30334136293962977,3.6623147203063385e-06,0.06309663238261348
1.167421202114677e-05,1.381138760515311e-19,0.995597743280959,0.0,0.0043905825073964,2015-07-24,0.20710227475279833,0.42467027283987463,0.3025288580762445,8.233362679086254e-06,0.06569036096877981
1.2354357545887949e-21,8.846388645550374e-106,0.921703280415176,0.0,0.0782967195850976,2015-07-27,0.19555158399788336,0.4096118069742862,0.2835864838950558,0.0001465535857778537,0.11110357154727024
0.0106001421671237,0.7308783504838408,0.2572463924237009,0.0,0.0012751149251942,2015-07-28,0.21368915340405595,0.45235917974488027,0.273628907843801,1.61832669257966e-05,0.06030657574019642
0.1107428546397864,0.8616875062960878,0.0273553767693901,0.0,0.0002142622943853,2015-07-29,0.21757614974673892,0.4685683514814744,0.2590905312917286,0.00014453765854477237,0.05462042982116295
0.1171309329170008,0.8657628410826357,0.0169736187521053,0.0,0.000132607248004,2015-07-30,0.2177923118317329,0.4694541794469605,0.2583342035769745,0.00015269917872500909,0.054266605965352765
0.9988134313460963,3.9925268567923055e-17,9.013213499444592e-09,0.0,0.0011865596404994,2015-07-31,0.2343344991906018,0.5386860619650979,0.20682241735459753,0.0013022197897233812,0.018854801699788305
0.2084388035948261,0.6512647831955305,0.140129643776782,0.0,0.0001667694326454,2015-08-03,0.21852364280671513,0.47222341494832654,0.2579167272189111,0.0002716042599283621,0.051064610765902775
0.0007557631378339,0.7821469703469875,0.2148560285957866,0.0,0.00224123791943,2015-08-04,0.21368270708726284,0.452858478602047,0.2723212009160172,5.178744129950709e-06,0.06113243465058106
0.1326678013233004,0.8552973450759428,0.0117813815310542,0.0,0.0002534720696295,2015-08-05,0.21810595616484965,0.4708227923642746,0.25721228850644157,0.00017314731536874142,0.05368581564899226
0.0843703905252349,0.8687130334045787,0.0467456765307549,0.0,0.0001708995390108,2015-08-06,0.21693301747010033,0.4658324417832049,0.2613747343117861,0.00011013159225950565,0.055749674842228474
0.0190933004707609,0.8864091448975248,0.0943718157454088,0.0,0.0001257388865549,2015-08-07,0.21533386046273673,0.45905869795807996,0.2670006286602269,2.50861097194399e-05,0.05858172680948629
0.0001385713638525,0.342125561155221,0.6550079456872433,0.0,0.0027279217939868,2015-08-10,0.21008827803808772,0.4371249738165161,0.28951985073781394,5.286403493579778e-06,0.06326161100439219
1.1811038379779532e-06,4.3758126732172145e-21,0.9991063926713146,0.0,0.0008924262251575,2015-08-11,0.2076487012712895,0.4253817727893776,0.3034265139696939,1.6719554313966677e-06,0.06354134001451746
1.3952681104054604e-11,5.301885387592088e-46,0.9946230606077784,0.0,0.0053769393778422,2015-08-12,0.20694781009092278,0.4244679940938517,0.3022771649015996,1.0064403105654117e-05,0.06629696651009334
0.0106341441012133,0.9546711407481197,0.0345018249539893,0.0,0.0001928901968211,2015-08-13,0.2156402223421792,0.46049945310587304,0.2651227558373548,1.4201844266344008e-05,0.058723366870469966
0.9945742543975292,2.910504765064658e-44,6.234423773028909e-19,0.0,0.0054257456028105,2015-08-14,0.23355852499556592,0.5373412562002262,0.20614552488202037,0.0013046371062450503,0.021650056816281897
0.0016053142562242,0.0501646628277375,0.946688378940338,0.0,0.0015416439754222,2015-08-17,0.2079893995022454,0.42720598191137926,0.3011369239977683,4.974991441280802e-06,0.06366271959688743
0.0122024843012219,0.8044503047916441,0.1826239862264967,0.0,0.0007232246807987,2015-08-18,0.21440380187698932,0.4552558467114406,0.2707289981110681,1.7235771866507508e-05,0.05959411752879687
0.0128055693647152,0.9781506278757894,0.0087368599541024,0.0,0.0003069428051253,2015-08-19,0.21586737101431536,0.4615531805517116,0.2639624764932824,1.7241528480693028e-05,0.05859973041194228
8.499589601462863e-13,4.751609903105921e-25,0.973702888546681,0.0,0.0262971114528046,2015-08-20,0.20367831297775,0.4202058584964364,0.2969149399789899,4.922218963345334e-05,0.07915166635752566
1.326396396414566e-05,0.702193385955195,0.1555928485060341,0.0,0.1422005015747482,2015-08-21,0.19115308222264948,0.4214317503547267,0.23965571437800484,0.0002661841415655581,0.1474932689029948
6.747246686168696e-147,0.0,3.976188140835629e-23,0.0,1.0,2015-08-24,0.0515037146235694,0.2218301603145464,0.0473369786250051,0.0018717717237,0.6774573747131787
4.9480868801314975e-26,4.982843676584632e-14,1.0099424630829427e-24,0.0,1.0,2015-08-25,0.051503714623580145,0.22183016031456934,0.047336978625018275,0.0018717717237,0.6774573747131816
2.9582579816560215e-13,1.2949553786542668e-08,0.0047791683552957,0.0,0.9952208186946874,2015-08-26,0.052250626340143866,0.22280383912899282,0.04856197019725209,0.0018628261872706653,0.6745207381461727
0.0007553217599583,0.011516214188032,6.5137132754608826e-12,0.0,0.9877284640455264,2015-08-27,0.053533429890523954,0.2248233570010185,0.049957576293933895,0.0018497852935879572,0.6698358515209657
0.0192060483990834,0.2819445938442357,9.844609478528684e-05,0.0,0.6987509116621561,2015-08-28,0.10134209517698062,0.2953573539938526,0.11163474068431901,0.0013328996998842777,0.49033291044522365
0.000167270056996,0.5796585456024884,0.124467894171406,0.0,0.2957062901686611,2015-08-31,0.16619146308076826,0.385840725471722,0.20510199090732895,0.0005537123816617175,0.24231210815807042
6.651478615141103e-29,8.432822986450719e-45,0.0080668135000627,0.0,0.9919331864998424,2015-09-01,0.05276443195203105,0.22347363881191765,0.04940465131206865,0.0018566724902900436,0.6725006054335972
5.6045172367873225e-15,1.1112132392406888e-106,0.0019571257275751,0.0,0.998042874272702,2015-09-02,0.05180958289718799,0.2222288919885163,0.04783862594983155,0.0018681084311039252,0.6762547907336425
0.0540814262807251,0.0018498009507536,1.0215103181831205e-07,0.0,0.94406867061715,2015-09-03,0.06170704300902253,0.23942885395895983,0.056374014367858195,0.0018374703550432848,0.6406526183087763
1.0000455441116814e-30,2.707310524301093e-116,0.0389434657574508,0.0,0.9610565342425094,2015-09-04,0.05758997186883279,0.22976424092589753,0.05731890525387899,0.0017988784456722498,0.6535280035056782
8.855371533929312e-18,1.214344887218924e-76,0.0377992459920103,0.0,0.9622007540080442,2015-09-07,0.0574111481380233,0.22953112526249347,0.05702562068036675,0.0018010201638750767,0.6542310857552954
3.839314642689076e-05,3.547558765836065e-18,6.0589703939726235e-19,0.0,0.9999616068538484,2015-09-08,0.05151074241156565,0.22184233986143373,0.04734310904689797,0.0018717498308329738,0.6774320588495445
0.0054881773733134,0.1246256791816499,3.1929568842802074e-08,0.0,0.8698861115150486,2015-09-09,0.0729771885907312,0.2533698151115767,0.07526761576550578,0.0016353713262660535,0.5967500092055006
4.678587376362907e-06,0.1170552030975294,0.0999447699005881,0.0,0.7829953484145955,2015-09-10,0.08634985523479331,0.270182204337653,0.09836628032849846,0.001465594642334614,0.5436360654568096
0.0092592843172296,0.8263665510591015,0.0804526711054545,0.0,0.0839214935185082,2015-09-11,0.20149685500343356,0.43874675355811094,0.24882833309241925,0.00016913323703794623,0.11075892510929204
0.9290814517372948,0.0030165410093166,9.034201873680672e-06,0.0,0.0678929730515783,2015-09-14,0.22206705663770276,0.5172879331754482,0.19634512802398263,0.0013363197848605122,0.06296356237806904
0.0022403359661305,0.5203951224958594,0.4739804166045875,0.0,0.0033841249336757,2015-09-15,0.21146070811340342,0.4435355270873685,0.28215432489991377,9.250203383246723e-06,0.06284018969618413
0.1270363319088503,0.8704456490542751,0.0016255994342739,0.0,0.0008924196024804,2015-09-16,0.21797593616309183,0.4705892723010099,0.2569984325970229,0.00016701367862031127,0.05426934526013477
0.0332407398438316,0.951010808108229,4.996289300893687e-05,0.0,0.0156984891549987,2015-09-18,0.2137928412996312,0.4597768007022395,0.25910721428404,7.264824672239536e-05,0.0672504954674352
0.03162417861234,7.231665507945085e-16,0.7861608996436354,0.0,0.1822149217438301,2015-09-21,0.18015716271848367,0.3920295225569308,0.2538940660451078,0.0003822249725094122,0.17353702370677437
3.489211149888878e-42,1.8022648259807115e-240,0.0001315736516071,0.0,0.999868426348259,2015-09-22,0.05152427753635941,0.22185696624814066,0.04737070337216983,0.0018715254478590872,0.6773765273953367
0.001924148559649,1.3261140156435484e-28,3.174220389950017e-06,0.0,0.9980726772199192,2015-09-23,0.051856422215995714,0.22244120911616805,0.04764503046810473,0.001870668577874648,0.6761866696218146
0.004849787315998,0.9466000761559584,0.0038302648038259,0.0,0.044719871723825,2015-09-24,0.20846230612800845,0.450485818400475,0.25458535105441027,9.001759904049977e-05,0.08637650681767305
6.300048539480277e-10,2.814516909664719e-60,0.7433280171777433,0.0,0.2566719821922197,2015-09-28,0.1676743082431733,0.37327082698466985,0.2378656228598561,0.00048043135935340534,0.220708810552915
9.130950498660704e-12,6.488943195464517e-19,1.7857667819111693e-13,0.0,0.999999999990905,2015-09-29,0.05150371462527976,0.221830160317527,0.04733697862651901,0.0018717717236948607,0.6774573747071935
0.0576700684880846,0.8603957440518311,3.2160608659160897e-06,0.0,0.0819309713992925,2015-09-30,0.20337440392665496,0.44585053589443197,0.2433248558801671,0.00022841616054249624,0.10722178813827746
0.1692048549185283,0.3807922941032631,0.4444139612767627,0.0,0.0055888897015194,2015-10-01,0.21447369191209875,0.4570986649481501,0.2709303297702506,0.00023068855256299408,0.05726662481701085
0.9853433965806438,1.4032732177485483e-81,2.0442775727322243e-23,0.0,0.01465660341979,2015-10-05,0.23186883509861908,0.5344129297802817,0.2046715885679458,0.0013099008047510134,0.027736745748836056
0.0338161051913851,0.9618279653653632,0.0042228399173853,0.0,0.0001330895257609,2015-10-06,0.21632695654328343,0.46339591538834796,0.26261690813635497,4.426223467891138e-05,0.05761595769722921
0.2077868215868815,0.6928044323845718,0.099199817689554,0.0,0.000208928338959,2015-10-07,0.21883019223851596,0.47361015400479417,0.2563391692175244,0.0002708345890338166,0.050949649950097875
0.0002118743153049,1.1710044442460158e-12,0.9985408945228564,0.0,0.0012472311609324,2015-10-08,0.20759888968438833,0.4253334006841497,0.30331520881012003,2.610295592445601e-06,0.06374989052601406
0.0377437078252524,0.9598761879223544,0.0016764343022595,0.0,0.0007036699500545,2015-10-09,0.21632736736515978,0.46365641055290663,0.2621676564468434,5.044217544941257e-05,0.05779812345956152
1.8388621958550005e-05,3.935219969301815e-24,0.9961398243910332,0.0,0.0038417869871497,2015-10-12,0.20718822264784656,0.424782842838555,0.3026688755589373,7.214881836732822e-06,0.06535284407296578
0.0213189366569434,0.8774933800312941,0.1009564743264854,0.0,0.0002312089850812,2015-10-13,0.21530598817978785,0.45897445205695103,0.2671083015498451,2.818028729197687e-05,0.05858307792592803
0.0300630354358717,0.8653226610834602,0.1044707668713693,0.0,0.0001435366089177,2015-10-14,0.21545685418564384,0.45955426161719637,0.2667632179001394,3.939700684702589e-05,0.05818626928979233
0.9980995155338558,2.8781590305733932e-05,0.000624861886116,0.0,0.0012468409894794,2015-10-15,0.23430620028384005,0.5385937699539063,0.2068748322403157,0.0013014034303832909,0.018923794091311213
0.3323884480310221,0.665825398759913,0.001027563179247,0.0,0.0007585900294186,2015-10-16,0.22186436221523112,0.4866860384204707,0.2452148366265132,0.0004340378287659378,0.04580072490861956
0.098153388602421,0.8812389912339607,0.0204680014170539,0.0,0.0001396187463428,2015-10-19,0.21740647430289897,0.46784623581354173,0.259559273116752,0.0001280122090592512,0.0550600045575264
0.0141519414726322,0.9176708600480876,0.0680380099289731,0.0,0.0001391885501475,2015-10-20,0.21544830220544345,0.45960089806214727,0.26624821299799917,1.8679892259700453e-05,0.05868390684199079
0.0111850531643479,0.9181897142303428,0.070346320297888,0.0,0.000278912307119,2015-10-21,0.21535119030969394,0.45925404550687177,0.266478773014557,1.5079889960156678e-05,0.05890091127861472
0.0745234612604451,0.9058891581361088,0.019488240254398,0.0,9.91403488135014e-05,2015-10-23,0.2169765545440795,0.46604442699457305,0.2608862054417781,9.718107169665467e-05,0.055995631947638055
0.0010200413114342,1.5512999775410098e-23,0.9951552489892884,0.0,0.0038247096989104,2015-10-26,0.20721769934859707,0.42490000865156946,0.3025764495671115,8.48661128951568e-06,0.06529735582106536
0.0508525597513009,0.8378904699638081,0.1106802598887376,0.0,0.0005767103960668,2015-10-27,0.2157272421323713,0.460855277448555,0.26571928660495747,6.726627311621221e-05,0.05763092754091336
0.0002989182221106,0.875371535901146,0.1239999975052373,0.0,0.0003295483712315,2015-10-28,0.21471116244605154,0.4564936122963515,0.26919779154606394,1.0058942996037631e-06,0.05959642781695884
3.672573423863158e-05,1.6871584825453174e-13,0.999471022012298,0.0,0.0004922522528622,2015-10-29,0.20771219353190407,0.42546733583196056,0.30352565076241783,9.691839771785899e-07,0.06329385068930779
0.0002310955754301,0.0001712659957073,0.9975431649838978,0.0,0.0020544734453539,2015-10-30,0.20747460771229706,0.42517717811516453,0.3030997207240096,4.14628617484477e-06,0.06424434716274295
0.018435663568966,0.8634395049112901,0.117806007732367,0.0,0.0003188237869649,2015-11-02,0.21510328288663005,0.45813224402864866,0.267915881932831,2.4591577744427053e-05,0.058823999573733715
0.0236070705799715,0.9294169146207192,0.0469133709847391,0.0,6.264381443922784e-05,2015-11-03,0.21580679717679718,0.46110511847221036,0.2648932127918054,3.084287690025073e-05,0.05816402868215574
0.0071344681677275,5.637312785347186e-11,0.991845217334416,0.0,0.0010203144417208,2015-11-04,0.20781962645425245,0.42616533881166646,0.3027043480859755,1.1195614188493125e-05,0.06329949103415433
7.739008843163983e-08,2.8845484026264468e-27,0.997276725444539,0.0,0.0027231971653819,2015-11-05,0.20736255074390572,0.42500865852212366,0.302957360367805,5.097304178764505e-06,0.06466633306199604
0.0077263484765903,0.9096195324084132,0.0790956839347494,0.0,0.0035584351800187,2015-11-06,0.21467788011312788,0.4578901960984725,0.2663086737857965,1.6716754603836063e-05,0.0611065332477709
1.4267949882057146e-07,7.54050682636083e-53,0.6002462682506527,0.0,0.3997535890697269,2015-11-09,0.14531288504849357,0.34412035583308387,0.20119116133885423,0.0007482476501718345,0.30862735012927467
1.5040178185125353e-14,3.635645661151237e-44,0.8279383656118399,0.0,0.1720616343883005,2015-11-10,0.18089758798150551,0.39050877189258004,0.25955281144897296,0.000322060101981648,0.16871876857511503
0.0285410150128761,0.8470614140098133,0.1214204525322123,0.0,0.0029771184453796,2015-11-13,0.2148279451780476,0.4581582876710627,0.26690047174554943,4.271984988674744e-05,0.06007057555573475
0.9345779542421002,2.349448319730005e-07,0.0020269490326082,0.0,0.0633948617801445,2015-11-16,0.22289314247208394,0.5187215040284501,0.197085216880318,0.0013350542827836366,0.05996508233604889
0.0373749674018569,0.9504991078384444,0.0119459915931838,0.0,0.0001799331668644,2015-11-17,0.21632472426550534,0.46338957833636074,0.2627054354396313,4.8981928160551086e-05,0.05753128003069143
7.56242402663212e-12,3.907471679924816e-33,0.997812618044582,0.0,0.0021873819482993,2015-11-18,0.20744628824733632,0.42511781313934577,0.30309470714277875,4.094279689601267e-06,0.06433709719129316
0.9931270925142762,2.621365249969437e-05,1.488966541704413e-07,0.0,0.0068465449368325,2015-11-19,0.23329795360661512,0.5368884678320172,0.20592017819355063,0.0013054129745676789,0.02258798739351169
0.0088469170398315,0.9804504583904116,0.0105472713572601,0.0,0.0001553532122644,2015-11-20,0.21580341738254918,0.46121611011977554,0.26429367840275647,1.1805430387022987e-05,0.05867498866429935
0.027401466091496,0.8986018540656235,0.0738642274886931,0.0,0.0001324523540044,2015-11-23,0.21565220129225757,0.4604315755928291,0.2657176104087753,3.591211219377639e-05,0.05816270059376122
0.0181419260481729,0.8820621217544176,0.0996727404933908,0.0,0.0001232117041888,2015-11-24,0.21527419807637943,0.45879747121191905,0.2672637711663555,2.3843124508857345e-05,0.058640716421007065
0.9952457470850148,2.9320853889340292e-05,0.0036287900626166,0.0,0.001096141998068,2015-11-26,0.23425337949277622,0.5383005915015768,0.2071892361578112,0.0012974070533782632,0.018959385794045856
0.1507783736178292,0.8482193521586397,0.0008367172710027,0.0,0.0001655569528227,2015-11-27,0.2185480699922695,0.47264587528730756,0.2557622509423828,0.0001965544503993676,0.05284724932793504
0.0527476277779413,0.8560811779723899,0.0909908924998824,0.0,0.0001803017502151,2015-11-30,0.21598468162830614,0.4617945635221609,0.26492405533785074,6.899079950898633e-05,0.057227708712601896
0.0721434877107673,0.8559329663860147,0.0718407786560019,0.0,8.276724688195858e-05,2015-12-01,0.21651784739083882,0.4640106031941195,0.2630803864854154,9.405278661839104e-05,0.056297110142673724
0.0175922445750713,0.001124783414499,0.980822818432615,0.0,0.0004601535779061,2015-12-02,0.20819600957920417,0.42750619511591376,0.3017931219591735,2.3758368601916976e-05,0.06248091497719782
0.0006492554540564,0.0125247287647828,0.9853655119611746,0.0,0.0014605038196756,2015-12-03,0.20767694068932468,0.42578261308387777,0.3027268793262231,3.57876376766113e-06,0.06380998813649609
0.0003479608749946,0.0006970003581486,0.9932833810030456,0.0,0.0056716577641985,2015-12-04,0.20691660984763285,0.42447209744355907,0.3021406489749014,1.1068934737215647e-05,0.06645957479955662
0.0221540277563205,9.91399516006754e-05,0.9761910715496676,0.0,0.0015557607425358,2015-12-07,0.20813871033299058,0.42776446264772,0.3011116710032394,3.17464529526606e-05,0.0629534095632218
7.146363328900967e-05,0.3905071032914264,0.6083116738291126,0.0,0.001109759246267,2015-12-08,0.21072441343356962,0.43915836760178917,0.28804290534876065,2.1702289826095155e-06,0.06207214338699281
1.0274137658169072e-09,2.542911154003016e-38,0.9975401608248214,0.0,0.0024598381475085,2015-12-09,0.207403707613412,0.4250623048554948,0.3030248715083837,4.6042568266083916e-06,0.06450451176562641
0.6319497497152267,0.365511130598925,0.0007180109855809,0.0,0.001821108700217,2015-12-10,0.22732562272542947,0.5098468599973525,0.22777433767688962,0.0008259185937515766,0.03422726100652612
5.54788754626438e-09,2.284668605655982e-23,0.9971646642956518,0.0,0.0028353301560212,2015-12-11,0.2073450241808297,0.4249858051442119,0.30292862556259104,5.307098034209653e-06,0.06473523801389346
0.9764262754320644,3.5582703327139416e-35,0.0001962413942407,0.0,0.023377483173849,2015-12-14,0.2302672435396378,0.5316241116766344,0.2032980484046649,0.0013146182825635865,0.03349597809665319
0.7628528774771596,0.2315460753849498,0.0036043484231932,0.0,0.0019966987147703,2015-12-15,0.22973547135953717,0.5199298932309345,0.22033436444261492,0.0009966233328331914,0.02900364763415286
0.1473402035662573,0.8489084448226977,0.0036301411401483,0.0,0.0001212104713113,2015-12-16,0.2184684670531045,0.4722890555739014,0.25607885874437447,0.00019199651708810047,0.052971622111946046
0.9870855057520218,0.0007601669811594,1.3818102157096795e-06,0.0,0.0121529454567302,2015-12-17,0.23231279256795503,0.5351476243452452,0.20511513434021875,0.0013074819589004364,0.026116966787807366
5.922411687340116e-07,1.3950426887200529e-18,0.9986652205800576,0.0,0.0013341871787349,2015-12-18,0.20757964515349944,0.4252917045390598,0.30331333942085,2.4980646627398327e-06,0.06381281282188911
0.9979435668121168,5.95688108079434e-34,1.912126250696996e-07,0.0,0.0020562419752048,2015-12-21,0.2341753007178454,0.538410149942982,0.2066835685217506,0.0013027154702645364,0.019428265347103808
0.0029316824244584,0.0055993041348465,0.9910476285458828,0.0,0.0004213848949409,2015-12-22,0.20784530961812858,0.42600840547087604,0.30304435420239517,4.604447629729805e-06,0.06309732626109882
0.9951698957122548,0.0006261478927874,0.0008096711887692,0.0,0.0033942852057345,2015-12-23,0.23389693521086613,0.5378448849363766,0.2065840944795882,0.0013016099290136206,0.02037247544370097
0.0596520429138327,0.8219378509459682,0.1183495776806015,0.0,6.052846000009101e-05,2015-12-24,0.21591646206247184,0.46139490255433163,0.2656270639208061,7.775300576108231e-05,0.05698381845703168
0.9985964129569468,4.0236151553692237e-16,6.445769108297249e-05,0.0,0.0013391293519365,2015-12-28,0.23430484673710025,0.5386303470600747,0.20680428434631598,0.0013022229065883595,0.018958298949886963
0.0526754262472147,0.8756459754248251,0.0716524532000668,0.0,2.614512801581176e-05,2015-12-29,0.21616254527998743,0.4625098154851927,0.26420294335871575,6.860828009181452e-05,0.05705608759613473
0.0158072714780119,3.2191111694378644e-05,0.9833465562227628,0.0,0.0008139811875164,2015-12-30,0.20808424436339512,0.42719286911440624,0.3019178021074797,2.2097433535532305e-05,0.06278298698116876
0.9895721939754266,2.130166187099077e-06,0.0087665966136276,0.0,0.0016590792448253,2015-12-31,0.2340133403247444,0.5375409979295,0.20759432377354498,0.0012910763689787412,0.019560261603298143
1.103349686542248e-23,9.621060924270802e-96,0.9921565934475948,0.0,0.0078434065520548,2016-01-04,0.2065623396806444,0.4239654926070101,0.3016449639961783,1.4681066601619487e-05,0.06781252264921496
0.0821734960806895,0.0046826568260582,0.9118589148058948,0.0,0.0012849322870801,2016-01-05,0.2098238482192372,0.4347939171331108,0.295200769082803,0.00010935745425033161,0.06007210811032111
0.000674942880111,0.0021336922825722,0.9899867988787932,0.0,0.0072045659583928,2016-01-06,0.20669722508353086,0.42424772336322814,0.3016597687217527,1.4363770152570921e-05,0.06738091906120476
7.956392512532876e-22,2.5884652118984152e-70,0.7578177756413815,0.0,0.2421822243587416,2016-01-07,0.16993883173191543,0.37622287302555996,0.24157961438895434,0.0004533098395374619,0.21180537101415572
0.0779704796933472,0.9020629056460782,0.0186315856468033,0.0,0.0013350290134111,2016-01-08,0.21684520815585936,0.46604852753357034,0.2603864112817753,0.00010398081652429259,0.05661587221191047
2.16644339605922e-05,0.8650226853653948,0.1309433500779304,0.0,0.0040123001229685,2016-01-11,0.21404582550101733,0.4553457887902664,0.268686654889843,7.538307113685081e-06,0.061914192512013855
8.741066018003974e-07,2.1147592981323204e-22,0.9561111878244876,0.0,0.0438879380687446,2016-01-12,0.200929164107385,0.41662212063186477,0.29240600306171516,8.214933917606897e-05,0.08996056285969273
7.426344514422224e-09,0.0016457008699653,1.2508330120897884e-08,0.0,0.9983542791957026,2016-01-13,0.05177401243926928,0.22222366049953252,0.04769423918753804,0.0018686913196991196,0.6764393965543032
1.0698786940073695e-09,2.994364010907237e-05,0.0002990449425182,0.0,0.9996710103472922,2016-01-14,0.05155536891397126,0.22189824573909864,0.04742012981595899,0.0018711559315631651,0.6772550995992057
1.3593644565316813e-17,3.844060252380584e-102,0.0540139048837381,0.0,0.945986095116711,2016-01-15,0.05994524681775358,0.23283459115167074,0.06118173601890044,0.0017706700238528383,0.644267755988271
6.49318938214204e-11,1.8614165935582734e-09,0.1070351744857767,0.0,0.8929648235876726,2016-01-18,0.06823164589291457,0.24363678959719595,0.07477206314522089,0.0016714263071346761,0.6116880750573312
0.0843365117023673,0.0003291298760147,1.4741697798264657e-06,0.0,0.9153328842513876,2016-01-19,0.06699563051145833,0.24866342432307484,0.060875229692191335,0.0018230618230980719,0.6216426536497264
4.761892440588039e-35,8.19202043801113e-12,3.2550898226418813e-12,0.0,0.9999999999881766,2016-01-20,0.051503714625404214,0.22183016031708483,0.04733697862759999,0.0018717717236778693,0.6774573747058563
4.638635156201582e-08,4.2654868594421314e-30,0.0178711436819877,0.0,0.9821288099319666,2016-01-21,0.05429670457109729,0.225471122023981,0.0519176888926347,0.001838320995835627,0.6664761635167569
0.2399432042857286,4.672392151941258e-11,4.0444966968776284e-14,0.0,0.7600567956670626,2016-01-22,0.09542483400782341,0.29794789914680064,0.0856498861816385,0.001734949262370584,0.5192424314009221
0.103655600891088,0.8306865674734861,0.0558479102615679,0.0,0.0098099213743003,2016-01-25,0.21564010086275473,0.4647124442995948,0.25853221151110517,0.0001532741750192432,0.06096196915196829
0.1547976896137364,0.5632722038569259,0.2810981173553882,0.0,0.0008319891737116,2016-01-27,0.2162837756211618,0.4628872273965431,0.26638257431333945,0.0002030331727543153,0.05424338949596334
0.0159226225686269,0.8884447151829427,0.0949980317235208,0.0,0.0006346305253329,2016-01-28,0.21518566981798926,0.4586671525043777,0.2670967524347956,2.1911864464028454e-05,0.05902851337879667
0.9051280779199256,4.061387966231034e-130,2.003494061668925e-27,0.0,0.0948719220803148,2016-01-29,0.21718558287974774,0.5089660383233637,0.19186321544976528,0.0013556418681871683,0.08062952147917607
0.0815965576628535,0.4548472873600619,0.4611550216215306,0.0,0.0024011333551983,2016-02-01,0.213216535572233,0.45042411114807757,0.2773087173238451,0.0001106958175780696,0.058939940137910415
6.430610022642711e-15,7.167404281236704e-49,0.9858738261754494,0.0,0.0141261738244296,2016-02-02,0.20558044099530265,0.42268548372675363,0.30003457517441856,2.6440972728646784e-05,0.0716730591306817
2.456998892809608e-05,0.6756821429183946,0.3014121879683564,0.0,0.022881099123997,2016-02-03,0.20959016322580595,0.4448046211965031,0.2712785184178836,4.2860173249273915e-05,0.07428383698623409
0.0204952497460171,0.97655892906494,0.0019047680972502,0.0,0.0010410530921149,2016-02-04,0.2159457768754356,0.4622200879745246,0.26309360147447464,2.8624066501454916e-05,0.05871190960938583
0.99696100679164,1.2930837439346343e-16,1.267917429872378e-07,0.0,0.0030388664170015,2016-02-05,0.2339954350207917,0.5380984370257876,0.20652666183487697,0.0013032758746050206,0.020076190244323094
1.957568960610104e-14,7.71519440686232e-34,0.9830185809354428,0.0,0.0169814190649027,2016-02-08,0.20513421062802673,0.4221037752050674,0.29930272329791285,3.1785340034010445e-05,0.07342750552932394
0.0002619279104052,0.8963922077548762,0.043672959911308,0.0,0.059672904423797,2016-02-09,0.20560302015329568,0.4451427331124578,0.2531658500864724,0.00011203496565991318,0.09597636168250048
1.69791765018705e-07,0.0024116663187683,0.75532366061192,0.0,0.2422645032770981,2016-02-10,0.16994517027614464,0.3762914340521967,0.24146388934616636,0.0004534640678816139,0.21184604225716183
4.207895924496838e-84,0.0,4.400649982669945e-09,0.0,0.9999999955989552,2016-02-11,0.05150371531130213,0.22183016121101773,0.04733697975295395,0.0018717717154622488,0.6774573720088687
8.297789431421229e-13,0.0001662206397434,9.904519311814453e-09,0.0,0.9998337694549836,2016-02-12,0.05153101671317934,0.2218699065161625,0.0473730650903497,0.0018714605780673031,0.6773545511023168
0.003371634378576,6.696698734737035e-69,6.091943342662877e-31,0.0,0.9966283656216284,2016-02-15,0.052120885493146744,0.22289975170307433,0.047875344012821966,0.0018698491215768719,0.675234169669584
8.475908779023563e-30,1.7340254878161797e-197,4.6741066139270376e-05,0.0,0.999953258933696,2016-02-16,0.05151101952431662,0.22183968302594287,0.047348959220038934,0.0018716842350937567,0.6774286539944426
4.060993816928804e-08,0.0023987156011144,1.281972524883844e-10,0.0,0.9976012436603272,2016-02-17,0.05189769381852226,0.22240371807949244,0.04785770914843189,0.001867281852266943,0.675973597100863
0.0308043160254658,0.8539356279224769,7.232278587564386e-06,0.0,0.115252823773664,2016-02-18,0.1973962823284417,0.43578402324455867,0.23763370776960008,0.0002558201244014847,0.12893016653319228
0.278920645951427,0.6124777729074085,0.0983824745334031,0.0,0.01021910660801,2016-02-19,0.21853028262641455,0.47680307731008365,0.2500502818512692,0.000382155102439279,0.05423420311004175
0.1134408186559656,0.8399542033657205,0.0462559197894761,0.0,0.0003490581889429,2016-02-22,0.21745432886174276,0.46807836171722456,0.2596479218121089,0.0001483014823842858,0.05467108612664452
6.059499176970705e-23,6.300234103901447e-115,0.9710747614210492,0.0,0.0289252385785924,2016-02-23,0.20326757763470352,0.4196704214960926,0.2962413026527856,5.4141443672685636e-05,0.08076655677238707
4.54754650136924e-08,8.241838636017769e-11,0.9945077224681724,0.0,0.0054922319742413,2016-02-24,0.2069297928710338,0.4244445103163177,0.30224760889179114,1.0280263697667751e-05,0.06636780765745665
4.1487089683518266e-05,3.985125882606263e-18,0.9970262820626092,0.0,0.002932230848023,2016-02-25,0.20733099030534344,0.4249707713616703,0.3028997792118983,5.54246402779444e-06,0.06479291665737578
0.0272794928486375,0.9474243129104304,0.0014230205361669,0.0,0.0238731737048723,2016-02-26,0.21232717861796196,0.4573078891817552,0.2577287201267896,8.019056967480947e-05,0.07255602150392554
1.1417577806620003e-40,3.602240018398885e-16,2.5045088991461767e-21,0.0,1.0,2016-02-29,0.05150371462356947,0.22183016031454655,0.047336978625005195,0.0018717717237,0.6774573747131787
0.0003354252784801,2.795704046582276e-271,5.426838925819395e-70,0.0,0.9996645747213972,2016-03-01,0.051565113543953045,0.22193656805303952,0.04739053762335235,0.0018715804546354904,0.6772362003248965
0.1411206441141421,2.607303456004217e-06,2.1936560098240237e-11,0.0,0.8588767485603466,2016-03-02,0.07733599200346165,0.2665988127513255,0.06987096960587931,0.001791295825596197,0.5844029298136182
0.7838350068450507,0.0011153204667726,2.677092119042234e-07,0.0,0.2150494049791222,2016-03-03,0.1951663561533086,0.4707546894846114,0.1727379436730384,0.00142271851169416,0.15991829217750445
0.0270825402409978,0.951859499841888,0.0203147697735192,0.0,0.0007431901438117,2016-03-04,0.21597206052518056,0.4621547630783433,0.2635023849686185,3.6640178150089686e-05,0.0583341512499242
0.0056451668339692,0.953744074640766,0.0400580454791229,0.0,0.0005527130459295,2016-03-08,0.2154430869399615,0.45982710927443216,0.26554905121501104,8.38198110715266e-06,0.05917237058927568
0.9801889331419408,6.6507472327442195e-43,1.6394391761731856e-05,0.0,0.0197946724665485,2016-03-09,0.23092788315518553,0.5327811074803418,0.20385275230947023,0.001312809340313745,0.03112544771493951
0.0001246452889828,7.368827377576532e-06,0.996108899293915,0.0,0.0037590865898786,2016-03-10,0.2072040498820058,0.42481201233872234,0.30267951506884094,7.198383213076847e-06,0.06529722432737167
0.0206489096120155,0.969588423072088,0.0094132633209855,0.0,0.0003494039946889,2016-03-11,0.21600250953219122,0.46213188159897456,0.26352951364784283,2.752945223053541e-05,0.05830856576853871
0.0369058889510935,0.9436466846770182,0.019322561464001,0.0,0.0001248649076202,2016-03-14,0.2162662423053447,0.46310517584788646,0.26303373099268595,4.826832708625137e-05,0.05754658252672949
4.18321947571158e-08,7.214582144426557e-27,0.9978977049177344,0.0,0.002102253249729,2016-03-15,0.2074595936564568,0.42513516143635544,0.3031165231518262,3.93499263530744e-06,0.06428478676238432
0.0538683153028128,0.9392706114262468,0.0031982433758441,0.0,0.0036628298952577,2016-03-16,0.21613246192511623,0.4641548042886261,0.26065926769639963,7.69679204354292e-05,0.058976498169583974
0.0367175486785877,0.8928618296000851,0.0661855803181595,0.0,0.0042350414032064,2016-03-17,0.21521468080589387,0.46045007351259803,0.2639909060519003,5.5716506230779924e-05,0.060288623123415694
0.9988998684067122,2.316538483397029e-15,4.036321175000319e-08,0.0,0.0011000912300767,2016-03-18,0.23435032621965796,0.5387134889812576,0.20683622721934142,0.0013021704421654786,0.018797787137580277
0.9992387719291932,4.3934353937234345e-42,2.7499307950544147e-11,0.0,0.0007612280431964,2016-03-21,0.23441235552174378,0.5388209919134306,0.20689033126717227,0.0013019772652062632,0.018574344032335842
0.0092624789607143,0.9778351333837744,0.0128254855818999,0.0,7.69020735862153e-05,2016-03-22,0.215805986284785,0.46118675063801734,0.26437623487122786,1.219945955263845e-05,0.05861882874639191
0.0302456564409932,0.8784512577384114,0.0910755435208686,0.0,0.0002275422997031,2016-03-23,0.21555309511736248,0.46002225480378867,0.26620895074554507,3.979193544947073e-05,0.05817590739783055
3.5491357216922883e-16,4.217809546124891e-67,0.9718059208436972,0.0,0.0281940791566991,2016-03-28,0.2033818464664189,0.4198193830148671,0.2964287122623394,5.277288014126938e-05,0.08031728537662981
0.0061680657786132,0.8967240774309032,0.0968074605861124,0.0,0.0003003962043374,2016-03-29,0.21504272898465426,0.45792096953044303,0.26780030575514785,8.590277138782601e-06,0.05922740545258221
0.995759471377892,6.041444911393559e-37,4.292165404504349e-15,0.0,0.0042405286219906,2016-03-30,0.23377547657221598,0.53771724532983,0.2063347742867763,0.0013039612617048977,0.020868542549359298
0.013532529826911,0.9590592576841964,0.0273183776459022,0.0,8.983484316567763e-05,2016-03-31,0.21576882161769326,0.461004627966342,0.26469689783488265,1.7781322376416518e-05,0.058511871258880924
0.0046164391244746,0.8938420875497696,0.1011092761858915,0.0,0.0004321971397532,2016-04-01,0.21495766758698304,0.4576160683335546,0.26802954902323933,6.817469295729359e-06,0.05938989758681612
0.0981315757940867,0.8926202569610184,0.0084082852435867,0.0,0.0008398820015202,2016-04-04,0.21738702650632855,0.46810366773175793,0.258935359586743,0.00012929455170726788,0.05544465162367525
5.033449300040338e-25,1.3102824114904594e-118,0.8943396945091002,0.0,0.1056603054905318,2016-04-05,0.1912750816440393,0.4040369334447343,0.2765726934810295,0.0001977719721346813,0.12791751945769406
0.0490892288479403,0.8728759829037555,0.077738031970042,0.0,0.0002967562778394,2016-04-06,0.21600222897726407,0.46194967377093654,0.2645888409478243,6.44472115825165e-05,0.057394809091969715
5.9558268840457936e-08,4.739574095812884e-42,0.9956674977843872,0.0,0.0043324426572538,2016-04-07,0.20711105025646545,0.4246807996110909,0.302544882869872,8.109421178058648e-06,0.0656551578413033
0.0292690687083894,0.896485949428823,0.0712800675207694,0.0,0.0029649143420576,2016-04-08,0.21524267614225848,0.45999163672870147,0.26489412181224997,4.364459992152675e-05,0.05982792071690792
0.3137564314617686,1.38182567895797e-13,9.515750977250658e-13,0.0,0.6862435685371331,2016-04-11,0.1089361962913485,0.3213638402727603,0.09743600596176488,0.0016928588542520228,0.47057109861986535
0.940919832007551,0.001222567762075,0.0262494765711876,0.0,0.0316081236595666,2016-04-12,0.22804037359722723,0.5259605538373183,0.20457188448766062,0.0012838109930065126,0.0401433770851673
0.9902733518742176,1.02809895098908e-21,3.634899347255226e-13,0.0,0.0097266481256559,2016-04-13,0.23277125346727473,0.5359768709244397,0.20545877869468207,0.0013070896035780742,0.024486007310262056
0.0844160854241265,0.914225652528694,0.0009391582907295,0.0,0.000419103756614,2016-04-18,0.217257655875862,0.46739691885316015,0.25952106213799975,0.00011065564778024754,0.05571370748536184
0.0603593570267719,0.7622126781273377,0.1769595584073941,0.0,0.0004684064389133,2016-04-20,0.21539633277616838,0.45927950345506513,0.2677974104003143,7.943706009653294e-05,0.05744731630877268
0.0228316299714388,0.7766549384983394,0.1990136378313535,0.0,0.0014997936986121,2016-04-21,0.21434570436642533,0.4553208623380049,0.2705932315569328,3.252362397187695e-05,0.05970767811440887
0.0255895849608706,0.8682616110798258,0.1060160340016674,0.0,0.0001327699572875,2016-04-22,0.215362200636889,0.4591526785121219,0.2670830010521649,3.355446512562457e-05,0.05836856533334982
0.0012850654074038,0.348605215822274,0.6484042225060956,0.0,0.0017054962640215,2016-04-25,0.21033031892053558,0.4376925982212112,0.28941689400897636,4.864867813243115e-06,0.06255532398125846
0.9686264011549692,1.3797799500271336e-98,3.1176418672621897e-17,0.0,0.031373598845051,2016-04-26,0.22880882281821355,0.5291097585756785,0.2020023039674069,0.0013194333125180876,0.0387596813262028
0.6616604580618067,0.0048856141835901,0.3300869445352973,0.0,0.0033669832189769,2016-04-27,0.22500920235117355,0.5001481166482717,0.23865549411580567,0.0008674818881211423,0.03531970499629866
2.34347259924064e-18,6.4023643661444485e-56,0.988385678614866,0.0,0.0116143213854961,2016-04-28,0.20597300441542976,0.42319723170178847,0.30067840915955535,2.173935835933581e-05,0.07012961536522903
0.0027056908068656,0.9651949995967918,0.0305564740535808,0.0,0.0015428355431848,2016-04-29,0.2153008059916996,0.45969679925576423,0.26513008159256235,6.409409391470731e-06,0.0598659037510053
0.0031066376091162,0.8850274960637273,0.1104693922052225,0.0,0.0013964741216458,2016-05-02,0.21469640874488471,0.4569364650221553,0.26827413023439967,6.657303801733183e-06,0.06008633869447036
1.6264606181250112e-08,7.099906872119492e-08,0.843442081634805,0.0,0.156557831101766,2016-05-03,0.1833205920003765,0.39366741718411197,0.26352671706245867,0.00029304054254917345,0.15919223321074943
0.0055144704681607,0.8893005122550351,0.1037610103328828,0.0,0.0014240069437869,2016-05-04,0.21479055417022083,0.45735528614475374,0.2678667246720529,9.842737423149796e-06,0.05997759227541483
0.0526006619443813,0.9309065613253362,0.0161975182323991,0.0,0.0002952584976944,2016-05-05,0.21655826984330703,0.46440116271129595,0.2619731027989068,6.9014689918344e-05,0.05699844995638286
0.022073391633004,0.9214319945359524,0.0563969823299089,0.0,9.763150110367936e-05,2016-05-06,0.2156967355605726,0.4606414791449693,0.26534574431155367,2.8912216471773033e-05,0.0582871287664016
0.9925084402755424,2.145909052444692e-80,7.488183082100838e-19,0.0,0.0074915597240631,2016-05-09,0.23318038188898865,0.5366859131981284,0.20581566621522512,0.0013058150923986836,0.02301222360486436
0.0493390673053521,0.9316697107823012,0.0189283100293964,0.0,6.291188332734429e-05,2016-05-10,0.2165133635538425,0.4641053055352166,0.2623179280931228,6.433468380029038e-05,0.05699906813439475
0.0001103994774612,0.6765515214087748,0.3191668556910636,0.0,0.0041712234227951,2016-05-11,0.2125234413668289,0.448656938777567,0.2760317997685238,7.951267744234851e-06,0.0627798688194308
0.1382594900355994,0.8558127081031549,0.0057301627665681,0.0,0.0001976390949898,2016-05-12,0.2182684369022292,0.4714870478633533,0.25666597950305864,0.00018032063315687958,0.053398215098514175
3.572403453523794e-07,5.376989361481884e-11,0.9975171996322256,0.0,0.0024824430739797,2016-05-13,0.20740018434949506,0.42505773991130047,0.3030190430223208,4.647031715309258e-06,0.06451838568548879
0.0186082035976719,0.9793624073397426,0.0009564714153204,0.0,0.0010729176476998,2016-05-16,0.21591260397380477,0.4620985819721186,0.2631578133968504,2.6227637609553946e-05,0.058804773020051264
0.0757461323322986,0.9028539080590552,0.0211971291343572,0.0,0.0002028304743909,2016-05-17,0.21696891679739672,0.46605471191350456,0.26086054919704543,9.896651515049832e-05,0.0560168555770046
0.0037184587841885,0.9034136671626264,0.0927938014592592,0.0,7.407259405807098e-05,2016-05-18,0.21506577782667347,0.45792567327349526,0.2678325966585723,4.978381699720592e-06,0.05917097385969131
3.42238867730333e-10,2.098487497532754e-41,0.9989045460813668,0.0,0.0010954535764449,2016-05-19,0.20761693965652375,0.4253402753426548,0.3033745884377686,2.050439474454268e-06,0.06366614612362882
0.0033540816991501,0.0336190318626719,0.961867358518067,0.0,0.0011595279197256,2016-05-20,0.207964245402569,0.42689706815789374,0.30171500971923654,6.535853771549982e-06,0.06341714086614364
0.0045048892504918,5.377411687285723e-32,0.9712576790782184,0.0,0.0242374316711856,2016-05-23,0.20412077570316076,0.42113678437131186,0.2970075055610818,5.123024718873952e-05,0.07768370411715246
0.0705682441048051,0.8772393155674221,0.0518865607731425,0.0,0.0003058795547273,2016-05-24,0.21661038293425963,0.464540000735004,0.26233950494041974,9.242015433745857e-05,0.056417691236076074
0.9735933472032664,4.99638609462195e-104,1.8843777627261077e-29,0.0,0.026406652796677,2016-05-25,0.2297180122698291,0.5306854343826451,0.2027954005891782,0.0013166010181622752,0.035484551740128364
0.9928418530664308,1.4284087759947954e-24,2.7277062399843086e-14,0.0,0.0071581469336243,2016-05-26,0.23324141242761467,0.536791682510657,0.20586890386984943,0.001305624970913091,0.022792376221047926
0.999112753395388,5.185020462913482e-25,1.0795540478076335e-07,0.0,0.0008871386492159,2016-05-27,0.23438930495087348,0.5387810367504078,0.20687023693409368,0.0013020489225536737,0.018657372442079666
0.0508964054008847,0.9187274832479104,0.0303573812358511,0.0,1.8730115559157216e-05,2016-05-30,0.21645894944683433,0.4638332747371029,0.26268651993423786,6.627892841145938e-05,0.056954976953618806
0.0394018520578262,0.0019043151889596,0.9571504177509066,0.0,0.001543415002428,2016-05-31,0.20861661910888224,0.42978844117945486,0.2993771214215057,5.4172132829649294e-05,0.062163646157447856
0.0941149608037064,0.8390224850392626,0.0667340582801046,0.0,0.0001284958767997,2016-06-01,0.2169641557089178,0.46589687518005674,0.26160872932711854,0.00012273520138161148,0.05540750458239851
0.9903925784750938,5.904762195951366e-14,0.0071986188819104,0.0,0.0024088026425935,2016-06-02,0.2339181096856402,0.5374812918020087,0.20732295462655786,0.0012935474458950636,0.01998409643955462
0.0564867048702914,0.8755658171473558,0.0678903618574193,0.0,5.711612508336045e-05,2016-06-03,0.21625907043113407,0.4629332467260002,0.2638298145636199,7.362679447036373e-05,0.05690424148492521
0.0481972810537354,0.6838726226947067,0.2675061966674738,0.0,0.0004238995844753,2016-06-06,0.21445432959198035,0.4551371671777478,0.2720577883639499,6.352428625019973e-05,0.058287190580462916
0.1700157282894603,0.8283977601742095,0.0010594512888687,0.0,0.0005270602472216,2016-06-07,0.21884868524691065,0.47405452279210114,0.25458810385634356,0.00022226935003518444,0.05228641875436946
0.0433428749211627,0.8853891589365495,0.0712076748867807,0.0,6.029125522046446e-05,2016-06-08,0.2159849763052471,0.46178825618662783,0.2647138585202822,5.652547521138114e-05,0.05745638351234476
7.52806154587937e-06,2.5079414239057003e-16,0.998567667636941,0.0,0.0014248043011766,2016-06-09,0.2075656687355567,0.42527403002279474,0.3032894422834899,2.676706499997167e-06,0.06386818225132226
0.0002878839920823,0.9080912537568344,0.0903325400076465,0.0,0.0012883222435885,2016-06-10,0.21482142106682328,0.45745437744390915,0.26766938498582554,2.786138596339462e-06,0.06005203036499731
0.0024940958543413,0.8948782901773147,0.1017355708929447,0.0,0.0008920430755197,2016-06-13,0.21483724585356476,0.45731815075650445,0.2680761384662219,4.915874482728429e-06,0.059763549049346464
0.0236124813220652,0.911353804161763,0.0649499361783947,0.0,8.377833812827509e-05,2016-06-14,0.215659886217522,0.46046250405574357,0.26559595866575975,3.088947821861765e-05,0.05825076158310725
0.998663552577484,5.214947793018732e-13,2.681271687726769e-07,0.0,0.0013361792947012,2016-06-15,0.23430710468000449,0.5386385683662305,0.20679855189274898,0.0013023047698706193,0.018953470291020527
2.0626533384230865e-05,0.7734258453748518,0.2253675122123804,0.0,0.0011860158796249,2016-06-16,0.21375854112055287,0.4526815442599871,0.2730048834975332,2.2467973114272798e-06,0.06055278432485676
0.0755641224342074,0.8953273844426801,0.0285831958090886,0.0,0.0005252973140353,2016-06-17,0.21685375022005612,0.46570213088392287,0.26109077983013146,9.933320571916721e-05,0.05625400586018184
0.9255908177923208,1.3283467079010302e-77,2.443470392790942e-09,0.0,0.0744091797640101,2016-06-20,0.22093124650463075,0.5154574812180833,0.1951306020527156,0.0013439734254862513,0.06713669679888502
0.1156358399528275,0.192153893284127,0.6875254846750029,0.0,0.0046847820884107,2016-06-21,0.21168003989131082,0.4445303721070459,0.28374018277019963,0.00015927388280475213,0.059890131349006843
0.0039164766117057,0.9132969559725465,0.0812466575247221,0.0,0.0015399098908763,2016-06-22,0.2149206447358462,0.4579990968577701,0.26704997866880475,7.979823258609302e-06,0.060022299914170775
0.8738021932682458,8.312156650614598e-11,0.0002150551542225,0.0,0.1259827514945496,2016-06-23,0.21148505269027487,0.4990722692452069,0.1869163805087841,0.0013731022471059856,0.1011531953087673
3.4077478551630735e-21,7.331836014666683e-05,6.261648987258046e-05,0.0,0.9998640651496904,2016-06-24,0.05152554261780418,0.2218604481636589,0.04736894466360876,0.0018715172846909252,0.6773735472699465
0.4149304546626918,3.961164568988792e-05,0.4244070586351745,0.0,0.1606228750565269,2016-06-27,0.1937906171376964,0.43993483011764656,0.22238289322978252,0.0008406992638362499,0.143050960251121
0.2910879307876102,0.672006722463519,0.0350035215966942,0.0,0.0019018251517279,2016-06-28,0.22062953692448695,0.4819841988898907,0.24867071336007246,0.00038242329692640404,0.04833312752817469
0.5794960695439976,0.4177728541306471,0.0016704872272964,0.0,0.0010605890983464,2016-06-29,0.22645655087062558,0.5058969471706438,0.23098814939573037,0.0007562243443803885,0.03590212821890714
0.222271420535264,0.7769067582854905,0.0003232556138123,0.0,0.0004985655658159,2016-06-30,0.21984190256855227,0.4781699743894705,0.2515654268546103,0.00029022905494504507,0.05013246713280445
0.0986241092001312,0.8862311113109654,0.0150011216396342,0.0,0.0001436578496818,2016-07-01,0.21745817030965725,0.4680754189601511,0.25931688548491116,0.00012863243252762098,0.05502089281316549
0.0822946296567155,0.8809715230385347,0.0366169415101217,0.0,0.0001169057947202,2016-07-04,0.2169834586107966,0.466041448759813,0.261108234540583,0.00010732883587051338,0.05575952925302882
0.019025083439208,0.0013944613143395,0.9783527582404646,0.0,0.0012276970056139,2016-07-05,0.2081165485498607,0.4275219857369579,0.3014473313958241,2.7059936354448326e-05,0.0628870743806287
0.0681450093681422,0.8332742457364649,0.098368550138877,0.0,0.0002121947563944,2016-07-07,0.21621028008948162,0.46272893389967595,0.26432262833251985,8.909085310859192e-05,0.05664906682509243
0.0149239396918029,0.886708687227571,0.098191807127407,0.0,0.0001755659534202,2016-07-08,0.21521687021875405,0.45858592347128135,0.2673790464474805,1.9752771480379333e-05,0.05879840709120479
0.9783786896169202,4.1922846464811287e-10,5.282848046495271e-09,0.0,0.0216213046814447,2016-07-11,0.23059396043708272,0.5322035008243431,0.20355950111357446,0.0013138722687086157,0.03232916535673212
0.1096590445474022,0.8839404281510136,0.0062191357080971,0.0,0.0001813915937561,2016-07-12,0.21772937712392287,0.46923916038183505,0.2583306313281426,0.0001430655064503999,0.054557765659918066
0.0318083879393236,0.9068376817098456,0.0612898674235656,0.0,6.40629276426636e-05,2016-07-13,0.21584637808740872,0.46123700525131067,0.2649861160613618,4.151990192490972e-05,0.057888980698371284
0.982365876243321,0.0003010609729309,0.0161014617373196,0.0,0.001231601046741,2016-07-14,0.2338896608302736,0.5368207531415344,0.20838860980097115,0.0012808968935965578,0.019620079333936464
0.0020638488393421,0.9367633966343412,0.0611416690912979,0.0,3.108543505848478e-05,2016-07-15,0.2152936220283142,0.458926270834978,0.2666950829741615,2.7443732430636104e-06,0.059082279789342884
0.0053831366752981,0.0008048454923258,0.9921903324290098,0.0,0.0016216854037879,2016-07-18,0.20768517493287703,0.42587251385405905,0.30268788322808793,1.0041809771077318e-05,0.0637443861756263
0.0528504573031992,0.9066503156773708,0.0404004259900888,0.0,9.88010295095166e-05,2016-07-19,0.21640261851275494,0.46361155479193467,0.2629509840584161,6.897208583297169e-05,0.056965870551229564
0.944883266239998,1.607155307366053e-09,0.0532248978551206,0.0,0.0018918342973308,2016-07-20,0.2327809128284194,0.5324213530754354,0.21185364196266038,0.0012333474636843686,0.021710744669404796
8.276504274572593e-05,9.391904720973451e-24,0.9984659753457412,0.0,0.0014512596113887,2016-07-21,0.20756354779166275,0.4252771795191689,0.30327539013623506,2.824148982207935e-06,0.06388105840382662
0.0757302751324787,0.8997058919901915,0.0244299274727082,0.0,0.0001339054043725,2016-07-22,0.216954211265709,0.46595560382315776,0.2610032573480974,9.881686432292528e-05,0.055988110698463836
0.9885731161077388,2.4256651854916852e-73,2.2136362580352284e-11,0.0,0.0114268838701274,2016-07-25,0.23246002874442168,0.5354375011959216,0.20518729372145325,0.0013080591264827478,0.025607117211723002
0.0128799920924408,0.0268057818652799,0.9588308915791548,0.0,0.0014833344634947,2016-07-26,0.20811436439691525,0.4276712833413528,0.30097870514073166,1.9540329517374076e-05,0.063216106791853
0.0191017601969804,0.9670015252987044,0.0135796117661843,0.0,0.0003171027383426,2016-07-27,0.21594556302836548,0.46187135955111186,0.26378880902133706,2.5455309865215622e-05,0.05836881308953206
0.3359194507240121,0.6354465794874237,0.028262721161624,0.0,0.0003712486269674,2016-07-28,0.2217776341856406,0.4860911679689972,0.24616474994572485,0.00043790856659490726,0.0455285393330695
0.1011869245442583,0.1541272707875912,0.7429811052539884,0.0,0.0017046994141357,2016-07-29,0.2114564464360456,0.44215251053477844,0.2873923584742229,0.00013488996084917428,0.05886379459407726
0.0006686545992273,0.9790756308492974,0.0188049526175322,0.0,0.0014507619338634,2016-08-01,0.21537114442199726,0.45997533746823055,0.26480595699070997,3.5857780065764158e-06,0.0598439753409759
0.0066794827391584,0.9101834134469172,0.0830681906679794,0.0,6.891314615220695e-05,2016-08-02,0.21519970778697592,0.45850225510876524,0.2672821519913251,8.822624958864962e-06,0.05900706248818206
8.624702820664568e-08,9.537746349983525e-34,0.9988840681696994,0.0,0.0011158455829273,2016-08-03,0.20761375500250326,0.42533613056191644,0.30336935328914233,2.0887204643711954e-06,0.0636786724256284
0.3212500106458952,0.0445766691730904,0.6325427786245008,0.0,0.0016305415562748,2016-08-04,0.21648586326555402,0.4632695742908458,0.27044179659064793,0.00042117276563809674,0.04938159308707521
0.998020839636154,4.590109161307389e-26,3.3184009924961804e-11,0.0,0.0019791603303217,2016-08-05,0.23418941547397665,0.5384346244303684,0.2066958580495081,0.0013026717649392255,0.01937743028086703
0.0765620926417947,0.8698579542576589,0.0535329254351165,0.0,4.7027665561961096e-05,2016-08-08,0.21675251060143394,0.46501194221645664,0.2621161864440328,9.973689544364868e-05,0.05601962384276499
0.004918280257309,0.0456934480876299,0.9486964603747676,0.0,0.0006918112803754,2016-08-09,0.20817529831973594,0.42759698511233113,0.30120999825713834,7.696266974511236e-06,0.06301002204390185
9.432618458562505e-12,7.845219984108281e-60,0.9931157173605816,0.0,0.0068842826298237,2016-08-10,0.20671223581388787,0.42416089808549207,0.3018908050994346,1.2885805576740038e-05,0.06722317519544645
0.0529814159413146,0.9068052931814734,0.0400490979508454,0.0,0.0001641929264486,2016-08-11,0.21639713706334768,0.46361857777871146,0.26291548624290656,6.926493286040139e-05,0.05699953398225591
0.0774552073217825,0.9190038711681748,0.0032871327546112,0.0,0.0002537887552762,2016-08-16,0.21713522098756324,0.46680955982688627,0.26004869091965643,0.00010128633233571853,0.05590524193340305
0.0152199942594974,0.9075395164201168,0.0770928796583656,0.0,0.0001476096616957,2016-08-17,0.21539494210525806,0.45936204261307423,0.2665403261058695,2.0085771490863664e-05,0.05868260340398284
0.1899525149849753,0.792256688293038,0.0174834981324936,0.0,0.0003072985894193,2016-08-18,0.2191289861193881,0.47508373060573444,0.2541356266733604,0.00024780659535795114,0.05140385000608517
0.0576888253037021,0.7711605471222753,0.170974713231907,0.0,0.0001759143423238,2016-08-19,0.2154417821950516,0.45935249233264064,0.2677794113779563,7.541376927943939e-05,0.05735090032528016
0.0128274243566,0.3900969341342644,0.596246189056068,0.0,0.0008294524534207,2016-08-22,0.21110635159937893,0.4406487561243185,0.28689806506246,1.82479924816162e-05,0.06132857922171397
0.0474149661395819,0.8722594340235406,0.0801178473242892,0.0,0.0002077525129427,2016-08-23,0.2159664229388922,0.46175597124577145,0.2647976504530456,6.210149162358153e-05,0.05741785387102143
0.070724814914903,0.8468961590177034,0.0822927128684704,0.0,8.631319914064825e-05,2016-08-24,0.21640740630173308,0.4635292156511569,0.263571132126147,9.221295991343366e-05,0.05640003296126697
2.2993983178564412e-05,2.9971031420614506e-17,0.9992743511920196,0.0,0.0007026548245286,2016-08-25,0.20767894337603618,0.4254229112824244,0.3034730477974411,1.3451370943207688e-06,0.0634237524067306
0.0432683710102647,0.209068522095945,0.746518443126853,0.0,0.0011446637673573,2016-08-26,0.21043110727566422,0.4376362740901849,0.29097779864061274,5.845820295960246e-05,0.06089636179099844
0.0480075440387841,0.940798916235468,0.0110759450192702,0.0,0.0001175947065991,2016-08-29,0.21654183470656316,0.46426595364985235,0.2620744207647722,6.270400252101369e-05,0.05705508687641257
0.9971650972175298,7.053569957801207e-46,8.516563861556356e-14,0.0,0.0028349027820067,2016-08-30,0.23403277354582727,0.5381631552727693,0.2065592174544888,0.0013031597337445988,0.019941693992791446
0.2214356530433748,0.7650701840514361,0.0133773296558708,0.0,0.0001168332495419,2016-08-31,0.21978499353248684,0.47773420755694435,0.25220843812207083,0.0002884267517008491,0.0499839340370207
0.0280944571161456,0.902257896266408,0.0695307414226379,0.0,0.0001169051951873,2016-09-01,0.2157022740820251,0.4606427172582645,0.2655111816281727,3.6784969211278026e-05,0.0581070420627051
0.0849320935125432,0.8914602508274332,0.0235156697049391,0.0,9.198595525692648e-05,2016-09-02,0.21714141419547925,0.46671687934679684,0.2604482147198773,0.00011071496474347898,0.055582776773275486
0.9984125534457716,1.5054540980668503e-34,1.381847450494368e-11,0.0,0.001587446540149,2016-09-06,0.23426111789338747,0.5385588887061558,0.20675840490857472,0.00130244839858484,0.019119140093036
0.0402133294726021,1.7924487112565274e-10,0.9584026510843984,0.0,0.0013840192642068,2016-09-07,0.2086480929725379,0.42984565845370337,0.29941426714083047,5.492995329805761e-05,0.06203705148008209
0.3715041162785831,0.5226037337898213,0.1052526994495219,0.0,0.0006394504823862,2016-09-08,0.22179004633580426,0.4860839090363545,0.2470842414502345,0.00048472555841108954,0.04455707761950796
6.606126118153963e-06,6.31278310068674e-16,0.9896758790266555,0.0,0.0103175148472212,2016-09-09,0.2061758518860012,0.42346218415997094,0.30101016609052955,1.932063070835347e-05,0.0693324772327853
1.989542942634468e-05,0.7920170355824703,0.0024138538547238,0.0,0.205549215132953,2016-09-12,0.1819676914079568,0.4117034750437439,0.21989350240274066,0.00038476710347529723,0.1860505640416567
0.0511425151579901,0.905296982360554,0.0428137976442186,0.0,0.0007467048372363,2016-09-14,0.21624488031741526,0.46323783576515853,0.2630030724097214,6.796185338973417e-05,0.05744624965431402
0.0933622252439193,0.8437128672654429,0.0627232136685624,0.0,0.0002016938216256,2016-09-15,0.21696989789055812,0.46596243431237516,0.26147869243586064,0.00012189249338228504,0.05546708286737398
0.027452288032624,0.9653578528855092,0.0066765976512776,0.0,0.0005132614306743,2016-09-16,0.21612531534856616,0.4627210327706581,0.26299599341132524,3.669104680705882e-05,0.0581209674227285
0.0604799260053717,0.9045911133252228,0.0348651841846044,0.0,6.377648476218715e-05,2016-09-19,0.21659589612942484,0.46441179023169293,0.2623034134908034,7.883661092296849e-05,0.056610063537116846
0.0414802145708968,0.0153554604545475,0.9417478729348012,0.0,0.0014164520396696,2016-09-20,0.2087991348960522,0.43052598960177635,0.29868106349772217,5.6639565723925135e-05,0.06193717243864034
0.0283559753025002,0.9079310015483524,0.0635345467905325,0.0,0.0001784763584467,2016-09-21,0.2157447992501234,0.46086052253588833,0.2652475478289848,3.724059358851123e-05,0.058109889791246656
0.0988548933126932,0.8987172373029921,0.0020084664711353,0.0,0.0004194029131701,2016-09-22,0.21752062136495962,0.4684870896453285,0.25873402396944056,0.00012944893983077174,0.05512881608043125
0.0090382879447783,1.955928127550197e-05,0.9904124757369848,0.0,0.0005296770367793,2016-09-23,0.2079474140843586,0.42648207151312817,0.30264534830007506,1.275515663560217e-05,0.06291241094562032
1.9638501743927142e-09,5.182435950263082e-34,0.9973366445820128,0.0,0.0026633534539431,2016-09-26,0.20737190136536246,0.42502084211777064,0.30297270670125015,4.985192241345248e-06,0.0646295646231813
0.0501037440623411,0.2381903016505172,0.7101132288974131,0.0,0.0015927253896543,2016-09-27,0.21077578276854678,0.43935088370596953,0.2890597973979941,6.819340529056604e-05,0.060745342722124555
0.1225224572083546,0.8091678483528643,0.0528796858490459,0.0,0.015430008590066,2016-09-28,0.21509545913537798,0.46494766171919216,0.25611258377768625,0.00018834972373526975,0.06365594564433912
1.4897730401379362e-30,4.727649083588814e-169,0.0595438760871123,0.0,0.9404561239129076,2016-09-29,0.06080949520056079,0.2339612304080643,0.06259916936073198,0.0017603191801206838,0.6408697858505417
0.0173616547446367,0.9710695075091548,0.0089344725383688,0.0,0.0026343652078464,2016-09-30,0.2155692140579329,0.46134564716558785,0.2632034191579411,2.752787382839552e-05,0.059854191744716324
0.9951740105106182,3.048546460230846e-09,5.7592083461687e-09,0.0,0.0048259806820482,2016-10-03,0.2336683105426333,0.5375315201243425,0.20624129301838046,0.001304295091710927,0.02125458122335381
0.0764627737999491,0.8876610664371817,0.0358400810017498,0.0,3.607876121092123e-05,2016-10-04,0.21689324723209658,0.46563262642753755,0.2614301061573596,9.958713383170775e-05,0.05594443304926602
0.009340611590372,2.511919798261896e-12,0.9898150771353232,0.0,0.0008443112715249,2016-10-05,0.2079061772487693,0.42645159163710866,0.30253625153135616,1.373756738199612e-05,0.06309224201511579
0.0034224961718008,0.000134925456678,0.994894380119299,0.0,0.001548198252331,2016-10-06,0.20763885465444074,0.42564125864995267,0.3029224860476398,7.352400301026217e-06,0.06379004824777437
0.0226116560384217,0.873785715242209,0.1034559678417757,0.0,0.0001466608777615,2016-10-07,0.21532429255957994,0.4590072533420233,0.26715050595330797,2.9704562644618185e-05,0.05848824358261207
0.1315985484288193,0.6715207979982636,0.1965423621293886,0.0,0.0003382914436262,2016-10-10,0.21660152290761087,0.46418366581776954,0.26450415153663775,0.00017191439905002892,0.0545387453390294
4.463902091372707e-13,1.2097272390711667e-23,0.9897639965937132,0.0,0.010236003405835,2016-10-13,0.20618841405153482,0.42347804096572794,0.30103169741139973,1.9159461739319845e-05,0.06928268810959264
0.0406297168062706,0.8781372165115514,0.0811384973255083,0.0,9.456935697231076e-05,2016-10-14,0.215849291832458,0.4612168183509696,0.2652518033472605,5.3058343521645096e-05,0.05762902812609286
1.215036243329842e-06,1.5097552447850896e-34,0.9976335683798844,0.0,0.0023652165842114,2016-10-17,0.20741852798156324,0.4250817202074658,0.3030490074297234,4.428726944902878e-06,0.06444631565464161
0.9896026447577422,6.861770660526678e-87,2.3356360755760882e-20,0.0,0.0103973552418571,2016-10-18,0.23264848188289644,0.535764100951141,0.2053516836016979,0.001307472059912264,0.024928261503951363
0.1080316411508782,0.2343272559378849,0.6567629608853902,0.0,0.000878142026046,2016-10-19,0.2124070739519472,0.44593458536645914,0.2837961662181593,0.0001422515283978041,0.05771992293523575
0.1175241498390116,0.8533742005904555,0.0288729899422389,0.0,0.0002286596285761,2016-10-20,0.21768923093660278,0.46904103297751465,0.2587576361941204,0.00015339075566250208,0.05435870913638176
0.0307029001260766,0.9027791743752254,0.0663923297537619,0.0,0.0001255957451218,2016-10-21,0.21577487561172645,0.46095544092248936,0.2652364132721941,4.019623717635851e-05,0.05799307395659933
0.0773301449572151,0.8615524103853581,0.06095362994583,0.0,0.0001638147116057,2016-10-24,0.21668871588970487,0.4647815408792643,0.2623378832498802,0.00010095514739581952,0.05609090483376369
0.0234696561306603,0.7446606319090218,0.231726465750756,0.0,0.0001432462098094,2016-10-25,0.21432016518607314,0.45453795891320026,0.2721345394216978,3.081489534388093e-05,0.058976521583932316
0.0012065386949274,0.0050227051708578,0.9895765105044028,0.0,0.004194245629434,2016-10-26,0.20720491047656572,0.42502355071433356,0.30226664672730635,9.421032594840325e-06,0.06549547104882128
0.024874329604602,0.9002469372972195,0.0745864261935279,0.0,0.0002923069042637,2016-10-27,0.21557267552751114,0.4601703697501007,0.2658563250423475,3.29221461328733e-05,0.05836770753352089
0.046712396605201,0.9267249824053276,0.0263868278097441,0.0,0.0001757931798833,2016-10-28,0.21638607098102647,0.46360927990595807,0.26273684606432224,6.112724645376977e-05,0.057206675802395496
0.034571547185874,0.83119152620547,0.1337233415523102,0.0,0.0005135850566007,2016-11-01,0.21524805724810567,0.45878330621771096,0.2675717462887376,4.5957675838874835e-05,0.05835093256986178
0.0005947164445607,0.7208894411578687,0.2160430250135415,0.0,0.062472817383683,2016-11-02,0.2037776294029266,0.4384022395231288,0.25930167397422,0.0001177089022178192,0.09840074819716058
0.0067128182099721,0.8841402184259032,0.1089363246631205,0.0,0.0002106387012796,2016-11-03,0.2149711892900381,0.45755597264445846,0.2682643791225748,9.1312904005442e-06,0.059199327652803405
0.0001054989267431,1.282200233846699e-09,0.9990563715653296,0.0,0.0008381282253006,2016-11-04,0.2076599791289247,0.4254046751157766,0.3034303498565282,1.706096122743653e-06,0.06350328980222103
0.9843021078096902,0.0064821654862362,0.0070743357064757,0.0,0.0021413909980187,2016-11-07,0.23384848673607822,0.5370737951327669,0.20772578099069133,0.001285119901713839,0.02006681723917026
0.0198256882916084,0.9702759550521176,0.0063634208277707,0.0,0.0035349358289313,2016-11-08,0.21548809981329117,0.46141376705346254,0.262765587676918,3.242058253831401e-05,0.060300124874217924
1.2293838743525306e-76,0.0,7.765901401969788e-34,0.0,1.0,2016-11-09,0.0515037146235694,0.2218301603145464,0.0473369786250051,0.0018717717237,0.6774573747131787
0.0133392425824826,0.4418441259874714,1.3708814774618088e-05,0.0,0.544802922614878,2016-11-10,0.12651729028071615,0.3317117249036687,0.1453879512569206,0.0010371083058998744,0.39534592525240103
2.295086809229931e-39,3.387163514904535e-156,0.0037725773421705,0.0,0.996227422658144,2016-11-11,0.05209330971317303,0.222598759928523,0.04830395959342803,0.0018647103201060427,0.675139260445084
8.903958282186807e-38,3.004775402615982e-190,0.0012433146911501,0.0,0.9987566853086473,2016-11-15,0.05169802534809198,0.22208346491369432,0.04765566305079778,0.0018694445224170652,0.6766934021647958
0.0231606717152192,2.0120582326452177e-29,0.0383871343727836,0.0,0.9384521939116256,2016-11-16,0.061742540159794475,0.2369982112681159,0.060874485264730084,0.0017867128951847098,0.6385980504118028
0.0004216768383854,0.9534050577486428,0.0352521775149924,0.0,0.0109210878982488,2016-11-17,0.21368017423372043,0.457109873490509,0.2634095632851116,2.0990614137910547e-05,0.06577939837679041
0.0021207906563355,0.9405229910791886,0.0517922601921349,0.0,0.0055639580719309,2016-11-18,0.21446036437578497,0.4579384865054971,0.26512389939846087,1.3174760029802428e-05,0.06246407495981707
1.513808612273087e-29,4.881075819889058e-207,0.0416980660996856,0.0,0.9583019339005916,2016-11-21,0.0580204730059373,0.2303254447310809,0.058024959991788076,0.0017937224626421537,0.6518353998088283
0.0484844503978735,0.9257039069056122,0.0001853792142213,0.0,0.0256262634818916,2016-11-22,0.2124478591740095,0.4585891809308418,0.25608222565849975,0.00011107112166839211,0.07276966311457916
0.0208974559144959,0.9692384886770332,0.0096813005463364,0.0,0.0001827548625797,2016-11-23,0.21603242127448105,0.4621816655678882,0.2635619377881576,2.7541016844988508e-05,0.05819643435307331
0.0002743436407257,0.0007087467420507,0.9973132814038012,0.0,0.0017036282135932,2016-11-24,0.2075348742967392,0.4252725771852004,0.30316438170998516,3.5458732155621717e-06,0.06402462093503028
0.9880108255873884,2.270295849702244e-33,4.058098117211623e-17,0.0,0.0119891744126372,2016-11-25,0.2323571025958276,0.5352591244664036,0.2050975100322433,0.0013083797606224315,0.025977883144928344
0.5850619093785151,0.1076326778849021,0.3050095781515016,0.0,0.0022958345847448,2016-11-28,0.2239442550815167,0.49530682207468196,0.24230163429673526,0.0007657806228940968,0.03768150792383541
0.0351116018993055,0.9361204600245158,0.0287008571041193,0.0,6.708097195693585e-05,2016-11-29,0.2161673551140397,0.46264708325603177,0.263517231260636,4.5824826653914165e-05,0.0576225055425361
0.9881403079846643,0.0098928749834821,0.0001080951019562,0.0,0.0018587219299122,2016-11-30,0.23402253105123505,0.5376876587563048,0.20729348182445567,0.001289586393049547,0.019706741974969404
0.0086406500430199,1.703391869533511e-07,0.9910312779261624,0.0,0.0003279016912049,2016-12-01,0.20796815192065154,0.4264773625363598,0.30273625685196803,1.185993634558281e-05,0.06280636875424905
5.098694628315469e-08,9.547141050254912e-14,0.9951559652566148,0.0,0.0048439837563303,2016-12-02,0.20703110411934353,0.42457658068446524,0.30241376630489125,9.066898186873946e-06,0.06596948199309975
0.2991456667103904,0.6863455942593905,0.013243407202788,0.0,0.0012653318270336,2016-12-05,0.22105877850959957,0.48353560903519666,0.2474925609495617,0.0003917194180464434,0.04752133208719795
0.0471131495293785,0.8981587291808463,0.0546740337017507,0.0,5.408758846412389e-05,2016-12-06,0.21618847665646065,0.4626691238291394,0.26385007630731966,6.142103860898888e-05,0.0572309021689108
0.0001679983824192,1.8166670059496804e-06,0.9977449595873676,0.0,0.0020852253633331,2016-12-07,0.20746676442205786,0.4251577577467962,0.30310458452987327,4.121723023414785e-06,0.06426677157837499
0.9941688364860016,1.8717789086697118e-50,5.489213065683177e-16,0.0,0.005831163514409,2016-12-08,0.2334843140649346,0.5372126445365155,0.20608078981687258,0.0013048682871058851,0.021917383294982305
0.0527898475811885,0.8990217618149065,0.0481506758017479,0.0,3.771480183525496e-05,2016-12-09,0.21634983241344335,0.4633472861117066,0.26327179690350805,6.877886018829437e-05,0.056962305710831745
3.261684090745949e-06,7.2584606359603815e-12,0.9963277402962256,0.0,0.0036689980124997,2016-12-12,0.20721482202321692,0.4248163288133303,0.30271462647136,6.871771956828895e-06,0.06524735092021032
0.067482919539032,0.92732277776873,0.0050590289947836,0.0,0.0001352736970671,2016-12-13,0.21695305404574075,0.4659961141524894,0.2607164422301319,8.808513593568376e-05,0.05624630443531485
0.0076731312610375,4.170743152609701e-05,0.9909980330799968,0.0,0.0012871282278218,2016-12-14,0.207792676076118,0.4261735929546237,0.30258226417947265,1.2396121970308397e-05,0.06343907066819743
0.0002150115968529,0.9115625643599848,0.0878473449105154,0.0,0.0003750791322053,2016-12-15,0.2149898223656948,0.45775495064545374,0.2677743156443397,9.819093937445915e-07,0.0594799294346765
0.1184084177582715,0.0018572301836108,0.8781345970394777,0.0,0.0015997550188736,2016-12-16,0.2107219358726659,0.43874246533490896,0.2917290572797562,0.0001571080461341473,0.0586494334667682
0.0211109594596057,0.7839888505894093,0.194421295167745,0.0,0.0004788947834473,2016-12-19,0.21451756963714477,0.4555929718746819,0.2707334604914169,2.8373207260581664e-05,0.05912762478970311
0.0110940066160706,0.7882807045845909,0.2005196324717215,0.0,0.0001056563279244,2016-12-20,0.21434196785716653,0.45468390874472736,0.2716288155906828,1.4637093302337286e-05,0.05933067071442826
0.0273550121542793,4.323153985249028e-05,0.972025447600683,0.0,0.0005763087055234,2016-12-21,0.2084305353253172,0.428552338708599,0.300862274781469,3.668244815624118e-05,0.062118168736796646
1.4744460465641118e-06,1.5709700095664649e-15,0.9978962413863808,0.0,0.0021022841673886,2016-12-22,0.20745962716638053,0.42513531773773827,0.30311637677430264,3.936915114913013e-06,0.06428474140628099
0.0097580226922606,0.9427748551580932,0.0473397825771585,0.0,0.0001273395720869,2016-12-23,0.21553234381256903,0.4599925773135886,0.26569096657290564,1.293883860592786e-05,0.058771173461930025
1.2910735334301094e-05,8.324891275113036e-10,0.9985962802018008,0.0,0.0013908082303403,2016-12-26,0.2075711258581924,0.4252815671121227,0.3032976358688269,2.620079398309147e-06,0.06384705108142408
0.9941165474625592,3.5572853358635997e-62,7.589019066713139e-17,0.0,0.0058834525376876,2016-12-27,0.233474742664696,0.53719605676838,0.20607244057218901,0.001304898103798677,0.021951861891182842
0.0162662969183153,0.9532989700397976,0.0303954263471575,0.0,3.930669489281294e-05,2016-12-28,0.21580404125106434,0.4611214510220222,0.26467164677653365,2.1244861161624668e-05,0.05838161608938136
0.999171012552524,1.5656780622210448e-19,9.970248946258836e-06,0.0,0.0008190171988186,2016-12-29,0.23440151049494237,0.5388015277154807,0.2068820673465421,0.0013019972415583435,0.018612897201765035
0.9996275447780668,1.1698179031280705e-15,2.2780844463365943e-06,0.0,0.0003701771371381,2016-12-30,0.23448387563206066,0.5389447873413491,0.20695299244147017,0.0013017513118321869,0.018316593272939982
0.0126280868102142,0.9382597808178174,0.0490518549815199,0.0,6.027739031455612e-05,2017-01-02,0.21558370510922237,0.4601722837794428,0.2656079267183142,1.6548825921651605e-05,0.058619535566964955
0.0389422366079051,0.9182971106443668,0.042531738584018,0.0,0.0002289141632637,2017-01-03,0.21610273984060982,0.46241844377089864,0.26380482371371333,5.1113477968664075e-05,0.057622879196363073
0.0496285681958381,0.8785974947831197,0.0716856159078934,0.0,8.832111340598053e-05,2017-01-04,0.21609477264903368,0.4622557329813293,0.26436566595123034,6.475904199155767e-05,0.05721906937667217
0.9983658242608838,3.788764340824245e-07,0.0001554844569183,0.0,0.001478312405757,2017-01-05,0.23427692623527444,0.5385758326477974,0.206790879201655,0.001302183304345569,0.019054178610920527
0.0161986343092272,0.4764483540417074,0.5070699877872179,0.0,0.000283023861928,2017-01-06,0.21196919130598538,0.4441971064202337,0.28332441779041173,2.1612978255297713e-05,0.060487671505194275
0.0954721243383491,0.654043408131253,0.2501106635619469,0.0,0.0003738039684568,2017-01-09,0.21549000992560716,0.45945791211971654,0.26867213870151324,0.00012496076908915445,0.056254978484079544
0.7693381524050324,0.1812850314693186,0.0479436906938019,0.0,0.0014331254321191,2017-01-10,0.22959712251276448,0.5190029662260511,0.22182399491229393,0.0010040093177245237,0.028571907031437714
0.999102455535469,7.544374738371423e-09,1.2408717817913584e-05,0.0,0.0008851282027287,2017-01-11,0.23438934360513342,0.538780277815282,0.20687174717378476,0.0013020317563473245,0.018656599649842433
0.061481414662501,0.907239148023968,0.0312531454524512,0.0,2.629186107444945e-05,2017-01-12,0.2166496318078393,0.46462676054079527,0.26211234144493845,8.006992900711936e-05,0.05653119627741454
0.1151759777227361,6.689033911254935e-05,0.8818702171605106,0.0,0.0028869147776096,2017-01-13,0.2104200130880667,0.438050021907479,0.2917817708359498,0.0001553101550549221,0.05959288401341811
0.0615472284014202,0.884233678971728,0.0540728912380298,0.0,0.0001462013892625,2017-01-16,0.21644956737329335,0.46379605847744193,0.26297783982818806,8.038003169516773e-05,0.056696154289821964
0.0162218295756902,0.9109583188153364,0.0726741174595688,0.0,0.0001457341490039,2017-01-17,0.2154492559603579,0.45959706086127183,0.26630985307819216,2.1386192893826622e-05,0.058622443906883516
0.0528422888387198,0.9150079958885292,0.0320047720644385,0.0,0.0001449432079839,2017-01-18,0.21646170203674742,0.4638968522456086,0.2626120421543979,6.90478218485835e-05,0.056960355741068856
0.0514536259970407,0.8951296650597483,0.0533547057920808,0.0,6.200315106903148e-05,2017-01-19,0.21627929976796956,0.4630530078871526,0.2635474105412591,6.708517232870011e-05,0.05705319663122889
1.9018021510533795e-05,5.93513404985315e-06,0.9983335107142964,0.0,0.0016415361299008,2017-01-20,0.20753215167195246,0.4252313885680987,0.3032325466408704,3.0973336877891335e-06,0.06400081578514812
0.990862639805868,5.094325721195626e-12,0.0077620788582598,0.0,0.0013752813305869,2017-01-23,0.23409221348430626,0.5377452060064702,0.20754243678106282,0.0012922247350519672,0.019327918992917487
0.9997276501846728,2.7073423300297788e-17,2.404936038270333e-06,0.0,0.0002699448790749,2017-01-24,0.23450221954967793,0.5389765698554271,0.20696900927682732,0.0013016939914361212,0.018250507326417215
0.9993497747788076,2.650996447624577e-47,8.946333747243089e-14,0.0,0.0006502252208115,2017-01-25,0.23443267436508625,0.538856205599065,0.2069080556292334,0.0013019139682652022,0.018501150438058483
0.1593595417764412,0.8278736945371171,0.0126928886722408,0.0,7.387501388943723e-05,2017-01-27,0.21863014290581242,0.47291884787481403,0.25575467578519706,0.0002075516037286741,0.05248878183013633
0.0373849660376186,0.8519471111261471,0.1105828181284845,0.0,8.510470802489776e-05,2017-01-30,0.21555549960339382,0.4599240823139485,0.26659535287772185,4.8817444588991114e-05,0.05787624776062197
1.4413664046705592e-05,1.103930996916386e-18,0.9974579917534866,0.0,0.0025275945820827,2017-01-31,0.20739350407119844,0.4250501364339109,0.30300611140025213,4.749840074021281e-06,0.06454549825418039
0.9644079898197992,1.0454648127819942e-67,2.4504139001512745e-21,0.0,0.03559201018024,2017-02-01,0.2280366511354068,0.5277715421706524,0.20132872955233488,0.0013218387710228693,0.04154123837062205
0.0425505583061533,0.9336421723933832,0.0235925082340913,0.0,0.0002147610661965,2017-02-02,0.21632364482221392,0.46337364896427047,0.2628576842495926,5.578337314011812e-05,0.05738923859060723
0.0805585798207362,0.8441657447898229,0.0750852799454896,0.0,0.0001903954443184,2017-02-03,0.2166325967485761,0.46452755397282397,0.2627012092925017,0.00010520684787485295,0.056033433138590355
0.0977612269768213,0.8920294155445393,0.0100178973102836,0.0,0.0001914601680061,2017-02-06,0.2174737507603663,0.46817283956094474,0.2591605348361552,0.00012759882907275154,0.055065276013111314
0.0221072180548869,0.4430010008026705,0.5341615929481259,0.0,0.0007301881943191,2017-02-07,0.21179125504185262,0.44359353326133677,0.2839510447022655,3.0140244752858296e-05,0.06063402674979464
0.0255663494814772,0.9063230204655408,0.0678403621820887,0.0,0.0002702678713158,2017-02-08,0.21564299646703738,0.4604683247385553,0.2655567065006331,3.378158785316958e-05,0.05829819070634357
0.0086507750782308,0.9687963713819338,0.0222268061319476,0.0,0.0003260474079641,2017-02-09,0.21567874363784337,0.46074684736747895,0.26472611726570056,1.1869643721285292e-05,0.05883642208533202
0.0628676686414444,0.8942305037705879,0.0427726435699915,0.0,0.0001291840176356,2017-02-10,0.2165671249493274,0.46430299873584474,0.26246237548620205,8.206678906405667e-05,0.056585434039221054
0.0316957392242552,0.9291059015476344,0.0390623719326213,0.0,0.0001359872959322,2017-02-13,0.21600934110476722,0.4619972308890998,0.2641048985666389,4.150791075561396e-05,0.05784702152918154
0.0427492912574753,0.7188234150646454,0.2382787823632429,0.0,0.0001485113148279,2017-02-14,0.21462971197681308,0.4558111999774518,0.27128363292492036,5.591802824848279e-05,0.05821953709275776
0.0001542003155187,0.0020351518891715,0.9966348865899896,0.0,0.0011757612056867,2017-02-15,0.20762471223977613,0.4254134023106307,0.30325925478103233,2.4014549493862734e-06,0.06370022921397771
0.8140317829889236,0.1632529684390314,0.0220398677206905,0.0,0.0006753808517646,2017-02-16,0.2307682009353934,0.5235922028800254,0.21840633805089035,0.001060761683425826,0.026172496450674848
0.9905262006550726,2.580638031185996e-06,0.0089539455063822,0.0,0.0005172732001043,2017-02-17,0.23421732302356527,0.537881916596882,0.2077947734541799,0.0012901808496086234,0.018815806075354186
0.9983878611894385,7.394730080518614e-10,0.0011950154350627,0.0,0.0004171226357218,2017-02-20,0.23444336044793565,0.5387945201310228,0.20706076676997176,0.0013002256813548548,0.018401126969410667
0.0672938620442955,0.9158735772114358,0.016794979685643,0.0,3.758105885314859e-05,2017-02-21,0.21687214514982614,0.4655895819943092,0.26120895041702547,8.765621112282415e-05,0.05624166622794376
0.0804505295114785,0.8699510215473832,0.0494292717754016,0.0,0.0001691771654351,2017-02-22,0.21683822959313098,0.46543168202666374,0.2617054337672933,0.00010502649995608222,0.0559196281126543
0.0382966884530956,0.9070870056371866,0.0545649194069052,0.0,5.138650299407297e-05,2017-02-23,0.21602399341156472,0.46198482263463303,0.2643525312905354,4.994097790845315e-05,0.057588711685539834
0.0110504807981602,0.0001559789646186,0.9873726853267956,0.0,0.0014208549103539,2017-02-27,0.20786307597166334,0.42653371622455116,0.3022171053981541,1.704219408803244e-05,0.06336906021147153
0.027853212388494,0.8670192512454783,0.1050202865459118,0.0,0.0001072498202235,2017-02-28,0.21541688460430886,0.45937085294839825,0.2669195200710071,3.645290612072896e-05,0.0582562894702726
0.9582845309818682,0.0304884545581192,0.0104184748367241,0.0,0.0008085396237002,2017-03-01,0.2335515185471173,0.5352415147904277,0.20963998489630614,0.0012487621082253187,0.020318219658334913
0.0002154195119055,4.3412292065599135e-16,0.9988229262611086,0.0,0.0009616542268888,2017-03-02,0.20764361579397125,0.4253919845901533,0.30338806481118413,2.0803749888591543e-06,0.06357425442960563
0.0459258691860424,0.867559245942063,0.0864169028063664,0.0,9.798206558709946e-05,2017-03-03,0.21590631902387414,0.461443070501379,0.26515410479605406,5.9957902403069975e-05,0.05743654777634855
0.994926796359553,5.608282415234755e-09,0.0029902480045606,0.0,0.0020829500276973,2017-03-06,0.23409038720850017,0.5380623083247543,0.206968273771022,0.0012988390045997607,0.01958019169121665
0.1375677149925352,0.4376202654709912,0.4244005212983388,0.0,0.0004114982379772,2017-03-07,0.2148883728159215,0.4565727888460398,0.2730853321996102,0.00017982055355637193,0.055273685584714446
0.0140548988604034,0.8784998370222904,0.107279109072438,0.0,0.0001661550444778,2017-03-08,0.21512975337312493,0.45819884460572585,0.26778751084268576,1.860406223006361e-05,0.05886528711584299
0.0563923373779168,0.8766493895829334,0.0668044026696913,0.0,0.0001538703690102,2017-03-09,0.21625004710162085,0.4629411518337974,0.26377162192138925,7.368507296111447e-05,0.05696349406978304
0.0291281237950889,0.9310737006160246,0.0395541242974237,0.0,0.0002440512917472,2017-03-10,0.21593939432625922,0.4617533971905361,0.26424813870314734,3.836831950764205e-05,0.05802070146083399
0.075040054151641,0.8889811649771903,8.332073747363286e-06,0.0,0.0359704487974879,2017-03-14,0.21124969357535694,0.4581968156292053,0.2523051701188223,0.00016499634050321033,0.07808332433617876
0.0774708067378527,0.832248556695642,0.0898668961058835,0.0,0.0004137404607892,2017-03-15,0.21642021031872088,0.46371006085997307,0.2634099325908259,0.00010160602872902966,0.056358190201918436
0.4901017831846848,0.4730964424619869,0.0351873294829737,0.0,0.0016144448706526,2017-03-16,0.22441776810378103,0.49759483295819423,0.23731500290365734,0.0006409105112026016,0.04003148552346263
0.3511737584180906,0.0096307082381459,0.6385513382059003,0.0,0.0006441951378279,2017-03-17,0.21716276710403842,0.4656307443553632,0.26917374553661905,0.0004582736004731241,0.0475744694034706
0.0482270477959946,0.0029466935643517,0.9473472570302324,0.0,0.0014790016096401,2017-03-20,0.20887117515337103,0.4308400861045413,0.2984998374648465,6.553793908723622e-05,0.06172336333837258
0.0356703017398995,0.8786164661444407,0.0855295661011932,0.0,0.0001836660146297,2017-03-21,0.2157064498775152,0.4606527295025589,0.26568945860687204,4.6770219213696614e-05,0.05790459179400319
0.0010803722470958,0.9500894315692447,0.0476905654815499,0.0,0.0011396307024482,2017-03-22,0.2152001057473567,0.4590601639855008,0.26598315695473423,3.5392796665716103e-06,0.05975303403308021
0.955003664913362,0.0179133713902829,0.025393297634451,0.0,0.0016896660617062,2017-03-23,0.23322592750248342,0.5342448229757709,0.21022457967510752,0.0012461411868839767,0.021058528659555927
0.0669787917341128,0.8822648414805785,0.0507255235216278,0.0,3.084326339840219e-05,2017-03-24,0.21659729527306493,0.4643663967892191,0.26255972812303313,8.723352189081526e-05,0.056389346292509475
0.0022788654264352,0.0011102453012533,0.994928514400014,0.0,0.0016823748723708,2017-03-27,0.20759503926254058,0.4255186201435716,0.3029603529975928,6.115063494415218e-06,0.06391987253287369
0.1554650348283579,0.8186252779780435,0.0252752545552393,0.0,0.0006344326387112,2017-03-28,0.2183647033808914,0.47203548877796575,0.25635022459912543,0.00020353197063860152,0.0530460512717307
0.0954870853869583,0.8828407106196036,0.0215399722779381,0.0,0.0001322317150649,2017-03-29,0.21734901609139873,0.4676017735092253,0.2597560057348462,0.0001245280734269769,0.05516867659066763
0.4346578201249654,0.4502099372395249,0.1143742980357781,0.0,0.0007579446001022,2017-03-30,0.22288560911950245,0.4906669606328768,0.24379076439687597,0.0005671446255962043,0.04208952122551907
0.0539602647679365,0.8864977999276304,0.0594258786397662,0.0,0.0001160566643184,2017-03-31,0.21626924310159007,0.46302117278818244,0.26362996688735063,7.044884679165566e-05,0.05700916837573664
0.117470986352746,0.8754507764505132,0.0068279719026129,0.0,0.0002502652937254,2017-04-03,0.21786012484752856,0.46981148295434094,0.25789108638539654,0.00015336200196202593,0.05428394381036932
0.0960891650180331,0.8617141055360293,0.0420108305122834,0.0,0.000185898933684,2017-04-05,0.2171886093596076,0.46691189145625844,0.2605129415032581,0.00012541215885371893,0.05526114552205191
0.0433363778956406,0.8886840969397379,0.0678496104181591,0.0,0.0001299147460877,2017-04-06,0.21600014366395562,0.46188988167944384,0.2645673674234951,5.664733833355977e-05,0.05748595989439712
0.0019309058410966,0.8622477596376995,0.1356025189765879,0.0,0.0002188155450349,2017-04-07,0.21466770228937218,0.4562371911278106,0.269583350118713,2.9227301004081415e-06,0.05950883373442276
0.0962929120170048,7.95675724137386e-06,0.9022016047831292,0.0,0.0014975264428136,2017-04-10,0.21013130586985163,0.4361877924940438,0.29396513424705745,0.00012813241165659262,0.059587634977579296
0.988049515425156,2.262265165184881e-05,0.0106644833074226,0.0,0.0012633786157003,2017-04-11,0.23403459296674428,0.5374495176495517,0.20784210209775406,0.0012883538758304632,0.019385433410049842
0.0049724053620521,0.7514403697966439,0.2435154790816584,0.0,7.174575961269758e-05,2017-04-12,0.21389024301722726,0.4526929168360819,0.2736745097892559,6.60609202746266e-06,0.05973572426537448
0.0026773488951573,6.596640133477881e-10,0.9946815394798496,0.0,0.0026411109654992,2017-04-13,0.2074470328465655,0.42532924993600807,0.3027196596747424,8.428242049581355e-06,0.06449562930080445
0.0418344798964521,0.8220067099702761,0.1360003256647526,0.0,0.0001584844682571,2017-04-17,0.2154248397445501,0.4593551053299685,0.2673212059153912,5.47460292168111e-05,0.0578441029806114
0.0015430683975041,0.0823097259230556,0.9112820785679878,0.0,0.0048651271118751,2017-04-18,0.2077241469739864,0.4276588380688968,0.2990298941630463,1.111477752668384e-05,0.06557600601696627
0.0579768852447695,0.8443897940684432,0.0974519689775934,0.0,0.0001813517095379,2017-04-19,0.21603142678855847,0.46197432122598714,0.2648771108888354,7.579886924462246e-05,0.0570413422277183
0.2981695173211707,0.5685364815348661,0.132916717777607,0.0,0.0003772833666616,2017-04-20,0.2202338738530117,0.4794386347837337,0.2524366314828426,0.00038878669345782075,0.04750207318725941
0.0435815850928706,0.0004712232476977,0.9549908704669132,0.0,0.0009563211927175,2017-04-21,0.20880883217832985,0.43033175646695065,0.2991798861245763,5.85133303106554e-05,0.06162101190003133
0.99852454783961,3.180587329850004e-25,2.170764026807396e-07,0.0,0.0014752350838898,2017-04-24,0.23428165216470248,0.5385944611701986,0.20677634323953736,0.001302384129894702,0.019045159295568968
0.5183312993480897,0.4800131055201873,0.0012114156074652,0.0,0.000444179524257,2017-04-25,0.22541122986491566,0.5012819315146013,0.2346153968421767,0.0006754619761739479,0.03801597980213146
0.0869712962843075,0.9015544673498368,0.0113614440715249,0.0,0.0001127922939643,2017-04-26,0.21727307223365663,0.4673011374105818,0.25984977068803333,0.00011340801994319936,0.05546261164741847
0.032343711017179,0.8848483049619091,0.0827114710045486,0.0,9.651301646126328e-05,2017-04-27,0.21568063437048537,0.46051335133933274,0.26578879163882574,4.227738719071626e-05,0.057974945264263306
0.0326031263618518,0.3301724193849268,0.6361866876230005,0.0,0.0010377666299465,2017-04-28,0.21112616243651586,0.4407312071392902,0.2872845487595303,4.437683936484401e-05,0.060813704825024274
0.0208108020489138,0.938865502486383,0.0402192932483685,0.0,0.0001044022167317,2017-05-02,0.21580062818613915,0.4611134496618456,0.26478204571733027,2.7281574829265596e-05,0.058276594860252724
0.2311661961388441,0.3482753748214356,0.4195819469881498,0.0,0.0009764820519873,2017-05-03,0.21659406373446724,0.4639207392581192,0.26740017923417403,0.0003027005401350633,0.0517823172335211
0.0937204485236929,0.86602129256793,0.0401330402177248,0.0,0.0001252186904329,2017-05-04,0.2171689756168296,0.4668077595155659,0.2605884283318147,0.00012221559246490402,0.05531262094310553
2.574522375953793e-06,6.061191121565149e-27,0.9980791336306892,0.0,0.0019182918468525,2017-05-05,0.20748841174280783,0.42517292795715184,0.30316343107535987,3.5939552888120126e-06,0.06417163526930925
0.1127631375297618,0.8209259009450908,0.06605593779547,0.0,0.0002550237298522,2017-05-08,0.21729945370715847,0.4673475403278815,0.26048407222703673,0.00014724344008702853,0.05472169029801093
0.0814342056218899,0.8101836718494095,0.1081926567988922,0.0,0.0001894657294792,2017-05-09,0.2163857352671584,0.4634251227451958,0.2639500727173646,0.00010634477246051729,0.0561327244974915
0.998577355965627,5.584511689514151e-15,1.7852698133634068e-05,0.0,0.0014047913357961,2017-05-10,0.23429407475863806,0.5386148065776672,0.20678929570610316,0.001302321007335771,0.01899950194981777
0.1665144036798945,0.7301444496063308,0.1032034688926861,0.0,0.0001376778210373,2017-05-11,0.2180338963433608,0.4702610704980067,0.25888114882130087,0.00021698338981406242,0.05260690094746624
0.0456248812143077,0.6383241034819522,0.3156189445920156,0.0,0.0004320707119082,2017-05-12,0.21402171440027226,0.4532324095266932,0.27409134491229425,6.019149123919085e-05,0.058594339669684796
0.0840184673808275,0.8809109893952952,0.0348812618947541,0.0,0.0001892813295227,2017-05-15,0.21701780171859014,0.46622021617296866,0.26092546063043703,0.00010970795560275517,0.05572681352280086
0.9948270908802626,3.812443313895249e-07,0.0034597676453157,0.0,0.0017127602304429,2017-05-16,0.23414557662542107,0.5381264251246223,0.2070727813738239,0.0012980163228171527,0.019357200553667672
0.078316332489887,0.876870204906187,0.0447535244744934,0.0,5.99381296584436e-05,2017-05-17,0.21685324862085142,0.46545645158159693,0.26166822356971314,0.0001020442798154625,0.055920031948248766
0.0003524219592522,0.927941855009994,0.0698398141887713,0.0,0.001865908842006,2017-05-18,0.21489085881350586,0.45804617811179543,0.2667362855836012,3.951247810995235e-06,0.06032272624331011
0.0047408535857223,0.942609559604808,0.0522669581082451,0.0,0.0003826287010668,2017-05-19,0.21535685333511317,0.4593652758465636,0.2661168932074714,6.8866192887434424e-06,0.059154090991405214
0.2605641243821726,0.304849107244942,0.4341238222531691,0.0,0.0004629461200125,2017-05-22,0.21711551250626768,0.4658259393128894,0.26639447054579896,0.0003400019914416927,0.05032407564389826
0.0014928574509998,3.335731748173877e-07,0.9980694565680596,0.0,0.0004373524074299,2017-05-23,0.2077597474385183,0.4256438020837789,0.303398983859821,2.7616423204381767e-06,0.06319470497522527
0.0228199857113975,0.0682656128190352,0.908147388309974,0.0,0.0007670131598917,2017-05-24,0.20882229617162146,0.43041190564330073,0.29857504562502224,3.113687057244806e-05,0.06215961568978139
0.997973931906929,3.2659323119966996e-58,8.171225115808853e-16,0.0,0.0020260680931353,2017-05-25,0.23418082910362936,0.5384197437760357,0.2066883680539711,0.0013026985131276902,0.019408360553300776
0.999527469934696,3.246875259470803e-19,3.5085685288364365e-06,0.0,0.0004690214965191,2017-05-26,0.23446574943942178,0.5389132910574362,0.2069373283964059,0.0013018060741781146,0.018381825032301534
0.1186392899503133,0.7622243906042511,0.1189660247176479,0.0,0.0001702947273812,2017-05-29,0.2170027943846504,0.46595536843750474,0.2622409860943683,0.00015473291290999059,0.05464611817015996
0.3015740015257577,0.542240461753288,0.1556151771735534,0.0,0.0005703595478015,2017-05-30,0.2200855419057809,0.47885556973398363,0.2530898162116536,0.0003935791712305408,0.04757549297775181
0.0506284883549074,0.8827231247394101,0.0665118279823325,0.0,0.0001365589236643,2017-05-31,0.2161468285054201,0.4625053257933213,0.26409480145506836,6.615077143568497e-05,0.05718689347506872
0.0516216771568703,0.8726660325618532,0.075551026981712,0.0,0.0001612632991497,2017-06-01,0.2160895108781018,0.4622572823110964,0.26438706280701796,6.748969051003278e-05,0.05719865431285882
0.1168456890411538,0.8349610960068846,0.047924886101634,0.0,0.0002683288499513,2017-06-02,0.21751833507907653,0.46830464379099807,0.2595354546465938,0.00015258196135736282,0.05448898452159792
0.0522536838538186,0.895951812429027,0.05173271047149,0.0,6.179324550736788e-05,2017-06-05,0.21630728791165052,0.46317293717746655,0.2634378879246141,6.812608928953433e-05,0.05701376089682223
0.0057541593941458,6.697991118244085e-13,0.9921762173323304,0.0,0.0020696232726187,2017-06-06,0.20761869385445234,0.4257948959671426,0.3025687887943162,1.136314930146023e-05,0.06400625823455204
0.0865198183701317,0.8346556557669894,0.0786900001443863,0.0,0.0001345257184241,2017-06-07,0.21672518751942366,0.46487914333283686,0.2625125325298797,0.00011286108194734803,0.055770275535843884
0.167759594880741,0.1156753650138376,0.7150222736708302,0.0,0.0015427664342317,2017-06-08,0.2129574611611654,0.4483813258246256,0.2825086670240415,0.0002212340650788514,0.0559313119247289
0.0665609585032823,0.8881007020486862,0.0452087507264414,0.0,0.0001295887213776,2017-06-09,0.2166171240845441,0.4645052796331908,0.2623458352407006,8.687452285022142e-05,0.056444886518501734
0.0202130624794747,0.6424185658089192,0.3363452555892313,0.0,0.0010231161225968,2017-06-12,0.21328181781719163,0.45037260536193435,0.2762350943758705,2.8223213673664426e-05,0.06008225923155176
0.0391052758951346,0.8704881778239165,0.0902275700075677,0.0,0.000178976273015,2017-06-13,0.21573442706855875,0.46075603988128205,0.2656775970818977,5.123220831196203e-05,0.05778070375958332
0.0649287495649744,0.8447431925498613,0.0902262440614074,0.0,0.0001018138236476,2017-06-14,0.21623272639616273,0.46279205584662647,0.2642117802659907,8.469814415160066e-05,0.05667873934695919
0.0362636796972614,0.1250458550895409,0.8374036687993589,0.0,0.0012867964134935,2017-06-15,0.20955274091040849,0.43384026768006273,0.29491486071304884,4.9607334542111096e-05,0.06164252336159239
0.0757504440293809,0.8449010146661863,0.0791727309771844,0.0,0.0001758103274231,2017-06-16,0.2165120449133472,0.4640108144722245,0.263140775272385,9.892155146341417e-05,0.05623744379075459
0.2969297276556201,0.6955058300943763,0.0070768649209641,0.0,0.0004875773286971,2017-06-19,0.22119392349310665,0.4837665696183465,0.24754667820807383,0.0003873794987794217,0.047105449181351025
0.0524441225222511,0.8783772224273735,0.0690019739685363,0.0,0.0001766810817854,2017-06-20,0.2161545645972489,0.4625495023719239,0.2640795548005076,6.858899724513372e-05,0.057147789233020725
0.0361527110484142,0.8828951940931321,0.0807539258716466,0.0,0.0001981689870286,2017-06-21,0.21575114594296727,0.4608558735831914,0.26547124839785957,4.742524201825582e-05,0.05787430683418499
0.0134578215214174,0.9154259774415004,0.0710449903595162,0.0,7.12106776314121e-05,2017-06-22,0.21542248338243208,0.4594565601930749,0.2664207946144394,1.7649226103643793e-05,0.058682512584015384
0.000437392744948,5.676474377907427e-13,0.9989162007564778,0.0,0.000646406498284,2017-06-23,0.2076988248975808,0.4254814047938801,0.3034474163344045,1.7792109546116427e-06,0.06337057476345727
7.929691246107552e-06,1.580464036561807e-07,0.9965432117444364,0.0,0.0034487005176657,2017-06-27,0.20724937728117657,0.42486174615213435,0.3027706354384983,6.465500948126631e-06,0.06511177562699431
0.0575726029971631,0.6715092842663328,0.2703685889103804,0.0,0.0005495238263166,2017-06-28,0.2145872214982159,0.45573835105083915,0.27160458646604185,7.596181259553115e-05,0.05799387917250038
0.027591174254739,0.9391486671160364,0.0331194396979535,0.0,0.0001407189314158,2017-06-29,0.21597867283885508,0.46188563236572716,0.26410634857296544,3.6174498707828326e-05,0.05799317172388915
0.123406393194525,0.7914487392938275,0.0846596850550197,0.0,0.0004851824565759,2017-06-30,0.21731374491330663,0.4674659914520708,0.26055298040401126,0.00016152690162732851,0.054505756328932044
0.1332414043657523,0.8658146269490723,0.000425585269184,0.0,0.0005183834162031,2017-07-03,0.2181636066404019,0.47120593851025133,0.2566763180521261,0.000174389738070953,0.05377974705936134
0.1225134750738863,0.6681898518965348,0.2088930042379067,0.0,0.0004036687915238,2017-07-04,0.21632164771249507,0.4630213781416919,0.26549609329184165,0.00016021215515369002,0.055000668698669104
0.0835865665723444,0.8700611043787285,0.0461655506519525,0.0,0.0001867783969736,2017-07-05,0.2169202863735567,0.46578792702611876,0.2613935256950573,0.00010914113312778861,0.055789119772138365
0.082784964910803,0.8964914167721436,0.020594121836337,0.0,0.0001294964808715,2017-07-06,0.21711812693069035,0.4666435010433736,0.26044871391665625,0.00010799059527224155,0.055681667514162696
0.0646742103433769,0.8433737710719096,0.091682428467309,0.0,0.0002695901172734,2017-07-07,0.21618879484783174,0.46268054552607824,0.2642471033966405,8.468088928312958e-05,0.05679887534003521
0.1677593735366868,0.8219802039109153,1.2112316664322084e-05,0.0,0.0102483102357358,2017-07-10,0.21721794394888155,0.4715908866345709,0.2525662163179998,0.00023752856771709188,0.058387424530832815
0.0715392892548097,0.8764790881360272,0.0518121400624768,0.0,0.0001694825462581,2017-07-11,0.21665163811744126,0.46465111149377986,0.26231044748101473,9.342870747723455e-05,0.056293374199858616
0.0939923907624015,0.8549748139138106,0.0509016440958204,0.0,0.0001311512283245,2017-07-12,0.21708741471794593,0.4664466834317125,0.260994022511501,0.00012258064139079527,0.055349298697806644
0.9670662294316196,0.0159631803537494,0.0139046758596184,0.0,0.0030659143554127,2017-07-13,0.23331815810623185,0.5352645431054462,0.20878256711718932,0.0012644171582431893,0.021370314513289114
0.0288409774918477,0.9225620657832768,0.0485488421727815,0.0,4.811455243508599e-05,2017-07-14,0.21589459245974793,0.4614596543037636,0.26466005619666266,3.762783734347532e-05,0.05794806920282339
0.0976251257851874,0.8472273896823946,0.0548966970530065,0.0,0.0002507874798543,2017-07-17,0.2171042855306089,0.46656058193763666,0.2609162388697526,0.00012753273467821426,0.05529136092776638
0.0002779552613613,0.8916598401671066,0.1068113041396579,0.0,0.0012509004321713,2017-07-18,0.21469623664643034,0.45687966776134953,0.26832460458242524,2.7031708360110206e-06,0.06009678783925601
0.9842275655893404,0.0006577866036074,0.0136196410612454,0.0,0.0014950067457985,2017-07-19,0.23390115899792338,0.5369910065391114,0.20812717818197357,0.001283812998028528,0.01969684328295462
0.0954506995079549,0.0005703135611359,0.9030753196761966,0.0,0.0009036672551254,2017-07-20,0.2102060516513983,0.4362330825969501,0.29417668219883525,0.0001259246668644433,0.0592582588863646
0.0620917249879063,0.923062093816698,0.0145989592266104,0.0,0.0002472219684205,2017-07-21,0.21675736267791554,0.46521070366381617,0.26137593487601307,8.127780498357035e-05,0.0565747209769068
0.1234011737683484,0.8589470415976292,0.0175438099371636,0.0,0.000107974696748,2017-07-24,0.2179097328504533,0.4699297777853264,0.258001949650984,0.0001608140614999198,0.0539977256516255
0.3102518592521136,0.0075579475745837,0.6809478909193479,0.0,0.001242302254402,2017-07-25,0.21595758100533402,0.4607909774269296,0.2730565974086664,0.0004061315012274439,0.04978871265828966
0.5619572889888711,0.4068739085049527,0.0304413542960855,0.0,0.0007274482098384,2017-07-26,0.2259524777335685,0.5035886705002119,0.2331961565032801,0.0007327733002701762,0.036529921962416785
0.0141316720390656,0.929870251310558,0.0557480994445879,0.0,0.0002499772055109,2017-07-27,0.21552753235445718,0.46000753923635795,0.26574314525270565,1.8860881788866452e-05,0.05870292227441276
0.0190456638840709,0.9181685338983028,0.0626788555317423,0.0,0.0001069466856903,2017-07-28,0.21558827518337506,0.4601805030775591,0.26576400507546716,2.498893393417268e-05,0.05844222772947075
0.7847032581167427,0.1967697961334641,0.0175331987936822,0.0,0.0009937469559533,2017-07-31,0.23020024873866154,0.521384129006823,0.2198441507721434,0.001023185250239397,0.027548286231974636
0.0607264547905982,0.9141412325890566,0.0251009460812494,0.0,3.136653865760291e-05,2017-08-01,0.21668356259277166,0.46478417784070303,0.2619132070956717,7.90968147641524e-05,0.05653995565565126
0.0162245271123004,0.0036550245962159,0.9797058123309842,0.0,0.0004146359607647,2017-08-02,0.2081866548681551,0.4274497328792294,0.3018376987696395,2.1893026661940456e-05,0.06250402045657906
0.0003547703622126,7.479223782058959e-11,0.998811713079611,0.0,0.0008335164835885,2017-08-03,0.20766737125258208,0.425433906702907,0.303407441516071,2.021901534628922e-06,0.06348925862710952
0.9760157947819442,0.0012508570117324,0.0212876406492619,0.0,0.0014457075574149,2017-08-04,0.23369380738447645,0.5360900003687025,0.20891016023151057,0.001273032746818891,0.02003299926884472
0.0297871514535045,0.9062247725337012,0.0639640789991514,0.0,2.399701401382701e-05,2017-08-07,0.2157936665391889,0.46099408001405173,0.2652157718530101,3.8814181094585635e-05,0.057957667413025445
2.045537953956883e-06,2.390370437271765e-11,0.9993529703716694,0.0,0.0006449840660971,2017-08-08,0.2076873957628002,0.42543228310883374,0.30348985440361864,1.2099252931541062e-06,0.06338925679907825
0.0010598230788892,0.0005130064909401,0.9973439012637598,0.0,0.0010832691668001,2017-08-09,0.20765129120536507,0.4254811924632581,0.303255159318454,3.4070381078751663e-06,0.06360894997520397
4.0791901688143086e-05,0.2248189815084619,0.7699503803057418,0.0,0.0051898462838639,2017-08-10,0.20876733241890327,0.4324629681077321,0.2935006565199327,9.76729994638804e-06,0.06525927565324126
0.0001451534960758,0.9114815853084592,0.0826172789449608,0.0,0.0057559822508715,2017-08-11,0.21414635689156933,0.45664788832947417,0.26640501964838964,1.0962808363810085e-05,0.06278977232257031
0.671339194523754,0.3241767177402441,0.0035196307024981,0.0,0.0009644570332266,2017-08-14,0.22818475138171698,0.5130299839481144,0.22580888921842662,0.0008755822010835661,0.032100793250380934
0.9960065555562776,0.0014166907013652,1.4570560081400432e-05,0.0,0.0025621831820798,2017-08-16,0.23405566321667517,0.5381373347325206,0.20668550374108455,0.0013011413728979257,0.019820356936625448
0.3979644350544205,0.255987357539412,0.3455801679211082,0.0,0.0004680394853644,2017-08-17,0.22040317774094503,0.4796913799494287,0.2550313551953117,0.0005188439638958479,0.04435524315072364
0.0007900778053625,0.8706200985779198,0.1284416621640217,0.0,0.0001481614529709,2017-08-18,0.21471484191466783,0.4564182466206921,0.2693832343059789,1.3056448063739629e-06,0.05948237151412963
7.342434767646166e-08,6.05473022961596e-28,0.9989271341396774,0.0,0.0010727924364088,2017-08-21,0.20762048319583423,0.4253449004663019,0.303380389842012,2.0081181128290156e-06,0.06365221837817281
0.4700880835364492,0.0136724022845261,0.5151519689127836,0.0,0.001087545266499,2017-08-22,0.22030821370423248,0.47918004036555784,0.25740923963540413,0.0006138755809125879,0.042488630714150745
0.9956313267290668,0.0021854312696075,0.0011687740116483,0.0,0.001014467989828,2017-08-23,0.23429362245778362,0.5384372593962564,0.20708831436221048,0.0012977560268394952,0.01888304775706039
0.1470252605420693,0.7208256770764281,0.1319304833155361,0.0,0.0002185790658383,2017-08-24,0.21742549182246515,0.4677029688043258,0.261109522841189,0.00019176885692133563,0.0535702476749705
0.0894406594024434,0.8794730382648296,0.0309425095773582,0.0,0.0001437927554759,2017-08-28,0.21715858427183427,0.4667940344434595,0.26046951701717075,0.00011668002848371654,0.05546118423915881
2.456240771108364e-08,2.5756644103139996e-27,0.9963911431322964,0.0,0.003608832305218,2017-08-29,0.20722413834935308,0.4248282191606743,0.30273036089585487,6.7549422335166584e-06,0.06521052665180622
0.165235679995562,0.8316837716626487,0.0024689968487294,0.0,0.0006115514927839,2017-08-30,0.2187337007657149,0.47361101008012535,0.2548994847714333,0.00021620605904855642,0.052539598323401805
0.0807635852122945,0.8925491596837258,0.0265398748638381,0.0,0.0001473802404881,2017-08-31,0.21702985876199068,0.46627098861507577,0.26079415322663363,0.00010539315660419512,0.055799606240042265
0.1962283871778272,0.7882092220624739,0.0153855283145505,0.0,0.0001768624447923,2017-09-01,0.2192851247051077,0.4756794444331725,0.25372133546020864,0.00025573076739271694,0.05105836463376227
0.0001577425238987,0.0004526921595364,0.997194325112796,0.0,0.0021952402038992,2017-09-04,0.2074528845628863,0.4251501282585485,0.30305968726842136,4.31429724834556e-06,0.06433298561302576
0.0878260372428158,0.8861417714620533,0.0258553580602446,0.0,0.0001768332352044,2017-09-05,0.2171632797241067,0.46683992931737933,0.26035545056511084,0.00011464037224103686,0.05552670002148016
0.020427376268705,0.8966403665717776,0.0827123190281899,0.0,0.0002199381310114,2017-09-06,0.21543626696486215,0.4595528183247401,0.2664461433663785,2.6998786473089465e-05,0.05853777255722993
0.0665477939138759,0.8795625309062554,0.05374654993458,0.0,0.0001431252453453,2017-09-07,0.2165467063481296,0.4641990180908708,0.2626786234562816,8.68827258513133e-05,0.056488769378923255
0.0594494115802288,0.8718848659461595,0.0685371700438315,0.0,0.0001285524298866,2017-09-08,0.21629790427009696,0.46312475562648536,0.26366959580622096,7.761659767185508e-05,0.05683012769963126
0.4290417829165438,0.560968446826217,0.0093883481283187,0.0,0.0006014221290928,2017-09-11,0.22364122234622016,0.49397915028740985,0.24002815108334327,0.00055954213627018,0.041791934146928826
0.3822946831880313,0.6151497231896187,0.0020037453925712,0.0,0.0005518482296083,2017-09-12,0.22282904562412567,0.4905999832767059,0.24243291896285074,0.0004986059758825837,0.04363944616026442
0.0223110952154252,0.9142148648645138,0.0633723989346825,0.0,0.0001016409854258,2017-09-13,0.21564503420245265,0.4604123593379888,0.26560490012025334,2.9229102790399897e-05,0.058308477236562045
0.0525076624723452,0.8918754484539075,0.0554879664859603,0.0,0.0001289225874126,2017-09-14,0.2162711528310796,0.46304389914170496,0.26355606764390466,6.858230423522026e-05,0.057060298078701166
0.0300716120138455,0.9140802711087552,0.0557285492893347,0.0,0.0001195675879176,2017-09-15,0.21584886042435839,0.46128475735344565,0.2648555823861977,3.9363305097939516e-05,0.05797143653075326
0.1161938574617988,0.8711327748362775,0.0123366383722117,0.0,0.0003367293294294,2017-09-18,0.21777806713592673,0.469496179460946,0.2581617622278823,0.00015186160448675865,0.05441212957047553
0.0704555508009089,0.8015995719548106,0.1276893151792717,0.0,0.0002555620647056,2017-09-19,0.21601326223435507,0.46186195602046026,0.26533093412917436,9.217929628003806e-05,0.056701668319427065
0.0524226376070815,0.8642120755770589,0.0831421880596362,0.0,0.0002230987562772,2017-09-20,0.21603400385748556,0.46203656186112835,0.2646254871816301,6.86479169906729e-05,0.057235299182819104
0.0036558725506566,0.915820078399447,0.0803777936589447,0.0,0.0001462553906272,2017-09-21,0.21515155646206802,0.4583426994771049,0.2673333917509387,5.032032731154203e-06,0.05916732027683283
2.944143432163717e-15,5.853877089978685e-67,0.9939476144945524,0.0,0.0060523855057915,2017-09-22,0.20684224837939197,0.42433038322711486,0.30210403563592797,1.1328684050676086e-05,0.06671200407386123
3.504053126985211e-07,8.332242704489175e-09,0.9954872817964876,0.0,0.0045123594659649,2017-09-25,0.207082939911476,0.42464417787238457,0.30249873844692426,8.446562923212067e-06,0.06576569720629973
0.0167890734811714,0.8752844233324922,0.1049302322439804,0.0,0.0029962709426456,2017-09-26,0.2147350371367043,0.4578188473014702,0.2669240130558538,2.7460039504512727e-05,0.060494642466756836
2.8566180732955984e-19,1.187085092139e-134,0.5769548855778998,0.0,0.4230451144216717,2017-09-27,0.1416727785278804,0.33937508042514347,0.19522112873836195,0.0007918438830239162,0.3229391684251614
0.0231953848914212,0.9667855550718852,0.0075179188508901,0.0,0.0025011411855347,2017-09-28,0.21571207300978576,0.46188338137001156,0.2628418509529563,3.48713606228989e-05,0.059527823306354644
0.0419342580820949,0.9303776455055188,0.0275689955407149,0.0,0.0001191008717381,2017-09-29,0.2162961203491983,0.4632077168284849,0.2630698451880588,5.4802177732632114e-05,0.05737151545659203
0.3434877181110846,0.6496656289298469,0.0063099504808523,0.0,0.0005367024781576,2017-10-03,0.22206749040791993,0.4874194022540963,0.24483304876756876,0.0004480686853226661,0.04523198988503361
0.0697608036485279,0.925444011957989,0.0046790576708247,0.0,0.0001161267224549,2017-10-04,0.21700205879736287,0.4661920975284797,0.2605749185519102,9.101406172327755e-05,0.0561399110603204
0.0576553546117768,0.4237489865162684,0.5181787177556509,0.0,0.0004169411162874,2017-10-05,0.21263839068249052,0.44701105460669704,0.2813511708676876,7.582135282841588e-05,0.05892356249027988
0.9983047617271126,3.5620474274211924e-15,3.5466601964151095e-05,0.0,0.0016597716707225,2017-10-06,0.2342469297122164,0.5385319194143054,0.20675028401544338,0.0013024434791416618,0.01916842337869562
0.0716547277931417,0.8769447672796136,0.0513435953802212,0.0,5.690954736635383e-05,2017-10-09,0.21667602711314865,0.4647036203811993,0.2623098752272149,9.336824476463562e-05,0.05621710903401532
0.0789305005551499,0.8429249801649058,0.078007691727939,0.0,0.0001368275521004,2017-10-10,0.21658752093311223,0.4643097941905492,0.262920963009376,0.00010298756552589308,0.05607873430153169
0.0090588897012617,0.0971939201696395,0.8927125935106843,0.0,0.0010345966180866,2017-10-11,0.20864240314077237,0.4298187621284368,0.2987014096370055,1.3727064906515249e-05,0.06282369802855077
0.9984960950862434,7.529887822492382e-10,1.0004892619453494e-06,0.0,0.0015029036718388,2017-10-12,0.23427656650453718,0.5385855948247245,0.2067720010155509,0.0013023988866878418,0.01906343876883227
0.835181213042396,0.1579512267774253,0.0065011647906311,0.0,0.0003663953891888,2017-10-13,0.23134033130174447,0.5258680615843194,0.21664958982067228,0.001087710229859752,0.025054307063045043
0.1043728274806417,0.890434503621626,0.0051141678286716,0.0,7.850106886943184e-05,2017-10-16,0.2176556615543544,0.4688898485556605,0.2586130947505657,0.0001359926790443451,0.05470540246018368
0.0764527179337903,0.8430621891528016,0.08028701043163,0.0,0.0001980824816841,2017-10-17,0.21651272542932182,0.4640209419302475,0.26313934057044286,9.98772796706921e-05,0.05622711479022312
0.0231530315403403,0.8484598884063024,0.1282878306669778,0.0,9.924938614927928e-05,2017-10-18,0.21514463927055336,0.45818254096248523,0.26810396848627466,3.0320442753694592e-05,0.058538530837702746
0.0011831253957232,2.797800798824976e-06,0.9974783896361664,0.0,0.0013356871675299,2017-10-19,0.2076110817854566,0.42542571426142517,0.3031985610428625,4.039990275139951e-06,0.06376060292019876
0.0438471059576663,0.9392744180358084,0.0164829220691878,0.0,0.0003955539375207,2017-10-23,0.2163749133861293,0.4636831943687908,0.2624650659531771,5.7809288892522055e-05,0.05741901700319348
0.0836998504806706,0.8689826497561901,0.0471563372990801,0.0,0.0001611624640337,2017-10-24,0.21691873889268873,0.46576785669594156,0.26143145533923157,0.00010924062984840046,0.05577270844226414
0.0868562205070873,0.912231835079506,0.0006113745656137,0.0,0.00030056984759,2017-10-25,0.217325620047725,0.4676274964126807,0.2593938465807329,0.0001136097205640979,0.055539427238094324
0.8735576120974062,0.065393146627244,0.0602665858102998,0.0,0.0007826554649305,2017-10-26,0.23156575447896224,0.5268650037027531,0.2164654782937415,0.0011384379145955954,0.023965325609827694
0.1663829730159191,0.1615243933171991,0.6714230855865537,0.0,0.0006695480806477,2017-10-27,0.21342197146471867,0.45002474180918167,0.28106669510567533,0.00021780786684085394,0.055268783753902886
0.0964683771415512,0.8571219275691737,0.0462160779627767,0.0,0.0001936173266602,2017-10-30,0.21716100594450793,0.4667909260773703,0.26065448372390265,0.00012592016688086464,0.05526766408749996
0.0615963000572856,0.6339115844413346,0.3040686864973573,0.0,0.0004234290038969,2017-10-31,0.21441540048382995,0.4548908323039987,0.2727231464879818,8.096280738484625e-05,0.05788965791667898
0.9962571692315207,0.0010323234944032,0.0004813264405121,0.0,0.0022291808333052,2017-11-01,0.23411135467747915,0.5382200270882234,0.2067617184054069,0.0013008442530402212,0.01960605557559137
0.0391203824723458,0.9072991888666814,0.0535138528206066,0.0,6.657584022208008e-05,2017-11-02,0.2160453531656124,0.4620827218058858,0.26426070854473627,5.104148222284156e-05,0.05756017500139849
0.0933326524478878,0.8611626148493651,0.045329046424279,0.0,0.0001756862785141,2017-11-03,0.21711204240079232,0.4665816034752393,0.26080359531900416,0.00012180532292716376,0.055380953482083
0.0197043570991586,0.9134845068532896,0.0667560982631592,0.0,5.503778417290125e-05,2017-11-06,0.2155767395251068,0.4601001577374495,0.26589742443547176,2.574908998935191e-05,0.05839992921176288
1.3934877915483047e-09,1.1337919238257286e-50,0.998077713199925,0.0,0.0019222854067087,2017-11-07,0.2074877187455589,0.4251718222885156,0.303162656128734,3.5980812828430464e-06,0.06417420475603001
0.0048300449379916,0.0066945026154358,0.9873170467520076,0.0,0.0011584056941369,2017-11-08,0.20778964765966226,0.4261124511038696,0.302629008941068,8.454783125537326e-06,0.0634604375118464
0.0988984867077737,0.6652110658021422,0.2348849973929731,0.0,0.0010054500967132,2017-11-09,0.2155718713723201,0.46011313246492247,0.2677409499824752,0.00013060262506423408,0.05644344355482013
0.0189304304320339,0.9364475527946886,0.0445458004732089,0.0,7.621629976714067e-05,2017-11-10,0.21573546485796571,0.4608202447666945,0.2650658615216678,2.478143235183545e-05,0.05835364742101872
3.760694775484879e-07,2.913898001310816e-24,0.998591283809952,0.0,0.0014083401206277,2017-11-13,0.2075680504179358,0.4252765725806129,0.3032943535494346,2.636580685811132e-06,0.06385838687138792
0.0105477805172139,0.6256410829551329,0.3636214423313407,0.0,0.0001896941963449,2017-11-14,0.21301987009904708,0.44885195319883614,0.27804104814824593,1.4083456148293705e-05,0.06007304509775489
0.0020847113493713,0.0025042929615645,0.9945320563179536,0.0,0.0008789393712314,2017-11-15,0.20772650180250804,0.42570958022811584,0.30313035812159267,4.358515724501591e-06,0.06342920133217969
0.998554192206513,9.89777476529542e-05,0.0001924608284133,0.0,0.0011543692177074,2017-11-16,0.23433337959232825,0.5386666978474115,0.20685183884691,0.001301822125663184,0.018846261587973426
0.5268501741187813,0.4665577255961357,0.0063670257352902,0.0,0.0002250745500374,2017-11-17,0.22556638514691296,0.5018175149381523,0.23437617045787948,0.000686139545133947,0.03755378991216576
0.0753490588600162,0.874331318162627,0.0502186710728265,0.0,0.0001009519046131,2017-11-20,0.21674721863613783,0.46502150834173006,0.26204408905754495,9.825901345004529e-05,0.0560889249512198
0.1085950068816038,0.833020198571091,0.0581719573923424,0.0,0.0002128371545529,2017-11-21,0.2172907436182799,0.46731085211749207,0.26042320187520374,0.00014173947438273678,0.054833462914231496
0.074604883572102,0.8670193704315764,0.0582207402074471,0.0,0.0001550057886536,2017-11-22,0.21666066295218614,0.4646673966573269,0.2623890298503659,9.739161370263575e-05,0.05618551892619746
0.0541176668150339,0.8816242652510652,0.0641037390037006,0.0,0.0001543289301258,2017-11-23,0.2162286890272994,0.4628588552793115,0.26379615280508995,7.072534929929096e-05,0.05704557753892537
0.1105729636248048,0.8540200373334595,0.0351981529956011,0.0,0.0002088460459112,2017-11-24,0.2175114288404054,0.46827896116045914,0.25940916301365513,0.00014430640007021897,0.05465614058518668
0.1731520841999994,0.6570626355137945,0.1693673071877207,0.0,0.0004179730988437,2017-11-27,0.2175861269455387,0.4683723080721859,0.2610350986639859,0.00022614726647626315,0.05278031905217145
0.0235616614042185,0.8926377534459466,0.0836292894986706,0.0,0.0001712956510212,2017-11-28,0.21549589939452418,0.45977688752986823,0.26631274111818726,3.0987146332169424e-05,0.05838348481094504
0.0315213757170959,0.8757710703002679,0.0926317953857365,0.0,7.575859657234902e-05,2017-11-29,0.21558962942713064,0.46010316833198717,0.2662297198926631,4.1168234743643926e-05,0.05803631411314811
2.0903498826176475e-10,1.3181188038546364e-35,0.9978274514876077,0.0,0.0021725483032163,2017-11-30,0.2074486065203344,0.42512083526935873,0.30309850925922605,4.06651475440075e-06,0.06432798243618522
3.582072795717297e-11,3.011082729303772e-64,0.992177064271343,0.0,0.007822935692489,2017-12-01,0.2065655389581685,0.4239696632067552,0.30165021105058043,1.4642749872146614e-05,0.06779994403427625
0.2396176710485587,0.3329821126257501,0.4259836797166633,0.0,0.0014165366090093,2017-12-04,0.21662977225401336,0.46424937111956394,0.26707061915190156,0.0003145241814368991,0.05173571329306548
0.0189468385946382,0.8768610856270327,0.1040926686092076,0.0,9.940716868080624e-05,2017-12-05,0.21525806894685867,0.4587097083431832,0.26739613998686784,2.484619629683533e-05,0.05861123652635272
0.0040099580571124,0.0786648794776976,0.9159683537220952,0.0,0.0013568087435292,2017-12-06,0.20830945823006183,0.42852466452123306,0.29983373333900815,7.758769847209226e-06,0.06332438514028405
0.9988972052896116,2.772266389266573e-31,2.683026619500055e-09,0.0,0.0011027920273434,2017-12-07,0.23434983285261882,0.5387126364777337,0.20683579232825422,0.001302172031279504,0.018799566310095068
0.9992476952532108,1.0611716117127539e-13,2.6870770770820234e-05,0.0,0.0007254339758363,2017-12-08,0.23441818839694342,0.5388292971452991,0.20689864356386292,0.0013019218809747213,0.018551949012843592
0.0756665515356281,0.9063654098928088,0.0179343570319461,0.0,3.368153963432047e-05,2017-12-11,0.21702116807977448,0.46620434859130777,0.26077382629614754,9.854632911326288e-05,0.055902110703674235
1.3242759451563804e-05,3.0184955268801304e-22,0.9977583359478842,0.0,0.002228421292271,2017-12-12,0.20744022885990648,0.42511095509759605,0.30308290817795547,4.1883319867619756e-06,0.06436171953216187
0.0003262674810968,0.8189043084224887,0.1795570877120613,0.0,0.0012123363842536,2017-12-13,0.21412454174904316,0.4543195218938793,0.2711843021819142,2.6938681822202156e-06,0.06036894030688153
0.0137451324405007,0.9831633884581404,0.0010554449288252,0.0,0.0020360341728612,2017-12-14,0.2156621803717287,0.4614848563682644,0.2632318058522079,2.1700874734593115e-05,0.059599456533391874
0.0356676014808244,0.9449574162193728,0.0080025394662537,0.0,0.011372442833371,2017-12-15,0.2144857113316896,0.46071948810343155,0.26021901721319307,6.770954078199271e-05,0.06450807381072558
3.127325874821993e-24,1.148160733273842e-11,1.10993590849917e-20,0.0,0.9999999999881766,2017-12-18,0.05150371462543756,0.22183016031721586,0.047336978627481395,0.0018717717236778693,0.677457374705845
0.9384386732460486,0.0100636219592009,0.0092939650477466,0.0,0.0422037397471892,2017-12-19,0.2263883994863231,0.5238329879805356,0.2017489521484133,0.0013004142323019565,0.04672924615261103
0.1142969914470194,7.753952233855984e-06,0.880565847972558,0.0,0.0051294066282122,2017-12-20,0.21004555110721548,0.4374912958161064,0.29129424737870924,0.00015836354928910928,0.06101054214870307
0.1930106639867467,0.3625462764481449,0.4435497748615698,0.0,0.0008932847036649,2017-12-21,0.21569946151097086,0.4601118596234377,0.27054908527482757,0.00025288374060828984,0.05338670985028181
0.5765165949907154,0.3670482374530747,0.0554806399142524,0.0,0.0009545276420259,2017-12-22,0.2259897004287092,0.5037861726087989,0.23329340537880222,0.0007521479067270202,0.03617857367703092
0.0729394347637472,0.9069487034955982,0.0200339920553282,0.0,7.786968524487532e-05,2017-12-26,0.21694591688324158,0.46590645298709293,0.26100317327978506,9.507957896843884e-05,0.05604937727083039
0.0113780438105096,0.7141029058438852,0.2741040124857858,0.0,0.0004150378598839,2017-12-27,0.21371088440667133,0.45202932134613344,0.2744323481090211,1.5585871582189912e-05,0.05981186026665641
0.0207135455071078,0.90269469416355,0.0765053564939877,0.0,8.640383512915988e-05,2017-12-28,0.2155129777330024,0.45982665542803686,0.2662151794903751,2.7121302377713366e-05,0.05841806604598244
0.8524816224676987,0.0693041761754624,0.0763704782829804,0.0,0.0018437230736748,2017-12-29,0.2308669831211703,0.5243950644041071,0.21807691953189517,0.0011129926801402839,0.025548040262503083
0.0004032036308673,0.8805997321748772,0.1185985839810161,0.0,0.0003984802134713,2018-01-02,0.21474478839983474,0.4566763350094497,0.26896492210239975,1.2706509364891872e-06,0.05961268383761121
0.106307536041576,0.7022964771645532,0.1910162616336071,0.0,0.0003797251603492,2018-01-03,0.2161630940647494,0.4623933069595122,0.26573029371247825,0.0001390746085358931,0.05557423065480974
0.2256968641152186,0.7632544139316481,0.0107454290895181,0.0,0.000303292863805,2018-01-04,0.21985544739841584,0.4781156359602193,0.25182006648184163,0.00029432191179165645,0.04991452824792126
0.1301155933449228,0.8488219596602105,0.0208834333449886,0.0,0.0001790136502456,2018-01-05,0.21799775323661397,0.47031924359445265,0.2577320823740305,0.00016968613728772798,0.05378123465798251
0.6046393445564858,0.3516060623408193,0.0421917305354435,0.0,0.0015628625670159,2018-01-08,0.2265243974816267,0.5063079232975006,0.23102545367825747,0.0007898895440559027,0.035352335998323554
0.0761356023432143,0.8696514655750566,0.0541074845389079,0.0,0.0001054475426252,2018-01-09,0.2167303227761565,0.4649443300568535,0.2621505312197677,9.929114857336815e-05,0.05607552479845291
0.0378793548865539,0.8962059145666239,0.0657887916256091,0.0,0.0001259389214055,2018-01-10,0.21591457703731845,0.4615373843042664,0.2648006621569266,4.953734535513903e-05,0.05769783915632579
0.076447510593119,0.871325965882305,0.0520712079298137,0.0,0.0001553155950668,2018-01-11,0.21674420322951005,0.46502880145984554,0.2620419080696088,9.979045224281567e-05,0.05608529678909725
0.054918813135516,0.9160569409997996,0.0287543678831322,0.0,0.0002698779814875,2018-01-12,0.2165060997340604,0.4641441853104413,0.2623381823230612,7.19843572849825e-05,0.056939548275087334
0.0745316591950615,0.9132475181013752,0.0121435952102208,0.0,7.722749335487289e-05,2018-01-15,0.21703875908091239,0.46631009945029994,0.26060233280220463,9.715072579940432e-05,0.05595165794079591
0.0152387375618903,2.888342339209689e-07,0.9837898223597202,0.0,0.0009711512445041,2018-01-16,0.20804421125262304,0.42709519185981354,0.30193371328468427,2.1651648556467384e-05,0.06290523195467108
0.9975289259629316,6.765099812754315e-07,0.0001410296486449,0.0,0.0023293678785305,2018-01-17,0.23412152351329968,0.5383074677009889,0.20665360712662126,0.0013026870266333028,0.019614714632544796
0.5195414303732221,0.3598312576231407,0.1202394802104154,0.0,0.0003878317934491,2018-01-18,0.22449597288604944,0.4971797251717736,0.2392280890163227,0.0006769315438810596,0.03841928138220022
0.9852627465058852,0.011880797393004,0.0021816705929534,0.0,0.0006747855082089,2018-01-19,0.23414636870891833,0.5376725817834276,0.2077970501861591,0.0012836250637825143,0.019100374257763526
0.9990606901802728,6.895659906249326e-18,0.0004511027906937,0.0,0.0004882070293714,2018-01-22,0.2344502583539939,0.538856403280063,0.20697752201757696,0.001301234451104809,0.01841458189759888
0.9994587468225772,3.124573012122534e-19,1.0632530911486677e-06,0.0,0.0005401899247078,2018-01-23,0.2344527876477306,0.5388909916732645,0.20692572826093938,0.0013018498391309556,0.018428642579310324
0.0467122348810144,0.9093050518705637,0.0439425792521587,0.0,4.013399584785621e-05,2018-01-24,0.21626863395606347,0.46302072747854495,0.26345508514643734,6.087311293801808e-05,0.05719468030560077
0.0148071117210654,0.9162704082088444,0.0688136184169429,0.0,0.0001088616533235,2018-01-25,0.21545943120926483,0.4596319014967753,0.26624761356119225,1.947585960774324e-05,0.058641577873336126
0.5086632059105264,0.4630944668315935,0.0277476089474357,0.0,0.0004947183100883,2018-01-29,0.22500993423872626,0.49957587510261514,0.2362005850259965,0.0006629731320577787,0.03855063250024804
0.0004641497880305,9.510974792526683e-10,0.9980581835369138,0.0,0.0014776657243988,2018-01-30,0.2075696281466281,0.42531508654437145,0.30323176337259533,3.369963916361213e-06,0.0638801519729291
0.0070460469318032,0.8565689932563275,0.1303409767701847,0.0,0.0060439830415999,2018-01-31,0.21384902500270503,0.4554301065126533,0.2678187074871843,2.0483690965403468e-05,0.06288167730640726
2.665048295688809e-09,0.0514000795648641,9.12631889189357e-05,0.0,0.9485086545813382,2018-02-01,0.059960070571198,0.23413876972745945,0.05851853268455668,0.0017753916827987547,0.6456072353341562
7.18086195251513e-28,7.905145733863917e-79,0.067696866319027,0.0,0.9323031336812893,2018-02-02,0.06208368061023173,0.23562226597508562,0.06468893072938699,0.0017450586435415383,0.63586006404207
6.44805991346682e-06,0.0127342938173233,0.2207487736483349,0.0,0.7665104844740201,2018-02-05,0.08809600654562112,0.26985091407190276,0.10668439748414077,0.0014347410431865362,0.5339339408547403
1.7655928218486296e-28,8.439404059553691e-55,0.0002891355858315,0.0,0.999710864413928,2018-02-06,0.0515489020130177,0.22188906686019924,0.047411089394218585,0.001871230527885675,0.6772797112044379
0.0003731266587603,8.671348869742933e-35,0.0775405692679295,0.0,0.9220863040736684,2018-02-07,0.0636903981706668,0.23774612385015173,0.06727163183016986,0.001726420711238332,0.6295654254381311
0.0427930865077901,0.673433232731963,9.80505721930656e-06,0.0,0.2837638757030802,2018-02-08,0.16994498777441633,0.3964287504845705,0.20036439855502344,0.0005868382491271436,0.23267502493691505
0.0001306332594522,0.8217281886133274,0.1301353489006132,0.0,0.0480058292268106,2018-02-09,0.20682868510988336,0.444863810514778,0.25909838420278847,9.002597854891145e-05,0.08911909419420457
0.0864759792597724,0.9095762411632936,0.0035952745589998,0.0,0.0003525050179794,2018-02-12,0.21728619260405857,0.4674798256375816,0.2595214717434388,0.00011321203094100712,0.05559929798402514
0.0019486425620159,2.975124542853274e-07,0.9952950157979996,0.0,0.0027560441277881,2018-02-14,0.2074095701737145,0.42522313726791583,0.30276061326989606,7.694927926517372e-06,0.06459898436080487
0.0281938094560237,0.957765230631375,0.0137803250556725,0.0,0.0002606348569432,2018-02-15,0.21612421786025518,0.4625880992990038,0.26328697107826143,3.718330968951699e-05,0.05796352845280435
7.705427011462199e-10,1.1222188550048514e-49,0.9930340841089808,0.0,0.0069659151200346,2018-02-16,0.2066994779472133,0.42414426691551943,0.3018698811169432,1.3038603954269662e-05,0.06727333541592778
2.024782215905375e-07,8.456859669029588e-12,0.9780877691903068,0.0,0.0219120283229199,2018-02-19,0.2043636386026163,0.42109926891399874,0.29803889787909577,4.1014578557905696e-05,0.07645718002563624
0.015143037173161,0.8837513305177748,0.1008417937089714,0.0,0.0002638386001374,2018-02-20,0.2151854026906607,0.45848820004232466,0.26745127478417324,2.0203162559571672e-05,0.05885491932032647
0.0739505819696857,0.9069551904125508,0.0189562067929689,0.0,0.0001380208247127,2018-02-21,0.21696362971574312,0.4660091918697967,0.26088978013132086,9.650821993172654e-05,0.056040890063125626
0.0370323434328347,0.8537354193967995,0.109130062924478,0.0,0.0001021742462051,2018-02-22,0.21555762647070675,0.45994383784366927,0.26655489404474825,4.839044131754119e-05,0.057895251199875486
0.999320217652504,3.0448759131920663e-15,2.9443070704251342e-06,0.0,0.0006768380402527,2018-02-23,0.23442772414209528,0.5388474289767735,0.20690409077804317,0.0013019253115116255,0.018518830791406364
0.9985498896688207,3.918132908284007e-05,0.0011108482686669,0.0,0.0003000807335151,2018-02-26,0.23446630054608483,0.5388381414212561,0.20707357055770298,0.0013002174926959517,0.018321769982345443
0.0468511317024924,0.0029022266344581,0.9496988788121026,0.0,0.0005477628512109,2018-02-27,0.20897953497978228,0.430872072443674,0.29887324903633466,6.200405848790766e-05,0.061213139481984986
0.0066129703821186,0.8611217612917179,0.1316778408320781,0.0,0.0005874274937342,2018-02-28,0.21472644157027423,0.4566536738853616,0.26908055431020395,9.706596747559738e-06,0.05952962363706148
0.0061198310085068,0.8857478540303562,0.1080465734253126,0.0,8.574153605928541e-05,2018-03-01,0.21498763247273045,0.4575709796743712,0.2682906271315026,8.12571296372389e-06,0.05914263500866683
1.65505375848177e-05,5.151138543169927e-06,0.9974745791493674,0.0,0.0025037191745102,2018-03-05,0.20739733361063747,0.4250554253870672,0.3030118224924258,4.707931994439445e-06,0.06453071057788061
4.714686145563922e-14,6.259752452887244e-64,0.9652573443953056,0.0,0.0347426556048062,2018-03-06,0.20235840594616383,0.41848521995510585,0.29475019165919897,6.503032036738494e-05,0.08434115211932278
7.487120539853189e-06,5.187245069012799e-13,0.9945275456443116,0.0,0.005464967234933,2018-03-07,0.20693425308942892,0.42445090966805055,0.30225387816264454,1.0238915952055596e-05,0.06635072016422695
0.0409738961065834,0.9572490199134854,0.0002547247539195,0.0,0.0015223592255757,2018-03-08,0.21626496234731757,0.46376331213121746,0.2617487086480382,5.6178804449988126e-05,0.05816683806854081
0.0533658100338198,0.5524944493607451,0.3937111801811278,0.0,0.0004285604238914,2018-03-09,0.21354637431233925,0.4510757727148781,0.2767115648306112,7.026007398065328e-05,0.0585960280677748
0.9947768237830602,1.0252127179422308e-43,9.581578883830539e-17,0.0,0.0052231762171898,2018-03-12,0.2335956049128294,0.5374055177558812,0.20617787012872862,0.0013045215954014604,0.021516485607409153
0.0178823663128797,0.9530687251064968,0.0289735153068234,0.0,7.539327372783138e-05,2018-03-13,0.21583982086996095,0.4612893771285218,0.26451524793379566,2.3415791116644296e-05,0.05833213827653257
0.0110936573859628,0.9014793662544914,0.0873392665634526,0.0,8.770979628111464e-05,2018-03-14,0.21524563920928758,0.4586915532625071,0.2671922263722794,1.4603046953799895e-05,0.05885597810915999
0.010322924353129,0.122724893309759,0.8663204872008873,0.0,0.0006316951361164,2018-03-15,0.20894238515711935,0.43094738691266216,0.29768084077277285,1.461812099982202e-05,0.06241476903633742
1.8950498433486838e-17,6.119895579110152e-83,0.9929180728349276,0.0,0.0070819271653305,2018-03-16,0.2066813470506705,0.4241206313120723,0.30184014517040203,1.325575101736855e-05,0.06734462071609577
2.391171964358587e-09,3.1623943776152267e-38,0.9978240701754651,0.0,0.0021759274331655,2018-03-19,0.20744807847333535,0.42512014707572515,0.3030976429151554,4.0728425544358935e-06,0.0643300586930321
0.8861425391399594,2.1866841092357674e-06,0.1095522414335009,0.0,0.0043030327425689,2018-03-20,0.23083198678131323,0.5252631738606415,0.21691243077279024,0.0011614070833457803,0.025831001502047486
0.0255768196348763,0.9623911403969448,0.011989273446614,0.0,4.276652174457268e-05,2018-03-21,0.2161250420026285,0.46249908678796825,0.2634142373775958,3.3369384616806955e-05,0.057928264447370335
0.0080077501585878,0.1832159754240897,0.8073346281945036,0.0,0.001441646222896,2018-03-22,0.2092352500573988,0.4326592746412545,0.29532368192148256,1.3120865332075426e-05,0.06276867251460913
0.0001394996883839,0.9167942278621614,0.0793046119206104,0.0,0.0037616605291649,2018-03-23,0.21450016693680227,0.4572414735040343,0.2667083118005031,7.222534682252701e-06,0.0615428252242986
0.9887282126481376,7.971272671499722e-42,6.40369285845724e-13,0.0,0.0112717873510925,2018-03-26,0.23248841884981478,0.5354867028264969,0.205212058740772,0.001307970686050123,0.025504848896736487
0.1081796120648158,0.8797866292194638,0.0118952790951174,0.0,0.0001384796205635,2018-03-27,0.21766343128883744,0.46893306195523,0.25864757763841445,0.0001410596397576828,0.05461486947772085
0.0041201794168934,0.8466856599803471,0.1488395164357087,0.0,0.0003546441668935,2018-03-28,0.21458121831054244,0.4559075409770688,0.26994751728850996,6.0264043905266805e-06,0.05955769701933082
0.9985286390081798,0.0004293217845536,0.0002069313709965,0.0,0.0008351078362278,2018-04-02,0.23438522027747152,0.5387405265840874,0.20692318028282194,0.001301191282645555,0.01864988157293098
0.8609757043532109,0.0015713954987682,0.1369108284306843,0.0,0.0005420717174429,2018-04-03,0.23075870079145108,0.5232285012653064,0.2202470789350906,0.001121611700381941,0.024644107307875935
2.6221209041052488e-12,7.909334215640665e-69,0.9939693192424888,0.0,0.0060306807551088,2018-04-04,0.20684564049396706,0.4243348052077395,0.3021095989624896,1.128805771548722e-05,0.0666986672783079
0.9740839010272148,5.137754982132217e-36,1.1989562303493262e-14,0.0,0.0259160989724633,2018-04-05,0.2298078071574307,0.530841053909138,0.20287372972276346,0.0013163212903746814,0.03516108791998286
0.0566201819014696,0.8938523542305321,0.0494351002657316,0.0,9.236360241187904e-05,2018-04-06,0.21640266500226832,0.46358804085534433,0.2630904284523295,7.386649582288289e-05,0.05684499919438018
0.8620025387248348,0.0783416729886842,0.0585469265879893,0.0,0.0011088616980463,2018-04-09,0.23130856774620712,0.5259450663471293,0.21699056732701533,0.001124009071125883,0.02463178950807661
0.0848062506814594,0.8743939340116722,0.0407236895518164,0.0,7.61257548200787e-05,2018-04-10,0.2170047049678183,0.4661021631094549,0.2611340197409463,0.000110521488188799,0.05564859069335968
0.0535594885099021,0.893827598640191,0.0525196094408996,0.0,9.330340905734584e-05,2018-04-11,0.21632040607585035,0.4632395880306031,0.2633869549211491,6.988463028195961e-05,0.05698316634216552
0.8275606794019035,0.088235294423362,0.0830485480440395,0.0,0.0011554781308142,2018-04-12,0.23045823275606261,0.5223764057656072,0.2199190350904066,0.0010792687589493892,0.026167057629093025
0.0540968477337854,0.9140673053390588,0.0316261152075334,0.0,0.0002097317198922,2018-04-13,0.2164776667011354,0.46399277006343664,0.262511097655818,7.080195374114185e-05,0.05694766362613853
0.8889971189965175,2.338520396172643e-53,0.0001717978176827,0.0,0.1108310831862004,2018-04-16,0.21425969272213952,0.503883777772313,0.18933154111096737,0.0013645186349233603,0.09116046976005701
0.0511333913273477,0.9069008723476624,0.0417173815689242,0.0,0.0002483547560976,2018-04-17,0.21633528482557288,0.46339506302130457,0.2630687636300577,6.701718073970403e-05,0.05713387134235697
0.0762731440597158,0.0437687135371866,0.878743010374233,0.0,0.0012151320287531,2018-04-18,0.20998790350921612,0.4355209934236342,0.2942553930449602,0.00010154724110136211,0.060134162780976476
0.1091715617515237,0.8179624665749987,0.0724391673727895,0.0,0.0004268043003885,2018-04-19,0.21715289966012524,0.4668000808875897,0.2609034111717144,0.00014289038310146332,0.05500071789716961
0.067656344832324,0.8467390232684089,0.0854067330548691,0.0,0.0001978988443631,2018-04-20,0.21630659349262893,0.4631526554284065,0.2638452433853801,8.842807642526705e-05,0.05660707961712426
0.0100286171998256,0.9723029719838694,0.0171276033770842,0.0,0.0005408074395327,2018-04-23,0.21570996273968646,0.4609835117181655,0.26440033328753676,1.4064946507793767e-05,0.05889212730841538
0.1595950299732474,0.7730486007695542,0.0671193166167799,0.0,0.0002370526407436,2018-04-24,0.218174625338531,0.47097307467667465,0.2578410932450819,0.00020816353305574297,0.05280304320698171
0.0193984766575611,0.5457740921509774,0.4342174520820144,0.0,0.0006099791096244,2018-04-25,0.21255545177299678,0.44694584217251615,0.2802114513384897,2.6389696864533917e-05,0.06026086501931007
0.126748780823621,0.8531444417688909,0.0199469182099575,0.0,0.0001598591979837,2018-04-26,0.21794503878548835,0.4700939095570565,0.25789278477984645,0.00016526823261214321,0.0539029986454497
0.5244462577974308,0.4661672037638882,0.0087633233449925,0.0,0.0006232150938025,2018-04-27,0.22543671671966295,0.5014497448839637,0.23452176427087743,0.000683755972425335,0.037908018153184384
0.2362890060742352,0.7087152523885524,0.0548360902272693,0.0,0.0001596513095905,2018-04-30,0.21972733731355903,0.47741795602728015,0.25297300591366784,0.0003078391778400889,0.049573861567300134
0.0507400561061325,8.022251384437981e-05,0.94817683906907,0.0,0.0010028823107609,2018-05-02,0.20899002980639844,0.4311209195221932,0.2984914724863419,6.791754130220721e-05,0.06132966064357181
0.0157925386627593,0.5006217082345034,0.4833491533860066,0.0,0.0002365997165128,2018-05-03,0.21215795841892107,0.44501552547052575,0.2824271491156179,2.0997531828938868e-05,0.06037836946288828
0.0003548006810627,1.5220735991863598e-15,0.9987579532256032,0.0,0.0008872460930556,2018-05-04,0.20765897496207927,0.4254229636308216,0.30339366670149054,2.122510559647799e-06,0.06352227219477181
0.9982398429327476,8.778879874017474e-05,0.0004353338605216,0.0,0.0012370344078508,2018-05-07,0.23431195816061498,0.5386137820883513,0.2068614690357175,0.0013015677168716718,0.01891122299830436
0.1395981720236517,0.6684354530066593,0.1918658836132059,0.0,0.0001004913567608,2018-05-08,0.21682823142993693,0.46503092920730144,0.2639130425685627,0.00018188114719429622,0.05404591564728232
0.4872769248013549,0.181182815835136,0.3309872841405606,0.0,0.0005529752229244,2018-05-09,0.22218490169388172,0.48716499300387994,0.2493129862195977,0.0006352470071352301,0.040701872075481135
0.0534870895680304,1.4898485077699053e-06,0.945804145719442,0.0,0.000707274864223,2018-05-10,0.20910912244451646,0.43149014530660557,0.29830484819136954,7.093961434104775e-05,0.06102494444337047
0.9980812487022812,5.0737261031711605e-06,0.0006748396039568,0.0,0.0012388379674985,2018-05-11,0.23430677347044962,0.5385924885812589,0.20687957908405857,0.0013013646754827803,0.01891979418858956
0.0570013376550665,0.8893389617033034,0.0536026976789875,0.0,5.700296220672338e-05,2018-05-14,0.21638247319055692,0.4634788594837208,0.2632397337235058,7.429639945233088e-05,0.05682463720232822
0.0007777290280512,0.9769424068008914,0.0210616397492665,0.0,0.0012182244215754,2018-05-15,0.21539342866401642,0.4599596372054029,0.26493871396046964,3.2924859465560393e-06,0.05970492768394903
0.0019654759507029,0.8639242091993087,0.1338972965127106,0.0,0.0002130183371812,2018-05-16,0.2146828753142003,0.4563015947379128,0.2695157214482381,2.956873541451482e-06,0.0594968516260107
0.0001305489619939,1.8602249215061336e-19,0.9991850230629988,0.0,0.0006844279753936,2018-05-17,0.20768467050242212,0.4254388320836912,0.30346732518550046,1.4510080438644177e-06,0.06340772122072853
2.7633466761427945e-05,5.919174176627806e-16,0.999038153694559,0.0,0.000934212838538,2018-05-18,0.207642878633517,0.4253762617820714,0.3034132468431397,1.7845993256080807e-06,0.06356582814180513
4.378062309433993e-06,8.62578684439371e-28,0.9976297144820512,0.0,0.0023659074556889,2018-05-21,0.20741850466287123,0.425081938454186,0.3030485246606796,4.4341369136393904e-06,0.06444659808539878
0.0422325169418158,0.89747248924647,0.0602256010963199,0.0,6.93927151228564e-05,2018-05-22,0.2160500002797892,0.46208778517215415,0.2643447585603634,5.509733219875479e-05,0.05746235865522312
6.865323840376563e-07,1.9100799213014996e-17,0.9983337444653554,0.0,0.0016655690024083,2018-05-23,0.20752785785855643,0.42522420173014175,0.30322839105118155,3.118458514129119e-06,0.06401643090175368
0.2487439190634085,0.7495106735240096,0.000946926101666,0.0,0.0007984813110941,2018-05-24,0.22028550061116706,0.4801444284808567,0.2500050129749522,0.0003252455289723511,0.0492398124042298
0.9990750917574468,8.954712419188341e-07,0.0001577526298051,0.0,0.0007662601419256,2018-05-25,0.23440719554642425,0.5388014208424532,0.20690482493859944,0.0013017736473332894,0.01858478502560893
0.5002227306620871,0.4936859945358521,0.0059237397597734,0.0,0.000167535042175,2018-05-28,0.22507862922034821,0.499766621541108,0.23589994072289294,0.0006513750765775535,0.038603433438960666
0.005196572909834,0.0790335569287301,0.9148365371621752,0.0,0.0009333329989637,2018-05-29,0.20841033299442613,0.42875866099971105,0.2998131347097136,8.510550405104833e-06,0.06300936074544693
0.0118217469243154,0.8785139004757392,0.1094664652224992,0.0,0.0001978873772268,2018-05-30,0.2150651389415498,0.4579394165596021,0.2679946451019819,1.5756914215693677e-05,0.05898504248243104
0.8038460718837249,0.1817051205675363,1.3992599161844751e-05,0.0,0.0144348149496502,2018-05-31,0.22849205872684228,0.5202855635615473,0.21513997512187025,0.0010732590601669203,0.03500914352964627
0.0103049320594956,0.6666117385669976,0.3224616516179071,0.0,0.0006216777555675,2018-06-01,0.21327191761943493,0.4501855819882038,0.27634635464925256,1.4575953002890763e-05,0.06018156979007355
6.241250022401535e-07,1.546999115856614e-61,0.9582921699391568,0.0,0.0417072059361976,2018-06-04,0.20126997188965515,0.41706638000307317,0.29296498898055884,7.806718107155464e-05,0.08862059194599771
0.0107319340569856,0.7829108892282214,0.2060216603135924,0.0,0.0003355164009634,2018-06-05,0.21425361902353715,0.45440604427440323,0.27181556888738373,1.4596085813428441e-05,0.05951017172862518
0.9989692940828618,4.3719217906792736e-10,6.710135090097227e-05,0.0,0.0009636041286198,2018-06-06,0.23437351510942933,0.5387491757098641,0.20686450181695432,0.0013020053299844152,0.018710802033342265
0.4274899494483088,0.5707113962735891,0.0015498682021505,0.0,0.0002487860758575,2018-06-07,0.22373233920907504,0.4942194869881547,0.23988625906324315,0.0005568623037923761,0.04160505243564054
0.04196287981404,0.8941902194269451,0.0637452538823961,0.0,0.00010164687682,2018-06-08,0.21601162151701803,0.461934510948228,0.26449132608800907,5.4806760258814945e-05,0.05750773468668721
0.0666644677535029,0.8840150431852938,0.0491512007340183,0.0,0.0001692883276215,2018-06-11,0.21658117477741332,0.46436442304613706,0.26248595226597893,8.708355321049118e-05,0.05648136635769665
0.1071189632803891,0.880114089931214,0.0126111393356083,0.0,0.0001558074523856,2018-06-12,0.21763494253753296,0.46882073193710977,0.25873279344464106,0.00013971159329959743,0.054671820487013544
0.1359305527431019,0.7522803475210361,0.1114636472606971,0.0,0.0003254524753598,2018-06-13,0.21736218300896348,0.4675345614624502,0.26092027169160276,0.0001775286581521698,0.054005455179026225
0.0118558167984071,0.8935537826386685,0.0943498109775849,0.0,0.0002405895857195,2018-06-14,0.21517906991015215,0.4584665696291738,0.26739033413883,1.5881186414742095e-05,0.05894814513580922
0.0440931919211521,0.8911930310181836,0.0645692274230627,0.0,0.0001445496378664,2018-06-15,0.21603807849785578,0.46206154295280255,0.2643920398557439,5.765975765214957e-05,0.057450678936210364
0.0675437364048627,0.5703897919594133,0.3617158614683802,0.0,0.0003506101677579,2018-06-18,0.2140804260487606,0.4533338230521929,0.27465923681655013,8.856735243024186e-05,0.05783794673048011
2.8393341735387737e-05,3.7972869245576055e-18,0.9978427313875868,0.0,0.0021288752703206,2018-06-19,0.2074561918363895,0.42513295551298064,0.303106959449322,4.021723694884022e-06,0.06429987147725567
0.4762469206164963,0.4657426098912428,0.0574496378810597,0.0,0.0005608316116297,2018-06-20,0.22415310161289884,0.4959768582245985,0.23921256508116565,0.0006209056856547308,0.040036569396110666
0.0284723540934793,2.573518124713909e-08,0.9707623747590878,0.0,0.0007652454126216,2018-06-21,0.20843056765502818,0.42863913496614436,0.3007075581314851,3.8490363335467675e-05,0.06218424888437676
0.9974282964841708,2.617259757120946e-05,0.0010498315977914,0.0,0.0014956993208305,2018-06-22,0.23424932263103132,0.5384667942358186,0.20687601658699667,0.001300995615787138,0.019106870930729766
0.0065513929671776,7.630255162856539e-06,0.9926786587228468,0.0,0.0007623180549999,2018-06-25,0.20784440283060493,0.42615199269348214,0.30282652836745083,9.953806289725059e-06,0.06316712230235937
0.0287949848869003,0.8952033981546915,0.0759435383585987,0.0,5.8078600253425946e-05,2018-06-26,0.21567407412592873,0.4604846818986257,0.26573533386607484,3.75866264046162e-05,0.05806832348341007
5.53647572158853e-08,4.824987918491674e-35,0.9991151785160266,0.0,0.0008847661188614,2018-06-27,0.2076498682976978,0.425383205637508,0.30342858619099855,1.6561522629953537e-06,0.06353668372117773
8.021657027560242e-05,4.819849848080069e-05,0.9989647474972266,0.0,0.0009068374342393,2018-06-28,0.20764894787485147,0.4253895120566938,0.3034132908339063,1.8017979982728107e-06,0.06354644743677242
0.9980109675569472,7.499292335915935e-34,1.70376388256515e-08,0.0,0.0019890154053212,2018-06-29,0.23418761106734243,0.5384314961522293,0.20669428608479795,0.001302677362452469,0.01938392933308488
0.0007237359133712,0.0007409917474613,0.9974601895032094,0.0,0.001075082836023,2018-07-02,0.20764539010326222,0.42545277895012135,0.3032807935164048,2.9542832034450544e-06,0.06361808314707292
0.0775323041924097,0.9044407781031664,0.0179104939463466,0.0,0.0001164237583715,2018-07-03,0.21704285401639403,0.4663311748721007,0.2606478158671061,0.00010112956132572094,0.05587702568336759
0.8154758840511376,0.1751011119410506,0.0083404769713848,0.0,0.0010825270367514,2018-07-04,0.23083751142075712,0.5240922465512887,0.21769756735281884,0.0010634033280473593,0.026309271347412077
0.0780976725875151,0.6740866777394454,0.2475601497826996,0.0,0.0002554998903172,2018-07-05,0.21520300851579782,0.4582189956091832,0.2695952146352503,0.00010212573148215976,0.05688065550826372
0.0509136294435495,0.9188455883093566,0.0301171788610903,0.0,0.0001236033858926,2018-07-06,0.21644396028722024,0.4638180410475081,0.2626533406740817,6.649764506889837e-05,0.05701816034600999
0.1156928772872995,0.875619437409293,0.0084292853058872,0.0,0.000258399997085,2018-07-09,0.21781260726563337,0.46961397782675807,0.258054226758224,0.00015106294252224809,0.054368125206427066
0.6357890784276262,0.3609335956856709,0.0022706390912157,0.0,0.0010066867959181,2018-07-10,0.2275192285906253,0.5102866297703259,0.22779163732138308,0.0008293912340047047,0.033573113084091756
0.0658939494078923,0.8701640010448547,0.0638372110193917,0.0,0.0001048385278922,2018-07-11,0.21646039385901286,0.4638001657829999,0.2631203676798392,8.596005499126446e-05,0.0565331126231877
0.1066360368432867,0.8874763233362253,0.0056487090028904,0.0,0.0002389308179047,2018-07-12,0.2176676181410157,0.46900939989164975,0.2584693100944042,0.00013923863164864915,0.05471443324158871
0.0514964641764484,0.7567778133230562,0.1916068948327343,0.0,0.0001188276681831,2018-07-13,0.21517051135379364,0.45815255426873336,0.2689567856409933,6.724729059378259e-05,0.05765290144630789
6.275222007221137e-05,9.8595332601486e-18,0.998755928264823,0.0,0.0011813195150918,2018-07-16,0.2076051996107805,0.425329903868775,0.3033465148575197,2.2928351897772895e-06,0.06371608882772178
0.9922747205564256,3.645457417771469e-06,0.0068850316405072,0.0,0.0008366023457933,2018-07-17,0.23421422193342,0.5380153515818427,0.2075438986723161,0.0012930543350465223,0.018933473477518312
0.0180406805234986,2.2314696027369934e-06,0.9813360698643662,0.0,0.0006210181426058,2018-07-18,0.20817393701808354,0.4274846121315668,0.3017525930668351,2.4643129100873435e-05,0.06256421465448682
0.0679730498278006,0.4076139690371854,0.5238313299550219,0.0,0.0005816511803797,2018-07-19,0.21276037895472788,0.44757782318366934,0.28094485392272706,8.955857842723757e-05,0.058627385360836004
0.5064074870333507,0.4564568887458374,0.0367187358220136,0.0,0.0004168883991497,2018-07-20,0.22490890253648685,0.49910092741245243,0.2366989527747289,0.0006598915366851683,0.038631325739997883
0.9964007110292558,7.33174940447367e-07,0.0027480440009574,0.0,0.0008505117945,2018-07-23,0.2343224510982074,0.5384807106364872,0.20714169755297807,0.0012984505251665529,0.018756690186814064
0.1097650717507148,0.8730169024491486,0.0171552586682947,0.0,6.27671322405181e-05,2018-07-24,0.2176638205722423,0.46888897856500605,0.25877936244472727,0.00014298146752215918,0.054524856950900834
0.0541738430676402,0.8769576826278317,0.0687144969805907,0.0,0.0001539773243542,2018-07-25,0.21619310909997966,0.4627002379541105,0.263973902013477,7.079780699264184e-05,0.057061953125856886
0.1868831146368593,0.752994202244733,0.0599124509330427,0.0,0.0002102321853005,2018-07-26,0.21874954294263585,0.47336635188177356,0.25599756391535383,0.00024362995208295973,0.0516429113080892
0.8440816282596849,0.1528395306622521,0.0012506074420878,0.0,0.0018282336362344,2018-07-27,0.23130939477045664,0.5263996155622478,0.21561527825634638,0.001102030732180932,0.025573680679027155
0.0808124239140396,0.9015753795227912,0.0175529998658031,0.0,5.919669730119102e-05,2018-07-30,0.21711678149932415,0.4666137703241093,0.2604579026990825,0.00010529166282129007,0.05570625381459787
0.1224207959739637,0.8486268554515747,0.0286759150372067,0.0,0.0002764335376719,2018-07-31,0.21777503518427735,0.4694191427753629,0.2584584186570804,0.0001598533739517929,0.0541875500097445
0.0213645587734592,0.8878373546259776,0.0907316498912186,0.0,6.64367095584127e-05,2018-08-01,0.2154152816256763,0.45937908357319673,0.26674029235020863,2.79312503609271e-05,0.05843741120077121
1.1513163952665688e-05,7.029639164180639e-19,0.9981756870950212,0.0,0.0018127997407638,2018-08-02,0.207505137745985,0.42519543473856314,0.3031896067810509,3.408132175645195e-06,0.06410641260196284
0.9967264213895703,1.586016969780459e-08,0.0001241506062718,0.0,0.0031494121438636,2018-08-03,0.23397188023202425,0.5380492905275506,0.20652099746189603,0.0013031774679378963,0.02015465431046633
0.0765197864483001,0.8915300610063804,0.0318969668722155,0.0,5.318567348393873e-05,2018-08-06,0.21692289040893334,0.4657724649323152,0.2612684157612006,9.969335849065897e-05,0.055936535539440106
0.0605877750879389,0.8546952029124174,0.0845512157926028,0.0,0.0001658062072951,2018-08-07,0.21618574717669947,0.46263834152313055,0.2642244487723708,7.916795751168501e-05,0.056872294570541625
0.1655829161843892,0.8222363939989328,0.0119454761124494,0.0,0.000235213704184,2018-08-08,0.21872662412425894,0.47339292388200516,0.25533304625668934,0.00021595358351463368,0.052331452153487265
0.0577702986009625,0.8740557320873814,0.068080946905117,0.0,9.302240683665564e-05,2018-08-09,0.21627579456596777,0.4630182037955095,0.2637558066411815,7.53646555137932e-05,0.05687483034212497
0.0623841792186306,0.0215979235371743,0.9140702705451856,0.0,0.001947626698714,2018-08-10,0.20932526475334512,0.4330111576518025,0.29627976543528833,8.48412162893433e-05,0.061298970942979064
0.0069618112164185,0.8927745674986657,0.0999156440051936,0.0,0.0003479772796841,2018-08-13,0.21502510462302143,0.45786166417558477,0.26786635412731746,9.712432020394608e-06,0.05923716464201777
0.9617090627739509,0.0285557150506171,0.0085199603376348,0.0,0.0012152618377515,2018-08-14,0.23356422540219157,0.5354789686831256,0.2092806046713625,0.0012539805754023298,0.020422220667871964
0.0080393578575932,0.9187194863062068,0.0731507915271059,0.0,9.036430917999866e-05,2018-08-16,0.21530068355493753,0.45895416460303773,0.2668103273021027,1.0632712840667488e-05,0.05892419182716728
0.3281583448086901,0.6601381350407739,0.0112038769983262,0.0,0.0004996431524173,2018-08-17,0.2217463576764934,0.48605751381779566,0.24591315486281345,0.0004280474772761365,0.04585492616582878
0.9819030374977838,0.0062802303073647,0.0104882136833762,0.0,0.0013285185113163,2018-08-20,0.23390971132403382,0.5369599693995798,0.20817391239765431,0.0012804758963483624,0.019675930982224678
0.0924359080141842,0.8555817894596762,0.0519092383397154,0.0,7.306418609657138e-05,2018-08-21,0.21705966633777332,0.4663033281758772,0.2611355212111737,0.00012044608618433352,0.05538103818866377
0.0930335398673872,0.817353911256665,0.0893991317335021,0.0,0.0002134171423726,2018-08-23,0.21674949481338607,0.4649903796201192,0.2625416170199989,0.00012148663854866445,0.055597021907874085
0.0264281826205099,0.8752526478304634,0.0982070282066015,0.0,0.0001121413421625,2018-08-24,0.2154435056243292,0.4594993460397532,0.26673295802388614,3.460732414127169e-05,0.05828958298762751
0.9985047792228778,1.0318275002822305e-13,1.1860355338628517e-06,0.0,0.0014940347419357,2018-08-27,0.23427818499256778,0.5385883873354772,0.20677343504970228,0.0013023935888545385,0.019057599033848353
0.0790741233970908,0.8850249561112011,0.0358667356874048,0.0,3.41848043297604e-05,2018-08-28,0.21694245310565866,0.4658361542414968,0.26128164650945146,0.00010298237306501535,0.05583676377035446
0.0357097649844533,0.0122150652753997,0.950638286646502,0.0,0.0014368830934485,2018-08-29,0.20861651169489834,0.4297558056476203,0.2993567129431267,4.916731862274287e-05,0.0622218023955352
0.0393149401530295,0.8667241458873252,0.0937746516537814,0.0,0.0001862623057459,2018-08-30,0.21570894420701955,0.4606452119954055,0.265803144438367,5.151873318932614e-05,0.057791180625900586
0.0271297064102555,0.8902694883518285,0.0823222238510808,0.0,0.0002785813872322,2018-08-31,0.2155557783617322,0.46007622993727826,0.26603332971228105,3.583192542339746e-05,0.058298830063682056
5.54716108685262e-10,1.5389982824449167e-84,0.9579315778709616,0.0,0.0420684215747561,2018-09-03,0.20121350282148856,0.4169927175761104,0.29287246303195974,7.874248268630646e-05,0.08884257408818863
0.0013878769491205,3.1055357503117434e-08,0.994282792068202,0.0,0.0043292999273693,2018-09-04,0.2071486845901736,0.42483895690545326,0.3024115636705405,9.909842980945637e-06,0.0655908849909009
0.0002256322426281,0.9237621327094624,0.0749055819586188,0.0,0.0011066530889789,2018-09-05,0.21497286157707013,0.45803862944227786,0.26710713693420035,2.3650720690245807e-06,0.059879006974070836
0.0342237331509292,0.9617105966424856,0.0035536104739609,0.0,0.0005120597324182,2018-09-06,0.21627770491196907,0.46336082038420795,0.26248498134208986,4.5502125791182245e-05,0.05783099123573582
0.0244437815665925,0.9687054683421542,0.0065923834857897,0.0,0.0002583666054545,2018-09-07,0.21611127464855423,0.4625499116032291,0.26322074026599757,3.2298240773872785e-05,0.05808577524143614
1.014487053580158e-11,1.7073431661553712e-50,0.9763490429167389,0.0,0.0236509570734844,2018-09-10,0.20409186569988025,0.4207449682492256,0.29759319802086437,4.426919270179459e-05,0.07752569883769596
1.3897883093271315e-16,1.6649899611901493e-115,0.8313157377171609,0.0,0.1686842622828167,2018-09-11,0.18142541864695091,0.39119685504119733,0.260418494045465,0.0003157384323741709,0.16664349383399019
0.0381517888759126,0.9588650890617284,0.0007741917923534,0.0,0.0022089302702107,2018-09-12,0.21609499362679765,0.46336029143354956,0.26178206149371913,5.379081426647074e-05,0.05870886263187225
0.9980781303948076,5.26694432790406e-08,4.8521707361884975e-06,0.0,0.001916964765132,2018-09-14,0.23420066939588316,0.5384538000461224,0.20670626107161233,0.0013026299154358136,0.01933663957106507
3.024406812328452e-07,2.0201487502090464e-19,0.9986791705669794,0.0,0.0013205269922744,2018-09-17,0.2075817722718214,0.4252944546817794,0.30331686878523895,2.472118724131259e-06,0.063804432142371
7.562267451393569e-07,2.0272897214817974e-15,0.9983157088725484,0.0,0.0016835349010154,2018-09-18,0.20752505193368342,0.42522054938872594,0.3032237793254333,3.152177285353914e-06,0.06402746717518276
0.0004264544338691,2.1110924940229654e-13,0.9600348944578012,0.0,0.0395386511083036,2018-09-19,0.2016202799719003,0.41755651814801237,0.29347967574439254,7.456237800256109e-05,0.0872689637578771
3.2103846304986453e-52,7.433195402741254e-22,1.470365438786497e-26,0.0,1.0,2018-09-21,0.0515037146235694,0.2218301603145464,0.0473369786250051,0.0018717717237,0.6774573747131787
3.39320288836966e-22,5.1434609188667395e-112,0.0199818716797827,0.0,0.9800181283200426,2018-09-24,0.054626569996589804,0.22590113287921615,0.052458699898020426,0.001834370221302854,0.6651792270046957
0.0406523024065038,0.00090172533221,2.5364154450971195e-06,0.0,0.9584434358457729,2018-09-25,0.059093534835175904,0.23494250820202944,0.05402453174753258,0.0018468980493895333,0.6500925271658038
0.0131500113655627,8.461301411265546e-06,0.6909648650253748,0.0,0.2958766623074504,2018-09-26,0.16189923563255867,0.36677634096465667,0.22654554724462325,0.0005709288779680838,0.2442079472799922
6.1650911700813546e-06,1.9299827303486642e-17,0.8555095915604647,0.0,0.144484243348203,2018-09-27,0.18520766974794242,0.39612790437819173,0.26662080823566936,0.00027044954535179234,0.15177316809268232
1.803798105077551e-05,0.1029998229934022,0.4283346115876973,0.0,0.4686475274374818,2018-09-28,0.1353660241685245,0.3337296755383296,0.1794895652273194,0.0008772246674508197,0.35053751039800746
0.0004697557207603,0.2793318409530523,8.34872846010009e-06,0.0,0.7201900545972855,2018-10-01,0.09746924797085191,0.28877051836916257,0.10805274319432612,0.0013486427872450844,0.5043588476779721
1.3762737757514884e-12,1.0701074870526782e-41,0.3563844639709433,0.0,0.6436155360272331,2018-10-03,0.10720105649502622,0.29443754157346624,0.13868487234338323,0.0012047013612715848,0.4584718282264051
1.9017541028428275e-26,4.792371924379057e-50,0.0145753819671709,0.0,0.9854246180323925,2018-10-04,0.0537816198478202,0.22479965091369777,0.051072917133649476,0.0018444899358709054,0.6685013221685245
2.0816619272900136e-39,1.9503600945851087e-78,0.000318244490185,0.0,0.9996817555100644,2018-10-05,0.05155345128149086,0.22189499731331608,0.04741855054187854,0.0018711760426625152,0.677261824820901
2.958676681073017e-06,0.3787548990172426,4.264309380839108e-05,0.0,0.6211994992121395,2018-10-08,0.11371868177907585,0.3124019709022713,0.12957020376125097,0.0011627475082473726,0.4431463960490257
0.0004886905230364,1.706437780450443e-14,0.7507268783522134,0.0,0.248784431124505,2018-10-09,0.16892008872374398,0.37493324958101065,0.2398401185896628,0.00046630371529854576,0.21584023939005564
0.6026611089371525,3.6905954519920094e-35,3.2827860103612893e-13,0.0,0.3973388910624374,2018-10-10,0.16181961453858265,0.4130137407136043,0.1435668319243907,0.0015281171640108028,0.28007169565932943
2.5564801703726682e-18,0.0003491477072206,0.0002259861601071,0.0,0.9994248661327344,2018-10-11,0.05159637773455232,0.22195968417671597,0.04747069759451336,0.00187069520438991,0.6771025452898901
0.5029587351926046,4.429859702921987e-53,7.053101613021425e-24,0.0,0.4970412648073919,2018-10-12,0.14356929620841213,0.3813849256065381,0.12764686520213228,0.0015849703022694816,0.34581394268064414
0.0186495255361495,0.9681478813455068,0.0048098795190405,0.0,0.0083927135997026,2018-10-15,0.21468049051871996,0.46021530909600283,0.2617176109476354,3.998240698344303e-05,0.06334660703105774
0.0540637143517215,0.9303999485295852,0.005385696818407,0.0,0.010150640300367,2018-10-16,0.2150531518171491,0.4625414285674604,0.2593254690473916,8.936594080213153e-05,0.06299058462727739
6.2239820677685874e-24,1.0616086534206656e-174,0.0004624390559058,0.0,0.9995375609437108,2018-10-17,0.051575986646590175,0.22192437454722247,0.04745551026146553,0.0018709061433505034,0.6771732224009875
1.667425524468522e-09,0.0380511163762711,0.0018083416564698,0.0,0.9601405402996048,2018-10-19,0.058035952063525756,0.23129679183188484,0.05606079815939009,0.001797163916281067,0.652809294028689
9.642594117400956e-09,1.6097584139355915e-81,0.0330964613773344,0.0,0.9669035289803812,2018-10-22,0.056676177902598025,0.22857301451459383,0.05582021201677951,0.0018098226976414739,0.6571207728686965
1.1722262577488744e-05,0.7723872819360869,0.0427726802183643,0.0,0.1848283155831133,2018-10-23,0.18504960589872435,0.4152297470056145,0.22597559144546153,0.0003459716718786158,0.17339908397846288
0.0116195484507065,0.9348578297881656,4.605748475959629e-05,0.0,0.0534765642762503,2018-10-24,0.20718150527194326,0.44905480675503034,0.25214729022739385,0.0001152192650648189,0.09150117848044959
0.0002260487404851,0.8961973730214433,0.0965448274253431,0.0,0.0070317508129581,2018-10-25,0.21382750188135058,0.45585652492458795,0.26666985768899726,1.3456044538878041e-05,0.06363265946075497
1.698196159856632e-07,8.268192778188404e-17,0.965035354228308,0.0,0.034964475951658,2018-10-26,0.20232374342513507,0.41844004703897425,0.2946933186118399,6.544573844786702e-05,0.08447744518518484
0.0462671221958975,1.305098858098033e-45,3.465929293663013e-26,0.0,0.9537328778044104,2018-10-29,0.05997281798171882,0.2365075867239113,0.05472467681139219,0.001845388890512082,0.6469495295927731
9.094093187349644e-05,0.6611565797495229,0.0665006897687981,0.0,0.2722517895500464,2018-10-30,0.1705035843040559,0.3934932480060164,0.20792370327022827,0.0005097115649571898,0.22756975285498302
4.170762275928864e-05,1.243940115657818e-33,1.1423430444116575e-23,0.0,0.9999582923768148,2018-10-31,0.05151134911973408,0.2218433913202872,0.047343638285547184,0.0018717479408226865,0.6774298733331825
0.168362249753206,0.0234346905446429,0.6965224951633578,0.0,0.111680564539104,2018-11-01,0.1950266829556717,0.42274828156758804,0.2578390405282227,0.00042817126262808674,0.12395782368620002
0.934780420619966,5.245598313035734e-09,1.2881267419732952e-10,0.0,0.0652195740052629,2018-11-02,0.22261338525884658,0.5183727210048339,0.19659795152588622,0.0013387332462660797,0.061077208963806806
0.0115083236819737,0.9052023096286574,0.0828710691280266,0.0,0.0004182975610831,2018-11-05,0.21523469996515307,0.4588029525417756,0.26692135032459474,1.5761537878388822e-05,0.05902523563033899
0.0104273947951891,0.959767052103213,0.029573718050399,0.0,0.000231835051425,2018-11-06,0.21566915762915337,0.46064830388955175,0.26493282214236574,1.400564699241499e-05,0.0587357106921628
0.0956510812289756,0.8875846456768516,0.0163720105114241,0.0,0.000392262583053,2018-11-07,0.21735052038077793,0.46773521092685333,0.2594873829185754,0.00012522823952454404,0.055301657534573036
0.0155239569105382,0.8910929418111015,0.0933209315155854,0.0,6.216976239309732e-05,2018-11-09,0.21528554235650643,0.45883220590781587,0.267178112887677,2.032146802214259e-05,0.05868381737959673
1.470957506787119e-09,4.0423066123253646e-25,0.996997887872209,0.0,0.0030021106568614,2018-11-12,0.20731895887674529,0.42495182594064596,0.3028858770464911,5.6192677534463296e-06,0.06483771886839201
0.9946479976786858,1.3123719834503966e-42,1.7213706472669008e-08,0.0,0.0053519851076754,2018-11-13,0.23357202624459947,0.53736465345917,0.20615730424536333,0.0013045950235014232,0.021601421027433256
0.0677485043473118,0.5453941743643597,0.3857021140455601,0.0,0.0011552072432009,2018-11-14,0.21376123619864798,0.45230900358942067,0.27541388942120526,9.033988880631734e-05,0.058425530902352196
0.0840185487305915,0.8992645674632063,0.0165606607069496,0.0,0.0001562230994754,2018-11-15,0.21716903480185196,0.46687615752252254,0.2602138440748564,0.00010964618402274851,0.055631317416968966
0.4963913095502918,0.48465754923208,0.0182680830425761,0.0,0.0006830581751336,2018-11-16,0.2248236668972329,0.4989073784050553,0.2364923055433655,0.000647353258139708,0.039129295896287955
0.0931178038889974,0.9045617778568692,0.0022326687401022,0.0,8.774951396129719e-05,2018-11-19,0.21746542168921276,0.4681102357148027,0.25914418118085103,0.0001213610906988174,0.05515880032436474
1.7463250301705288e-06,4.337733699467633e-17,0.9991937972881714,0.0,0.0008044563865503,2018-11-20,0.20766246471435343,0.42539975932630425,0.3034490076323921,1.5080316347475303e-06,0.06348726029506724
0.0007226616739563,1.8857166729563623e-05,0.9988247504920396,0.0,0.0004337306668714,2018-11-21,0.2077398477007342,0.4255577786959411,0.303473619836294,1.7524201792971493e-06,0.06322700134644813
2.91620703566565e-05,1.1920930495624085e-08,0.9982579341517502,0.0,0.0017128918566135,2018-11-22,0.20752122423477476,0.4252177928562826,0.30321350888984405,3.2440982370818376e-06,0.06404422992051222
0.2227127151446464,0.7705657766968297,6.551757300286541e-05,0.0,0.0066559905855618,2018-11-26,0.21884093971036703,0.4767412971775586,0.2501932986319511,0.00030232871298200404,0.05392213576718199
0.9843942773732574,0.0010957777925386,0.0129566877332679,0.0,0.0015532571009757,2018-11-27,0.23390000286696008,0.5370135531149035,0.20807895184045863,0.0012841390119835096,0.019723353165733537
0.0846752090331474,0.8989154170020467,0.0163716497562668,0.0,3.772420821251245e-05,2018-11-28,0.21720235023130563,0.46696247995277357,0.2601944541030424,0.0001102790528945764,0.05553043665965715
0.7238681832554942,0.2726661587061583,4.939695979678587e-05,0.0,0.0034162610786822,2018-11-29,0.22879749537974167,0.5166704432270132,0.22212482100415606,0.0009485401661971695,0.031458700223023155
0.0380020218053016,0.9331512263069422,0.0287636832875481,0.0,8.30685998602222e-05,2018-11-30,0.21621858417126533,0.4628668590659647,0.26335028762811485,4.9616758192377534e-05,0.057514652376114965
0.0902685954596785,0.7638947521694421,0.1453851887530151,0.0,0.0004514636175445,2018-12-03,0.2162128447711571,0.4627371223937066,0.26484522558349377,0.00011833351264166267,0.056086473738681024
0.0441423798626725,0.8566392827567662,0.0990384535422941,0.0,0.0001798838386095,2018-12-04,0.21575888151718436,0.46083770254772194,0.26573390705618766,5.7789915440359597e-05,0.057611718963807866
0.0015025994338044,0.7082423568475077,0.2884902354467591,0.0,0.0017648082721531,2018-12-05,0.21318899394319163,0.4504261773736683,0.2752707066550839,5.259016283875809e-06,0.0611088630119965
1.9658053065613573e-13,1.779361648252025e-40,0.9603142289049864,0.0,0.0396857710949938,2018-12-06,0.20158587397241975,0.4174781427469878,0.2934831802316908,7.428270416909604e-05,0.0873785203449092
0.1745046897669252,0.7573907348544362,0.0013917902815626,0.0,0.0667127850970522,2018-12-07,0.20805992808898638,0.45856814128999196,0.2399755374808483,0.0003519964955686537,0.09304439664458086
7.003273866908689e-09,0.0388707770897423,8.110615132101528e-05,0.0,0.9610481097556888,2018-12-10,0.05790063639038468,0.2311408831053478,0.05579601242553362,0.0017988626860710958,0.6533636053926883
0.0003980089639006,3.1050354702574655e-107,2.194857623837411e-11,0.0,0.9996019910145756,2018-12-11,0.05157656936474358,0.22195642162521118,0.04740053067281866,0.0018715447675923423,0.6771949335700586
0.7334942818368211,1.9482883716918652e-41,1.191877033108621e-17,0.0,0.2665057181631864,2018-12-12,0.18576836283691403,0.45451825138960567,0.16445760593994532,0.0014535123558387635,0.19380226747770338
0.0607207966095772,0.9326227625712356,0.0052581022925407,0.0,0.0013983385262356,2018-12-13,0.21661685743264403,0.46515876086468644,0.2608382716801015,8.16481099106079e-05,0.057304461912246515
0.0551957664220753,0.8977105836099728,0.0469912163594641,0.0,0.000102433608938,2018-12-14,0.21639367398174025,0.4635607915849538,0.26307413449378625,7.203140630757895e-05,0.05689936853366226
0.4592219936202975,0.5280722670799605,0.0120370506536884,0.0,0.0006686886462415,2018-12-17,0.22417663965095358,0.49622727683106,0.23838483330497967,0.0005989488915881683,0.04061230132160628
0.6054654916787248,0.1118674740124244,0.2815707544492217,0.0,0.0010962798600196,2018-12-18,0.2247115012387381,0.4980167898475388,0.24047108127941655,0.0007900914739001354,0.03601053616079671
0.3945330568645713,0.5573624933827909,0.0477850058816368,0.0,0.0003194438706948,2018-12-19,0.22273301749296825,0.4899923433129175,0.2435769466795212,0.0005140997399062963,0.04318359277438033
0.0657234735023368,1.830153418499151e-07,0.9302428176079024,0.0,0.0040335258745553,2018-12-20,0.20891675994179945,0.4322012486162014,0.2962697532577205,9.309177912385129e-05,0.062519146405291
4.134737199007523e-23,1.845376002941643e-100,0.9197980792697156,0.0,0.080201920729835,2018-12-21,0.19525383072782476,0.40922365406644456,0.28309814579574494,0.000150119687408534,0.11227424972212756
3.4568775921584626e-08,6.328328576375238e-41,0.8628574520755719,0.0,0.137142513355747,2018-12-24,0.1863549037411168,0.39762296341498177,0.26850322115718606,0.0002566995236091918,0.1472622121632008
0.0097698887133132,0.0486111543070495,0.0001260218722703,0.0,0.9414929351076076,2018-12-26,0.061295799875305444,0.23657832889373429,0.05948201508920851,0.001774975786132235,0.6408688803558596
0.1953440203416766,0.7790346560136316,0.0149709032249478,0.0,0.0106504204193044,2018-12-27,0.21755158737590718,0.47312073728510995,0.25148219203977257,0.0002741838354217448,0.05757129946334889
0.2876577415654431,0.706170345020629,0.0058545197419109,0.0,0.0003173936720698,2018-12-28,0.22105724131178411,0.4831261022435915,0.24806796620762464,0.0003749930634576841,0.047373697173594784
0.2741159726234158,0.0118026261434697,0.7133986928723726,0.0,0.000682708360668,2018-12-31,0.21511169272343728,0.4569537389794576,0.2765257947065831,0.00035805165199750527,0.05105072193845043
1.5404821184936653e-05,0.0123524648805845,0.9849427307057508,0.0,0.0026893995926274,2019-01-02,0.20746654838275239,0.425454211406905,0.30247990685478615,5.053992151336597e-06,0.06459427936355255
5.627158081968e-10,4.796395438527436e-37,0.997138909003482,0.0,0.002861090433492,2019-01-03,0.20734099811722256,0.4249805563522364,0.3029220232114451,5.35530890475783e-06,0.0647510670098808
0.0401375565322618,0.9550122237186984,0.0044538998480179,0.0,0.0003963199009554,2019-01-04,0.2164007601044053,0.4638186808503898,0.26220591821730355,5.298258380382303e-05,0.05752165824403107
0.0881284475481598,0.8984428527987737,0.0132581127933775,0.0,0.0001705868596901,2019-01-07,0.21727024596916483,0.4673106352086017,0.25984520645745285,0.00011502228052587068,0.05545889008425568
0.0572246130602071,0.917134182475592,0.0254704637587712,0.0,0.000170740705621,2019-01-08,0.21659187782683967,0.4644641927621123,0.2620984881059212,7.479989312771495e-05,0.05677064141219038
0.0290134977669448,0.964229464585419,0.0062455411455665,0.0,0.0005114965017383,2019-01-09,0.21615839457901542,0.4628586751238932,0.26288983608679345,3.871972516286657e-05,0.058054374484803724
0.0646588202540965,0.4162086610747697,0.5181588798925439,0.0,0.0009736387783817,2019-01-10,0.21267881650362308,0.44742580921506364,0.2808274758757394,8.597867679318463e-05,0.05898191972857245
0.002525794159948,0.8810065312323804,0.1163543772198426,0.0,0.0001132973879191,2019-01-11,0.21484940355651616,0.45698973736590986,0.26881692483683145,3.4994970385622153e-06,0.059340434743793934
0.0012824018749228,0.0007722344386974,0.9971228570827748,0.0,0.0008225066037564,2019-01-14,0.2077000643628288,0.42556875028551694,0.30329031624876107,3.2086460322739997e-06,0.06343766045701217
0.9966927600914736,1.1649852611423508e-38,6.812237135385413e-11,0.0,0.0033072398406265,2019-01-15,0.2339463131986693,0.5380133146855112,0.2064837970878066,0.001303429073724566,0.020253145954510488
0.0657247668745464,0.8823004806184729,0.0519096904265695,0.0,6.506208017922851e-05,2019-01-16,0.21655866887100667,0.46421835529783056,0.26267075229196835,8.566540418680414e-05,0.0564665581347756
0.0401911014700589,0.9182682136085042,0.0413856896541891,0.0,0.0001549952669093,2019-01-17,0.2161474863031188,0.46257422631526607,0.26370420956682905,5.2600570226801275e-05,0.05752147724422069
0.0457445639785143,0.8830619723528605,0.0710148708952173,0.0,0.0001785927735046,2019-01-18,0.21601224476354258,0.46195442706875606,0.2645427326103713,5.987281068837336e-05,0.0574307227467384
0.11799813891987,0.8739703839376564,0.0077353967559299,0.0,0.000296080386809,2019-01-21,0.21785529163907477,0.4698096162122744,0.2578864788149627,0.000154133869192291,0.054294479464761125
0.0045236000515012,0.8906024410945074,0.1047988496532337,0.0,7.510920115829152e-05,2019-01-22,0.214985207888004,0.45756369012552006,0.2682571534313962,6.0282481260786695e-06,0.05918792030735426
2.537742004870513e-06,4.538770853582353e-17,0.9986470584913102,0.0,0.0013504037662992,2019-01-23,0.2075771628218444,0.42528862149253116,0.3033089947910552,2.530950566164521e-06,0.06382268994361713
0.0538669737763096,0.8591276845964989,0.0868747504612361,0.0,0.0001305911656019,2019-01-24,0.2160466534991204,0.46203949598423094,0.26470909328455816,7.035462980521529e-05,0.05713440260193173
4.685257592054248e-06,0.0096843084130916,0.9821730541647736,0.0,0.0081379521648312,2019-01-25,0.20659350341524685,0.42424856597590693,0.3011890607193288,1.523848681607263e-05,0.06795363140298971
1.6796505126309488e-10,7.548679066165357e-33,0.9958191574135498,0.0,0.0041808424188979,2019-01-28,0.20713474142351318,0.4247116788867005,0.30258374653944986,7.825582839552368e-06,0.06556200756790939
0.0090258875404024,0.9049690240586676,0.085637668014418,0.0,0.0003674203866762,2019-01-29,0.21517435588857092,0.45852331213654546,0.2671834550791555,1.2435309564072178e-05,0.05910644158632827
0.1071837333938018,0.562604828510879,0.3296558850262457,0.0,0.0005555530693368,2019-01-30,0.21504734833847997,0.45751580295939515,0.27108119274714587,0.00014054412694219123,0.05621511182830009
0.9963782434299712,1.3586256799530933e-57,1.420989617930146e-16,0.0,0.0036217565699883,2019-01-31,0.23388874154776682,0.5379135398220785,0.20643357665333972,0.0013036084202258896,0.020460533556548578
0.003185386234139,0.99515587712538,0.0001436760473952,0.0,0.0015150605932449,2019-02-01,0.21555642464994065,0.46081666974009544,0.2639153598316723,6.981765342807786e-06,0.05970456401310785
0.0154673032803002,0.9663214938498454,0.0180029053590292,0.0,0.0002082975108928,2019-02-04,0.21585988466766362,0.4614569656307784,0.2641946246884533,2.0521248663134018e-05,0.0584680037645092
0.0577908323906124,0.9046863445889608,0.0374527456504873,0.0,7.007737012052005e-05,2019-02-05,0.21652369957977335,0.4641086655259176,0.26255794556602563,7.534843325697892e-05,0.05673434089520734
0.9982063371351266,6.132383010238099e-26,4.8821085082791424e-08,0.0,0.0017936140437087,2019-02-06,0.23422337804166127,0.5384934801716798,0.20672548984966216,0.0013025658976532953,0.019255086039263552
0.0362898024739483,0.9053967171414652,0.0582869740667547,0.0,2.6506317528838536e-05,2019-02-07,0.21596071846627574,0.4617023236010444,0.2646191775911529,4.728235909895977e-05,0.05767049798212497
1.4551225160184397e-06,2.215855676243312e-08,0.9975424999995736,0.0,0.00245602271932,2019-02-08,0.2074043429985676,0.4250632480075057,0.30302570807468365,4.599007783591178e-06,0.0645021019114256
0.0099856217852527,0.4029820955166278,0.5864898153193745,0.0,0.000542467379124,2019-02-11,0.21117769093814545,0.4408404526459485,0.28674073143505807,1.4012093146689664e-05,0.061227112888080235
0.0070594254896175,0.2265559027733677,0.7654516695725483,0.0,0.0009330021642742,2019-02-12,0.20963427749744612,0.4341882748774419,0.2938453125397945,1.0934514249686317e-05,0.06232120057087537
0.0028089702525199,0.579146742435288,0.4160168150576809,0.0,0.0020274722542746,2019-02-14,0.21215551713896394,0.4459546058690377,0.28014205097745376,7.450961342847381e-06,0.061740375052965084
9.92206282715374e-05,0.9415698834790948,0.0567443515479056,0.0,0.0015865443447266,2019-02-15,0.21503619935113782,0.45855640224177086,0.2662976816359929,3.098788776017959e-06,0.06010661798232089
5.364219916658976e-06,1.135565168422542e-16,0.9984429015310796,0.0,0.0015517342490897,2019-02-18,0.20754577364932614,0.4252479245724972,0.3032571169243372,2.911474054052075e-06,0.06394627337987131
0.0002618624554167,0.9256480948872586,0.0735826586706396,0.0,0.0005073839867759,2019-02-19,0.21508249682477112,0.45823154227268503,0.2671832455957479,1.2905322954079937e-06,0.05950142477459126
0.9986783145634754,3.9356716973772706e-11,5.287713744387948e-07,0.0,0.0013211566255662,2019-02-20,0.23430984757275636,0.5386433044564269,0.20680097582774043,0.001302295864225675,0.018943576278623125
0.3918187641048952,0.5930289925095867,0.0149696036647411,0.0,0.0001826397205131,2019-02-21,0.22296560064204476,0.49097372961129954,0.24247499559601574,0.0005103109045057711,0.04307536324587024
0.0679631403195489,0.8594294899501783,0.0725234415499846,0.0,8.392818017858458e-05,2019-02-22,0.21643361159912097,0.4636595792752123,0.2633469100963587,8.861405693623194e-05,0.05647128497226218
0.9979793471323134,7.8742284317628e-05,0.000680229642393,0.0,0.0012616809410389,2019-02-25,0.23430106250226476,0.538578874759834,0.2068806818299311,0.001301274803020165,0.018938106105012596
8.922796826791763e-05,0.8551316506633386,0.1423790674950732,0.0,0.002400053873316,2019-02-26,0.21422088628780242,0.4553320628238351,0.2694814373781282,4.608487030001504e-06,0.06096100502320001
0.0001000489346307,0.5245169670260884,0.4258107268374791,0.0,0.0495722572015192,2019-02-27,0.20421774375296156,0.4340283428107529,0.2703605858312606,9.291816731945196e-05,0.09130040943742279
0.0809094995606901,8.498694312502868e-15,0.8985146680038819,0.0,0.020575832435011,2019-02-28,0.20673788561776082,0.43055462262554717,0.2905620323704309,0.00014382046960752644,0.07200163891624495
0.1118981594633584,0.8761669560121146,0.0116497588639765,0.0,0.0002851256603288,2019-03-01,0.2177112276735608,0.46919720281388005,0.25839262998445517,0.00014617397771637893,0.054552765550165916
0.9933712180909784,7.439577031393396e-19,9.617459076023234e-09,0.0,0.0066287722917426,2019-03-05,0.233338313130242,0.5369596161637366,0.20595343264321164,0.0013053230938705812,0.022443314969118878
0.1261300115421248,0.8667717361784865,0.0069999999757899,0.0,9.825230372630234e-05,2019-03-06,0.21804655746097937,0.47051825164292915,0.25743372411660215,0.00016434756362417502,0.05383711921599259
0.0490809408019388,0.8940544623043171,0.0567490291360165,0.0,0.0001155677575528,2019-03-07,0.21619887011103261,0.4627347658058327,0.26380516991115677,6.409728078374263e-05,0.05719709689101922
0.0565907283805268,0.8421264740907516,0.1011131437956331,0.0,0.0001696537327648,2019-03-08,0.21597814419496503,0.4617393195938762,0.26510287116674947,7.397283027375589e-05,0.05710569221381188
0.999242266404009,1.0533454359888298e-20,4.763643688316869e-08,0.0,0.000757685959837,2019-03-11,0.23441300261886333,0.5388221101733887,0.20689090145015993,0.0013019751834446919,0.01857201057442595
0.9993735674752806,2.917078855621528e-07,5.897144741221382e-06,0.0,0.0006202436720382,2019-03-12,0.23443799911296967,0.5388650246048875,0.20691342959762876,0.0013018888168720725,0.01848165786758739
0.0755213692409992,0.9061725143603638,0.0182641616285743,0.0,4.19547696863414e-05,2019-03-13,0.21701445437588487,0.46617936196943927,0.2607933046797322,9.837285368426748e-05,0.05591450612088303
0.1137503421683296,0.7143110947305549,0.1716121885402396,0.0,0.0003263745607073,2019-03-14,0.21646624455894972,0.4636739047873298,0.2645532895756191,0.0001486618820304257,0.05515789919590232
0.2710394137498172,0.7264853332062516,0.0016581097687168,0.0,0.0008171432753891,2019-03-15,0.22069604673551615,0.48185669809233767,0.24874888858084584,0.0003542990092150161,0.04834406758226
0.0275330239872794,0.9592449754802596,0.0129461055525713,0.0,0.0002758949798533,2019-03-18,0.21611592431785007,0.46256233287365345,0.2632888641083376,3.635183232833127e-05,0.057996526867794045
0.094301208657362,0.9007285922710428,0.0047810031927742,0.0,0.0001891958788622,2019-03-19,0.21745073344178348,0.46808829674872543,0.2591542009939386,0.00012309122755491881,0.05518367758803873
0.0515568107261751,0.748329052970115,0.1999664312845172,0.0,0.0001477050192733,2019-03-20,0.21510037506770632,0.45785467334194985,0.26927502941452713,6.737988604392335e-05,0.05770254228985327
0.0002203194444361,5.033351054357962e-09,0.9985104647350777,0.0,0.0012692107867841,2019-03-22,0.20759568067274484,0.42532988139417915,0.3033087586633067,2.662428134932616e-06,0.06376301684128316
0.0009038228553113,0.703123810828506,0.2947596414660291,0.0,0.0012127248499258,2019-03-25,0.21321851535233555,0.4502896429745014,0.275670904084901,3.4463085661842266e-06,0.060817491279467915
0.9990883424195,2.702401294986681e-17,1.661515708991322e-07,0.0,0.0009114914290969,2019-03-26,0.23438484566615742,0.5387733046564805,0.2068663540306749,0.0013020627334589885,0.0186734329133955
0.0064091168686153,1.486962296635334e-06,0.9930929475715714,0.0,0.0004964485975465,2019-03-27,0.20788209738177332,0.4261897936573772,0.30290866668432986,9.27098086970093e-06,0.06301017129567955
0.9986738377126442,5.30464165446704e-19,2.317637361167558e-07,0.0,0.0013259305239904,2019-03-28,0.23430898167014336,0.538641823735039,0.2068001848499877,0.0013022989730590395,0.018946710772141412
0.120394135839573,0.8780335629307074,0.0013935940327495,0.0,0.0001787071967878,2019-04-01,0.217970096885207,0.4702491938503426,0.2575255919233706,0.0001570326668512856,0.05409808467404621
0.0754990190926357,0.8835989296028902,0.0408194909692994,0.0,8.256033507694119e-05,2019-04-02,0.21682786142827873,0.46537008672560704,0.2616707060957137,9.841976834996358e-05,0.0560329259819528
0.0001446924085424,1.436165540636966e-09,0.9994079605270644,0.0,0.000447345627854,2019-04-03,0.20772210132152252,0.4254887389694588,0.30352672682358894,1.0256523161079849e-06,0.06326140723273983
0.0127282744460764,0.0206809942845498,0.965374754426055,0.0,0.0012159768434917,2019-04-04,0.2081033444487073,0.4274918891045576,0.30130219553647336,1.8842430014512253e-05,0.06308372848041996
0.0770382795291535,0.911002156493006,0.011857612351244,0.0,0.0001019516270425,2019-04-05,0.21708411175393869,0.46651013904628613,0.260441841260724,0.00010045947836272607,0.055863448461134446
0.0001201757224402,3.8886981499307566e-08,0.9977977208729366,0.0,0.0020820645172517,2019-04-08,0.2074659643603724,0.4251529110079276,0.3031100862108324,4.053563383611499e-06,0.06426698485709383
0.5962188260996519,0.3808616078624617,0.0219891739911327,0.0,0.0009303920467594,2019-04-09,0.22663070599141844,0.5065158760440861,0.2308535471875841,0.0007777460351553695,0.03522212474176146
0.0009359775741964,0.0252262878003883,0.9725311655952572,0.0,0.0013065690301685,2019-04-10,0.20780975560864798,0.42629579300154935,0.30224029434197786,3.663814204629138e-06,0.06365049323363045
0.0890957109076503,0.8191924312397355,0.0914793270600314,0.0,0.0002325307928924,2019-04-11,0.2166557489540896,0.46460457735298893,0.26284515110871925,0.00011639716046822488,0.05577812542404358
0.0898348150998493,0.8926785556027432,0.0173472422827519,0.0,0.0001393870143657,2019-04-12,0.21727491611637612,0.46730676977734315,0.2599144499900349,0.00011718479260635224,0.05538667932334953
0.0919189451681962,0.8820174056776305,0.0259667025542006,0.0,9.694660011302288e-05,2019-04-15,0.21725248233041083,0.46717486014935344,0.2601421889430259,0.00011981793913923642,0.05531065063821094
0.8958988934086467,0.0966815808981207,0.0064996102156112,0.0,0.0009199154772285,2019-04-16,0.2323912396716233,0.5304794776200699,0.2130435898065256,0.0011677729765808005,0.022917919924807354
0.0046083391397351,8.761836094526891e-24,0.9935336048666112,0.0,0.0018580559938429,2019-04-18,0.2076210923023795,0.4257079497874927,0.3027337534515943,9.475809100814476e-06,0.06392772864962178
7.586555984814645e-12,3.3720367310926193e-53,0.9907991720793272,0.0,0.0092008279130611,2019-04-22,0.20635019586082573,0.4236889406809448,0.3012970319312941,1.722184953217168e-05,0.06864660967737797
0.026621686451482,0.8235797572036662,0.1496488794027979,0.0,0.0001496769420355,2019-04-23,0.2150315866722407,0.45768590387013414,0.26873196419433076,3.49294358094368e-05,0.058515615827466456
0.9988773553235094,1.497141397480316e-24,9.849479822728966e-10,0.0,0.0011226436913918,2019-04-24,0.2343461990909879,0.5387063390809955,0.20683262235161395,0.0013021833534747106,0.01881265612277677
9.423792681612757e-06,1.870765708077187e-05,0.9987913251953986,0.0,0.0011805433547891,2019-04-25,0.20760404253656106,0.4253246709955086,0.30335113367315525,2.221973143297078e-06,0.06371793082158174
0.9983534146140703,1.9144197822570616e-05,0.0001660121025885,0.0,0.0014614290851858,2019-04-26,0.23427938205025356,0.5385785276205247,0.2067956697823839,0.0013021355509322055,0.019044284995572584
0.0223265763389174,0.9231716167563728,0.0544204266803329,0.0,8.138022404661112e-05,2019-04-30,0.2157198960482842,0.46073505966372863,0.26525718902447715,2.9211328621024522e-05,0.05825864393455876
0.0192797344819251,0.8831131414756567,0.0973755462075471,0.0,0.0002315778352281,2019-05-02,0.2152960783315335,0.45894170991055616,0.26708479756786,2.5526867988688607e-05,0.058651887322418515
0.0389568616930658,0.8748456408336452,0.086008517892694,0.0,0.0001889795803928,2019-05-03,0.21576356988413414,0.46089128783388295,0.26551841612528565,5.105776472566155e-05,0.05777566839176937
0.0021355546370763,0.9421110336176236,0.0541636437357932,0.0,0.0015897680094681,2019-05-06,0.21509450174809908,0.4588060087875273,0.26607882549871936,5.7551994048845806e-06,0.06001490876621052
2.10933313318169e-09,4.030783575714471e-63,0.9919270496469216,0.0,0.0080729482441354,2019-05-07,0.20652646594534976,0.42391872756138327,0.301586128034508,1.5110718995654383e-05,0.06795356774015325
7.990975641932676e-10,2.0903109454629787e-40,0.9935948056336568,0.0,0.00640519356747,2019-05-08,0.2067871099948662,0.42425850456872516,0.30201360436263985,1.1989061244475467e-05,0.06692879201274851
0.0020883695073407,0.8751669131401595,0.1222551542595739,0.0,0.000489563093222,2019-05-09,0.214732418252485,0.45665687508880015,0.2689918661520006,3.6344534680417895e-06,0.059615206053542216
0.0072997968485086,0.8837950898897671,0.1088052329127012,0.0,9.988034891960408e-05,2019-05-10,0.21500146207273949,0.4576329515308203,0.26824958159198803,9.687954098854361e-06,0.05910631685024983
2.570164479461195e-09,1.4773537969512678e-13,0.9927575395649032,0.0,0.0072424578650756,2019-05-13,0.20665625867098208,0.4240879261553378,0.3017989979507501,1.3556231187117256e-05,0.06744326099203378
0.0207846931896105,0.9574803118404184,0.0004008937019641,0.0,0.0213341012681597,2019-05-14,0.21263020145364836,0.4574437270307242,0.258612675343118,6.698474340833062e-05,0.0712464114292537
2.35511939114993e-05,1.5093956082828812e-22,0.9932484726134752,0.0,0.00672797619278,2019-05-15,0.20673729438937838,0.42419541594755056,0.3019285932458317,1.2623888491454701e-05,0.0671260725289144
0.9623688557937666,0.0029970165469498,0.0002242236193617,0.0,0.0344099040402056,2019-05-16,0.22819067278419405,0.5278869463687137,0.20171120954064428,0.0013169721171678254,0.040894199189563496
0.8940527947911825,5.219360836076077e-53,2.2657799259932727e-12,0.0,0.1059472052064485,2019-05-17,0.21515827465155904,0.5054526005872075,0.1900947707059745,0.001361957310626787,0.08793239674452855
5.194407729487417e-05,6.406984247480665e-45,1.604093344906094e-44,0.0,0.9999480559230464,2019-05-20,0.05151322288212076,0.22184663865465512,0.04734527279045474,0.0018717421037056756,0.6774231235694045
2.3288139082277367e-10,4.806398076711937e-40,0.7277664110753369,0.0,0.2722335886915029,2019-05-21,0.16524227147197204,0.37010040956635504,0.23387689690056337,0.0005095591338572364,0.23027086292697324
0.0106487826895945,0.9172692996899274,0.0328927375139327,0.0,0.0391891801061856,2019-05-22,0.20924844389192795,0.45123330563351116,0.2565932941209545,8.72130498029378e-05,0.0828377433034436
8.451214574145033e-29,2.950790608177628e-64,3.5217429844098548e-12,0.0,0.999999999996362,2019-05-23,0.0515037146241138,0.2218301603152381,0.04733697862590228,0.0018717717236931906,0.6774573747109359
0.0312030464330401,0.0002081697355792,2.7755337915078543e-11,0.0,0.9685887838035968,2019-05-24,0.057249559692646064,0.23177854948200793,0.052364512428076125,0.001853589210049046,0.6567537891871918
0.4041453379292809,0.4712301405751202,0.0014030901226189,0.0,0.1232214313728212,2019-05-27,0.20309713711643979,0.46299745410581267,0.21452524872570533,0.0007566550038718681,0.11862350504801139
0.0228054407730238,0.9379972790539604,0.0387953631676086,0.0,0.0004019170056421,2019-05-28,0.21580060524405129,0.4612485150094244,0.264547082126576,3.043456304898399e-05,0.058373363057134184
0.0037385525307758,0.7137815209966539,0.2821483869262319,0.0,0.0003315395467045,2019-05-29,0.21351691625232633,0.4511678900161685,0.2752046665608034,5.486453940529638e-06,0.060105040717127294
0.9969854102814496,7.738912060832558e-08,0.0010553480024117,0.0,0.0019591643272485,2019-05-30,0.23416482938360203,0.5383211808000904,0.20680104786650721,0.0013012866809594065,0.01941165526907109
7.119423501766685e-05,0.929153317490351,0.0627077213044715,0.0,0.0080677669701429,2019-05-31,0.21392371957082612,0.4567935855202516,0.265126283716702,1.5193680459960812e-05,0.06414121751174338
0.9961296021610871,5.1195717269414755e-24,5.1631743997998506e-11,0.0,0.0038703977872334,2019-06-03,0.23384322827328566,0.5378346627865822,0.2063938748964177,0.001303750202475085,0.020624483841191293
0.0021142937211106,0.9099443308413608,0.0875125493692907,0.0,0.0004288260679543,2019-06-04,0.21501937560960596,0.45790232761686284,0.2676404756410196,3.5545091054858762e-06,0.05943426662312246
3.0714670905956707e-18,1.4095589648629249e-118,0.8615823047850976,0.0,0.1384176952147536,2019-06-06,0.18615561174926984,0.3973631624890419,0.2681763719308469,0.0002590863279627006,0.14804576750272966
0.0191915440217357,0.9550001582277252,0.0236463255085311,0.0,0.0021619722421288,2019-06-07,0.2155641303642285,0.46108117996100395,0.26377811823508457,2.9025341962117525e-05,0.05954754609784168
0.0663900611582396,0.9204907145292374,0.0128531778150862,0.0,0.0002660464977294,2019-06-10,0.2168489954855138,0.46560377140560516,0.26105658877400195,8.690751038162544e-05,0.05640373682478996
0.0542639066266273,0.9174378792298756,0.028180287081995,0.0,0.0001179270611595,2019-06-11,0.21652330967676556,0.4641496576410637,0.2623862430233153,7.084755074134528e-05,0.056869942107771444
0.0114440871212878,0.1347500573300248,0.8525801515667001,0.0,0.0012257039815952,2019-06-12,0.208975257735201,0.4313789687722825,0.2969484384200377,1.7189211727644434e-05,0.06268014586035887
0.0120169317178505,0.9372616646027152,0.0506397510577903,0.0,8.165262204776994e-05,2019-06-13,0.21555606444045144,0.4600632583714773,0.26570067199068365,1.579339072670778e-05,0.05866421180706467
5.0049890186263225e-05,9.485464424894947e-11,0.99860236193522,0.0,0.0013475880801498,2019-06-14,0.20757887446464365,0.42529458772761314,0.30330512475976473,2.587519357416423e-06,0.06381882552903166
2.812360580042601e-14,3.284120103035644e-88,0.968422361608659,0.0,0.031577638391028,2019-06-17,0.2028530488489068,0.4191300393417372,0.29556144379065163,5.910613064158638e-05,0.08239636188777777
0.0531493241603081,0.8956977336947438,0.0508230241424547,0.0,0.0003299180025749,2019-06-18,0.21628733265544112,0.46321097834248126,0.2632925733048026,6.979367217099564e-05,0.05713932202518549
0.0004147060857754,0.9845784171524486,0.0134469282891613,0.0,0.0015599484722674,2019-06-19,0.21539107686714856,0.4601189124722483,0.2645866172723361,3.4596253231475853e-06,0.05989993376259657
0.9899678350882676,2.1654493486280053e-68,5.115885228122072e-13,0.0,0.0100321649113945,2019-06-20,0.2327153292361116,0.5358799511263409,0.20540999533196727,0.0013072638179661567,0.024687460487787378
2.4165843337964347e-06,7.802023131735889e-22,0.9981555701442376,0.0,0.0018420132717409,2019-06-21,0.20750032866933743,0.42518845051697896,0.30318299794109005,3.4509736456105774e-06,0.06412477189926015
0.0151842981030551,0.887084452424251,0.0976312414224369,0.0,0.0001000080501377,2019-06-24,0.2152386373344293,0.4586441590065687,0.26735850865395466,1.995021205097407e-05,0.05873874479287705
0.9980432022264484,3.923951641052189e-15,1.259514923087749e-05,0.0,0.0019442026242314,2019-06-25,0.23419547732151852,0.538444284611273,0.20670265715385375,0.0013026354379705777,0.019354945475298216
0.980322232138259,7.44414136615801e-06,0.0189794229919709,0.0,0.0006909007287943,2019-06-26,0.233917131979805,0.5366885744678873,0.20873622587176874,0.0012772249349600614,0.01938084274596891
0.015853503924269,0.9318714018921131,0.0522560887551838,0.0,1.90054285685511e-05,2019-06-27,0.21562563786933384,0.4603208061893552,0.2655574308131626,2.066959391454949e-05,0.05847545553436826
0.0071203936006597,1.250144126757651e-06,0.9915685739353476,0.0,0.0013097823197647,2019-06-28,0.20777402039582724,0.4261048113349412,0.30263146331357055,1.1719113320597652e-05,0.06347798584223907
0.1342720989356083,0.851669601042233,0.013691399398893,0.0,0.0003669006229107,2019-07-01,0.2181022948548378,0.4708534499682979,0.2571705002397369,0.00017544769036153922,0.053698307246410684
0.0547370003437573,0.9303822816646596,0.0146950181045941,0.0,0.0001856998871933,2019-07-02,0.21662839575054552,0.46464741111094693,0.2618152910074746,7.15901579071243e-05,0.056837311973330196
0.0619412561510806,0.8730934478784312,0.0648148372510914,0.0,0.0001504587197065,2019-07-03,0.2163707896095059,0.46344586409284544,0.26337574289609506,8.090084458066199e-05,0.056726702557282654
0.055811950317764,0.8871066240144179,0.0569587318104917,0.0,0.0001226938568861,2019-07-04,0.21632260874193118,0.46325152020691174,0.26342542576042116,7.287131882082095e-05,0.05692757397147467
1.8632213096224912e-11,6.118912420900997e-50,0.9889730499649708,0.0,0.0110269500163196,2019-07-05,0.20606480141391575,0.4233168988083564,0.3008289632440895,2.063993326345091e-05,0.06976869660029734
1.6054295518225366e-27,1.1832057494157385e-109,0.8825357642374595,0.0,0.1174642357626675,2019-07-08,0.1894303111609797,0.401632079832447,0.2735471290221079,0.00021986623504659133,0.13517061374954562
0.006885397041349,0.9480385114137052,0.0440252118160335,0.0,0.0010508797289312,2019-07-09,0.21535301727637224,0.4596645656429343,0.26552535314855463,1.0928648600134878e-05,0.05944613528355757
0.0009308195713612,0.8857730326514555,0.1128956178549273,0.0,0.000400529922658,2019-07-10,0.2147997599386665,0.45691878968420785,0.2687104374135511,1.9612024591537793e-06,0.05956905176151736
0.1077129917010305,0.8873026873481904,0.0047345616703357,0.0,0.0002497592800603,2019-07-11,0.2176933671031537,0.4691232852984235,0.2583692662947576,0.0001406606033203488,0.05467342069996169
0.0195230423317348,0.6795344367027395,0.3004687188906408,0.0,0.000473802075065,2019-07-12,0.2136445811956079,0.45171905335082707,0.27498637990918995,2.6296932146917827e-05,0.059623688612408236
0.0579567536192864,0.9186130956213324,0.0233535977615256,0.0,7.655299777527895e-05,2019-07-15,0.21663796230902382,0.4646187908275614,0.2619938500222091,7.557650779918781e-05,0.05667382033332622
0.9923336304457264,0.0005044413547876,0.0060846212256964,0.0,0.0010773069736214,2019-07-16,0.23418216570155714,0.5379907122462237,0.2074568602235154,0.0012935815529279738,0.01907668027560734
0.0515251836411983,0.9078034295947393,0.0406482314014912,0.0,2.3155362771900164e-05,2019-07-17,0.2163881486162572,0.4635173366546844,0.2630532113743107,6.71055935015755e-05,0.05697419776144678
8.435990660979372e-05,8.22316351766956e-12,0.9962418071969732,0.0,0.0036738328879698,2019-07-18,0.2072162368841407,0.42482454835709804,0.3027055495882041,6.9863745793670125e-06,0.06524667879575355
1.9847724499618435e-20,9.880606375805084e-114,0.924726802832901,0.0,0.0752731971670685,2019-07-19,0.196024113467528,0.41022779915996543,0.2843614683076374,0.00014089424200981377,0.10924572482282868
0.0021183917166004,0.5863408049805624,0.4087474825973113,0.0,0.002793320705834,2019-07-22,0.21207459757038027,0.445974663194355,0.2797302388489941,7.985637027637065e-06,0.062212514749550994
0.0193486821704482,0.8485837738678141,0.1318393731704354,0.0,0.0002281707916204,2019-07-23,0.21502365887516678,0.4577288674836656,0.2684337286631595,2.5610229175354885e-05,0.05878813474915087
0.000540824079779,0.7355259898217817,0.2629429887965795,0.0,0.0009901973016921,2019-07-24,0.21350144607744762,0.45143989903543363,0.2744917601739432,2.557329208914592e-06,0.06056433738379894
0.0035067492324245,0.9329276184806083,0.0632736141718373,0.0,0.0002920181149503,2019-07-25,0.21526093294618415,0.45890119999245516,0.266639246663795,5.110776837403755e-06,0.05919350962054868
0.0363627147178236,0.9389470693681884,0.0246138210873801,0.0,7.639482704865328e-05,2019-07-26,0.21622187891070566,0.46288716774212524,0.2632830331764074,4.747063743499423e-05,0.057560449533767453
1.5747775974810813e-07,1.3301197474778937e-22,0.9970725507228624,0.0,0.0029272917996834,2019-07-29,0.20733065607434925,0.42496708673971134,0.30290503941890184,5.4794269817722534e-06,0.06479173834036124
1.8077835825249055e-09,6.849104928619227e-21,0.9401734622730218,0.0,0.0598265359189856,2019-07-30,0.1984381861236337,0.4133747985633952,0.2883207315481984,0.00011198162061298807,0.09975430214395054
0.3101141285244331,0.0018681728422936,0.2196388185536919,0.0,0.4683788800794774,2019-07-31,0.14290244099024388,0.36540281380002,0.15355744238441557,0.00128032527621556,0.33685697754900074
1.644014419594429e-10,0.008208039834302,0.1660503544047272,0.0,0.8257416055962816,2019-08-01,0.07880291056262032,0.25762272950027815,0.0916805772632419,0.0015455997886517333,0.5703481828849197
3.965893949936942e-07,0.1316108317683868,5.600012387987939e-05,0.0,0.8683327715181132,2019-08-02,0.0731286692943554,0.25331050107852116,0.0759220690282829,0.0016253212446678837,0.5960134393539471
2.7135454914265835e-06,0.5359875421478068,0.0248197413881352,0.0,0.4391900029185063,2019-08-05,0.14341523942379408,0.3550449216903039,0.17005376231883704,0.0008220669605912392,0.3306640096064132
0.5203778577337457,7.764043245026748e-19,3.97985306034221e-06,0.0,0.4796181624130963,2019-08-06,0.14675845342955132,0.38691164505179393,0.13042928199030449,0.0015750299722104176,0.33432558955604175
1.2139995171243849e-06,5.3344240283221836e-17,0.8335914729958499,0.0,0.1664073130050286,2019-08-07,0.1817813028519842,0.3916608832088564,0.2610020007042433,0.00031147808317251354,0.16524433515213902
0.6506764477267654,2.5773077469269866e-17,1.7077004214310168e-13,0.0,0.3493235522726453,2019-08-08,0.1706087254165258,0.42824575792472735,0.1512336764233756,0.001500737447839408,0.24841110278711284
0.0238995152694679,0.9439435121953516,0.0008567929305236,0.0,0.0313001796046799,2019-08-09,0.21104829156636623,0.4552880148440535,0.25628826006296884,8.969304250493358e-05,0.0772857404841294
2.6266936844407425e-23,2.5969022903395137e-134,0.716948617051796,0.0,0.283051382947902,2019-08-13,0.1635516186850892,0.3678964646675709,0.23110409726454784,0.0005298075749560633,0.2369180118075338
0.032862153432185,0.9422214477813308,6.967838364222116e-05,0.0,0.024846720402567,2019-08-14,0.21228303398767345,0.4575591376962665,0.25714378297968093,8.927890072706807e-05,0.07292476643537703
0.0042665856465049,0.9784083617265356,0.0148600735042542,0.0,0.0024649791225467,2019-08-16,0.2153036211248949,0.46015346687875436,0.2642244574030142,1.016702371936766e-05,0.06030828756945854
0.0175612911773824,0.9315834484165504,0.0506801763320287,0.0,0.0001750840740384,2019-08-19,0.2156446600272892,0.46047265455541986,0.26536367599249194,2.3184496381278875e-05,0.058495824928417546
0.0118602083967317,0.5085813168028673,0.4792245661618557,0.0,0.0003339086383397,2019-08-20,0.21210085286016161,0.4448309295607102,0.2824699548342825,1.606157423361733e-05,0.06058220117040644
6.62830133066178e-07,5.284820700910626e-19,0.9923594751158856,0.0,0.007639862053894,2019-08-21,0.20659416825572674,0.42400703662905614,0.3016970721370672,1.4300940467494072e-05,0.06768742203759497
1.1027148021445521e-18,1.3349958054458407e-77,0.7621059869512684,0.0,0.2378940130487583,2019-08-22,0.17060901238086915,0.3770965244468859,0.24267876182824047,0.0004452832868621846,0.2091704180571688
0.0007734373431161,1.751806347288902e-13,4.4458644498157924e-08,0.0,0.9992265181984866,2019-08-23,0.05164529771679538,0.22207552869337038,0.04746048855232792,0.0018713306044429547,0.6769473544334853
1.4526215100529266e-16,7.046368331710064e-11,3.8905083252321413e-28,0.0,0.9999999999299688,2019-08-26,0.05150371463516486,0.2218301603314906,0.04733697864032217,0.0018717717235689178,0.6774573746698856
0.0374387797627101,0.9493369867122448,0.0071273096373435,0.0,0.0060969238877978,2019-08-27,0.21539245002387045,0.46215022677167017,0.2612282293505299,6.0140238625178275e-05,0.061168953615400444
0.0001756628025995,0.6914094989418177,0.3067608749378912,0.0,0.0016539633178415,2019-08-28,0.21303684176426452,0.44970274755722667,0.2760877764168159,3.324474495059458e-06,0.061169309787347664
0.0004449085812911,0.4898643507369277,0.5061894336177549,0.0,0.003501307063852,2019-08-29,0.21115136741608206,0.4422279489709394,0.2834956460513256,7.132715292836192e-06,0.0631179048461857
0.0034145532043439,0.986860596516944,0.0001914826434646,0.0,0.0095333676349061,2019-08-30,0.21424340460165855,0.4589156657648307,0.26216342881050947,2.2288476445073092e-05,0.06465521234621477
1.34685328674115e-21,7.894710426712802e-70,0.948966658354054,0.0,0.0510333416460735,2019-09-03,0.19981242540691657,0.41516626480428515,0.29057458916375173,9.5522765859042e-05,0.09435119785931485
0.2942577554775888,0.6760504196060583,0.0269961738888089,0.0,0.0026956510278678,2019-09-04,0.22062249128492134,0.48232527452946583,0.2480022483167773,0.000388034821497736,0.048661951047661474
0.0142672297030684,0.9455973730042738,0.0400246983760071,0.0,0.0001106989163631,2019-09-05,0.2156780895158382,0.4606075953799944,0.2651487080288498,1.877661878012462e-05,0.05854683045624983
0.998289514037706,0.0001215732769498,0.0004225810026835,0.0,0.001166331682677,2019-09-06,0.23432460614001324,0.5386350192235158,0.206873465559447,0.0013015000265983656,0.018865409050441588
0.458839819719456,0.5305610910291255,0.0088886477207974,0.0,0.0017104415304945,2019-09-09,0.22402340852790112,0.49605969462530247,0.23805710127213736,0.0006004013993414661,0.04125939417519076
0.0718721576661434,0.870024667573747,0.0580345785946775,0.0,6.859616559250467e-05,2019-09-11,0.21662494721397715,0.4644811418916677,0.2625573689285137,9.367311381696591e-05,0.05624286885218476
0.0018063998409398,1.235174661106242e-05,0.9974694035618946,0.0,0.0007118448508964,2019-09-12,0.20772533569822785,0.4256238906918356,0.30329785304614476,3.6835184772960143e-06,0.06334923704565631
0.9971296535812536,2.0785127139430202e-07,8.568808452072269e-05,0.0,0.0027844504832305,2019-09-13,0.2340397115110404,0.5381694186201194,0.2065755665489266,0.0013030191671348842,0.019912284153054745
0.0020406861072625,0.9085559510651072,0.0890239778762603,0.0,0.0003793849510309,2019-09-16,0.21501408325588448,0.4578549366887275,0.2677147335347069,3.3661631322092427e-06,0.05941288035720979
1.3441142002140495e-20,3.782529148052533e-107,0.9473180399348624,0.0,0.0526819600650415,2019-09-17,0.19955477202132874,0.4148303863409086,0.29015201793698187,9.860860319883729e-05,0.09536421509748573
0.040152119347326,0.9097784955941828,0.0492903223055149,0.0,0.0007790627529536,2019-09-18,0.2159813467234901,0.4621423628923278,0.26388110155854777,5.371794518443442e-05,0.05794147088042712
6.886621977788337e-13,9.359130600149088e-45,0.9245436422403284,0.0,0.075456357759351,2019-09-19,0.19599548831934968,0.4101904832491681,0.2843145208786969,0.00014123707682824063,0.10935827047632495
5.5868171940249786e-33,0.0,2.5881443160986597e-198,0.0,1.0,2019-09-20,0.0515037146235694,0.2218301603145464,0.0473369786250051,0.0018717717237,0.6774573747131787
1.3566352817380606e-09,4.201292680696655e-08,1.465361232769781e-26,0.0,0.999999956630746,2019-09-23,0.05150372177223491,0.2218301707904835,0.047336987961996015,0.0018717716442883763,0.6774573478313048
0.0031085811122883,0.9623414462544678,0.0307765900973132,0.0,0.003773382535719,2019-09-24,0.21494027939822632,0.45918715522085085,0.2646313706180302,1.1108863314340911e-05,0.06123008589936654
2.052275816132493e-10,2.0957095289193703e-34,0.997855889109976,0.0,0.0021441106845163,2019-09-25,0.20745305087715757,0.42512662895863723,0.3031057983443275,4.013286018873223e-06,0.0643105085335786
0.9981694316223708,9.531835973001102e-13,3.426459834404038e-07,0.0,0.0018302257307491,2019-09-26,0.2342166684824404,0.5384818324125039,0.2067196722784821,0.001302586392255006,0.019279240434374824
0.0052418383136785,0.7832575370369277,0.2112760930057428,0.0,0.0002245316439776,2019-09-27,0.214126788483348,0.45381779658372934,0.27236099801296076,7.242750949296511e-06,0.05968717416933906
0.0007084027910364,0.8854790972586671,0.1028508326638238,0.0,0.0109616672863051,2019-09-30,0.21314092672544527,0.45473149328774864,0.26603645099886236,2.1439755700479088e-05,0.06606968923207567
3.438353699862191e-17,7.804581078402469e-17,0.0027489616566041,0.0,0.9972510383436896,2019-10-01,0.051933334521917875,0.2223902153317196,0.04804158806406375,0.0018666262950021828,0.6757682357875899
0.0006157010973035,0.8446354870540177,0.0445615179848184,0.0,0.1101872938639688,2019-10-03,0.19730597723140794,0.4330607003744269,0.2422145100973667,0.0002070468225366659,0.12721176547437008
8.537527678568874e-18,9.368078437743066e-132,0.5743027851767951,0.0,0.4256972148229428,2019-10-04,0.14125829653540461,0.33883475927084766,0.19454134662084802,0.0007968080095634289,0.32456878956307395
0.0029112872650214,0.0041006384137121,0.9071389909074844,0.0,0.0858490834136075,2019-10-07,0.19448181790310878,0.4085486137684648,0.28120843318529376,0.0001644790529568378,0.11559665609000101
0.8492650363231682,2.83694130640331e-32,5.282158917465352e-16,0.0,0.150734963677061,2019-10-09,0.20695996583835272,0.4912444761616979,0.18294328977679514,0.0013874965684126967,0.11746477165497088
0.0041349862855263,0.5731171991666355,0.4135142843551762,0.0,0.0092335301922908,2019-10-10,0.21101682611489514,0.44442371833319705,0.2784034173453061,2.2664923969873938e-05,0.06613337328226053
0.0053559474351722,0.9892618218333064,0.0001877520308917,0.0,0.0051944787009352,2019-10-11,0.2149925738055702,0.4601049236480329,0.26299373334530013,1.669387526894025e-05,0.06189207532613326
0.0154860501290542,0.9739025349236584,0.0102353235757094,0.0,0.0003760913717194,2019-10-14,0.2158944955022692,0.4616930624103179,0.2638523705994694,2.0859720300593657e-05,0.058539211767784295
0.977860301141808,0.018863055101518,0.0014206905501469,0.0,0.0018559532067943,2019-10-15,0.23381922217434564,0.5368387425316259,0.20793575227644578,0.001276201337719146,0.020130081680130498
0.0919936232258003,0.8777940686804562,0.0301750320663178,0.0,3.7276027214164e-05,2019-10-16,0.21723019571697474,0.46704610635563243,0.26031596436769744,0.00011980344616556092,0.05528793011331825
0.9989668335174376,2.330158532341308e-21,6.883953858220503e-08,0.0,0.0010330976428166,2019-10-17,0.23436258849844632,0.5387347382800693,0.20684692716580658,0.0013021322034470948,0.018753613852023187
0.9966190301735018,0.0001667430758849,0.0027209163538196,0.0,0.0004933103972179,2019-10-18,0.23438544027747268,0.5385841355146059,0.20720564250430187,0.0012980660774871762,0.018526715626556334
0.0004285442732525,0.0843037835611344,0.9141667076132828,0.0,0.0011009645523072,2019-10-22,0.20829846776919975,0.4283697590992043,0.30002419514911155,2.6185231988237447e-06,0.06330495945926227
0.0274605231511176,0.9072340651796346,0.0651782496939436,0.0,0.0001271619756998,2019-10-23,0.21572330693447958,0.46074469222420683,0.2653745837928052,3.59790751271064e-05,0.058121437973776814
0.020091747539556,0.0087932571447139,0.966240468176126,0.0,0.0048745271392687,2019-10-24,0.20763403580995354,0.42716177825348656,0.30011921211891296,3.5274279276964335e-05,0.06504969953803437
0.0055114049716167,0.9206857877851734,0.0725034981160261,0.0,0.0012993091268161,2019-10-25,0.215059735839829,0.4584904935143344,0.2666676170629921,9.605341699181962e-06,0.05977254824077758
0.9963254253071866,1.2233998705087385e-35,1.6359869067717449e-15,0.0,0.0036745746932093,2019-10-29,0.2338790732969926,0.5378967842066662,0.20642514292479971,0.0013036385386273465,0.02049536103331133
0.0972115988760119,0.8966653274504524,0.0060472293709275,0.0,7.584430285743627e-05,2019-10-30,0.21751400398344484,0.46829799214417783,0.2590614024656939,0.00012666705785320377,0.05499993434907926
0.0617587382812573,0.9098630458162792,0.0282216473243616,0.0,0.0001565685777192,2019-10-31,0.216657575680234,0.4647245064919782,0.26194920190493176,8.067472594936828e-05,0.05658804119652395
0.0689963299107154,0.8659441719969019,0.064882447399758,0.0,0.0001770506922296,2019-11-01,0.21649855602532714,0.46398830843427497,0.2629675937621571,9.013310189882578e-05,0.05645540867594678
0.0811610047974206,0.896943605255794,0.0217433694773476,0.0,0.0001520204693405,2019-11-04,0.21707474251619127,0.4664705889420003,0.2605821446721647,0.00010591910080845963,0.05576660476873794
0.0248647177896332,0.5877929530281357,0.3865084993149375,0.0,0.0008338298668983,2019-11-05,0.21300116473815103,0.44900692742100407,0.2779772345824251,3.392324330973839e-05,0.05998075001471463
0.0209254743314603,0.974374660798331,0.0039016613969217,0.0,0.0007982034734861,2019-11-06,0.2159778616305366,0.4622411333397149,0.26319996721669925,2.8729463332104348e-05,0.05855230834991621
0.0725908151557486,0.8888094375913735,0.0385023158541993,0.0,9.743139858106648e-05,2019-11-07,0.21678917054634647,0.4652212831589,0.26174352489730207,9.466245055318707e-05,0.05615135894680071
2.307762047815236e-05,0.0013953473610605,0.9956808215205436,0.0,0.002900753497542,2019-11-08,0.20734652170156878,0.42502445068178063,0.30285488169658165,5.45958489392756e-06,0.06476868633479914
0.0336580574674465,0.8719708594927041,0.0942944626883014,0.0,7.662035156561761e-05,2019-11-11,0.21561643649387965,0.4602110841791625,0.26617209964556576,4.395083133640043e-05,0.05795642885007328
0.0011355132298134,0.0217816819335603,0.9754613799903196,0.0,0.0016214248459006,2019-11-13,0.20773847541047705,0.42613245196306965,0.3022754524437972,4.5128566915473325e-06,0.06384910732555833
0.0614033658900576,0.9010217062989782,0.0373511924960907,0.0,0.0002237353146049,2019-11-14,0.21656720495572157,0.4643577548611761,0.26231321034011923,8.033791423210491e-05,0.05668149192848237
0.0489461039343845,0.9135163609661344,0.0373606751730247,0.0,0.0001768599261499,2019-11-15,0.2163405672217537,0.4633953749232988,0.26303892486067415,6.403650972490644e-05,0.05716109648424199
0.0288384318004549,0.8974426060341416,0.0735858899938693,0.0,0.0001330721711033,2019-11-18,0.21568133701937658,0.46055353895773266,0.26562405995370286,3.778354528451195e-05,0.05810328052347244
0.0939770614339508,0.889729883083847,0.0161265148863637,0.0,0.0001665405957338,2019-11-19,0.21735806706771724,0.4676670790710702,0.25962285674396135,0.00012262693042495955,0.05522937018672153
0.0854034663892487,0.8874331699120148,0.0270673036656756,0.0,9.606003276709576e-05,2019-11-20,0.21712134412631898,0.46662710502856675,0.2605596133569777,0.00011133610264479858,0.05558060138519795
0.0466628462930827,0.0002019884814303,0.95235820736322,0.0,0.0007769578620239,2019-11-21,0.20891718670889028,0.43070849559471486,0.29893863952510846,6.218799763572366e-05,0.06137349017340739
0.0184819673221432,0.0987321957012741,0.882057264147025,0.0,0.0007285728292831,2019-11-22,0.2089546671012861,0.4310050308648219,0.29780881750481103,2.5418800750330477e-05,0.06220606572805593
0.9964279538055502,3.3668855551858885e-61,1.0066039418317668e-12,0.0,0.0035720461938683,2019-11-25,0.23389784093189006,0.5379293095600471,0.20644151415295142,0.001303580073950365,0.020427755281585757
0.0221550823322727,0.0176181506876538,0.9592630944640552,0.0,0.000963672516331,2019-11-26,0.20837069535714806,0.4285048874249079,0.3005759933796901,3.063957152906505e-05,0.06251778426703748
0.1755381367768234,0.7990118298037777,0.0251053416249454,0.0,0.000344691794483,2019-11-27,0.21879112200469686,0.4736790352942808,0.2552540675393752,0.00022911565108831564,0.052046659510588254
0.0673568203854249,0.9008512416915726,0.0317267289912233,0.0,6.520893215736702e-05,2019-11-28,0.21674995914731357,0.4650597336077012,0.2617851689181556,8.7789867195093e-05,0.05631734846001269
3.1047321257317985e-05,1.3567600731876362e-08,0.999494026294218,0.0,0.0004749128165143,2019-11-29,0.20771475154924673,0.42547022443805793,0.30353064342827796,9.293378107645201e-07,0.06328345124619679
0.0773096053731303,7.396478580318533e-11,0.921176543991746,0.0,0.0015138505613958,2019-12-02,0.2096206305745689,0.43402959854060347,0.29579587531134716,0.00010345537316962037,0.06045044020054751
0.0045785126284122,0.0002336423570902,0.9945595026174714,0.0,0.0006283423973525,2019-12-03,0.207814338534653,0.4259633624358105,0.3030426675081354,7.13524546992199e-06,0.06317249627625729
0.8971541509499023,0.0084627513452776,0.0928807133691516,0.0,0.0015023843360986,2019-12-04,0.23163172662678344,0.5273828308264876,0.2162341470466356,0.001170496997226909,0.023580798503296106
0.0764780663126793,0.1434003622801158,0.7798936715646491,0.0,0.0002278998425055,2019-12-05,0.21094058170836116,0.4392695236535911,0.29057969800805766,9.996608297350624e-05,0.059110230546966014
4.670209890815255e-07,9.715909532873204e-23,0.9982237017746772,0.0,0.0017758312045952,2019-12-06,0.20751061971854676,0.4252017127340567,0.3032001500348981,3.3245584828139346e-06,0.06408419295427696
0.0336926528334592,0.8895098835374825,0.0766893936207729,0.0,0.0001080700081074,2019-12-09,0.21575202920094566,0.4608289882799683,0.2654725710938134,4.40547252773195e-05,0.05790235669981728
9.962627214074418e-05,1.6205013971698157e-18,0.9979880583532464,0.0,0.0019123153750213,2019-12-10,0.20749194322221062,0.4251851608423803,0.3031555835350666,3.70908574194025e-06,0.06416360331500895
0.172812861002157,0.8054612599636913,0.0214137948048601,0.0,0.0003120842295857,2019-12-11,0.21877460689218092,0.4736044896423571,0.25527276944333094,0.0002255075530414513,0.052122626469383614
0.1019167759087043,0.8850765819554666,0.0129192138091575,0.0,8.742832639442913e-05,2019-12-12,0.21754589341161537,0.46841975158515137,0.25905838000265186,0.0001328127316316327,0.05484316226867251
0.9976663941905166,3.644459544763242e-05,0.0009610513223119,0.0,0.001336109891568,2019-12-13,0.2342807180627774,0.5385266951107405,0.20689350868876877,0.0013010067952545995,0.018998071342302573
0.0327850270196195,1.145937383366086e-11,0.9664390438293234,0.0,0.0007759291398896,2019-12-16,0.2085443202082777,0.4291264415862279,0.3002880289287187,4.4123490917360065e-05,0.061997085786150125
0.9987076756508078,4.1749400223069396e-08,9.58458897590422e-05,0.0,0.0011964367099329,2019-12-17,0.2343301254923911,0.5386720479859525,0.2068301046418594,0.0013021006317375167,0.01886562124795903
0.089726826933067,0.8992271828706407,0.0109996384218685,0.0,4.6351774217562304e-05,2019-12-18,0.2173386822752619,0.4675451036087875,0.2596918049141099,0.00011687010061131967,0.05530753910102315
0.1052632765216898,0.862075422301567,0.0325044208330839,0.0,0.0001568803436156,2019-12-19,0.21744155183891262,0.4679718365803388,0.2596195854603601,0.000137298345041108,0.054829727775303545
0.0900871370931372,0.8303157853048192,0.0793605315163289,0.0,0.0002365460858701,2019-12-20,0.21677017919441524,0.4651097370268358,0.26231189465869675,0.0001176950601814723,0.05569049406002609
0.0233219933370479,0.8937836097598247,0.0828403964450296,0.0,5.400045804240769e-05,2019-12-23,0.2155169355765857,0.4598141132478855,0.2663210120009611,3.045565816562971e-05,0.058317483516346656
0.0203706931524763,0.0348620508391006,0.9442944029728978,0.0,0.0004728530357169,2019-12-24,0.20853687940189095,0.4290123031398895,0.30019770389138145,2.7398409916230806e-05,0.06222571515711335
0.0001506397914975,7.660448549460616e-13,0.9989359865521074,0.0,0.000913373655236,2019-12-26,0.20764942755981222,0.4253944685150822,0.30340670054814967,1.9056911760045202e-06,0.0635474976853867
0.998331621171754,6.786338771764728e-06,0.0001521657351425,0.0,0.0015094267547361,2019-12-27,0.2342711991438021,0.5385658382447079,0.20678595813817938,0.0013021970265064114,0.01907480744720823
0.0352196639470833,0.9176516440332544,0.0471102249663861,0.0,1.8467053093624635e-05,2019-12-30,0.2160308633123761,0.4620159792523241,0.2642438517656979,4.587447991772987e-05,0.05766343118950153
0.0004300975431903,3.0804166836571393e-10,0.99772944668838,0.0,0.0018404554601557,2019-12-31,0.20751201839614553,0.42523730927645265,0.30314206464280946,4.004703017979592e-06,0.06410460298134196
0.0632372478485911,0.8667047538078825,0.0699575507618507,0.0,0.0001004475815222,2020-01-01,0.2163624473757504,0.4633771679179183,0.2635139657786753,8.249402431620469e-05,0.056663924903186204
0.997935130142376,2.05604391196158e-14,0.0001849231095332,0.0,0.0018799467477816,2020-01-02,0.2342026271211877,0.5384451095967533,0.206729571580607,0.001302374505152764,0.01932031719601021
0.0070070656087007,0.8823027747060342,0.1105741848631762,0.0,0.0001159748223823,2020-01-03,0.2149792358441215,0.4575436621328544,0.26833229617068716,9.33707692713915e-06,0.059135468775703186
4.7737989730007796e-20,2.653428233541341e-74,0.9671866500337007,0.0,0.0328133499662362,2020-01-06,0.2026599263730402,0.41887828375050135,0.2952447081833927,6.141910062667327e-05,0.08315566259237582
0.012144892691001,0.9841147426680924,0.0031916965435406,0.0,0.0005486680973913,2020-01-07,0.21585937564407778,0.4616399077181337,0.26373037257684045,1.6834083821341285e-05,0.05875350997715197
0.0265357326661285,1.2273178798703981e-08,0.971387245522453,0.0,0.0020770095380039,2020-01-08,0.20817372836890882,0.4281520798229896,0.3005584912441047,3.842508990064312e-05,0.0630772754738603
0.9776887314616782,0.0007183711180968,1.1428290999736011e-06,0.0,0.0215917545913071,2020-01-09,0.2305858299771704,0.5321566215702744,0.203605570839759,0.0013129189473462314,0.03233905866563181
0.0582863487995092,0.9266166412268484,0.0149563225427713,0.0,0.0001406874309739,2020-01-10,0.21670045534833166,0.4649262321645349,0.261631547789604,7.612553518046626e-05,0.05666563916245167
0.249896561113086,0.7258832744299794,0.0236483016967255,0.0,0.000571862759782,2020-01-13,0.220163730963467,0.4794856809594135,0.25087869872481455,0.0003263215641876942,0.049145567787689984
0.082454384931557,0.8821794082519413,0.0352440884703393,0.0,0.0001221183465611,2020-01-14,0.21699653237710004,0.46610124379713924,0.26104406913337297,0.0001075465209679005,0.05575060817181857
0.0383364987283988,0.8632475317904541,0.09821459403594,0.0,0.0002013754448559,2020-01-15,0.2156527275342362,0.4604081070881174,0.26603023172891077,5.027353776146216e-05,0.05785866011062288
0.0677056475385188,0.8647875126765936,0.0673245989230628,0.0,0.0001822408615302,2020-01-16,0.21645399652065433,0.4637998468428842,0.26313637971515896,8.846293785731037e-05,0.05652131398315053
0.015692815483968,0.9033261922124016,0.0781356771498627,0.0,0.0028453151541982,2020-01-17,0.21495245596452575,0.45871706253696526,0.26596846453707307,2.5750657596008228e-05,0.060336266304270386
3.2957803841337615e-14,2.9067742505184248e-136,0.1859054132064769,0.0,0.8140945867937354,2020-01-20,0.08055783566944054,0.25970528277173804,0.09498795571308069,0.0015237992279777922,0.5632251266180078
0.0050410905221236,0.932482954734816,0.0601967296517124,0.0,0.0022792250916477,2020-01-21,0.2149878890739841,0.4586547574954239,0.2659990507449751,1.0827386124251823e-05,0.060347475299792314
0.0001945857780324,5.245833484840805e-21,0.9982207868667224,0.0,0.0015846273554079,2020-01-22,0.2075456972105966,0.4252626996134449,0.3032303987838054,3.219322470974403e-06,0.0639579850698447
0.8381873786914735,0.1408331181870148,0.0202684929899981,0.0,0.0007110101318114,2020-01-23,0.23123069695714094,0.5255335525374348,0.2169423422357868,0.0010922679244230167,0.025201140345512
0.9728674410537498,0.010464843832573,0.0162112037510195,0.0,0.0004565113623662,2020-01-24,0.23383747045092934,0.5362601117744646,0.20910647683728217,0.0012670834789930958,0.019528857458038864
1.770393446255737e-05,1.0864156021692018e-06,0.99936547019461,0.0,0.0006157394554764,2020-01-27,0.20769239396038539,0.4254400568501562,0.3034957944299288,1.1755661372859872e-06,0.06337057919354327
0.0004992715848007,7.585014859363314e-08,0.9981114820458938,0.0,0.0013891705188039,2020-01-28,0.20758439914919985,0.4253371049027964,0.30325104908969114,3.250033628297866e-06,0.06382419682433112
0.0860886485259486,0.8929088229717681,0.0208320890651998,0.0,0.0001704394368627,2020-01-29,0.21717163492303668,0.46688340206693996,0.26025949902347956,0.00011236711805502724,0.05557309686826791
2.959654363438204e-06,4.995439816283129e-21,0.9939320387832852,0.0,0.0060650015626663,2020-01-30,0.2068403558970328,0.4243281488341363,0.30210051587713627,1.1356150547180405e-05,0.06671962324146222
7.620746315479467e-07,6.203357954493259e-44,0.8200162075187893,0.0,0.1799830304062367,2020-01-31,0.17965961753668336,0.38889500627253587,0.2575223382877878,0.00033688813893327914,0.17358614976371708
5.269464418037263e-12,6.842623427434392e-06,0.0105223002613203,0.0,0.9894708571101034,2020-02-03,0.0531493101469354,0.223975539328579,0.050035523165459894,0.001852063571770753,0.6709875637873751
0.3695329721529645,1.0475326988986628e-121,1.4930259951441575e-30,0.0,0.6304670278466862,2020-02-04,0.11914597951633635,0.33905796155136364,0.10634211961085627,0.0016610534793123058,0.4337928858417817
0.9203032081484398,0.0013767534684971,7.514776747583259e-05,0.0,0.0782448906153515,2020-02-05,0.22020122610283863,0.5141245787764059,0.1946044364868152,0.0013442709482678766,0.06972548768543621
0.0606627537981598,0.9208404940026788,0.0183250247540437,0.0,0.0001717274453591,2020-02-06,0.21671323665191228,0.4649853158414183,0.26162054826461933,7.92766287474424e-05,0.05660162261354405
0.0322444612209049,0.0801680313406447,0.8871476116833983,0.0,0.0004398957548114,2020-02-07,0.2092203757506771,0.43196922775235796,0.29728109950900045,4.279094339418902e-05,0.06148650604432955
0.0024115561004075,0.0013744279731898,0.9950253285724392,0.0,0.0011886873542946,2020-02-10,0.20767784866913058,0.42564360557768566,0.30306370558765844,5.363695800993188e-06,0.06360947647005535
0.1333649970886058,0.8503804060505721,0.01599617727727,0.0,0.0002584195830986,2020-02-11,0.21808471160149248,0.47072699499091597,0.25733655154165086,0.0001740640063858866,0.05367767785910117
0.6866576955477302,0.3067824609163386,0.0057191032582876,0.0,0.0008407402775291,2020-02-12,0.22847563413190444,0.5141785598193683,0.22504261087981178,0.0008952883222670639,0.031407906846533676
0.0251583062188473,0.7356099887800258,0.239146002147202,0.0,8.570285398672315e-05,2020-02-13,0.2143023243006333,0.454421206011313,0.2723411836685083,3.290503834232017e-05,0.058902380981264914
0.0003458060424798,0.0283177601561346,0.9702284337661564,0.0,0.0011080000349249,2020-02-14,0.2078495968185016,0.4263786148238201,0.3022269370030671,2.52400463532836e-06,0.06354232734967151
0.0006758307278286,5.038100441979492e-08,0.9981415821181904,0.0,0.0011825367732391,2020-02-17,0.20762141793353306,0.42539924146621383,0.30328695082677526,3.0930617766558203e-06,0.0636892967119636
0.0012053209034826,0.8873015962314947,0.111098933670721,0.0,0.0003941491938915,2020-02-18,0.21482026864089976,0.457005313159078,0.26862557265991316,2.30653453129532e-06,0.059546539005167605
0.1692876225120008,0.8294736434036433,0.0002559641251281,0.0,0.0009827699591275,2020-02-19,0.21876654048498365,0.47391709606382343,0.25449945268398816,0.00022217467347095238,0.05259473609363335
0.0091404983690619,0.8026137553180225,0.1878231017478835,0.0,0.00042264456464,2020-02-20,0.21435421231424912,0.4549045906222353,0.27117401830638305,1.2687847562539537e-05,0.059554490909177825
2.4311509229893476e-23,1.0581311769995188e-98,0.9497371480803332,0.0,0.0502628519195324,2020-02-24,0.1999328409525604,0.41532323921520004,0.2907720798535491,9.408058497550102e-05,0.09387775939358041
0.0154639015118808,9.0704470250656e-09,0.978745055364028,0.0,0.0057910340536115,2020-02-25,0.20729696258903904,0.42613876724420274,0.3006765390056376,3.096642951613695e-05,0.06585676473157163
9.359264006909058e-06,0.345032933804122,0.6431816250319048,0.0,0.0117760819000262,2020-02-26,0.2086938712663116,0.43536973557505654,0.2870990608556158,2.2054318602788113e-05,0.06881527798447307
0.0002768127633759,0.8842549807070594,0.100814135369979,0.0,0.0146540711598697,2020-02-27,0.2125425686544936,0.4538869435628934,0.26517975717822223,2.778935980156648e-05,0.06836294124487313
2.3513383849849405e-48,5.5807662316164324e-95,1.6385130540704564e-09,0.0,0.9999999983610904,2020-02-28,0.05150371487962305,0.2218301606482781,0.047336979044967364,0.0018717717206323354,0.6774573737061023
1.863303345186857e-28,3.6110336258048856e-88,1.4676713881698125e-13,0.0,1.0,2020-03-02,0.05150371462359989,0.22183016031460884,0.04733697862504967,0.0018717717237,0.6774573747131879
0.0002907074121484,5.481209885690039e-05,6.790610643564073e-12,0.0,0.9996544804826276,2020-03-03,0.05156593052185477,0.22193548794819987,0.047395296161953725,0.0018715033582903358,0.6772317820101244
2.3169102437739223e-13,6.81022173094317e-05,7.094975062336196e-06,0.0,0.9999248028078136,2020-03-04,0.05151600875588518,0.22184788937696268,0.04735358113430566,0.0018716309717222654,0.6774108897615408
0.0003919251049895,0.7599249165441851,0.0031085812375208,0.0,0.2365745771135613,2020-03-05,0.17687346661108438,0.404289648360512,0.21316427560494927,0.00044332371143934485,0.20522928571227161
1.0790329130659328e-23,2.4204602813824284e-07,4.618744975945591e-09,0.0,0.9999997533350627,2020-03-06,0.05150375509971369,0.22183021912991388,0.047337032353310576,0.0018717712619995453,0.6774572221548978
9.485890972864123e-121,7.597440370276253e-148,1.0276876370648995e-24,0.0,1.0,2020-03-09,0.0515037146235694,0.2218301603145464,0.0473369786250051,0.0018717717237,0.6774573747131787
5.352407277648511e-07,1.1116177348091222e-15,3.635945514135657e-05,0.0,0.999963105304556,2020-03-11,0.051509495014952555,0.22183773774191112,0.04734638368671183,0.0018717033618912383,0.677434680194959
6.0129203790489e-310,0.0,9.955370330379341e-104,0.0,1.0,2020-03-12,0.0515037146235694,0.2218301603145464,0.0473369786250051,0.0018717717237,0.6774573747131787
0.0,0.0,0.0,1.0,7.73435422478122e-54,2020-03-13,3.9834797279073026e-55,1.7157130376127073e-54,0.4813898601507824,1.4476945539025123e-56,0.5186101398492176
3.9008257697e-313,0.0,5.458055377802034e-40,0.0,1.0,2020-03-16,0.0515037146235694,0.2218301603145464,0.0473369786250051,0.0018717717237,0.6774573747131787
8.300732349560103e-97,2.454547301813379e-262,6.915699208241306e-25,0.0,1.0,2020-03-17,0.0515037146235694,0.2218301603145464,0.0473369786250051,0.0018717717237,0.6774573747131787
0.0,0.0,4.5060439720720296e-70,0.0,1.0,2020-03-18,0.0515037146235694,0.2218301603145464,0.0473369786250051,0.0018717717237,0.6774573747131787
8.713743369851476e-274,1.7925097283113434e-127,2.428469889496159e-140,0.0,1.0,2020-03-19,0.0515037146235694,0.2218301603145464,0.0473369786250051,0.0018717717237,0.6774573747131787
1.4509987306383e-88,0.0,1.0648484336149171e-271,0.0,1.0,2020-03-20,0.0515037146235694,0.2218301603145464,0.0473369786250051,0.0018717717237,0.6774573747131787
0.0,0.0,9.47479619172288e-208,0.0,1.0,2020-03-23,0.0515037146235694,0.2218301603145464,0.0473369786250051,0.0018717717237,0.6774573747131787
1.0717418148160531e-120,2.987096736673856e-73,1.0228707151540816e-127,0.0,1.0,2020-03-24,0.0515037146235694,0.2218301603145464,0.0473369786250051,0.0018717717237,0.6774573747131787
3.325653684829185e-52,0.0,0.0,0.0,1.0,2020-03-25,0.0515037146235694,0.2218301603145464,0.0473369786250051,0.0018717717237,0.6774573747131787
1.1398006273691808e-52,7.509210425380267e-60,3.815113066250299e-105,0.0,1.0,2020-03-26,0.0515037146235694,0.2218301603145464,0.0473369786250051,0.0018717717237,0.6774573747131787
7.098224949467048e-71,1.7078925900851325e-169,4.717711410985727e-59,0.0,1.0,2020-03-27,0.0515037146235694,0.2218301603145464,0.0473369786250051,0.0018717717237,0.6774573747131787
2.1275880409699363e-97,2.6699759560011986e-42,1.3956343052507643e-33,0.0,1.0,2020-03-30,0.0515037146235694,0.2218301603145464,0.0473369786250051,0.0018717717237,0.6774573747131787
4.38372732862203e-37,4.3397963356503417e-29,2.7489600361234328e-70,0.0,1.0,2020-03-31,0.0515037146235694,0.2218301603145464,0.0473369786250051,0.0018717717237,0.6774573747131787
2.2838888537314312e-125,0.0,8.597221782459232e-16,0.0,1.0,2020-04-01,0.05150371462356958,0.22183016031454675,0.04733697862500536,0.0018717717237,0.6774573747131787
3.612414100376793e-63,0.0,3.0254776795739445e-15,0.0,1.0,2020-04-03,0.05150371462357003,0.22183016031454766,0.047336978625006014,0.0018717717237,0.6774573747131789
1.1339183958829204e-51,0.0,1.309157761297876e-290,0.0,1.0,2020-04-07,0.0515037146235694,0.2218301603145464,0.0473369786250051,0.0018717717237,0.6774573747131787
5.727229150937664e-85,3.26486088945163e-40,6.745054970945045e-52,0.0,1.0,2020-04-08,0.0515037146235694,0.2218301603145464,0.0473369786250051,0.0018717717237,0.6774573747131787
3.912519317887816e-14,7.317611828045368e-44,2.7040859869226844e-59,0.0,1.0,2020-04-09,0.05150371462357858,0.22183016031456748,0.047336978625013196,0.001871771723700051,0.6774573747131793
1.915454254838476e-17,7.083601059256549e-17,0.0012912740145502,0.0,0.99870872598552,2020-04-13,0.05170552064350015,0.22209323582475424,0.04766795590759783,0.0018693547535121478,0.6766639328707055
5.180491378422222e-43,6.064393249852713e-202,8.86226682252853e-22,0.0,1.0,2020-04-15,0.0515037146235694,0.2218301603145464,0.0473369786250051,0.0018717717237,0.6774573747131787
1.1332691581755184e-08,1.6320100994327708e-31,1.2189864039815318e-13,0.0,0.9999999886667866,2020-04-16,0.05150371669799418,0.22183016390957852,0.04733698043456383,0.0018717717172367992,0.6774573672402263
7.519022376421041e-17,1.5758960985584378e-13,5.837719706451521e-37,0.0,1.0,2020-04-17,0.05150371462360341,0.22183016031461908,0.04733697862504679,0.0018717717237,0.677457374713188
4.04745606694314e-06,2.8197907104427408e-49,0.0001929073730873,0.0,0.9998030451711118,2020-04-20,0.05153460392058524,0.22187074595329206,0.04738707061037193,0.001871408337159327,0.6773361711788571
5.583634039179835e-27,3.152106410396465e-10,1.2829683618402095e-14,0.0,0.9999999996844052,2020-04-21,0.05150371467532335,0.22183016038983508,0.04733697869341816,0.0018717717231092788,0.6774573745179424
2.6198237870259076e-09,4.241143812750731e-41,6.160415862201477e-34,0.0,0.9999999973797458,2020-04-22,0.051503715103100686,0.2218301611455437,0.047336979043304826,0.0018717717222052962,0.6774573729854146
8.562116503185109e-05,2.642474456892598e-06,4.767437960860927e-12,0.0,0.9999117363559968,2020-04-23,0.05151982141319224,0.22185795394501784,0.04735122381762339,0.001871717953951302,0.6773992828704678
5.831261925229249e-15,0.0002860030428225,1.1038811931566171e-05,0.0,0.9997029581451784,2020-04-24,0.05155241375550688,0.2219007940411291,0.04740189490659917,0.0018712157291553972,0.6772736815675473
0.0016001899726963,0.0808569962141986,2.2564291216349638e-08,0.0,0.917542791249208,2020-04-27,0.0650768082986179,0.24167110769567673,0.06514529616714701,0.0017195133683087765,0.6263872744706434
0.0002476531017577,0.0674294345978733,6.303855769469174e-07,0.0,0.9323222819149783,2020-04-28,0.06262394397150615,0.23803156621325325,0.062014570107408684,0.0017454168158723116,0.6355845028921455
0.0041861598937147,9.596180200676523e-42,6.99870422089902e-21,0.0,0.9958138401058434,2020-04-29,0.05226998274507434,0.22315814551995558,0.04800540329431457,0.001869384655886556,0.6746970837843266
2.681440315329786e-07,6.315812648887533e-26,1.3687231871756818e-32,0.0,0.999999731855532,2020-04-30,0.051503763706770816,0.22183024537840218,0.0473370214408563,0.0018717715707958055,0.6774571979027381
6.6105367842374525e-124,3.352700887398301e-293,4.3648751447851197e-26,0.0,1.0,2020-05-04,0.0515037146235694,0.2218301603145464,0.0473369786250051,0.0018717717237,0.6774573747131787
7.244899953267778e-26,3.848455851050282e-206,3.176063383262606e-09,0.0,0.9999999968240444,2020-05-05,0.05150371511994419,0.22183016096164015,0.047336979439093665,0.0018717717177553362,0.677457372761674
1.981361984412524e-11,0.0001259365059968,6.065109073428911e-12,0.0,0.999874063468146,2020-05-06,0.051524398791180995,0.22186027236836112,0.047364317494698265,0.0018715359992864831,0.6773794753464942
1.0260062152887488e-05,0.507547008634299,0.0478502031099561,0.0,0.4445925281931587,2020-05-07,0.14234477076333565,0.35293911423021496,0.16978409894218294,0.0008321890767542868,0.33409982698707863
0.0381745949205957,6.071916020733156e-60,1.0958785681806335e-06,0.0,0.9618243092006432,2020-05-08,0.05849166846215947,0.23394059880684592,0.05343278420840021,0.0018500014292282927,0.6522849470931728
1.6217538410238454e-10,1.7350463938236805e-13,8.500082612992873e-06,0.0,0.9999914997549444,2020-05-11,0.051505043083822616,0.2218318921158559,0.04733915737846425,0.0018717558133927387,0.6774521516083704
5.19247683463178e-13,0.0004588699205868,2.5540023569754966e-06,0.0,0.9995385760763832,2020-05-12,0.05157947985019427,0.22194039873514973,0.047437246815743704,0.0018709080434478112,0.6771719665553103
0.0004159879992328,1.1762888091525758e-158,1.7231531983941655e-35,0.0,0.999584012000418,2020-05-13,0.05157986038741217,0.22196212515161698,0.04740340146785467,0.0018715345154730447,0.6771830784772935
3.475260061451939e-23,1.7834301781141462e-09,1.1469154437222793e-07,0.0,0.9999998835246584,2020-05-14,0.051503732840968375,0.2218301841073783,0.04733700840969534,0.0018717715056847492,0.6774573031359058
4.808814010230598e-05,0.4916184869634472,0.0060790739762676,0.0,0.5022543509203631,2020-05-15,0.1332073732892313,0.3406323558060546,0.1556255950133262,0.0009401680809493647,0.3695945078106185
9.54697024811326e-108,0.0,1.999440116737401e-16,0.0,1.0,2020-05-18,0.05150371462356944,0.22183016031454647,0.04733697862500516,0.0018717717237,0.6774573747131787
0.0001688290710418,9.900527050516929e-07,4.332036354245994e-07,0.0,0.9998297476722212,2020-05-19,0.05153484875633253,0.22188404333650735,0.04736426235346997,0.0018716727885348763,0.6773451727647584
0.0756255341997294,2.233609534625525e-104,8.169299052755025e-31,0.0,0.9243744657999686,2020-05-20,0.06534681605829933,0.24582102380887447,0.05941247836074772,0.0018286478863201747,0.6275910338854559
0.0007951515772673,0.6718510169882693,0.000512224352879,0.0,0.3268416070813562,2020-05-21,0.16207600331533667,0.38282969211447143,0.19344368719979477,0.0006128078023849858,0.26103780956778383
5.006788741160279e-11,0.0350925710176445,0.0019544842991027,0.0,0.9629529446332198,2020-05-22,0.05757287184435091,0.230619162499525,0.05545600257268499,0.001802428093083278,0.6545495349903903
1.3260102832091545e-06,0.0009080576274765,0.0024542795688595,0.0,0.9966363367932268,2020-05-26,0.0520366649417638,0.22254772053687547,0.048163392602032146,0.0018654774398811677,0.675386744479293
3.2028337672622976e-11,3.118708659308279e-117,1.3286136510907456e-62,0.0,0.9999999999681676,2020-05-27,0.05150371462944221,0.22183016032475028,0.04733697863012849,0.0018717717236821033,0.6774573746921924
0.0094391570962799,1.7712302667617564e-33,5.497343095403237e-19,0.0,0.9905608429037842,2020-05-28,0.05323153328330215,0.22482456599771164,0.04884417510603879,0.0018663892470019425,0.6712333363660091
5.936186305018763e-05,5.133595115394238e-48,1.3496191525661504e-13,0.0,0.9999406381369436,2020-05-29,0.05151458069284549,0.22184899181600312,0.04734645722469023,0.0018717378738719401,0.6774182323927175
3.2569409631420644e-08,7.433749368750627e-13,7.433037991423142e-28,0.0,0.9999999674300858,2020-06-01,0.0515037205854685,0.2218301706468464,0.04733698382569506,0.001871771705127049,0.6774573532371013
0.109833962062539,1.4766908106328015e-09,7.660246263209534e-12,0.0,0.8901660364528464,2020-06-02,0.07160859999505767,0.25667304302063837,0.06487470603795928,0.0018091412619256958,0.6050345096841551
0.0222659765679206,0.6670013304454833,3.4374208326463176e-05,0.0,0.3106983187781019,2020-06-03,0.1651349879232632,0.38838399348073466,0.19569676544908113,0.0006105364578894309,0.2501737166888636
1.1346239396186729e-06,0.610343062446244,0.0107125659887915,0.0,0.3789432369408509,2020-06-04,0.1534225766396561,0.36994909498639866,0.1825790135060426,0.0007092967125552973,0.2933400181551732
0.0211795316194802,0.540915315864458,5.959522893791162e-06,0.0,0.4378991929935092,2020-06-05,0.14422295685222924,0.3578857544778124,0.16814468328036808,0.0008472134024503942,0.32889939198748086
8.020568545930274e-05,3.1504642412741206e-55,6.155512446655669e-06,0.0,0.9999136388018596,2020-06-08,0.05151935812317593,0.2218568582328238,0.04735136323100086,0.0018717144664151084,0.6774007059463494
2.293708337089373e-20,1.120321673489519e-19,7.660620476539845e-05,0.0,0.9999233937955184,2020-06-09,0.0515156869804279,0.22184576754915095,0.04735661420445174,0.0018716283343725914,0.6774103029318802
0.0166100905692031,0.7020239373736229,0.0004264700346073,0.0,0.2809395020225093,2020-06-10,0.16991317853050616,0.39504372651089176,0.20249702932259825,0.0005474733662431865,0.2319985922697031
2.5870376814286522e-30,2.811257949993097e-123,0.140124254226079,0.0,0.8598757457742404,2020-06-11,0.07340295345437028,0.2503781363874377,0.08325340253351766,0.001609491106835673,0.5913560165181576
2.4134030317925968e-42,0.0,3.799086354138755e-70,0.0,1.0,2020-06-12,0.0515037146235694,0.2218301603145464,0.0473369786250051,0.0018717717237,0.6774573747131787
4.4057189881041045e-20,4.098682096769111e-12,0.0001231393376331,0.0,0.9998768606581464,2020-06-15,0.051522959385103616,0.22185524789854336,0.047368541503241546,0.0018715412349618434,0.6773817099780274
7.794169885119559e-20,8.088868853893343e-12,8.382609015035645e-23,0.0,0.9999999999918144,2020-06-16,0.051503714624892956,0.22183016031645902,0.04733697862675649,0.0018717717236846785,0.6774573747081097
5.692151194932594e-08,0.0632111579656158,0.0006959156022283,0.0,0.9360928695110184,2020-06-17,0.06199446272160546,0.23708606248365768,0.061237527077228925,0.0017521522379937244,0.6379297954798883
0.008706556206191,1.1588566712903852e-164,2.6081023625490832e-37,0.0,0.9912934437941248,2020-06-18,0.0530974321686585,0.22459216131942725,0.04872719713097525,0.0018668069969328097,0.6717164023843215
0.0902054390764909,6.804914842672635e-19,1.1670723295453246e-13,0.0,0.9097945609238252,2020-06-19,0.068015638226076,0.2504462408255237,0.061740523238111605,0.001820334008560812,0.6179772637021602
0.0111979033986329,0.7935375999898563,0.0006205890525619,0.0,0.1946439075592301,2020-06-22,0.1839832855883486,0.41524772720083153,0.2215487939531414,0.0003789035172850832,0.17884128974067448
0.388251770264319,1.766911246739365e-20,1.6971891637226774e-12,0.0,0.6117482297343227,2020-06-23,0.12257241773930987,0.3449961692620068,0.10933104185880675,0.0016503794865349436,0.4214499916536802
1.8442297656427784e-25,9.225486255159145e-143,0.1478905662063848,0.0,0.8521094337934793,2020-06-24,0.07461670707487775,0.2519603927198494,0.08524405115340071,0.0015949543436726517,0.5865838947080632
4.24819405965879e-05,0.8832050355250475,0.0118017016583192,0.0,0.1049507808759689,2020-06-25,0.1984159717143394,0.43542676267877084,0.24209888946784874,0.0001964991961044097,0.12386187694286867
0.1029182652968489,0.8924894933627142,0.0008176505026068,0.0,0.0037745908377146,2020-06-26,0.21705544537907648,0.46804442907919647,0.25772566769844235,0.00014101773985529957,0.05703344010331391
0.0002115420536691,0.8430824749071496,0.1556951633465631,0.0,0.0010108196926432,2020-06-29,0.2143453838126211,0.45520277891377625,0.2702984387390811,2.167354838073674e-06,0.06015123117970841
0.0406026574876224,2.2970480902776966e-05,0.954734891748848,0.0,0.0046394802824758,2020-06-30,0.20814991771902555,0.4292274134997468,0.2985413053648311,6.153016040679015e-05,0.06401983325583852
0.9980847634840874,1.4855086022192225e-18,6.2582401379720645e-09,0.0,0.0019152302576138,2020-07-01,0.23420111757824638,0.5384549044091207,0.20670606667924984,0.0013026353020858755,0.01933527603123821
0.9549094049170156,0.0436956180517419,1.76460494354398e-05,0.0,0.001377330981837,2020-07-02,0.23347740233295453,0.5352097192226076,0.2093022088797081,0.0012454338834567021,0.020765235681302643
0.1100151885105838,0.8780491867431068,0.0118359502108728,0.0,9.967453548158008e-05,2020-07-03,0.21770479527384504,0.469087847700403,0.25854829419002656,0.00014337608752177655,0.054515686748248554
0.2155270954374545,0.7735242183929575,1.5657960530092457e-06,0.0,0.0109471203737492,2020-07-06,0.2180015345721264,0.4751561354325307,0.24967177536759944,0.0003010083339771485,0.05686954629398041
0.01334841805037,0.9731223253388224,0.0131534321301118,0.0,0.0003758244808098,2020-07-07,0.21583111738951538,0.46142290030298383,0.26408963789075396,1.807700026423633e-05,0.05863826741659651
7.323072376040117e-08,1.8123094110017544e-16,0.997885533693848,0.0,0.0021143930757041,2020-07-08,0.20745769723117066,0.4251326917135698,0.3031134084568438,3.957756484839912e-06,0.06429224484220682
0.9612454939262496,0.036069555277705,0.0002553652182194,0.0,0.002429585578241,2020-07-09,0.2334218366226793,0.5354447331142831,0.2087193549474922,0.001255650157365775,0.02115842515859442
0.0025026506868841,0.919771176576638,0.0774815999790912,0.0,0.0002445727570012,2020-07-10,0.215136770942074,0.45833153641760593,0.2672646256688462,3.7150923326391956e-06,0.059263351878755734
0.0099820510423588,0.9737959475766071,0.008863959852271,0.0,0.0073580415290248,2020-07-13,0.21465517057825076,0.45964213800679027,0.2625988758761619,2.6764644645153234e-05,0.06307705089441365
3.392837093025974e-18,7.107864896476648e-40,0.6510602801886168,0.0,0.3489397198117905,2020-07-14,0.15325429768884816,0.354472816673048,0.21421570452719196,0.0006531355008195102,0.2774040456104995
2.895950274259513e-08,0.0048908716972501,2.748364196167493e-05,0.0,0.9950816157013228,2020-07-15,0.052311305600087774,0.2230052006347589,0.0484057603087837,0.0018625656687354896,0.6744151677876711
0.0081575153379983,0.7420745576384622,1.0066363670340667e-06,0.0,0.2497669203874736,2020-07-16,0.17487748397750322,0.40185191834884276,0.20973268047252178,0.00047812401764293634,0.21305979318379037
0.9592276124426642,1.0585160584152937e-50,4.1334170259548654e-15,0.0,0.0407723875574583,2020-07-17,0.22708839350971974,0.5261281590485638,0.20050155330412336,0.0013247927700121068,0.04495710136770737
0.1212037204439661,0.8772700254113903,0.0002057002943972,0.0,0.0013205538505262,2020-07-20,0.21780723488878254,0.47008144111848815,0.2571846310793972,0.00016022365246017752,0.05476646926115167
0.2883869532851063,0.7071323556512744,0.0002897688889498,0.0,0.0041909221743255,2020-07-21,0.2204790414546008,0.48245372827507776,0.24696689261991797,0.00038319252512789047,0.04971714512493148
0.0009788481202477,3.448830096596742e-05,0.979163369231176,0.0,0.0198232943472013,2020-07-22,0.2047165417024375,0.42163710880264416,0.29847834597574685,3.8378694935891104e-05,0.07512962482382635
0.9928652840815826,0.0002749906524822,0.000797426825389,0.0,0.0060622984409002,2020-07-23,0.23341549205426454,0.5370273296165408,0.20613673659036458,0.0013036042891691867,0.02211683745001463
0.0009039880106426,0.9557729730672274,0.0432495043681911,0.0,7.353455432759394e-05,2020-07-24,0.21540723098528627,0.4594583802904917,0.2660504759972915,1.314219339767019e-06,0.05908259850797951
0.0001749345539255,4.952175404419373e-10,0.998794770052964,0.0,0.0010302948974782,2020-07-27,0.20763180480855833,0.425373405214368,0.30337438353291535,2.1561617337555756e-06,0.06361825028200958
0.9933245358592396,2.114650677255005e-57,1.2540818990193382e-14,0.0,0.0066754641403827,2020-07-28,0.23332976653883447,0.5369448050916499,0.20594597619729557,0.001305349731411719,0.02247410244044286
1.9167609362139334e-07,0.2080672012951267,0.7746898767043036,0.0,0.0172427303247372,2020-07-29,0.20674925100004915,0.42941024747893275,0.29107244175545205,3.22747045359422e-05,0.07273578506129104
1.8066008436190475e-10,2.096551747887529e-35,0.9869833474093048,0.0,0.0130166524099695,2020-07-30,0.20575384191904886,0.4229115302013149,0.3003189659048675,2.4364202153349272e-05,0.07099129777254973
0.0080056843034258,0.0465557593177246,0.9393527931488628,0.0,0.00608576323012,2020-07-31,0.20742180012043665,0.4268789762521722,0.2994952198229206,2.181090342803128e-05,0.06618219290117552
1.0303774605640617e-18,8.75963891889451e-104,0.9313943891835186,0.0,0.0686056108165379,2020-08-03,0.19706615338220324,0.41158620849926864,0.28607049333787593,0.00012841404241356252,0.10514873073829498
0.9460029902198872,1.1452162621543412e-34,1.3235912647812045e-17,0.0,0.0539970097805337,2020-08-04,0.2246676530970768,0.5219328814896801,0.19838991305132334,0.0013323338269344057,0.05367721853540596
0.0016108655797749,0.983134919702453,0.0121780253403721,0.0,0.0030761893772601,2020-08-05,0.21517463763042768,0.4598947077066029,0.2641390098151769,7.85453542054491e-06,0.06078379031223212
0.0581582161248549,0.939636143084775,0.0003042861614902,0.0,0.0019013546291302,2020-08-06,0.2165254751074211,0.46501350447086265,0.2606818339823986,7.925433204654297e-05,0.05769993210752143
0.0332374055086708,0.9325055379172784,0.0341268832956084,0.0,0.0001301732780112,2020-08-07,0.2160785657522641,0.46229364389405697,0.26382401585720333,4.350357349699437e-05,0.0577602709225475
0.0750111426947475,0.9144741695386726,0.010209630824346,0.0,0.0003050569419552,2020-08-10,0.21702574770513153,0.46636149264737486,0.26044947066487784,9.820123900347389e-05,0.056065087743333464
0.1103098925308154,0.8676288362544987,0.0218412974143199,0.0,0.0002199738001123,2020-08-11,0.21761095277721246,0.46872820195671766,0.25889780885666214,0.00014398483029467315,0.05461905157885935
0.0238151475335664,0.9040633372529296,0.0719785894139946,0.0,0.0001429257998162,2020-08-12,0.2155980462832733,0.4602155800375877,0.26584724503504625,3.1263967592618125e-05,0.058307864676806924
0.0137292451513239,0.9003868996761157,0.0853493601961908,0.0,0.0005344949762867,2020-08-13,0.21523765709622408,0.4588610224921358,0.26686585640946864,1.8869658131361595e-05,0.059016594343957195
8.869981172874133e-14,7.15736136237963e-42,0.8686877722724903,0.0,0.1313122277273264,2020-08-14,0.18726608566667174,0.39881078279533544,0.26999763395116666,0.0002457865148361801,0.14367971107189514
0.04712124992669,0.9470824084309972,0.0037462827927686,0.0,0.0020500588499253,2020-08-17,0.21626610657950404,0.46399391057802003,0.26141822342190324,6.516758419447728e-05,0.05825659183675929
0.998674256188522,1.4683788512866024e-35,4.418454764649805e-10,0.0,0.0013257433696146,2020-08-18,0.23430902211927915,0.5386419093610542,0.20680019237800829,0.0013022991674132003,0.01894657697422692
0.5020349705515406,0.3160107373128529,0.1815862906157626,0.0,0.0003680015196008,2020-08-19,0.22368179738548832,0.4936467933698486,0.24264430645563398,0.0006541090125506554,0.03937299377623503
0.0030829003933336,0.9289807092410854,0.0672365994604819,0.0,0.0006997909054633,2020-08-20,0.2151544497748245,0.45863040782354714,0.26673054180271805,5.322376845724326e-06,0.059479278222428864
0.5679505454746798,0.3780131603508487,0.053395613617273,0.0,0.0006406805570353,2020-08-21,0.22589675473148207,0.5032657233058125,0.23377150661000778,0.0007404113732039004,0.036325603979330275
0.9662806798266728,0.0309264232420978,0.0019668284109862,0.0,0.000826068520603,2020-08-24,0.23376626993463123,0.5361609903392393,0.208845532949998,0.001259202251404404,0.019968004525086538
0.0269893858985862,0.9366901713529916,0.036263207767091,0.0,5.7234981201145705e-05,2020-08-25,0.21595604848507557,0.4617473772884004,0.26428236230781754,3.5234982272884086e-05,0.05797897693630352
0.0962261060053899,0.9005746332166854,0.0030370320784728,0.0,0.0001622286997254,2020-08-26,0.2175052398257357,0.46830681903650334,0.2589811247859668,0.00012554608818880495,0.05508127026387884
0.421411358716819,0.1480904606951927,0.4287851123263909,0.0,0.0017130682613121,2020-08-27,0.21997743958652693,0.4782824335745693,0.25667945298974065,0.0005516915574034048,0.044508982291474264
0.100283082958333,0.8825216379325405,0.0034997553472374,0.0,0.0136955237615712,2020-08-28,0.21535510340867647,0.4653715342206233,0.2558285009921717,0.00015615765794438965,0.06328870372026618
1.4241346946440377e-63,0.0,9.089994950630767e-11,0.0,0.9999999999090504,2020-08-31,0.05150371463777309,0.22183016033305472,0.04733697864830208,0.0018717717235297632,0.6774573746572903
0.0009432295279266,0.6257729544980114,2.0999584596681407e-05,0.0,0.3732628163894881,2020-09-01,0.15445834838895342,0.3717590939770563,0.18333858786864626,0.0006998904391963675,0.2897440793261702
0.2002923956783629,0.7838893735563891,0.004972930380144,0.0,0.0108453003852259,2020-09-02,0.2176922023865792,0.4738143890696038,0.25076354302439846,0.0002809891304588951,0.057448876389081464
0.0355516279512848,0.8233799776004858,0.1375918019986485,0.0,0.0034765924492678,2020-09-03,0.21474904864751343,0.45801457349852637,0.2670240319417694,5.2779366740720146e-05,0.06015956654513691
9.519333153629386e-09,0.5042345999271541,0.0219960813587266,0.0,0.4737693091950996,2020-09-04,0.13775825856365453,0.34687650357209676,0.1624365025744733,0.0008867880088980931,0.35204194728119054
0.0084822215819,0.968767103068204,0.0166200702265379,0.0,0.0061306051236249,2020-09-07,0.21476683764064736,0.45954409976932103,0.2632557402580996,2.251507106652598e-05,0.06241080726113224
0.0011162603720666,0.580220911542754,0.4171084792506925,0.0,0.0015543488348894,2020-09-08,0.21219270465480472,0.4458968711215818,0.28038476678407903,4.362247284884711e-06,0.061521295192651995
0.0105622564877861,0.2286495484909265,0.7599025649763699,0.0,0.0008856300447126,2020-09-09,0.2097520912220537,0.4346695498343984,0.293436787211888,1.5404930291713134e-05,0.0621261668011631
0.9929648175294896,5.266072035601595e-07,1.493342250902299e-08,0.0,0.0070346409302765,2020-09-10,0.23326400964976363,0.5368308197691782,0.20588865635438158,0.0013055538394279825,0.02271096038764044
0.0358702427514316,0.92269812900918,0.0413415137153794,0.0,9.01145237187012e-05,2020-09-11,0.21607723948453292,0.4622537250320716,0.2639646197940476,4.6855344040519134e-05,0.057657560345017005
0.0021751296347655,4.2469424971485766e-05,0.9567204169597086,0.0,0.0410619839809786,2020-09-14,0.20142934551788869,0.4174461396630874,0.2929185531877474,7.968968570092524e-05,0.08812627194599951
0.1203284340056158,0.8761632156634739,0.0031747511166254,0.0,0.0003335992142424,2020-09-15,0.21792924635960376,0.4701440227535914,0.2575656208898633,0.00015723707557514154,0.05420387292132385
0.9946907443292868,0.0014080945966309,0.0027950813352832,0.0,0.0011060797385563,2020-09-16,0.2342479453127209,0.5382843441387836,0.20718623169009562,0.0012967032945020406,0.01898477556365481
0.0007922671774086,0.9250904515609428,0.0735466659850237,0.0,0.0005706152765101,2020-09-17,0.2150823723471665,0.45825913558470527,0.2671376566006778,2.099231490123394e-06,0.05951873623584555
0.0148208180936878,0.0031526680651361,0.883091391483177,0.0,0.0989351223581235,2020-09-18,0.1927478708900145,0.40720074072505547,0.2767404545864087,0.00020447389938995633,0.12310645989925552
7.952067964913097e-37,6.657986610597249e-144,0.0460352158291481,0.0,0.9539647841711072,2020-09-21,0.05869830196777406,0.23120906653791304,0.05913665124822485,0.0017856043084170518,0.6491703759379259
1.6695951667910243e-11,3.608331955662813e-29,0.0605327096385553,0.0,0.939467290344604,2020-09-22,0.060964034488948785,0.23416268873131862,0.06285262559196901,0.0017584683094298184,0.6402621828781886
1.3974429936681274e-08,6.325680458289571e-12,0.0004890495421811,0.0,0.9995109364774212,2020-09-23,0.05158014801026777,0.22192980042410013,0.047462333251365105,0.001870856326615668,0.6771568619880088
3.0522291305424504e-43,6.994610543758325e-153,3.403043031587404e-05,0.0,0.99996596956923,2020-09-24,0.051509033049860695,0.2218370934461563,0.04734570125025475,0.0018717080265019395,0.6774364642267717
0.0225974346996622,1.2658599557639045e-23,6.103106200072842e-22,0.0,0.9774025652999864,2020-09-25,0.055640129447231054,0.22899879689918748,0.05094522178825502,0.001858886021674375,0.6625569658433001
0.7331099850516705,6.240573876562507e-07,2.10135911750925e-09,0.0,0.2668893887892878,2020-09-28,0.18569812091116336,0.4543964896730345,0.16439637940036733,0.0014537303208037662,0.19405527969433584
0.1310616333900866,0.207738686268172,0.6202947728405727,0.0,0.0409049075009332,2020-09-29,0.20655627682553016,0.43945319952251205,0.2723540438678491,0.0002471470257993256,0.08138933275807372
0.026882582702872,0.9439021258961978,0.0286004808492165,0.0,0.0006148105513579,2020-09-30,0.21592344501864089,0.46187675753444096,0.2638668142891489,3.613962748673933e-05,0.058296843529926756
0.9652066703754928,0.0177579110945056,6.471987614968848e-06,0.0,0.0170289465420829,2020-10-01,0.2311004683229556,0.5322722330671523,0.20531288514880505,0.0012881324706390037,0.030026280990144052
0.0498473792162,0.949059042610148,0.0006419081697051,0.0,0.0004516700039424,2020-10-05,0.21660460154601666,0.46469888550328997,0.2614869061945987,6.572394016443326e-05,0.057143882815925764
0.8737318057519076,0.1185868388278481,5.171063238449661e-06,0.0,0.0076761843572258,2020-10-06,0.2309163999673892,0.5273618838886468,0.212594710279238,0.0011515677476176852,0.027975438117327944
0.2680017625547828,0.7292567730123979,0.0018885290982771,0.0,0.0008529353341705,2020-10-07,0.22063121077120934,0.4816026661237877,0.24892454929610816,0.00035041236954815817,0.04849116143897479
0.0914883380340371,0.9067052837566378,0.0012364856452342,0.0,0.0005698925640538,2020-10-08,0.21736351873607965,0.46790288376477385,0.2590939782616356,0.00012014273223779215,0.055519476505236004
0.4228469182345417,0.572451284830493,0.0029004368720839,0.0,0.001801360063042,2020-10-09,0.22337927871538915,0.4934377392667427,0.23986876196297804,0.0005537252622173041,0.04276049479283323
0.0032177428253615,0.987624994643508,0.0087616179295578,0.0,0.0003956446019734,2020-10-12,0.2156723044250707,0.4607820244578492,0.26449462544638125,4.9285876442872596e-06,0.05904611708345511
0.0305695406313601,0.907912895098252,0.0610850985021081,0.0,0.000432465768028,2020-10-13,0.21576420343996564,0.4610593734815373,0.26496922937197265,4.059705466574307e-05,0.05816659665160689
0.0006593821998236,0.9605910191119672,0.0026550920101333,0.0,0.0360945066782131,2020-10-14,0.20980951121782013,0.4522623688432475,0.2566522471525653,6.841889139381985e-05,0.08120745389511043
8.831908737378635e-57,0.0,3.480855684669111e-07,0.0,0.9999996519146104,2020-10-15,0.05150376902393235,0.221830231231206,0.04733706784574771,0.0018717710721636103,0.6774571608271287
0.03267202137119,0.9567553626480344,0.0004359288004873,0.0,0.0101366871801578,2020-10-16,0.2146925606532597,0.4610485705522368,0.26036238819981616,6.149761139724052e-05,0.0638349829831596
0.1440505196703984,0.8526165102221075,0.0023573394729483,0.0,0.0009756306343008,2020-10-19,0.21827640097888382,0.4718727663679485,0.2560322998801104,0.0001893141309131843,0.05362921864189898
0.0187330120843438,0.9585538801704624,0.0210427609841238,0.0,0.0016703467614054,2020-10-20,0.21565697363228511,0.46125499866087877,0.26380901870803886,2.750833216754655e-05,0.05925150066696501
5.760857560871559e-06,0.5766215485478113,9.427949427580656e-05,0.0,0.4232784111003219,2020-10-21,0.14622543513164385,0.35972428202752965,0.17253767165455808,0.0007922880591551811,0.32072032312708293
0.0031226791932478,0.9144559484416062,0.0771378656294531,0.0,0.005283506735299,2020-10-22,0.21432355768770076,0.45718730182620193,0.26612166951592126,1.3953820351672975e-05,0.06235351714943039
0.0576911646534868,0.8994546430248193,0.0427059688683282,0.0,0.0001482234533239,2020-10-23,0.21646718332563158,0.4638963782556892,0.2627528074902593,7.53649830211896e-05,0.0568082659453568
9.086822143618584e-15,9.219834913555046e-43,0.9807645109533172,0.0,0.019235489046281,2020-10-26,0.20478193459160293,0.4216445460994738,0.29872496369840706,3.6004444488381685e-05,0.07481255116563493
0.7548598328136763,0.1729476390588535,4.869519429136291e-05,0.0,0.0721438329331329,2020-10-27,0.21809229679549733,0.5026586579994851,0.2054258835280028,0.0011175194623022594,0.07270564221466633
3.0312329825978796e-16,1.258068989676592e-68,0.9444927563304631,0.0,0.0555072436694466,2020-10-28,0.19911322419108973,0.4142547820018697,0.2894278457787946,0.00010389688916099637,0.09710025113899491
0.0002654039813023,0.8883647138803831,0.1080222163486543,0.0,0.0033476657895905,2020-10-29,0.21434198514823785,0.4563345081052873,0.2679176586489643,6.6115009101592094e-06,0.06139923659653059
2.1296065212011277e-06,0.9434561077899222,0.0101920769005291,0.0,0.0463496857029102,2020-10-30,0.2080528301923036,0.44949235914586366,0.2547594444115873,8.675880287595727e-05,0.08760860744725205
0.0014248659003518,0.9920805041826608,0.0043544851519386,0.0,0.0021401447653976,2020-11-02,0.21538714101428152,0.4603807208100335,0.26404594091565814,5.860386967603256e-06,0.06018033687340799
0.9983802930260164,3.40532720006602e-07,2.386360469935994e-06,0.0,0.0016169800804984,2020-11-03,0.23425564156750972,0.5385492222597558,0.20675393931814384,0.0013024616903008859,0.01913873516399418
0.9969372646188144,9.859048621185121e-19,5.697593215351894e-06,0.0,0.0030570377876181,2020-11-04,0.23399195969344402,0.5380920401988522,0.20652429870462197,0.0013032789857993338,0.020088422416930006
0.9079651955493035,0.0753649817943805,1.6021776015572226e-07,0.0,0.0166696624382805,2020-11-05,0.23008309141158043,0.5278862391546826,0.208676843305533,0.001212957720993175,0.03214086840693522
0.9973443528304622,2.7399608499677825e-13,1.2635346727390374e-07,0.0,0.0026555208157612,2020-11-06,0.23406560567119336,0.53822004668886,0.20658787246362623,0.001303057280574952,0.019823417895709888
0.9512234383535983,0.0344397092046009,7.022178357230962e-07,0.0,0.0143361502239877,2020-11-09,0.2312798292464582,0.5318238255443901,0.206699995058337,0.0012648923902027524,0.028931457760634372
0.7258448999516228,0.2516020995044654,6.669998271141539e-07,0.0,0.0225523335441504,2020-11-10,0.22569209380840147,0.5122510721860483,0.21785528164611412,0.000986931307697667,0.043214621051803855
0.0296706453542117,0.9580968239393536,1.151485801103785e-05,0.0,0.0122210158483893,2020-11-11,0.21429716088409811,0.46033071991188707,0.26006556914911866,6.149257834192741e-05,0.06524505747651976
0.0031482166094866,0.8858369698177129,0.110431489878671,0.0,0.0005833236938178,2020-11-12,0.2148310463809243,0.4571354824681522,0.2684467785087257,5.189388688643009e-06,0.059581503253197304
0.1127180903231178,0.827429014393448,0.0592517251692079,0.0,0.0006011701143628,2020-11-13,0.21729590492568326,0.46750193207639845,0.26014455967164246,0.00014783271621672225,0.054909770610195474
0.4376411622765871,0.5581345995726715,2.484790445783539e-05,0.0,0.0041993902464843,2020-11-17,0.22328651313757833,0.4941219075731805,0.2383860344416137,0.0005774691749104914,0.04362807567291766
0.9413495182527684,0.0126251613495551,0.0299882973575261,0.0,0.0160370230404865,2020-11-18,0.23057614004048665,0.5295850034410041,0.20807414960568257,0.0012552247023676854,0.030509482210794768
2.632916206719768e-09,0.5303201014573236,0.3369800643414591,0.0,0.132699831568604,2020-11-19,0.19126970424567166,0.4172863996587658,0.24883544873981153,0.0002483837958967197,0.14236006356015704
0.0260160390655107,0.9694927249579895,0.0004599105011472,0.0,0.004031325474981,2020-11-20,0.21556996440502574,0.4619875305445346,0.2620708259146662,4.140671954321085e-05,0.060330272415858664
0.0295555787772611,0.9668032597233648,0.0027260042074998,0.0,0.0009151572917861,2020-11-23,0.21613029989207122,0.46292900112677315,0.26263300182264376,4.0180827863750485e-05,0.058267516330559876
0.2685886869306441,0.6793999196319814,0.0012720117317862,0.0,0.0507393817058408,2020-11-24,0.21245366535902585,0.4697422302446843,0.2380370909499799,0.00044455231668773286,0.07932246112987455
6.945514430809888e-24,5.11764059599947e-156,0.0957094100611743,0.0,0.9042905899389312,2020-11-25,0.06646160496782226,0.24132935382293852,0.07186906097417399,0.0016926255562556831,0.6186473546789146
0.0048911381387423,0.3197445619750705,5.86240281209579e-07,0.0,0.675363713646042,2020-11-26,0.1049148579738576,0.2998344253094207,0.11752971315876691,0.0012704927299578353,0.4764505108281326
0.0062692709472736,0.950002747126122,0.0402538938505018,0.0,0.0034740880759589,2020-11-27,0.21497344992196094,0.459170426046274,0.2648867202595568,1.4662426742013789e-05,0.06095474134532247
0.0654401933826428,0.9307242280691116,2.0992531320479172e-05,0.0,0.0038145860164736,2020-12-01,0.21635043418644456,0.4651349833492115,0.25983733089227407,9.231327237728687e-05,0.05858493829924106
0.0077177585517688,0.9479215395832168,0.0440641423464472,0.0,0.0002965595185227,2020-12-02,0.21549225182720433,0.4599085805116261,0.2656428462291656,1.0600087816257479e-05,0.05894572134414318
0.6356944385415444,4.120662871585534e-06,0.3627058639227783,0.0,0.0015955768727959,2020-12-03,0.22455225389848973,0.49738922659964163,0.24181050491862852,0.0008303703238996176,0.035417644259330444
0.999006048281382,0.0003238125513803,0.0001532987097285,0.0,0.000516840457359,2020-12-04,0.2344468980010675,0.5388558216919512,0.20696275910350395,0.0013012169275542081,0.018433304275772514
0.9991123496863996,1.4318319077533901e-07,0.0005452435927945,0.0,0.0003422635373078,2020-12-07,0.2344744507804704,0.5388920051964359,0.2070099318462345,0.0013010285152815712,0.018322583661270035
0.0381422712647183,0.9444779927482164,0.0173329779735687,0.0,4.675801343600797e-05,2020-12-08,0.2163181550330413,0.4632908217773119,0.2629016474776765,4.9731333792423954e-05,0.05743964437811729
0.9977714568984712,0.0002748850499812,0.0002483152342482,0.0,0.0017053428175377,2020-12-09,0.23422772215347287,0.5384718286263767,0.20677935892613963,0.0013018346586570857,0.019219255635591754
0.0100299368773359,0.9131002718624665,0.0767583868569239,0.0,0.000111404403119,2020-12-10,0.21530595054343832,0.4589770457025837,0.2668330214286142,1.3262919663441914e-05,0.058870719405545564
0.00585140281047,0.983959050598586,0.0087269073692978,0.0,0.0014626392213868,2020-12-11,0.21554686097513684,0.4607338893287945,0.26411043821558877,1.0353580224042253e-05,0.059598457899996446
0.0459587953516661,0.9351281902524928,0.0186235936708528,0.0,0.0002894207253804,2020-12-14,0.21641501948734476,0.46379783284030157,0.2624508614222614,6.0359086699976994e-05,0.05727592716378439
0.0117957833526238,0.9552320826098132,0.0326478301420207,0.0,0.0003243038958456,2020-12-15,0.21565523820170876,0.4606243661404254,0.2649547992869361,1.595974437069611e-05,0.05874963662686231
0.1293604940246003,0.8668606156048564,0.0033372854415401,0.0,0.0004416049286518,2020-12-16,0.21808006332210905,0.4708180996999868,0.2570300243263385,0.00016919485383842377,0.053902617797375735
0.076461229527524,0.9088882361212124,0.0144850795681833,0.0,0.0001654547827206,2020-12-17,0.21704191994640604,0.4663569337938846,0.26056426966496354,9.982728627323398e-05,0.05593704930811284
0.0122206295433774,0.9260761399979532,0.0558856223496639,0.0,0.0058176081090598,2020-12-18,0.2145760571449087,0.4585221218650449,0.26464960657686964,2.6794911533594344e-05,0.06222541950169746
1.9326588378429404e-91,5.19789129667569e-172,1.162508051335927e-16,0.0,1.0,2020-12-21,0.05150371462356942,0.22183016031454644,0.04733697862500513,0.0018717717237,0.6774573747131787
6.322745790819972e-07,0.0060358707959974,7.950770004132793e-11,0.0,0.9939634968495368,2020-12-22,0.052495178628724895,0.2232735677004855,0.04864737367126232,0.0018604735907256104,0.6737234064084222
0.9252948846461012,1.862629558764425e-12,9.519841434610692e-07,0.0,0.0747041633675494,2020-12-23,0.2208772249380809,0.5153637951136761,0.19508359234183587,0.0013441403976827714,0.06733124720838068
0.942133611457272,0.0512280343707522,4.6846326703277616e-05,0.0,0.0065915078454743,2020-12-24,0.23238052773569381,0.5329638120068497,0.2089048908060737,0.0012385653852815433,0.02451220406630274
0.9931876172517864,0.0031095766066673,0.0020212204548853,0.0,0.0016815856868292,2020-12-28,0.23413131468122342,0.538056675254204,0.20711723063540577,0.001295824125449471,0.019398955303885176
0.0708672496519813,0.9190473120003064,0.0100268814234268,0.0,5.855692454948042e-05,2020-12-29,0.2169897612342889,0.4661031448718804,0.26073371131830964,9.234639146574642e-05,0.05608103618431926
0.0498742301366933,0.9312391603270032,0.0185509799586079,0.0,0.0003356295776105,2020-12-30,0.21648163840841456,0.46409525502185617,0.2622131976919584,6.554168660836711e-05,0.05714436719107736
0.0491389489444652,0.87703532712333,0.0736613289193338,0.0,0.0001643950130198,2020-12-31,0.216057347235659,0.46212940638011885,0.2644547752285739,6.426417436281639e-05,0.05729420698143414
0.0830239020536725,0.8745146676299185,0.0422762027221805,0.0,0.0001852275944506,2021-01-01,0.21694091290606207,0.46588191115752187,0.2612735704813929,0.00010840589820621785,0.05579519955703894
0.0182189353989389,0.9789808129269796,0.0001707749644293,0.0,0.0026294767093246,2021-01-04,0.21565588296478216,0.4617237798658823,0.2628114303454567,2.86345114737247e-05,0.0597802723120775
0.9884877967845584,4.615884404874039e-13,0.0080520754345295,0.0,0.0034601277807867,2021-01-05,0.2337028252094423,0.5370509110076896,0.20723756541112628,0.0012930361309209343,0.020715662241156656
0.0006124038955296,0.1811253566325807,0.8156102441990131,0.0,0.0026519952728311,2021-01-06,0.2088315276929497,0.4314993729521057,0.2958101823834913,5.760999883618752e-06,0.06385315597152391
0.1155046226216953,5.749235052848687e-20,0.8745331152717344,0.0,0.0099622621069672,2021-01-07,0.2093225098506479,0.4366434729309354,0.2899390921430181,0.00016898133565196327,0.06392594374014328
0.9902295608853416,0.0002659685801033,3.156498543067666e-07,0.0,0.0095041548847456,2021-01-08,0.23280697036771084,0.5360266377289798,0.20550960493907675,0.0013066161511576125,0.02435017081311939
0.1229184656693297,0.8759574514338531,0.0008537314456959,0.0,0.000270351451277,2021-01-11,0.21800681190818055,0.470443596262294,0.25733959567740405,0.0001604897282779739,0.0540495064239991
0.9630890750173464,0.0215910387517425,0.0128011533726384,0.0,0.0025187328581306,2021-01-12,0.2333420197977863,0.5351236859135869,0.2090863831598949,0.0012582165211402292,0.021189694607449384
0.0008247622063892,0.985214449462854,0.0131373343794599,0.0,0.0008234539517249,2021-01-13,0.21552221582657372,0.46033799943411147,0.2647108110929999,2.6147814567687705e-06,0.059426358865286105
0.0143228879553775,0.9647594118834474,0.0208248133744241,0.0,9.288678675148918e-05,2021-01-14,0.2158348613304524,0.46129533513990556,0.2643960934149179,1.8815720158910867e-05,0.058454894394565735
1.4230485095827603e-10,7.182377731948431e-16,0.9959266714010168,0.0,0.0040733284565572,2021-01-15,0.20715154418075313,0.4247335830574057,0.302611304348008,7.624341211542241e-06,0.06549594407250096
4.6003750587852785e-10,2.971444691236405e-28,0.9978493147774928,0.0,0.0021506847622369,2021-01-18,0.20745202345801506,0.4251252896290601,0.3031041132626678,4.02559152330617e-06,0.0643145480585008
0.9976504316486916,9.650821069863453e-24,1.1921335956470688e-12,0.0,0.0023495683498078,2021-01-19,0.23412161303429896,0.5383171190394862,0.20663671318234017,0.0013028829822022494,0.019621671761363816
0.9988235344094808,2.7775707504454276e-08,0.0001538493061818,0.0,0.0010225885085201,2021-01-20,0.23436039594002303,0.5387206160144846,0.2068634686868708,0.0013019260227683986,0.01875359333574299
0.0001516974232595,5.346841282613353e-09,0.9793158003649954,0.0,0.0205324968645293,2021-01-21,0.20458329247230392,0.4213975201209307,0.2983778559578097,3.8629587796364844e-05,0.07560270186078474
1.0144713192012977e-16,7.356741756177031e-60,0.8632189072639139,0.0,0.136781092736379,2021-01-22,0.1864113872305082,0.39769659290533743,0.26859586325107876,0.0002560229817207418,0.1470401336316477
3.274391625115403e-13,8.215730904564773e-98,0.1510141220104995,0.0,0.8489858779892421,2021-01-25,0.07510487020511718,0.25259676503720024,0.08604467596307937,0.0015891077602413078,0.5846645810344305
1.1861467332465916e-27,4.345683909250257e-134,0.0571569295894571,0.0,0.9428430704106208,2021-01-27,0.06043645263404193,0.23347492993227073,0.06198735106610625,0.0017647869990810882,0.6423364793685774
3.7330147171382864e-08,0.0698034596976983,0.0085102250365256,0.0,0.921686277935893,2021-01-28,0.06429845203581279,0.24025434348273178,0.06467156180509165,0.0017251863617495026,0.6290504563148779
4.4656524461538456e-27,1.0427007302675692e-169,3.307873377366765e-05,0.0,0.9999669212662023,2021-01-29,0.05150888431453373,0.22183689955397898,0.04734545731294513,0.0018717098078614217,0.6774370490106563
3.3875143441685073e-19,0.0,1.319326060938147e-136,0.0,1.0,2021-02-01,0.0515037146235694,0.2218301603145464,0.0473369786250051,0.0018717717237,0.6774573747131787
0.0001794173883647,2.0683311578401705e-22,3.3339687830416477e-25,0.0,0.99982058261147,2021-02-02,0.051536556614464775,0.22188707730846324,0.04736562707883915,0.001871669414785635,0.6773390695832815
4.77069406352241e-06,0.0300421922627085,8.525267502684167e-09,0.0,0.9699530285175404,2021-02-03,0.05643880267960419,0.2290149133788864,0.053859437223357357,0.001815536861360688,0.6588713098563709
0.6876828433249977,0.0129842995502348,0.0006487998138955,0.0,0.2986840573110534,2021-02-04,0.17961664634194877,0.4432221754357779,0.16012765866208836,0.0014541172952930003,0.21557940226507313
0.0154550893986168,0.9710817219629688,0.0118334099633197,0.0,0.0016297786750958,2021-02-05,0.2156752860298676,0.4613343536333531,0.26364469107980776,2.316604001751707e-05,0.05932250321695513
0.2894294320442521,0.7074738924854876,5.751552912008699e-05,0.0,0.0030391599411462,2021-02-08,0.2206896624669217,0.4828187816451381,0.24714796186196666,0.00038239352027843294,0.04896120050570103
0.0017495693979401,0.974638632569387,0.0231590555788052,0.0,0.000452742454104,2021-02-09,0.215520737208583,0.46014440591575184,0.26513138502923217,3.124570661292718e-06,0.05920034727600794
0.0022531105779014,0.9648053469804526,0.0323365098855564,0.0,0.0006050325563994,2021-02-10,0.21543215634208074,0.4598227108639318,0.2654294842679038,4.065003562882549e-06,0.059311583522830565
0.9774290025607766,1.4794993656580603e-09,0.0203551868645376,0.0,0.002215809094832,2021-02-11,0.2336013202091529,0.5360492578729491,0.20862526762423872,0.0012763135520634267,0.02044784074124113
0.0055577948424134,0.9632169340089768,0.0311143817754338,0.0,0.0001108893730104,2021-02-12,0.21558518715928982,0.4602422778666271,0.26529908563234494,7.4412696286023105e-06,0.05886600807194388
0.2135597423268818,0.7846377174535923,0.0009900601176567,0.0,0.0008124801019031,2021-02-15,0.21962121291006448,0.47739070966937086,0.2520235762534052,0.0002794780058405021,0.05068502316135275
0.0022346254785769,0.9700570604379788,0.0274776328816784,0.0,0.000230681201328,2021-02-16,0.21553196193929577,0.4600826426329259,0.26532117876173583,3.340244126564959e-06,0.05906087642147799
0.0007976581909812,0.3207808787774154,0.6774707057192275,0.0,0.0009507573120135,2021-02-17,0.21021379196712756,0.4368068496374768,0.29074910899281986,2.8177872401780017e-06,0.06222743161497317
9.562393450493176e-05,1.1392681189091407e-09,0.9867887110529592,0.0,0.0131156638733735,2021-02-18,0.2057409272098671,0.4229022115125462,0.3002843459872657,2.467398745661361e-05,0.07104784130296997
5.3172748969706553e-08,0.1226160463069224,0.4139299773381792,0.0,0.4634539231823834,2021-02-19,0.13633333530574995,0.3354796033393276,0.18005289904650926,0.0008674800178572465,0.3472666822907896
1.2233730441350848e-32,5.258277874865413e-167,0.1264116111597042,0.0,0.873588388840398,2021-02-22,0.07125988088515678,0.24758441442743256,0.0797385998749811,0.0016351580443840976,0.5997819467681473
0.000962071052344,0.5380171593094013,0.0049659973681582,0.0,0.4560547722702504,2021-02-23,0.14082136684860483,0.3517896837809918,0.16555866628896282,0.0008548826042216153,0.3409754004773726
2.4958716195798507e-14,1.3993286160810847e-24,3.3496908308908594e-31,0.0,1.0,2021-02-24,0.05150371462357525,0.22183016031455985,0.04733697862501027,0.0018717717237000326,0.6774573747131791
0.0143451746634209,0.7810524151198054,0.0013677821239675,0.0,0.2032346280931565,2021-02-25,0.18262556029437582,0.4134131015331357,0.21953251324408007,0.0003990796945525303,0.18402974523420604
1.4645761391578695e-68,1.5232100461257029e-179,1.802981851741886e-06,0.0,0.9999981970184192,2021-02-26,0.051503996401569586,0.22183052764204061,0.047337440762431925,0.0018717683489300587,0.6774562668452984
0.0485607797011594,0.3088829208616851,4.5134618319957495e-08,0.0,0.6425562543028056,2021-03-01,0.11112446694272958,0.31109066414801306,0.12214462612221093,0.0012659225798744673,0.45437432020744006
0.0169713992329119,0.6244513443805877,7.570213899978902e-06,0.0,0.3585696861728778,2021-03-02,0.1571731087773899,0.37652500782541215,0.18560754100755802,0.0006932496086726755,0.28000109278124446
0.4088462461308094,5.044480624007557e-21,6.666560072689305e-19,0.0,0.5911537538693817,2021-03-03,0.12634219498996271,0.35152940257336535,0.11261946276693063,0.001638635928788789,0.40787030374114325
1.336143193585498e-07,0.6215963963895816,0.0580164826769638,0.0,0.3203869873192438,2021-03-04,0.1626635378955349,0.3822768884998086,0.19714664217058273,0.0005996914774103986,0.25731323995677186
2.849651309404972e-07,0.7555881222701804,0.088423286606365,0.0,0.1559883061583403,2021-03-05,0.18942285035884443,0.42050990439153235,0.234028017963139,0.0002919748715894659,0.15574725241491125
0.0030131911845694,0.9840547514351164,0.0103792790709936,0.0,0.0025527783092511,2021-03-08,0.21530129020161884,0.4601930425554755,0.2641015554848853,8.700016726469185e-06,0.060395411741224425
0.0331284007665173,0.9627388151994382,4.511733183681823e-05,0.0,0.0040876667023496,2021-03-09,0.21569776117155715,0.4625444008656181,0.26163400324505665,5.0769223405431214e-05,0.06007306549450459
0.0234652219371102,0.9592613746249526,0.0118676223194365,0.0,0.0054057811184909,2021-03-10,0.21520546466751936,0.46105609277534393,0.26236646312528294,4.065938808651112e-05,0.06133132004375749
8.91006005111481e-17,5.69492568619024e-86,0.0109386081245949,0.0,0.9890613918753624,2021-03-12,0.0532132487304205,0.22405871899437166,0.05014074510027733,0.0018512971463156684,0.6707359900285718
1.1252198424479216e-09,0.0085561008861999,0.0159809325153319,0.0,0.9754629654735324,2021-03-15,0.05540656359254884,0.22713181508381738,0.05329058276089929,0.0018258439977544296,0.6623451945652636
0.019454147180341,0.1210573915084993,0.4113829235630889,0.0,0.4481055377479045,2021-03-16,0.13924030530595566,0.34075946888062064,0.18216801304230204,0.0008640716875948817,0.33696814108336026
2.0046595212868374e-15,5.675292344728249e-78,0.430354058201252,0.0,0.5696459417991799,2021-03-17,0.11876135217105754,0.30950761076193356,0.1576446399964835,0.0010662471663801635,0.41302014990457886
2.3771780393854917e-21,4.834402617797672e-96,0.0009693013169118,0.0,0.9990306986832078,2021-03-18,0.05165520132482713,0.22202763926606053,0.04758542838258877,0.0018699574129034833,0.6768617736137392
1.22565041080485e-08,3.3186401524345352e-43,1.892256835342464e-21,0.0,0.9999999877436496,2021-03-19,0.051503716867105656,0.22183016420273968,0.047336980582068464,0.0018717717167112795,0.6774573666315282
0.0029909635609817,0.9609086056220058,0.0195450927072747,0.0,0.0165553381098605,2021-03-22,0.21292810786254632,0.4565190138205345,0.26142270315570354,3.488068200852899e-05,0.06909529447932972
0.0180542968224683,0.9787589678424788,0.0024439959335828,0.0,0.00074273940135,2021-03-23,0.21594457878750936,0.4620816377223982,0.26331965091472626,2.488868571237862e-05,0.05862924388953373
1.8532168778637503e-14,7.071058470167398e-28,0.966922232751502,0.0,0.0330777672485133,2021-03-24,0.20261860206951646,0.4188244131462772,0.2951769331700835,6.191402941892127e-05,0.08331813758473766
2.584399142266042e-19,5.731910189772339e-76,0.9425507141013542,0.0,0.0574492858987478,2021-03-25,0.19880971323341687,0.4138591233388547,0.28893006463210547,0.00010753194889203328,0.0982935668468327
0.1004244866637753,0.8821291409740909,3.192589587246126e-05,0.0,0.0174144464665727,2021-03-26,0.2147745545363775,0.4646160317450304,0.25487700612595826,0.0001633026753362793,0.06556910491760891
0.9751637924521,1.873121920153295e-64,3.576424935393347e-25,0.0,0.0248362075476056,2021-03-30,0.23000547910370267,0.5311836303687614,0.20304616127982505,0.001315705505472361,0.034449023741943904
1.11835188671276e-06,4.331717594303308e-19,0.9827396560610092,0.0,0.0172592255875016,2021-03-31,0.20509082372580412,0.42204730369860427,0.2992314082945686,3.230678601092863e-05,0.07359815749540943
0.0424051678808917,0.7469038111694875,8.108931625545913e-06,0.0,0.2106829120180371,2021-04-01,0.1819407277179927,0.4138725261057902,0.21625134762016687,0.00044954247491311826,0.18748585608117885
8.684420279755493e-22,1.8367051270056836e-17,0.0043832340435123,0.0,0.9956167659560828,2021-04-05,0.052188745846017924,0.2227231710304592,0.048460482138824056,0.0018635673101582368,0.6747640336741353
0.0014634567996248,0.9416328664647364,0.0010098967210031,0.0,0.0558937800148975,2021-04-06,0.20658583717397988,0.4476492774434325,0.2522434225498227,0.00010652514919589538,0.09341493768383079
0.6210027831823659,0.2698124523168129,7.75825003343248e-05,0.0,0.1091071820008182,2021-04-07,0.20950389572614245,0.4833616208584001,0.20508752737703,0.001012485682346298,0.10103447035641216
0.0220162489658549,0.9693896285414888,0.0069348534813988,0.0,0.001659269011222,2021-04-08,0.21583281081107525,0.4620131784643899,0.2630694261793857,3.1760871756521585e-05,0.05905282367335713
0.0017061492843631,0.8894989706033981,0.103772992882475,0.0,0.0050218872299058,2021-04-09,0.21412791670075995,0.45619705721357035,0.26730478494320714,1.162045350093882e-05,0.06235862068910368
4.1859648788348875e-60,4.286716394362584e-173,3.2044720867550934e-05,0.0,0.9999679552788954,2021-04-12,0.05150872271440784,0.2218366888910749,0.047345192276406795,0.0018717117432971424,0.6774376843745757
0.0889747424413221,7.52569316096764e-08,3.5478858732802366e-10,0.0,0.9110251819472316,2021-04-13,0.0677903741061918,0.2500558421460467,0.06154402830194271,0.0018210356453689646,0.6187887198007233
0.0003893762219635,0.7867032214698577,5.55128266896751e-05,0.0,0.2128518894814821,2021-04-15,0.18079399649205616,0.41006965426284553,0.21819446628078348,0.0003989169380381034,0.19054296602626963
0.0081303727424242,0.938947300905248,0.0210854653638141,0.0,0.0318368609889079,2021-04-16,0.2105026166550798,0.4532121682849857,0.25787070453600963,7.017336745597615e-05,0.07834433715686309
3.3726926553262375e-11,0.0271718993538273,0.001383239167695,0.0,0.9714448614448966,2021-04-19,0.056182681914911055,0.22860890876749043,0.05359012679047172,0.0018183230228301188,0.6597999595044421
7.494500244335596e-10,4.362923025974774e-50,0.0014850718563947,0.0,0.9985149273939382,2021-04-20,0.051735808365406664,0.22213271913539218,0.04771762997897979,0.0018689920077637737,0.6765448505122401
0.0795601165057865,2.2244236507499486e-24,1.6445766277621736e-07,0.0,0.9204397190368672,2021-04-22,0.06606705911225408,0.24706923397879677,0.06004077455706432,0.0018264039674001091,0.6249965283848007
8.769475162845112e-05,0.9256710031217612,0.031934935569181,0.0,0.0423063665578202,2021-04-23,0.20854548773468273,0.4496967402499086,0.2564853308774238,7.930199916230922e-05,0.0851931391392134
0.1066166855945527,0.8921762195429143,0.0002542261299538,0.0,0.0009528687327765,2021-04-26,0.217592926330294,0.46902799388638905,0.25810378967064257,0.00014054977396415084,0.05513474033890738
0.99854145384894,6.751471755467234e-38,1.503864208763092e-09,0.0,0.0014585446472643,2021-04-27,0.23428471308497445,0.5385997803834552,0.20677898744971532,0.0013023748931087055,0.01903414418881441
0.9975781368385868,9.962280419245916e-26,3.829113575535365e-11,0.0,0.0024218631230055,2021-04-28,0.2341083796209968,0.5382941847969169,0.20662516952516494,0.0013029242066966344,0.01966934185010787
0.0011779070373416,0.9527947981397016,0.0084666166174417,0.0,0.0375606782050932,2021-04-29,0.20953220385884672,0.4517467474452771,0.25653220438650853,7.183811227171556e-05,0.08211700619667393
5.5574203638402825e-14,1.4636569532910631e-05,0.0625712773026753,0.0,0.9374140861280962,2021-04-30,0.06128503481695544,0.23458151251089798,0.06337832535314587,0.0017546251798127193,0.6390005021395475
0.0027186278485115,3.2270849685024362e-09,0.0908291224179228,0.0,0.906452246506422,2021-05-03,0.06619653188007174,0.24119751412411986,0.0710522508144301,0.0017002100954609505,0.6198534930858582
5.361098154264041e-10,3.0180949612345874e-34,0.7000724382706346,0.0,0.2999275611935523,2021-05-04,0.1609141348464374,0.3644582253216673,0.22677842229551093,0.0005613959288981627,0.24728782160778273
0.0986516503638798,0.8941680667124889,0.0015623626519096,0.0,0.0056179202715747,2021-05-05,0.21666653060598517,0.4672439988498141,0.25759967207813417,0.00013891484815119085,0.05835088361776842
0.1969702127445123,0.8005638211828169,0.0019897355612806,0.0,0.0004762305110579,2021-05-06,0.21935651440053555,0.4761396527041848,0.2530881904133135,0.00025725663408957716,0.05115838584754417
0.1323683944305177,0.8584182201315884,0.0089205234403871,0.0,0.0002928619973409,2021-05-07,0.2181166239934194,0.47089117555652393,0.257108683826001,0.00017283135331890292,0.05371068527057089
0.113517612682846,0.8783779359164687,0.0077572851453869,0.0,0.0003471662556634,2021-05-10,0.21776246979835712,0.4694465755298326,0.2581334728969314,0.00014839789185988822,0.054509083883384
0.0015564727793058,0.6142919737456108,0.3838576015202884,0.0,0.0002939519544221,2021-05-11,0.21267261655734226,0.44740877062314205,0.27932854597185375,2.5760275047509043e-06,0.06058749081978427
4.196769713321484e-07,7.34106950817691e-14,0.9983619109637965,0.0,0.0016376693587249,2021-05-12,0.20753221099627328,0.42522985552841536,0.3032355680327243,3.0658894261357596e-06,0.06399929955272698
0.0164321593920828,0.7178890502182205,0.2651641428578208,0.0,0.0005146475318469,2021-05-14,0.213860714573209,0.45271658703798373,0.2737698237898087,2.2350467872778207e-05,0.059630524131096686
0.9971583086305876,6.711389379440454e-30,1.0521225326425163e-13,0.0,0.0028416913691018,2021-05-17,0.23403153090869785,0.5381610017136419,0.20655813348754978,0.0013031636047908543,0.019946170285113987
0.1661904536711526,0.8329917283405709,0.0001409770880897,0.0,0.0006768409002758,2021-05-18,0.21875945937852848,0.4737523389696755,0.25473916101363114,0.00021757094509204696,0.05253146969316175
0.001993584945227,0.8863580033102295,0.1115299685668504,0.0,0.0001184431773841,2021-05-19,0.21487694449159236,0.45711757437723327,0.2686570814068778,2.8164355020157765e-06,0.05934558328848554
2.655520984219996e-06,2.298437918710674e-16,0.999098527463722,0.0,0.0008988170156876,2021-05-20,0.20764774195091268,0.42538063811750343,0.30342473339972625,1.6858365500008143e-06,0.06354520069570153
0.9934016499073136,4.436296700660239e-61,1.9514825366591778e-17,0.0,0.0065983500928862,2021-05-21,0.23334388210975746,0.5369692681599734,0.20595828937536134,0.0013053057587823387,0.022423254596324962
0.0407409025859281,0.921531440692075,0.0376896903158359,0.0,3.796640657697024e-05,2021-05-24,0.21620646066663576,0.4627758967334528,0.26355304244824207,5.309710881409885e-05,0.057411503043271264
0.4331268253035155,0.0151409400608502,0.5497379528386599,0.0,0.0019942817966974,2021-05-25,0.21918897739996823,0.47485218592997847,0.26069127504958245,0.0005674661107159879,0.04470009550947753
0.1002612477555349,0.895183017548395,0.0043788390011468,0.0,0.0001768956948966,2021-05-26,0.21756803391044927,0.46857110497262594,0.25879892918716507,0.00013082545272643855,0.05493110647700656
0.0650330521169179,0.898300742555357,0.0365018647190216,0.0,0.000164340608511,2021-05-27,0.2166519763149478,0.46468557629555274,0.26208440271196637,8.495093429579832e-05,0.056493093743044745
0.1169916332666792,0.8671541063567735,0.015639837977062,0.0,0.0002144223993266,2021-05-28,0.2177868694366408,0.4694709120049931,0.25827211051520044,0.0001526710135003995,0.054317437029506546
0.9926142227370088,2.3803505017521308e-09,4.226053441023743e-06,0.0,0.0073815488290727,2021-05-31,0.23320040601241881,0.5367203323705625,0.20583364075134034,0.0013057468575586215,0.02293987400799261
0.0230783926017785,0.921036718126446,0.0557981282306703,0.0,8.676104079123402e-05,2021-06-01,0.2157221860898938,0.46074377885279694,0.2652669120344389,3.0199921619687213e-05,0.058236923100936776
0.02458278021286,0.915832991816008,0.0594099112102029,0.0,0.0001743167612743,2021-06-02,0.21570735211656936,0.4607126227723732,0.26530324300603053,3.2321831393803206e-05,0.05824446027397822
0.1249493010977917,0.8697592321823167,0.0050183987462539,0.0,0.0002730679734889,2021-06-03,0.21801141206028288,0.47045429916854126,0.25738581255904697,0.00016313803301198687,0.053985338178968105
0.0219876325005365,0.9047424836804856,0.0731426313169898,0.0,0.0001272525017472,2021-06-04,0.21555698987001198,0.46003537459656213,0.26600123427479355,2.8856041008251065e-05,0.05837754521738312
0.1018135536505268,0.8832999142334398,0.0147035834972556,0.0,0.0001829486183293,2021-06-07,0.21751406311788127,0.46832573155782364,0.259113577727015,0.0001328571755857952,0.054913770421245664
0.0212836706378798,0.8987004685597121,0.079954076366209,0.0,6.178443626462594e-05,2021-06-08,0.21550029644335214,0.45975509735878184,0.26632309998929016,2.7817262965205168e-05,0.058393688945676044
1.2008443048105982e-05,3.89026702668138e-06,0.9952984752200884,0.0,0.0046856260699767,2021-06-09,0.2070562039438894,0.42461033818270577,0.3024530480522979,8.786051892901228e-06,0.06587162376935389
0.1636424384072914,0.8280590675910302,0.0079747365594531,0.0,0.0003237574420482,2021-06-10,0.2187071909782014,0.4733606000428975,0.2552694393267809,0.00021359370154084293,0.05244917595040218
0.1177376202787191,0.8473020543672202,0.0347458363721575,0.0,0.0002144889821072,2021-06-11,0.21764883447758188,0.46885336662878835,0.25897887173415945,0.00015364207244447853,0.05436528508722977
0.0017731591341666,0.9795537718912448,0.016806645840293,0.0,0.0018664231340971,2021-06-14,0.21533954873649597,0.46003292628324255,0.2645739128731983,5.801361245014773e-06,0.06004781074561968
0.084985555423761,0.8495312568802257,0.065343615884641,0.0,0.0001395718112067,2021-06-15,0.21680172198290576,0.46523015306657495,0.26207588806716037,0.00011087361758963283,0.05578136326560359
0.0027661548680399,0.0538939766039086,0.9416935679080212,0.0,0.0016463006195796,2021-06-16,0.2080337907491356,0.4274483262697458,0.3008515954243927,6.681768982996269e-06,0.06365960578729205
0.0008263073396257,0.8703115529285484,0.1234688340512274,0.0,0.005393305680631,2021-06-17,0.2138936216657168,0.4553428343384555,0.2680474114522699,1.1170511762080372e-05,0.0627049620318282
4.776662754105207e-07,0.4562622711775201,0.0010306444243629,0.0,0.542706606731777,2021-06-18,0.12660266386216612,0.3311348716157664,0.14664870059934898,0.0010158235024490046,0.3945979404202046
0.3029884540582411,1.0309170004056194e-55,0.000104078487276,0.0,0.6969074674542156,2021-06-21,0.10698140560232873,0.31796909409658725,0.0957433074593609,0.0016988042510358624,0.47760738859041957
0.0537847360020397,0.8821852657017896,0.0545610765210625,0.0,0.009468921774925,2021-06-22,0.21476851745109884,0.46094321879573497,0.26141881669028594,8.772681697114046e-05,0.06278172024572586
1.7926800276970347e-05,6.104830310210266e-50,0.968594754067004,0.0,0.0313873191322661,2021-06-23,0.20288327257014357,0.4191708483857257,0.2956084936089,5.877322893936585e-05,0.08227861220583825
0.1955793976357054,0.7976147788918592,0.0061994217921807,0.0,0.0006064016804676,2021-06-24,0.21927547797129127,0.4758509637413602,0.25330494075750043,0.00025569007886850514,0.05131292745119234
0.0694599435597924,0.9053731026775548,0.0250953499205888,0.0,7.160384215822426e-05,2021-06-25,0.21684123338168504,0.46545707903596106,0.261402866452247,9.053914265485529e-05,0.05620828198754614
0.0213308542644695,4.606257372267258e-09,0.9771624245464364,0.0,0.0015067165831733,2021-06-28,0.20812355516756673,0.42767751860484055,0.301207685749674,3.0583257628382266e-05,0.06296065722062676
0.0148955608484228,0.5836780238087748,0.4008419655560964,0.0,0.0005844497870804,2021-06-29,0.21274058078658026,0.4477806928836269,0.2791660540840595,2.0481172388124428e-05,0.06029219107371956
0.0122478951685734,0.8319418563872348,0.155705639237271,0.0,0.0001046092066581,2021-06-30,0.21472048491972223,0.45635945598094746,0.26980457166531513,1.6136969119379885e-05,0.059099350464633105
0.0635294345575168,2.5407849767605185e-05,0.9341476317141132,0.0,0.0022975258787033,2021-07-01,0.20912955017387636,0.432306800585771,0.2969257719093534,8.698674696921158e-05,0.06155089058413076
0.082056664569056,0.8718687048559334,0.0458852957490926,0.0,0.000189334825716,2021-07-02,0.2168933267664878,0.4656777016964758,0.26146980632417893,0.00010715468464309783,0.055852010528012294
0.1633306572024954,0.8292091676785589,0.0071312280761293,0.0,0.0003289470432401,2021-07-05,0.21870718846402923,0.47336483686920583,0.25525311786968896,0.0002131976185853361,0.052461659178914335
0.030503584548187,0.8875532364351864,0.0817794576208798,0.0,0.0001637213956615,2021-07-06,0.2156424092458408,0.46038648419407274,0.2658432761809062,4.000818185766569e-05,0.05808782219723721
0.1874807056827023,0.7609795108651016,0.0513567755033977,0.0,0.0001830079489016,2021-07-07,0.21883334130480697,0.4737221782173416,0.2556334940414261,0.00024435678508396316,0.05156662965144452
1.6393710379849176e-06,3.7938015832212776e-08,0.9979764658503498,0.0,0.002021856840982,2021-07-08,0.20747220142105352,0.42515172352298247,0.3031369743502908,3.786588176532006e-06,0.0642353141178822
0.0278899663313064,0.8346068253973896,0.1372639428452692,0.0,0.0002392654263717,2021-07-09,0.21513928646665634,0.4582016462656874,0.2681537953218903,3.6747846043424906e-05,0.05846852410005943
0.1224848846713191,0.5837951904003289,0.2928295880830053,0.0,0.0008903368451315,2021-07-12,0.21557318062067485,0.4599338009579295,0.26868524462985854,0.00016108587501146337,0.055646687916310326
0.1224765067517161,0.86835617563402,0.0087741400650006,0.0,0.0003931775490674,2021-07-13,0.2179152940050338,0.4700995406282605,0.2576490531045478,0.00016014440207469952,0.05417596785988738
0.0673257150881481,0.9051252483534952,0.0274331035180319,0.0,0.0001159330405802,2021-07-14,0.2167752133632252,0.4651970478312295,0.2616074876453163,8.7844326259065e-05,0.05633240683422526
0.2210401641632849,0.7495311212085738,0.0291260970363879,0.0,0.0003026175916213,2021-07-15,0.21962170815625887,0.47710182660199685,0.25280869737080475,0.00028825975171994667,0.05017950811908738
0.0489624818043064,0.8858950253419136,0.0650039827343867,0.0,0.0001385101195685,2021-07-16,0.21612717843969012,0.46242803363637713,0.2641308640445349,6.398604414642276e-05,0.05724993783542653
0.0002617787977329,0.9212061215809846,0.0751497091335052,0.0,0.0033823904877459,2021-07-19,0.21459782500923727,0.4574886781308826,0.2666206124883961,6.6717792852885675e-06,0.061286212592167266
0.0006145816451267,0.4346353743996947,0.5635524445767026,0.0,0.0011975993788427,2021-07-20,0.21107640991646412,0.44076300648473843,0.286236578079992,3.041537209346327e-06,0.06192096398196271
0.9959113953584318,4.245406883344747e-07,1.7624483579431265e-05,0.0,0.0040705556177342,2021-07-22,0.23380611011039298,0.5377691327303306,0.206363642374,0.0013038408466642037,0.020757273939045768
0.0469256420017748,0.9255079109429318,0.0274829356321275,0.0,8.351142317805136e-05,2021-07-23,0.2163965144919931,0.46360923404314397,0.2627876412348058,6.123206416494059e-05,0.05714537816590432
0.017196850497595,0.8837320510563429,0.099001643488248,0.0,6.94549577861425e-05,2021-07-26,0.21527059573939616,0.45876022631967944,0.26730336760160955,2.251244750287125e-05,0.058643297891783894
0.001040409119922,6.968731213876698e-06,0.9971661762744692,0.0,0.0017864458746457,2021-07-27,0.20753684881795129,0.42531782907969945,0.30309665225226684,4.697956280275229e-06,0.06404397189405277
2.6580360346535444e-05,0.9679470975746352,0.0244180746390194,0.0,0.0076082474264458,2021-07-28,0.21430307624174927,0.45825434284217664,0.2637263480583123,1.4275497886765673e-05,0.06370195736032186
0.1091468769112331,0.8618146203249172,0.0287910515478571,0.0,0.0002474512156403,2021-07-29,0.21752926041725731,0.46838494411913,0.25923127804642265,0.00014252254668306488,0.05471199487015457
0.0203083400825421,0.916844222018602,0.0627251943213244,0.0,0.0001222435771887,2021-07-30,0.21560913886761346,0.4602738559576248,0.26569001265901077,2.666099383206692e-05,0.058400331521576136
0.1097697799086463,0.8756589939921263,0.0142348683557018,0.0,0.0003363577437214,2021-08-02,0.217642215348317,0.4689272286595973,0.2586051216162335,0.00014349969456349814,0.05468193468148443
0.9982942152798664,1.2635935365411383e-27,1.7667363769970464e-12,0.0,0.0017057847183332,2021-08-03,0.23423945632903462,0.5385213480131038,0.20673950927049378,0.0013025158784064953,0.019197170508927348
0.5654061496757505,0.4312119741976903,0.0030781432426491,0.0,0.0003037328842691,2021-08-04,0.22630469275155427,0.5049273162254349,0.23201657578098525,0.0007364690430496009,0.03601494619933482
0.0376367338648431,0.9296646547732406,0.0326051755154852,0.0,9.343584622960802e-05,2021-08-05,0.21617944012967547,0.4626999611648711,0.2635197247527756,4.916072527921943e-05,0.057551713227197
0.0371164885626021,0.3686032769667823,0.593416060577186,0.0,0.0008641738933315,2021-08-06,0.2115799325738508,0.4426382002971919,0.28538506493030225,4.992624923123093e-05,0.06034687594932557
0.0301161891066107,0.9276142922702167,0.0420625721379481,0.0,0.0002069464848286,2021-08-09,0.2159441061455653,0.461750736005815,0.2642978852850645,3.958487745800178e-05,0.05796768768570134
0.0241866200872566,0.9396029415918172,0.0359100476054286,0.0,0.0003003907154477,2021-08-10,0.21586621593421657,0.4614827567927024,0.2643766268132928,3.204219354217942e-05,0.058242358266196156
0.0061876420867546,0.9635996072593166,0.0300574296642721,0.0,0.0001553209895842,2021-08-11,0.21559814559307486,0.4603182485126639,0.26521181259657306,8.344208864569937e-06,0.058863449088751026
0.7232545960557846,0.2149619886519738,0.06108630832831,0.0,0.0006971069641632,2021-08-12,0.22874680437059017,0.5151136899543457,0.225145048062025,0.0009426519201711842,0.030051805693099325
0.9992401165313756,3.338225152654518e-22,8.315099996174048e-07,0.0,0.0007590519588602,2021-08-13,0.23441273159624432,0.538821587865444,0.20689075909066965,0.0013019749421309499,0.018572946505746285
0.0610902985533668,0.9128843645526764,0.0259908921778296,0.0,3.4444716414413264e-05,2021-08-16,0.21668281666324973,0.46478038907986563,0.2619265667830401,7.957613478236378e-05,0.05653065133934936
0.18220254219672,0.7415887815044816,0.0759991745474475,0.0,0.0002095017514493,2021-08-17,0.2185336198733133,0.4724318313047331,0.2568975769469521,0.0002375366176867173,0.051899435257413216
0.012458203782415,1.4828928859898084e-09,0.9862487253775704,0.0,0.0012930693566805,2021-08-18,0.20791948120962167,0.4267140083918754,0.30211993152171857,1.863522096735173e-05,0.06322794365537564
0.0019715321589863,0.4863884411034532,0.5103771608179849,0.0,0.0012628659199548,2021-08-20,0.2115143962349396,0.4427343154511556,0.2840582348873158,4.929830977738209e-06,0.06168812359599041
0.3209094259466476,0.5604257805944389,0.1141586244094917,0.0,0.0045061690498661,2021-08-23,0.22013264621427803,0.480891511504703,0.24949887221822092,0.0004261119981721312,0.04905085806507013
0.1883129934994726,0.8099534390344827,0.0012984209648296,0.0,0.0004351465010452,2021-08-24,0.21920596320844773,0.47549756360605916,0.2535669937453292,0.00024591198943743305,0.05148356745055646
0.0565073975078894,0.8830364603525834,0.0603289504059806,0.0,0.000127191733632,2021-08-25,0.21630812659682716,0.46318556785309817,0.26351675074933334,7.378489237454168e-05,0.05691576990845216
0.0717441666665086,0.8461597254188363,0.081903682499351,0.0,0.000192425415121,2021-08-26,0.21641224328598163,0.46359724358663357,0.26347431304850855,9.373830809067898e-05,0.056422461770602415
0.071600357627867,0.9173479258822652,0.0109266352964577,0.0,0.0001250811936998,2021-08-27,0.2169854607724463,0.46611268854472265,0.2607124833241724,9.342508140617792e-05,0.05609594227754216
0.9991352959857102,2.543526262847205e-23,2.1578665047447475e-09,0.0,0.0008647018560881,2021-08-30,0.23439341479201917,0.5387881664340262,0.2068738093021149,0.0013020362661536745,0.018642573205350555
0.999672289080648,9.540257983357616e-26,3.727596264595976e-09,0.0,0.0003277071921549,2021-08-31,0.2344917105398415,0.5389585183181119,0.2069595540241225,0.001301730054432434,0.01828848706389039
0.0164823308589048,0.0002647283892516,0.9829350822369356,0.0,0.0003178585147034,2021-09-01,0.2081816982157574,0.4273787896373887,0.3019706040376658,2.2047424085993615e-05,0.062446860684897354
0.9988101456879492,3.885938246954687e-12,1.828167053786044e-05,0.0,0.001171572637535,2021-09-02,0.23433675348993752,0.5386887423977912,0.20682657633649745,0.0013021874610490193,0.018845740314632473
0.1846634924150973,0.8062380048954461,0.0090139760105099,0.0,8.452667889789834e-05,2021-09-03,0.21913351723421823,0.4750233605519893,0.25415533549478286,0.00024050572588058653,0.0514472809930801
0.0910293815482247,0.8720228542222986,0.0367973218491862,0.0,0.0001504423799016,2021-09-06,0.21714077362909665,0.4667094725112323,0.26060657258384295,0.00011876026555438673,0.055424421009884796
0.0132935711033377,0.9309008557561969,0.0556619946892868,0.0,0.0001435784512597,2021-09-07,0.21552993218592129,0.4599705467883451,0.26581097959893996,1.7570903042709796e-05,0.058670970523832036
0.025884265808591,0.8979795429152019,0.0760182097003404,0.0,0.0001179815758479,2021-09-08,0.21560890459920395,0.46024031082691447,0.26589236275309597,3.391032450236136e-05,0.05822451149626442
0.32261351121784,0.3369559454004183,0.3392881033478072,0.0,0.0011424400341848,2021-09-09,0.2189254981966689,0.47386572161592777,0.25896395835138,0.0004220338058964917,0.04782278803037697
0.0443572262460453,0.8661095251127838,0.0893714047771416,0.0,0.0001618438640466,2021-09-13,0.21584281855472154,0.4612007412123334,0.2653462131522438,5.803578057352914e-05,0.05755219130014495
0.085831243857718,0.8397814061526555,0.0742580972094302,0.0,0.000129252779757,2021-09-14,0.2167483754732991,0.46498337152008234,0.26237932723852997,0.00011195500274152068,0.05577697076490772
0.9985370741676352,2.564498938079282e-19,8.459677484474746e-05,0.0,0.0013783290573431,2021-09-15,0.23429713231661892,0.538615625880278,0.20679997144858311,0.0013022190474913087,0.0189850513068514
0.9775724095190552,0.0084263827705016,0.0134113870124141,0.0,0.0005898206979633,2021-09-16,0.23392633514794592,0.5366948577348644,0.20869757935692057,0.001273456723309235,0.019407771036893888
0.0041997753539894,0.0410199983840535,0.944277122514917,0.0,0.0105031037473805,2021-09-17,0.2065855233447278,0.42535124075313613,0.29894797992204875,2.512560162237644e-05,0.06909013037880518
1.9606478032699654e-07,0.7985671405908703,0.1497496513932111,0.0,0.0516830119508313,2021-09-20,0.206066183744379,0.44328059608030385,0.2590771583732999,9.673905555199509e-05,0.09147932274615819
0.4917443052226907,0.465434205061242,8.053005295043523e-05,0.0,0.0427409596630192,2021-09-21,0.21797331515918753,0.4891313909404853,0.2269154009052919,0.0007200277720603972,0.06525986522287702
0.036878911253487,0.9006549821835915,0.0623106127050311,0.0,0.0001554938574427,2021-09-22,0.21591858992390384,0.46157518464100233,0.2647152188540293,4.8290544849819274e-05,0.05774271603576701
0.997014797302708,2.6747070812798027e-16,3.639875791317429e-10,0.0,0.0029852023331686,2021-09-23,0.2340052615065857,0.5381154753566273,0.2065352184236577,0.0013032454383637606,0.020040799274629602
0.0408130053002504,0.9330563601336328,0.0260956436045823,0.0,3.4990961680466294e-05,2021-09-24,0.21630057488896623,0.46319234238367013,0.2630946695156208,5.3185384257376027e-05,0.05735922782763135
0.0926640360619909,0.5456743335455475,0.3586034228820243,0.0,0.0030582075104722,2021-09-27,0.21413288469808783,0.4547590972688973,0.27250719969772524,0.00012633051155745725,0.05847448782376698
7.983814759153101e-07,0.0010943583524964,0.8408480479375069,0.0,0.158056795328718,2021-09-28,0.1830950569017205,0.39340082382389024,0.2630994962300138,0.00029584727936290663,0.16010877576520963
0.0029634642724782,0.909763802477182,0.086852854401123,0.0,0.000419878848979,2021-09-29,0.21504206403310747,0.4579941448975618,0.26756778499815553,4.642994103380585e-06,0.059391363076833965
0.0041275744327702,0.0014392874689726,0.9932076811316208,0.0,0.0012254569670893,2021-09-30,0.20771854507729892,0.4258331749763767,0.30288589416387374,7.665992099133144e-06,0.06355471979080428
0.0165463851309774,0.849751047171734,0.133253867432374,0.0,0.0004487002645689,2021-10-01,0.21492348370584533,0.45740716874094633,0.2686022300133478,2.237569937536056e-05,0.05904474184013942
0.3608854594833121,0.6378734833805709,0.0006092134458068,0.0,0.0006318436900582,2021-10-04,0.2224244005587698,0.48895753735448577,0.2435899354799617,0.0004708906797797472,0.0445572359267509
0.9988879684045098,2.1511352202277254e-21,7.29738051595331e-05,0.0,0.0010390577899344,2021-10-05,0.2343595463094563,0.5387245728863583,0.20685302127040417,0.0013020407131311771,0.01876081882025339
3.029787991110716e-09,4.431173147247715e-37,0.9986638113662468,0.0,0.0013361856038595,2021-10-06,0.20757931706136826,0.4252912305183795,0.3033128841311557,2.5010383743191526e-06,0.06381406725061639
0.1300026727919658,0.8624603162629899,0.0070257605986392,0.0,0.0005112503467917,2021-10-07,0.21805134663922324,0.4707211512524816,0.25712275135302237,0.00017016103756504038,0.05393458971809437
0.1319313628660003,0.8515835931494481,0.0162124432362241,0.0,0.0002726007485754,2021-10-08,0.21805370155680645,0.4706039484927192,0.2574242623660791,0.00017222461342919935,0.053745862971213865
0.0336879209538982,0.9512123703525984,0.0147395608876708,0.0,0.0003601478062405,2021-10-11,0.21620355745548825,0.4629596157464964,0.2629875881028118,4.452039862641296e-05,0.05780471829698497
0.2467877548015989,0.6679540952689129,0.0847752225440409,0.0,0.0004829273855373,2021-10-12,0.21963340608737894,0.47710190067350594,0.25347472700933704,0.0003221088517811837,0.04946785737808682
0.2443570815771863,0.7545505209802877,0.0006581063969419,0.0,0.000434291045719,2021-10-13,0.22026511944361415,0.4798989923142351,0.2503245881543472,0.00031885418947007687,0.04919244589846836
0.7211371334156732,0.2746036124022765,0.0023329337686293,0.0,0.0019263204134886,2021-10-14,0.22897267625935053,0.5167325532711701,0.22269464456931193,0.0009421967580659704,0.030657929142168756
0.0830632247515054,0.9097442697176686,0.0071046051612692,0.0,8.790036913140267e-05,2021-10-18,0.21723754597976372,0.4671523335678973,0.2599125228863228,0.00010827490404754685,0.05558932266154318
0.0012918148932781,4.28686111482164e-24,0.9961501086052162,0.0,0.0025580765016814,2021-10-19,0.20742292801976245,0.4251889100429281,0.3028748458068441,6.46948814166476e-06,0.06450684664249921
6.357554976656812e-07,5.545791730353992e-15,0.9974136034197224,0.0,0.0025857608248985,2021-10-20,0.20738404484754355,0.42503672225464917,0.3029925338676288,4.840781459535513e-06,0.06458185824884287
3.400730671419425e-06,8.319453181252173e-14,0.9472900376367114,0.0,0.0527065616321041,2021-10-21,0.19955101819508123,0.4148257601620475,0.29014538344420826,9.865907791427458e-05,0.09537917912031868
0.0003097755721295,0.3947332001921694,0.5672689001365393,0.0,0.0376881240988876,2021-10-22,0.20504779551269575,0.43188266914854945,0.27847836009950394,7.094675129432819e-05,0.08452022848768223
0.0023741670357641,0.9578253874355248,0.0347459307525453,0.0,0.0050545147763916,2021-10-25,0.21468446241712302,0.4586830500203675,0.2645511517217429,1.2550978775863012e-05,0.06206878486221647
0.9672623848741636,0.0283853349705011,0.0011722393490229,0.0,0.0031800408059882,2021-10-26,0.2334044317401668,0.5357029477873139,0.20824698790610527,0.0012648860816869808,0.02138074648440255
0.0088384658351094,0.5770636512133798,0.4135677465248916,0.0,0.0005301364265536,2021-10-27,0.2125343201526566,0.44687032243089286,0.2800248619348754,1.2495939402082642e-05,0.060557999542107284
1.2017109050763698e-25,1.8186983280941028e-108,0.9500386511029169,0.0,0.0499613488969151,2021-10-28,0.19997996117979003,0.41538466541954344,0.29084936062430783,9.351624014315587e-05,0.09369249653604733
6.13319568566657e-09,1.754629690937031e-07,0.9598282460040876,0.0,0.0401715724001452,2021-10-29,0.20150995235421862,0.41737917574880584,0.29335865294424696,7.51920212977782e-05,0.08767702693182822
0.9665240408480034,4.971548901812549e-06,1.367015894432283e-08,0.0,0.0334709739332535,2021-11-01,0.22842480868376583,0.5284440134500329,0.20166769254234962,0.0013206228071590033,0.04014286251700993
0.0182974841431201,0.6167543878308988,0.3644632587450356,0.0,0.0004848692807767,2021-11-02,0.21311042491021998,0.4493570625757408,0.2775650904681618,2.4722530513705372e-05,0.059942699515194806
0.0031595957944106,0.0210494874960907,0.9717347759158363,0.0,0.0040561407935832,2021-11-03,0.20740631179907396,0.42584025169834744,0.3014845023817168,1.1704520038226015e-05,0.0652572296007443
0.093212385266683,0.8655577173623126,0.0406864691785557,0.0,0.0005434281921906,2021-11-04,0.21708632910617098,0.4666484941946544,0.2605485224066795,0.00012233711891196974,0.05559431717332504
0.0196947323888577,0.973638821063885,0.0001389186419738,0.0,0.0065275279055088,2021-11-08,0.2150436623340769,0.46090816329153766,0.26187924902544046,3.785158700423573e-05,0.06213107376216605
0.0197878770529454,0.9104217129200414,0.0696341682374485,0.0,0.0001562417900055,2021-11-09,0.21553878338294055,0.45998068235092743,0.2659835776246919,2.6047225612982797e-05,0.058470909416267904
0.0093247719750195,0.9101135258593288,0.0804909998212753,0.0,7.070234482798953e-05,2021-11-10,0.2152696693158293,0.4587996562897065,0.26702878535626734,1.2268932124288202e-05,0.05888962010652412
0.0004780536388294,0.080519213482945,0.9174691531422096,0.0,0.0015335797358567,2021-11-11,0.2082020628206023,0.42815337361119293,0.30005700653955175,3.4927186443068e-06,0.0635840643098492
0.994083719325035,0.0002310011094359,1.147354577146438e-06,0.0,0.0056841322112776,2021-11-12,0.23350685312059616,0.5372411098932168,0.20611763959380752,0.001304482294408867,0.021829915098296005
0.0195872771513932,0.9387948940086092,0.0415938223073266,0.0,2.4006532354517927e-05,2021-11-15,0.2157798849760136,0.4609884625184112,0.2649236685745867,2.553862196079633e-05,0.05828244530871103
0.00054992732307,7.638128542044738e-09,0.9982718232649724,0.0,0.0011782417739932,2021-11-16,0.20761871921217454,0.42538582507527944,0.30330022113585503,2.9211537992899575e-06,0.06369231342305572
0.0016531746427862,0.8547246860692949,0.1422801280018942,0.0,0.0013420112856172,2021-11-17,0.21442485986859322,0.4557107327202681,0.26961745468709875,4.663616977640018e-06,0.06024228910665476
2.34540800837682e-06,0.0043407474198158,0.8650970337855944,0.0,0.1305598733870042,2021-11-18,0.18741827494510033,0.3991178681935943,0.27001994516530853,0.0002443813319054707,0.14319953036451402
2.381402766464105e-34,2.5395975489352934e-101,0.0029576176723824,0.0,0.9970423823273734,2021-11-22,0.05196594420783101,0.22243272550929066,0.048095070439057086,0.0018662357385708622,0.6756400241050058
0.0069155415768108,1.2796665088585608e-20,1.3162505424121775e-05,0.0,0.9930712959178192,2021-11-23,0.052771647649347546,0.2240266752379925,0.04844459083841963,0.0018678036473704861,0.6728892826269235
6.313518014487312e-05,0.0001080393805978,0.3489653473698537,0.0,0.6508634780694761,2021-11-24,0.10607086556185859,0.2929718817733019,0.13681675106546518,0.001218350027403329,0.46292215157204314
0.2792604702111323,0.0061209622406203,0.0024307220969783,0.0,0.7121878454512403,2021-11-25,0.10400698811508748,0.3123793781357086,0.09387967162962743,0.0016965226346788427,0.48803743948486844
1.7437055432700338e-39,1.0786597650406108e-111,0.0014985980037559,0.0,0.9985014019960262,2021-11-26,0.05173792215441602,0.2221354746242176,0.04772109685969014,0.0018689666903309687,0.6765365396711269
1.150587874122136e-11,0.0001665810635555,2.36583043772858e-08,0.0,0.9998333952665622,2021-11-29,0.05153107806164065,0.22186999550075034,0.04737314685982294,0.001871459877685892,0.6773543197000277
2.3174357030796207e-12,0.0049807147118155,9.88847500210502e-06,0.0,0.9950093968106958,2021-11-30,0.05232330651625311,0.22302308863979792,0.04842074924708026,0.0018624304537690696,0.67437042514293
0.1491046298292,0.8299076336881502,8.290037349306292e-05,0.0,0.0209048361094036,2021-12-01,0.2151163170061328,0.46758290890797033,0.2513265884585341,0.0002331951968625184,0.06574099043074705
0.9931774798006456,8.910105754669685e-40,3.352396951407452e-12,0.0,0.0068225201961154,2021-12-02,0.23330284822459163,0.5368981541581312,0.20592249503648088,0.001305433586966837,0.022571068993942508
3.418640397856504e-12,1.7422690011328173e-37,0.9849724841678688,0.0,0.0150275158284299,2021-12-03,0.20543957527640955,0.4225018503503514,0.2998035446384534,2.8128079209558775e-05,0.07222690165529325
2.3719450693179598e-21,4.475350744930983e-124,0.76482778705135,0.0,0.235172212948852,2021-12-06,0.1710343873509042,0.3776510457506155,0.24337640926072676,0.00044018869839761615,0.20749796893955771
0.7526436450276355,0.0004950901398495,3.3883230445416993e-09,0.0,0.2468612614441994,2021-12-07,0.18935493064369832,0.46071142746827315,0.16762275589414494,0.0014416661405033033,0.18086921985338736
0.9418423389469124,1.962785666346484e-26,4.686028701676814e-12,0.0,0.058157661048826,2021-12-08,0.22390605427783566,0.5206129884440079,0.19772556146970216,0.0013347063489948898,0.056420689459883426
0.0380476912801544,0.9441991564936284,0.0172258018984334,0.0,0.0005273503276079,2021-12-09,0.21623829556193222,0.4631723114763261,0.2627985431960896,5.050779296177677e-05,0.057740341972514375
0.0175900416435205,0.9117063184214124,0.0704808758628252,0.0,0.0002227640726137,2021-12-10,0.21547978845336263,0.4597631160429266,0.2661285331698459,2.3311162427846703e-05,0.05860525117180869
2.374955875514478e-09,5.634120831166387e-73,0.9487483189914064,0.0,0.0512516786339272,2021-12-13,0.19977830279939457,0.41512178255987564,0.29051862514803606,9.593144595025203e-05,0.09448535804703277
0.0047332559377727,0.8881995139448005,0.1068629034825539,0.0,0.0002043266349033,2021-12-14,0.21495150098780605,0.45747616437821037,0.26829804691043335,6.542989856062679e-06,0.059267744733724426
0.0011604081765497,0.0004681349968173,0.9949449882473584,0.0,0.0034264685795565,2021-12-15,0.20728742053810922,0.425013633854893,0.3026465937941075,7.923888360668536e-06,0.06504442792481138
0.3057045755112687,4.2601511898971895e-05,0.5868899486448086,0.0,0.1073628743323145,2021-12-16,0.1991910768445065,0.4383887408300455,0.24659026431332726,0.0005988465011539774,0.11523107151125732
7.133333155023855e-20,8.563766967129446e-104,0.4994795149433584,0.0,0.5005204850565103,2021-12-17,0.12956458459387515,0.323590767856885,0.17536276610481952,0.0009368600910613843,0.3705450213532273
5.558369877645058e-28,2.1273827292336158e-16,8.518617805208717e-05,0.0,0.99991481382188,2021-12-20,0.05151702789662169,0.22184751557530477,0.047358813409414974,0.001871612274620545,0.6774050308439699
0.0058968949641931,0.8309628351984193,1.0554599584034422e-05,0.0,0.1631297152376304,2021-12-21,0.18906443283151927,0.42239035195618463,0.2286704318305773,0.000313016651767441,0.1595617667297781
0.9669641718129438,0.015866718001945,8.730752243724179e-05,0.0,0.017081802662332,2021-12-22,0.23112419392111597,0.5323940445167673,0.2052036849225122,0.0012905188692599113,0.0299875577700023
0.0908669476262653,0.8999426649988256,0.0089210531480621,0.0,0.0002693342264356,2021-12-23,0.21734004133884197,0.4676543850542596,0.25949639402172187,0.00011877138918574638,0.05539040819557934
0.0003603355022107,7.949229037757445e-07,0.975589352730984,0.0,0.0240495168436003,2021-12-24,0.2040392271992721,0.42070469419742335,0.2974561845516225,4.5484197815981145e-05,0.07775440985356472
0.771115836403111,0.0022331576348263,0.0190049519073471,0.0,0.2076460540545777,2021-12-27,0.1959918705508413,0.4708589249429434,0.1758209266663243,0.0013923065790853765,0.15593597126066744
0.4408173570239714,0.5464830236622918,0.0038625079443745,0.0,0.0088371113690146,2021-12-28,0.22255398834997342,0.4931254084456652,0.23734747921353733,0.0005902838848177263,0.04638284010565863
0.0382470248637146,0.8815391282422308,0.0800380214028648,0.0,0.0001758254910423,2021-12-29,0.2157998971028933,0.4610501619282387,0.2653277773723302,5.010925998099369e-05,0.05777205433640923
0.0387477337475644,0.8729749850572879,0.0881709301338785,0.0,0.0001063510614113,2021-12-30,0.21575599907177323,0.4608182179428886,0.26563319927889095,5.0630913946684475e-05,0.057741952792642624
0.9989546731473316,2.308493475890936e-05,0.0003043249979142,0.0,0.0007179169199482,2021-12-31,0.23441170460080502,0.5387983874504528,0.206927983291822,0.0013015264298352593,0.018560398227037405
0.9989534106363198,3.92377715659645e-69,1.941274847331355e-16,0.0,0.001046589364101,2022-01-03,0.23436012070862752,0.538730466083615,0.20684476622377393,0.0013021399864099725,0.018762506997994328
0.9916521305843596,0.006721331070692,2.2872587428071423e-05,0.0,0.0016036657574294,2022-01-04,0.23413114092088233,0.5380260277578816,0.20714389459129548,0.0012936797749115983,0.019405256954937822
0.9099808857118498,0.0861749279873474,0.0029308833812037,0.0,0.0009133029198834,2022-01-05,0.23268554153616358,0.5317074791194984,0.21209656858705256,0.001186088920585005,0.022324321836984493
0.0004342211037927,0.9483862278246528,0.0501579027464634,0.0,0.0010216483253995,2022-01-06,0.21518769654197684,0.4589506182078259,0.2661426676074282,2.4774499682050567e-06,0.05971654019310924
0.0209399754774831,0.970089373134523,0.0086382258868221,0.0,0.0003324255010255,2022-01-07,0.21601693970558233,0.4621860958244337,0.26348608171024057,2.7876507161602193e-05,0.058283006252435585
0.99136946233515,0.0064491475313139,0.0002101853953916,0.0,0.0019712047384503,2022-01-10,0.2340639689594509,0.5379094376688417,0.2070876844537968,0.0012939998190484776,0.01964490909916763
0.1233525936951041,0.8479552461587161,0.028623695835552,0.0,6.846431070469292e-05,2022-01-11,0.21782713084519956,0.4695435152065718,0.25844802264886796,0.0001606768780129679,0.05402065442142458
0.1395324829312249,0.8572012953055224,0.0028637346477386,0.0,0.0004024871150756,2022-01-12,0.21828154304139913,0.4716389136245966,0.25643596703984495,0.00018236091712439692,0.05346121537659639
0.0946505084782328,0.85508356312198,0.0500869135916695,0.0,0.0001790148085222,2022-01-13,0.21709841342085753,0.46651547438733476,0.2609138847468868,0.00012352679971891343,0.05534870064560638
0.0208649481244241,0.8999767904207924,0.0790493382693706,0.0,0.0001089231853565,2022-01-14,0.21549188031947258,0.45974311468997003,0.26630140920511586,2.7360510506416863e-05,0.05843623527487863
0.6342364308849442,0.0290027690017295,0.3357534891588169,0.0,0.0010073109547744,2022-01-17,0.22483595097587666,0.49836932467887146,0.24096446568472324,0.0008273715644499485,0.03500288709634348
2.8072556779218617e-10,3.3126976203178923e-46,0.9991158534220974,0.0,0.0008841462974764,2022-01-18,0.20764996369201943,0.425383325664056,0.3034287503863328,1.6549204046068256e-06,0.06353630533748639
2.1617279620906643e-08,2.4481623194276315e-26,0.9979262206779462,0.0,0.0020737577044363,2022-01-19,0.207464046525413,0.42514096463332945,0.30312382903789425,3.881629168791993e-06,0.06426727817385648
1.3539309541044264e-08,5.950969519041346e-08,0.9589244229335284,0.0,0.0410755040171198,2022-01-20,0.20136868119434945,0.4171950115205096,0.29312696247654035,7.688398457796675e-05,0.08823246082367556
9.021557448660598e-06,0.6925892124807123,0.1523898808074551,0.0,0.1550118851543163,2022-01-21,0.1890743154444739,0.4184814476143215,0.2367491401193386,0.0002901586054159532,0.15540493821638227
1.7647533222285415e-53,6.167967580345885e-131,5.724992113464629e-06,0.0,0.9999942750082652,2022-01-24,0.05150460935070299,0.22183132668613956,0.04733844604581149,0.0018717610078223524,0.6774538569099019
2.8672498486686036e-10,1.875081308632539e-27,8.685993311518135e-15,0.0,0.9999999997135092,2022-01-25,0.051503714676067694,0.22183016040556044,0.047336978670801604,0.0018717717235369395,0.6774573745242757
4.3735329751554017e-11,0.0126721260492493,0.0005886747766769,0.0,0.9867391991304048,2022-01-27,0.05367702066226745,0.2249800614805941,0.050238789107849305,0.0018469505316555986,0.6692571782176994
4.8059051564226056e-05,0.1982436894901198,0.0054712947882997,0.0,0.796236956669569,2022-01-28,0.0849276864572714,0.2703611453783306,0.09178268057841703,0.0014904363717903847,0.5514380512137429
0.0118026385002066,0.3756426893612626,7.41012052855477e-06,0.0,0.6125472620183818,2022-01-31,0.11536192500065066,0.3153938877107006,0.13076967310240858,0.0011619102882550903,0.4373126038983644
2.2336924724295517e-06,0.0066462473716751,1.873701868110818e-11,0.0,0.9933515189170324,2022-02-01,0.05259572170694758,0.22342001979122272,0.04878013266314001,0.001859330192050576,0.6733447956465557
0.6550098143139882,0.2599626212751358,0.0003119553454026,0.0,0.0847156090656043,2022-02-02,0.2141476792540964,0.49184235601916787,0.2084394250328368,0.0010110918456550265,0.0845594478483745
6.307466856542469e-11,7.510049153395086e-32,0.9857642403006844,0.0,0.0142357596363363,2022-02-03,0.20556331444117376,0.4226631574554172,0.3000064863089921,2.664609243477849e-05,0.07174039570207742
0.0060918595161666,0.6344105270714573,0.3477124300431484,0.0,0.0117851833695767,2022-02-04,0.2111582098392725,0.44629401335047303,0.27515548740726037,2.9987991265369e-05,0.06736230141207765
1.6914035531230178e-20,4.573837303352515e-25,0.2506546987115228,0.0,0.7493453012884355,2022-02-07,0.0906771406764593,0.2728968680795717,0.11158438863479894,0.0014026033462391507,0.5234389992628888
0.0008722667603721,0.9247042576067976,0.0019601891655638,0.0,0.0724632864676586,2022-02-08,0.2038457350007838,0.4436076243132232,0.24871766297605644,0.0001367700234794891,0.1036922076868492
0.9874232929267338,0.0006574303009499,5.794115598987964e-05,0.0,0.0118613356159903,2022-02-09,0.23236658941469232,0.5352417395230683,0.20516126513270586,0.001307375776443539,0.02592303015275357
0.0236118902586966,0.96980867437576,0.0002012651076227,0.0,0.0063781702582708,2022-02-10,0.21514135998364928,0.4612477072487438,0.2616892358435771,4.267037373812315e-05,0.061879026550641696
5.525584961631777e-06,0.327003478296168,0.2351071715711299,0.0,0.4378838245480503,2022-02-11,0.14195627917578918,0.3479192335778357,0.178587544310181,0.0008196257528421372,0.3307173171836616
8.569898513413564e-34,8.495377856823352e-58,4.257075686207577e-06,0.0,0.999995742924478,2022-02-14,0.0515043799382137,0.22183102762264095,0.04733806979181908,0.0018717637554264124,0.6774547588920636
8.194401694356523e-05,4.672817681089817e-143,3.729600239849452e-55,0.0,0.9999180559832112,2022-02-15,0.05151871431052866,0.22185615560500052,0.047350063027858894,0.0018717249968837684,0.6774033420598824
0.0006879559952396,0.927589718054862,0.0389095014487601,0.0,0.0328128245008059,2022-02-16,0.21006051547135066,0.4517668881095828,0.25878541035807046,6.231352151685188e-05,0.07932487253914683
0.0157163682892794,0.7274334374599871,0.253717990409807,0.0,0.0031322038405147,2022-02-17,0.2135084318593493,0.4524396631715212,0.2727936091430572,2.6318302720293776e-05,0.06123197752294017
0.007018198085467,0.9288789925016028,0.0637365977795816,0.0,0.0003662116331789,2022-02-18,0.21531109607704788,0.4591414235756962,0.2664397141334192,9.81995251315449e-06,0.05909794626115382
6.154892316691994e-06,0.9150348295018912,0.0529299604903669,0.0,0.0320290551155042,2022-02-21,0.21006484265097206,0.4514050966582049,0.259544773531831,5.995909056021752e-05,0.07892532806851081
3.946325961650017e-08,1.5655844272351355e-49,0.9159842439991864,0.0,0.0840157165375008,2022-02-22,0.19465779489022023,0.4084466613579429,0.2821205959626803,0.00015725829392442532,0.11461768949517886
0.0061942321685936,5.2084407012759154e-08,0.8636380888725675,0.0,0.1301676268747868,2022-02-23,0.18761074904213548,0.39974701723692974,0.2696923819271705,0.0002517061440296749,0.14269814565008934
1.0635081986133634e-83,1.720166667852666e-72,1.7797517688766562e-22,0.0,1.0,2022-02-24,0.0515037146235694,0.2218301603145464,0.0473369786250051,0.0018717717237,0.6774573747131787
5.006560020209612e-06,3.702902315003437e-11,6.140814907854777e-22,0.0,0.9999949934033614,2022-02-25,0.051504631070381536,0.22183174856613042,0.04733777805504181,0.001871768868748086,0.6774540734401083
5.243183273564765e-08,7.190890210649564e-53,1.1265646813364318e-15,0.0,0.9999999475685412,2022-02-28,0.05150372422113007,0.22183017694770163,0.047336986997070875,0.0018717716938025728,0.6774573401406694
2.1700753251868987e-07,0.1135872472561123,0.0063952728064393,0.0,0.880017262930293,2022-03-02,0.07115912222756078,0.25029243613148416,0.07363427149932736,0.0016471917115654672,0.603266978430439
7.15704496513747e-10,1.3118021300988115e-32,0.058205636355324,0.0,0.9417943629294044,2022-03-03,0.06060034930143916,0.2336885866446666,0.06225615401519153,0.001762824059002835,0.6416920859801324
8.597763183195901e-17,8.945647294463408e-05,8.279610835511282e-05,0.0,0.9998277474184322,2022-03-04,0.05153134694658626,0.2218684181270435,0.04737762040537065,0.0018714493061884872,0.6773511652145426
3.367017451904613e-19,5.661923393883161e-07,9.65984492558921e-10,0.0,0.9999994328419932,2022-03-07,0.051503807767563234,0.22183029589083036,0.04733710178420752,0.00187177066210968,0.6774570238956059
9.183671106436988e-05,1.5682968079202935e-54,9.547095935843121e-14,0.0,0.9999081632885594,2022-03-08,0.05152052514821805,0.221859293887208,0.047351642642823565,0.0018717193557863244,0.6773968189656828
1.966122064603833e-06,4.235356505791619e-38,7.554455914571591e-28,0.0,0.9999980338781144,2022-03-09,0.05150407451825521,0.2218307840320456,0.04733729256536087,0.0018717706025614357,0.6774560782819554
0.0192756999180705,9.818354426389562e-09,2.16866033496157e-12,0.0,0.980724290261396,2022-03-10,0.05503209421115302,0.22794503762364537,0.050414826245673484,0.0018607801512427905,0.6647472617682745
0.0309198342032683,0.6287092745539143,0.0257253140329483,0.0,0.3146455772099406,2022-03-11,0.1644449588475152,0.38720755520445155,0.19535101749658898,0.0006291881940919825,0.25236728025742367
0.686449088505421,2.150516470247111e-58,8.380595014799832e-15,0.0,0.3135509114949826,2022-03-14,0.17715683512747488,0.4395939956707195,0.1569456693215541,0.001480338867389706,0.2248231610132734
9.947963309931166e-15,4.6807547296088324e-29,0.5349164435075461,0.0,0.4650835564919903,2022-03-15,0.1351028246818648,0.33081045009050375,0.18444590274918005,0.0008705302501995519,0.3487702922277979
0.4183050353578321,5.752717242751199e-05,4.0707081770876125e-09,0.0,0.5816374333992709,2022-03-16,0.12808305633106823,0.3545437920658633,0.1141422833080718,0.0016331345719354682,0.4015977337232995
0.3840159816760345,0.1067650600614692,2.8697238072970845e-08,0.0,0.5092189295656687,2022-03-17,0.139332460948028,0.369180504086396,0.13183174107231796,0.001452954979831672,0.35820233891383657
1.6154086391658302e-09,8.815889312329526e-43,0.7519047422877475,0.0,0.2480952560969207,2022-03-21,0.1690147169959849,0.3750181917673221,0.24006399542959717,0.0004643776872488503,0.21543871811992368
0.6579945965554194,9.920110882865116e-12,2.7239739644245187e-08,0.0,0.3420053761953279,2022-03-22,0.17194830205152198,0.430567316791359,0.1524022081020642,0.0014965643795696259,0.2435856086758918
0.0003434354138992,3.9373250028885306e-11,0.9688710083725056,0.0,0.0307855561740782,2022-03-23,0.202986030517465,0.4193303924471681,0.2957312782334575,5.807052956962669e-05,0.08189422827219588
0.0235871160372439,1.220866027376914e-05,0.9723730404876976,0.0,0.0040276348146085,2022-03-24,0.20779005761511607,0.4274204388094591,0.300342996203665,3.82384632398701e-05,0.06440826890834357
0.0011049124600137,9.650033738255098e-07,0.9958012259082284,0.0,0.0030928966281869,2022-03-25,0.20733434946880597,0.42505877026631633,0.3027557866136158,7.227287742272169e-06,0.06484386636332228
0.0067256905894492,0.988228927326184,0.0033668283996592,0.0,0.0016785536850125,2022-03-28,0.21557049718082022,0.46094016392346304,0.26380307730012886,1.1895646117755136e-05,0.059674365949774946
0.1112008151127531,0.8784631601756104,0.0101084635542561,0.0,0.0002275611572173,2022-03-29,0.21771983471935663,0.46921100333717713,0.25838468961500505,0.00014515860631564948,0.054539313721982445
0.1250215238813652,0.8736008676497531,0.000708882603984,0.0,0.000668725864808,2022-03-30,0.2179820829577355,0.4705177728326407,0.25712669602672544,0.00016397261533743302,0.05420947556747121
0.0203014472480986,0.8680616169769073,0.1115291644306459,0.0,0.0001077713446722,2022-03-31,0.21522298654195066,0.4585504989723149,0.2676083193023006,2.6624933794725085e-05,0.05859157024996306
0.9958928092229096,1.4186781308706358e-48,2.5133146778827836e-11,0.0,0.0041071907517292,2022-04-01,0.2337998837996128,0.5377595444085415,0.20635606500050158,0.0013038852286139683,0.020780621562501857
0.9942171028379944,5.749173640389322e-41,4.00584262568846e-21,0.0,0.0057828971617435,2022-04-04,0.23349314912323813,0.5372279561830775,0.20608849674184812,0.0013048407642535645,0.02188555718732025
0.0020491572217391,4.1875177516446033e-07,0.99707228934121,0.0,0.0008781346854173,2022-04-05,0.20770574926999258,0.4256171425509944,0.30323223715909914,4.310734303606269e-06,0.06344056028575164
0.0011907342408872,0.8951758596284514,0.1029503463160281,0.0,0.0006830598149672,2022-04-06,0.21483739225828244,0.45722332287006817,0.26824399133435906,2.8283240911167e-06,0.05969246521353304
0.0002816542424149,0.2457011983997165,0.7492339003677876,0.0,0.0047832469898918,2022-04-07,0.20900351213202892,0.43331178284227373,0.2927623071756875,9.319731624666315e-06,0.06491307811819584
0.0579480054776063,0.9387796733470848,0.000168504084378,0.0,0.0031038170913358,2022-04-08,0.21632510686967624,0.46471436934685545,0.26042753885870973,8.123146904544651e-05,0.05845175345611806
0.0052195665930362,0.6459448756809152,0.3479638597649483,0.0,0.0008716979607754,2022-04-11,0.21293226651975772,0.44882643869348343,0.27758457862474906,8.425110955249359e-06,0.06064829105072955
0.0002881981567806,0.8452136841685367,0.1531339414836074,0.0,0.0013641761909342,2022-04-12,0.21430917221936216,0.455214873293697,0.2701168430412189,2.9285287690361887e-06,0.06035618291681181
0.0017714697048886,6.653692329743769e-05,0.9515824194419784,0.0,0.0465795739296108,2022-04-13,0.20055642029544485,0.4162770591808002,0.29154236023328267,8.949197371641753e-05,0.09153466831653094
2.18456154319152e-08,0.0618220152911837,0.0011376481301152,0.0,0.9370403147328122,2022-04-18,0.061835335548403925,0.23684389604252232,0.06104918428904404,0.0017539255935168385,0.6385176585262391
9.300514928305976e-20,8.650538912608703e-52,0.0186604610960366,0.0,0.9813395389036756,2022-04-19,0.054420054100197526,0.2256319175464458,0.05211999805838618,0.0018368436002686962,0.6659911866944136
0.323653144136147,0.5800708496850184,3.0432382449455317e-05,0.0,0.0962455737959831,2022-04-20,0.20602498010194828,0.4632074288666809,0.22494846041525143,0.0006013982896533503,0.10521773232606386
0.985828746631768,5.457329020819341e-20,3.1852049162520286e-10,0.0,0.0141712530492965,2022-04-21,0.23195767749585283,0.5345668985666192,0.20474908687122853,0.0013096240437058702,0.02741671302217828
1.6651155220756713e-05,0.8164833484975087,0.1726735419286166,0.0,0.0108264584182174,2022-04-22,0.21259445088319587,0.4522400305380946,0.2688449319157312,2.0286330932737887e-05,0.06630030033160902
1.1003002638649134e-05,0.9032121386998704,0.0847372091666492,0.0,0.012039649130683,2022-04-25,0.2130949160171273,0.4550599659258985,0.26513180750964344,2.254979568924983e-05,0.06669076075148275
0.7514214724567445,0.2324844379037137,4.814153810245338e-06,0.0,0.0160892754861252,2022-04-26,0.22723454386288466,0.515794504298236,0.21779013309413942,0.001008122952176659,0.038172695792956644
0.0002226409614855,0.9335553487780576,0.0636320848992384,0.0,0.0025899253608081,2022-04-27,0.2148189071214128,0.4580825005794061,0.26634301016543893,5.137525884378345e-06,0.06075044460744725
0.0215067031039684,0.9470659284707726,2.40968673800942e-06,0.0,0.0314249587383097,2022-04-28,0.21098959969061226,0.4551014564755763,0.2563650220882799,8.681225217692236e-05,0.07745710949314336
1.4736929350964212e-09,3.353122158178242e-31,0.9359529753765112,0.0,0.0640470231501304,2022-04-29,0.1977785896847111,0.4125149447540974,0.28723894306850944,0.0001198814088376484,0.10234764108417888
0.0045035163701296,1.7800249490054157e-17,0.8406889052580953,0.0,0.1548075783718107,2022-05-02,0.18371465835278536,0.3945351422883208,0.2635401078367553,0.00029562596887924256,0.1579144655532946
6.684794389293442e-44,8.153907983732128e-196,0.0012581926152341,0.0,0.998741807385056,2022-05-04,0.05170035053596311,0.22208649604230532,0.047659476536439496,0.0018694166743403798,0.6766842602112414
0.000232324149211,1.3597767753427703e-11,0.0033701356914736,0.0,0.9963975401455928,2022-05-05,0.05207294081917852,0.22259046989631256,0.04823790273414946,0.0018653311211233345,0.6752333554291108
3.8512019527601634e-07,0.1198037163727087,0.0006162982318615,0.0,0.8795796002754168,2022-05-06,0.07127699949623076,0.2506015086788572,0.07350254002229331,0.001646372725789442,0.6029725790770112
6.918046127978168e-07,0.6729968072898368,0.0368556908128431,0.0,0.2901468100930371,2022-05-09,0.16779868469623083,0.3902560021581888,0.2028810642250649,0.0005430894952674841,0.2385211594255777
8.446430260142219e-05,0.7900960027132757,0.062219843846241,0.0,0.1475996891381473,2022-05-10,0.19101073971136034,0.42344910126618257,0.2348161612988422,0.0002763828584936523,0.15044761486538655
3.920036515146383e-09,0.0809261092070842,0.005368996900508,0.0,0.9137048899727218,2022-05-11,0.06563433586097811,0.24227384106064828,0.06628095686021143,0.0017102469819594572,0.6241006192365528
7.966361074462127e-24,7.942139867540728e-36,0.0052529088621505,0.0,0.9947470911375804,2022-05-12,0.05232466247704405,0.22290035274717884,0.04868339579229663,0.0018619394774241499,0.6742296495057868
1.8477454614272328e-07,5.669692005896457e-17,0.0006845057199982,0.0,0.9993153095054528,2022-05-13,0.05161072603065074,0.22196967553702876,0.047512459536208265,0.0018704903798848727,0.6770366485162241
0.0004150202887262,0.5406885546924901,0.0003874901139893,0.0,0.4585089349048651,2022-05-16,0.1404444383551923,0.35132209117972985,0.1648776789460076,0.0008587642262497703,0.342497027292891
0.4127469656394197,3.370392852868507e-176,2.429045191273669e-43,0.0,0.5872530343608604,2022-05-17,0.12705621382497576,0.35276683686394944,0.11324230977084605,0.0016364116272282265,0.40529822791328024
0.0015362856517291,0.70857038789977,0.0769916923655686,0.0,0.2129016340832255,2022-05-18,0.18019510817981707,0.40742600244528826,0.22113632890546772,0.0004005028007363937,0.19084205766898366
1.5248183517837522e-19,1.5269101668633788e-08,1.978022287649434e-07,0.0,0.9999997869290608,2022-05-19,0.05150374804483745,0.22183020426445138,0.04733703264005886,0.0018717713248798408,0.6774572437261632
0.0173723441999216,7.863799381908339e-51,2.0659449810746804e-31,0.0,0.9826276558003836,2022-05-20,0.0546836871747038,0.22734122932970682,0.0501109059766148,0.0018618655173629685,0.6660023120019164
8.792352960490343e-05,0.9317625308221876,0.0482819535715121,0.0,0.019867592076734,2022-05-23,0.21210080346092552,0.4544837593076157,0.2619977851402469,3.730203333854851e-05,0.07138035005791188
0.0005197722663992,0.0079524949514665,0.9891468595435092,0.0,0.0023808732390138,2022-05-24,0.20749324835926883,0.4254186793420063,0.30268287190621374,5.132957260854509e-06,0.06440006743563888
7.966349316713975e-06,9.489172527608428e-27,0.9860852561252488,0.0,0.0139067775256368,2022-05-25,0.20561494242811623,0.4227310862306892,0.3000900405858104,2.604068148798624e-05,0.0715378900740982
0.0007631299475813,0.8245378738103014,2.4212123500600105e-06,0.0,0.1746965750294231,2022-05-26,0.18706818280223572,0.4192238584476047,0.22645385406076438,0.00032798535595465533,0.16692611933309637
0.169782948526761,0.8228314442240873,9.3168055690712e-05,0.0,0.0072924391935537,2022-05-27,0.21774083310082815,0.4724528795733432,0.2530948976206018,0.00023462962213183228,0.05647676008318777
0.9786502242294676,1.6354248645094094e-11,1.3304239180394108e-11,0.0,0.0213497757408716,2022-05-30,0.2306436634102554,0.5322896392088187,0.20360285693796842,0.001313717442541646,0.03215012300041324
0.0015570266985949,0.9209274177898766,0.0770047080956063,0.0,0.0005108474158949,2022-05-31,0.21507904988634943,0.458210858210355,0.2672423991492632,2.982727246413808e-06,0.059464710026758696
0.0003797593517897,0.886888054302203,0.1122126271303057,0.0,0.0005195592156013,2022-06-01,0.21477528292930445,0.4568714348566959,0.2686894377721565,1.4667694472017265e-06,0.05966237767229561
0.9960858457659096,2.977900727556762e-12,0.0009029767683654,0.0,0.0030111774625824,2022-06-02,0.23397633995301798,0.5380047482667404,0.20661833764149004,0.001302084987328756,0.020098489151257812
0.0043774366584956,1.51913699884619e-25,0.9878936881163088,0.0,0.0077288752252407,2022-06-03,0.20669739490943473,0.42448566123309134,0.3012512697126541,2.0164112980789277e-05,0.0675455100318841
0.0068345745000263,0.9339266330589416,0.0589397032220843,0.0,0.0002990892192328,2022-06-06,0.21535684279643033,0.45931280112071926,0.26627662633094484,9.455320649312673e-06,0.059044274431541255
0.0001820631339984,0.8474819421353658,0.1495465298860922,0.0,0.0027894648446768,2022-06-07,0.2141016328660173,0.4549926804334661,0.26967278003422823,5.4582044529622025e-06,0.06122744846196856
0.0006608041936673,0.0014501992556927,0.9311493647919806,0.0,0.066739631758452,2022-06-08,0.19738700353070218,0.4120926671886675,0.2864280187218157,0.00012578142077466605,0.10396652913783237
0.3051503449400182,1.164902020698433e-50,4.857502556296658e-07,0.0,0.6948491693101227,2022-06-09,0.10736094543433036,0.3186338104621703,0.09606195444926283,0.001697765381128299,0.47624552427350436
1.8980805036993023e-08,0.0107463926782328,0.0210095630504858,0.0,0.9682440252908596,2022-06-10,0.05655220313815304,0.2286800299028037,0.05505499454381663,0.0018123318128852363,0.6579004406027242
9.472545964096144e-19,9.586395617564457e-08,1.0833936231421073e-07,0.0,0.9999997957966325,2022-06-13,0.05150374730028564,0.22183020530842054,0.04733702720495438,0.0018717713414779108,0.6774572488448121
0.0002945500734284,0.9622867249779324,0.0219213316840061,0.0,0.0154973932650708,2022-06-14,0.21303225012953547,0.456477258524608,0.2619003957254817,2.9390952147183724e-05,0.06856070466866532
0.0042259243071892,0.8923275440553206,0.0980763080734412,0.0,0.0053702235638968,2022-06-15,0.21416342610478453,0.4565121329262297,0.26686100415457414,1.5552055625788206e-05,0.06244788475863355
1.3697266273478053e-52,0.0,5.679405861394829e-08,0.0,0.9999999432056956,2022-06-16,0.05150372349958367,0.22183017188533258,0.0473369931823554,0.0018717716173940271,0.6774573398150882
3.071576260564648e-05,0.8789003681914194,0.0237996524578792,0.0,0.0972692635877063,2022-06-17,0.1995819002389348,0.43683814470549126,0.24423782958538032,0.00018210583506027538,0.11916001963474385
0.0092064768452443,0.9661736103746636,0.006143389946452,0.0,0.0184765228339515,2022-06-20,0.2128361066526287,0.457019291317537,0.2601230126780686,4.656646024660574e-05,0.06997502289183052
0.7834771077953138,1.2652736838240432e-18,2.385946465370416e-15,0.0,0.2165228922047577,2022-06-21,0.19491761827108464,0.47037441911555533,0.17243860875918365,0.0014250107223469826,0.16084434313190285
5.417032427911365e-09,2.3102434983791632e-14,0.8275150059143066,0.0,0.1724849886686883,2022-06-22,0.18083142444518227,0.39042252114471576,0.259444297435862,0.00032285253160326737,0.16897890444268693
0.1427037575554977,0.6035460020039486,2.7311853163040456e-05,0.0,0.2537229285875374,2022-06-23,0.17675769682496814,0.4114168257393257,0.2011506770501028,0.0006606465074026921,0.2100141538783472
0.1098854784435657,0.8875645148490359,0.000584217319487,0.0,0.001965789387484,2022-06-24,0.21748540550650783,0.46902950923202075,0.25770918699535417,0.00014670020528036184,0.05562919806040942
0.9980017751858514,3.1900941497615513e-09,0.0005198795264609,0.0,0.0014783420972848,2022-06-27,0.23426717535767175,0.5385344940957404,0.20682606930498165,0.0013017095343264267,0.019070551706970765
0.1607211508608617,0.5186092704089154,0.3200364555231409,0.0,0.0006331232068813,2022-06-28,0.21611794435912512,0.46202024668688774,0.2676133836172826,0.0002103705817158758,0.054038054754787804
0.0104009449272879,0.0190994531418278,0.968710089311324,0.0,0.001789512619979,2022-06-29,0.20793883565021054,0.42705494936442284,0.3014421590206902,1.6886838174398747e-05,0.06354716912692045
0.0072919789361712,0.9159535177743904,0.0760675563647537,0.0,0.0006869469250487,2022-06-30,0.2151654318867348,0.4586499571054156,0.26683816119786524,1.0776633365409314e-05,0.059335673176982955
5.300974512845702e-06,0.9651849440072602,0.0102636930220622,0.0,0.0245460619960186,2022-07-01,0.21163340786072307,0.45470342883725134,0.2594953011399101,4.5951524219619205e-05,0.07412191063774975
0.9858859034302514,6.623083247748822e-07,0.0063420303294227,0.0,0.0077714039323782,2022-07-04,0.23295940924043465,0.5358772715850435,0.2063839361061607,0.0012977193791347782,0.023481663689603204
0.0024359759842362,0.728178903010996,0.265122062929392,0.0,0.0042630580753363,2022-07-05,0.2129821991304881,0.45072832734396273,0.2737579663951819,1.1149999518339615e-05,0.06252035713080936
0.9981073643365908,9.035964052478213e-30,6.13366855686308e-09,0.0,0.001892629529316,2022-07-06,0.2342052545992047,0.5384620741044827,0.20670967543620325,0.0013026224146674061,0.019320373445017
0.1261474528964049,0.8718992497339456,0.0017850385413798,0.0,0.0001682588281028,2022-07-07,0.21807688993337684,0.4706873373740782,0.25721292229861603,0.00016450130053288764,0.05385834909322908
0.1310424599074099,0.8568639160456026,0.0119677326569783,0.0,0.0001258913898753,2022-07-08,0.21809486246324983,0.47071972239586,0.2573406057919528,0.00017079306140650944,0.05367401628739692
0.1770126743319388,0.1574004703288899,0.6647297609910094,0.0,0.0008570943484408,2022-07-11,0.21364432982500947,0.4510471229764214,0.28015312959173566,0.00023199392601513076,0.05492342368109717
0.0003682252875587,0.3756103710867933,0.6221015332021369,0.0,0.0019198704233611,2022-07-12,0.21048719448036707,0.4385000805618377,0.28839103551083073,4.07282028749893e-06,0.06261761662652676
3.496721085461105e-05,5.6021161355885946e-30,0.9958098504013868,0.0,0.0041551823876301,2022-07-13,0.2071396875290619,0.4247208754143829,0.3025869443401412,7.823064235188575e-06,0.06554466965205012
0.0016171318776441,0.8761933522582642,0.1204535512872549,0.0,0.0017359645764778,2022-07-14,0.2145331818902985,0.4563857634819225,0.26867766138322224,5.354096392365403e-06,0.06039803914780541
0.0850573290671353,0.9120699844570668,0.0026872543476923,0.0,0.0001854321284259,2022-07-15,0.2172941814848581,0.46744105645017037,0.259603559677009,0.00011105287413149168,0.05555014951415124
0.997088414299639,1.8492333351559652e-19,8.891289869326295e-09,0.0,0.0029115768093723,2022-07-18,0.23401873828203332,0.538138830784581,0.20654697539612765,0.0013032034438912948,0.019992252093667624
0.9898731111042128,4.015850011352844e-28,0.0048400004457715,0.0,0.0052868884496933,2022-07-19,0.23345440689994623,0.5368359708574625,0.20663545143381465,0.0012982584563075068,0.021775912352146494
0.1518728892016562,0.8474125373751664,0.000425096256815,0.0,0.0002894771667413,2022-07-20,0.21855157539625117,0.4727163166609935,0.2556563645792758,0.00019821096005766863,0.05287753240380073
0.7915408367756588,0.1810712647170588,0.0263769252997569,0.0,0.0010109732072723,2022-07-21,0.23025561985796622,0.5216013943689988,0.21979484221871884,0.001032116897797959,0.02731602665626481
0.1490700122441218,0.8485023355304652,0.0022841215474079,0.0,0.0001435306778217,2022-07-22,0.21850804261683907,0.47246647502670674,0.2559218961559427,0.00019428971612642668,0.05290929648420158
0.0016997900801249,0.884078726679645,0.1140877427754216,0.0,0.0001337404651376,2022-07-25,0.21484855146021387,0.45700049051670427,0.26877097866444255,2.4626818263718022e-06,0.059377516677141993
1.467267736715835e-06,5.251600069688791e-25,0.9988345180114152,0.0,0.0011640147210639,2022-07-26,0.2076062638774732,0.4253264736494084,0.30335687318648374,2.1806795531904765e-06,0.06370820860729716
0.9987600046503092,1.9436970086274337e-21,7.810217193655836e-07,0.0,0.0012392143279388,2022-07-27,0.2343248401946601,0.5386692705744363,0.20681408433219056,0.0013022488101263156,0.018889556088553833
0.998758654227522,9.547213563527044e-19,5.274910379451376e-12,0.0,0.0012413457675411,2022-07-28,0.23432447094180517,0.5386686830577138,0.20681366851470104,0.0013022510420611097,0.018890926444056582
0.746959999219038,0.2514198374002937,1.155806580447118e-05,0.0,0.0016086053148038,2022-07-29,0.22952893698993665,0.5189081031611076,0.22119005834558458,0.0009752116430940839,0.02939768986021695
0.7844371967018587,0.2129868599043992,5.255541542268821e-05,0.0,0.0025233879786468,2022-08-01,0.23008313018340465,0.5216159174255156,0.21884153037023235,0.0010257020986300786,0.02843371992254446
0.0109384252556109,0.9626939317598694,0.0262508959330177,0.0,0.0001167470518499,2022-08-02,0.2157241142510607,0.46083328128146006,0.2647981006922844,1.4455356745378084e-05,0.058630048418797424
0.0186667144876419,0.9661740361553636,0.0146049614307715,0.0,0.0005542879262091,2022-08-03,0.21589026584916224,0.4617443900798006,0.2638025240435143,2.5333035612254153e-05,0.05853748699189665
4.826349467534818e-06,0.9542183745606466,0.0026578257146669,0.0,0.0431189733755882,2022-08-04,0.20864346240851958,0.45053154844506155,0.2551650292763881,8.071515682168739e-05,0.08557924471357824
0.0386790061314932,0.9121480271084726,0.0490102045578166,0.0,0.0001627622020588,2022-08-05,0.21605709674559043,0.46218454125623654,0.2640884716121968,5.06470507638989e-05,0.05761924333505356
0.997809975189398,7.893178848786633e-06,0.0007175550133038,0.0,0.0014645766183532,2022-08-08,0.23426425622938002,0.5385158085523531,0.20684782431724985,0.0013014341325127254,0.019070676768407596
0.0363651476232732,0.928078725730784,0.035520120588343,0.0,3.6006057423266134e-05,2022-08-10,0.21614176194574494,0.46251124074094246,0.263719557753983,4.7398205409577384e-05,0.05758004135374341
0.339697417248652,0.6472285423927955,0.0123486950743919,0.0,0.0007253452837492,2022-08-11,0.2219171713331117,0.48686457012418727,0.24524662042850892,0.0004434885413116034,0.045528149572468965
0.0525769169010611,0.9202675203616372,0.0270588893633907,0.0,9.667337370035172e-05,2022-08-12,0.2165040007638573,0.46406260522620973,0.26244370950651547,6.861207869904413e-05,0.05692107242450767
0.1054721376801929,0.884180000633705,0.0101043759682029,0.0,0.0002434857174588,2022-08-16,0.21760952287239674,0.46875977398819163,0.25870995340808434,0.0001377322923497633,0.05478301743853717
0.6825965669486261,0.3061651402850124,0.0104274098214528,0.0,0.0008108829448608,2022-08-17,0.22836669726915773,0.513701872953057,0.2254669654022783,0.0008899467018789039,0.03157451767357999
0.0488117113249139,0.8685722454922981,0.0825710811892998,0.0,4.496199318737982e-05,2022-08-18,0.21599990244687073,0.46181724422179515,0.2648490530456042,6.361470911775627e-05,0.0572701855763112
3.0022706743084193e-10,2.866670652548821e-28,0.9985171944536824,0.0,0.0014828052463319,2022-08-19,0.2075564026215243,0.42526135890579986,0.3032753030836583,2.775473322596559e-06,0.06390415991593618
3.0932552035846176e-12,5.814111984869339e-39,0.9880519871739936,0.0,0.011948012823063,2022-08-22,0.2059208536402338,0.4231292476458415,0.3005928779055736,2.236395256064034e-05,0.07033465685594006
0.9462852991075568,2.7830327152052474e-34,0.0003500423386249,0.0,0.0533646585538322,2022-08-23,0.22477403533573181,0.5220937542715056,0.1985247129855085,0.0013315176469994065,0.053275979760268176
0.4313623653166531,0.2105494814686715,0.3563525560835935,0.0,0.0017355971311623,2022-08-24,0.22073731448733303,0.4816165542689611,0.25326146850403275,0.0005646853911914761,0.043819977348561814
0.0002835554907936,1.4125322941231616e-10,0.9972952946347546,0.0,0.0024211497330174,2022-08-25,0.2074173429366747,0.42510237013308527,0.3030073843613384,4.90089932750173e-06,0.0644680016693928
0.0232361219544946,0.9400667307473336,0.036022774818708,0.0,0.0006743724794554,2022-08-26,0.21578602070155706,0.4613150886524339,0.26435443161837113,3.1505087660196055e-05,0.05851295393996928
6.117579245801941e-08,7.355819804349038e-05,0.8971145640539887,0.0,0.10281181657218,2022-08-29,0.19172084314361376,0.4046198743001074,0.2772999217022082,0.00019244033074497372,0.12616692052333012
0.7714591879989138,6.903442940061037e-152,9.808666227016719e-39,0.0,0.2285408120009071,2022-08-30,0.19271776230262513,0.46656194656409095,0.17051964859761368,0.0014318636831146083,0.16876877885237615
5.589225522162497e-07,0.8406329200591113,0.0718702370877757,0.0,0.0874962839306942,2022-09-01,0.20080391145636947,0.43747221901293776,0.2482471190705288,0.0001637737976521424,0.11331297666264512
0.0124455434612547,0.938530260816794,0.0487166662678195,0.0,0.0003075294540663,2022-09-02,0.2155423305308815,0.46011075914447935,0.2655515811126323,1.6774037290254657e-05,0.05877855517465114
0.997734926521332,1.2937148822696059e-11,0.0007164711482376,0.0,0.001548602317101,2022-09-05,0.23424905293529386,0.5384898925746607,0.2068338496299176,0.001301493730356769,0.019125711129378373
0.0050951112914854,0.9596351980872432,0.0352416177627396,0.0,2.8072858804806476e-05,2022-09-06,0.21555724228300735,0.4600799441685693,0.2655055537894514,6.684053393623599e-06,0.05885057570585124
0.0665542046612234,0.0045481974254165,0.9272329423108808,0.0,0.0016646556028838,2022-09-07,0.20934540554001638,0.4329390244884411,0.296618217259041,8.973902721586624e-05,0.06100761368569004
0.1739807282753404,0.8243252853050204,0.0012611037130668,0.0,0.000432882706516,2022-09-08,0.21893711099483387,0.47437968320074764,0.2543888308443498,0.0002272536899125804,0.05206712127009959
0.6740944962529246,0.0380367257010548,0.2864316424513304,0.0,0.0014371355949012,2022-09-09,0.22590741509305232,0.5031251528480748,0.2366478338617414,0.0008800530916552657,0.03343954510568694
0.149028168557297,0.8387343516011232,0.0120746270925606,0.0,0.0001628527492253,2022-09-12,0.21842616583945024,0.4721122791709199,0.256304223407907,0.00019427142126763784,0.052963060160661296
0.0736266508958325,0.9140415964981272,0.0119268501512672,0.0,0.0004049024546572,2022-09-13,0.21696964691138323,0.4661687114874075,0.2605746520668598,9.658615113660997e-05,0.056190403383096964
3.588158761321639e-05,2.88730392012384e-29,0.973406205675487,0.0,0.0265579127373406,2022-09-14,0.20363851411717732,0.42015679711636866,0.29684462409053874,4.9757051538296944e-05,0.07931030762481762
4.291612940777551e-06,2.0116590614206403e-16,0.9961727906417264,0.0,0.0038229177455293,2022-09-15,0.20719079433040602,0.42478508713461266,0.3026750744768699,7.161215057715427e-06,0.06534188284325015
9.185669297486504e-21,1.0936610692827122e-67,0.9683952709663524,0.0,0.0316047290333639,2022-09-16,0.20284881500338203,0.41912452007589807,0.2955544999606985,5.915683813985098e-05,0.08241300812159769
0.0193667299802335,0.9769107820951702,0.0014353319673927,0.0,0.002287155956789,2022-09-19,0.2157236273758651,0.4618505750770207,0.2628694619200209,2.9487669390979042e-05,0.059526847957287646
0.1172472488132733,0.8812638018532356,9.446612609975256e-05,0.0,0.001394483207013,2022-09-20,0.21772157555515861,0.46975859020261973,0.257391357508141,0.0001552125126267315,0.0549732642210755
0.0008295496548834,0.8981728500741096,0.1005965428045421,0.0,0.0004010574660689,2022-09-21,0.21489564938536831,0.4573457906539875,0.26823359629245475,1.8303827297189057e-06,0.05952313328506368
0.0005204787492114,0.8681081418607194,0.1292762912919012,0.0,0.0020950880983115,2022-09-22,0.21438336110859277,0.4559021414584227,0.26900881000281684,4.598952233328302e-06,0.0607010884780777
2.1043267754565696e-19,3.9092245745194617e-56,0.9071556727455942,0.0,0.0928443272542858,2022-09-23,0.19327801946378378,0.40664797492412463,0.2798576644497454,0.00017378338646052143,0.12004255777576545
7.723566023209777e-11,2.192286106844689e-09,0.7063945832956164,0.0,0.2936054144349805,2022-09-26,0.16190218793740724,0.3657462571399045,0.22839890476231092,0.0005495623127651419,0.24340308784773068
0.0125503470241955,0.5747823084151024,0.3118019492271081,0.0,0.1008653953333051,2022-09-27,0.19693466905409637,0.4267692894316326,0.2540378662065046,0.00020513181360239967,0.12205304349387497
6.9483955140096e-06,0.7764027248780464,0.1366656817015204,0.0,0.0869246450246436,2022-09-28,0.2003822535713298,0.4353174756052465,0.2509130230692919,0.00016271213628665944,0.11322453561756948
0.0006890880635174,1.747801153124982e-20,0.7037584700917366,0.0,0.2955524418446644,2022-09-29,0.16161634030022565,0.3654277935647289,0.2278332500380369,0.0005541035813926033,0.24456851251553421
0.009854195463711,1.5204825265219703e-47,3.421980099104221e-20,0.0,0.9901458045364429,2022-09-30,0.05330750521898244,0.22495622958098213,0.0489104463165446,0.0018661525802829576,0.6709596663033613
4.196406213682861e-12,2.049597299149082e-46,0.318893623325059,0.0,0.6811063766711752,2022-10-03,0.1013418219340502,0.28679940906409235,0.12907528025176676,0.001274875656690329,0.48150861309383064
0.2070078557389587,7.399756258745682e-12,5.27616408519871e-14,0.0,0.7929921442531407,2022-10-04,0.08939608490826892,0.2874997421823814,0.08039093763300968,0.0017537299379103207,0.5409595053379812
0.0562487115190982,0.928813076846192,0.0118967235300468,0.0,0.0030414881045499,2022-10-06,0.21621005098904483,0.46418166428225277,0.26099876890475343,7.890309892871345e-05,0.05853061272490705
0.0185184636552752,0.894137179368312,0.0872767429852179,0.0,6.761399086160975e-05,2022-10-07,0.21538906229844842,0.4592786501492095,0.2667678805811443,2.4229138239938625e-05,0.058540177832624565
0.0004912520727694,8.262772246806141e-10,0.9982329531752674,0.0,0.0012757939259336,2022-10-10,0.2076019029175004,0.4253592906294372,0.3032808875732934,3.0273807863519667e-06,0.06375489149923004
1.4925204863972055e-17,3.2593047850124264e-89,0.9865947217718004,0.0,0.0134052782283914,2022-10-11,0.20569310575077837,0.42283235416227205,0.30021935397646965,2.5091620736234272e-05,0.07123009448993532
0.9288056319084592,0.06666693052476,0.0013386850435055,0.0,0.0031887525230041,2022-10-12,0.23267848961716314,0.5326904537450107,0.2104594142491939,0.0012148492630508333,0.022956793125310095
0.0017275891704366,0.6717608878763608,0.326279436708063,0.0,0.0002320862455914,2022-10-13,0.2131442233137018,0.4494735688257137,0.27707313737894934,2.6829443940897458e-06,0.06030638753769271
0.9992811495588376,1.4356353225886486e-13,5.110449741888439e-06,0.0,0.0007137399912795,2022-10-14,0.2344209113407819,0.5388354766303266,0.20689840780628024,0.0013019435347287984,0.01854326068788479
0.999059481608397,1.1282492530165959e-15,3.768737192064214e-05,0.0,0.0009028310199537,2022-10-17,0.23438542673536336,0.5387717933963738,0.2068713630624747,0.0013020089595578526,0.018669407846502502
0.2123141540667411,0.7863829001641645,0.0009959191154224,0.0,0.0003070266537023,2022-10-18,0.2196807598390052,0.47741404437618645,0.2522050409768125,0.0002769107254493735,0.05042324408257667
0.0496576770575677,0.9062516242457986,0.0439971169611942,0.0,9.358173565191094e-05,2022-10-19,0.21631481112728895,0.4632361383100291,0.26327652550787234,6.480677511631711e-05,0.05710771827990573
0.9423411594982444,9.295337838117012e-18,0.0501350897189406,0.0,0.007523750782687,2022-10-20,0.23183269615975477,0.5309854174839879,0.21065575630825983,0.0012405804639906304,0.025285549583878485
0.0231658594830409,0.950044572633675,0.0267228103650384,0.0,6.675751869695248e-05,2022-10-21,0.21595850826274912,0.4617838384485741,0.26412549544400493,3.0276321516427373e-05,0.05810188152360667
0.084241221795618,0.9042525624990008,0.0111024939593091,0.0,0.0004037217461483,2022-10-24,0.21717601041082824,0.46702744079161185,0.2599331873048396,0.00011039926360291429,0.055752962229193556
0.0012892948503486,2.1824547378204884e-22,0.9949376635722086,0.0,0.0037730415771751,2022-10-25,0.20723298045327898,0.4249410951817574,0.3025636714546355,8.740345470540248e-06,0.06525351256458978
0.0842365561300967,0.8993757446651253,0.0161838185078902,0.0,0.0002038806967463,2022-10-27,0.21716830610288715,0.4668951242351463,0.260176197646026,0.00011001913421221699,0.05565035288158675
0.0664822724510837,0.902731621758448,0.0307041001026513,0.0,8.200568795859791e-05,2022-10-28,0.21673889280973938,0.46502356343243123,0.2617916083571843,8.668304497825109e-05,0.056359252355808395
0.9959204291740156,3.3145023792843016e-08,7.326551326588498e-06,0.0,0.0040722111297098,2022-10-31,0.2338060900417275,0.5377698069321794,0.20636236033219676,0.0013038557033058726,0.020757886990666035
0.0904439805864101,0.903595051877548,0.0059008486548835,0.0,6.0118880993527895e-05,2022-11-01,0.21739048535500072,0.46777819393317177,0.25944759945771145,0.00011782927594711919,0.055265891978003995
0.0225112265094238,0.0004191769071859,0.9763498960240344,0.0,0.0007197005592725,2022-11-02,0.20828148039829658,0.4279866579007997,0.30127889137971064,3.0646448747356614e-05,0.06242232387236217
0.0744487990812749,0.2438578686485395,0.6807658316696953,0.0,0.0009275006005242,2022-11-03,0.21157641180807535,0.44245002350585266,0.286655154933615,9.863439694189775e-05,0.0592197753555488
0.2330790404375335,0.7152015441722687,0.0513427479926653,0.0,0.0003766673973931,2022-11-04,0.21965913124588138,0.47723884575836256,0.25297312058037347,0.00030406747349809445,0.04982483494174498
0.0292666897198218,0.9618770488016958,0.0086507956290458,0.0,0.0002054658490439,2022-11-07,0.21619427734447322,0.4628665518769865,0.26303610242220554,3.84764459029248e-05,0.0578645919100392
0.0208790243746261,1.2829786549189284e-08,0.9769894778710094,0.0,0.0021314849242332,2022-11-09,0.20801382109644062,0.427498950531692,0.3010912122273957,3.1164605226293116e-05,0.06336485153890045
0.0024050282966257,0.8692652356930127,0.1237510146096521,0.0,0.0045787214009918,2022-11-10,0.2140548537168901,0.45565096555564355,0.26814468236689826,1.1700569453414998e-05,0.06213779779139703
0.8038311655907605,0.0047931115369936,1.1731464703691298e-06,0.0,0.1913745497256472,2022-11-11,0.19943080483262224,0.4779776799131259,0.17672945191488884,0.0014044304513354936,0.14445763288789892
0.0455779704084579,0.88106353004066,0.072109466849819,0.0,0.0012490327007963,2022-11-14,0.21582458870877158,0.46164674632756386,0.26436286600189574,6.165960114937747e-05,0.05810413936035256
0.0643876704616969,0.9218490876286912,0.013609078494202,0.0,0.0001541634153732,2022-11-15,0.21682370040072066,0.4654473442787823,0.26122549024680086,8.409189281431851e-05,0.05641937318084521
0.0671202583478628,0.8543453510603037,0.0783606276735831,0.0,0.0001737629186139,2022-11-16,0.21635655189263114,0.4633657760890015,0.2636048133665751,8.768515976813005e-05,0.05658517349238761
0.0220320695992709,0.8755019452524528,0.102209701307321,0.0,0.0002562838413359,2022-11-17,0.21530530678392867,0.45897984295434124,0.26711108646272264,2.915539502446287e-05,0.05857460840436356
0.0050094082532736,0.8489176819221594,0.1459210893385123,0.0,0.0001518204856165,2022-11-18,0.21465447865681747,0.4561287399033498,0.26982599566123106,6.804134496507074e-06,0.059383981643667004
0.0020811824756361,0.0135045220146334,0.9814229776174728,0.0,0.0029913178922832,2022-11-21,0.2074838192954082,0.4256679145475625,0.30215767599807747,8.307813128374595e-06,0.06468228234584886
0.2369096643534076,0.7292310725489162,0.0335535401477918,0.0,0.0003057229499886,2022-11-22,0.2198843919378373,0.4781843196878104,0.25207066720297,0.0003089204041635966,0.04955170076732282
0.3279312395745815,0.3861652567457085,0.2853486943983013,0.0,0.0005548092812604,2022-11-23,0.2195512825634611,0.47632961498917303,0.2566699827377484,0.00042785514840505006,0.04702126456106393
0.9982979175063426,1.4188785348833358e-10,2.1540812060832866e-07,0.0,0.0017018669440123,2022-11-24,0.23424016770210376,0.5385225663984501,0.20674015566657356,0.0013025133638349643,0.019194596869400685
0.0706642488636622,0.8823529632353976,0.0469203646809642,0.0,6.242322000118934e-05,2022-11-25,0.21669169705636687,0.4647813756972601,0.26219200079011257,9.20894139943847e-05,0.05624283704229118
0.6880643840688374,0.0608015230288177,0.2288116261665038,0.0,0.0223224667354121,2022-11-28,0.2231984174330803,0.5012609134497071,0.22905128916879727,0.0009373280762941036,0.045552051871691854
0.1713477593868988,0.7823431514422786,0.0461186598531509,0.0,0.0001904293178966,2022-11-29,0.2185704260550335,0.4726452606538466,0.25635255752704567,0.00022337294978581177,0.05220838281451331
0.9983525536951364,2.161090338959148e-06,0.0005058217985031,0.0,0.001139463416083,2022-11-30,0.23432954207159087,0.5386434243127979,0.20687894502142917,0.0013015317841736,0.01884655681006963
0.1618713343792892,0.7971216732650537,0.0409219587674952,0.0,8.50335877973724e-05,2022-12-01,0.21845088777377902,0.47211390957587923,0.2567155884167392,0.00021084169659196694,0.05250877253664595
0.0024649909391138,0.872854965749557,0.1243199926644777,0.0,0.0003600506465124,2022-12-02,0.21474433944482976,0.4566442297664548,0.2690793712358629,3.882224792642593e-06,0.05952817732772073
0.0392919452746261,0.8925607582433492,0.0679704135933633,0.0,0.0001768828888757,2022-12-05,0.21591541175497625,0.46155839761437073,0.2647941002465711,5.147124823462317e-05,0.057680619136061664
0.0234186838388986,0.85385612486988,0.122523628345205,0.0,0.0002015629462329,2022-12-06,0.21517870425793742,0.45838272155773924,0.2678403547652903,3.08577083228499e-05,0.05856736171092676
0.0172075545367509,0.3675288287997576,0.6143642616629275,0.0,0.0008993550009358,2022-12-07,0.21103304962039324,0.44033338313945175,0.2873422710666641,2.407976270641888e-05,0.06126721641115621
0.0582721219701302,0.8857186530897315,0.0559345246219614,0.0,7.470031846096948e-05,2022-12-08,0.21638490634842011,0.46349143029058876,0.2632544232934938,7.598350553622403e-05,0.05679325656224511
3.069787461980554e-05,1.946088539382332e-10,0.9985728434719998,0.0,0.0013964584588283,2022-12-09,0.20757071885748837,0.42528243477284955,0.3032944686251127,2.653806066255045e-06,0.06384972393853974
0.1358554592328873,0.3614739013434169,0.501799079643473,0.0,0.000871559780457,2022-12-12,0.21416464597442458,0.4535912941314275,0.27612040584720493,0.00017845310891702668,0.05594520093826005
0.9228535172766252,0.0538296124817212,0.0221911546707691,0.0,0.0011257155708374,2022-12-13,0.23273944639479943,0.5319811262493431,0.21206709954667105,0.0012032407945459648,0.022009087014593132
0.0690861861422516,0.8775217343023142,0.0533475658048394,0.0,4.451375043224121e-05,2022-12-14,0.2166138127903147,0.4644350271492739,0.26253864867874,9.000197476517492e-05,0.056322509406743514
1.2586740299113266e-10,1.6884837082680229e-25,0.9969879897366865,0.0,0.0030120101375033,2022-12-15,0.20731741170608872,0.4249498089341785,0.3028833397575072,5.637795570698287e-06,0.06484380180671193
0.0001712072176537,0.8569665610135796,0.1422078113443804,0.0,0.000654420424678,2022-12-16,0.21451049854882817,0.4557619149217397,0.2698489619234211,1.4477592347612982e-06,0.05987717684706796
0.9986284843258296,6.566470764146015e-08,0.0001788722811181,0.0,0.0011925777286928,2022-12-19,0.23432860934011865,0.5386638468970667,0.20683874615785078,0.0013019903376757145,0.018866807267636013
0.0016551685038103,0.9537021505385476,0.0445956777983204,0.0,4.700315961825751e-05,2022-12-20,0.21541500133392288,0.4594757953801986,0.26606592618280717,2.242252481673771e-06,0.059041034850886194
1.6093701847806636e-10,9.08477979629254e-38,0.997287335375492,0.0,0.0027126644637321,2022-12-21,0.20736419477425652,0.42501079561877114,0.3029600675567253,5.0774888485660495e-06,0.06465986456155941
0.0002741551918994,5.403715853127689e-10,0.9853536722761757,0.0,0.014372171991824,2022-12-22,0.2055493326844619,0.42266648207499746,0.2999450259825623,2.725824996582337e-05,0.07181190100828293
1.0798446801024998e-12,4.507654887581851e-13,0.8340782392347341,0.0,0.1659217607634883,2022-12-23,0.1818571546149624,0.3917596685791997,0.261126574000198,0.000310567660145019,0.1649460351452477
0.8412519281645098,1.8504273209721095e-10,4.252698106016464e-08,0.0,0.1587480291230427,2022-12-26,0.20549318923577395,0.4887024679964988,0.18166380846021712,0.0013920657913696524,0.12274846851571644
0.0515361221782085,0.945568902087783,0.0013114335459214,0.0,0.0015835421882085,2022-12-27,0.21644512851273343,0.4645365039636478,0.26117051227781085,7.004051841783007e-05,0.057777814727511444
0.0343977921695654,0.8960557132058662,0.0694548765180588,0.0,9.161810665534196e-05,2022-12-28,0.21582556649481907,0.46114390975638303,0.26515182257800174,4.494170037520184e-05,0.05783375947056667
0.9162698748777608,3.22720221400155e-05,0.0767735962129746,0.0,0.0069242568871756,2022-12-29,0.23122888429781166,0.5281496305501968,0.21332777147975998,0.0012055254452824475,0.026088188226999688
0.0009721793140724,1.0979877792976098e-18,0.9972476762611971,0.0,0.0017801444251805,2022-12-30,0.20753595210458003,0.4253111223827953,0.3031051348068912,4.597357366101201e-06,0.0640431933488172
0.2353707895038255,0.7395794246528073,0.0247727699860716,0.0,0.000277015856865,2023-01-02,0.21993004858083934,0.4783815461789349,0.25182074156883405,0.00030686375895569364,0.04956079991200532
0.373176123718802,0.2923708549340656,0.3340193481741906,0.0,0.0004336731725047,2023-01-03,0.22003467837717275,0.4781718781605944,0.25600832704555954,0.00048651658016068126,0.04529859983607537
1.441264953568524e-08,7.554491247007084e-32,0.9991717332014584,0.0,0.0008282523855809,2023-01-04,0.20765869941812648,0.4253947147186165,0.3034430756581621,1.55031815410327e-06,0.06350195988662934
0.0029461822742861,0.1507747835982644,0.8448988623511164,0.0,0.001380171776754,2023-01-05,0.20885121325613032,0.4309498162801799,0.29710140046329264,6.417949984980063e-06,0.06309115205083295
6.879113329582358e-06,3.447467400166793e-07,0.9983984247890813,0.0,0.0015943513509669,2023-01-06,0.20753915654752242,0.4252394261831025,0.30324603344686063,2.993215239498984e-06,0.0639723906073925
0.9985675219393414,2.6944042798452536e-12,5.5779092143194376e-08,0.0,0.001432422278617,2023-01-09,0.2342894932791199,0.5386080610824358,0.20678316378179534,0.0013023599267432873,0.019016921929650262
3.9289487143571664e-09,3.174734782384874e-29,0.9989031716605196,0.0,0.0010968244102148,2023-01-10,0.20761672551246976,0.4253399964651051,0.30337423672111347,2.0530100306004403e-06,0.06366698829096396
0.0154839446623684,0.9050462143250796,0.0792546998177406,0.0,0.0002151411947862,2023-01-11,0.2153716096285924,0.45929004999796735,0.2665953293643936,2.055571795465618e-05,0.058722455291066684
0.003997705777363,0.923550358632688,0.0721984724957597,0.0,0.000253463094633,2023-01-12,0.21520547060888887,0.45863308850348955,0.266969587580838,5.677611788852251e-06,0.0591861756954384
0.0481285469413642,0.9483931173934764,0.0029435222553603,0.0,0.000534813409529,2023-01-13,0.21654030579066982,0.4644633057407149,0.26165783579707946,6.364243119573641e-05,0.057274910240069934
0.0047630496606808,4.0264465941142915e-09,0.9942702466928528,0.0,0.0009666996199486,2023-01-16,0.207764538058341,0.4259071083940739,0.30294727256328435,8.00875586957752e-06,0.06337307222835983
0.99910267425529,4.614981038583018e-08,0.0001047168836091,0.0,0.0007925627113481,2023-01-17,0.2344038163108338,0.5387991626777611,0.2068954507593548,0.0013018587795512618,0.01859971147255633
0.9249656665888976,0.065946226192412,0.0087287326667706,0.0,0.0003593745523464,2023-01-18,0.233012170584961,0.5328055674038641,0.21158401955994827,0.0012045554326532227,0.021393687018999647
0.0215639999839482,0.8907496444063155,0.0876452718728229,0.0,4.108373680595894e-05,2023-01-19,0.2154477587127274,0.45950989780837403,0.26661325565298305,2.8143376732992375e-05,0.05840094444907508
0.0195196879696037,0.0082602254974413,0.970894401056673,0.0,0.0013256854763046,2023-01-20,0.2081691120906195,0.42780101302877555,0.30110504425342455,2.7887097562054632e-05,0.0628969435296409
0.1261859198653574,0.8410214789357691,0.0325247231189951,0.0,0.0002678780795163,2023-01-23,0.21781661402859243,0.4695792086751431,0.2583951253022177,0.00016473783145234936,0.05404431416223227
0.064506928207314,0.7328269508852392,0.2025004181332099,0.0,0.0001657027744406,2023-01-24,0.21532078213648123,0.45877249674100673,0.2686270793217588,8.426871096714731e-05,0.05719537308998972
8.916380507034111e-11,2.3625904880939788e-31,0.995049298556964,0.0,0.0049507013542992,2023-01-25,0.207014424458541,0.424554832979894,0.30238641754056533,9.266582923511082e-06,0.06603505843850303
1.0388026599272962e-18,5.537722175607766e-44,0.9201707874417546,0.0,0.0798292125585952,2023-01-27,0.19531207921110494,0.4092995871307176,0.28319367775614934,0.0001494220627924154,0.11204523383958534
0.0007254953846622,0.953318496146112,0.0027139919936931,0.0,0.0432420164757221,2023-01-30,0.2086363587950102,0.45055644548031637,0.2550991488175093,8.188344729324723e-05,0.08562616346006025
0.0024812783354224,0.9539842122389236,0.0300983281962358,0.0,0.0134361812292356,2023-01-31,0.2133468356912945,0.45685171366675553,0.26254312903743293,2.837895502256202e-05,0.06722994264931179
2.4543969177316877e-27,2.9918664800344093e-12,2.1593976551822067e-15,0.0,0.9999999999972716,2023-02-01,0.05150371462407481,0.22183016031532113,0.047336978625667714,0.0018717717236948932,0.6774573747115067
0.0079218391071369,0.7839649793929444,0.060559478970956,0.0,0.1475537025286845,2023-02-02,0.19117888980878298,0.42413113999802343,0.2343110610835698,0.0002864974638728399,0.15009241164547266
0.6754399753648088,0.0301834562228297,8.065067569866578e-08,0.0,0.2943764877617476,2023-02-03,0.18009906683080587,0.4433185804502098,0.1617401718067387,0.001430119886977264,0.2134120610253299
0.0048516433481955,0.9057500202658932,0.0870821650103866,0.0,0.002316171375292,2023-02-06,0.2147642942935837,0.4576801391955425,0.2670567263801816,1.0649967453937336e-05,0.060488190163005634
0.0104284174511374,0.8285872594020035,0.1608150511196264,0.0,0.0001692720276257,2023-02-07,0.2146349863389126,0.4560211153083659,0.270095451941346,1.3889874324404836e-05,0.05923455653744406
0.9986538034566718,7.364921218722702e-10,0.0001785886703965,0.0,0.0011676071362922,2023-02-08,0.2343331889679733,0.53867180563791,0.20684270219799955,0.001301976552369292,0.01885032664360005
0.0470802023136571,0.9142051808569776,0.0386555360996264,0.0,5.908073004285956e-05,2023-02-09,0.21631451799391782,0.4632319571804067,0.2632224160070533,6.138750240591417e-05,0.057169721316520074
0.0384028287256175,0.8451778820983789,0.116283418605049,0.0,0.0001358705706309,2023-02-10,0.21552093533779418,0.459789826973683,0.2667495539840143,5.0237258946381705e-05,0.05788944644523842
0.0071432216191004,0.1546190258571056,0.837570725497221,0.0,0.0006670270267326,2023-02-13,0.2091055882392284,0.43170744481398476,0.2967277514885899,1.0545733789813849e-05,0.06244866972456655
0.9388595895277044,0.0589318741979609,0.0012394412978584,0.0,0.0009690949766224,2023-02-14,0.2332329087926157,0.5340101842462027,0.21036018001608775,0.0012237802309040887,0.02117294671433558
0.9860029648418296,8.66638921039777e-05,0.0132456386076341,0.0,0.0006647326579816,2023-02-15,0.2340738887020538,0.5373414655194805,0.20819081927920718,0.0012845696732769344,0.01910925682553064
0.0549820662274236,0.9037611861183122,0.0412072304103588,0.0,4.951724420310204e-05,2023-02-16,0.2164443774940999,0.4637613376769066,0.26287096203659743,7.16542189190204e-05,0.05685166857377473
0.002169474600988,0.8787058291815937,0.1189909270995852,0.0,0.0001337691182001,2023-02-17,0.21481835794595358,0.456863744954073,0.2689363789967229,3.074050148548741e-06,0.05937844405346891
0.000652095192014,1.0009194366686303e-05,0.998801853813592,0.0,0.0005360417996748,2023-02-20,0.20772189903866814,0.4255286123172854,0.3034545625426031,1.8520779405928172e-06,0.0632930740231501
0.0965206025199271,0.1093200448934842,0.7935603290458884,0.0,0.0005990235407281,2023-02-21,0.2111477668645756,0.440263243279589,0.28988469463712674,0.00012674696835460704,0.05857754825038157
9.957532363070108e-13,1.6130608182273093e-37,0.994203866317294,0.0,0.0057961336814845,2023-02-22,0.206882296548921,0.424382590255591,0.3021697176919157,1.0849039133083886e-05,0.06655454646421326
0.0044912218606436,0.8399076916229881,0.1554693252089842,0.0,0.0001317613074684,2023-02-23,0.21457204031913726,0.4557553144028434,0.27023471344185324,6.092146322900905e-06,0.05943183968992744
0.0178478907801037,1.461353286406664e-07,0.9802828758142268,0.0,0.0018690872703667,2023-02-24,0.2079737069144306,0.4272083836861195,0.3014514036814531,2.6728305425572592e-05,0.06333977741259696
0.0032212396056788,0.8774283033154903,0.1190843762142571,0.0,0.0002660808645679,2023-02-27,0.2148156616373036,0.4569109746980714,0.26885094111797475,4.69062511480818e-06,0.05941773192152948
0.0012547465713911,0.6375625002644468,0.3606939530349463,0.0,0.0004888001294407,2023-02-28,0.21281928483169973,0.44815794575848744,0.2783947695712589,2.5480291176194463e-06,0.060625451809661154
0.9964252247919057,0.000237088100033,0.0024163748177322,0.0,0.0009213122899206,2023-03-01,0.23431392315681177,0.5384774287792015,0.20711190786660597,0.0012986149532527751,0.018798125243719172
0.0011546368730136,6.762700539434336e-05,0.9982566512045008,0.0,0.000521084917505,2023-03-02,0.2077381449118116,0.4255907355612931,0.30340756831295607,2.4781617747182893e-06,0.06326107305257805
0.9936837614511976,1.0452329841308595e-09,1.6269535807001336e-09,0.0,0.0063162358769946,2023-03-03,0.2333955224845571,0.5370587636403252,0.20600333615231653,0.0013051448857293061,0.02223723283745027
0.0939056104786863,0.9022403365088978,0.0037717821181069,0.0,8.227089455175655e-05,2023-03-06,0.21746888754623733,0.4681186538686239,0.25916052822833135,0.0001223762002767865,0.05512955415677334
0.2936143681967693,0.5165338664185428,0.1891629530488306,0.0,0.0006888123358252,2023-03-08,0.21964941910352623,0.4770187406616887,0.25483727089352026,0.00038344108124522885,0.04811112825998735
8.494615346816883e-08,3.3269684648207047e-41,0.9950097329737692,0.0,0.0049901820803754,2023-03-09,0.20700825650692237,0.4245467990725979,0.3023762897033189,9.340592275248787e-06,0.06605931412518341
0.0003588376136073,0.9043711447306356,0.0857404146880564,0.0,0.0095296029675061,2023-03-10,0.21350573022468064,0.45565182079129973,0.2656960902546266,1.8304284025435684e-05,0.06512805444517293
7.5204422206158575e-19,9.61455230263548e-39,0.8652663782421299,0.0,0.1347336217578748,2023-03-13,0.18673137505985732,0.3981137309148118,0.26912066772549464,0.0002521905834380811,0.1457820357164027
2.7538233662196084e-05,0.0071857524370614,0.9673913121215162,0.0,0.0253953972076058,2023-03-14,0.20387716071273984,0.42064686547338176,0.2968614795686196,4.7570228605849725e-05,0.07856692401649837
6.536483554599663e-05,4.0095379560401384e-23,0.972688397029833,0.0,0.027246238134194,2023-03-15,0.20353172865303498,0.42001990863443806,0.2966653442654214,5.1083813273435804e-05,0.07973193463340499
0.0042134478043142,0.9665928166040562,0.0274127681736627,0.0,0.0017809674177783,2023-03-16,0.21531506695878927,0.45986885595754073,0.2648684873212977,8.817548754999065e-06,0.05993877221342855
0.0516528634367765,0.9452661976294144,0.0020775048416798,0.0,0.0010034340924089,2023-03-17,0.2165365057537155,0.46465723414851207,0.2613197986419014,6.9106632277655e-05,0.05741735482387291
1.7685919836878586e-05,0.8495956730811084,0.1475099882701737,0.0,0.0028766527292642,2023-03-20,0.21410042927505912,0.4550310269389379,0.26958338829220585,5.407456226086592e-06,0.061279748037954135
0.1495842074689451,0.8450679661114882,0.005053654598305,0.0,0.0002941718208862,2023-03-21,0.21847092948877786,0.4723726656186683,0.2559683340836258,0.00019524092925230443,0.05299282987930016
0.074445564684097,0.8891804674691127,0.0362476763259851,0.0,0.0001262915209972,2023-03-22,0.21683725263944464,0.4654390396028335,0.2615423211012619,9.713050673444257e-05,0.05608425614991743
0.0017861077335868,0.8791396777914843,0.1189157557774869,0.0,0.0001584586973976,2023-03-23,0.21480769181327916,0.4568305490579796,0.2689500789510943,2.6212948687275833e-06,0.059409058882733755
3.5915014155542445e-05,4.898562712165848e-09,0.9985698927906568,0.0,0.0013941872961863,2023-03-24,0.20757121347137397,0.42528348979071173,0.30329454637858183,2.656345300682586e-06,0.06384809401359294
0.0215433201158891,0.9479974898713526,0.0301966551302901,0.0,0.0002625348822593,2023-03-27,0.21586819496238488,0.4614873866742056,0.26431243698101636,2.853096698376377e-05,0.058303450415200415
0.0489043589374401,0.3471429661120485,0.6034170819660781,0.0,0.0005355929840667,2023-03-28,0.2117759810438553,0.4432839674919049,0.28517203660754026,6.465364320252806e-05,0.059703361213130225
0.9791094629200324,0.0177460646311541,0.0016529401172676,0.0,0.0014915323319304,2023-03-29,0.23390071807722673,0.5370152559985669,0.20795226056535995,0.0012771450630373205,0.019854620296193386
0.9985240664315668,6.304966699801468e-22,4.6082444080812146e-11,0.0,0.0014759335224261,2023-03-31,0.23428153012548117,0.5385942642357453,0.2067762107419003,0.001302384810638844,0.01904561008630938
0.0554549851944913,0.9192735232743904,0.0252488718757901,0.0,2.261965527022636e-05,2023-04-03,0.2165846909566335,0.46436919101623964,0.26222354262851394,7.221939723424011e-05,0.05675035600132063
0.998904874896061,9.864714710455105e-14,2.3011199171122107e-05,0.0,0.0010721139047911,2023-04-05,0.23435483263139675,0.5387197571256339,0.20684291447786146,0.0013021245911612285,0.01878037117406823
0.1123005997610951,0.8527344006009824,0.034890709129995,0.0,7.429050835450627e-05,2023-04-06,0.21756846389747228,0.46845698447372025,0.2593271278027824,0.00014630313586997228,0.0545011206905821
0.0790479857857266,0.8595585312704446,0.0612342713409456,0.0,0.000159211602871,2023-04-10,0.21671954279914094,0.4649069250685733,0.26225127259205455,0.00010318237546112184,0.056019077164757826
0.1204019163176046,0.8610085737896502,0.0183606839679573,0.0,0.0002288259250562,2023-04-11,0.21782698131398776,0.46963766345340163,0.2581799500631195,0.00015713660429789321,0.054198268565461456
0.1590788213139013,0.8248271368510831,0.0158776402539655,0.0,0.0002164015812203,2023-04-12,0.2185761095363404,0.47275018707891,0.2558648016968772,0.00020745301112060476,0.05260144867692192
0.0388873359665359,0.8902339808980457,0.0708093084232488,0.0,6.937471227697966e-05,2023-04-13,0.21590286748881218,0.46145207580401437,0.26495204793571625,5.074340097952085e-05,0.05764226537058505
1.7432237213336989e-06,5.469392034906308e-06,0.9959764977629874,0.0,0.0040162896213938,2023-04-17,0.20716054864095454,0.424745595067037,0.3026255414077922,7.519846228480095e-06,0.06546079503812495
0.028384907630165,0.0001645453113108,0.969812246919491,0.0,0.0016383001387335,2023-04-18,0.20829309172510746,0.42845715889665664,0.3004857745353061,4.001070713611726e-05,0.06272396413549376
0.0283854655994546,0.8704307560552976,0.1009760695130256,0.0,0.0002077088318544,2023-04-19,0.21544257940356076,0.45953146700876407,0.26670848518976026,3.733369300085976e-05,0.05828013470454624
0.0601661747054728,0.8647919727618775,0.074874977730056,0.0,0.0001668748028939,2023-04-20,0.2162546503971145,0.46294741238582093,0.2638687843230456,7.862122657146594e-05,0.05685053166774759
0.0510884664603819,0.8744075415226753,0.0743372110139754,0.0,0.0001667810026068,2023-04-21,0.21608823749215156,0.46225723939168567,0.2643688537043992,6.680602163980484e-05,0.05721886338976319
0.0971606482077728,0.8986743434479286,0.0039082239564527,0.0,0.0002567843879199,2023-04-24,0.2175003507215384,0.468326408062216,0.2589411267463851,0.00012693942189276919,0.05510517504804176
0.0872531832446893,0.8466899239581624,0.0658789842114069,0.0,0.0001779085854635,2023-04-25,0.21683380796736265,0.46537921338568095,0.26195838669514804,0.00011389679083037878,0.055714695160700045
0.0654121882858417,0.9020887069458016,0.0324320235627817,0.0,6.708120575399128e-05,2023-04-26,0.21670746946884875,0.4648824095569982,0.26192407449239313,8.526234899508923e-05,0.05640078413294375
0.987440413178618,1.1815405355062883e-05,0.0117598855536318,0.0,0.0007878858628422,2023-04-27,0.23409251733011366,0.5374768765751621,0.20802326941602736,0.0012866710890590569,0.019120665590084573
0.9910271086405844,0.0078503066991153,0.0003416678752861,0.0,0.0007809167848213,2023-04-28,0.23425198076068202,0.5381626435124427,0.20737089049391855,0.0012913262835936383,0.018923158949169912
0.0969101307762883,0.8839182743920188,0.0191090020208034,0.0,6.2592811189367e-05,2023-05-02,0.21740656096367617,0.4678155907839756,0.25959405037939065,0.00012624988033321555,0.05505754799292409
0.0290511520148055,0.8885630549031317,0.0822410600728946,0.0,0.0001447330092419,2023-05-03,0.21561454107826755,0.4602612220727988,0.2659488923080364,3.808223625825268e-05,0.05813726230471263
0.9979099880067012,1.8237396913419342e-28,1.0331333042559583e-06,0.0,0.0020889788603507,2023-05-04,0.23416928576438317,0.5383996691880784,0.2066784226290746,0.0013027330419749141,0.01944988937684475
0.0001076032255153,0.9372555287684504,0.0622401078388066,0.0,0.0003967601676493,2023-05-05,0.21518803324123734,0.4586471462968977,0.26677110396895043,8.826947084269599e-07,0.05939283379862768
0.99883751200229,4.2403316835152823e-13,2.0157000469033394e-06,0.0,0.0011604722972069,2023-05-08,0.23433922072010754,0.5386941099565327,0.20682677678185446,0.0013022023021859704,0.018837690239286824
0.037246599032121,0.9226853224998376,0.0400318191225851,0.0,3.625934584617576e-05,2023-05-09,0.2161223904782093,0.46242045922966407,0.26384591043736866,4.854592658732619e-05,0.05756269392856043
0.0913966998077395,0.8600304953566474,0.0483883278294701,0.0,0.0001844770061741,2023-05-10,0.2170498457555517,0.4663200388007431,0.26103285676260446,0.00011930205118517912,0.055477956629946604
0.0518697282461782,0.8000444369836979,0.1478364759829112,0.0,0.0002493587868536,2023-05-11,0.2155044327025024,0.4596987393940845,0.2671897369399093,6.797743435928384e-05,0.05753911352878533
0.0305122670015774,0.9308845506855102,0.0384669221774352,0.0,0.0001362601358194,2023-05-12,0.21599177967427174,0.4619257661862364,0.26414942021095655,3.996808123609006e-05,0.05789306584764138
0.0436414489511671,0.9475030983600172,0.0087709138130729,0.0,8.453887566942179e-05,2023-05-15,0.21648350290172955,0.4640142789437734,0.2622418171687038,5.695946821755344e-05,0.05720344151750229
0.0001107956153226,3.5981624555616203e-19,0.9991809330772768,0.0,0.0007082713070613,2023-05-16,0.20768041549105926,0.4254317324173135,0.3034631227332043,1.4699274840135524e-06,0.06342325943059952
0.000451016157207,0.0002004586533557,0.9988016226372654,0.0,0.000546902552389,2023-05-17,0.2077163357482518,0.4255103138657374,0.3034637396406833,1.6106937417566767e-06,0.0633080000518027
0.0061701440997055,1.3188749679265065e-18,0.9896373533090524,0.0,0.0041925025915506,2023-05-18,0.20729805410531138,0.4254096086254676,0.3019844535602154,1.5878116844667435e-05,0.06529200559246931
0.0648989567722086,0.913958643136902,0.0209556581973974,0.0,0.0001867418936799,2023-05-19,0.21676949771697374,0.46521963910636893,0.2614773000609464,8.481833350506163e-05,0.056448744782393714
0.9936915343851064,7.060429154791985e-06,0.0051787326878283,0.0,0.0011226724978179,2023-05-22,0.23420745977560062,0.5381179973447378,0.2073335138100221,0.0012954338374601246,0.019045595232086276
0.0783319519201349,0.8818576775639577,0.0397593138437906,0.0,5.105667244535785e-05,2023-05-23,0.2168947467990276,0.4656364491516997,0.2614733126178866,0.00010204798511807681,0.055893443446596504
0.0148452386169706,0.8804738478120655,0.1044178098237119,0.0,0.0002631037471438,2023-05-24,0.21515146399468213,0.4583386198125128,0.26760883180467027,1.9814189399330885e-05,0.05888127019862732
0.0500905129961447,0.9150202028697424,0.0348175471998574,0.0,7.173693413272547e-05,2023-05-25,0.21639959288140112,0.46359987471470365,0.26289626857143483,6.532924130332516e-05,0.05703893459103424
0.998919898078757,2.6871102315459193e-09,2.919816805569297e-05,0.0,0.0010509010658389,2023-05-26,0.23435854996286778,0.5387257840986576,0.20684689972030537,0.0013021044388902478,0.01876666177904068
0.0924695027640739,0.8890768859625443,0.0183599373114317,0.0,9.367396152618686e-05,2023-05-29,0.21732391057125816,0.46748772038417424,0.2598128491508332,0.00012052838799719658,0.055254991505313246
0.0709648164862416,0.8780626586617698,0.0508409370552309,0.0,0.0001315877967822,2023-05-30,0.21665478817094244,0.46464964338259424,0.2623135500375531,9.261007603617623e-05,0.05628940833289856
0.0055706235024328,0.7658623779181594,0.228371857534169,0.0,0.0001951410456839,2023-05-31,0.21400174426208696,0.4532458050672995,0.27301923604444084,7.615666582288649e-06,0.05972559896003538
0.0667697773478265,0.0001500249811156,0.9313056580935648,0.0,0.0017745395772615,2023-06-01,0.2092989996285271,0.43278553396553865,0.29674177565853715,9.022528209447106e-05,0.06108346546507089
0.0934171364399566,0.8480138328325897,0.0583744376605688,0.0,0.00019459306724,2023-06-02,0.21700670588809473,0.46612224575606137,0.261306462102416,0.0001219506716843372,0.05544263558209859
0.0901656726235373,0.861158114476026,0.048441780058641,0.0,0.0002344328422225,2023-06-05,0.21701806577413085,0.4662100265446122,0.26109478205412057,0.0001177933220566342,0.055559332305506505
0.0764653546643888,0.8380025035349465,0.0853578844947978,0.0,0.0001742573061473,2023-06-06,0.21647652032704168,0.46384826054268863,0.26334273725472634,9.984913163148079e-05,0.05623263274419224
0.3087090368930499,0.6741516886233767,0.0167913487427614,0.0,0.0003479257406693,2023-06-07,0.22136106106035394,0.48437662932974396,0.2472818857662072,0.00040244938262188473,0.04657797446093021
0.0054412937525842,0.1246454493872498,0.8695452759766895,0.0,0.0003679808833638,2023-06-08,0.20886823428065696,0.43051498729777865,0.29814486254839717,7.770855047839803e-06,0.062464145018006574
0.0239835554466261,0.0002793520799527,0.9742639595503954,0.0,0.0014731329229177,2023-06-09,0.208202022632375,0.42799532069721813,0.3009489676650729,3.397300184490644e-05,0.06281971600338071
0.0990397233195123,0.8155524535154565,0.0852527918767126,0.0,0.0001550312882487,2023-06-12,0.2169050297801516,0.46562025010978647,0.26204680202083347,0.00012919466073561716,0.055298723428422784
0.9797112521650037,3.57978878068491e-05,0.0178718794242472,0.0,0.0023810705230122,2023-06-13,0.2336368584146959,0.5362758878961031,0.20836093907443534,0.001279593330164924,0.020446721284670316
0.0674157527663094,0.8778828480237987,0.0546695845611548,0.0,3.1814648818901773e-05,2023-06-14,0.2165739646007403,0.46426079502630213,0.2626891723152576,8.78040637588937e-05,0.05638826399402285
0.0383763042386207,0.0172627273410485,0.9436545832608392,0.0,0.0007063851596789,2023-06-15,0.2088422143380161,0.43038582633003647,0.29908820995242164,5.127060925666688e-05,0.06163247877045622
0.9912544538309512,0.0020839028491152,0.0058880197604868,0.0,0.0007736235591247,2023-06-16,0.2342133140140392,0.5379859653988549,0.20757702685976198,0.0012916085319246,0.018932085195097044
0.0162723709558842,5.161388381960725e-06,0.9831178746384251,0.0,0.0006045930173326,2023-06-19,0.2081292010767135,0.42728736070542667,0.301927583789963,2.231085373800328e-05,0.06263354357418256
0.0439310270983092,0.9400546897708416,0.0158063796663016,0.0,0.000207903464289,2023-06-20,0.21641269594581644,0.4637585495144103,0.26247444069933945,5.7567277031997283e-05,0.057296746563143215
0.0738534971810479,0.8465258973279381,0.0795230341524834,0.0,9.757133811773016e-05,2023-06-21,0.2164864348124853,0.46386892759037046,0.26328040647850315,9.63061476808503e-05,0.05626792497054738
0.0152560727840247,0.0668575678006755,0.9173328667154288,0.0,0.0005534927001563,2023-06-22,0.20864202316421596,0.42954710521713796,0.29941602088613367,2.0892449643334037e-05,0.06237395828315419
0.0164025441426998,0.0522837008723044,0.9292977955840492,0.0,0.0020159594012013,2023-06-23,0.2083281619325671,0.4288637731475198,0.2995021541552895,2.5122035452098096e-05,0.0632807887294261
0.0927140648518314,0.8171689827176275,0.0899193786807827,0.0,0.0001975737495203,2023-06-26,0.21674194887357517,0.4649508061099842,0.26258380861901054,0.00012104117280263137,0.055602395224389305
0.5505717287903112,0.4355081008944544,0.0131737866261397,0.0,0.0007463836890013,2023-06-27,0.22587268161941554,0.503305402507165,0.23316821275937671,0.0007179899448091639,0.03693571316913995
0.1906879951763722,0.8077717739069455,0.0013856989534103,0.0,0.000154531962922,2023-06-28,0.21929601989733374,0.4757471253187799,0.25349498714841584,0.00024847791034159143,0.05121338972477883
0.9981309579863848,0.0007125926491299,2.8558185520565805e-05,0.0,0.0011278911789589,2023-06-30,0.23433107381470555,0.538645760230577,0.20687545399367221,0.0013012217072014259,0.018846490253837812
0.8858982993259381,0.1025475622420039,0.0110784912674818,0.0,0.0004756471641712,2023-07-03,0.23223970404620833,0.5296424218833039,0.2138938110695328,0.0011539252025774564,0.023070137797972227
0.0799408023532139,0.898782759574455,0.0212108847558562,0.0,6.55533166237337e-05,2023-07-04,0.21707023568668027,0.4664147673900156,0.2606500752560073,0.00010416910785372008,0.0557607525595919
0.0787889089147319,0.8354395150077085,0.0856552082882526,0.0,0.0001163677891075,2023-07-05,0.21652735693778663,0.4640331184674799,0.26323357499433353,0.0001027649818845194,0.05610318461831585
0.9754012669990748,1.236846382110504e-06,0.023113608196348,0.0,0.0014838879580563,2023-07-06,0.23366144850460682,0.5359682722712872,0.2090087914546826,0.0012723043773615573,0.020089183391922623
8.709733057182513e-05,0.6280183433034537,0.3708277151158752,0.0,0.0010668442500615,2023-07-07,0.21262173923608016,0.4475700589262779,0.278733906264559,2.1102498384425416e-06,0.061072185323206754
0.0612456548103112,0.8837946663012888,0.054818098063189,0.0,0.0001415808247996,2023-07-10,0.21643872449227186,0.46374724291251684,0.26302539346041,7.997887199907706e-05,0.056708660262390714
0.0804858404074272,0.8832513062028206,0.0361708159469314,0.0,9.203744237439856e-05,2023-07-11,0.2169570788565615,0.46592185924040663,0.26119997172301906,0.00010492807065988362,0.05581616210890641
0.0352326306588822,2.658529811422593e-06,0.9632300097497822,0.0,0.0015347010612194,2023-07-12,0.20849126370450652,0.42924974913853736,0.29985689245827374,4.8729400596107326e-05,0.062353365297781335
0.0801664935154218,0.8355336576397898,0.0838814104749283,0.0,0.0004184383701433,2023-07-13,0.21651776629220895,0.4641312611221059,0.26301932057923416,0.0001051233749141209,0.056226528631820025
0.2161200585105324,0.7815391301041132,0.0020812578341438,0.0,0.0002595535515049,2023-07-14,0.21975149020186766,0.4776843503336372,0.2520394332119806,0.00028177541565456974,0.05024295083715418
0.9354332557371708,0.0602020616117791,0.0033179025129413,0.0,0.00104678013853,2023-07-17,0.23313917555080774,0.533650400330801,0.21062156636240958,0.0012194661183773348,0.021369391638025294
0.0545163379913221,0.9194030150069114,0.0260383058291672,0.0,4.234117261140879e-05,2023-07-18,0.21655751779683857,0.4642632178879137,0.2623041213219437,7.103462153643736e-05,0.0568041083717796
0.0883850285437692,0.8900800086030501,0.0214400072900668,0.0,9.4955562849863e-05,2023-07-19,0.21722237844052156,0.46705935759044037,0.2601679021131485,0.00011521466725086879,0.055435147188374605
0.9972471317499192,1.2276770626640131e-05,0.0005725613558223,0.0,0.0021680301237279,2023-07-20,0.23413928859613467,0.5383087645265648,0.20672173941476296,0.0013020182718466063,0.01952818919078664
2.291079585323568e-05,0.9394897038232614,0.0593428047642637,0.0,0.00114458061703,2023-07-21,0.21508667425406688,0.45856420440951257,0.2664999534423738,2.1722130248017196e-06,0.05984699568143017
0.0403516763570997,0.3543894176944985,0.6042636638987768,0.0,0.0009952420492783,2023-07-24,0.2115329147494251,0.44247591979283335,0.28559647478670575,5.4382315545889957e-05,0.06034030835514319
0.0520416633974301,0.8780990226746974,0.0697109329279872,0.0,0.0001483810002039,2023-07-25,0.21614600220817004,0.46249974892863077,0.26413661854417225,6.801220801896682e-05,0.05714961811132653
0.0775216800943402,0.9019832580874086,0.0204139280020565,0.0,8.113381577074003e-05,2023-07-26,0.21702852711200615,0.4662502321497869,0.26075430612990663,0.00010104967888652386,0.05586588492898983
3.019893142394544e-05,7.025635125250966e-17,0.9980084494575826,0.0,0.0019613516109445,2023-07-27,0.20748242149962676,0.42516729059295116,0.3031497243463746,3.7105076991784978e-06,0.06419685305329928
0.038825335098767,0.8585562190682572,0.1024236068449573,0.0,0.0001948389884185,2023-07-28,0.21562949691450398,0.4602989815780563,0.26616872270106534,5.08975446566382e-05,0.05785190126211766
0.3612218560575279,0.6250443699446822,0.0131245820210295,0.0,0.0006091919763196,2023-07-31,0.22233484510723373,0.4885465455351597,0.2440665669204153,0.0004712861156132226,0.04458075632113703
0.0368567897058085,0.8373117284189048,0.1257193322235451,0.0,0.0001121496520309,2023-08-01,0.21542066334899915,0.45934094665643704,0.2672136684527973,4.818062224198143e-05,0.05797654091981375
2.129192796500131e-06,0.0074583037827867,0.9847257261506626,0.0,0.007813840874002,2023-08-02,0.20662637320252927,0.42423557058301353,0.3013597182363254,1.4628497637835471e-05,0.06776370948074152
4.3052880050143945e-05,0.7612312233463256,0.2363714656048408,0.0,0.0023542581688321,2023-08-03,0.21347951403468077,0.45201473539983184,0.27318171651700635,4.4626690536044545e-06,0.06131957137947601
0.2090126933022369,0.7812518835945055,0.0092853744267322,0.0,0.000450048676094,2023-08-04,0.21952921441031092,0.4768287007368042,0.2526887562034713,0.0002728814362473935,0.05068044721273471
0.1026816997823429,0.866453850270596,0.0307015626524789,0.0,0.0001628872948259,2023-08-07,0.21740636599058794,0.46783247872054445,0.25969575563350455,0.00013394955505463356,0.054931450100551976
0.0553161664875626,0.8009587037711761,0.1434516527854816,0.0,0.0002734769553763,2023-08-08,0.21560017841318926,0.4601173322516279,0.26681460894352227,7.250826629243532e-05,0.05739537212496467
0.0373499547301948,0.9477180560052324,0.0147862422205177,0.0,0.0001457470437433,2023-08-09,0.2163072649786118,0.4632953337734455,0.2628257267445478,4.8885384469452243e-05,0.05752278911861354
0.0070824890885504,0.7789415135543021,0.21382123400887,0.0,0.0001547633478752,2023-08-10,0.21415260606170144,0.453888257731703,0.2723703283482947,9.507847109022726e-06,0.059579300010789385
0.0011644744190925,3.9496490739605136e-12,0.9966121226174292,0.0,0.0022234029595374,2023-08-11,0.20747182419888646,0.42524264116727656,0.30297293541996323,5.6773165416569e-06,0.06430692189734069
0.0068248674211758,0.9544435993908404,0.0385414007383616,0.0,0.0001901324498343,2023-08-14,0.21553689269342996,0.46005961724950517,0.26550053183406674,9.238744266861652e-06,0.05889371947894339
0.3331000377466219,0.2875797675309735,0.378585838529578,0.0,0.0007343561925601,2023-08-16,0.21887697857235458,0.4733925535860746,0.25999232235493364,0.0004349186333046818,0.04730322685306574
0.0168681863988901,0.113227286258995,0.8687813395949067,0.0,0.0011231877467916,2023-08-17,0.20896516159956596,0.4312541879444651,0.29729493318776967,2.405702422177562e-05,0.06246166024356067
0.0257223958762431,0.8469907404051515,0.1270427252105976,0.0,0.0002441385083678,2023-08-18,0.21517906866865133,0.45839267631857006,0.26787615877488097,3.393578077307849e-05,0.058518160457484564
0.3657784615098979,0.5907936366706794,0.0429267873778184,0.0,0.0005011144417954,2023-08-21,0.22220110716612965,0.4878742285085631,0.24499769215928713,0.00047701443794207057,0.044449957728269075
0.0650068187152021,0.8689639909497795,0.0658613834277844,0.0,0.0001678069070326,2023-08-22,0.21641725999615877,0.4636442021773613,0.26323704418999544,8.492327850996933e-05,0.056616570357773045
0.0695388464473273,0.8620152623755521,0.0683591761397057,0.0,8.671503705597488e-05,2023-08-23,0.2164959260672243,0.4639293157425368,0.26309246413771514,9.067012287822056e-05,0.05639162392928657
0.0087140020157787,2.0922441835466185e-08,0.989253832274806,0.0,0.0020321447872954,2023-08-24,0.20770376723488435,0.42613847156669865,0.30229234486887085,1.5145361143868023e-05,0.06385027096872409
0.0070722798640159,0.8951738742077708,0.0972332754908167,0.0,0.0005205704373846,2023-08-25,0.21502018208542006,0.4579239068169153,0.2677173051326211,1.0179266728814164e-05,0.05932842669830267
0.083773873838165,0.8615430714022084,0.0544994640718317,0.0,0.0001835906874024,2023-08-28,0.21685800798056504,0.4655085384472527,0.26171043624033946,0.00010937895495965825,0.05581363837649063
0.0570178854887929,0.8816339478458023,0.0612629909447623,0.0,8.517572093996511e-05,2023-08-29,0.21631719381606893,0.4632024585645572,0.2635332108956154,7.437067014582362e-05,0.05687276605391004
0.2590191044502487,0.0173128728011068,0.7229961533335846,0.0,0.0006718694148109,2023-08-30,0.21475319336121806,0.4554373741856122,0.2777713986326726,0.0003383821379845122,0.05169965168226349
0.0038038880887695,8.000052671034409e-07,0.9956111688546532,0.0,0.0005841430508942,2023-08-31,0.20779866145399445,0.4258762121587975,0.303137994344273,6.044307087635436e-06,0.06318108773543127
0.9979683436816428,3.588580395863058e-26,1.4898804384325449e-06,0.0,0.0020301664375505,2023-09-01,0.23418003903535559,0.5384182745485314,0.2066878576383897,0.0013026989109763078,0.01941112986637839
0.1187520247689396,0.8629274362463264,0.0182434880535074,0.0,7.705093149786695e-05,2023-09-04,0.2178218154212633,0.4695491974011203,0.2583030196440931,0.00015470511104505037,0.05417126242274949
0.1010335085084446,0.8339806987449726,0.0647318234112013,0.0,0.0002539693358293,2023-09-05,0.21708958673115156,0.4664782239632998,0.26110574440560635,0.00013197484771303088,0.055194470052677025
0.048427059614555,0.9126575188224232,0.0388360604604077,0.0,7.936110291942316e-05,2023-09-06,0.21633507832180116,0.46332594896007906,0.26314777357064456,6.31784555840366e-05,0.05712802069219638
0.9934936250898224,1.878012666509993e-05,0.0052255794427104,0.0,0.0012620153410068,2023-09-07,0.23418047917253496,0.538067560602197,0.2073164645126035,0.0012954370679581354,0.019140058644910883
0.0773761790315853,0.9140173708064664,0.0085805711606486,0.0,2.587900159598405e-05,2023-09-08,0.2171290402796865,0.46667064205886527,0.2603103857214871,0.00010075687857019882,0.05578917506168714
0.9978459900214854,0.0001055449382117,0.0011523059817746,0.0,0.0008961590589689,2023-09-11,0.23435483207525046,0.5386391558909833,0.20698620833694825,0.0013004170594573044,0.018719386637801018
0.2715476102620606,0.0318136683255871,0.6957491177294169,0.0,0.0008896036828712,2023-09-12,0.215169874818763,0.4573279052559804,0.2759358682614272,0.00035509607826717774,0.051211255585497883
0.2917036323339914,0.6632934123985947,0.0445872975387919,0.0,0.0004156577288435,2023-09-13,0.22080893643502483,0.48204865770702576,0.24933399884389057,0.00038044289292312556,0.04742796412135709
0.0647949783686494,0.890334336271847,0.0447526018408139,0.0,0.0001180835190627,2023-09-14,0.21658943433239558,0.46438619402234266,0.262431820582072,8.455448831766405e-05,0.05650799657524513
0.0970431466940912,0.8787820422407048,0.0239973820833471,0.0,0.0001774289819472,2023-09-15,0.21735129784211704,0.46762561480304105,0.25975327496235584,0.00012663795339264792,0.0551431744391836
0.0325157291258423,0.8804535504732452,0.0867895646503767,0.0,0.000241155750399,2023-09-18,0.21562765773224107,0.4603479567968206,0.26590751589587236,4.2772014368249276e-05,0.05807409756056087
6.177976691498034e-05,0.6828668083776779,0.3135518616828051,0.0,0.0035195501728029,2023-09-20,0.2126742458515355,0.4490075703929474,0.2759557611614258,6.6682035285837345e-06,0.06235575439076351
0.0014917104986496,0.0018967655240646,0.9935647757317768,0.0,0.0030467482455895,2023-09-21,0.20736700129986943,0.42517913109405225,0.30265585416452795,7.644342858223637e-06,0.0647903690987725
0.017505277355893,0.6888517693780171,0.2931970175291336,0.0,0.0004459357368528,2023-09-22,0.2136690844137124,0.4518252860926102,0.27482297128394784,2.3618564457074204e-05,0.05965903964516885
0.0485474111144976,0.8675133783754859,0.0837448731739727,0.0,0.0001943373358057,2023-09-25,0.2159610569459375,0.4617193597572424,0.26487785176123285,6.355030752096278e-05,0.0573781812278282
0.0646618964730156,0.8551262337225993,0.0799633224615219,0.0,0.0002485473428248,2023-09-26,0.2162852842958453,0.4630991394808175,0.2637925923631173,8.462547497880127e-05,0.056738358385202706
0.0605430864737658,0.8973271240019784,0.0419898831290145,0.0,0.0001399063956532,2023-09-27,0.21652787915154284,0.4641465091148705,0.2625627904499596,7.906131481509926e-05,0.056683759969223924
2.753402764769108e-09,3.102284033019384e-48,0.9952585232246878,0.0,0.0047414740222578,2023-09-28,0.20704712350360502,0.4245974598560844,0.30244004609694636,8.874960587192874e-06,0.06590649558312517
0.0604503921225137,0.9333996988639104,0.0060170667336966,0.0,0.0001328422798397,2023-09-29,0.2168135809439288,0.4654133754893253,0.26115829225358267,7.892744670112319e-05,0.05653582386642241
0.0094041634653087,0.0244674690540392,0.9646767457005588,0.0,0.0014516217803708,2023-10-03,0.2080076859255051,0.4272005310461981,0.30141449099483497,1.4957029530077456e-05,0.0633623350042091
0.0140210711542216,0.8525747804622332,0.1329444334186151,0.0,0.0004597149652943,2023-10-04,0.21487664819271338,0.4572181842280049,0.2687326758867947,1.9109511168401592e-05,0.05915338218168274
0.1133186777418454,0.8669762215454613,0.0194494301976219,0.0,0.0002556705154809,2023-10-05,0.21768070598035322,0.4690393394430684,0.2586234842281508,0.00014796771030260614,0.05450850263853439
0.1040044522209546,0.878433305793373,0.0173431558515123,0.0,0.0002190861343948,2023-10-06,0.21752832138894718,0.4683948938288251,0.25908351487014397,0.0001357763658836837,0.05485749354643461
0.0053567573660934,0.9229771444277828,0.0713081254187302,0.0,0.0003579727873892,2023-10-09,0.2152209485767915,0.4587457718713327,0.26683394574997116,7.642094418532916e-06,0.0591916917074817
0.9984402441390574,1.5445095531903419e-09,0.0001443375671603,0.0,0.001415416748904,2023-10-10,0.2342887445844573,0.5385970798236287,0.20679982312256023,0.0013021624387192618,0.019012190030265518
0.1316703823964702,0.8577566163492011,0.0104668524164497,0.0,0.000106148838236,2023-10-11,0.21812185778690962,0.4708265895172693,0.25724995744965756,0.00017157337609689303,0.053630021870423525
0.0382725958476422,0.878732833959838,0.0828858247269134,0.0,0.0001087454652824,2023-10-12,0.21578873153072614,0.46096746727610893,0.2654526017678317,5.0016983225576853e-05,0.057741182441783646
0.0546013561654121,0.221959211092856,0.7224108118036281,0.0,0.0010286209382218,2023-10-13,0.21085514270228545,0.43940216405524857,0.28940653150168,7.299136693898729e-05,0.06026317037396489
0.0641573922191267,0.8261076654165965,0.1094852941260733,0.0,0.0002496482379993,2023-10-16,0.21604066964247357,0.462015218680521,0.2649795783370865,8.397090152663255e-05,0.05688056243818801
0.0646762052835044,0.895459588973283,0.0397716821166331,0.0,9.252362694430632e-05,2023-10-17,0.21663103877222048,0.464559209638637,0.26224876713595785,8.435205773405675e-05,0.05647663239581539
0.0001011825750273,8.254766555004216e-15,0.998528828396972,0.0,0.0013699890282766,2023-10-18,0.20757674203692492,0.42529582741496463,0.30329444134710837,2.6960002165115846e-06,0.06383029320106952
0.0164816777126892,0.7320157954549449,0.2511096443464858,0.0,0.0003928824856622,2023-10-19,0.213993495593431,0.4532467017512564,0.27324200172419444,2.218700173542415e-05,0.05949561392916473
0.0255536018117744,0.8552197463511372,0.1190196204164555,0.0,0.000207031420215,2023-10-20,0.2152458398081098,0.45867215214489965,0.26757912699923214,3.364663200938544e-05,0.058469234415331056
1.5359722222064358e-12,6.690446731485017e-41,0.9988019839153636,0.0,0.0011980160827035,2023-10-23,0.20760091072475323,0.4253193799064149,0.3033482998135939,2.242412630141386e-06,0.06372916714221079
9.430639714928084e-07,1.7534603186120426e-08,0.9988272774433504,0.0,0.0011717619576946,2023-10-25,0.2076050392148994,0.4253248364027197,0.30335493739997826,2.1944983378111574e-06,0.06371299248368444
2.5233589508338646e-09,5.751433006844334e-23,0.9959114215643472,0.0,0.0040885759123556,2023-10-26,0.2071491613046183,0.424730476913315,0.30260739591455577,7.652884067208802e-06,0.06550531298350536
0.9979883934077984,1.3409038662027409e-08,6.636885592605705e-05,0.0,0.0019452243272039,2023-10-27,0.23419385087315805,0.5384378561833476,0.20670769166220218,0.001302566014320575,0.019358035266938377
0.0454147332416592,0.9507656838224036,0.0037341058404871,0.0,8.547709522480528e-05,2023-10-30,0.2165567805002649,0.46433075698864107,0.2619421964028426,5.926923044490341e-05,0.05711099687758115
0.0045470164508574,9.834342014935873e-19,0.9933047203453929,0.0,0.0021482632037955,2023-10-31,0.20757409622158282,0.4256418648509744,0.30266529444421053,9.939196622237115e-06,0.0641088052866557
0.021642926770712,0.2658936148965486,0.7111915786802604,0.0,0.001271879652746,2023-11-01,0.21028468631505362,0.4371658887053576,0.2908056803239661,3.054987234801739e-05,0.06171319478354154
0.1401611792065837,0.850548522720648,0.0088404088471314,0.0,0.0004498892252863,2023-11-02,0.21823801580398688,0.47146529284667804,0.256624071701072,0.0001832679184105171,0.05348935172950181
0.1127444219308835,0.852631618609604,0.034362526543815,0.0,0.0002614329153937,2023-11-03,0.21755027673606164,0.4684655951438771,0.25924029977297397,0.00014723107745900606,0.05459659726932446
0.4727364690209945,0.5236175180424656,0.0024288127637093,0.0,0.0012172001724794,2023-11-06,0.22441715873824064,0.4974918345187748,0.23711293070130343,0.0006175652533947683,0.040360510787934914
0.0686918860269386,0.851124880418402,0.0800415270373614,0.0,0.0001417065170541,2023-11-07,0.21637799448097333,0.46343677176440645,0.26358749398990833,8.967069880707449e-05,0.05650806906566082
0.0849082126853904,0.8305853158717369,0.0843314020513936,0.0,0.0001750693913727,2023-11-08,0.21664332563901761,0.46454399277038405,0.26281758688090523,0.00011083939604192515,0.055884255313544705
0.0991503276881582,0.3443972753565167,0.5554499713293499,0.0,0.0010024256257094,2023-11-09,0.21302593190865576,0.4487946067520103,0.28030415698879463,0.00013092474585823784,0.057744379604415204
0.2746675155343046,0.5218951311994142,0.2028255414726482,0.0,0.0006118117937702,2023-11-10,0.21919703484598746,0.4750736159716844,0.2564777543407086,0.0003586368067286514,0.048892958035028
0.0757130650610827,0.8559699970704432,0.0681333964441457,0.0,0.0001835414239112,2023-11-13,0.21659792723888557,0.46439652551634064,0.26270812692856943,9.888737196952773e-05,0.0561985329438176
0.1171489546067905,0.8804490900018817,0.0005808073352515,0.0,0.0018211480560662,2023-11-15,0.2176457800093498,0.46963169033654223,0.2573234592635916,0.00015588319767149484,0.05524318719283465
0.0329042333059534,0.9630424776614632,0.0032595761219556,0.0,0.0007937129108432,2023-11-16,0.21620897199132907,0.46320078719287006,0.26248805466235325,4.4311930207308895e-05,0.05805787422345572
0.0209452558187613,0.8874438324959315,0.0914559038432435,0.0,0.0001550078420854,2023-11-17,0.2153870855077108,0.4592995286665964,0.2667735522428734,2.755129439655141e-05,0.05851228228844454
0.0347955638756627,0.8822331985775853,0.0827810127471748,0.0,0.0001902247994136,2023-11-20,0.21571079701297208,0.4606800413017571,0.26563041673687654,4.564398665023398e-05,0.05793310096158037
0.1151301307452385,0.8465636586202239,0.0380292203225646,0.0,0.0002769903124028,2023-11-21,0.21756340438329586,0.46851856720929935,0.25924381852230666,0.00015036530041855184,0.05452384458510925
0.061152354409117,0.8892603871411855,0.0494556689583391,0.0,0.0001315894915056,2023-11-22,0.21648128711720566,0.4639320207530729,0.2628225298503539,7.983873600201615e-05,0.05668432354351267
0.0514231042351806,0.8743625419763883,0.0740536469896483,0.0,0.000160706798964,2023-11-23,0.21609778476944294,0.4622948662597791,0.26433983557812574,6.723019763452069e-05,0.057200283195198806
0.0707803183446235,0.8459517253458382,0.0830165353356118,0.0,0.0002514209736315,2023-11-24,0.21637557185160913,0.4634684710708988,0.263560501720693,9.259424408813476e-05,0.05650286111241584
0.0976018564379282,0.8861540337567824,0.0161523940630732,0.0,9.171574179861177e-05,2023-11-28,0.2174383155231693,0.4679672502441961,0.2594320173318445,0.00012720470263639079,0.05503521219773606
0.9982497471559238,2.6677184693372218e-08,5.528573766695808e-05,0.0,0.0016949404289786,2023-11-29,0.2342399612097773,0.5385185112108419,0.20674658536944857,0.0013024377031883706,0.019192504506497714
0.0522046649209016,0.9172295099124722,0.0305068142923155,0.0,5.901087420285789e-05,2023-11-30,0.21647574645265039,0.4639205685349535,0.26260853177474497,6.805708106721918e-05,0.05692709615647609
0.6924248275780809,0.2574459416485493,0.0296943678390443,0.0,0.0204348629343498,2023-12-01,0.225175088963448,0.5090960324753825,0.22139858423116937,0.0009394702184341971,0.04339082411158993
0.2598733180042654,0.4757232217313757,4.755597122327507e-09,0.0,0.2644034555083779,2023-12-04,0.17720711077666515,0.4180181697339512,0.1921043698751237,0.0008331392593161431,0.21183721035455977
0.1036241466194727,0.8923569300523159,0.0016093248995993,0.0,0.0024095984289946,2023-12-05,0.21728660934276298,0.46839795133282847,0.2580125224982596,0.00013938152069091372,0.056163535305840374
0.1128936458515539,0.852073351406016,0.0348243226953446,0.0,0.0002086800469564,2023-12-06,0.21755807205797342,0.4684735325749188,0.2592613027725264,0.00014732655750944755,0.05455976603694287
0.0393119043574028,0.8835975212988305,0.0769094210233173,0.0,0.0001811533205866,2023-12-07,0.21584394584407116,0.46124274809249366,0.2651427393263057,5.150521911624007e-05,0.057719061518150386
0.0724625053436301,0.9018121889400716,0.025581505495098,0.0,0.0001438002212357,2023-12-08,0.21688197039792453,0.4656572025237554,0.26123389160451477,9.458224164195444e-05,0.05613235323219875
0.0467559389675647,0.8869781116855469,0.0662051336151611,0.0,6.081573154312493e-05,2023-12-11,0.21608888552570804,0.46223173270835527,0.264321532870269,6.096870718237072e-05,0.057296880188301036
0.0134841821116591,0.0038084492303687,0.9815020844282714,0.0,0.0012052842299183,2023-12-12,0.20799096849135856,0.4269830519117388,0.3018938581435396,1.9806262358157934e-05,0.06311231519122214
0.0358723181820988,0.8984819186357685,0.0653835909095131,0.0,0.0002621722730258,2023-12-13,0.21585768371365158,0.46136233843881463,0.26487041360457886,4.718009813316952e-05,0.05786238414522802
0.4011599864966459,0.596734173465772,0.0002410879599046,0.0,0.0018647520776147,2023-12-14,0.22298220416454423,0.49182230543528277,0.24099570226078165,0.0005256174392542105,0.04367417070007419
0.9980657914701212,1.5703226450772403e-08,1.336938213783802e-07,0.0,0.0019340591330996,2023-12-15,0.23419766728472785,0.5384489155908213,0.20670307339781202,0.0013026458525469964,0.0193476978743602
0.0387698468611804,0.8952177034981323,0.0659435790871748,0.0,6.887055380458728e-05,2023-12-18,0.2159394641237654,0.46161512630493784,0.26476800093131325,5.058954016482148e-05,0.057626819100110784
0.0294243763036287,0.9180778119865556,0.0518077355312799,0.0,0.0006900761783157,2023-12-19,0.21577419036528592,0.46123646491035986,0.2646150626107475,3.9588761713780715e-05,0.058334693351672774
1.5904633771504884e-19,9.93554953207029e-87,0.8590553061455889,0.0,0.1409446938539861,2023-12-20,0.18576068121394385,0.39684832872879267,0.26752865569602446,0.0002638162925614444,0.14959851806825242
0.9187405039581868,1.8892211346130103e-16,0.0018205994698775,0.0,0.0794388965714826,2023-12-21,0.21996184134386565,0.5136552565148941,0.1945034313722415,0.0013444719278556643,0.07053499884068985
0.0727552213273472,0.9187772267176396,0.0081536604624104,0.0,0.0003138914929368,2023-12-22,0.21699823581441882,0.4662558542857078,0.26049640068832053,9.528159617036217e-05,0.056154227615716416
0.2162753414487822,0.7550542262147201,0.0284935359085645,0.0,0.0001768964280946,2023-12-26,0.2195577876919358,0.4767819990214056,0.2530847182757719,0.0002818228078392108,0.05029367220320878
0.9985556856438352,3.3864231756629074e-16,9.562745187422762e-06,0.0,0.0014347516112503,2023-12-27,0.23428881245944816,0.5386062431119835,0.2067837106322031,0.0013023488812724192,0.019018884915365863
0.1805243905255338,0.8093253653741967,0.0100599044455604,0.0,9.03396546667043e-05,2023-12-28,0.2190464020089257,0.4746615973917786,0.25443273364867863,0.00023512938656183464,0.05162413756401282
0.0519718759953831,0.8510191054890718,0.0967633343780938,0.0,0.0002456841377978,2023-12-29,0.21591341569829975,0.46151414183063927,0.2651808727484445,6.810350596257013e-05,0.057323466217000324
0.044328859487572,0.887550560717709,0.0679612857785656,0.0,0.0001592940165343,2024-01-01,0.21601309338545194,0.46195644674395026,0.26450839311539465,5.799408727970592e-05,0.05746407266830427
0.0036602178680991,0.7841366495886403,0.2120626270256681,0.0,0.000140505517843,2024-01-02,0.21410458696886064,0.45368649882464024,0.2725008977807264,5.0269259001931545e-06,0.05970298950012293
0.0004237507665856,1.2659995132230786e-10,0.997926882481859,0.0,0.0016493666249818,2024-01-03,0.2075417127416316,0.4252755200753007,0.3031916576081537,3.638767735709816e-06,0.06398747080720452
0.1396971498745398,0.849966234884439,0.0100389362207281,0.0,0.0002976790205786,2024-01-04,0.21824475075691485,0.4714230397537808,0.2567307768047165,0.00018237906143560499,0.05341905362343761
0.0674622352612103,0.8670672542219909,0.065390057640382,0.0,8.045287636446186e-05,2024-01-05,0.21648153282849955,0.46387359569793113,0.2630965509489282,8.795560239265691e-05,0.05646036492219615
5.57330867029179e-08,7.389372836165365e-38,0.9979068116674514,0.0,0.0020931325990804,2024-01-08,0.20746101944414963,0.42513702119428864,0.3031188595989167,3.917938951932909e-06,0.06427918182331153
0.306848645577401,0.3871954592288762,0.3041874651253609,0.0,0.00176843006869,2024-01-09,0.2188055660984146,0.4737259462208583,0.2583559860900154,0.0004026868628064452,0.04870981472823317
0.1330102863628382,0.84036234815255,0.0263340420681637,0.0,0.0002933234165364,2024-01-10,0.2179900360240505,0.4703252689697793,0.25775493283766027,0.00017366766706436305,0.053756094501533756
0.0513765653902732,0.9029391137438824,0.0456160588019113,0.0,6.826206411376239e-05,2024-01-11,0.21633840960179918,0.4633192198243956,0.26324685868064956,6.699658987710325e-05,0.057028515303459155
0.9819264374126908,0.0154534852171847,4.039526629150555e-05,0.0,0.0025796821035636,2024-01-12,0.23378780428729842,0.5370321951045626,0.20749105229895493,0.0012828482449819777,0.02040610006393235
0.1190690192785103,0.8797938111187323,0.0009530103891215,0.0,0.000184159213869,2024-01-15,0.21794778868264342,0.4701599466102549,0.2575831969938044,0.00015531817534497548,0.054153749538185476
0.0035287693325881,0.8991209242663282,0.0935455167024491,0.0,0.003804789698372,2024-01-16,0.21444348487403364,0.45699223084988083,0.26706309846077897,1.1714543470508876e-05,0.06148947127157337
1.6749323098563357e-12,0.026412101454061,0.0005869294317937,0.0,0.9730009691128286,2024-01-17,0.0559334397715201,0.22826500248585777,0.05322107759568608,0.0018212357011202697,0.6607592444461736
0.0001545499120829,0.935498846350436,0.0362010572790049,0.0,0.0281455464586287,2024-01-18,0.21083860621129205,0.4529369862025569,0.259722963990423,5.28831913951322e-05,0.07644856040448543
0.0503924813967735,0.917103514376497,0.0164024053289277,0.0,0.016101598897696,2024-01-19,0.21391903657890235,0.4604420214776127,0.2586766004049201,9.57265085773609e-05,0.06686661502988162
4.728311090280725e-29,6.910482473459073e-171,0.2244832222181364,0.0,0.7755167777815308,2024-01-23,0.08658694645954434,0.26756486692917003,0.1048761577918138,0.0014515903759064058,0.5395204384432323
0.8488293460389945,2.0050361303722014e-34,5.8449419921247195e-09,0.0,0.1511706481162597,2024-01-24,0.20688021452446126,0.49110626231383514,0.18287372247168318,0.0013877450005035665,0.11775205568971271
0.0037446111071411,0.5943772725472674,0.3986328665707551,0.0,0.0032452497746141,2024-01-25,0.21211144862497702,0.4463514279376352,0.2791419357684126,1.094813985500349e-05,0.062384239528897746
0.9952341060528034,9.166305890872927e-77,2.536795265816416e-19,0.0,0.0047658939470069,2024-01-29,0.233679309509559,0.5375505824700749,0.20625088663015645,0.0013042608400030656,0.0212149605500165
5.571297471258414e-09,2.435534095641645e-37,0.9989857141428776,0.0,0.0010142802861583,2024-01-30,0.20762962591771997,0.42535681363819317,0.3033953941399627,1.8985084108217409e-06,0.06361626779604657
0.9973905425411356,2.085716067398069e-30,1.7399204235341288e-07,0.0,0.0026092834671625,2024-01-31,0.23407406804967026,0.5382347092634143,0.20659526001173675,0.0013030308527167008,0.01979293182280214
0.0353357674166691,0.8392432157795148,0.1253005971185896,0.0,0.0001204196853026,2024-02-01,0.2153940343839057,0.4592349472024883,0.26728276584994953,4.621642565218023e-05,0.05804203613808025
0.0055254063437254,0.9924487321008404,0.0001808229350284,0.0,0.0018450386205292,2024-02-02,0.2155459370390482,0.46091927593225435,0.26371084448600646,1.0645046124840086e-05,0.05981329749668959
0.0050332544806926,5.10102241009886e-05,0.993453788886164,0.0,0.0014619464085975,2024-02-05,0.20769477626479377,0.4258386822919206,0.30279221699247555,9.287428048564482e-06,0.06366503702231642
0.4286498786429975,0.5659556281758877,0.0046802349407345,0.0,0.000714258240414,2024-02-06,0.22365278886253515,0.49408808609003185,0.23984143762306578,0.0005592432593738907,0.04185844416502687
0.1878967694736022,0.107653190718919,0.7037261557590573,0.0,0.000723884048658,2024-02-07,0.2135605387340517,0.45054995120784513,0.281087175793033,0.00024591070666770136,0.05455642355863875
4.57754046777618e-10,7.7809176884552e-54,0.9935303079784068,0.0,0.0064696915636856,2024-02-08,0.20677702995324776,0.42424536414050934,0.3019970723726593,1.2109786325753807e-05,0.06696842374710418
0.0368064688119101,0.9334535762976748,0.0296633018655317,0.0,7.665302486461986e-05,2024-02-09,0.21618999578844406,0.46274316666620735,0.2634556121115396,4.804868584213164e-05,0.05756317674794797
1.522349608181951e-05,6.924639113187847e-13,0.9986452309227972,0.0,0.0013395455807604,2024-02-12,0.2075791993031825,0.4252922734874685,0.3033105519483466,2.5271375783475686e-06,0.0638154481237559
0.0649114093134781,0.9311433275383522,0.0032237888494469,0.0,0.0007214742991435,2024-02-13,0.21682302258403338,0.46571996097381907,0.26066481296289096,8.583543802165808e-05,0.056706368041655526
0.9479793610238502,1.2470433511078926e-28,0.0010312413183256,0.0,0.0509893976581766,2024-02-14,0.2251905907436343,0.5227699483726068,0.19896981598438276,0.0013292765955712873,0.05174036830415689
0.0786033388368176,0.899162873154268,0.0219042255305605,0.0,0.0003295624779593,2024-02-15,0.21699620496935554,0.4662226243910655,0.26069674866598114,0.00010292250620333828,0.055981499466999866
0.1206157171826853,0.8599744110090856,0.0191283827643818,0.0,0.0002814890441878,2024-02-16,0.217816242717908,0.46961462032761103,0.25818636329561234,0.0001575134486954038,0.0542252602105136
0.0759375376029619,0.899901110014989,0.024016566081369,0.0,0.0001447863002886,2024-02-19,0.21695961144730208,0.4659838163013408,0.26097277864409024,9.910699193349741e-05,0.05598468661494178
0.4064888071345231,0.4662533089934516,0.1268424304164458,0.0,0.00041545345522,2024-02-20,0.22231291119027716,0.4881070632014926,0.24597145922667732,0.0005298403732924618,0.043078726007900844
7.154024574159505e-05,3.4152874846880903e-16,0.9982320685390784,0.0,0.0016963912155566,2024-02-21,0.20752493712391235,0.4252259640463827,0.3032136432006967,3.2683698293602665e-06,0.06403218725955571
0.0096712452828627,0.967036564016705,7.352366539925696e-05,0.0,0.0232186670354158,2024-02-22,0.2121142899147464,0.4561364335434485,0.25882874002158784,5.6047587868124325e-05,0.07286448893273177
0.2324128543479122,0.3350992808907157,0.4305548459683003,0.0,0.0019330187931614,2024-02-23,0.2163730768166857,0.46340129466757635,0.26755146918962064,0.00030611353806375436,0.0523680457881431
0.0116027183537353,0.889731543939027,0.0985528786652386,0.0,0.0001128590419878,2024-02-26,0.21516183963137278,0.4583286671292224,0.2675974954086033,1.5312685437343018e-05,0.05889668514535284
0.8037903209145815,0.0001416915738215,0.1946904667399185,0.0,0.0013775207718334,2024-02-27,0.22908627086964398,0.5165172363190247,0.22561562601996513,0.0010487462238425536,0.027732120567678157
4.829181915435568e-10,4.1392370319073085e-42,0.9981931341372386,0.0,0.0018068653797114,2024-02-28,0.20750575707396124,0.42519533708750934,0.30319224049269944,3.3820401548151465e-06,0.06410328330554331
0.0235312192006961,0.9406413855975024,0.0356798608089324,0.0,0.0001475343925129,2024-02-29,0.21588082845289536,0.4614762428734178,0.2644384047414358,3.090304883765155e-05,0.05817362088305717
0.9906135242975062,6.00913844786597e-76,8.365465735216334e-17,0.0,0.009386475702818,2024-03-01,0.23283352134289062,0.5360847846106556,0.20551309569282653,0.0013068956275572204,0.024261702726393962
0.1072267664915774,0.8503868786136005,0.0422533326774513,0.0,0.0001330222175182,2024-03-04,0.2174048088011955,0.4677861079356118,0.2598945291577419,0.00013980925507677637,0.05477474485052127
0.0251382611603257,0.8739804966422603,0.1007383167324069,0.0,0.0001429254646541,2024-03-05,0.21539404742190793,0.4593016713281996,0.26689964143301703,3.298605649748582e-05,0.058371653760024844
0.9239436423306118,0.0546834204833914,0.0159305482796565,0.0,0.0054423889065476,2024-03-06,0.23210078810932008,0.5312556049247423,0.21082180507071185,0.0012127394664778702,0.0246090624289548
0.0569756278846936,0.8733756261260777,0.0696052970590303,0.0,4.344892992054487e-05,2024-03-07,0.2162568613855536,0.4629140527171568,0.26387199618631185,7.423756702137696e-05,0.05688285214367841
4.220504515734713e-05,5.396893978223435e-19,0.9982055926629244,0.0,0.0017522022921572,2024-03-11,0.2075154296074885,0.42521126395518305,0.3032021728513465,3.334654393824902e-06,0.06406779893182692
0.0147052271582658,0.8970896088520034,0.0867473832912738,0.0,0.0014577806981367,2024-03-12,0.21509324162954407,0.4586670607076404,0.2666642445058143,2.186812097437539e-05,0.05955358503570653
7.78144727672042e-22,5.033527465948533e-106,0.809407393403461,0.0,0.1905926065961245,2024-03-13,0.17800148560148735,0.3867333958582801,0.25480298239937105,0.00035674585177290395,0.18010539028867387
0.951282981002831,0.0005961551356875,0.0015763464736288,0.0,0.0465445173882452,2024-03-14,0.22597841734406385,0.5240715631294379,0.19976645770483428,0.0013252565984570575,0.04885830522359922
0.002075922005496,0.9293859166472168,0.0679485674000709,0.0,0.0005895939474705,2024-03-15,0.21514794630926665,0.45855290042063684,0.2668402073591603,3.8054874312471207e-06,0.05945514042375909
0.0152739890963183,0.9531484718841476,0.0314901857543213,0.0,8.735326533285633e-05,2024-03-18,0.2157687769167241,0.4609937129942308,0.26476113627781706,2.004326188420882e-05,0.05845633054946393
5.074163499008326e-05,3.9846229921819937e-05,0.9936710496924536,0.0,0.0062383624426707,2024-03-19,0.20681485821749865,0.42429966208718733,0.3020498991547577,1.1742832851919461e-05,0.06682383770774036
0.0183948592390664,0.9351054077032198,0.0460498036761305,0.0,0.0004499293818285,2024-03-20,0.21565204425749407,0.4606358462236945,0.2650744890183003,2.478386889195554e-05,0.058612836631864305
0.122671167004179,0.8717003988863775,0.0052228027106844,0.0,0.00040563139889,2024-03-21,0.21794517200213134,0.4702373879375166,0.25749584144482474,0.00016042107156485701,0.0541611775440933
0.916914763052038,0.0053076246203671,0.0605174205473393,0.0,0.0172601917798255,2024-03-22,0.2296727812978094,0.5263036487822073,0.21040918442970816,0.001225711305764889,0.03238867418407995
0.0129028004614429,0.9051245132434552,0.0817767119309735,0.0,0.0001959743644469,2024-03-26,0.21530614764264797,0.4590037671411727,0.26684662099687745,1.7160371363135937e-05,0.05882630384825714
0.1831147159185844,0.8002839234275204,0.015852802412185,0.0,0.0007485582418525,2024-03-27,0.21894090394094629,0.47450168467767634,0.25436841289414136,0.00023973284187989936,0.05194926564549834
0.8800263811597625,0.049124730877534,6.567023821663522e-05,0.0,0.0707832177245745,2024-03-28,0.22066941400390924,0.5127623161000312,0.19853615521833254,0.0012778823700054505,0.06675423230780896
0.1197029546573874,0.864760876065579,0.0148476538204221,0.0,0.0006885154562851,2024-04-01,0.21776629448012516,0.46959740319390825,0.2579824558898559,0.00015708730937429832,0.054496759126409944
0.067313574083594,0.8433684626656637,0.0891183744423269,0.0,0.0001995888086936,2024-04-02,0.21627033147221553,0.4629941845604599,0.2640101769577929,8.798510871853123e-05,0.056637321901091206
0.0195779481294728,0.9202612967717464,0.0600169666574698,0.0,0.0001437884412778,2024-04-03,0.21561341817397586,0.46030743548422326,0.2656210128343129,2.5750684225967825e-05,0.058432382823228705
0.0036178031505669,0.9931507984179402,0.0021249610355003,0.0,0.0011064373956522,2024-04-04,0.21561590196378447,0.4608780757674227,0.26405697421479346,6.7797252892822375e-06,0.059442268328369685
0.0562029263862515,0.8693692615373811,0.0742992772164044,0.0,0.0001285348603579,2024-04-05,0.21619099944090334,0.4626673051337664,0.2640820489070161,7.339112408585563e-05,0.05698625539462324
0.56831031628644,0.4129729552608176,0.0182189981973549,0.0,0.0004977302549329,2024-04-08,0.2262069470891342,0.5045722676682054,0.23240176940688542,0.000740612060121003,0.036078403775199185
0.1955437355431549,3.717848501400778e-05,0.8030014622901451,0.0,0.0014176236816721,2024-04-09,0.21280033083831063,0.44746997640950964,0.28439252203445115,0.0002571620855182567,0.055080008632196316
0.0733048169105723,0.8943487514140825,0.0322438152652106,0.0,0.0001026164105273,2024-04-10,0.21685155329993452,0.465497200186171,0.2614558634719907,9.560145983449662e-05,0.05609978158246195
9.763078840338347e-06,3.2333479232232935e-08,0.9971209173824468,0.0,0.0028692872051687,2024-04-12,0.20733997862646258,0.4249799955767618,0.3029189774759337,5.383357726599666e-06,0.06475566496305028
0.0002132163917283,0.8916663694505625,0.1042170834169167,0.0,0.0039033307408673,2024-04-15,0.21428002241459762,0.4563321625471313,0.26765073832481184,7.583654451930265e-06,0.061729493059082007
0.0065173542514877,0.8765058592524847,0.1164886181065961,0.0,0.0004881683898121,2024-04-16,0.2148618274167773,0.4572072054603578,0.2685116590291289,9.396357839718189e-06,0.059409911736276855
1.0585571362173574e-06,7.001592933406486e-11,0.9750730211987518,0.0,0.0249259201742543,2024-04-18,0.20389263715276698,0.420485335961684,0.29726629922102243,4.665701032720581e-05,0.07830907065435742
0.8614864295447136,2.5825325310581318e-26,1.02586574949396e-05,0.0,0.1385033117974191,2024-04-19,0.2091986704750751,0.4951235870893266,0.1848973690200942,0.0013805083794258492,0.10939986503570559
0.102879544174468,0.8939738564708075,0.0017460244226502,0.0,0.0014005749320471,2024-04-22,0.2174372438796288,0.4685762047835224,0.2582796764612137,0.00013652372679826303,0.05557035114880967
0.5279273461352469,0.0575739002501835,0.4124405434897481,0.0,0.0020582101249002,2024-04-23,0.22205388219286312,0.4870998535055325,0.2498482257869769,0.0006909727423725652,0.04030706577233345
0.0796225488831238,0.8585877718027929,0.0617047049158291,0.0,8.497439818517158e-05,2024-04-24,0.2167387966137679,0.46495292460682347,0.26225285983136276,0.00010379123904792953,0.05595162770892889
0.9969037299497516,1.3572304678982751e-28,8.351799619590397e-06,0.0,0.0030879182504901,2024-04-25,0.23398623605107877,0.5380819426683254,0.20651962438157243,0.0013032931401563614,0.020108903758727998
4.499351091827418e-05,4.875027775435161e-23,0.9992925607805406,0.0,0.0006624457083886,2024-04-26,0.20768581622031798,0.42543360014310166,0.3034812280223738,1.2985081432362129e-06,0.06339805710591065
0.9986868487149968,5.375853210770005e-12,1.4461453970211675e-05,0.0,0.0012986898259466,2024-04-29,0.23431358718773831,0.5386488503084219,0.2068059097130305,0.0013022649190722309,0.018929387872026145
0.0068734326879255,0.940260981164341,0.052812320936036,0.0,5.326521126213579e-05,2024-04-30,0.2154467122795362,0.4595913506127977,0.2660873590853064,9.04576983207274e-06,0.058865532252092186
0.1406222827529959,0.7172100321626524,0.141846230854527,0.0,0.0003214542299595,2024-05-02,0.2172092729781415,0.4668273865216363,0.261843815971936,0.00018362766359924438,0.053935896864821656
4.159937472484836e-09,1.2275031976978517e-23,0.9857849617638756,0.0,0.0142150340758032,2024-05-03,0.2055665536330804,0.4226673804069488,0.3000117982553176,2.6607304248858686e-05,0.07172766040002056
0.059439293095882,0.0049352149604607,0.934640022003918,0.0,0.000985469939632,2024-05-06,0.20926421138247414,0.43228355117841805,0.29746473074405705,7.920738199173215e-05,0.06090829931295157
7.977555299449786e-05,2.7427503559776743e-11,0.998606571363196,0.0,0.0013136530564914,2024-05-07,0.20758497354418973,0.4253048752529661,0.3033109501412201,2.562689973724248e-06,0.06379663837175943
0.017725087431216,0.8961270969007186,0.0860398445418661,0.0,0.0001079711260029,2024-05-08,0.21537735802288532,0.4592507673752958,0.266756138763996,2.3272064161788187e-05,0.05859246377346459
6.775353598641746e-14,4.786302910462241e-29,0.9905599848388866,0.0,0.0094400151613896,2024-05-09,0.20631281461856468,0.42364021027393933,0.301235723840597,1.7669553450476532e-05,0.06879358171379232
0.0800806396549938,0.9073574119560538,0.0123163394600081,0.0,0.0002456089289312,2024-05-10,0.21711407852994713,0.4666972554005638,0.26025399242079694,0.00010468813514555101,0.055829985513533506
0.0018295817985849,0.9929389094903288,0.0044981432993023,0.0,0.0007333654113671,2024-05-13,0.21562466185624776,0.4607436267076632,0.2643337326100882,3.753972372997053e-06,0.05929422485321087
0.6939921138475189,0.2786251212826375,0.0263393218741612,0.0,0.0010434429961327,2024-05-14,0.22841616365607326,0.5139737391746216,0.22538655239598296,0.0009052137976842429,0.03131833097608794
0.0283620630776435,0.9165735348876596,0.0549322461809805,0.0,0.00013215585401,2024-05-15,0.21582098176374673,0.4611763515225599,0.2649197521447498,3.716181568036697e-05,0.0580457527535568
0.0035842826221543,0.9609828870543043,6.717461185320548e-06,0.0,0.0354261128623955,2024-05-16,0.20999537012225392,0.4527443772873603,0.2565255216878748,7.0974694978969e-05,0.08066375620757146
0.0558428652888132,0.916897360123866,0.027130419321351,0.0,0.0001293552662023,2024-05-17,0.21655948052633145,0.4643074205262909,0.26225192434686584,7.292402462849709e-05,0.05680825057611569
0.8341944164036476,0.0039502361663036,0.1601576843691202,0.0,0.0016976630607379,2024-05-21,0.22988026906779352,0.5200375624444434,0.22244578567862136,0.0010889177005976804,0.026547465108352958
0.0785008084878985,0.8929997315688016,0.0284436892713758,0.0,5.577067184927557e-05,2024-05-22,0.2169872017762203,0.46604876707667736,0.26101863940640996,0.00010227658276494431,0.055843115157852556
0.9937154923333864,3.709923259058425e-72,1.4617150555939025e-18,0.0,0.006284507666399,2024-05-23,0.23340133033254373,0.5370688291201093,0.20600840213385926,0.0013051267968755365,0.02221631161639731
0.0466211105742345,0.8982001541370996,0.0551127781241248,0.0,6.595716430464355e-05,2024-05-24,0.21617378258971903,0.46261232493133536,0.2638929610179851,6.080284579350123e-05,0.057260128614930524
0.016295721533593,0.7711553392710696,0.2121631372971823,0.0,0.0003858018980548,2024-05-27,0.21430111199157387,0.45461147022735854,0.27172619179913426,2.193171849297205e-05,0.059339294263340045
0.1026912286497854,0.3059863883437553,0.5903754407149816,0.0,0.0009469422911043,2024-05-28,0.2128236824404669,0.447849141404712,0.28148318157960844,0.0001354295292590337,0.057708565045580154
0.0016042867068039,0.8817884148087638,0.116019200867096,0.0,0.0005880976170697,2024-05-29,0.21475675937189806,0.45681607109803907,0.26875360617495286,3.1888329305277774e-06,0.05967037452191282
1.0427049119650173e-05,0.1461475101921447,0.8448907286022805,0.0,0.0089513341567681,2024-05-30,0.20755256171610598,0.42891043859520206,0.2956260398167564,1.6768425418815463e-05,0.06789419144682958
0.0103050463155929,0.9425884250434567,0.0417293926664489,0.0,0.0053771359746139,2024-05-31,0.21472503900652273,0.45897851129121475,0.2642997952898661,2.347723393978408e-05,0.06197317717856905
2.4723987661510797e-10,9.637809848213809e-08,6.109651245444482e-24,0.0,0.999999903374378,2024-06-03,0.05150373049821928,0.2218301834373997,0.047336999586662175,0.0018717715431606865,0.6774573149342742
0.0,0.0,1.2570579722197393e-64,0.0,1.0,2024-06-04,0.0515037146235694,0.2218301603145464,0.0473369786250051,0.0018717717237,0.6774573747131787
1.09890156870481e-20,1.0502267373197598e-56,3.139108333130473e-66,0.0,1.0,2024-06-05,0.0515037146235694,0.2218301603145464,0.0473369786250051,0.0018717717237,0.6774573747131787
0.0222387915832199,0.8406121061729825,0.0001088244123759,0.0,0.1370402778316858,2024-06-06,0.19365596525449044,0.429901739314622,0.2333997182094228,0.0002854528648210498,0.1427571243569078
0.7995934742541481,7.881610895520812e-141,4.907605918048476e-31,0.0,0.2004065257461669,2024-06-07,0.19786768663107626,0.475487051400868,0.1750119879885039,0.0014158207103538727,0.15021745326951264
0.013176095885764,0.9434436010086168,0.0426429719169304,0.0,0.0007373311885737,2024-06-10,0.21553381353297946,0.4602799043476422,0.2651780424718212,1.8529373557704987e-05,0.058989710273884284
0.0329726563451872,0.90612987325476,0.0607122635317126,0.0,0.0001852068679397,2024-06-11,0.21585297214122762,0.4613194311421637,0.26487031574895764,4.3262001343343826e-05,0.05791401896590712
0.0749298194238425,0.8820871674908526,0.0428593056883791,0.0,0.0001237073970311,2024-06-12,0.21679416582652872,0.4652436265140399,0.26177448108829604,9.775594830363907e-05,0.05608997062293693
0.4382204345572367,0.4506716397396071,0.1103867153903501,0.0,0.0007212103129125,2024-06-13,0.22299037273873004,0.4910951290825497,0.24343776218537744,0.0005717127639536748,0.04190502322949535
0.0884464523554819,0.8738150081855449,0.0375965200276902,0.0,0.0001420194312578,2024-06-14,0.21708722424801358,0.4664814201207335,0.2607880416821508,0.0001153827058128806,0.055527931243263974
0.1041129946364271,0.8457433574213858,0.0498939734021132,0.0,0.0002496745404888,2024-06-18,0.21726628743315773,0.4672446827248751,0.2603477381754562,0.00013597489303910818,0.055005316773886676
0.0142474741578001,0.7261591947497191,0.2588501794811735,0.0,0.0007431516111897,2024-06-19,0.21383234980556795,0.45271460249041673,0.2735979197242092,1.9934713155444694e-05,0.059835193266533006
0.0404096568751577,0.908512630577181,0.0509921098820853,0.0,8.560266564263864e-05,2024-06-20,0.21608654214375214,0.4622680982751653,0.26408362360806886,5.275514241734282e-05,0.057508980830662915
0.0091415381033714,0.0006755767995241,0.9891249629293052,0.0,0.0010579221682475,2024-06-21,0.20787284176282458,0.42640937363166265,0.3024742327858924,1.3878295476783235e-05,0.06322967352459159
0.6101459621197038,7.914924829805597e-07,0.3878972365773857,0.0,0.0019560098102502,2024-06-24,0.22381212929977107,0.4944159495538535,0.24418734394759212,0.0007977925265454962,0.03678678467206033
0.9986443334771526,1.4223407958223398e-06,0.000903524547275,0.0,0.0004507196351429,2024-06-25,0.23444498518400375,0.5388168349422654,0.20702731308850914,0.001300622377028202,0.018410244408559567
0.995253992992837,0.0003174770256483,0.0041955466154871,0.0,0.0002329833658518,2024-06-26,0.2343907916863341,0.538487574127184,0.2073983771941743,0.0012958021498625954,0.018427454842268952
0.9965683503880616,0.0018447908596075,0.0007723774611442,0.0,0.0008144812907798,2024-06-27,0.23434724440873364,0.5385723055878654,0.20706238203802718,0.001298601274154545,0.01871946669081197
0.0171272011179161,0.9184984010956416,0.0643466437604931,0.0,2.7754025678619217e-05,2024-06-28,0.2155519320821023,0.4599905615705793,0.2659567685831555,2.234374120140165e-05,0.058478394022690915
0.987498632351446,1.5117394449715618e-10,0.0106436316797414,0.0,0.0018577358176116,2024-07-01,0.23392678056442584,0.5372651024118427,0.20774388424692306,0.0012887493787209928,0.019775483398060102
0.1614314209845253,0.4482728503030881,0.3899584646896006,0.0,0.0003372640230915,2024-07-02,0.21562342919784128,0.45967322004506594,0.27038014562724955,0.00021074124810489377,0.05411246388204375
0.1307630068261924,0.8485394746800813,0.0203095645891639,0.0,0.0003879539044042,2024-07-03,0.21798017809696293,0.47034016433407033,0.25762704182554863,0.00017091986235590205,0.05388169588090391
0.0861625912133252,0.8052903468247766,0.1083679791453708,0.0,0.0001790828166351,2024-07-04,0.21647496350944723,0.46379082006184874,0.2636877504880257,0.0001124795360901833,0.05593398640469583
0.2614259979800324,0.4361121238358823,0.3016176393765499,0.0,0.0008442388074413,2024-07-05,0.21812362781052017,0.47048907370004567,0.2610634859665497,0.0003418374500255246,0.04998197507276474
0.0712179842284357,0.8360368892579022,0.0926124228059422,0.0,0.0001327037076336,2024-07-08,0.21632693315100243,0.46319162788274876,0.2639376310944388,9.294167351766161e-05,0.05645086619820603
0.6488205573706131,0.2471697215454912,0.1027213238176679,0.0,0.0012883972664349,2024-07-09,0.22691859623094776,0.5076842757192013,0.23092342057551105,0.0008468795643884017,0.033626827910158336
0.0005459816830961,0.6327943014842995,0.3650995464513866,0.0,0.0015601703815091,2024-07-10,0.21259493022514117,0.4476905686005367,0.27837573013353245,3.630901546467014e-06,0.06133514013953444
0.0203379416546973,0.9124865447838107,0.0670170815374157,0.0,0.0001584320237901,2024-07-11,0.21556959544705265,0.46011570451201717,0.2658488446919189,2.67672580678302e-05,0.05843908809065729
0.3071163577994528,0.6905196844673958,0.001248925232884,0.0,0.0011150324998218,2024-07-12,0.22132881090279807,0.4846185402791658,0.24659700423767475,0.0004018122907325406,0.047053832289183126
0.1143969839381462,0.8408334558294007,0.0445907764219621,0.0,0.0001787838106833,2024-07-15,0.21751352788684275,0.46825267674686816,0.25956466262671,0.0001492272580305611,0.054519905481740794
0.0912678384648683,0.8232728270019265,0.0852866564731558,0.0,0.0001726780597462,2024-07-16,0.2167557101258555,0.4650076361911764,0.26249048070239517,0.00011911224764745114,0.05562706073262221
0.9959305192054072,3.5646511737109004e-22,2.012769566949587e-05,0.0,0.0040493530986106,2024-07-18,0.23380993217727564,0.5377756079103184,0.2063672454304461,0.0013038260509012592,0.02074338843074557
5.096892926645042e-11,1.0189994173991737e-71,0.9891815254908608,0.0,0.0108184744580186,2024-07-19,0.2060973828980131,0.4233593722244889,0.3008823993613897,2.0249714650428162e-05,0.06964059580130601
0.0065562795387119,0.9275386152224208,0.0633538489310719,0.0,0.0025512563079698,2024-07-22,0.21494657783133087,0.4585964185120876,0.26597687661664005,1.3308650410988626e-05,0.06046681838970484
1.4854957560686616e-07,0.6057084004977566,0.00145535929946,0.0,0.3928360916534211,2024-07-23,0.15121442908789368,0.3669546101748027,0.17919995036792546,0.0007352996817493839,0.30189571068784193
0.0065580952837361,0.9107225147983394,0.0814102218234077,0.0,0.0013091680947403,2024-07-24,0.21500691685649234,0.4582548654488044,0.2669548321024421,1.098610808569796e-05,0.05977239948439895
0.2019163781230625,4.7014990266620616e-11,0.7931123170146864,0.0,0.0049713048155421,2024-07-25,0.21241520450677653,0.4474679468802638,0.2828672324061656,0.00027210803494009885,0.05697750817215976
0.9798912392552996,1.101235096600761e-107,2.177551013631001e-22,0.0,0.0201087607445194,2024-07-26,0.23087082870178502,0.5326833292751512,0.20380101588319854,0.0013130097804199493,0.03133181635926407
0.0602666971551819,0.8261328675728629,0.1132226180987821,0.0,0.0003778171734129,2024-07-29,0.21591671057122966,0.46154840775782274,0.2653217478645503,7.914689684592456e-05,0.057133986909791074
0.0515167632658378,0.8882368057893326,0.0600829705245021,0.0,0.0001634604199884,2024-07-30,0.2162102774847218,0.4627956916075597,0.2637857370016321,6.735725305814688e-05,0.05714093665268907
0.122316456406545,0.8463013629689953,0.0311842644543316,0.0,0.0001979161698888,2024-07-31,0.217766006617106,0.4693410403415396,0.258579865941718,0.00015957060490940094,0.05415351649448764
0.0853104625637869,0.8614211817679271,0.0526019737774747,0.0,0.0006663818912177,2024-08-01,0.21682270976862625,0.4655802676806032,0.26144296887592017,0.0001122825664770605,0.05604177110877973
5.816612513623659e-05,0.8247071929600961,0.0610355431374403,0.0,0.1141990977771255,2024-08-02,0.1965054765564923,0.4314751852486533,0.24202195743509644,0.00021383034781540997,0.1297835504117406
2.7058671674508795e-25,1.2227478483073292e-14,1.1441918798187051e-05,0.0,0.9999885580809617,2024-08-05,0.05150550281728693,0.2218324914143207,0.047339911399256154,0.0018717503070394793,0.6774503440618683
4.93469106670966e-05,0.0010511931722638,0.0864088954409751,0.0,0.9124905644762152,2024-08-06,0.06518976311752805,0.2397015292926508,0.06972124521654194,0.0017080382638652214,0.6236794241095348
0.0507694431002317,0.9118910107608272,0.0002091188511963,0.0,0.0371304272877417,2024-08-07,0.21060116402010598,0.45601615870059375,0.25345460072738074,0.0001355783068789022,0.07979249824503751
0.0003543159783087,0.0972334912113421,0.8956773942725013,0.0,0.0067347985380353,2024-08-08,0.2075188999328454,0.4276708802940775,0.2980800309161932,1.3067163017444331e-05,0.06671712169405375
0.1129313400175944,0.8819544945306179,0.0035476945664305,0.0,0.0015664708857974,2024-08-09,0.2175846842802883,0.46925813012394607,0.25773727984916955,0.0001499170925934505,0.05526998865444285
0.0039521199183772,0.9357428504828708,0.0601448075926068,0.0,0.0001602220065207,2024-08-12,0.21531585496397612,0.4590781798963097,0.26651953377040466,5.443753792254449e-06,0.05908098761589266
6.353853306715305e-06,1.944485801902696e-19,0.9982257995215787,0.0,0.0017678466251254,2024-08-13,0.20751202513648415,0.4252040076083504,0.303201627705376,3.3172751392580233e-06,0.06407902227466088
0.0540711535124236,0.8620736904007301,0.0835753417791097,0.0,0.0002798143078465,2024-08-14,0.21605224220228758,0.4621364736632788,0.2645355287598239,7.089969020872944e-05,0.05720485568451088
0.9665093019331834,9.347262235101406e-07,3.2895501430100503e-10,0.0,0.0334897630113919,2024-08-16,0.22842144565108033,0.5284383698473281,0.20166445935627064,0.001320638792689946,0.04015508635238462
0.089250445356479,0.8585457129502494,0.051949726198483,0.0,0.0002541154944193,2024-08-19,0.2169697045096105,0.4660097340784537,0.2612806824427315,0.0001166389556705388,0.0556232400131644
0.0994988422859673,0.8833508229849346,0.0170217887160793,0.0,0.0001285460133282,2024-08-20,0.21746102064383924,0.46807589843168673,0.259349226559432,0.00012974264951170922,0.05498411171583974
0.4989470927330444,0.3462270163275235,0.1539612964815598,0.0,0.0008645944582156,2024-08-21,0.22376201714416008,0.49426395056287625,0.241629941907991,0.0006510195148211374,0.03969307087049465
0.0922802065153674,0.8424207548987606,0.0650993617421413,0.0,0.0001996768435288,2024-08-22,0.21693097134729425,0.4657943329734745,0.26163447407886575,0.00012048042395071867,0.05551974117621279
0.0715106273589679,0.852175991416306,0.0761788222029496,0.0,0.0001345590218517,2024-08-23,0.21646291618323088,0.46379533190408706,0.263275673850616,9.332603391637629e-05,0.056372752028224817
0.8294770383005438,0.1622611110632808,0.0071600683194799,0.0,0.0011017823169686,2024-08-26,0.23110703740332736,0.5252232684120611,0.21684327450247542,0.0010816624765199495,0.025744757205889025
0.0806127441046604,0.8538821239786222,0.0654071767169683,0.0,9.795519937668048e-05,2024-08-27,0.21672581981153902,0.4648962194638029,0.26233845752208745,0.00010510431799319192,0.055934398884204976
0.0589653024089462,0.884597338112252,0.0563359190870042,0.0,0.0001014403914914,2024-08-28,0.21639035543337035,0.46352499494469346,0.26322457148188133,7.693576112929004e-05,0.05678314237861949
0.7353569989046279,0.1890169381624382,0.0746025752666103,0.0,0.0010234876660471,2024-08-29,0.22881321936550655,0.5155030859745512,0.22490969726146248,0.0009590146303663205,0.029814982767836777
0.0981143249588865,0.8559572538585324,0.0457693731731961,0.0,0.0001590480094717,2024-08-30,0.2172011911099542,0.4669435859901971,0.26054996900080674,0.0001279977331853188,0.05517725616594332
0.0860074417404722,0.8511516136557098,0.0626326747982879,0.0,0.0002082698059585,2024-09-02,0.21683123025259407,0.46538945485174027,0.2618959479570117,0.00011233223373147436,0.055771034705350796
0.0418588413372338,0.873747900319575,0.084310344188942,0.0,8.291415396457399e-05,2024-09-03,0.21584907733330747,0.46120343980928263,0.2653082138177821,5.463628630674672e-05,0.05758463275303652
0.037312980622839,0.0009924833299221,0.9608838798697824,0.0,0.0008106561773555,2024-09-04,0.20866797558900863,0.42966839065085677,0.29980259152337474,5.0081819186894375e-05,0.061810960417471784
0.0628799723432582,0.0324344978965341,0.9041000610019444,0.0,0.0005854687578553,2024-09-05,0.20963765939588613,0.4337282545502109,0.2961558355071069,8.293686373807915e-05,0.060395313682649776
4.535496308167272e-09,2.9506799151603315e-14,0.9973881493463572,0.0,0.0026118461182045,2024-09-06,0.20737995122871825,0.4250313361690158,0.3029859087304159,4.8887856138551305e-06,0.06459791508632357
0.4587071426765283,0.4482796374781569,0.0920065116804895,0.0,0.0010067081647593,2024-09-09,0.2234750145857099,0.4932775758477355,0.24147852433531283,0.0005989114862245955,0.041169973744950995
0.0381916790652817,0.9515475344842592,0.010137977289245,0.0,0.0001228091611968,2024-09-10,0.21636385372415198,0.4635309969946829,0.26260001365707786,4.9937990566777556e-05,0.05745519763350312
0.0050227585322444,0.3675930004055209,0.6246199918017085,0.0,0.0027642492606532,2024-09-11,0.21041599793418791,0.4385727495099635,0.2880393279108541,1.1711380772497295e-05,0.06296021326434888
0.8965390139420586,1.8459863477106664e-25,6.247342776966644e-17,0.0,0.1034609860583605,2024-09-12,0.21561337204999786,0.5062413096505002,0.19049175750382114,0.001360539597534358,0.08629302119856533
0.0466022271806975,0.8602356093282663,0.0924263292544637,0.0,0.0007358342369671,2024-09-13,0.21576645025501417,0.46113083535165333,0.26521258065096825,6.203212520417917e-05,0.05782810161755456
0.0778724309455284,0.8523798694556021,0.0695694801491306,0.0,0.000178219449871,2024-09-16,0.21662797975240625,0.4645157068194845,0.26264165703177034,0.0001016879184134142,0.05611296847805746
0.0989971342614391,0.8201317068699856,0.0806246374524528,0.0,0.0002465214161298,2024-09-17,0.2169260348195371,0.4657587526333545,0.26184780548526165,0.00012931047787142396,0.05533809658398261
0.0196011538760007,0.8970489571950486,0.0831491008515243,0.0,0.0002007880776032,2024-09-18,0.21542039888393152,0.4594773969350251,0.26651487029906246,2.5887577814895135e-05,0.058561446304342714
0.0223298208371294,0.950765332475244,0.0267549858963941,0.0,0.0001498607910907,2024-09-19,0.2159288812169599,0.46169751246871416,0.2641567140345884,2.934373146459758e-05,0.058187548548131074
0.9816825927467776,7.055861867133569e-13,1.2416590402169303e-10,0.0,0.0183174071287892,2024-09-20,0.23119873236328148,0.5332516045207445,0.2040870501077836,0.0013119882993149086,0.030150624709313456
0.1941908661213782,0.7894073743624803,0.0160430941278795,0.0,0.0003586653883535,2024-09-23,0.21921171575964674,0.47545352914303474,0.253824641007241,0.0002534191393436243,0.05125669495082532
0.0610137813048525,0.858134280776734,0.0807442754641364,0.0,0.0001076624538804,2024-09-24,0.21623360500733138,0.46282018462294855,0.2640632529798639,7.961359116920568e-05,0.056803343798290225
0.5230027330684535,0.270472941306598,0.2059621432123955,0.0,0.0005621824121386,2024-09-25,0.22385021552849171,0.4943763040484851,0.24235476104841178,0.0006817629233951123,0.03873695645080164
0.999022971008421,5.3898932640321566e-17,4.564813968681419e-05,0.0,0.0009313808521119,2024-09-26,0.2343799876877392,0.53876183292756,0.2068675737272263,0.0013020148782035938,0.01868859077949037
0.0328896246046549,0.8583059631702352,0.1087617861313791,0.0,4.262609330722734e-05,2024-09-27,0.21549243307936397,0.4596474431004164,0.2667912039724127,4.288705328449256e-05,0.058026032794098875
4.4913956892455587e-10,3.796951488890672e-19,0.9939482245226196,0.0,0.0060517750286459,2024-09-30,0.20684234379949568,0.4243305076526368,0.3021041920690615,1.1327541961387701e-05,0.06671162893724954
0.0121390262710242,0.8628993663414598,0.1188058865164443,0.0,0.006155720871303,2024-10-01,0.21401824775271633,0.45620930596018594,0.26704949859849103,2.732157125786479e-05,0.06269562611758007
1.2059030384503888e-16,9.64521009523092e-08,0.0018226864311622,0.0,0.9981772171167516,2024-10-03,0.0517885879702809,0.22220152528974965,0.04780418762342767,0.0018683598902406915,0.6763373392263154
9.903051651228492e-12,0.0081692901806323,0.0084492959577023,0.0,0.9833814138517808,2024-10-04,0.05416595501263271,0.22550488122695161,0.05127611497718527,0.00184066552407278,0.6672123832591756
6.654076376597775e-09,1.453716214851838e-18,0.7323192643812613,0.0,0.2676807289649588,2024-10-07,0.16595381271915294,0.3710279794107829,0.23504387797679224,0.0005010372281165813,0.22747329266545158
0.9766193064247618,1.3630679868057016e-05,0.0001141777562126,0.0,0.0232528851395265,2024-10-08,0.23029199094556285,0.5316718874139823,0.2033107951989736,0.0013146363016603667,0.03341069014018964
0.0025840882034138,0.9667388759140336,0.0304234925711926,0.0,0.0002535433112615,2024-10-09,0.21551133449853765,0.4600002787468745,0.26541173074593566,3.837877607604527e-06,0.05907281813094603
0.0556588884709391,0.8787621581713642,0.06543400694148,0.0,0.0001449464163879,2024-10-10,0.21624862625395785,0.4629344563997404,0.2637619002445382,7.27137539278948e-05,0.05698230334800673
0.0498477636824857,0.8580382198143192,0.091994022400723,0.0,0.0001199941022513,2024-10-11,0.21593207095033787,0.4615469423331401,0.2651429839431106,6.51036189896916e-05,0.057312899154200875
0.9402245986238904,0.0273688513953169,0.0314348296223771,0.0,0.000971720358096,2024-10-14,0.23301784101854892,0.5330481391417468,0.21146592776438825,0.001225561763314088,0.021242530311682193
0.0584297584066416,0.030249315080458,0.91074579631738,0.0,0.0005751301952323,2024-10-15,0.2095027811316583,0.433147972321648,0.2966743028967052,7.712536665990028e-05,0.06059781828304026
0.0070366913367681,0.8606519255522059,0.1321869996751504,0.0,0.0001243834362741,2024-10-16,0.21480640930185235,0.45677948440788657,0.2691767246269982,9.391375097510536e-06,0.05922799028856387
3.743646663328816e-08,1.5028153473552376e-49,0.9949984246154492,0.0,0.0050015379480763,2024-10-17,0.20700648049004988,0.42454448011181634,0.3023733835769481,9.36178603139999e-06,0.06606629403514622
0.9274360318499284,0.0004474606420099,0.0650941364686241,0.0,0.0070223710398546,2024-10-18,0.231515700859087,0.5294116752535278,0.21220719714196748,0.0012202423281591525,0.025645184417675285
0.0056245206692253,0.00052593175808,0.992877125082827,0.0,0.0009724224896367,2024-10-21,0.2077908852127502,0.42602232152431446,0.3028419159321515,9.14070950090493e-06,0.06333573662105178
1.0967848862999452e-12,1.5890233753353865e-39,0.9950532618454768,0.0,0.0049467381533886,2024-10-22,0.20701504384267227,0.42455564040568233,0.30238743339023083,9.259164601488248e-06,0.0660326231967752
0.0079142562586136,0.9184051929569692,0.0734652219300145,0.0,0.0002153288541701,2024-10-23,0.2152753041187486,0.4589033891685807,0.26680271779429726,1.0703792808073317e-05,0.05900788512533279
0.0288288690324357,0.8527944801110439,0.1182777835036733,0.0,9.886735286017358e-05,2024-10-24,0.2153311008144095,0.4589801426315075,0.2673854707852368,3.770707531730486e-05,0.058265578693541896
1.838990937441772e-07,3.75701908048877e-13,0.9967264811471992,0.0,0.003273334953175,2024-10-25,0.20727657562530027,0.42489658922632734,0.3028163396396803,6.127175160165177e-06,0.06500436833337547
0.0080046913695406,0.9879166350515308,0.0002441534888044,0.0,0.0038345200896975,2024-10-28,0.2152652984781783,0.46063504081581674,0.26313910878728825,1.7595797828277175e-05,0.060942956120461717
0.042560408697046,0.9520106170352672,0.0019605138506334,0.0,0.0034684604170179,2024-10-29,0.21596158864699472,0.46336160299341955,0.26130208387937803,6.188637629160462e-05,0.05931283810388054
0.003033093575233,0.8751521866403089,0.1216523682926813,0.0,0.0001623514915601,2024-10-30,0.21480872330571107,0.4568302433434222,0.26898501284815857,4.251587222599645e-06,0.05937176891526885
0.0030061405509909,1.227219213393978e-05,0.9957136058009431,0.0,0.0012679814563077,2024-10-31,0.2076705289004379,0.42564675373228794,0.30303936099239803,6.285993602302589e-06,0.0636370703816493
0.0852921766567201,0.8407868786536099,0.0735322495291839,0.0,0.0003886951602982,2024-11-01,0.21670140322911607,0.46490489612927705,0.2623254761314169,0.00011173900040823931,0.05595648550959386
9.966774881046256e-14,4.919816568995876e-25,0.9734848728536014,0.0,0.0265151271460521,2024-11-04,0.2036442405198345,0.4201614414404787,0.2968590585463625,4.9630265242420324e-05,0.07928562922783491
0.9881032180460954,3.065768845957504e-31,1.1515408175471177e-07,0.0,0.0118966668002469,2024-11-05,0.23237403284577057,0.5352884578010297,0.20511229230512903,0.001308326860264889,0.025916890188229486
0.989557406301344,0.0046523069769873,7.780203376960431e-06,0.0,0.0057825065180791,2024-11-06,0.23340552487455316,0.5368637247239577,0.20635639815562365,0.0012987752367570337,0.022075577008895463
1.4979414875722207e-10,7.596726791888074e-52,0.9962695588718072,0.0,0.0037304409783257,2024-11-07,0.20720513215414732,0.4248034406541525,0.30269919271529827,6.982534135125365e-06,0.06528525194219381
0.008467373688775,0.9054033653639584,0.0859105987727223,0.0,0.0002186621742084,2024-11-08,0.21518611330981352,0.458505591746568,0.2672585203790395,1.1429938247478715e-05,0.059038344625995456
0.0005159827954779,0.9771729723945106,0.0217393350833295,0.0,0.0005717097263039,2024-11-11,0.2154892985077484,0.4600698013276462,0.2651206776560964,1.7416839941381343e-06,0.05931848082413667
6.995128626800492e-12,9.55399403238438e-64,0.9954132565697088,0.0,0.0045867434235558,2024-11-12,0.207071305413096,0.4246289833190981,0.3024797066610196,8.585336653183141e-06,0.06581141927039268
1.9564692285041097e-11,1.0137836823025214e-24,0.9952243047083844,0.0,0.0047756952717738,2024-11-13,0.20704177518192374,0.4245904875375952,0.3024312748252219,8.939011396178277e-06,0.06592752344358574
0.014091990547449,0.8687960075541412,0.1169910637862694,0.0,0.0001209381120123,2024-11-14,0.21506058619260623,0.4578690258332333,0.2681762350096274,1.8567702887169984e-05,0.058875585261517795
0.0088933110605608,0.0022039930211565,0.9870089816916456,0.0,0.0018937142266558,2024-11-18,0.20774774073111843,0.42626498409766317,0.30222402773299756,1.5119629201140151e-05,0.06374812780903825
0.0028710768320054,0.987706400877722,0.0084504353633246,0.0,0.000972086926714,2024-11-19,0.21557358531228843,0.4606281171878323,0.26437718180475056,5.556355324775394e-06,0.05941555933956989
0.0003233798335216,0.0080225471408654,0.9813165503516316,0.0,0.0103375226740098,2024-11-21,0.20624504929959972,0.42377783244758466,0.30065966792671356,1.977037545484043e-05,0.06929767995067547
0.7643696690966517,2.6187736534492114e-124,7.693810106168194e-36,0.0,0.2356303309037667,2024-11-22,0.19142004017313857,0.4643129220512077,0.16938763036416,0.0014359063290748403,0.17344350108283693
0.0784586913510419,0.910375832057786,3.373386080384709e-05,0.0,0.0111317427305525,2024-11-25,0.21539335792038802,0.4644020645576313,0.2575020024898067,0.00012295345680420384,0.06257962157555401
0.1229197270361054,0.0001811020064017,0.8737370281539039,0.0,0.003162142803652,2024-11-26,0.21058515843053077,0.43887689663100843,0.2909583608797141,0.00016590414328552827,0.05941367991552394
0.0360653804144737,0.9423899210356228,0.0214516146565514,0.0,9.30838933364648e-05,2024-11-27,0.2162387124066434,0.4629717999489578,0.26317241444936657,4.711488211930401e-05,0.05756995831289728
1.7137386725767266e-16,1.5364679442390896e-53,0.994063541154702,0.0,0.0059364588451779,2024-11-28,0.20686036591106446,0.42435400134750234,0.3021337497713435,1.1111695805312973e-05,0.06664077127416426
0.9984834077149176,1.136701975301474e-15,1.1536982390360274e-05,0.0,0.0015050553029693,2024-11-29,0.23427589067293647,0.5385837164349241,0.20677267569432267,0.0013023864008883874,0.019065330797206504
0.3272648136920212,0.6687657922517791,0.0031703020370893,0.0,0.0007990920189063,2024-12-02,0.22174430643267878,0.4862002660122033,0.2455842580886344,0.00042744500785601644,0.04604372445842327
0.2202541203551601,0.7770863681234408,0.002278873750037,0.0,0.0003806377714762,2024-12-03,0.21980777212251293,0.4779713917125365,0.2517835660622129,0.00028738271771995474,0.05014988738513173
0.0084767488447005,0.929484874494214,0.0578105958830245,0.0,0.0042277807782822,2024-12-04,0.21475145078601907,0.4585416685233297,0.26528519238589715,1.8946295257905806e-05,0.06140274200971734
6.060981656756267e-06,0.0452763361272585,2.047872921447223e-09,0.0,0.9547176008434164,2024-12-05,0.05894113613472628,0.2326578811097967,0.05716673827943638,0.001787021298006818,0.649447223178238
0.0187747978491344,0.9446782700452304,0.0329588338831048,0.0,0.0035880982225218,2024-12-06,0.21524795014958922,0.460378227714128,0.2638578194674147,3.115231110320473e-05,0.06048485035775621
0.0391458410635487,0.8609526609183585,0.0996373906671383,0.0,0.0002641073512098,2024-12-09,0.21564632097893421,0.46040601261553565,0.2660259714114145,5.144435157568814e-05,0.05787025064279523
0.0322650413475393,0.9029044232142246,0.0646977001992115,0.0,0.0001328352387912,2024-12-10,0.21581654941930856,0.4611356977608413,0.26507867287408277,4.224298212653461e-05,0.05792683696340745
0.0807123781028574,0.8509504748256295,0.0681311560956696,0.0,0.0002059909756637,2024-12-11,0.21668827093669765,0.4647818199586344,0.2624161569662858,0.00010543621425636848,0.056008315923945964
0.0034857910491829,0.8857131897504255,0.1058127001652196,0.0,0.0049883190347216,2024-12-12,0.21415066381194725,0.45627197431011146,0.2672899291736189,1.3873902124318018e-05,0.06227355880174759
2.1730942563870643e-06,1.0214751358657845e-05,3.040294258559886e-10,0.0,0.9999876118503104,2024-12-13,0.05150579015085727,0.22183329215016812,0.04733954315585901,0.0018717513642877355,0.6774496231787823
0.0041147518731446,0.8894702628108162,0.1020966821270275,0.0,0.0043183031887462,2024-12-16,0.21430211023000936,0.4566127593046871,0.2672534770255868,1.3438405087407273e-05,0.06181821503436373
3.1689963468573893e-10,1.7217133540250013e-24,0.9960456049033564,0.0,0.003954394779666,2024-12-17,0.20717013166702133,0.424757813827162,0.3026417892202897,7.401724745384273e-06,0.0654228635607034
0.000990212671594,0.7060394896165351,0.2920983437847881,0.0,0.0008719539267258,2024-12-18,0.21329728866695732,0.4504720070004243,0.2756355075281729,2.920903265059063e-06,0.06059227590082334
0.0008778942740979,0.8116785473269504,0.1799014630146492,0.0,0.0075420953844905,2024-12-19,0.21309255725930792,0.45283696096196774,0.26979205203782486,1.5259698193264214e-05,0.06426317004289422
3.313856948032151e-18,2.1978481714257e-49,0.9460881763183016,0.0,0.0539118236819093,2024-12-20,0.19936256349030104,0.41457982217353595,0.28983678126904044,0.00010091062714089786,0.09611992244019232
0.0880792825950864,0.9071399132098016,0.0034979769548921,0.0,0.0012828272400708,2024-12-23,0.21716431864497715,0.46738608435206136,0.25922365081474863,0.00011704015030990174,0.05610890603775384
0.019307731714008,0.9156626918680948,0.0648812316050141,0.0,0.000148344812621,2024-12-24,0.2155688767693613,0.4601131774783779,0.26582638073536374,2.5407514377287084e-05,0.058466157502257685
0.0314604422820534,0.922531525826812,0.045818133514743,0.0,0.0001898983767761,2024-12-26,0.21594229699738282,0.4617269946610336,0.26437175836811777,4.130257085927702e-05,0.057917647402991
0.0643449230860033,0.8787389781202133,0.0568217798034551,0.0,9.431899051655352e-05,2024-12-27,0.21648882322037596,0.4639298074116851,0.262936337702128,8.392424015627114e-05,0.05656110742584281
5.466251321171543e-05,0.0249377953944814,0.9706660469650864,0.0,0.0043414951268123,2024-12-30,0.20730956087052205,0.4255672446450632,0.30155887899975764,8.197433438838243e-06,0.06555611805080992
0.0145890814427854,0.9293594949273924,0.05581682981167,0.0,0.0002345938180147,2024-12-31,0.21553811365580677,0.4600445225488869,0.26572292161132915,1.9427425694180924e-05,0.058675014758145586
0.0675360344995296,0.9228998031451886,0.0092003945868284,0.0,0.0003637677681407,2025-01-01,0.21688356589238067,0.4657991427159665,0.26082627224817606,8.858195609214385e-05,0.05640243718707187
0.99183713300774,5.314416932274887e-88,5.076992197306833e-23,0.0,0.0081628669926075,2025-01-02,0.23305750044824883,0.5364729528378133,0.2057084752932953,0.0013061978909581862,0.023454873530031554
2.451993343268154e-05,2.455291773877524e-19,0.9972066768227272,0.0,0.0027688032437865,2025-01-03,0.20735607739339332,0.42500214125022934,0.3029433084782096,5.2144813726186555e-06,0.06469325839674146
2.1842943397155965e-21,1.1034129658708149e-89,0.9398176131737654,0.0,0.0601823868259616,2025-01-06,0.1983825721200159,0.4133022996802526,0.28822952058964374,0.00011264768992561032,0.09997295991988903
0.0895541044099811,0.8817500415737273,0.0282282130588351,0.0,0.0004676409573274,2025-01-07,0.2171291292494493,0.46682147313220923,0.26028620936369673,0.00011743385196786007,0.05564575440254771
0.0031490040864433,0.9482722358339032,0.0484681235371478,0.0,0.0001106365428298,2025-01-08,0.21540182355032014,0.45944031476567626,0.2661182829230732,4.30565118053865e-06,0.0590352731100739
0.0004977519047533,1.0960902112941342e-08,0.9983672018922208,0.0,0.0011350352419084,2025-01-09,0.20762407534699737,0.42538870594284134,0.3033163380490009,2.772372473791563e-06,0.06366810828847118
0.0032132152407219,0.3296314685248679,0.6623972359796382,0.0,0.0047580802551551,2025-01-10,0.20975385177255107,0.43661839485924375,0.28919253121837435,1.3088178499412834e-05,0.06442213397171452
1.1821939305130103e-07,0.5588369628313314,0.3143637237888167,0.0,0.1267991951600907,2025-01-13,0.1924188324290967,0.41949725842772023,0.24922905203166104,0.00023733930195622176,0.13861751780919757
0.1057556225771584,0.8596300140927025,0.0337461753845331,0.0,0.0008681879459017,2025-01-14,0.2173241010243847,0.46779630211613044,0.25948562505348377,0.00013927056015417474,0.05525470124614257
0.0576760731097153,0.8990212520297229,0.0431827021861019,0.0,0.000119972674446,2025-01-15,0.2164677454966214,0.46388509123304583,0.26277851079546094,7.529246171607155e-05,0.05679336001314192
0.1716987656745544,0.794977992968683,0.0330493366092261,0.0,0.0002739047476951,2025-01-16,0.21866732696484828,0.4731150084842083,0.2558015248767934,0.0002239860465787312,0.0521921536277298
0.0037375893201008,0.8766993842978817,0.1193076532503058,0.0,0.0002553731320385,2025-01-17,0.2148253534416345,0.4569459783108876,0.2688323821899447,5.342634138966384e-06,0.05939094342372107
0.0435809953794827,0.951609484190767,0.0040933470111168,0.0,0.0007161734186943,2025-01-20,0.21641585041166092,0.46402398233790865,0.2619246506016091,5.8063060960284444e-05,0.05757745358792177
2.4611237902974996e-17,4.914065216231287e-106,0.922656489781188,0.0,0.0773435102189237,2025-01-21,0.19570055577779513,0.40980600745955237,0.28383080898960317,0.00014476939543948343,0.1105178583777214
0.0833673735076585,0.9091825243262536,0.0068512606729317,0.0,0.0005988414930879,2025-01-22,0.21716136336755246,0.46706288855236583,0.2597742047322154,0.0001096271319385552,0.055891916215859386
0.0663794074083219,0.8971046306027681,0.036358783382965,0.0,0.0001571786057506,2025-01-23,0.21667960978607148,0.46479753694340425,0.2620030501025571,8.668986822413359e-05,0.056433113299548636
0.0001139162927962,0.8669037171981423,0.1320955660052474,0.0,0.0008868005036677,2025-01-24,0.21455173133921482,0.4560595628958368,0.2694050622110683,1.8081550825942732e-06,0.059981835398651005
5.53959275407858e-05,0.2573309597133474,0.7294169770979504,0.0,0.0131966672615433,2025-01-27,0.2077751239373731,0.43198337320745034,0.29017137850206287,2.4773248819550292e-05,0.07004535110467584
0.0219556980692412,0.9746524683299678,0.0025140344457298,0.0,0.000877799155202,2025-01-28,0.21599520540736955,0.4623516729578255,0.2630691014905618,3.021932896988523e-05,0.05855380081541403
0.9980830945510883,0.0003301594272692,0.0003643958664044,0.0,0.0012223501556584,2025-01-29,0.23431198680999138,0.538607556030081,0.20687087245020797,0.0013013362165147397,0.018908248493624862
0.0991770722792067,0.8863944978085189,0.0143944150796524,0.0,3.401483224394927e-05,2025-01-30,0.21749140535225978,0.4681662969183271,0.25928513843672807,0.0001291469111584864,0.054928012381148465
0.9988583772573296,1.594584344786357e-18,1.7671158268809181e-07,0.0,0.001141446031523,2025-01-31,0.23434275265763507,0.5387003544265715,0.20682963707275984,0.001302193846390487,0.01882506199707805
0.0006650410732184,0.9796875065267252,0.0193299549256596,0.0,0.0003174974744905,2025-02-01,0.21555302882649352,0.46022745411558547,0.26507277648313415,1.4598624758746123e-06,0.05914528071240461
0.0062509041324485,0.896914186975383,0.0966377048003071,0.0,0.0001972040918384,2025-02-03,0.2150625863142764,0.4579581197674299,0.2678112912683633,8.504942755910302e-06,0.05915949770715155
0.9958369128333028,3.795629811988747e-14,4.5669503034969306e-11,0.0,0.0041630871212911,2025-02-04,0.23378965208152847,0.5377418122716237,0.20634713975528557,0.0013039171022926612,0.020817478789570684
0.1022798124391752,0.0005415199478973,0.8966472242805446,0.0,0.0005314433327045,2025-02-05,0.21044676664209785,0.43708299616593704,0.29361323039391146,0.00013411633408976715,0.05872289046428522
0.0061905361878874,1.946944363930587e-07,0.9926015964907734,0.0,0.0012076726272224,2025-02-06,0.20776508386127002,0.426020039238927,0.3027475419840193,1.0317737700914815e-05,0.06345701717840216
0.002837301691173,0.8873062290895748,0.109724401331401,0.0,0.0001320678878336,2025-02-07,0.2149049423450219,0.45724409994334386,0.26853484683069756,3.940071635844062e-06,0.059312170809283166
6.152050108874628e-05,5.789160684075791e-06,0.9992900064527116,0.0,0.0006426838851518,2025-02-10,0.20768939307874607,0.42543970685400023,0.3034844689838084,1.2830291128217458e-06,0.06338514805396861
2.414530640103033e-13,5.0524178958766776e-43,0.9945781591809209,0.0,0.0054218408191787,2025-02-11,0.20694079269466847,0.42445884617401247,0.30226565583779264,1.0148448336055398e-05,0.06632455684553121
0.0002372348248232,0.9599906018318584,0.0323133298333176,0.0,0.0074588335101071,2025-02-12,0.21426874449840996,0.4580272578148877,0.26405645142949735,1.4270005026990545e-05,0.06363327625228418
0.0045011368493215,0.9395229661434208,0.0557242123069887,0.0,0.0002516846998773,2025-02-13,0.2153463379429686,0.4592555678603013,0.26629472267165166,6.329520323827524e-06,0.05909704200436288
0.0001113933077329,0.0346481198588876,0.9553719694491176,0.0,0.0098685173843822,2025-02-14,0.20652456995773785,0.42479111565342986,0.29975574513553427,1.861659499616377e-05,0.06890995265842209
0.4621617737706589,0.0077224466411159,0.5232778504270948,0.0,0.0068379291614143,2025-02-17,0.2191500301230612,0.4768984073153492,0.2569347765902232,0.0006143225523797724,0.04640246341927034
0.0225666352727968,0.9061692293134715,0.0710582720939838,0.0,0.0002058633198336,2025-02-18,0.21557155495414287,0.4601355416070172,0.26586915125519217,2.9756779630696872e-05,0.05839399540410277
0.0070929162685672,0.9275038372813146,0.0652922735010824,0.0,0.0001109729494785,2025-02-19,0.21534204164973983,0.45915326307212845,0.26655186815546,9.43945290468947e-06,0.05894338767020958
0.2304151959292384,0.0049323313736205,0.7623410783602728,0.0,0.0023113943370819,2025-02-20,0.21363289004327352,0.45141891205684126,0.2806012765803618,0.00030422173199445173,0.05404269958774229
0.0020451147726224,0.8854290870770971,0.1122020325191193,0.0,0.0003237656309418,2025-02-21,0.21483884225917646,0.4570487346061802,0.2686359184530632,3.267820560820736e-06,0.059473236860799944
0.0004659027730248,0.939555001583666,0.0573598484840403,0.0,0.0026192471594289,2025-02-24,0.214868582541167,0.45831635458357406,0.26607659510461323,5.509025352435192e-06,0.06073295874545328
0.050711406174979,0.8762954778759192,0.0728283973348117,0.0,0.000164718614342,2025-02-25,0.21609349321885934,0.4622816430926728,0.2643317516825412,6.631140107259462e-05,0.057226800604905946
0.0404209222702045,0.866044521886311,0.093312238720429,0.0,0.0002223171232827,2025-02-27,0.21572750071970584,0.46073935486907336,0.26571368123863837,5.302570307159485e-05,0.05776643746973804
1.170317354657079e-18,2.2159261849367934e-72,0.9650710151371876,0.0,0.0349289848625908,2025-02-28,0.20232928558473046,0.4184472584812288,0.294702432042838,6.537908620334279e-05,0.08445564480477763
0.0027648152944895,0.9543820370844588,0.0425963737260245,0.0,0.000256773894608,2025-03-03,0.21541732631056654,0.4595830506581337,0.2658782433536974,4.0791486370352025e-06,0.059117300528545996
0.1183890719503251,0.0007272429179568,0.8798405374114172,0.0,0.001043147720183,2025-03-04,0.21079941431514718,0.43881369948558435,0.2919179294030612,0.0001560410249266405,0.05831291577116252
0.9972015605050206,1.0250360779730854e-35,6.729444312851844e-10,0.0,0.002798438822431,2025-03-05,0.23403944818222253,0.538174722743228,0.20656503989883568,0.001303138940079697,0.01991765023602987
0.0225413737193107,0.9759482633343836,3.1888188105889545e-05,0.0,0.0014784747578992,2025-03-06,0.21592731633284928,0.46234160340920294,0.26280769647454033,3.2105938732783955e-05,0.058891277844374
0.0306933115882559,0.9193406937366112,0.0498312945641367,0.0,0.0001347001110471,2025-03-07,0.2159049986852267,0.461538306681525,0.26458523362021447,4.0200798574944725e-05,0.057931260214509735
0.0006931435988363,0.909844067459848,0.0892356251206734,0.0,0.0002271638206534,2025-03-10,0.2150120593170411,0.4577785672965003,0.26783344401838144,1.32735514779992e-06,0.05937460201294046
0.6880422842240836,1.1064027953112856e-06,0.3084493650216092,0.0,0.0035072443511921,2025-03-11,0.22565448048914805,0.5029410789738262,0.23626154897751592,0.0009020815111577254,0.034240810048032186
0.0021639137994785,0.9538300578670292,0.0439362409983457,0.0,6.978733477924548e-05,2025-03-12,0.2154260742874471,0.4595334198767647,0.266005900955832,2.94705323216687e-06,0.05903165782635668
0.0151094144696584,7.722361741065038e-09,0.9839391534761784,0.0,0.0009514243321504,2025-03-13,0.20804383087896827,0.42708452290073323,0.30195127891967366,2.1446404689556525e-05,0.0628989208962841
0.9844430449508166,1.5244708372077837e-06,0.0142959685149193,0.0,0.0012594620631217,2025-03-17,0.23393851518574466,0.5370402384302376,0.20819247565008647,0.001283652567847619,0.01954511816577812
0.9987736038996988,4.0787763329724557e-08,2.3586838000906798e-08,0.0,0.0012263317256777,2025-03-18,0.2343272178336396,0.5386734401336951,0.20681607050089867,0.0013022423968461253,0.018881029134898104
0.0770850358279746,0.9000700910069798,0.0228190255450372,0.0,2.5847619864997088e-05,2025-03-19,0.21701025565445678,0.46614426514056434,0.26088573679862814,0.00010037788437641159,0.055859364521830886
0.9986327455661176,2.872578011819902e-05,2.856966804082181e-06,0.0,0.0013356716870415,2025-03-20,0.23430658811623759,0.5386361912965674,0.20680053227531978,0.001302263723089067,0.01895442458886732
0.9990170175546051,5.6983766353794526e-08,0.0004878345364146,0.0,0.0004950909252168,2025-03-21,0.23444801412699134,0.5388500460164289,0.2069799759877453,0.0013011904943778178,0.01842077337445921
0.9782746151841036,0.0192240562923608,1.5621140479474763e-06,0.0,0.0024997664096047,2025-03-24,0.23373256569134593,0.5367673698067489,0.20771652687513478,0.0012779456566883183,0.02050559197019881
0.0043089159868776,0.9735551334645844,0.0220974104508043,0.0,3.854009793880311e-05,2025-03-25,0.21564534492112117,0.4604809508691838,0.265032718394466,5.680378530121562e-06,0.05883530543690398
6.427101349309933e-06,7.08693464932902e-17,0.9992366418941034,0.0,0.0007569310044053,2025-03-26,0.2076700174657226,0.42540997309260314,0.3034607368955116,1.4251672008386206e-06,0.06345784737881979
0.968750822427038,2.288337284351289e-05,0.0289632883529086,0.0,0.0022630058474994,2025-03-27,0.23336186724466282,0.5350554867332493,0.20945096212487485,0.0012651068673446442,0.020866577030157527
0.0038860173877697,0.8865582776115901,0.1086762948751239,0.0,0.0008794101252846,2025-03-28,0.214810259282697,0.4571844133457567,0.2682712827602495,6.7038744783383315e-06,0.059727340736586754
6.167029005015873e-12,0.0018082610680258,0.5823192910713345,0.0,0.4158724478546491,2025-04-01,0.14280814541152873,0.34090035267031377,0.19698867001613177,0.0007784182885682616,0.3185244136136336
0.979865941643013,1.846468505750184e-05,0.003111841962984,0.0,0.0170037517093737,2025-04-02,0.23135556315552935,0.5333137048710848,0.20459860722328402,0.001307164986371103,0.02942495976415867
0.0296152430979979,0.2299594003417195,0.7374163829271918,0.0,0.0030089736335066,2025-04-03,0.20994059561180742,0.43644578107408954,0.29099979743832816,4.417762977722195e-05,0.06256964824641327
3.3528463610902824e-14,5.965951016080737e-41,0.9043391543572524,0.0,0.0956608456429512,2025-04-04,0.19283784150034114,0.4060741563515261,0.2791357389776895,0.00017905526593975005,0.12177320790474049
3.217902909835445e-44,2.8343886097147393e-88,1.5139072895117916e-05,0.0,0.9999848609268162,2025-04-07,0.05150608062489268,0.2218332446476919,0.04734085904785388,0.0018717433868108914,0.6774480722924615
1.3753675413367992e-05,0.002940430120498,2.4588860619044095e-13,0.0,0.9970458162034316,2025-04-08,0.051989176651227834,0.22253759492262168,0.047977496580214996,0.00186626006700556,0.6756294717785183
0.0016661137983603,0.7087642720146722,0.0499633046123655,0.0,0.2396063095744678,2025-04-09,0.17602660092548272,0.4020069642821786,0.21427127547897235,0.00045065683415177144,0.20724450247908024
0.1903733532690371,0.0003917638672487,9.606280222850371e-10,0.0,0.8092348819033983,2025-04-11,0.08641551733627828,0.2823164132968478,0.07781987119975337,0.0017624821115292887,0.551685716055903
0.0042381409887883,0.1633737830120538,4.625285374840373e-09,0.0,0.8323880713740194,2025-04-15,0.07911246434387921,0.26223812236729105,0.0834796225492861,0.0015635565786907611,0.5736062341609993
0.1659481379462213,0.7689236517390744,0.0139230963302951,0.0,0.0512051139843897,2025-04-16,0.21034631497325176,0.4611643487110856,0.2443248927971669,0.0003118329535163558,0.08385261056495975
0.8038605877896768,7.295753312485739e-83,3.6074969539346893e-23,0.0,0.1961394122107039,2025-04-17,0.1986487731533896,0.47684071771781184,0.1756933389226325,0.0014133874804650142,0.14740378272608148
0.9784733230677092,6.976183363413121e-06,2.004469774471695e-06,0.0,0.0215176962787171,2025-04-21,0.23061274105999283,0.5322355968539925,0.203576638459219,0.0013138015069535953,0.03226122211940595
0.0588848585675052,0.90837925440579,0.0325892168915049,0.0,0.0001466701349829,2025-04-22,0.21657039886624227,0.46434785638822673,0.26228769573011773,7.691571975011871e-05,0.05671713329544616
0.0718647989866081,0.9246078327509636,0.0029713447607918,0.0,0.0005560235019693,2025-04-23,0.21698296555883087,0.4663117002513603,0.260291634013553,9.457588888330833e-05,0.05631912428770534
0.0115721817843838,0.8813165494572477,0.1049399349050275,0.0,0.0021713338530124,2025-04-24,0.2147723452341867,0.45760816883441513,0.2674029745150975,1.9125935718642697e-05,0.06019738548025336
4.0801748213916707e-10,6.097724304249573e-07,0.626908262358081,0.0,0.3730911274615111,2025-04-25,0.14947981363803906,0.34955239241991143,0.20802523052422592,0.0006983414232768614,0.29224422199458644
0.9706767530448844,2.665583883244845e-34,1.2156891057668639e-09,0.0,0.0293232457398151,2025-04-28,0.22918413578438493,0.5297601967056541,0.20232969401540296,0.001318264141094179,0.03740770935385219
0.037263642809002,0.9230382731790764,0.039555922314788,0.0,0.0001421616973862,2025-04-29,0.216109104651169,0.46241330230819155,0.263803270920956,4.876633482616551e-05,0.057625555785109764
0.0312030758882196,0.8991535721604353,0.0694015512974512,0.0,0.000241800653852,2025-04-30,0.21574124722033486,0.46086029189965916,0.2653005355350653,4.10647465963415e-05,0.05805686059830252
0.0007113054646627,0.986137337095948,0.0112050196153804,0.0,0.0019463378244335,2025-05-02,0.21535103473174583,0.460128997467437,0.26439775169210117,4.568894889003143e-06,0.06011764721425157
0.0713822759109432,0.9030872520234052,0.0254498923979225,0.0,8.057966778629085e-05,2025-05-05,0.21687308741998537,0.46559257880565785,0.2613044676657767,9.305794193450401e-05,0.056136808166702766
0.0295120687578407,0.0075668478128113,0.9622948628166372,0.0,0.0006262206130127,2025-05-06,0.20854034103641308,0.4290531168214358,0.30034583527936737,3.958337418895302e-05,0.062021123488896525
0.4892208740036253,1.0621918089246587e-10,0.5070019746866968,0.0,0.0037771512031212,2025-05-07,0.22029112173968485,0.48032001514117434,0.2554072058766995,0.0006438120624156283,0.043337845179687876
0.0004359478096308,0.0112817837013621,0.9825995181272072,0.0,0.0056827503619597,2025-05-08,0.2070014686287168,0.42485422560694924,0.3017140202268973,1.1204216343745867e-05,0.06641908132125263
1.16902833526686e-05,0.7897421271015471,0.1169178588756258,0.0,0.0933283237394714,2025-05-09,0.19948774501291242,0.43448520842412425,0.24874782760814493,0.00017470453280456398,0.11710451442201082
0.0094690885846506,6.727680115244291e-157,2.2978826503665005e-61,0.0,0.990530911414924,2025-05-12,0.053237012181826124,0.22483406123303223,0.04884895441347752,0.0018663721792123399,0.6712135999920259
1.7074521912667725e-12,2.297348438310559e-22,0.6092399446111166,0.0,0.3907600553871199,2025-05-13,0.14671843049145952,0.34595262189337717,0.2034963832443927,0.0007314136224272792,0.3031011507482871
0.0086558359715709,0.9323670608680288,0.0117375817774844,0.0,0.0472395213826686,2025-05-14,0.20805711602671367,0.4499010188844934,0.2541301051115678,9.968754473894168e-05,0.0878120724322388
0.0029412422505104,8.904460336580547e-23,2.6961780823753885e-17,0.0,0.9970587577499366,2025-05-15,0.05204210308258093,0.2227632174108055,0.04780662119211259,0.0018700945434488726,0.6755179637714988
0.0184135560499153,0.9454474740524296,0.0317928592866449,0.0,0.0043461106110007,2025-05-16,0.21512593810683095,0.46021000280612145,0.2636682597584632,3.2100965453990036e-05,0.0609636983631209
0.0122134699503543,0.8720913844389658,0.1155540847842803,0.0,0.0001410608266027,2025-05-19,0.215033391239215,0.4577682789612359,0.26822333355056527,1.616039232249343e-05,0.05895883585686443
2.3178038003226502e-10,8.363011822922068e-63,0.987833363018615,0.0,0.0121666367499216,2025-05-20,0.205886686131173,0.42308470669880577,0.3005368405495374,2.2773166942704696e-05,0.07046899345385797
0.0342503093062582,0.9610104535112028,0.0044338498290986,0.0,0.000305387353407,2025-05-21,0.21630514386625976,0.46338117755171143,0.26256285619545744,4.514987229009846e-05,0.05770567251424791
0.0001223342902725,0.4050793544586942,0.59327890680012,0.0,0.0015194044512211,2025-05-22,0.21077772499791148,0.4395961281396354,0.2873612634388837,3.0032016512253193e-06,0.06226188022222593
0.9985837943799843,4.974315026070858e-13,3.479955530505443e-06,0.0,0.0014127256638222,2025-05-23,0.23429300706164197,0.5386139208447405,0.20678663976108996,0.0013023442384609864,0.01900408809390075
0.1594332537746383,0.8342562480715517,0.00622980691813,0.0,8.069123580734487e-05,2025-05-26,0.21868184510362307,0.4731515871216471,0.2554953925216215,0.00020766030148949244,0.05246351495174605
1.2160909894818305e-05,0.6513035408228106,0.3443738554904588,0.0,0.0043104427765592,2025-05-27,0.21229812176545565,0.4477243614626464,0.2769961857100832,8.083992855263948e-06,0.06297324706868287
0.0551936387255391,0.5715817548748088,0.3723889656889084,0.0,0.000835640710381,2025-05-28,0.21368357688445275,0.4518754439096087,0.2756817058130152,7.340103333873617e-05,0.05868587235922178
0.0586564632051464,0.9152785910644796,0.0257912728370964,0.0,0.0002736728931193,2025-05-29,0.2165993450603001,0.4645401002376602,0.2620065277486125,7.685617349282949e-05,0.05677717077977607
0.0160730721226313,0.8820102190449252,0.1017181958888472,0.0,0.0001985129431962,2025-05-30,0.21520664671928447,0.45854548105761306,0.267446447688354,2.1291368498223956e-05,0.05878013316585013
0.0063311214073793,0.9154894212804078,0.0780851952920561,0.0,9.426202046641747e-05,2025-06-02,0.2152286498965815,0.45864523448712086,0.2671011461764633,8.416664945547323e-06,0.0590165527751984
4.322318278135848e-06,2.1090598176592746e-17,0.9980464498944152,0.0,0.0019492277872366,2025-06-03,0.20748362371431403,0.42516682364920383,0.30315533271168305,3.6541351391252935e-06,0.06419056578958969
0.1166122428435591,0.8337484461652815,0.0493772816458173,0.0,0.0002620293451613,2025-06-04,0.21750342103701115,0.46823653782175434,0.25960720734303877,0.00015226632981341114,0.05450056746820147
0.0235590462933706,0.973960737670041,0.0022052433987133,0.0,0.0002749726379379,2025-06-05,0.21612682405941022,0.46263199956492607,0.2630958031221855,3.117780230495996e-05,0.05811419545123592
0.9973348338657876,4.5689217272864927e-17,2.852361499561904e-07,0.0,0.0026648808982889,2025-06-06,0.234063888074775,0.5382170593353187,0.20658639324838504,0.0013030624111690983,0.019829596930578147
0.148187269433229,0.8106377566807592,0.0410412116714427,0.0,0.000133762214128,2025-06-09,0.21818460391184946,0.47102894063690787,0.2574952857804711,0.00019312250389712108,0.05309804716643326
0.2114421774441517,0.4508603426505775,0.3370172273404009,0.0,0.0006802525652705,2025-06-10,0.21692888325188264,0.4653710378003549,0.26535749978729056,0.00027647440392110167,0.05206610475695131
0.0567134103090282,0.8619944074392883,0.0812226351089392,0.0,6.954714300499893e-05,2025-06-11,0.21615518890782048,0.46247640127678846,0.2643371777539471,7.394512941842307e-05,0.05695728693228627
4.988891381360869e-09,1.2382379445325103e-25,0.999277429368181,0.0,0.0007225656427406,2025-06-12,0.20767521635802325,0.4254162455574763,0.30347016602521576,1.3524844318565808e-06,0.06343701957466562
7.081276011897955e-06,1.15368653527517e-30,0.998378354105796,0.0,0.0016145646185775,2025-06-13,0.2075360001955971,0.42523531881858856,0.3032408464026807,3.0313129857187876e-06,0.06398480327053319
0.9990728779519432,5.752262866096209e-18,1.2000864212123258e-05,0.0,0.0009151211840672,2025-06-16,0.23438386450786694,0.5387708099526132,0.20686691819788777,0.0013020493998592505,0.018676357941995098
0.0403823500536029,0.001303161124406,0.9576678982591316,0.0,0.0006465905629096,2025-06-17,0.20877823621297253,0.4300611759072357,0.2995358208788631,5.3769642693114554e-05,0.06157099735828547
0.0174235607487708,0.8817132035713812,0.1006385186856785,0.0,0.0002247169941917,2025-06-18,0.21523633155393826,0.45868291561999625,0.26732086824018003,2.3098135776193282e-05,0.05873678645013141
0.0542786536490666,0.8486978661704725,0.0968806011823401,0.0,0.0001428789985377,2025-06-19,0.2159727468478256,0.46171479751388256,0.26507535977725355,7.091344895882903e-05,0.05716618241249632
0.9933090322372632,6.02098480210109e-66,6.096132690340385e-13,0.0,0.0066909677619678,2025-06-20,0.2333269286322195,0.5369398868418843,0.20594350065814399,0.0013053585720185933,0.02248432529557392
0.0016499644648461,0.9205493325457024,0.0775371437883212,0.0,0.0002635592009715,2025-06-23,0.21511717558911747,0.45825841388519,0.2673116355892006,2.640822674994104e-06,0.059310134113658014
0.0917606387454958,0.8679142132522292,0.0384607540210302,0.0,0.0018643939809967,2025-06-24,0.2168597826742447,0.4662979509101584,0.2602577819481303,0.00012292015452329856,0.056461564312695084
0.7995941888209451,0.1907604568256972,0.0086163303903187,0.0,0.0010290239628447,2025-06-25,0.23054544523371076,0.5228544875024995,0.21863176678018512,0.0010426324702134534,0.026925668013196603
0.9984287197998234,5.304987011964228e-46,2.0060589910972048e-10,0.0,0.0015712799994666,2025-06-26,0.2342640771410755,0.5385640172342105,0.2067609863174525,0.0013024391797191648,0.019108480127437835
0.0672492400806998,0.9061026335562689,0.0266250990927237,0.0,2.302727052599004e-05,2025-06-27,0.21679546473056144,0.4652418677566901,0.2616003452987629,8.75708923404606e-05,0.05627475132186345
0.0084259585703193,3.642587989387748e-05,0.9903112195833484,0.0,0.0012263959664751,2025-06-30,0.20782227388517782,0.42627122448444005,0.302525282330015,1.3262282299417911e-05,0.06336795701810423
0.0660162824801263,0.8139968278674518,0.1198584381901122,0.0,0.0001284514626535,2025-07-01,0.2160129788924006,0.4618225119479234,0.2653061488298885,8.616347479210027e-05,0.05677219685533906
0.0189289260256697,0.0433844441019574,0.9366618614619034,0.0,0.0010247684100399,2025-07-02,0.20847986110131717,0.42903767188578384,0.2998612086635607,2.6554947320439707e-05,0.06259470340158806
0.0318250521245133,0.6869061775283811,0.2808462857753764,0.0,0.000422484572153,2025-07-03,0.2140405138179971,0.45338652544316066,0.2735214023171119,4.2212474581038315e-05,0.05900934594757298
0.0788174121293338,0.8708617511736836,0.0501675613476797,0.0,0.0001532753491979,2025-07-04,0.2168042546889822,0.46528177857491304,0.2618316084046283,0.00010287116257678241,0.05597948716879455
0.0724537167617076,0.8323457983716626,0.095050031713588,0.0,0.0001504531529549,2025-07-07,0.2163278567467691,0.46319770604553534,0.2639584719028251,9.458325569246381e-05,0.056421382049090966
0.6439694850492579,0.0781061111508933,0.2762630945842263,0.0,0.0016613092154662,2025-07-08,0.2253850145362481,0.501077643734769,0.23792968278923654,0.0008412636902797021,0.03476639524931013
0.023560500373746,0.8916952181949771,0.0846983072223182,0.0,4.597420899956243e-05,2025-07-09,0.21550795307427123,0.45976894884077196,0.26638195483245414,3.075106206931365e-05,0.05831039219047413
0.0033729384259944,4.061663890617123e-10,0.9954127881936794,0.0,0.0012142729743964,2025-07-10,0.20768864185146013,0.42569889306466596,0.3030181603061325,6.6628668613294545e-06,0.06358764191111657
0.0017145510431951,0.3239360117864897,0.6718750855617887,0.0,0.0024743516084259,2025-07-11,0.21002532690799783,0.43671211157651263,0.2901461839026948,6.862983611536907e-06,0.0631095146290824
0.0198629905104626,0.8531762231364611,0.1268299378401299,0.0,0.000130848512839,2025-07-14,0.21508918192519397,0.4579695114528528,0.2682287899836277,2.60974586040164e-05,0.05868641917961413
0.8461904988352725,0.0813717881046612,0.0712296150749049,0.0,0.0012080979855065,2025-07-15,0.23089398701717304,0.5242373778316045,0.21837437882871144,0.0011036147659440139,0.025390641556911894
0.0484353903396189,0.8815959061606965,0.0699362030661407,0.0,3.250043357672059e-05,2025-07-16,0.21609542531440726,0.4622377398666389,0.264377647374332,6.310158590669271e-05,0.05722608585874792
0.0144723519469816,6.860600209359262e-06,0.9846349178767402,0.0,0.0008858695765047,2025-07-17,0.2080370805463811,0.4270258150115076,0.3020293808919424,2.0494536762767355e-05,0.06288722901384178
0.0027017842158686,0.0035409309707047,0.9924388798800428,0.0,0.001318404933623,2025-07-18,0.2076825851828588,0.4257267512652338,0.3029174076029319,5.984241925646889e-06,0.06366727170728877
0.0741641219638464,0.9148121469592616,0.0108816305345975,0.0,0.0001421005427226,2025-07-21,0.21703123571375518,0.4663105110991859,0.26055983826349666,9.679378775800659e-05,0.05600162113623224
0.2010424370751181,0.0390226768047499,0.7585343006839076,0.0,0.0014005854365664,2025-07-22,0.2132604191616226,0.4494765278354913,0.2823359230649099,0.0002642869913527216,0.05466284294696532
0.2095551109378629,0.7720981435046068,0.0181535778468916,0.0,0.0001931677102156,2025-07-23,0.219511029151152,0.47661881656676436,0.2530613151487321,0.00027310659369959145,0.05053573253922881
0.0002568607241283,9.668574609430888e-12,0.9992881932006954,0.0,0.0004549460659458,2025-07-24,0.20772391550308453,0.42549992145120935,0.3035139384098785,1.1858705086455025e-06,0.06326103876575698
2.483247391915062e-05,1.2369343841356325e-13,0.997822764528937,0.0,0.002152402997189,2025-07-25,0.20745241951769816,0.42512775797686575,0.30310127299499806,4.061127605497915e-06,0.06431448838300118
0.0008482447773947,0.6587583338544776,0.3398524977417788,0.0,0.0005409236264111,2025-07-28,0.21296894342582764,0.44885092134298193,0.27758910026810174,2.116512763164884e-06,0.060588918450387615
0.995871450640206,6.581224131853584e-20,0.0009761618751018,0.0,0.0031523874842517,2025-07-29,0.23394853304986798,0.5379516454462949,0.20660286280929716,0.001302070255738314,0.02019488843836091
0.0599847601756576,0.9011166519032052,0.0388526581930235,0.0,4.592972839637543e-05,2025-07-30,0.2165577818797798,0.4642363278040704,0.26249215910960216,7.815872615481822e-05,0.05663557248067547
0.0005147905180571,0.7454167158229552,0.253467517053149,0.0,0.0006009766062224,2025-07-31,0.21364029243906268,0.45186609315028237,0.27420598899017734,1.7949131118513323e-06,0.0602858305077494
6.867346421845844e-05,5.60441912425615e-07,0.9990862854390562,0.0,0.0008444806548636,2025-08-01,0.2076580052129185,0.42539922103899935,0.3034322586154516,1.6700564907613353e-06,0.0635088450761903
0.9845524380301296,0.0024260495168561,0.011707458624485,0.0,0.0013140538289557,2025-08-04,0.23395220633887048,0.53712729182351,0.20807278711635338,0.0012838971309888083,0.019563817590703303
0.0220266101060449,0.8785933807066018,0.0993026559114641,0.0,7.735327571063731e-05,2025-08-05,0.21535772749201101,0.45912502671399813,0.2670361882669206,2.8813372084983647e-05,0.05845224415480662
0.0241947116935868,0.8365234022061736,0.1390223331707449,0.0,0.0002595529295799,2025-08-06,0.2150524705079737,0.45784589779557344,0.268430522828235,3.197628610445924e-05,0.05863913258219864
0.0291075763339439,0.8386791383167546,0.131642908241064,0.0,0.0005703771081911,2025-08-07,0.2151525353796924,0.4584164299222508,0.26779147857639,3.895238353542345e-05,0.058600603738084886
1.0302888394066585e-05,4.816605688838247e-10,0.9989623501163648,0.0,0.0010273465134497,2025-08-08,0.20762785946641715,0.4253553203649124,0.3033910498378259,1.936367808556872e-06,0.06362383396290502
0.9983246982645702,7.88922306006187e-21,6.043157388806899e-06,0.0,0.0016692585781005,2025-08-11,0.23424598062899538,0.5385322493930228,0.20674592561003108,0.0013024871847312231,0.01917335718327862
0.0021274219547043,0.927496988069837,0.0702904757327999,0.0,8.511424249705816e-05,2025-08-12,0.21521313417515636,0.45859471033301236,0.2670386476541369,2.928245992541276e-06,0.05915057959154016
0.1101086414325085,0.8717050655608292,0.0179732527465017,0.0,0.000213040259871,2025-08-13,0.2176390902954721,0.4688509558618668,0.25875910935788476,0.00014370991529336291,0.05460713456919324
0.0721783527032015,0.8574862799335047,0.0701179388166471,0.0,0.0002174285464513,2025-08-14,0.21651009686953115,0.46404206867004594,0.2629815583213954,9.435022012471882e-05,0.05637192591870737
0.1474691954927388,0.8512667307740301,0.0008100183029938,0.0,0.0004540554304217,2025-08-18,0.2184386689451801,0.47231930098809544,0.25588855351432455,0.0001927874154345831,0.05316068913714972
0.51064657807621,0.4173372161872681,0.0713239323785394,0.0,0.0006922733580238,2025-08-19,0.22466798878297325,0.4981422261271134,0.23775350261617725,0.0006659243545484227,0.03877035811922877
0.1667744123003682,0.7824277646309447,0.0506164618250018,0.0,0.0001813612436766,2025-08-20,0.21845011761080446,0.4721310306104443,0.2567935463748779,0.00021740356765900798,0.05240790183620554
0.0646854717793879,0.8417799806680234,0.0934286498835823,0.0,0.0001058976693902,2025-08-21,0.21620199486338168,0.46265879823170475,0.26435050302325286,8.438915163316283e-05,0.05670431473041131
1.5213560946837918e-05,4.77121299738149e-18,0.9978949505052268,0.0,0.0020898359339708,2025-08-22,0.20746194033903428,0.42513941323360244,0.3031182396895532,3.931496915044391e-06,0.06427647524103935
0.0802322431269843,0.8649029943283684,0.0547581041861946,0.0,0.0001066583581064,2025-08-25,0.21680198416116508,0.4652410866494896,0.26194060815326575,0.00010462536986283468,0.055911695665870335
2.2175126734165654e-06,1.631170590455504e-14,0.9990262081137008,0.0,0.0009715743732741,2025-08-26,0.20763635938613528,0.42536576530745596,0.30340612668105466,1.8214516278876992e-06,0.06358992717339068
8.755934932898358e-06,1.8457129144075232e-20,0.9975349189561208,0.0,0.0024563251092453,2025-08-28,0.20740449095914776,0.4250640142520377,0.30302492586003626,4.609076111194978e-06,0.06450195985296595
0.013527707922551,0.8762148114933418,0.11011491626628,0.0,0.000142564318257,2025-08-29,0.21510114567238206,0.4580629899541815,0.26793415757697114,1.787374400010918e-05,0.0588838330528949
0.9956310360042144,5.516224413553304e-25,3.67370458062407e-05,0.0,0.0043322269500122,2025-09-01,0.23375770816440034,0.5376839860379942,0.2063236827617303,0.0013039657358562679,0.020930657300051628
0.0059243095579742,0.9482900763688602,0.0457176477828884,0.0,6.796629038686978e-05,2025-09-02,0.2154829112677478,0.4597646336244128,0.2658603049249889,7.837962148800141e-06,0.05888431222081146
0.2107369138450464,0.774779832695016,0.0129604307109771,0.0,0.0015228227490738,2025-09-03,0.21935619587533264,0.4765769109147312,0.2525010734639666,0.0002771335719308956,0.05128868617415189
0.5375370350827507,9.449587174476529e-34,0.3573642884100866,0.0,0.1050986765074822,2025-09-04,0.2057492574023236,0.46516128394465867,0.22476719258197175,0.000896348398964403,0.10342591767240081
0.0221972384713604,0.9360668923209402,0.0412852735896252,0.0,0.0004505956182041,2025-09-05,0.2157613571627563,0.46110128614952434,0.2646691202639906,2.9734076734868185e-05,0.05843850234712379
0.0677528485685274,0.8752517756801126,0.05684980352458,0.0,0.0001455722271758,2025-09-08,0.2165442689184466,0.4641828133916052,0.26273066322292393,8.845573672360879e-05,0.056453798730696336
0.1160769437079421,0.8295146013434821,0.0540966756149624,0.0,0.0003117793336372,2025-09-09,0.21744762491080605,0.4680158879221114,0.25981229885465384,0.00015166273548982776,0.05457252557696257
0.112367455664641,0.8535789428211679,0.0338576550715541,0.0,0.0001959464425155,2025-09-10,0.21755796144376252,0.4684696600735231,0.2592563492905426,0.000146617863853613,0.05456941132819665
0.1049128318291136,0.8085853634056142,0.0862198416888508,0.0,0.0002819630766027,2025-09-11,0.21698693095411012,0.46601454420836513,0.26172001534197725,0.00013707635246028928,0.05514143314326846
0.0944576151769474,0.8773487840515894,0.0280013516723162,0.0,0.0001922490993492,2025-09-12,0.21726837728653073,0.4672784433893617,0.2600555833744507,0.00012330051232733273,0.05527429543753181
0.0398332760568262,0.8670066121103619,0.0930150284184126,0.0,0.0001450834148134,2025-09-15,0.2157315003063589,0.4607224234325047,0.26575252330679466,5.211629227205429e-05,0.05774143666248368
0.9968199299595412,3.249801031926296e-12,0.0013782194958004,0.0,0.0018018505409972,2025-09-16,0.23418498562094053,0.5383344462638661,0.20685736591597192,0.0013007768456762803,0.019322425353133423
0.1669396005453019,0.7825276107680762,0.0503140029339199,0.0,0.0002187857527233,2025-09-17,0.21844948437920086,0.4721456864227154,0.25676407206417917,0.00021768861743228993,0.05242306851649345
0.1026159401516084,0.8547694198066599,0.0424488485613887,0.0,0.0001657914802198,2025-09-18,0.21731116322187072,0.46741112534750934,0.26015979205001427,0.00013386940202708984,0.0549840499784554
0.0296600372491399,0.670557825022794,0.2992330941821086,0.0,0.0005490435463658,2025-09-19,0.21383268501844638,0.4525367452549648,0.274339606866043,3.963150372026151e-05,0.059251331357233816
0.0066927190850542,0.8887869331165709,0.1041929779150054,0.0,0.0003273698830372,2025-09-22,0.2149893883379273,0.45769427153147446,0.2680540925645461,9.323624646644333e-06,0.05925292394107315
0.0235163306522957,0.8988851731122391,0.0774417670892673,0.0,0.0001567291465829,2025-09-23,0.2155466819280807,0.4599956920011341,0.2660757451742426,3.090088122952738e-05,0.05835098001569805
0.0099996760801069,0.8812262883825653,0.1086582307111441,0.0,0.0001158048261238,2025-09-24,0.21505078823823,0.457845277990095,0.2680853581522851,1.3231770516198133e-05,0.05900534384881381
0.0007995091439896,0.0002210154088584,0.998457274559828,0.0,0.0005222008877433,2025-09-25,0.20772968674305936,0.42555562715783063,0.3034355850308816,2.018036538504546e-06,0.06327708303210906
2.821396862295361e-05,1.1876741728679487e-06,0.9979925651399728,0.0,0.0019780332172453,2025-09-26,0.2074797707516321,0.4251637087130584,0.3031455937805146,3.739148343339632e-06,0.06420718760646539
0.0552901353557747,0.7054066528422805,0.2389437985540766,0.0,0.0003594132479869,2025-09-29,0.21482561340561002,0.4567170322366677,0.2705439755729815,7.263523877264328e-05,0.05784074354608677
0.0705180591499681,0.72060269425279,0.2086876198217466,0.0,0.0001916267756195,2025-09-30,0.21538032479085165,0.4590170800410544,0.2685191028804405,9.214098132989703e-05,0.05699135130644768
0.9992111355486376,2.1757013762983715e-19,6.29502998312171e-06,0.0,0.0007825694218332,2025-10-01,0.23440828054893648,0.5388135072620986,0.20688753195578335,0.0013019812414523963,0.018588698992182854
0.819216692900863,6.00599185753569e-07,0.1801368157842302,0.0,0.0006458907157104,2025-10-03,0.22961235495289015,0.5184121812345507,0.22431783333362945,0.0010674548688163804,0.026590175610102303
0.9986577106943751,2.35681355825235e-07,0.000835567388187,0.0,0.0005064862357757,2025-10-06,0.23443661831063906,0.5388069497555897,0.20701177281900693,0.0013007441704003875,0.018443914944057286
0.06455449228611,0.8940178197623372,0.0413829471873953,0.0,4.4740764165883066e-05,2025-10-07,0.21662377489561646,0.46450413248031164,0.2623293437356253,8.410420439958021e-05,0.056458644684055405
0.0145661300213448,0.8963646707868276,0.0889479670211668,0.0,0.0001212321707015,2025-10-08,0.2152926312974195,0.45889793047089267,0.2670487114470667,1.9185366301881527e-05,0.05874154141835981
0.7455004254657168,0.219741729525111,0.0341870514647227,0.0,0.0005707935442811,2025-10-09,0.22939996157389755,0.5178333716009466,0.22283998206196162,0.0009713693980866724,0.028955315364939012
0.9018737382774156,0.0326963703097782,0.0647953293752839,0.0,0.0006345620376279,2025-10-10,0.2320865265857196,0.5289524877026375,0.21504968949979367,0.0011750153787392693,0.022736280833215404
0.0219744327533878,0.9051681755158952,0.0728186120401323,0.0,3.877969050338674e-05,2025-10-13,0.21557385133028736,0.4600669587348038,0.2660084856100036,2.8673260060820475e-05,0.05832203106476308
0.0145483667892129,0.1869500438727531,0.7978164888152691,0.0,0.0006851005228979,2025-10-14,0.20955825358921581,0.43368784209082845,0.2947389884597918,2.021767952557544e-05,0.0619946981807714
0.9947565891502675,0.0004269646683941,0.004117071538921,0.0,0.0006993746425239,2025-10-15,0.23430546104009897,0.5383399726085635,0.20732260775040925,0.0012960277352818317,0.01873593086575268
0.9997739592806107,2.402380684607508e-11,5.843509614601864e-06,0.0,0.0002201971859964,2025-10-16,0.23451123373571653,0.538991961155036,0.2069772850520631,0.0013016611483994106,0.018217858909030146
0.9795403559828114,0.0045372624689865,0.0152423233238145,0.0,0.0006800582243443,2025-10-17,0.23393395064334355,0.5367622685924388,0.20863684588762096,0.0012761869946802612,0.01939074788187283
0.1143276438370484,0.8699442059561335,0.0156565155247719,0.0,7.163468181777058e-05,2025-10-20,0.21776009172903307,0.4692963329564298,0.2584567004378207,0.00014893645018446418,0.05433793842630345
0.0543621812871167,0.8745728730151,0.070989926882568,0.0,7.501881509664975e-05,2025-10-21,0.21619151050716504,0.462653345891154,0.2640695042084658,7.089514501488781e-05,0.05701474424808164
0.3416750532936458,5.586408290974039e-05,0.6569737304238104,0.0,0.001295352200067,2025-10-23,0.21673058220389207,0.4640813098268429,0.27030048835785264,0.0004471294428690964,0.0484404901689759
0.017009758661783,0.0131787283695805,0.969257917372232,0.0,0.0005535955959954,2025-10-24,0.20826174631147243,0.4278474146751787,0.3013525414638,2.3175140154717927e-05,0.06251512240898478
0.9757396220372592,0.0101521145652093,0.0127306544763895,0.0,0.0013776089215337,2025-10-27,0.23376789820689642,0.5363873815050472,0.20860507457001023,0.0012725458309623605,0.019967099887475324
0.0145080826887443,0.9306541401882552,0.0547507596037835,0.0,8.70175193216852e-05,2025-10-28,0.21556931297433538,0.46011118926469685,0.26571778217382097,1.9045773174373678e-05,0.05858266981407713
0.1286257537214367,0.8406408324985111,0.0305735502917932,0.0,0.0001598634880787,2025-10-29,0.21789576433213526,0.4698646694939457,0.25820195160014286,0.00016771120193761392,0.05386990337165819
0.0034120927434755,0.3131405169226909,0.6828625413911864,0.0,0.0005848489425815,2025-10-30,0.21028014454359914,0.4369078806183778,0.29088999101071755,5.535689791688298e-06,0.06191644813744807
0.0019538797507635,0.0117726453845326,0.9848641058894196,0.0,0.0014093689750185,2025-10-31,0.20771386330125788,0.4259145020771752,0.3026434098293229,5.181075881909809e-06,0.06372304371609623
0.0450705349934657,0.8860866590168095,0.0687757553674806,0.0,6.705062266554292e-05,2025-11-03,0.21603570920472265,0.4620076385638152,0.2645177932297961,5.878675140820847e-05,0.05738007225067907
0.0018050884947528,7.554897760680637e-05,0.9967965391474904,0.0,0.0013228233797033,2025-11-04,0.20763031711872149,0.42550150057872066,0.30313889527051463,4.825424037603479e-06,0.06372446160755886
0.0120612893671984,0.8002904235801634,0.1873438110108882,0.0,0.0003044760421558,2025-11-06,0.21443236104903624,0.4551779922404021,0.27101318495245513,1.6268198700334605e-05,0.05936019355981198
0.0117421763333336,0.9352861930678196,0.052799988599077,0.0,0.0001716419999858,2025-11-07,0.21551892555349067,0.4599438643067028,0.2657816647959921,1.5604224299776667e-05,0.05873994111973058
0.1116892608126145,0.8547863383423095,0.0333400582422338,0.0,0.0001843426028287,2025-11-10,0.21755123292885847,0.46843775732817955,0.25927749587358323,0.00014571344422257632,0.05458780042514262
0.0374549150514355,0.9580261904153966,0.0042748685977374,0.0,0.0002440259355686,2025-11-11,0.21637675049558228,0.46365184010890487,0.26238596419018323,4.920595051167411e-05,0.05753623925495599
0.1180319808117963,0.8748752493746028,0.0068224953247604,0.0,0.0002702744888267,2025-11-12,0.21786743167510594,0.46985072137320905,0.2578543213583096,0.00015412961312616017,0.05427339598023535
0.0257447700564145,0.909746677770682,0.0644252359559524,0.0,8.331621733038378e-05,2025-11-13,0.21570423597248617,0.4606477641171404,0.26545305909230416,3.366387911803684e-05,0.0581612769393305
0.5582232098380622,0.0010460906073579,0.4387425126345318,0.0,0.0019881869203962,2025-11-14,0.22242578196154608,0.4885531863771709,0.2491560813714768,0.0007302730500450905,0.039134677240108974
0.0990481022199834,0.860494809876032,0.0403743790846752,0.0,8.270881907685846e-05,2025-11-17,0.2172742244491382,0.4672256226511438,0.2603012667033643,0.00012907019508369183,0.05506981600103743
0.0393659468917386,0.0179450618640039,0.9418037431333536,0.0,0.0008852481107283,2025-11-18,0.20884617746462325,0.4304858447895837,0.29891995093237983,5.289346252783673e-05,0.06169513335070962
0.9413410374918744,0.0343110485547036,0.0230168206683496,0.0,0.001331093285458,2025-11-19,0.23304680501790884,0.5333471948698449,0.21099354797281136,0.001227687520804906,0.02138476461901517
0.0893853843550161,0.9039198429952068,0.0066359012721732,0.0,5.887137758690462e-05,2025-11-20,0.2173649333274509,0.46766978686423843,0.2595374828368473,0.00011644913218821892,0.0553113478392581
0.0102686015575907,0.8936270820975296,0.0959852880200143,0.0,0.0001190283249923,2025-11-21,0.21515617186368133,0.45831378105281717,0.2675720107287744,1.3587822294415643e-05,0.05894444853255953
0.0046056313853363,6.8007509903089295e-06,0.9948507416898582,0.0,0.0005368261733857,2025-11-24,0.2078275616018558,0.4259770615190456,0.3030724038250573,6.999244223072011e-06,0.06311597380938859
0.0510153403016107,0.0746273482711453,0.8721557517800885,0.0,0.0022015596474141,2025-11-25,0.2094033358070212,0.4335448112692834,0.29523285183400666,7.051948591708973e-05,0.06174848160403012
0.9406422173633032,9.1214563455187e-93,7.63696349548763e-14,0.0,0.0593577826368223,2025-11-26,0.22368637444288203,0.5202322710914831,0.1975339321726763,0.0013353906925724337,0.05721203160058776
0.0389248260135026,0.9230853670365116,0.0377673262779858,0.0,0.0002224806718829,2025-11-27,0.21614138600384805,0.4625871471176652,0.26362029346780746,5.1078775300811894e-05,0.0576000946352613
0.0391330732444406,0.8724162300124976,0.0883679839389243,0.0,8.271280368669526e-05,2025-11-28,0.2157655596430079,0.4608470053893214,0.2656239397737743,5.1088204522773245e-05,0.05771240698892278
0.1503597248492347,4.6022379302913806e-05,0.8476880754584323,0.0,0.0019061773128179,2025-12-01,0.21151476315052586,0.4422424135506022,0.2886336903971266,0.00019926760491659608,0.05740986529661631
0.0070323202670703,0.889028381503112,0.1036096914249766,0.0,0.0003296068052608,2025-12-02,0.21500004921050023,0.45774090063564105,0.268011225998335,9.769817260618454e-06,0.059238054338682754
0.0284529200621855,0.8746982722891126,0.0966368779456692,0.0,0.0002119297034002,2025-12-03,0.21547768750775734,0.4596892123493542,0.26653345303741655,3.742938840555824e-05,0.05826221771743376
0.0573268300826148,0.9007445364085912,0.0418591900784611,0.0,6.944343031428059e-05,2025-12-04,0.21648000996674688,0.46391670245931826,0.2627576032993821,7.47433276216569e-05,0.056770940946912436
0.9945100048459474,7.75131688820949e-14,0.0041742971691585,0.0,0.0013156979850256,2025-12-05,0.23419914188750734,0.5381713174841228,0.20720521499080105,0.0012968604117646152,0.01912746522601293
2.2007146298223523e-05,4.222386107383399e-09,0.9992927252117472,0.0,0.0006852634200212,2025-12-08,0.20768163500422177,0.4254263426352162,0.30347760074024993,1.311299944305865e-06,0.06341311032082025
0.0064100034706227,0.8548834297398797,0.1383782982918268,0.0,0.0003282684975116,2025-12-09,0.21471186506837592,0.4564627763325746,0.2694113509268035,8.957340064772685e-06,0.05940505033202196
0.0173662254964058,0.6160817447570618,0.3661911092816534,0.0,0.0003609204652945,2025-12-10,0.2130995192510436,0.44925282560906027,0.27771325131769714,2.3278453274736606e-05,0.05991112536933965
0.7363188354094965,0.2414098359526668,0.0212092052738645,0.0,0.0010621233639997,2025-12-11,0.22924988502213448,0.5174576073829424,0.22275126218415364,0.0009603388193273215,0.02958090659146937
0.265037203864736,0.7087498524103002,0.0260054799641505,0.0,0.0002074637608575,2025-12-12,0.22048954429847156,0.4806723312448735,0.2501810669551645,0.00034534569293056194,0.04831171180860401
0.1745560693089262,0.2784022798466378,0.5463823888802899,0.0,0.0006592619642633,2025-12-15,0.2145724766739206,0.45508864411892364,0.27569388177995574,0.00022842625141099865,0.054416571175906044
0.0119571911999005,0.4496845492466525,0.5368434277900596,0.0,0.0015148317635136,2025-12-16,0.21145016676948328,0.4425180655127423,0.2844686386178924,1.8398220054318062e-05,0.061544730879953775
0.0462489762379515,0.7617565645740777,0.191678030771963,0.0,0.0003164284161156,2025-12-17,0.2150388107081109,0.4576928185066399,0.2692179367569738,6.0787321888605505e-05,0.05798964670649453
0.0332517516719529,0.9068413837863832,0.0597806425944177,0.0,0.0001262219467977,2025-12-18,0.21587532260733977,0.4613882927104458,0.26483054660133726,4.351484965809895e-05,0.057862323230770576
0.1156751931129326,0.8680869966313547,0.0160735436409886,0.0,0.0001642666143585,2025-12-19,0.21776689966511417,0.4693647136423909,0.2583755908328839,0.00015086372960146355,0.05434193212964385
0.992836306494798,2.3954544927467853e-05,0.0043079443473644,0.0,0.0028317946129051,2025-12-22,0.2339175961155599,0.5376733223080462,0.20697742376203956,0.0012975198078698613,0.020134138006479188
0.0616545901392557,0.8868090478104045,0.0514749454165396,0.0,6.14166342283726e-05,2025-12-23,0.21648618700961475,0.4639166125527302,0.262888154188617,8.036106992697914e-05,0.05662868517953924
0.0448273502621373,0.8679211322329532,0.0870816656194563,0.0,0.0001698518857575,2025-12-24,0.21586856664095036,0.461316547931565,0.2652276497410007,5.866265647433791e-05,0.057528573030313813
0.0192974637522542,0.7033295061397336,0.277149746602682,0.0,0.0002232835049388,2025-12-26,0.21386706584014198,0.45258616117062633,0.27413882016938995,2.553441830686949e-05,0.05938241840114333
0.029664230735555,0.0361906733719588,0.9329531151920308,0.0,0.0011919807006429,2025-12-29,0.20868379270811727,0.4299675959440343,0.2990630912870527,4.0840393309444883e-05,0.06224467966767369
0.0785795008971649,0.8073751163980096,0.1138764541850782,0.0,0.0001689285196492,2025-12-30,0.2162901913657785,0.4630059573134847,0.2643414159531254,0.00010259080999425802,0.05625984455751903
0.9954966060150464,7.853232291249901e-06,0.0018536553816396,0.0,0.0026418853713137,2025-12-31,0.23401834690460585,0.5380133850079502,0.2067696320727733,0.0013006268358487585,0.019898009179112497
