State_0,State_1,State_2,State_3,State_4,Date,Target_Position,Trade_Size
1.9526595455315582e-19,1.0,1.856755975642438e-110,0.0,6.670686582407936e-102,2010-01-05,0.75,0.75
0.0189856224245431,0.938717980467414,0.0420249786388067,0.0,0.0002714184690633,2010-01-06,0.7231326751627288,-0.026867324837271167
0.001185315664364,0.9019942014059308,0.096488059897461,0.0,0.0003324230320061,2010-01-07,0.6778139359316145,-0.04531873923111429
0.0114473685284176,0.7691529397108116,0.2190192234912966,0.0,0.000380468269189,2010-01-08,0.588464260619202,-0.08934967531241256
0.0039675107816626,0.9695933243492998,0.0246916802107316,0.0,0.0017474846580458,2010-01-11,0.7318614979068557,0.14339723728765374
9.25387938701256e-08,0.0112935859306187,0.757579515628522,0.0,0.2311268059024986,2010-01-12,0.10092100434775733,-0.6309404935590984
0.0086282894734882,0.9865774867237408,0.0017350473842316,0.0,0.0030591764180919,2010-01-13,0.7497850750835304,0.6488640707357731
0.9087504362313922,0.0526268372221082,0.0373117199822015,0.0,0.0013110065644009,2010-01-14,0.9487449667737337,0.19895989169020323
0.0218710905215806,0.9230071224318565,0.0550581472853854,0.0,6.363976157546136e-05,2010-01-15,0.7141518882501032,-0.23459307852363043
0.0156297942675095,0.9799660508130272,0.0041909416023273,0.0,0.0002132133174282,2010-01-18,0.7506896177042512,0.036537729454148016
4.644239901939934e-07,6.265903070709676e-15,0.9979430315734528,0.0,0.002056504002684,2010-01-19,0.0008230660250684934,-0.7498665516791827
0.0017777971034358,0.916307034716812,0.0709715286459447,0.0,0.0109436395340488,2010-01-20,0.6933855289546643,0.6925624629295958
2.546138736488488e-47,1.8634089862725048e-277,0.0001315303949912,0.0,0.9998684696054116,2010-01-21,0.39994738784216466,-0.29343814111249966
3.854232791136974e-22,1.2765871486470995e-10,9.331268152000516e-07,0.0,0.9999990667451846,2010-01-22,0.3999996267938179,5.223895165323844e-05
0.0001638808092953,0.1284800304304588,0.2317141722921234,0.0,0.6396419164682279,2010-01-25,0.3523806702194306,-0.047618956574387306
1.392811275379652e-76,0.0,2.4358307525480292e-08,0.0,0.9999999756419132,2010-01-27,0.3999999902567653,0.04761932003733471
1.5687954897619074e-10,0.0007567002641817,3.1104566720216624e-08,0.0,0.9992432684744104,2010-01-28,0.40026483274478,0.0002648424880146716
4.34518074533951e-16,4.970174595717308e-07,1.638003758609429e-12,0.0,0.999999502981278,2010-01-29,0.40000017395560633,-0.00026465878917364405
2.1019978144573475e-07,0.0260477269364441,2.57957282619789e-06,0.0,0.973949483290866,2010-02-01,0.40911579871846093,0.009115624762854602
1.217718125842863e-25,5.6456687107373584e-36,1.9088330702081e-05,0.0,0.9999809116691848,2010-02-02,0.39999236466767396,-0.009123434050786972
0.0041512660180809,5.519796159809791e-135,7.811568285838649e-34,0.0,0.9958487339821168,2010-02-03,0.4024907596109277,0.0024983949432537123
1.5684951316383404e-24,4.386709215678857e-109,0.0148704046776537,0.0,0.9851295953220456,2010-02-04,0.3940518381288183,-0.008438921482109396
1.0236746718796716e-43,1.1318655100637942e-111,9.647802840065172e-05,0.0,0.9999035219711566,2010-02-05,0.39996140878846265,0.00590957065964437
2.132954005770041e-13,2.1560315334058454e-06,1.5746092714083905e-14,0.0,0.9999978439678266,2010-02-08,0.40000075461099405,3.934582253140029e-05
0.1242452004436162,0.3967412461814457,0.0006375159577633,0.0,0.4783760374174074,2010-02-09,0.6131515500466634,0.2131507954356694
1.3742153599271886e-06,0.0054903517483468,0.7433346565281561,0.0,0.2511736175083005,2010-02-10,0.10458858502994023,-0.5085629650167232
0.937911976029094,9.101967963869447e-54,4.437857145450073e-15,0.0,0.0620880239709296,2010-02-11,0.9627471856174659,0.8581586005875257
0.0003764150487603,0.5884000305238758,0.4010641915217088,0.0,0.0101593629056176,2010-02-15,0.44574018310391417,-0.5170070025135517
0.9379018246211432,2.7239704197632533e-13,3.245209342418803e-08,0.0,0.0620981429265738,2010-02-16,0.962741081791977,0.5170008986880629
0.99586772578406,1.0998952357831992e-27,1.2827429744790987e-09,0.0,0.0041322729329082,2010-02-17,0.9975206349572233,0.03477955316524628
0.0023118851415349,0.0324392665638792,0.9645952781264496,0.0,0.0006535701683722,2010-02-18,0.026902763131793184,-0.9706178718254301
1.1989627328768922e-07,1.5867125645003288e-05,0.9806970804997254,0.0,0.0192869324784788,2010-02-19,0.007726793231898561,-0.01917596989989462
0.0029956459651027,0.9882659548252068,0.0068374522879214,0.0,0.0019009469219248,2010-02-22,0.7449554908527778,0.7372286976208793
0.0202715725198795,0.9683170799094644,0.0111724718677849,0.0,0.0002388757030943,2010-02-23,0.7466049327332156,0.0016494418804378075
0.0051375324814621,0.9251857439682608,0.0694242612740301,0.0,0.0002524622765471,2010-02-24,0.6991278253682766,-0.04747710736493904
0.0057659989734215,0.9228436858635908,0.0645260498838398,0.0,0.0068642652790708,2010-02-25,0.7006444694827428,0.0015166441144662812
7.461247984822426e-07,3.544405929938897e-14,6.349864440383807e-16,0.0,0.9999992538753814,2010-02-26,0.40000044767497767,-0.30064402180776517
0.723627915656578,5.2391275975894235e-87,1.344794031437685e-23,0.0,0.2763720843437416,2010-03-02,0.8341767493940747,0.43417630171909705
0.8996501219143007,1.576739339041267e-81,7.134579260815484e-16,0.0,0.1003498780854154,2010-03-03,0.9397900731484669,0.10561332375439214
0.0071055525459849,0.948757251542908,0.0436193620164818,0.0,0.000517833894701,2010-03-04,0.7188806247610463,-0.22090944838742055
0.0182906822542384,0.9565884620064736,0.0249841957302864,0.0,0.0001366600088531,2010-03-05,0.7357866927626349,0.01690606800158856
0.9903544630710251,0.0050253273386551,0.0028830727595321,0.0,0.0017371368304413,2010-03-08,0.9948183133071931,0.2590316205445582
0.0145331383292812,0.7061472278679067,0.2791006474400447,0.0,0.0002189863628796,2010-03-09,0.544231153775363,-0.45058715953183004
0.0426390889344893,0.939814425828495,0.0173844105723915,0.0,0.0001620746650184,2010-03-10,0.7475647381718679,0.20333358439650484
0.0374095857671804,0.9515543887193764,0.0108436215099757,0.0,0.0001924040037889,2010-03-11,0.7511523389082283,0.003587600736360441
0.046532647364481,0.8950739951178569,0.0582336451408804,0.0,0.0001597123768691,2010-03-12,0.7179020286536213,-0.03325031025460701
0.0073396519816061,0.9197795731946166,0.0726815222864227,0.0,0.0001992525370066,2010-03-15,0.6972540328923712,-0.020647995761250093
0.9940960187664803,2.8246655172657384e-49,3.9504882200648804e-13,0.0,0.0059039812333247,2010-03-16,0.9964576112598102,0.29920357836743905
0.0708656115548622,0.9180129996975364,0.0004214780020166,0.0,0.010699910745913,2010-03-17,0.7636553256263797,-0.23280228563343053
0.0499298604276112,0.928162556732051,0.0217524868829479,0.0,0.0001550959577754,2010-03-18,0.7461138163597595,-0.017541509266620237
0.0863584439516216,0.869736281554448,0.0438182183537607,0.0,8.705614003855068e-05,2010-03-19,0.7386954775734731,-0.007418338786286394
5.423238866436673e-09,3.221085654624714e-24,0.998035977875954,0.0,0.001964016700714,2010-03-22,0.0007856121035244665,-0.7379098654699486
0.0641211505506231,0.9214696882977292,0.0142331935381588,0.0,0.0001759676132968,2010-03-23,0.7552938038192387,0.7545081917157143
0.977642429730795,0.0164781314742501,0.0028822384302913,0.0,0.0029972003648882,2010-03-25,0.9911999084824378,0.23590610466319906
0.7214028238933755,0.2188081366908827,0.059306986938372,0.0,0.0004820524771228,2010-03-26,0.8857017474023867,-0.10549816108005106
0.0003948859331385,0.997425077811858,0.0005084340611771,0.0,0.0016716021935121,2010-03-29,0.7491323351694368,-0.13656941223294994
9.849546106871458e-06,3.868135722625391e-05,0.9960002661769468,0.0,0.0039512029198596,2010-03-30,0.001619341731970402,-0.7475129934374664
0.0016012700004809,0.9237226282211412,0.074418457462753,0.0,0.0002576443159551,2010-03-31,0.6944962988927189,0.6928769571607485
0.9988290916086504,4.4301430709752143e-16,9.956131312506826e-05,0.0,0.0010713470782657,2010-04-01,0.9992576304399571,0.30476133154723817
0.9979379264779914,3.879661992062165e-74,3.098284910560819e-16,0.0,0.002062073521854,2010-04-05,0.998762755886733,-0.0004948745532240562
0.0374183218827871,0.9089164276025712,0.0536045606170717,0.0,6.06898976270679e-05,2010-04-06,0.7191299185437664,-0.2796328373429666
0.0118150185201754,0.9590738914304092,0.0289950652569794,0.0,0.0001160247925404,2010-04-07,0.7311668470099986,0.012036928466232166
3.2239558831148563e-13,4.625364766675397e-43,0.9972991847639736,0.0,0.0027008152354429,2010-04-08,0.0010803260944995557,-0.730086520915499
0.9975154303146522,6.10313279560686e-29,1.3345297238598476e-08,0.0,0.0024845563403499,2010-04-09,0.9985092528507922,0.9974289267562926
0.0009298764826664,0.940596107056211,0.0583452197462964,0.0,0.0001287967146099,2010-04-12,0.7064284754606686,-0.2920807773901236
0.0012840382905701,0.892946728615386,0.1037273493840866,0.0,0.0020418837096218,2010-04-13,0.6718108382359583,-0.03461763722471023
6.696063487684081e-10,4.986854690392051e-06,0.7132859479995658,0.0,0.2867090644765183,2010-04-15,0.11468736660123145,-0.5571234716347269
0.0047565450889019,0.90437757167739,0.0847498754880878,0.0,0.0061160077454351,2010-04-16,0.6854861269451183,0.5707987603438869
1.0648200144846849e-13,4.8132823220664253e-29,0.8429848029430047,0.0,0.1570151970569515,2010-04-19,0.06280607882288708,-0.6226800481222312
0.1864945821761275,0.8000240685475035,0.011094344600678,0.0,0.0023870046756199,2010-04-20,0.7874674354570032,0.724661356634116
0.0640343107153944,0.9072526413870045,0.0277786190482311,0.0,0.0009344288493606,2010-04-21,0.7448475632953919,-0.04261987216161123
7.383048327242138e-06,0.7586145263521522,1.6853992247206254e-05,0.0,0.2413612366069879,2010-04-22,0.6655127724552365,-0.07933479084015538
0.9824850098254728,2.4593954233950143e-10,0.0018523834952008,0.0,0.0156626064337546,2010-04-23,0.9887500525834293,0.32323728012819275
0.3737969751159727,0.5777584858870956,0.0479393819887132,0.0,0.0005051570079789,2010-04-26,0.8073179023344859,-0.18143215024894344
0.0161588121894018,0.8637653900156093,0.1198813264025263,0.0,0.0001944713920311,2010-04-27,0.6640606432579212,-0.1432572590765646
2.639392483066547e-22,2.3658584004711672e-111,0.9662121476742442,0.0,0.0337878523258105,2010-04-28,0.0135151409303242,-0.650545502327597
0.9972581834926538,2.1118637838656608e-11,0.0004102423035758,0.0,0.0023315741825944,2010-04-29,0.9981908131815306,0.9846756722512063
0.6220068501487258,0.3226861108609304,0.0549327106057677,0.0,0.000374328384154,2010-04-30,0.8641711646480852,-0.1340196485334454
7.036690512647657e-09,2.0196503981658059e-29,0.9893168161688568,0.0,0.0106831767945539,2010-05-03,0.004273277754512072,-0.8598978868935732
7.038119289138781e-17,4.975436454623144e-35,0.6105954106420894,0.0,0.3894045893581079,2010-05-04,0.15576183574324326,0.15148855798873118
1.9820932492986407e-07,0.4335082329874926,0.0189031154530491,0.0,0.547588453350528,2010-05-05,0.5441667542901556,0.38840491854691234
1.4073340333112733e-07,0.1117183139335852,0.1274476084283324,0.0,0.7608339369043646,2010-05-06,0.3881224509453381,-0.1560443033448175
1.9940216689092804e-15,2.405334815508866e-12,0.0411301399082826,0.0,0.9588698600890232,2010-05-07,0.3835479440374153,-0.004574506907922771
1.0414359884323364e-06,0.0,1.2738075823087334e-94,0.0,0.9999989585636252,2010-05-10,0.40000062486143856,0.016452680824023236
3.371501002301385e-09,6.994956220818635e-17,0.8050520782691234,0.0,0.1949479183597414,2010-05-11,0.07797917071539762,-0.32202145414604094
0.0045862405796067,0.9835085426470016,0.0016211991730515,0.0,0.0102840176003631,2010-05-12,0.7463312546050032,0.6683520838896055
0.0077519437021367,0.9750670412599202,0.0035200551205553,0.0,0.0136609599175642,2010-05-13,0.7445166086141025,-0.001814645990900643
3.626746261604048e-22,3.0241435939080026e-59,0.2639783258592448,0.0,0.7360216741408089,2010-05-14,0.29440866965632356,-0.45010793895777895
3.0992581221781243e-16,0.0001430665320296,1.836240607520286e-06,0.0,0.999855097227042,2010-05-17,0.40004933878983934,0.10564066913351577
6.705665050415006e-06,0.1807156196573112,0.0003867687171657,0.0,0.8188909059601652,2010-05-18,0.46309978279209996,0.06305044400226062
5.453993364031557e-66,0.0,6.747304702939688e-07,0.0,0.9999993252697552,2010-05-19,0.39999973010790213,-0.06310005268419783
0.015703473921631,0.5778315456287647,0.0012203484031592,0.0,0.4052446320466912,2010-05-20,0.6111749859618811,0.211175255853979
1.1074541615201763e-10,0.0116744288946855,9.861973700391398e-05,0.0,0.9882269512579128,2010-05-21,0.40404660228492467,-0.20712838367695646
3.5430803136173745e-10,0.0015655429333217,1.0085318884332592e-07,0.0,0.998434355859462,2010-05-24,0.40054789989808415,-0.0034987023868405243
1.986360535040929e-62,3.327402620445586e-299,2.1436338615041934e-07,0.0,0.9999997856366692,2010-05-25,0.39999991425466774,-0.0005479856434164043
0.0014458181240312,1.836164592339638e-216,3.815056753318153e-43,0.0,0.9985541818759684,2010-05-26,0.40086749087441864,0.0008675766197508983
0.0557032612788162,4.132336192780284e-62,3.8163207919683903e-22,0.0,0.944296738721477,2010-05-27,0.433421956767407,0.03255446589298838
0.8798766972720038,1.5632321715807942e-43,1.377466397152894e-11,0.0,0.1201233027137837,2010-05-28,0.9279260183575173,0.4945040615901103
0.004364202976762,0.9604462550900776,0.0041214256443677,0.0,0.0310681162889245,2010-05-31,0.73712614080989,-0.19079987754762728
4.5850197692239753e-39,7.218010534653514e-233,0.0486371527520174,0.0,0.9513628472478116,2010-06-01,0.38054513889912467,-0.35658100191076536
0.9149200710458056,7.672904126963898e-20,3.259098282894424e-07,0.0,0.0850796030440162,2010-06-02,0.9489519122634121,0.5684067733642875
0.9412121202548642,1.3960520851006422e-99,8.583211970061804e-24,0.0,0.0587878797447594,2010-06-03,0.964727272152768,0.015775359889355856
0.0324307471608996,0.9486326285878048,0.0044592984176781,0.0,0.0144773258333898,2010-06-04,0.749696148935109,-0.21503112321765894
1.6276332772742474e-28,2.668447381448931e-94,0.2882027145058596,0.0,0.7117972854939343,2010-06-07,0.2847189141975737,-0.4649772347375353
9.162782745674262e-11,2.061124729222241e-07,0.2120391830154387,0.0,0.7879606107806284,2010-06-08,0.3151843989882339,0.03046548479066019
0.0013257645311466,0.9822100070433012,0.0019468358119206,0.0,0.0145173926134663,2010-06-09,0.743790226859009,0.42860582787077506
0.9890197703853812,4.984349239381671e-90,1.3672272545987977e-18,0.0,0.0109802296141716,2010-06-10,0.9934118622310499,0.24962163537204096
0.9981169496604688,1.2881705766224872e-08,9.291086511627754e-05,0.0,0.001790126592255,2010-06-11,0.9988330099586502,0.005421147727600273
0.9896047316626924,4.042819196364634e-102,2.123563312469416e-18,0.0,0.010395268337504,2010-06-14,0.9937628389976939,-0.0050701709609562995
0.031777191080002,0.9658660874776156,0.002132997150627,0.0,0.0002237242920713,2010-06-15,0.7562662464050423,-0.23749659259265166
0.0439469364603514,0.9233597704362562,0.0325011544447215,0.0,0.0001921386583173,2010-06-16,0.7365436197508705,-0.019722626654171793
0.9648592552677998,0.004650958455468,0.0003056942130344,0.0,0.0301840920634285,2010-06-17,0.9804211109347722,0.24387749118390178
0.0020549262590524,0.9568073172502094,0.0409254810371229,0.0,0.0002122754537012,2010-06-18,0.7197453243781898,-0.2606757865565824
0.9933244614731662,1.9717901752845092e-86,1.3011521664996621e-20,0.0,0.0066755385267019,2010-06-21,0.995994676883847,0.2762493525056572
0.0003438685946939,3.585172126686964e-14,0.9980329641214848,0.0,0.001623167283414,2010-06-22,0.000993135508086389,-0.9950015413757606
0.0347411527011569,0.914580137802464,0.0504455630683997,0.0,0.0002331464281993,2010-06-23,0.7207695146242846,0.7197763791161982
0.0022468977162833,0.9491168550450318,0.0483097310362925,0.0,0.0003265162022618,2010-06-24,0.7142151454809619,-0.006554369143322747
1.58073345570982e-07,4.427028975716182e-28,0.9977590331918842,0.0,0.002240808734617,2010-06-25,0.000896481567192371,-0.7133186639137695
0.9746110446650896,6.716085384739525e-51,9.978101932672248e-11,0.0,0.0253889552349335,2010-06-28,0.984766626759063,0.9838701451918707
5.199133517900843e-16,3.7603080256797256e-54,0.9194049570811672,0.0,0.0805950429186011,2010-06-29,0.032238017167440965,-0.952528609591622
0.0821258226790026,1.95292150821818e-07,6.368972827487864e-08,0.0,0.9178739183388934,2010-06-30,0.4492755364836731,0.4170375193162321
4.702690375055442e-10,3.7597042649242556e-28,0.8723209264948651,0.0,0.1276790730352207,2010-07-01,0.05107162968435732,-0.3982039067993158
0.003170114380045,0.914576206227614,0.0813396944366828,0.0,0.0009139849552537,2010-07-02,0.689467863032857,0.6383962333484997
0.0626329655377328,0.8443062398159394,0.0929472706241321,0.0,0.0001135240219941,2010-07-05,0.695908055008485,0.006440191975627951
0.9991327334689656,3.252930956364829e-24,3.080728083423291e-07,0.0,0.0008669584584713,2010-07-06,0.9994795168523541,0.3035714618438692
4.4989927123151997e-07,3.863992681979936e-26,0.9995523325063526,0.0,0.0004472175945259,2010-07-07,0.00017933693708159154,-0.9993001799152725
0.9977110083756464,1.0862113987618493e-17,1.203826175779289e-07,0.0,0.0022888712419395,2010-07-08,0.9986265568724222,0.9984472199353406
0.9994327076771464,7.644359530517138e-37,1.81052466994646e-08,0.0,0.0005672742176905,2010-07-09,0.9996596173642226,0.0010330604918004083
0.9771884888907916,0.0126804202799919,0.0098543034825032,0.0,0.0002767873464798,2010-07-12,0.9868095190393774,-0.012850098324845183
0.9000277413766641,0.0150747789692553,0.0842591579710782,0.0,0.0006383216829156,2010-07-13,0.9115891542767718,-0.07522036476260563
5.274569089306857e-05,0.9778481158340604,0.0211194750477317,0.0,0.0009796634272413,2010-07-14,0.7338306979373349,-0.17775845633943688
0.0216080268680658,0.9006510265525143,0.0776023473723633,0.0,0.0001385992071118,2010-07-15,0.6971517364652963,-0.03667896147203864
0.2932744548614144,0.5977517607601923,0.1083959699082609,0.0,0.0005778144701482,2010-07-16,0.7418194012196179,0.0446676647543216
0.0125249728528504,0.9186081539670072,0.0686763356923442,0.0,0.0001905374877373,2010-07-19,0.7015573033232008,-0.040262097896417104
0.0007414947823901,0.9148010374807856,0.0842089306474434,0.0,0.0002485370895673,2010-07-20,0.6869416877288061,-0.014615615594394615
0.9881061643786662,1.586483540884909e-05,0.0108633501369683,0.0,0.0010146206488894,2010-07-21,0.9885239112647786,0.3015822235359724
0.9970052884446952,0.0001687882911971,0.000181562106157,0.0,0.0026443611582164,2010-07-22,0.9981896241263796,0.009665712861601006
0.0295884765566375,0.9366007055889471,0.0337798233401417,0.0,3.099451389252664e-05,2010-07-23,0.732051403553905,-0.2661382205724746
0.0017667096769112,0.237320925070836,0.7593745872330477,0.0,0.0015377780191671,2010-07-26,0.18037251468770502,-0.5516788888662
0.0303715880225151,0.9299328771640186,0.0396237774824535,0.0,7.175733062176826e-05,2010-07-27,0.7278499488277776,0.5474774341400727
0.0003293556749665,9.09652024299616e-06,0.998259280915024,0.0,0.0014022668901772,2010-07-28,0.0008970848212196272,-0.726952864006558
0.0435521926479383,0.9013681058997826,0.0550175866516205,0.0,6.211480052750061e-05,2010-07-29,0.7196031179929863,0.7187060331717666
3.361717497408858e-05,4.778414766055588e-07,0.9989863700495516,0.0,0.0009795349337562,2010-07-30,0.0004257895295840227,-0.7191773284634022
0.993800251905581,5.097131210310706e-22,2.2439684766998673e-09,0.0,0.0061997458500723,2010-08-02,0.9962801502456099,0.9958543607160258
0.0591832673738881,0.9057415564917572,0.0350227366947667,0.0,5.243943957300171e-05,2010-08-03,0.7385104105185352,-0.25776973972707473
0.3899630322428537,0.5915292803622523,0.0177465995351968,0.0,0.0007610878596096,2010-08-04,0.8339144276583867,0.09540401713985158
0.0177551448944909,0.526281506277911,0.4554258781111457,0.0,0.0005374707167417,2010-08-05,0.41268126288962087,-0.4212331647687659
0.0182821125132543,0.8997231519122267,0.0819043573314287,0.0,9.037824273000212e-05,2010-08-06,0.6931106277445164,0.2804293648548955
0.9991476319782,1.773998484337003e-15,3.112186309200764e-05,0.0,0.0008212461589899,2010-08-09,0.9994761304417973,0.3063655026972809
0.0086715415063224,0.1933542752222115,0.7978033554877656,0.0,0.0001708277838331,2010-08-10,0.15375557903651427,-0.845720551405283
5.9041247389637536e-05,6.115560744730692e-07,0.9985288708115224,0.0,0.0014114763846725,2010-08-11,0.0006240904683144924,-0.15313148856819978
0.0064482204663021,0.9211480554927608,0.0720100151284037,0.0,0.0003937089123603,2010-08-12,0.6974667456508169,0.6968426551825024
0.8169341531953518,0.1734016153070393,0.0077972279661066,0.0,0.0018670035319427,2010-08-13,0.9477321660884083,0.25026542043759137
0.0003268399184011,0.0501918287406591,0.9477539862294828,0.0,0.0017273451118758,2010-08-16,0.038661649518645744,-0.9090705165697626
0.0322452553526307,0.8790139448977828,0.0886439491700214,0.0,9.68505797672682e-05,2010-08-17,0.6915444542578747,0.652882804739229
0.998332362295805,1.1304450980580761e-43,1.9391568286594407e-10,0.0,0.0016676375106992,2010-08-18,0.9989994173000847,0.30745496304221
0.9982037912270976,2.886965454388621e-50,6.11874955498923e-10,0.0,0.001796208160649,2010-08-19,0.9989222744913572,-7.71428087275039e-05
0.0253878590506362,0.9208093096043238,0.0537552490523478,0.0,4.758229238957453e-05,2010-08-20,0.716013874170835,-0.2829084003205222
0.0514263761644736,0.9002976458763191,0.0482205478416685,0.0,5.543011798146741e-05,2010-08-23,0.7266717826189054,0.010657908448070463
0.0001710518267479,0.0001722127639749,0.9991481429449318,0.0,0.0005085924646653,2010-08-24,0.0005036483855951951,-0.7261681342333102
3.195796435462625e-05,1.2192742436459564e-14,0.9985775496249384,0.0,0.0013904924110176,2010-08-25,0.0005881549287708108,8.450654317561574e-05
0.0817793399258385,0.853859545289568,0.0642100089332529,0.0,0.0001511058517843,2010-08-26,0.7222344412337282,0.7216462863049573
4.3937650616351787e-14,2.3278397624075823e-55,0.9899463285102644,0.0,0.010053671489946,2010-08-27,0.0040214685960223385,-0.7182129726377058
0.0009573210520696,0.9862272401255412,0.0096607931094578,0.0,0.00315464571299,2010-08-30,0.7418896094314215,0.7378681408353991
0.0010383768178786,0.940475496196034,0.0580181873096038,0.0,0.000467939676367,2010-08-31,0.7065821748354509,-0.03530743459597052
0.9950170416892588,6.104975879889948e-60,1.6559455924245385e-12,0.0,0.0049829583092553,2010-09-01,0.9970102250129609,0.29042805017750994
0.0503856735196351,0.9331674796118588,0.0163969171647162,0.0,4.992970378825232e-05,2010-09-02,0.7502812551100444,-0.24672896990291648
0.0266867562437576,0.8933182517822541,0.0798416199664876,0.0,0.0001533720072566,2010-09-03,0.6967367938833509,-0.05354446122669354
0.9819655823527506,1.1997304826610174e-108,1.745603174907975e-23,0.0,0.0180344176473033,2010-09-06,0.9891793494116718,0.292442555528321
0.5977574797680084,0.3825785632890333,0.0184964190693449,0.0,0.0011675378734178,2010-09-07,0.8851584173841505,-0.10402093202752138
0.0132951294494343,0.9528223470278552,0.0336918644470202,0.0,0.0001906590758923,2010-09-08,0.7279881533506827,-0.1571702640334678
0.97124741159074,1.298615384785683e-06,0.0142449064334834,0.0,0.0145063833603291,2010-09-09,0.9770509388964103,0.24906278554572758
0.890602481752368,1.5756025836575228e-178,1.0505812901313519e-34,0.0,0.1093975182472172,2010-09-13,0.9343614890512549,-0.042689449845155325
0.4370212915050471,0.5411596102750835,0.0029482081681924,0.0,0.0188708900514016,2010-09-14,0.8504393552319204,-0.08392213381933455
0.996994724341628,3.2330453155417995e-37,1.9633773390865424e-09,0.0,0.0030052736949793,2010-09-15,0.9981968338196197,0.14775747858769928
5.374210153161776e-05,0.6732415889633293,0.3252276537906347,0.0,0.001477015144715,2010-09-16,0.5055757398819146,-0.49262109393770503
0.9984513321368608,1.4758440268412966e-22,8.519593684563713e-07,0.0,0.0015478159036967,2010-09-17,0.9990704584983394,0.4934947186164248
0.9944087230781782,1.869763273359962e-99,3.944218438702924e-20,0.0,0.0055912769221745,2010-09-20,0.996645233847048,-0.002425224651291469
0.0721174022533034,0.9240611683049405,0.0034558838238857,0.0,0.000365545617642,2010-09-21,0.7653094967290656,-0.2313357371179824
3.91037245716038e-05,0.9629997059195848,0.0345807254938979,0.0,0.0023804648615719,2010-09-22,0.723241069108889,-0.042068427620176596
0.0004128057238022,0.5178588112984497,0.4804638941199316,0.0,0.0012644888578376,2010-09-23,0.3893127097407745,-0.3339283593681145
0.9982138100062404,3.389207523755005e-19,6.08420719367647e-07,0.0,0.00178558157287,2010-09-24,0.9989280426353885,0.609615332894614
0.0356919520271093,0.9537295605263728,0.0105289771148072,0.0,4.951033153461473e-05,2010-09-27,0.7510089265545027,-0.2479191160808858
0.0071946421124357,0.9180640407242828,0.0744251669271941,0.0,0.0003161502358114,2010-09-28,0.6958691327499724,-0.05513979380453027
1.9848514277243245e-05,0.1788837148810366,0.7973180398084302,0.0,0.0237783967963449,2010-09-29,0.14369399339359265,-0.5521751393563797
0.4006995357201311,0.5458676690643249,0.0032836047701832,0.0,0.0501491904454953,2010-09-30,0.830159963696573,0.6864659703029803
0.9146669235499092,1.138942725321909e-137,5.687719266082912e-27,0.0,0.0853330764503214,2010-10-01,0.9488001541300377,0.11864019043346474
0.0054942852009601,0.9891570605854316,0.0041125116006081,0.0,0.0012361426131635,2010-10-04,0.7478565376852992,-0.20094361644473846
0.0016007091832712,0.9441127991074896,0.0539470131308251,0.0,0.000339478578423,2010-10-05,0.7098210999452575,-0.0380354377400417
0.5634788607768646,0.4284073833794575,0.0057216457037764,0.0,0.002392110140038,2010-10-06,0.8857412423674729,0.17592014242221532
5.174834240182636e-09,1.0716234161554973e-22,0.9981022288616724,0.0,0.0018977659638875,2010-10-07,0.0007591115603892403,-0.8849821308070837
0.0002860198186972,0.9458392385770148,0.0525673690224495,0.0,0.0013073725821256,2010-10-08,0.7101883977843085,0.7094292862239193
0.0280359229048871,0.964306647171322,0.0023580637319657,0.0,0.005299366192147,2010-10-11,0.7533856547602373,0.0431972569759288
3.01863056776725e-06,0.0008553538395039,0.89454361186831,0.0,0.1045980156616711,2010-10-12,0.04248374027486414,-0.7109019144853732
0.0028176640051986,1.839555771794497e-237,2.1450277080290774e-44,0.0,0.9971823359948604,2010-10-13,0.4016905984031428,0.3592068581282787
2.0461195210264912e-12,2.739844144104949e-07,0.0028813156624085,0.0,0.997118410350853,2010-10-14,0.3988475696306982,-0.0028430287724446335
2.9035581960847542e-27,8.646709785928631e-85,0.0083232929149046,0.0,0.9916767070851192,2010-10-15,0.3966706828340477,-0.002176886796650457
5.2042094603540026e-08,0.052919067487862,5.277308021835513e-06,0.0,0.9470756031618984,2010-10-18,0.4185195939227505,0.021848911088702794
5.239145873706832e-10,3.605763720727677e-42,0.3239296041937357,0.0,0.6760703952821605,2010-10-19,0.27042815863677877,-0.14809143528597174
3.274115035450116e-05,0.8553371728105649,0.0929348992844102,0.0,0.0516951867549399,2010-10-20,0.662213695460254,0.3917855368234752
0.8969197798784488,5.055391457215639e-43,8.887820134904606e-21,0.0,0.1030802201213747,2010-10-21,0.9381518679269987,0.2759381724667447
0.0001873860402044,9.70264074182322e-06,0.9852185466934514,0.0,0.0145843646260441,2010-10-22,0.006028408871178408,-0.9321234590558203
0.0580156333140776,0.9361630923947852,0.0055563171337624,0.0,0.0002649571574065,2010-10-25,0.7602439354731291,0.7542155266019507
0.0095106095149634,1.840259424731911e-05,0.9898906777532654,0.0,0.0005803101378935,2010-10-26,0.009756535515806289,-0.7504873999573228
1.4828316532472975e-09,1.0421475604767196e-19,0.995566111737472,0.0,0.0044338867792879,2010-10-27,0.0017735561945468135,-0.007982979321259475
4.833146577674302e-05,5.9741612093385325e-05,0.9271673128048096,0.0,0.0727246141172833,2010-10-28,0.029182983321760104,0.02740942712721329
0.0018293156808243,0.9394204192992052,0.0008973643163214,0.0,0.0578529007039763,2010-10-29,0.7295357904368187,0.7003528071150587
0.6486468150481817,0.2778444996861562,1.9391722680951203e-06,0.0,0.0735067460935825,2010-11-01,0.8864328882502318,0.1568970978134131
0.0352469449592397,0.9202231929639636,0.0441834557299074,0.0,0.0003464063472865,2010-11-02,0.7255529022211271,-0.1608799860291047
0.1104531423128801,0.88115977864263,0.0081708233784313,0.0,0.0002162556658417,2010-11-03,0.7714094785611892,0.04585657634006213
0.988084510585967,2.0565657373264094e-33,1.4360645104601832e-16,0.0,0.0119154894140694,2010-11-04,0.9928507063515948,0.22144122779040554
0.0545562395043659,2.744433515730108e-30,0.9222751921307588,0.0,0.0231685683646656,2010-11-08,0.06382366685023214,-0.9290270395013627
0.0235793343780809,0.9697548601484618,0.0064282235810749,0.0,0.0002375818921973,2010-11-09,0.7509905122463062,0.6871668453960741
0.0195992489613067,0.0157427095579676,0.9602939953104436,0.0,0.0043640461701851,2010-11-10,0.03315189959785644,-0.7178386126484497
6.228166953161375e-15,5.4931993854632745e-56,0.8909055957406695,0.0,0.1090944042591101,2010-11-11,0.043637761703650274,0.01048586210579383
1.1105530738276795e-26,7.184171337470558e-81,0.3005690641497913,0.0,0.699430935850299,2010-11-12,0.27977237434011965,0.23613461263646937
0.0484318298765235,0.0718188329789453,0.0001289044695242,0.0,0.8796204326747508,2010-11-15,0.45414412768063284,0.1743717533405132
1.7976968727740065e-44,1.6336009130728416e-259,2.508848948062847e-05,0.0,0.9999749115104714,2010-11-16,0.39998996460418856,-0.05415416307644427
1.6166189301492306e-15,5.985284336234144e-14,6.481167591800954e-12,0.0,0.9999999999936336,2010-11-18,0.3999999999975,1.0035393311458307e-05
3.2957955038695166e-29,7.736615115134013e-121,0.0026969629689628,0.0,0.9973030370312062,2010-11-19,0.3989212148124825,-0.0010787851850175278
0.0142603031042526,2.2574802305614177e-52,7.194895190348198e-23,0.0,0.9857396968953196,2010-11-22,0.40855618186238046,0.009634967049897969
1.1274415048168044e-21,1.1051378777926084e-06,8.674657020194356e-08,0.0,0.9999988081151796,2010-11-23,0.4000003520994802,-0.008555829762900258
2.6801476732166832e-18,7.353264490592714e-24,0.0005153639419993,0.0,0.999484636058084,2010-11-24,0.3997938544232336,-0.00020649767624658644
7.066120450496662e-16,8.296149064504601e-36,0.0105724899650557,0.0,0.9894275100346716,2010-11-25,0.3957710040138694,-0.0040228504093642314
1.5801983557204406e-17,7.983486824685425e-18,1.314089219286376e-05,0.0,0.999986859107534,2010-11-26,0.39999474364301363,0.004223739629144241
0.0022164537013135,0.0013332188628044,1.982949107350137e-09,0.0,0.9964503254528614,2010-11-29,0.40179649802956136,0.001801754386547727
2.3001425539465335e-05,0.003062637395793,1.0203444439295528e-06,0.0,0.9969133408343084,2010-11-30,0.40108531580610757,-0.0007111822234537879
0.7890720997760218,2.0371538463121287e-70,5.961563271104638e-19,0.0,0.2109279002243898,2010-12-01,0.8734432598657778,0.4723579440596702
0.0957627826123378,0.9009081074764128,0.000870739432514,0.0,0.002458370479168,2010-12-02,0.7724272114113147,-0.1010160484544631
0.0017980527774097,0.8973462583330045,0.100487030497132,0.0,0.0003686583923502,2010-12-03,0.6749552098841032,-0.09747200152721147
0.0446171098259875,0.1711108091536932,0.7486059176294388,0.0,0.0356661633912435,2010-12-06,0.18721668204775477,-0.4877385278363484
0.0017592240991869,0.9022326785893994,0.0944969830579817,0.0,0.0015111142536267,2010-12-07,0.6790381787426871,0.49182149669493236
5.235861551780221e-09,2.872746225964144e-09,0.8835444267023275,0.0,0.116455565189255,2010-12-08,0.046582233466123224,-0.6324559452765639
2.345670089971645e-49,5.200961273980218e-255,4.7429858464779504e-05,0.0,0.9999525701412176,2010-12-09,0.39998102805648705,0.35339879459036383
8.014182646044139e-05,3.2051969019036516e-41,1.132981817038862e-20,0.0,0.9999198581737,2010-12-10,0.4000480850959405,6.705703945342201e-05
5.7012101351223e-06,0.0545173489994347,2.8418219827769403e-08,0.0,0.9454769213723264,2010-12-13,0.41908448150864175,0.019036396412701273
0.0145824085673138,0.9763614702053148,0.0008614268261797,0.0,0.0081946944015437,2010-12-14,0.7501313889819174,0.3310469074732757
1.2038619906003986e-05,0.0089347151164291,0.9729702958328578,0.0,0.0180829504305892,2010-12-15,0.01394625512946351,-0.736185133852454
0.0457007461778592,0.8502843479915552,9.80480470345758e-06,0.0,0.1040051010261595,2010-12-16,0.7250160475819895,0.711069792452526
0.0004535420098436,0.9840557399218056,0.0133749823211917,0.0,0.0021157357470031,2010-12-20,0.739341641249999,0.014325593668009562
0.9986944094397596,3.1807589203421484e-12,0.0001388524670149,0.0,0.0011667380903658,2010-12-21,0.9991611046782914,0.25981946342829243
0.0154722213816019,0.1429299494640792,0.8411041371559105,0.0,0.0004936919981903,2010-12-22,0.1228671602789374,-0.876293944399354
0.1516548852923891,0.2141251332088137,0.6317461702566782,0.0,0.0024738112422577,2010-12-23,0.3132382596959025,0.19037109941696512
0.927924162443164,9.845373426430907e-54,5.38823684827989e-05,0.0,0.0720219551883855,2010-12-24,0.9567329445185182,0.6434946848226157
0.0056915092896234,0.9467845033190362,0.0471567863059462,0.0,0.0003672010853336,2010-12-27,0.7159267672130339,-0.24080617730548426
0.0468004763707771,0.8802564141800758,0.0728574454584006,0.0,8.566399063140983e-05,2010-12-28,0.7070270526020865,-0.008899714610947407
0.9991689879101904,2.045679747765884e-24,1.968553876358536e-07,0.0,0.0008308152342664,2010-12-29,0.999501314003897,0.29247426140181043
0.9985691398363352,2.442629383830263e-13,0.0009729505977254,0.0,0.0004579095660715,2010-12-30,0.998752303662947,-0.0007490103409499849
0.9590158949687504,0.018967115914207,0.0217016822895682,0.0,0.0003153068274686,2010-12-31,0.973367354635393,-0.02538494902755395
0.3226832679816523,0.6202679652594697,0.0568762183655689,0.0,0.0001725483932324,2011-01-03,0.7879532612835476,-0.18541409335184544
0.0137151207750657,0.7412576169192081,0.2448546973955008,0.0,0.0001725649100286,2011-01-04,0.5697273594284832,-0.2182259018550644
1.0162274578438292e-08,1.18072057382987e-23,0.9949425322924388,0.0,0.0050574575453377,2011-01-05,0.0020229931804096584,-0.5677043662480735
6.239150029033256e-06,2.4792216641898206e-11,0.8836855212676288,0.0,0.1163082395572559,2011-01-06,0.04652953499152556,0.0445065418111159
1.1012420275869076e-38,1.1511803112022595e-112,0.0095103245784243,0.0,0.9904896754219664,2011-01-07,0.3961958701687866,0.34966633517726103
1.1548655926896797e-44,5.055911772891612e-184,0.0001190762255191,0.0,0.999880923774697,2011-01-10,0.3999523695098788,0.0037564993410921788
3.3467476867492653e-16,8.277216775683318e-06,1.120416844610814e-09,0.0,0.999991721662514,2011-01-11,0.40000289657758775,5.052706770897197e-05
2.847346918006273e-13,2.430505592719175e-11,8.018771790940508e-26,0.0,0.9999999999754436,2011-01-12,0.400000000008691,-2.896568896737506e-06
2.442175604029955e-25,1.88602355037864e-86,0.0173603029928697,0.0,0.9826396970073183,2011-01-13,0.39305587880292736,-0.006944121205763654
9.396185568428248e-37,1.3383538679306895e-38,8.305260144837918e-09,0.0,0.9999999916944944,2011-01-14,0.3999999966777978,0.006944117874870426
0.00104676357999,0.9766135515945564,0.0095029146733759,0.0,0.0128367701522588,2011-01-17,0.7386416353368109,0.33864163865901314
0.9949562778694468,2.795747470512459e-08,1.8269491677936228e-06,0.0,0.0050418672238002,2011-01-18,0.9969730457270729,0.258331410390262
3.938355376845461e-05,6.079937527010279e-05,0.9810437503151078,0.0,0.0188560667561101,2011-01-19,0.007627409787665072,-0.9893456359394078
0.6535196191435374,6.724895997933619e-07,0.0535905048402859,0.0,0.2928892035264001,2011-01-20,0.7706758049212974,0.7630483951336323
0.013033708678888,0.9208299882370978,0.0633268883601707,0.0,0.0028094147238212,2011-01-21,0.7047799657462398,-0.06589583917505759
0.1845787513676699,0.7914015818062539,0.0013990847912198,0.0,0.022620582034606,2011-01-24,0.7871781705362026,0.08239820478996285
2.288593918316931e-12,8.02264580651181e-26,0.4035967289813347,0.0,0.5964032710167699,2011-01-25,0.23856130840899656,-0.5486168621272061
5.0746322184379935e-27,3.780082448373299e-198,0.0003307149085915,0.0,0.999669285091246,2011-01-27,0.3998677140364984,0.16130640562750184
2.174627359624642e-28,1.7645691706295152e-57,7.326055053718501e-05,0.0,0.9999267394493864,2011-01-28,0.3999706957797546,0.00010298174325618081
3.0999636480473625e-08,2.2614544137213303e-06,0.0001255985847614,0.0,0.9998721089610968,2011-01-31,0.3999505706748855,-2.0125104869095356e-05
1.5938819349547745e-29,1.989444629188755e-177,0.000140932670037,0.0,0.9998590673297127,2011-02-01,0.3999436269318851,-6.9437430003649325e-06
0.0099782401972782,0.0079628378644418,0.0062655743315651,0.0,0.975793347606582,2011-02-02,0.4062677076382424,0.00632408070635726
0.0194519363203956,4.959485282882519e-90,2.89121263014555e-23,0.0,0.9805480636794116,2011-02-03,0.4116711617921603,0.005403454153917908
3.8168463185204704e-47,1.136919935830885e-101,2.160346558711734e-06,0.0,0.9999978396531932,2011-02-04,0.39999913586127733,-0.011672025930882957
0.005488452361296,0.0161449027604054,0.083278317320599,0.0,0.8950883275577854,2011-02-07,0.3756324604547142,-0.02436667540656312
2.206611312575757e-30,1.295787158409052e-222,2.4078154582947905e-05,0.0,0.9999759218451164,2011-02-08,0.3999903687380466,0.024357908283332397
1.7899864387348953e-14,0.0001342466792883,0.0004978000729665,0.0,0.999367953247873,2011-02-09,0.39984786630863334,-0.00014250242941327151
1.1425574002395406e-06,0.3591998730230501,0.0138053653888687,0.0,0.6269936190307985,2011-02-10,0.5201984949370073,0.12035062862837398
1.556549797432202e-05,7.300679348039868e-39,1.390845724928199e-21,0.0,0.99998443450222,2011-02-11,0.40000933929886234,-0.12018915563814497
0.0150062987346801,5.412284321106495e-200,6.586775860318357e-48,0.0,0.9849937012649608,2011-02-14,0.40900377924066444,0.008994439941802101
5.22208507756635e-05,0.4438093942358458,3.8786177313727765e-05,0.0,0.5560995987364467,2011-02-15,0.5553491060222386,0.1463453267815742
0.0055029741653825,0.9199201289967012,0.0347993102475862,0.0,0.039777586590148,2011-02-16,0.7113541055489676,0.15600499952672897
0.0890031413887339,0.0011684366510693,3.6815148897464965e-07,0.0,0.9098280538086766,2011-02-17,0.4538106904005066,-0.257543415148461
3.231337200362813e-27,2.0917809679743823e-53,0.0003555805778184,0.0,0.9996444194223464,2011-02-18,0.39985776776893855,-0.053952922631568034
0.0023651294789591,2.3078111751572963e-10,4.2555987638439335e-10,0.0,0.99763486986457,2011-02-21,0.40141907759787293,0.0015613098289343763
8.052478606608367e-07,0.0927101250860648,0.3028977419158027,0.0,0.6043913277501645,2011-02-22,0.311289930162475,-0.0901291474353979
1.49836533516143e-05,0.6746654974537252,0.0633627683442197,0.0,0.2619567505487742,2011-02-23,0.6107968069631551,0.29950687680068006
4.9322393860744514e-67,1.2538294002234294e-233,8.658063458063554e-06,0.0,0.9999913419362302,2011-02-24,0.3999965367744921,-0.21080027018866299
6.122995939780632e-08,0.0030825343368154,4.588644786652315e-09,0.0,0.9969173998445168,2011-02-25,0.4010789219203777,0.0010823851458856004
3.936090887027533e-23,1.0728666730027188e-10,8.549244150496886e-20,0.0,0.9999999998926796,2011-02-28,0.4000000000375369,-0.001078921882840811
9.202318568117049e-06,2.4954402890351763e-234,2.849868263291952e-72,0.0,0.9999907976812712,2011-03-01,0.4000055213910766,5.521353539705842e-06
0.0002724049484844,1.3212845976458502e-09,0.0002433842297677,0.0,0.9994842095004604,2011-03-03,0.400066089739632,6.056834855538984e-05
0.009608369073864,5.937726408511276e-06,0.058037094717282,0.0,0.93234859848216,2011-03-04,0.3825522617615344,-0.017513827978097585
2.751731648982766e-09,0.2691793567254944,0.0466968301390254,0.0,0.6841238103833822,2011-03-07,0.4755340444492054,0.09298178268767099
0.948114811243904,1.2519590018356535e-26,6.031397095111002e-08,0.0,0.0518851284423874,2011-03-08,0.9688688626208589,0.49333481817165353
0.0004394499216113,0.9896881199637616,0.0027230264592432,0.0,0.007149403654931,2011-03-09,0.7455653013564049,-0.22330356126445405
0.0008005646191478,0.6948462994076217,0.2907365956071499,0.0,0.0136165403658823,2011-03-10,0.527381905321217,-0.21818339603518788
1.7361662497641682e-08,0.3198895512634085,0.0460838730424697,0.0,0.6340265583325274,2011-03-11,0.49352780414222985,-0.03385410117898713
0.0608963649895374,4.199662951980042e-119,1.303451330817023e-21,0.0,0.9391036350105532,2011-03-14,0.43653781899375865,-0.0569899851484712
9.234073006453132e-18,0.0004795598556976,8.459995123708736e-05,0.0,0.9994358401928152,2011-03-15,0.4001340059688993,-0.036403813024859344
0.649974562531658,0.0005484426597217,7.5743316365675456e-06,0.0,0.3494694204767254,2011-03-16,0.7901736627171394,0.3900396567482401
2.1308339063292177e-07,0.6286696810893934,0.0634837050145813,0.0,0.3078464008124658,2011-03-17,0.594641034225422,-0.19553262849171738
5.611610648708419e-19,2.98090986056284e-124,0.6038699988679578,0.0,0.396130001131672,2011-03-18,0.15845200045266883,-0.4361890337727532
0.0248739422218018,1.1862912978687977e-08,0.8895705842189976,0.0,0.0855554616958984,2011-03-21,0.05909613579734589,-0.09935586465532294
0.3309326299471264,0.6660846033649337,0.0006175599108976,0.0,0.0023652067769945,2011-03-22,0.8314421651816245,0.7723460293842787
0.9962229515181268,2.607679984314075e-43,2.7216220400182558e-11,0.0,0.0037770484546773,2011-03-23,0.9977337708999977,0.1662916057183732
0.5106174399673471,0.4686233073894289,0.0100943472448581,0.0,0.0106649053987869,2011-03-24,0.8663508826689336,-0.13138288823106414
0.4786454788506708,1.6702919746799494e-17,2.5069794310563467e-20,0.0,0.521354521149537,2011-03-25,0.6871872873104856,-0.17916359535844795
0.9397067239338224,1.1205113618351644e-05,0.0027128732162516,0.0,0.0575691977366209,2011-03-28,0.9627428068636844,0.2755555195531988
0.968995069461654,1.123483629730686e-05,3.148441042458956e-05,0.0,0.0309622112919606,2011-03-29,0.9813883801056612,0.0186455732419768
0.9949807973306328,0.0017869756325706,0.0004056122562973,0.0,0.0028266147801065,2011-03-30,0.9974516749671034,0.0160632948614422
0.015792235340089,0.9799880727137948,2.954713476232596e-05,0.0,0.0041901448116932,2011-03-31,0.7524593478001125,-0.24499232716699093
0.0125887432912391,0.9182333167729744,0.0690605430140193,0.0,0.0001173969214846,2011-04-01,0.7013106896395637,-0.05114865816054881
0.997964879455314,5.468663445872071e-29,1.5077832727723508e-11,0.0,0.0020351205297941,2011-04-04,0.9987789276672316,0.297468238027668
0.0027220749817731,0.9826442294501808,0.0144563035107117,0.0,0.0001773920574959,2011-04-05,0.7397762038924072,-0.2590027237748245
0.0003430192952054,0.945861910049481,0.0530417054310619,0.0,0.0007533652245689,2011-04-06,0.7100407979221437,-0.029735405970263473
0.0222389891027682,0.8683419200601582,0.1085574842713948,0.0,0.0008616065654706,2011-04-07,0.6738400717740751,-0.036200726148068574
3.146620823995815e-07,0.0115936382730066,0.8361496799158257,0.0,0.1522563671490197,2011-04-08,0.06959809022644523,-0.6042419815476299
3.554818780232293e-05,0.7118432574353925,0.1621766806183171,0.0,0.1259445137587692,2011-04-11,0.5842957967678543,0.514697706541409
7.523670635180973e-05,2.70720181533263e-255,4.619273624201754e-48,0.0,0.9999247632932412,2011-04-13,0.40004514202364827,-0.184250654744206
2.5754539279463207e-15,2.085428892121351e-34,0.0982398506001606,0.0,0.9017601493995407,2011-04-15,0.3607040597598189,-0.039341082263829374
2.525919936366649e-29,2.78532416212104e-37,3.539239363985183e-05,0.0,0.9999646076063547,2011-04-18,0.3999858430425419,0.039281783282723026
0.0053102179852581,0.9737833504542884,0.00515005720561,0.0,0.0157563743546638,2011-04-19,0.74195028056784,0.34196443752529804
0.9535251515115766,2.208878896256492e-19,1.788311798828074e-15,0.0,0.0464748484879883,2011-04-20,0.972115090906772,0.230164810338932
0.0869356312783757,0.9065408456035436,0.0060684114334059,0.0,0.0004551116848974,2011-04-21,0.7670233101549924,-0.20509178075177958
0.0105422634390518,0.923170214058551,0.0660847892548176,0.0,0.0002027332475825,2011-04-25,0.7030010172819982,-0.06402229287299421
1.571499573533448e-05,0.9716975088147308,0.014177891801136,0.0,0.0141088843879459,2011-04-26,0.7344324003619619,0.03143138307996374
5.839684346893364e-05,9.601078410369922e-12,0.9986959482351804,0.0,0.0012456549116928,2011-04-27,0.0005566588153468625,-0.7338757415466151
9.525592523529545e-08,2.7438034877545164e-36,0.9945642214329868,0.0,0.0054356833106791,2011-04-28,0.0021743685801968752,0.0016177097648500127
9.36952703971624e-07,0.6766985712279302,0.2759538709192392,0.0,0.0473466209005313,2011-04-29,0.5264635137338641,0.5242891451536672
2.147547161364364e-08,9.993095579230525e-28,0.9253333184884348,0.0,0.0746666600365406,2011-05-02,0.029866685490087853,-0.49659682824377627
3.696408278535827e-38,2.2724387524562137e-142,0.2734003998337144,0.0,0.7265996001663463,2011-05-03,0.29063984006653854,0.26077315457645067
7.702228829068746e-05,0.6207501968616875,0.2748711745576543,0.0,0.1043016062919443,2011-05-04,0.5073603124513341,0.21672047238479553
4.573191700797166e-15,6.2970529648964684e-24,0.8781021539826216,0.0,0.1218978460171973,2011-05-05,0.0487591384068835,-0.45860117404445055
0.9775942440949814,1.0355601065444272e-45,3.371136881174456e-16,0.0,0.0224057559049021,2011-05-06,0.9865565464569422,0.9377974080500587
0.0003407123206041,0.9905259769724134,0.007623548090426,0.0,0.001509762616309,2011-05-09,0.7438391000964377,-0.24271744636050452
0.0002497929412219,0.9715952238122152,0.0265549959765089,0.0,0.0015999872704532,2011-05-10,0.7295862057085645,-0.01425289438787325
0.0292604065218867,0.9566795219402964,0.0110845553910991,0.0,0.0029755161464037,2011-05-11,0.7479602544356704,0.018374048727105907
2.115194769762084e-12,3.9997948422290925e-09,0.4156773828468658,0.0,0.5843226131514597,2011-05-12,0.23372904826254523,-0.5142312061731251
6.610456442752681e-06,6.81345267931376e-05,7.887246450917887e-11,0.0,0.9999252549383,2011-05-13,0.4000278133268576,0.16629876506431238
1.770151230523281e-05,3.373092483762504e-13,0.9268714126443358,0.0,0.0731108858428303,2011-05-16,0.029262055849690338,-0.3707657574771673
1.3810205654887576e-10,2.228945068400665e-11,0.9340872860773956,0.0,0.0659127137623689,2011-05-17,0.026365085659766706,-0.002896970189923631
0.0053794267739317,0.45958304924506,0.5313676459529609,0.0,0.0036698780279726,2011-05-18,0.3515346649189158,0.3251695792591491
0.0905744547426856,0.8184202175592065,0.0901731218432119,0.0,0.0008322058547987,2011-05-19,0.7047225002540101,0.3531878353350943
0.4353669617330096,0.489570484406429,1.778450091219247e-05,0.0,0.0750447693593994,2011-05-20,0.8325627327815911,0.12784023252758103
1.1380907587488134e-16,7.411138355466738e-51,0.9428542685877356,0.0,0.0571457314119745,2011-05-23,0.022858292564789915,-0.8097044402168012
0.0109726186923637,0.9553747644701344,0.0333982510431971,0.0,0.0002543657940112,2011-05-24,0.727605438362569,0.7047471457977791
1.929516452321553e-05,1.076588775582615e-07,0.9990829692555486,0.0,0.0008976279212006,2011-05-25,0.00037842707716162423,-0.7272270112854073
0.997678933826941,1.7435988940002092e-05,2.340856278480945e-06,0.0,0.0023012893276266,2011-05-26,0.9986125265496967,0.998234099472535
0.9990797096106422,6.738075585051544e-41,2.909987603373414e-10,0.0,0.0009202900987653,2011-05-27,0.9994478256501483,0.0008352991004516586
0.009556148855631,0.9262100377913148,0.0631258828077967,0.0,0.0011079305454423,2011-05-30,0.7046568494172941,-0.2947909762328542
0.3559426606599793,4.8812488222144896e-08,1.3555186600645518e-10,0.0,0.6440572903924074,2011-06-01,0.6135656134263084,-0.09109123599098568
0.0005051657093287,0.843132602069169,0.1362231676354962,0.0,0.0201390645857554,2011-06-02,0.6409102430955076,0.02734462966919915
2.315173941216093e-06,1.6057558586288585e-05,0.946950402154564,0.0,0.0530312251130178,2011-06-03,0.02122684838808805,-0.6196833947074195
0.0739519035256904,0.8870552022333155,0.0376931736619372,0.0,0.0012997205787934,2011-06-06,0.7397631934321943,0.7185363450441062
0.9874589129624264,4.762568419759912e-13,0.0089036029534122,0.0,0.0036374840836405,2011-06-07,0.9889139065962398,0.24915071316404547
0.0044574324393603,0.925769104656916,0.0696475156497181,0.0,0.0001259472542903,2011-06-08,0.6988346398337634,-0.2900792667624764
0.0241907533018194,0.86720305325019,0.1085048099431102,0.0,0.0001013835048401,2011-06-09,0.674633596641398,-0.02420104319236538
0.0004260077624149,0.071281814437768,0.9258884599847922,0.0,0.0024037178150983,2011-06-10,0.05484885571678023,-0.6197847409246178
0.0051067520217104,0.9490339242998048,0.0455086238435689,0.0,0.000350699835247,2011-06-13,0.7170224751806629,0.6621736194638826
0.0608995684144092,0.9059499473672286,0.0330860836291556,0.0,6.440058943198622e-05,2011-06-14,0.7403877891756034,0.023365313994940573
1.168178454184943e-06,1.3463991873759883e-16,0.9986739623816154,0.0,0.0013248694397619,2011-06-15,0.000531115954359046,-0.7398566732212444
4.003785371406092e-05,0.5892545370303381,0.4071743033532839,0.0,0.0035311217622352,2011-06-16,0.44339338933136174,0.4428622733770027
3.379682702120851e-05,3.2816863285119878e-12,0.965498566640819,0.0,0.0344676365290751,2011-06-17,0.013820851441112513,-0.42957253789024924
1.3275556303551328e-39,1.548158447927021e-73,2.3459115688008557e-05,0.0,0.9999765408843376,2011-06-20,0.39999061635373506,0.38616976491262256
0.004093943338016,0.9741876801819888,0.0024153196525347,0.0,0.0193030568276979,2011-06-21,0.7424559262055868,0.3424653098518517
0.1607902404250706,0.349370952423407,0.4672292608064526,0.0,0.022609546344628,2011-06-22,0.431862273280477,-0.31059365292510976
0.6063167172444344,1.2310944468535297e-10,9.79590990589955e-05,0.0,0.39358532353367,2011-06-23,0.7637508467502344,0.3318885734697574
0.0266759106770525,3.75740973179306e-255,2.050042583899365e-54,0.0,0.9733240893232026,2011-06-24,0.4160055464063335,-0.3477453003439009
0.0514501525323612,8.693438510155241e-44,1.068127109204596e-11,0.0,0.9485498474571884,2011-06-27,0.4308700915152366,0.01486454510890306
0.0110956799730906,0.9765351190175312,0.0046680085847225,0.0,0.0077011924246404,2011-06-28,0.7465774962060951,0.31570740469085856
0.998350201184672,1.8159891242931134e-08,8.810539720722729e-05,0.0,0.0015616752582298,2011-06-29,0.9989748849078823,0.2523973887017872
0.9947595939809548,0.0019989958518254,0.0010023141525499,0.0,0.0022390960145638,2011-06-30,0.9971544792756494,-0.0018204056322329576
0.0001076135289991,8.979720476160483e-51,0.9462859564975806,0.0,0.0536064299729881,2011-07-01,0.02155018551819434,-0.975604293757455
0.8425457186687686,0.0423628813409647,0.1120101805235487,0.0,0.0030812194668983,2011-07-04,0.8755503674612515,0.8540001819430572
0.0368070798711472,0.1569071334680672,0.8055959856880361,0.0,0.0006898009729046,2011-07-05,0.15476335036135944,-0.720787017099892
0.0209296956620347,0.8800943712391691,0.0987682019446872,0.0,0.0002077311545023,2011-07-06,0.6810835665532126,0.5263202161918531
0.9858899355122837,2.7535989874536047e-111,1.5825062037593746e-23,0.0,0.0141100644876851,2011-07-07,0.9915339613073577,0.31045039475414515
8.172367963383772e-12,6.116299133677415e-49,0.9968735326302078,0.0,0.003126467361586,2011-07-08,0.0012505869528067679,-0.9902833743545509
0.0002445791230692,0.0017108710692634,0.9807387616480616,0.0,0.0173057881599063,2011-07-11,0.00845004768897927,0.007199460736172502
1.105986897171951e-09,0.2536421014278656,0.3666708442771795,0.0,0.3796870531887892,2011-07-12,0.34210639845240176,0.3336563507634225
0.978285121890422,7.150356225655652e-14,2.1885436306546137e-06,0.0,0.0217126895658121,2011-07-13,0.9869701977168005,0.6448637992643987
0.002141409974467,0.9720943672825016,0.0254023289937749,0.0,0.0003618937488746,2011-07-15,0.731356942935893,-0.25561325478090746
0.0082448617207894,0.9080110259771528,0.083645799683546,0.0,9.831261833208068e-05,2011-07-18,0.6892924562509868,-0.042064486684906255
0.997160473048492,3.717857729300807e-06,0.0001981634305065,0.0,0.0026376456635694,2011-07-19,0.9982183197072166,0.30892586345622985
1.0226527104148638e-08,2.624420114148667e-51,0.9948406972519026,0.0,0.0051592925218129,2011-07-20,0.0020637272352522647,-0.9961545924719644
0.00331553970636,0.8770791667295288,0.1193642926992105,0.0,0.0002410008645076,2011-07-21,0.6612213150993096,0.6591575878640573
0.9905385347228642,3.35295531099182e-22,2.328809725446938e-12,0.0,0.0094614652751104,2011-07-22,0.9943231208329084,0.3331018057335988
0.9667384714047802,0.000177003442667,0.0001655895538556,0.0,0.0329189355983082,2011-07-25,0.9800387982261037,-0.014284322606804678
3.651908737979127e-27,1.1370306660599295e-114,0.9198653819454272,0.0,0.0801346180545412,2011-07-26,0.03205384722181648,-0.9479849510042873
0.0004187032091059,2.411583641135309e-05,0.9866435146079134,0.0,0.0129136663465423,2011-07-27,0.005602256625031336,-0.026451590596785143
0.0009073361487454,0.9361060474937652,0.0572665211160819,0.0,0.0057200952413758,2011-07-28,0.7052749098656197,0.6996726532405884
0.0023027681706448,0.9532213670296192,0.0435669897443007,0.0,0.0009088750558126,2011-07-29,0.7175823434651842,0.012307433599564543
0.020044820844352,0.9779983077720716,0.0014679048793867,0.0,0.0004889665044167,2011-08-01,0.7537391382751724,0.036156794809988124
4.206685335640038e-06,0.0002592384954067,0.9918533859231232,0.0,0.0078831688963629,2011-08-02,0.0033519031154358252,-0.7503872351597365
0.0003724748210022,0.856720905743323,0.118046517726551,0.0,0.0248601017089016,2011-08-03,0.6528571948120552,0.6495052916966193
2.510427029330247e-16,1.5033625783496796e-47,0.681534412820349,0.0,0.3184655871799926,2011-08-04,0.1273862348719973,-0.5254709599400579
1.6347590806600862e-25,1.2860924473077328e-08,1.5083947915146947e-09,0.0,0.9999999856308932,2011-08-05,0.4000000038980507,0.2726137690260534
6.85508917291711e-34,1.0778433959940969e-11,3.270033431944768e-12,0.0,0.9999999999863576,2011-08-08,0.40000000000262687,-3.895423816846488e-09
1.2537161552855912e-45,4.4209033653734255e-78,7.265844974998542e-21,0.0,1.0,2011-08-09,0.4,-2.6268431874143516e-12
0.0599319367541651,0.0006877427508461,5.130362112201529e-11,0.0,0.9393803204440588,2011-08-10,0.4361998719949232,0.036199871994923194
2.4123861839172727e-05,0.6186371163907387,0.0232057450713546,0.0,0.3581330146760277,2011-08-11,0.6072551670253044,0.17105529503038114
2.3249599531473373e-27,3.1707575940733525e-195,1.6195483121247055e-05,0.0,0.999983804517068,2011-08-12,0.39999352180682723,-0.20726164521847712
2.629476405049977e-14,4.501293725872276e-77,0.0003365009451848,0.0,0.9996634990551736,2011-08-16,0.3998653996220958,-0.00012812218473146064
8.722886357364396e-07,0.0330735725592913,2.620577662311924e-06,0.0,0.966922934574218,2011-08-17,0.41157522553779147,0.011709825915695693
2.134533588592204e-49,1.78218135529236e-309,3.020367242505188e-07,0.0,0.9999996979632216,2011-08-18,0.3999998791852887,-0.011575346352502791
5.646788351552124e-22,4.1227844156647996e-07,1.8040301589933617e-08,0.0,0.99999956968086,2011-08-19,0.40000013708117516,2.578958864796199e-07
3.881375255722201e-05,9.40904450291711e-12,1.3051409093298298e-11,0.0,0.9999611862251492,2011-08-22,0.4000232882496737,2.315116849854748e-05
2.496171040440565e-07,0.0031341210627924,1.8007779468703375e-10,0.0,0.996865629140078,2011-08-23,0.4010970920702296,0.0010738038205558853
7.92701422124714e-12,1.1617198979802344e-08,0.0435543011143761,0.0,0.9564456872603816,2011-08-24,0.38257828362497887,-0.018518808445250723
8.203598625394922e-14,1.730795330266549e-69,0.0508494851157575,0.0,0.949150514884326,2011-08-25,0.37966020595381245,-0.002918077671166419
1.0592556063653687e-36,4.55919565254779e-58,1.0610335592153509e-06,0.0,0.9999989389667634,2011-08-26,0.3999995755867054,0.020339369632892956
1.4693363634929473e-05,5.0496558462331065e-200,7.173868692349162e-68,0.0,0.9999853066362364,2011-08-29,0.4000088160181295,9.240431424084594e-06
4.608524553261496e-06,0.0005624800933182,2.2602802447536e-13,0.0,0.9994329113820324,2011-08-30,0.4001996331473549,0.00019081712922541794
1.407282665508438e-05,6.619919066877766e-22,7.06771340571814e-11,0.0,0.9999859271027872,2011-09-02,0.40000844366777,-0.00019118947958490784
1.0074919709321203e-05,0.5802050335855787,0.0197321455452567,0.0,0.4000527459496945,2011-09-05,0.5951849484887712,0.19517650482100124
6.487241745406154e-06,4.961463829630712e-16,7.045608287282756e-12,0.0,0.999993512750858,2011-09-06,0.400003892342089,-0.19518105614668224
0.3947921347214522,5.116346678749694e-07,6.504624581416207e-08,0.0,0.6052072885972315,2011-09-07,0.6368754338863457,0.23687154154425671
0.0013604168297176,0.7012375114678373,0.0003299633692037,0.0,0.2970721083329363,2011-09-08,0.6461173937637701,0.009241959877424377
8.447891048041943e-28,1.5379065768406748e-142,0.0746127098522174,0.0,0.9253872901477868,2011-09-09,0.3701549160591147,-0.2759624777046554
5.1061116565707065e-18,3.05813830727266e-07,8.394636368743089e-06,0.0,0.9999912995495976,2011-09-12,0.3999967491802121,0.029841833121097394
2.31727003078932e-13,2.225885165633969e-05,6.04788714245049e-08,0.0,0.9999776806688409,2011-09-13,0.40000776640651037,1.1017226298259963e-05
3.903474622753724e-07,2.0471057756263958e-07,3.8194055471986605e-15,0.0,0.99999940494235,2011-09-14,0.4000003058573354,-7.460549174942432e-06
2.0563054333996325e-11,4.997038910826562e-06,1.9845874575493494e-15,0.0,0.9999950029402752,2011-09-15,0.4000017489758563,1.4431185208496622e-06
0.0840948975932752,0.0094509135822934,0.167156818651589,0.0,0.739297370173151,2011-09-16,0.3869020308492557,-0.013099718126600601
6.656499105254255e-06,1.5904982086986523e-09,0.8259704611837331,0.0,0.174022880726468,2011-09-19,0.06961580998256611,-0.31728622086668956
0.8229581681696515,2.9451842201634176e-113,4.2375966852241536e-30,0.0,0.1770418318299279,2011-09-20,0.8937749009016227,0.8241590909190566
0.0008161874547455,0.9215634962765707,0.0432765306032183,0.0,0.0343437856658903,2011-09-21,0.7057263239285297,-0.18804857697309296
1.1645528237194443e-81,4.6080717253525545e-257,1.5145897717346392e-08,0.0,0.9999999848541848,2011-09-22,0.39999999394167396,-0.3057263299868558
6.618382998826176e-16,9.301465277007886e-05,5.057538315843786e-06,0.0,0.9999019278093166,2011-09-23,0.4000305321133049,3.053817163095607e-05
3.978567600260057e-17,1.3474101070236004e-06,3.096549616290063e-07,0.0,0.999998342934768,2011-09-26,0.4000003477314875,-3.0184381817399686e-05
0.0025718512661346,1.8214521577428631e-59,4.0496844493160715e-31,0.0,0.9974281487339102,2011-09-27,0.4015431107596987,0.0015427630282111582
4.7910623626746737e-08,3.666989951711352e-23,0.0291225133409615,0.0,0.9708774387481924,2011-09-28,0.38835102340990063,-0.013192087349798043
2.3286254234815936e-05,6.036770287533452e-61,1.2741461133857322e-20,0.0,0.9999767137461364,2011-09-29,0.4000139717526894,0.011662948342788748
6.850895006640654e-17,2.850405959960874e-09,0.0005903222024088,0.0,0.999409674947267,2011-09-30,0.3997638721167113,-0.0002500996359780516
9.716949521889058e-13,0.0002130866732137,3.200044201581193e-05,0.0,0.9997549128838372,2011-10-03,0.4000617801594169,0.0002979080427055747
3.987215479946388e-31,1.1042447883124328e-13,6.56751581332609e-10,0.0,0.9999999993433448,2011-10-04,0.3999999997374208,-6.1780421996116e-05
2.8632220642499642e-08,2.000603013179987e-05,0.0047048384485857,0.0,0.9952751268886568,2011-10-05,0.39812508391028223,-0.0018749158271385569
5.164349548275415e-09,6.82039966509451e-07,9.701306774262446e-21,0.0,0.999999312796044,2011-10-07,0.4000002418127421,0.0018751579024598453
0.0485420016967046,3.047428191358868e-108,9.80168732489872e-27,0.0,0.9514579983034854,2011-10-10,0.42912520101809876,0.029124959205356682
0.0012408767288228,3.085814655160032e-07,0.1005686625850571,0.0,0.8981901521042168,2011-10-11,0.3605171690066087,-0.06860803201149007
0.2250771481637954,7.571455099749873e-75,1.1930110087994623e-31,0.0,0.7749228518362222,2011-10-12,0.5350462888982843,0.17452911989167563
0.0002318038296457,1.7902306376808272e-22,0.7401532322179667,0.0,0.2596149639522028,2011-10-13,0.10407778941052682,-0.4309684994877575
0.7922118622531892,2.5069065101919935e-72,1.3637379058765236e-11,0.0,0.2077881377330648,2011-10-14,0.8753271173464151,0.7712493279358883
0.0024861376384732,0.0205943949400622,0.8208575016458127,0.0,0.1560619657752904,2011-10-17,0.08035672015363601,-0.7949703971927791
2.126181117957804e-06,0.8256909695351908,0.0196998811926366,0.0,0.1546070230909023,2011-10-18,0.681113162568872,0.600756442415236
0.9460085603883917,7.491700665512941e-35,2.906967444934429e-17,0.0,0.0539914396112679,2011-10-19,0.9676051362328988,0.2864919736640268
9.57368349944354e-06,0.8746548295220474,0.1157651162318119,0.0,0.0095704805630781,2011-10-20,0.6598288880502662,-0.3077762481826326
7.099652835565234e-08,1.1379203691707326e-20,0.9884877193506896,0.0,0.0115122096526747,2011-10-21,0.004604954857598236,-0.6552239331926679
0.0199568938036972,0.9286286043383564,0.0001187443595048,0.0,0.0512957574985533,2011-10-24,0.7369466500568859,0.7323416951992876
9.982496055997595e-08,7.990813897419285e-09,1.8867942973522184e-19,0.0,0.9999998921839564,2011-10-25,0.40000006269165356,-0.3369465873652323
2.8428063373068557e-10,3.812732916376727e-08,2.983299746811077e-26,0.0,0.9999999615884017,2011-10-28,0.4000000135151382,-4.9176515359850015e-08
0.0006985056557052,2.471653669104707e-05,0.5580016845206496,0.0,0.4412750932865956,2011-10-31,0.17722708037286172,-0.22277293314227647
2.8861072878596597e-08,0.292799775207187,0.0773547989742285,0.0,0.6298453969574584,2011-11-01,0.4715380190494465,0.29431093867658475
0.0013354088043666,0.1163702188915515,0.0978419862274713,0.0,0.7844523860764053,2011-11-02,0.40239402740359237,-0.06914399164585411
0.000422258457986,0.9660801781157352,0.0028821432725279,0.0,0.0306154201536088,2011-11-03,0.737228560106231,0.3348345327026386
0.9061416048375528,0.0001032352001274,0.0665472077543746,0.0,0.027207952208004,2011-11-04,0.91710221212085,0.17987365201461902
0.0120247266966521,0.9524828596012884,0.0346969924642281,0.0,0.0007954212378351,2011-11-08,0.7267050398927524,-0.1903971722280976
3.1643953665031077e-16,4.080053643753883e-88,0.9163646616887786,0.0,0.0836353383108539,2011-11-09,0.03345413532434188,-0.6932509045684105
1.696031801353878e-05,0.7823297655743632,0.1277886840478124,0.0,0.0898645900594876,2011-11-11,0.622710120522581,0.5892559851982391
1.0564452930764594e-05,4.927091550465472e-42,0.5455803255608617,0.0,0.4544091099863597,2011-11-14,0.18177420844747466,-0.44093591207510635
3.5479990527573724e-16,5.548726470713698e-20,0.3879103506693358,0.0,0.6120896493308237,2011-11-15,0.24483585973232982,0.06306165128485516
9.678943857035885e-07,0.2437938013488974,0.2067064457277659,0.0,0.5494987850289509,2011-11-16,0.4026458329176391,0.1578099731853093
3.555888573423231e-26,1.3184346666579518e-92,0.2325087068136885,0.0,0.7674912931858684,2011-11-17,0.3069965172743474,-0.09564931564329171
2.894834885525498e-07,0.1686762022974281,0.0195032415368395,0.0,0.8118202666820579,2011-11-18,0.4512355478793828,0.1442390306050354
1.9735319572351224e-37,1.1344022901186168e-144,0.0297262102418644,0.0,0.9702737897577222,2011-11-21,0.3881095159030889,-0.0631260319762939
0.0004426915998385,0.3355098613638487,2.0298805733403487e-05,0.0,0.664027148230271,2011-11-22,0.5176859469148334,0.1295764310117445
5.052276864563956e-34,2.49962344511162e-27,5.857706696855621e-06,0.0,0.9999941422937478,2011-11-23,0.39999765691749917,-0.11768828999733422
5.695310681335617e-05,0.4718887047858422,0.0014220529220572,0.0,0.526632289185552,2011-11-25,0.5646263973704159,0.1646287404529167
0.2083880063254523,2.4673359114995514e-105,1.975575327032538e-39,0.0,0.791611993674426,2011-11-28,0.5250328037952228,-0.0395935935751931
3.0491987424658656e-10,9.015884950123911e-32,0.3331975140531512,0.0,0.6668024856420462,2011-11-29,0.26672099456173837,-0.2583118092334844
0.0012817309295621,3.9090112043870404e-28,9.46044716517596e-07,0.0,0.998717323026142,2011-11-30,0.4007686601400189,0.13404766557828052
3.288245987925277e-07,3.78219831202983e-07,1.026986024193678e-19,0.0,0.9999992929554308,2011-12-01,0.4000003296716445,-0.0007683304683743786
0.0006886222800275,1.056877048440374e-103,3.251633534733792e-37,0.0,0.9993113777202808,2011-12-02,0.4004131733681398,0.00041284369649530195
0.0022599925644576,0.9466328637005992,0.0310140125332608,0.0,0.0200931312013131,2011-12-05,0.7202718928204322,0.31985871945229244
0.0023023144122254,0.9645003670455252,0.0018425246637476,0.0,0.0313547938784606,2011-12-07,0.7382195072477535,0.01794761442732129
1.1788188681141955e-33,1.661103480371991e-81,0.0263589678015933,0.0,0.97364103219847,2011-12-08,0.38945641287938804,-0.3487630943683655
3.695863394824693e-13,0.0009717905646033,8.112968074236691e-05,0.0,0.9989470797545628,2011-12-09,0.4003076748256472,0.010851261946259183
1.3879672971254622e-54,0.0,6.375224516580158e-11,0.0,0.9999999999363354,2011-12-12,0.39999999997453417,-0.00030767485111304893
0.0006122838963695,5.9687411996423266e-33,1.356613216947474e-09,0.0,0.999387714747081,2011-12-13,0.40036736979520193,0.00036736982066776225
7.487573984274042e-11,0.0082300207777438,0.0009142102680651,0.0,0.9908557688796048,2011-12-14,0.4025148232100256,0.0021474534148236413
7.253478961447963e-10,0.0049905441433801,0.000189540671808,0.0,0.9948199144595576,2011-12-15,0.40167087461670603,-0.0008439485933195434
1.089428667974917e-54,1.4526784643000101e-68,1.498467314733085e-14,0.0,1.0,2011-12-16,0.4,-0.0016708746167060085
4.7011556132778564e-08,0.0892816502306695,0.0052303500411553,0.0,0.9054879527164154,2011-12-19,0.42915646577112443,0.029156465771124407
1.4277030222992607e-24,9.704822203518348e-139,0.0054564006621906,0.0,0.9945435993373956,2011-12-20,0.39781743973495826,-0.03133902603616617
1.1623537405744844e-10,2.1437211684045133e-22,5.255125572393941e-39,0.0,0.9999999998835848,2011-12-21,0.4000000000696693,0.0021825603347110367
7.158840402087702e-05,5.8472471139898715e-154,1.1438329980173489e-17,0.0,0.9999284115961724,2011-12-22,0.4000429530424899,4.2952972820586854e-05
0.0001352850096327,3.88032703070952e-17,0.578326533957544,0.0,0.4215381810327054,2011-12-23,0.1687505574227149,-0.231292395619775
0.0593081051226167,0.7457487979006571,0.0001869651440849,0.0,0.1947561318326927,2011-12-27,0.6965221562811866,0.5277715988584717
2.167593592588544e-08,1.3791186468309156e-20,0.9422523659048084,0.0,0.0577476124195702,2011-12-28,0.023099066643764005,-0.6734230896374226
1.9980961857859997e-08,1.2559592871319697e-05,0.8476250999535648,0.0,0.1523623204727923,2011-12-29,0.060954367864732274,0.037855301220968265
5.958196140327629e-06,0.010177246672063,0.4853413705653967,0.0,0.5044754245665724,2011-12-30,0.20942906302681652,0.14847469516208425
0.3418110413387906,5.142120625577591e-148,3.5379640973848645e-45,0.0,0.6581889586615707,2012-01-03,0.6050866248034188,0.3956575617766023
0.0048204956888363,0.6044434496054637,0.3489391185525273,0.0,0.0417969361531596,2012-01-04,0.4748718573541979,-0.1302147674492209
0.0044546158791552,0.9302869472539828,0.051562622982485,0.0,0.0136958138841632,2012-01-05,0.7076481518733075,0.23277629451910964
5.0308114417742686e-08,0.2295940489270491,6.620013434363863e-05,0.0,0.7703397006309157,2012-01-06,0.4803314672557676,-0.22731668461753995
0.0002850527603708,0.9395031909916528,0.028976096184695,0.0,0.0312356600632315,2012-01-09,0.717406710029403,0.23707524277363545
0.9734128042031028,1.4355202456842258e-92,1.6471199646924254e-27,0.0,0.0265871957970683,2012-01-10,0.9840476825219302,0.26664097249252716
0.0631355620934692,0.9087705399844508,0.0278997823168902,0.0,0.0001941156055697,2012-01-11,0.7447911133240351,-0.23925656919789506
3.641534894206374e-05,0.906620872423508,0.0903142230375424,0.0,0.0030284891897735,2012-01-12,0.6812134653424825,-0.06357764798155263
0.0166104164442012,0.9810258924001002,0.0005118519410011,0.0,0.001851839214653,2012-01-13,0.7531205714301376,0.07190710608765505
0.4741166389025824,0.110674040763745,0.4118851382357114,0.0,0.0033241820983491,2012-01-16,0.5584518423147308,-0.19466872911540678
0.9961062682233712,2.4704260907060515e-55,1.4952190461609369e-18,0.0,0.0038937317769095,2012-01-17,0.997663760934135,0.43921191861940423
0.0092642053846595,0.8386454006504644,0.1519678714517684,0.0,0.0001225225134126,2012-01-18,0.638297264877873,-0.35936649605626203
0.9922757151287632,0.0018288062781694,6.127823077027753e-05,0.0,0.0058342003623479,2012-01-19,0.9959809999823295,0.3576837351044565
0.0269023553618977,0.9711700070717064,0.0015391713578197,0.0,0.0003884662085344,2012-01-20,0.7554352471490912,-0.2405457528332383
0.098741016337739,0.6031475834977842,0.2975735923430638,0.0,0.0005378078215852,2012-01-23,0.5513168270897112,-0.20411842005937997
0.9824324007082404,5.556102924955359e-24,1.1925932264156873e-13,0.0,0.0175675992916014,2012-01-24,0.989459440424881,0.4381426133351698
0.0818226048048446,0.9140058898868894,0.0039127671417403,0.0,0.0002587381668897,2012-01-25,0.7674305174867675,-0.2220289229381135
0.0438620028350507,0.948400435923647,0.0004219089515921,0.0,0.0073156522892568,2012-01-27,0.7580885906934887,-0.009341926793278832
1.2777206825568023e-23,6.034052335728662e-73,0.6786362370861462,0.0,0.321363762914066,2012-01-30,0.1285455051656264,-0.6295430855278623
0.69115430854277,2.7420922849058545e-49,8.250609370057297e-23,0.0,0.3088456914570784,2012-01-31,0.8146925851256014,0.6861470799599749
0.1809351022169371,0.5585949649926382,0.0003847651551758,0.0,0.2600851676353852,2012-02-01,0.7039153930155698,-0.11077719211003156
0.025025595033056,0.966193896974086,0.0011120007749823,0.0,0.0076685072177179,2012-02-02,0.7527384206507077,0.048823027635137906
0.990282784533777,7.369320169797332e-10,6.678442641299262e-07,0.0,0.0097165468846985,2012-02-03,0.9941694038403555,0.24143098318964773
0.0217762469588565,0.975616857923242,0.0006289310643156,0.0,0.0019779640536861,2012-02-06,0.7542800760227624,-0.2398893278175931
2.76012585940314e-06,2.444438840917709e-66,0.7470762866403043,0.0,0.2529209532341758,2012-02-07,0.10117114141952972,-0.6531089346032326
0.0260657185489271,0.9646348740520224,0.0007013679635891,0.0,0.0085980394356143,2012-02-08,0.7529810898621897,0.6518099484426599
0.9822245105895748,1.6533971456552818e-42,1.2539168452214526e-07,0.0,0.0177753640189837,2012-02-09,0.9893346561971683,0.23635356633497862
2.6789154621324254e-06,0.9526734399952304,0.0407244579008089,0.0,0.0065994231887598,2012-02-10,0.7171475281873888,-0.2721871280097795
0.0034572582058905,0.983559587289878,0.0123923667937045,0.0,0.0005907877101399,2012-02-13,0.741363263757355,0.024215735569966146
0.980138135149744,7.813484936169762e-06,0.0185660048388845,0.0,0.0012880465268774,2012-02-14,0.9806592138741971,0.23929595011684213
0.9966524526182754,9.28359433518911e-58,2.4123611272842128e-21,0.0,0.0033475473814887,2012-02-15,0.9979914715708709,0.017332257696673792
0.0112952121588562,0.9357018512336016,0.0529204223411112,0.0,8.251426645635975e-05,2012-02-16,0.7131046062906399,-0.284886865280231
0.0500623496964339,0.9483542412927328,0.0007440382627864,0.0,0.0008393707482592,2012-02-17,0.7616637789652873,0.04855917267464738
0.9781941937712132,1.957375662977123e-12,0.0002538827290081,0.0,0.0215519234978056,2012-02-21,0.9868149631718035,0.22515118420651625
5.6887785087214215e-25,5.681696565980526e-85,0.800305338233758,0.0,0.19969466176637,2012-02-22,0.07987786470654801,-0.9069370984652555
2.075033573826661e-05,0.7582584004733178,0.0662198539104667,0.0,0.1755009952805872,2012-02-23,0.6389149488029615,0.5590370840964135
9.136321165795966e-13,3.3815855292843404e-06,0.0234269195185138,0.0,0.976569698894878,2012-02-24,0.3906304157480118,-0.24828453305494974
6.600178188326828e-69,0.0,1.8616845990229526e-09,0.0,0.9999999981382643,2012-02-27,0.39999999925530577,0.009369583507294
0.1710117674327687,7.175124849279568e-34,2.310995975911101e-16,0.0,0.8289882325676801,2012-02-28,0.5026070604598407,0.10260706120453494
9.058073509791802e-05,0.1590173863206616,0.0014291953356631,0.0,0.8394628376082619,2012-02-29,0.4551387555188989,-0.04746830494094184
2.857408704895492e-06,0.7191899396905173,0.1251999758865292,0.0,0.1556072270138078,2012-03-01,0.6016382029821159,0.14649944746321703
0.0016063299637813,0.9677716009591514,0.0024040483059791,0.0,0.0282180207708119,2012-03-02,0.7387222389914696,0.1370840360093537
2.7462199221699253e-13,1.545742451177368e-34,0.8806686410631888,0.0,0.1193313589368052,2012-03-05,0.047732543574996705,-0.6909896954164729
2.3415780245192624e-31,1.1648294813735524e-11,1.0254717171445582e-11,0.0,0.999999999978172,2012-03-06,0.4000000000000051,0.35226745642500834
0.0001387514386921,0.7033272314610342,0.0051588445310253,0.0,0.2913751725691692,2012-03-07,0.6441842440621355,0.2441842440621304
0.3323961565145545,2.771574888464696e-13,3.9551118388592333e-13,0.0,0.6676038434843362,2012-03-09,0.5994376939084969,-0.0447465501536386
0.375675456144689,2.576002738446892e-15,0.0007357839209892,0.0,0.623588759934711,2012-03-12,0.6251109601185754,0.025673266210078483
0.9334464747206404,4.468811941405432e-12,2.233425363518373e-07,0.0,0.0665533019320892,2012-03-13,0.9600677954968276,0.33495683537825227
0.1542352065525024,0.8309375216598682,0.0027375355345862,0.0,0.0120897362528875,2012-03-14,0.7822742422985586,-0.17779355319826906
1.714277620688039e-17,2.106649476190916e-65,0.8269414890225583,0.0,0.1730585109771864,2012-03-15,0.06922340439087458,-0.713050837907684
2.3012106897380856e-18,4.004174559945342e-12,0.0034595181943706,0.0,0.996540481801526,2012-03-16,0.3986161927236136,0.329392788332739
2.0183390713396122e-13,1.0620794200703846e-57,0.4572828922677083,0.0,0.5427171077323655,2012-03-19,0.21708684309314805,-0.18152934963046555
0.0030490601493523,0.8933525907208207,0.0039364017653,0.0,0.0996619473642747,2012-03-20,0.7129282821356776,0.49584143904252953
0.1580473718662142,1.3510592796996264e-97,9.721059797764004e-23,0.0,0.8419526281339919,2012-03-21,0.49482842311981096,-0.21809985901586665
1.0034796227285424e-50,1.1429394426836911e-153,4.0897234545935305e-05,0.0,0.9999591027658769,2012-03-22,0.39998364110635076,-0.0948447820134602
9.045136456654966e-05,0.0881708386323935,1.1299720947320089e-07,0.0,0.911738597005432,2012-03-23,0.4309140191410345,0.030930378034683736
2.718989424687415e-23,7.911494054214598e-117,0.0917447491774459,0.0,0.908255250822655,2012-03-26,0.363302100329062,-0.06761191881197248
0.0003883202550407,0.2211539951869777,1.6326877244738104e-07,0.0,0.7784575212887778,2012-03-27,0.47763682516078515,0.11433472483172313
3.952717732601791e-06,0.0006072392641084,0.9345286424702098,0.0,0.0648601655475843,2012-03-28,0.026403448384847622,-0.45123337677593756
0.0082702645091158,0.0116874429859737,0.9714592418976584,0.0,0.0085830506069379,2012-03-29,0.020469066991371236,-0.005934381393476386
0.9786121251509424,1.5914054839577795e-92,2.864139713652092e-28,0.0,0.0213878748495003,2012-03-30,0.9871672750907425,0.9666982080993713
0.078789956269032,0.9142846034184752,0.0066730106925472,0.0,0.0002524296202309,2012-04-02,0.7646043806809807,-0.22256289440976185
0.1277614908000189,0.8664099683059964,0.0054708429040097,0.0,0.0003576979903847,2012-04-03,0.77771204622567,0.01310766554468934
0.0040148989801997,0.8935328915611999,0.1017458397694639,0.0,0.0007063696893982,2012-04-04,0.6744471155268589,-0.10326493069881115
7.978338969630753e-11,2.1055424810062827e-21,0.964343790869538,0.0,0.0356562090509622,2012-04-09,0.014262483700168272,-0.6601846318266906
0.0353615575162112,0.9284033387989734,0.0359009643263442,0.0,0.0003341393581902,2012-04-10,0.7317977173587173,0.7175352336585491
0.0001142488184413,0.9495718708185776,0.0464555436271098,0.0,0.0038583367361319,2012-04-11,0.7138364866268273,-0.017961230731890043
0.8948287160462252,0.0004073410440356,0.0008588143220444,0.0,0.1039051285880681,2012-04-12,0.9366962732644791,0.22285978663765182
4.380420184165543e-15,2.404998543810219e-05,0.080660120531129,0.0,0.9193158294836836,2012-04-13,0.36774436928255644,-0.5689519039819226
0.6954256804151784,2.79539211465463e-06,0.0327491527902391,0.0,0.2718223714027534,2012-04-16,0.8041567255203658,0.43641235623780933
0.0073817819887512,0.7680356983342179,1.491907099404079e-07,0.0,0.2245823704859902,2012-04-17,0.6732415039338107,-0.1309152215865551
0.0600983311460013,0.9007605536102002,0.0372177149404726,0.0,0.0019234003033795,2012-04-18,0.7364381064750032,0.06319660254119253
0.0502665641432309,0.9441073965458954,0.0032813990120493,0.0,0.0023446402986179,2012-04-19,0.7592849676720996,0.022846861197096446
6.58816158029168e-08,0.6559266565036326,0.0904814144276187,0.0,0.2535918631869723,2012-04-20,0.5933818035341292,-0.16590316413797046
3.4874195227165924e-20,1.0258453155394412e-32,0.4852489086961943,0.0,0.5147510913041226,2012-04-23,0.20590043652164902,-0.38748136701248015
0.0326646285113523,0.9547464942255186,0.0077603836914448,0.0,0.0048284935721267,2012-04-24,0.7506558966093421,0.544755460087693
3.554385778964881e-05,0.933843759948933,0.0651727997042012,0.0,0.0009478964893233,2012-04-25,0.7007975224152188,-0.04985837419412331
0.0713783745632434,0.0046399781476472,0.922408978840213,0.0,0.0015726684488277,2012-04-26,0.07548742555350989,-0.6253100968617089
0.0018425218395421,0.9705754960361664,0.0267205880211576,0.0,0.0008613941030833,2012-04-27,0.7301187015079003,0.6546312759543904
0.9987548775861588,3.844357520053239e-17,2.533097911873424e-07,0.0,0.0012448691039911,2012-04-30,0.9992528252277552,0.2691341237198549
0.0029117622871669,0.95027998541521,0.0466492711019057,0.0,0.0001589811960394,2012-05-02,0.7156853438269902,-0.28356748140076493
0.0004315363499788,0.0985328191061557,0.8175643917025407,0.0,0.0834712528409856,2012-05-03,0.10771965181598983,-0.6079656920110004
6.915831827745738e-23,1.719137572170794e-56,0.418510961368866,0.0,0.5814890386315695,2012-05-04,0.23259561545262783,0.124875963636638
5.6469336488802956e-08,1.1615826244912908e-59,5.4425811173482294e-12,0.0,0.999999943524928,2012-05-07,0.4000000338793077,0.16740441842667989
4.653825874064081e-38,6.821055618732945e-171,0.0046662344819976,0.0,0.9953337655184412,2012-05-08,0.39813350620737653,-0.001866527671931184
0.0001401856544713,0.9138587484238732,0.0351675603533429,0.0,0.0508335055680392,2012-05-09,0.7058676491995918,0.30773414299221524
5.53920146781342e-06,0.9346381938003024,0.0091911780273219,0.0,0.0561650889709641,2012-05-10,0.7234502201400803,0.01758257094048854
5.587299216145866e-06,0.8389955701859548,0.0988624708450325,0.0,0.0621363716694195,2012-05-11,0.6541068136064501,-0.06934340653363025
2.9575656734295797e-06,0.6793037613803699,0.0762459867238474,0.0,0.24444729433017,2012-05-14,0.6072596963330189,-0.04684711727343116
0.2470247913780555,4.802015938772081e-62,4.11315959056626e-08,0.0,0.7529751674903987,2012-05-15,0.548214858374215,-0.059044837958803886
1.4450691211003478e-07,0.2550735903923409,0.0041083526335067,0.0,0.7408179124674692,2012-05-16,0.48763250228815547,-0.06058235608605955
0.000130258231888,0.545325264785699,0.0013945139363684,0.0,0.4531499630460993,2012-05-17,0.590384192039602,0.10275168975144655
7.479458161626714e-07,1.926765734038688e-92,4.761093024636498e-11,0.0,0.9999992520063712,2012-05-18,0.40000044874836466,-0.19038374329123736
7.655207686312686e-14,4.2539821930531696e-136,3.599946505388228e-05,0.0,0.9999640005348552,2012-05-22,0.3999856002140187,-1.4848534345968112e-05
0.0001694056097262,0.7175424632644662,0.0353435494618813,0.0,0.2469445816639751,2012-05-23,0.637104085723666,0.23711848550964726
0.1517520408352205,2.005371260058263e-13,5.182547671985886e-15,0.0,0.8482479591645046,2012-05-24,0.4910512245011728,-0.14605286122249317
0.0065994584778866,0.9726372940015016,0.0188691514452021,0.0,0.0018940960751833,2012-05-25,0.7368350674090861,0.24578384290791333
0.9982319627784452,5.635603490236012e-35,8.299135549024007e-11,0.0,0.0017680371387547,2012-05-28,0.998939177633947,0.2621041102248609
0.0400567714589054,0.9246703276162644,0.0352287392339016,0.0,4.416169076402988e-05,2012-05-29,0.7335771818474093,-0.26536199578653774
0.0007310216028017,0.8745036607063048,0.1242196548655253,0.0,0.000545662825092,2012-05-30,0.6568270322625671,-0.07675014958484216
0.0014413465053233,2.9144696704714758e-12,0.981672556168006,0.0,0.0168860973237046,2012-05-31,0.008195785436990993,-0.6486312468255762
4.67008144277121e-18,1.754459838046027e-45,0.7978650129939715,0.0,0.2021349870057207,2012-06-01,0.08085399480228828,0.07265820936529728
0.037623524113716,9.177854758969617e-08,0.175630201239361,0.0,0.7867461828680079,2012-06-04,0.35232206609482986,0.2714680712925416
0.0100573066157004,0.9303551151986592,0.0067303113694301,0.0,0.0528572668164789,2012-06-05,0.7289665497412864,0.37664448364645653
0.6364021653298716,4.969935042674992e-180,2.534253175250886e-46,0.0,0.3635978346698142,2012-06-06,0.7818412991977973,0.05287474945651094
0.0733721541245486,0.8777572986858819,6.04810143319691e-05,0.0,0.0488100661751915,2012-06-07,0.7512141546090365,-0.030627144588760813
9.303762401794864e-05,0.822523420113949,0.0003201443371447,0.0,0.1770633979248096,2012-06-08,0.6878109618794035,-0.06340319272963302
0.0001221295279657,0.0001338025425803,0.4611806571135975,0.0,0.538563410815984,2012-06-11,0.21564784576129453,-0.47216311611810896
0.1166861874904699,9.895784436133331e-133,7.24562542437404e-19,0.0,0.8833138125098322,2012-06-12,0.47001171249440277,0.25436386673310823
0.0077699028415294,0.9605257065079664,0.0190518698276076,0.0,0.0126525208230482,2012-06-13,0.7332251910517236,0.2632134785573208
1.23896029808817e-10,5.491907499960795e-13,0.9218986012980276,0.0,0.0781013985775082,2012-06-14,0.0312405595553112,-0.7019846314964123
0.6499034302367456,3.4533788468680086e-68,6.864289443930288e-17,0.0,0.3500965697633831,2012-06-15,0.7899420581420988,0.7587014985867876
6.7008611694469925e-25,5.438911597370113e-105,0.0754574001107513,0.0,0.9245425998888952,2012-06-18,0.3698170399555581,-0.42012501818654074
0.8894198901875019,2.782012038409103e-26,3.888356141736804e-06,0.0,0.1105762214566614,2012-06-19,0.9336503787701664,0.5638333388146084
0.0522537964461546,0.9320782671069332,0.0152217666440319,0.0,0.0004461698027448,2012-06-20,0.7514909646974524,-0.18215941407271408
0.9898594958627188,8.633649222314952e-56,2.5396288395328627e-08,0.0,0.0101404787407516,2012-06-21,0.9939156873590195,0.24242472266156712
0.0012296723467782,1.7531520314603374e-09,0.9961298550376544,0.0,0.0026404708621355,2012-06-22,0.0022858620064964237,-0.9916298253525231
2.70884789047147e-06,5.656478181284111e-05,0.9669162261597528,0.0,0.0330245002105373,2012-06-25,0.013254932518465023,0.0109690705119686
0.0385540670552224,0.9154223792489192,0.0457880481940316,0.0,0.000235505502058,2012-06-26,0.725215053692735,0.71196012117427
0.0926279132957802,0.8843757643576818,0.0228365874183954,0.0,0.0001597349278823,2012-06-27,0.7559736305351945,0.03075857684245953
0.0651675071700319,0.8722486574312373,0.0623219716747302,0.0,0.0002618637236628,2012-06-28,0.719458745732925,-0.0365148848022695
0.9633336541568732,3.915618898518824e-106,2.4647256130332142e-32,0.0,0.0366663458432837,2012-06-29,0.9780001924941867,0.2585414467612617
0.0332531311718685,0.9220122678069153,0.0445245331027853,0.0,0.0002100679188793,2012-07-02,0.7248463591946066,-0.2531538332995801
0.0214971907658869,0.9559762361588092,0.0223345605839998,0.0,0.0001920124912124,2012-07-03,0.7385561728814788,0.013709813686872185
0.0456971277878884,0.9291733881242684,0.0250286044706153,0.0,0.0001008796167946,2012-07-04,0.7426175207278075,0.004061347846328722
0.965679531278278,0.0012209222603966,0.0317768685264164,0.0,0.0013226779350176,2012-07-05,0.9671242941475825,0.22450677341977499
0.0171898691057566,0.9230346274284928,0.0597133957767166,0.0,6.210768941148216e-05,2012-07-06,0.7094906827528908,-0.25763361139469165
0.0009924524276976,0.903433848336556,0.0950364054631457,0.0,0.0005372937725215,2012-07-09,0.6787827561891232,-0.03070792656376764
0.9965720749099732,8.642113725792898e-47,1.9830602026759745e-11,0.0,0.0034279250699666,2012-07-10,0.9979432449379598,0.3191604887488366
0.0025448160959603,0.9405401543388496,0.0565688458345466,0.0,0.0003461837306581,2012-07-11,0.7080884053423607,-0.2898548395955991
4.915547107063467e-05,0.9441822495548812,0.0335815045714779,0.0,0.0221870904025587,2012-07-12,0.717060678798255,0.008972273455894242
0.0044841766191619,0.9218458231988952,0.0735562037915232,0.0,0.0001137963904705,2012-07-13,0.6959140625745215,-0.021146616223733483
0.0004327782464989,4.338793348382639e-05,0.9989813750421837,0.0,0.0005424587780472,2012-07-16,0.0006823027078306499,-0.6952317598666908
0.0934959017853627,9.881436500293197e-05,0.903281140364689,0.0,0.0031241434853234,2012-07-17,0.09481966995324426,0.0941373672454136
0.0409318939702355,0.9528374245629064,0.0059449046444797,0.0,0.0002857768221748,2012-07-18,0.7556742731212853,0.6608546031680411
0.0744793735746131,0.8986284881802294,0.026794488915745,0.0,9.764932977813872e-05,2012-07-19,0.7484897994416964,-0.007184473679588965
0.0008479961055112,0.0004105191379284,0.9964516063015848,0.0,0.0022898784551579,2012-07-20,0.00207183684102066,-0.7464179626006757
1.5470998424211392e-10,6.190949812732462e-20,0.9533453707443076,0.0,0.0466546291013892,2012-07-23,0.018661851795265666,0.016590014954245006
0.0546466479934987,0.8938994393563899,0.0509692630935928,0.0,0.0004846495569267,2012-07-24,0.7252650873335619,0.7066032355382962
0.0031519820921003,0.885501037390269,0.1107982407354753,0.0,0.0005487397821344,2012-07-25,0.6674972560476558,-0.057767831285906124
6.380676909553591e-16,4.5611220667997896e-98,0.9345868073483414,0.0,0.0654131926518919,2012-07-26,0.0261652770607574,-0.6413319789868983
0.1244533666460317,0.8511488394508769,7.59772693327732e-06,0.0,0.0243901961757205,2012-07-27,0.7725710747044776,0.7464057976437202
0.9850909967363444,2.178973977871892e-71,1.2654259789804391e-20,0.0,0.0149090032640984,2012-07-30,0.9910545980419837,0.2184835233375061
0.0025741225931689,0.9941315712044712,0.0002644130726754,0.0,0.003029893129749,2012-07-31,0.7493847582484219,-0.24166983979356182
0.2859657545836204,0.5812811893305891,0.1321676698386853,0.0,0.0005853862473555,2012-08-01,0.7221608010805044,-0.02722395716791748
0.033978362805493,0.8775778487104869,0.0882590441677996,0.0,0.0001847443159592,2012-08-02,0.6922356470647419,-0.029925154015762456
0.0029318117667621,0.9159942704340264,0.0808864587572206,0.0,0.0001874590419486,2012-08-03,0.6900024982090613,-0.0022331488556806
0.94752651659706,0.0474432045977828,0.0001469292094208,0.0,0.0048833495961165,2012-08-06,0.9850622598838437,0.2950597616747823
0.9982708062819454,5.435542368241061e-06,6.517826241750225e-06,0.0,0.0017172403492721,2012-08-07,0.9989617790784304,0.013899519194586762
0.0180240914872985,0.947282790401934,0.0346465395622694,0.0,4.657854886532081e-05,2012-08-08,0.7285048157082951,-0.27045696337013536
0.0083621044267833,0.6427443789974834,0.3480775084812093,0.0,0.0008160080949294,2012-08-09,0.49074679191286763,-0.23775802379542743
0.0281454130589897,0.9025652591582606,0.0692171374629033,0.0,7.21903195738277e-05,2012-08-10,0.7050982335555146,0.21435144164264697
0.9812790993926024,3.672243519220997e-05,0.0179263929595424,0.0,0.000757785213039,2012-08-13,0.9816097553042121,0.27651152174869753
0.9948405744919476,0.000109475936175,0.004639284031036,0.0,0.0004106655410938,2012-08-14,0.9950869476605164,0.01347719235630429
0.0803408817317016,0.0958581514545917,0.823245028533705,0.0,0.0005559382796476,2012-08-16,0.15245687063450442,-0.842630077026012
0.0096514755813116,0.9491522723263734,0.0409221184682398,0.0,0.0002741336238657,2012-08-17,0.7216253332756379,0.5691684626411335
0.9965295512322332,2.478471329559166e-36,9.17641616641459e-08,0.0,0.0034703570035025,2012-08-21,0.9979176940336342,0.27629236075799624
0.024924455392408,0.9007783205403108,0.0742294090035163,0.0,6.781506395364488e-05,2012-08-22,0.7005353218232225,-0.29738237221041164
0.0110898277817899,0.9556732002560568,0.0330214816211948,0.0,0.0002154903409344,2012-08-23,0.7279309241102062,0.027395602286983678
0.0094329341048843,0.8832402984440704,0.1071580596682233,0.0,0.0001687077830887,2012-08-24,0.6719306410511726,-0.056000283059033595
0.0001602976975751,2.4878576629315987e-08,0.9990277086735764,0.0,0.0008119687505034,2012-08-27,0.00048510385670893206,-0.6714455371944636
1.0206586426433448e-09,8.132319226228313e-40,0.983879508775206,0.0,0.0161204902038101,2012-08-29,0.006448197102182683,0.005963093245473751
0.8004598583092457,0.0011351808217719,0.0201224195706163,0.0,0.1782825412984289,2012-08-30,0.8726242604449462,0.8661760633427635
1.717724414218935e-06,2.174935282325764e-06,0.9673500018026164,0.0,0.032646105537492,2012-08-31,0.013061791140872763,-0.8595624693040734
0.0189883186237558,0.8113703756413156,0.1690092147367858,0.0,0.000632090997739,2012-09-03,0.6277689367538382,0.6147071456129654
0.5226161371635529,0.4113368882189258,0.0650677431746803,0.0,0.0009792314427066,2012-09-04,0.8315104959048298,0.20374155915099168
0.0003647155870929,0.8512302506436911,0.1473824293564085,0.0,0.0010226044130853,2012-09-05,0.6391964453350955,-0.19231405056973438
0.1198958699727126,0.8149851551192357,0.0634299710036156,0.0,0.0016890039047179,2012-09-06,0.7318103378740266,0.09261389253893115
0.84237459835262,2.1306092588599714e-11,3.5403103608351585e-10,0.0,0.1576254012722155,2012-09-07,0.9054247588774857,0.17361442100345914
0.1010387596004596,0.8723488773518805,0.0259275737792008,0.0,0.0006847892682734,2012-09-10,0.7555743333216793,-0.1498504255558064
0.9931737353776084,5.029964764374923e-31,0.0007729400542239,0.0,0.0060533245677956,2012-09-11,0.9955950652047267,0.2400207318830474
0.971789828680101,0.0245587406474696,0.0029335004862342,0.0,0.0007179301861511,2012-09-12,0.9904960562401637,-0.0050990089645630565
0.0360217630357219,0.8969750127578046,0.0657036212317675,0.0,0.0012996029749539,2012-09-13,0.709272863794057,-0.2812231924461067
0.2351686948551034,2.782950628890276e-23,4.130555281978396e-19,0.0,0.7648313051444957,2012-09-14,0.5411012169129017,-0.16817164688115527
0.0238761504283569,0.9645421967042428,0.0006400961953884,0.0,0.0109415566721139,2012-09-17,0.7516594206253845,0.2105582037124828
0.0349531029583753,0.8650329709724838,0.099699131222477,0.0,0.0003147948466092,2012-09-18,0.6838537491263817,-0.06780567149900274
0.000399080811277,0.8576943409550547,0.1339735899206625,0.0,0.0079329883125646,2012-09-20,0.6468430318525938,-0.03701071727378791
0.6295536360089022,3.098936871058419e-103,2.121817961867728e-35,0.0,0.3704463639909231,2012-09-21,0.7777321816052715,0.13088914975267762
0.0090220473576367,0.8053162448536613,0.180665018095108,0.0,0.0049966896938587,2012-09-24,0.6150079068754261,-0.1627242747298454
0.0279380637646322,0.9199076283727696,0.0518837574830813,0.0,0.0002705503795388,2012-09-25,0.7179770051960249,0.10296909832059886
0.0244561506989361,0.8921189518643269,0.0832847944810526,0.0,0.000140102955958,2012-09-26,0.6936014057795645,-0.024375599416460392
0.012385307826807,0.7472175920254832,0.2399341418887212,0.0,0.000462958258683,2012-09-27,0.5729836851493926,-0.12061772063017195
0.16668042582547,0.8322385895159422,0.0003957775089242,0.0,0.0006852071493322,2012-09-28,0.7911334508221596,0.218149765672767
0.0937193322208791,0.867108929233581,0.0390228723767004,0.0,0.000148866169139,2012-10-01,0.7441105756137205,-0.04702287520843906
0.09056766365464,0.8498863866570905,0.0594286553166695,0.0,0.0001172943713354,2012-10-03,0.728029371395992,-0.016081204217728517
0.9953681352533492,4.9946169193426004e-86,5.211720578078317e-86,0.0,0.0046318647462524,2012-10-04,0.9972208811518501,0.26919150975585815
0.0,0.0,0.0,1.0,1.5479896859546087e-82,2012-10-05,6.1919587438184346e-83,-0.9972208811518501
2.9400007033511197e-94,2.4919224140024992e-144,0.962683792792974,0.0,0.0373162072070694,2012-10-08,0.01492648288282776,0.01492648288282776
0.0714870097662936,0.9156266162366594,0.0122465000545008,0.0,0.0006398739425255,2012-10-09,0.7584629215207984,0.7435364386379707
0.0009408552712379,0.8107508636548431,0.1863463218607057,0.0,0.0019619592130476,2012-10-10,0.6097887866975892,-0.14867413482320924
0.9774541264966118,0.0010660180886034,1.9053857215026e-05,0.0,0.0214608015576474,2012-10-11,0.9868379606861233,0.3770491739885341
0.0002995349882734,0.9262183759408458,0.0725353455793652,0.0,0.0009467434915086,2012-10-12,0.6953420143405111,-0.29149594634561216
0.0318702135376384,0.9293025021694864,0.0387689403498554,0.0,5.834394270861492e-05,2012-10-15,0.7288704277418366,0.03352841340132551
4.616074828441056e-06,6.137508760023387e-20,0.99791489195796,0.0,0.0020804919675862,2012-10-16,0.0008368128618629211,-0.7280336148799738
0.0547107474203564,0.9047238975436114,0.0404180417768175,0.0,0.0001473132596626,2012-10-17,0.73331259588193,0.7324757830200671
0.9969862591168216,1.37536445311802e-05,1.0753498733400873e-05,0.0,0.0029892337395197,2012-10-18,0.9981922678460278,0.2648796719640978
0.0010699849474353,0.8979791863121338,0.1008640661353361,0.0,8.676260469178327e-05,2012-10-19,0.6745890797234123,-0.32360318812261546
0.9967618853673076,2.556241978979187e-15,0.0015154021931642,0.0,0.0017227124393012,2012-10-22,0.99745097034303,0.3228618906196177
0.03030741771372,0.250448581498667,0.7187262419796399,0.0,0.0005177588078971,2012-10-23,0.2183509573608791,-0.7791000129821509
0.1074933756679044,0.8347848936542316,0.0575163454002915,0.0,0.0002053852776751,2012-10-25,0.7336642000196482,0.5153132426587691
0.0006232514649849,0.8574408725912934,0.1412193566250999,0.0,0.0007165193183654,2012-10-29,0.6439905136358011,-0.0896736863838471
1.1707626796250423e-10,6.004507401448944e-13,0.9862240253985478,0.0,0.0137759744834853,2012-10-30,0.005510389910920726,-0.6384801237248804
0.3774301713384193,0.5558255307413412,0.066240965907378,0.0,0.0005033320128094,2012-10-31,0.794500652199549,0.7889902622886283
0.975963596543218,5.05610284729626e-06,0.0228686616987912,0.0,0.0011626856548939,2012-11-01,0.976432462882311,0.18193181068276199
0.1265688792151882,0.8699402485140894,0.0032385063970407,0.0,0.0002523658736866,2012-11-02,0.7791250119502299,-0.19730745093208113
0.0551628418470671,0.8920898800767186,0.0526806730529109,0.0,6.660502326066563e-05,2012-11-05,0.7242568939139103,-0.054868118036319524
0.9005015121413643,9.976816325214596e-06,0.0982481494854461,0.0,0.001240361557049,2012-11-06,0.9010051393764278,0.17674824546251744
0.9960494183779092,3.740051652475206e-05,0.0033141952682265,0.0,0.0005989858370161,2012-11-07,0.9963170631001093,0.09531192372368147
0.0146078769575464,0.0921137013207217,0.8930895056754897,0.0,0.000188916045935,2012-11-08,0.08376871936646167,-0.9125483437336476
2.4371156715970343e-06,3.075312673557741e-07,0.9976478178256464,0.0,0.0023494375276496,2012-11-09,0.0009424427751819538,-0.08282627659127972
0.0140077704433382,0.913075292589436,0.0726276185766438,0.0,0.0002893183904561,2012-11-12,0.6989299672415977,0.6979875244664158
0.00019245841487,0.8243363281358977,0.1745624729256,0.0,0.0009087405233569,2012-11-15,0.6188082007261361,-0.08012176651546166
2.6961187516227716e-08,2.4617730932708536e-08,0.9911076268828952,0.0,0.0088923215386119,2012-11-16,0.003556974039930476,-0.6152512266862056
0.0217317821838867,0.8831187689908421,0.0949873684433244,0.0,0.0001620803823879,2012-11-19,0.6841356910799734,0.6805787170400429
0.1125295639430319,0.2658721159645565,0.6189020328248027,0.0,0.0026962872675797,2012-11-20,0.3130121658234812,-0.3711235252564922
0.9498702812298524,0.0463601904001896,0.0016612157339306,0.0,0.0021083126361175,2012-11-21,0.9854837490844416,0.6724715832609605
0.0818383824490961,0.882789167956266,0.0353043220578672,0.0,6.812753645864501e-05,2012-11-22,0.7439575094308791,-0.24152623965356246
0.0257505598113136,0.9153669416996262,0.058732395317444,0.0,0.0001501031715322,2012-11-23,0.7123358073546461,-0.03162170207623305
0.0748781034473674,0.8671751529272106,0.0578435719722967,0.0,0.000103171652961,2012-11-26,0.7253007368039597,0.0129649294493136
0.9972249362732244,4.1998435825715975e-57,2.890755201603437e-15,0.0,0.0027750637267705,2012-11-27,0.9983349617639325,0.27303422495997287
0.9980161928729608,9.937997452828974e-88,5.647893409094657e-20,0.0,0.0019838071271384,2012-11-29,0.9988097157238162,0.00047475395988361146
0.9995821849300236,4.314900817289367e-11,1.81407087475793e-05,0.0,0.000399674318024,2012-11-30,0.999742054689595,0.0009323389657788228
0.0179929630425057,0.9253782927464784,0.0565902711250659,0.0,3.8473086202429e-05,2012-12-03,0.7120420718368455,-0.28769998285274945
0.4637308742667552,0.4179513253085288,0.1175686914025799,0.0,0.0007491090219387,2012-12-04,0.7774940118569272,0.0654519400200817
0.0805700998105071,0.8695322603471662,0.0495769534386179,0.0,0.0003206864032565,2012-12-05,0.7328475696321843,-0.0446464422247429
0.0004980546390274,0.9382567020107858,0.0003239410266855,0.0,0.0609213023232711,2012-12-06,0.7285591020764252,-0.004288467555759179
0.0032465803611387,0.70910385752687,0.2858942062840625,0.0,0.0017553558281871,2012-12-07,0.5357766158375661,-0.19278248623885907
0.0581966802240209,0.8689028684146742,0.0727090465425806,0.0,0.0001914048183451,2012-12-10,0.7099503934623647,0.17417377762479858
1.635869651412371e-05,0.9798638166072576,0.0166538161789947,0.0,0.0034660085176536,2012-12-11,0.7363006245590188,0.02635023109665413
0.0472685070366889,0.0800053285953436,0.8721771622375262,0.0,0.0005490021303434,2012-12-12,0.10749210433533396,-0.6288085202236848
9.50801423082186e-05,4.350135555812737e-13,0.9992423741947144,0.0,0.0006625456628812,2012-12-13,0.00036009840778695876,-0.107132005927547
0.962340756551588,0.0006806117704773,0.0355029869851264,0.0,0.0014756446928546,2012-12-14,0.9634414732565878,0.9630813748488009
0.0199834058267676,0.9044905063017472,0.0754153459065764,0.0,0.0001107419652924,2012-12-17,0.698395582339195,-0.26504589091739283
0.0124675473516286,0.9854103104473196,0.0002675250550945,0.0,0.0018546171456183,2012-12-18,0.7522671270453656,0.053871544706170615
0.1127366061706124,0.8719328694846638,0.015100565746083,0.0,0.0002299585982757,2012-12-19,0.7667782417234205,0.014511114678054882
0.0035165562231975,0.9129973536960216,0.0833810327027176,0.0,0.0001050573781315,2012-12-20,0.6883065944464662,-0.07847164727695422
2.869152295906071e-06,2.850527174540745e-14,0.9918621472407392,0.0,0.0081349836068084,2012-12-21,0.0032568625950406454,-0.6850497318514256
0.0718066912898037,0.8549357472274572,0.0731342015235586,0.0,0.0001233599591413,2012-12-24,0.7130578456940532,0.7098009830990125
0.9988392545966402,4.183821400293896e-07,0.0003220475896819,0.0,0.0008382794315672,2012-12-26,0.9991748801558722,0.286117034461819
2.5120445950884012e-05,5.489174896837849e-38,0.9973339792685424,0.0,0.0026409002855882,2012-12-27,0.001081480560186164,-0.998093399595686
0.4864834911558766,0.4950161456310496,0.0176640196756778,0.0,0.0008363435375651,2012-12-28,0.8580801377941899,0.8569986572340037
0.0684538447733536,0.8574143594115018,0.0739257104588178,0.0,0.0002060853561216,2012-12-31,0.7115970484744286,-0.14648308931976128
0.0596113098401724,0.9302056612947344,0.0001195887306668,0.0,0.0100634401346452,2013-01-02,0.7612909318650812,0.049693883390652616
0.0905152702799997,0.8645355999736168,0.0447433072460256,0.0,0.0002058225006905,2013-01-03,0.7389992992604886,-0.02229163260459266
0.0437517308306017,0.8799833725980133,0.0761866091247135,0.0,7.828744648865518e-05,2013-01-04,0.7037705752577071,-0.03522872400278143
0.0005631689962955,9.151080111862564e-21,0.9967836130918,0.0,0.0026532179115801,2013-01-07,0.00162445616092754,-0.7021461190967796
0.050155066054986,0.8951388560163293,0.0546302054265209,0.0,7.587250174298812e-05,2013-01-08,0.7215395570679302,0.7199151009070026
0.0022486629671338,0.0149775433100049,0.9818972396615948,0.0,0.0008765540616818,2013-01-09,0.013832442074310195,-0.7077071149936199
0.0592592207351762,0.3632568179074593,0.5768242569165085,0.0,0.0006597044411669,2013-01-10,0.3319657159422374,0.3181332738679272
0.0021589572508203,4.30009761976193e-23,0.993103096079705,0.0,0.0047379466692058,2013-01-11,0.00405413591850262,-0.32791158002373477
0.9982352530977524,8.076509799378861e-19,2.0644128349431197e-08,0.0,0.0017647262582265,2013-01-14,0.998941143601043,0.9948870076825405
0.0645324101518955,0.9299116605703164,0.005529482496605,0.0,2.6446781542388183e-05,2013-01-15,0.7619767342922498,-0.23696440930879326
8.454178699724534e-06,1.2564293566866022e-11,0.9991540920740368,0.0,0.0008374537344348,2013-01-16,0.0003434356818968647,-0.7616332986103529
0.9856829783585828,0.0057518993038228,0.0062076447029323,0.0,0.0023574776343676,2013-01-17,0.9909398938901969,0.9905964582083
0.1025416663636796,0.8775549477301288,0.0198366803062714,0.0,6.670559975100796e-05,2013-01-18,0.7607345594011765,-0.23020533448902036
0.0779309338810094,0.86275844456015,0.0592115303122718,0.0,9.909124617859254e-05,2013-01-21,0.7250394037995933,-0.035695155601583206
0.0025429726329124,0.1292360077562079,0.8668100328470673,0.0,0.0014109867641413,2013-01-22,0.10003437315572482,-0.6250050306438685
0.0370549393480294,0.8893015654715473,0.0734538298609176,0.0,0.0001896653193144,2013-01-23,0.7041069795794156,0.6040726064236908
0.0019908847073159,0.5304101019175514,0.467087668056374,0.0,0.0005113453186512,2013-01-24,0.4000029992729399,-0.3041039803064757
0.9987917959859696,1.8495091125820622e-13,1.347554543694339e-05,0.0,0.0011947284688624,2013-01-25,0.9992696873736532,0.5992666881007133
0.0575608570465068,0.8921571329223918,0.0502288983415589,0.0,5.3111689609593246e-05,2013-01-28,0.7266999514141446,-0.2725697359595086
0.0005889483521558,0.9216501462567472,0.0772802953375354,0.0,0.0004806100536823,2013-01-29,0.6920188020661892,-0.03468114934795541
0.0635201268943959,0.8760670987738219,0.0602598096126544,0.0,0.0001529647191654,2013-01-30,0.7206316368624285,0.028612834796239328
0.0123140035986611,0.883804789913932,0.1037997806796094,0.0,8.142580740391422e-05,2013-01-31,0.6752001663570716,-0.0454314705053569
0.0002129677275401,4.9966334322912205e-05,0.9991722217327744,0.0,0.0005648442049747,2013-02-01,0.00047638016027216413,-0.6747237861967994
0.0420896969364467,9.690451820921868e-05,0.9560944549481388,0.0,0.0017189435967577,2013-02-04,0.042849952763806695,0.04237357260353453
0.014261984818086,0.8875130280125771,0.0979860549009202,0.0,0.0002389322681751,2013-02-05,0.6799923287347889,0.6371423759709822
0.3931797056003122,0.001237111804946,0.6035490250583108,0.0,0.0020341575360302,2013-02-06,0.39492120246843376,-0.2850711262663551
0.0068234089074735,0.8843464365568305,0.1085750187470972,0.0,0.0002551357887909,2013-02-07,0.6701852906406127,0.27526408817217896
0.0002109422183484,0.7757189017478032,0.2230650349255378,0.0,0.0010051211084431,2013-02-08,0.5824021669725781,-0.08778312366803465
0.0422126460968092,0.7750578403505252,0.1825540449667183,0.0,0.0001754685861264,2013-02-11,0.6235762137941536,0.04117404682157555
0.9050062751968224,0.0202744746674312,0.0734130178203193,0.0,0.0013062323154893,2013-02-12,0.9207346241235916,0.297158410329438
0.0270950208226952,0.9430989105222032,0.0297832138774248,0.0,2.2854777908449484e-05,2013-02-13,0.734428345625511,-0.18630627849808068
0.0013718027270467,0.000176944146948,0.997213860435488,0.0,0.0012373926905955,2013-02-14,0.0019994679134959,-0.732428877712015
0.0157018777099311,0.8872512492393897,0.096873363038209,0.0,0.0001735100120772,2013-02-15,0.6812097186443044,0.6792102507308084
0.0647983022871693,0.8874163777473038,0.0477088085992475,0.0,7.65113664706829e-05,2013-02-18,0.7303911901442355,0.04918147149993113
0.9961035552219498,0.0005395962660153,0.0021878910052969,0.0,0.0011689575071449,2013-02-19,0.9969758354243193,0.26658464528008385
0.3079223210219293,0.1999682613086638,0.4917725756347538,0.0,0.0003368420346882,2013-02-20,0.4580332538173024,-0.5389425816070169
8.190667594039754e-11,2.3806632822424638e-20,0.9918719720261548,0.0,0.008128027891629,2013-02-21,0.003251211238558276,-0.45478204257874416
0.0342060153531845,0.8904725569925506,0.0751491241633044,0.0,0.0001723034912007,2013-02-22,0.7021293544940777,0.6988781432555193
0.0129587037163361,0.945844914981971,0.0410917826607878,0.0,0.0001045986405067,2013-02-25,0.722384229409017,0.02025487491493938
2.2968524463693586e-15,2.522124132786399e-56,0.9870496784509972,0.0,0.0129503215487821,2013-02-26,0.005180128619515137,-0.7172041007895019
0.0079826152887255,0.96336362835531,0.0019390117124739,0.0,0.0267147446438033,2013-02-27,0.7411912344127292,0.736011105793214
2.118998567168081e-34,1.6130673609786296e-170,0.0041805722210938,0.0,0.9958194277790248,2013-02-28,0.39832777111160994,-0.3428634633011192
0.0185906306708717,0.9734066430893418,0.001713480640403,0.0,0.0062892455992569,2013-03-01,0.7511613112275809,0.35283354011597096
0.0062200162040445,0.8866856963915648,0.1068678295174831,0.0,0.0002264578867498,2013-03-04,0.671324871652418,-0.07983643957516284
0.9967741669108048,6.921707886824697e-44,1.311128304381298e-12,0.0,0.0032258330878625,2013-03-05,0.9980645001459498,0.3267396284935318
0.1201515403116708,0.8679959484092616,0.0117932287014557,0.0,5.9282577273298526e-05,2013-03-06,0.7711722146495263,-0.22689228549642348
0.9981895352357066,2.140379253823572e-27,6.098122568996068e-06,0.0,0.0018043666414562,2013-03-07,0.9989112818922892,0.22773906724276283
0.9992042411848304,7.0277451724397e-38,1.808657199747204e-11,0.0,0.0007957587972073,2013-03-08,0.9995225447037134,0.0006112628114242069
0.0264984179328351,0.9082134020495284,0.0652569012262735,0.0,3.127879173501264e-05,2013-03-11,0.7076709809866755,-0.2918515637170379
0.0027432746019945,0.1579041619329232,0.8357949117223313,0.0,0.0035576517428953,2013-03-12,0.12259445674884502,-0.5850765242378304
1.24668732068739e-05,0.0004020425314952,0.8867200563444905,0.0,0.1128654342511006,2013-03-13,0.045460172472268516,-0.07713428427657651
0.0051966334012092,6.8370967516149975e-06,5.038402214352728e-08,0.0,0.9947964791181398,2013-03-14,0.4031203528710289,0.35766018039876035
4.50033710303207e-05,0.0052345353121638,0.7414631868852852,0.0,0.253257274431236,2013-03-15,0.10527381462764758,-0.2978465382433813
0.0032478933963389,0.7495394818909247,0.2277880247589213,0.0,0.0194245999535997,2013-03-18,0.5731723447959722,0.46789853016832467
3.2442781638822585e-22,4.975617413444405e-111,0.8466894515241742,0.0,0.1533105484760224,2013-03-19,0.06132421939040897,-0.5118481254055632
2.584226899572492e-06,2.937266417677542e-12,0.9395237451841888,0.0,0.0604736705863825,2013-03-20,0.024192052463655522,-0.037132166926753446
2.512819228494208e-07,0.0021397733065725,0.708402262220696,0.0,0.2894577131905396,2013-03-21,0.11738816653806806,0.09319611407441254
0.002748377570268,0.929349723199626,0.0633717590939421,0.0,0.0045301401358004,2013-03-22,0.7015727260243076,0.5841845594862396
0.0002401991175951,5.0795596081734117e-39,0.9405886406786892,0.0,0.0591711602040974,2013-03-25,0.02390866319923406,-0.6776640628250736
0.5139869038541819,0.0518488134165664,0.4259793327199655,0.0,0.0081849500095531,2013-03-26,0.556147493920428,0.5322388307211939
0.0588238491575835,0.9280370593060574,0.0002122042311408,0.0,0.012926887304784,2013-03-28,0.7600223985590402,0.20387490463861224
0.0668024748260148,0.9140735247547068,0.0189842422858225,0.0,0.0001397581333908,2013-04-01,0.7524135216454012,-0.0076088769136389844
0.9985909005584676,5.004587097791161e-09,0.0003006848735557,0.0,0.0011084095636765,2013-04-02,0.9990342681373785,0.2466207464919773
7.277477085885089e-12,6.35096688594418e-26,0.9986147903807658,0.0,0.0013852096119405,2013-04-03,0.0005540838520536772,-0.9984801842853248
1.2495551144345925e-14,1.4661902480867704e-41,0.9840265434936232,0.0,0.0159734565063827,2013-04-04,0.0063893826025655754,0.005835298750511898
0.0064705654910555,0.8735528287216844,0.1196670789856304,0.0,0.0003095268012877,2013-04-05,0.6617589977528339,0.6553696151502683
0.0180077609143109,0.8778303776047156,0.1032351592907595,0.0,0.0009267021903173,2013-04-08,0.6767512249939744,0.014992227241140577
1.7243059198842394e-10,5.641600824003424e-26,0.8043663510551254,0.0,0.1956336487726077,2013-04-09,0.07825345968147368,-0.5984977653125008
0.0087782672848986,0.8020161722944494,7.141697862207055e-07,0.0,0.1892048462504253,2013-04-10,0.6859723350059058,0.6077188753244321
0.0241769993331033,0.957116633349166,0.0012208951187175,0.0,0.0174854721988992,2013-04-11,0.7490086632245374,0.06303632821863159
5.018773146298052e-05,0.8595952208718313,0.0582652020287745,0.0,0.0820893893680892,2013-04-12,0.677582359132572,-0.07142630409196538
0.5608011371531147,4.3405535359014685e-14,4.347919554186654e-05,0.0,0.4391553836511292,2013-04-15,0.7364632906135989,0.05888093148102691
0.4777065910922627,3.0760120153160638e-173,1.697026627714044e-36,0.0,0.5222934089073448,2013-04-16,0.6866239546552007,-0.04983933595839829
0.004185249605938,0.97462072847909,0.0180083677007169,0.0,0.0031856542138499,2013-04-17,0.7364250576507955,0.049801102995594815
0.9811072681257564,5.55682035987652e-109,8.248951800832543e-22,0.0,0.0188927318743899,2013-04-18,0.9886643608755123,0.2522393032247169
0.9986093947028196,5.301346491527743e-14,2.371240603882376e-05,0.0,0.0013668928911108,2013-04-22,0.9991561518593037,0.010491790983791383
0.0206617856346219,0.943285085187707,0.0360130508523402,0.0,4.0078325651486346e-05,2013-04-23,0.7281416308556627,-0.271014521003641
0.9989535627854572,2.881131194908986e-30,3.1513421789331047e-10,0.0,0.0010464368997533,2013-04-25,0.9993721375453586,0.27123050668969584
0.0027666171317005,0.0740929781505117,0.922344790889672,0.0,0.0007956138282081,2013-04-26,0.05865459627586752,-0.940717541269491
0.5608616210595523,0.4184253425809077,0.0195381258189159,0.0,0.0011749105410712,2013-04-29,0.8751505922116616,0.816495995935794
0.0012602613530689,0.9921662619219122,0.0007979048070593,0.0,0.0057755719183158,2013-04-30,0.7476951865618293,-0.12745540564983227
0.98935894932469,1.064991272734582e-55,5.379551798392613e-12,0.0,0.0106410506700087,2013-05-02,0.9936153695926935,0.24592018303086416
3.952056279335512e-06,1.6081085001316433e-11,0.9987415874552856,0.0,0.0012544604727891,2013-05-03,0.0005057362574557893,-0.9931096333352377
0.4684899893726251,0.486584258632777,0.0444397932643151,0.0,0.0004859587305931,2013-05-06,0.833622566839445,0.8331168305819893
0.9985832519500653,4.503197372252586e-34,2.072482020946509e-09,0.0,0.0014167459771088,2013-05-07,0.9991499503409088,0.1655273835014638
0.0342304275108918,0.956296153669321,0.0094225725829909,0.0,5.084623704839617e-05,2013-05-08,0.7514728812577018,-0.24767706908320697
0.0441816977820369,0.0613840841807559,0.8932711965012294,0.0,0.0011630215363209,2013-05-09,0.09068496953213218,-0.6607879117255697
0.9784455731415108,5.661062133595304e-15,0.0004115305792273,0.0,0.0211428962795322,2013-05-10,0.9869027316533279,0.8962177621211957
2.891458539470103e-26,1.806565868815179e-146,0.8410736530386156,0.0,0.1589263469615746,2013-05-13,0.06357053878462984,-0.923332192868698
0.0281932968992884,0.9400452403577132,0.0269470248260189,0.0,0.0048144379167266,2013-05-14,0.735153002334264,0.6715824635496341
0.8591918649063862,9.247379545593812e-182,5.6124512658318e-41,0.0,0.1408081350932623,2013-05-15,0.9155151189436911,0.18036211660942714
0.9538892928737632,3.326149119675783e-06,0.032011965836676,0.0,0.0140954151404924,2013-05-16,0.9595299535417999,0.04401483459810884
0.0261245390930861,0.9583384374836008,0.0154925039457787,0.0,4.4519477348251033e-05,2013-05-17,0.744896174996726,-0.21463377854507393
0.0002413400893837,0.0150141130603432,0.9829668681751632,0.0,0.0017776786752163,2013-05-20,0.01221299635472762,-0.7326831786419984
6.592221194173572e-05,0.0201876133970129,0.9762911901505494,0.0,0.0034552742401415,2013-05-21,0.016588741955758008,0.004375745601030387
0.0016151116541205,0.4289763502932601,0.5523541092848523,0.0,0.0170544287680308,2013-05-22,0.3301691458812778,0.31358040392551983
1.6428611513317659e-21,7.56437717697546e-34,0.6247254316608337,0.0,0.37527456833897,2013-05-23,0.150109827335588,-0.18005931854568982
0.0073494078433775,0.9768738160356728,0.006440445563307,0.0,0.0093363305575521,2013-05-24,0.743739302093153,0.593629474757565
0.964727466853846,1.838233898846063e-50,6.8470833507503385e-18,0.0,0.0352725331461,2013-05-27,0.9788364801122861,0.2350971780191331
0.0273355239248316,0.9700415285576004,0.0020944650409829,0.0,0.0005284824762569,2013-05-28,0.7550780633335347,-0.2237584167787514
0.0090842195191325,0.9325862004082904,0.0581298327530537,0.0,0.0001997473191287,2013-05-29,0.7086037687530018,-0.04647429458053287
0.9151164084935904,2.390231035490656e-18,0.054902671325844,0.0,0.0299809201805027,2013-05-30,0.9271087765657915,0.2185050078127897
7.725792460987359e-30,9.0685255959905e-122,0.9323619273166304,0.0,0.0676380726836244,2013-05-31,0.02705522907344976,-0.9000535474923417
4.825240475534273e-07,2.2837146463279584e-11,0.9795418413656752,0.0,0.0204576760876532,2013-06-03,0.008183552976236694,-0.018871676097213068
0.0006859566895042,0.901266917326876,0.0971776486033966,0.0,0.0008694773803336,2013-06-04,0.6769839356367947,0.668800382660558
0.0227940965146382,0.9404267195467216,0.0366206958816273,0.0,0.0001584880574502,2013-06-05,0.7281775313976594,0.051193595760864685
0.000443076763449,0.9800974118705628,0.0168449686018799,0.0,0.0026145427641848,2013-06-06,0.7365619527720451,0.008384421374385664
2.967919218048856e-07,0.8958567593463085,0.0721124802328939,0.0,0.03203046362878,2013-06-07,0.6847050517531651,-0.051856901018879964
0.0051507705427484,0.8682816640880722,0.125047501437492,0.0,0.0015200639318978,2013-06-10,0.6569700441815616,-0.02773500757160352
1.1178311743680004e-11,2.0928797117414106e-18,0.9882379272548352,0.0,0.011762072733831,2013-06-11,0.004704829104710714,-0.6522652150768509
0.0017232795391455,0.8801962666335018,0.117505599882463,0.0,0.0005748539446473,2013-06-12,0.6621004210921309,0.6573955919874201
0.0002057519791984,0.9312055186280288,0.0661642988243377,0.0,0.0024244305686378,2013-06-13,0.6995796631776751,0.03747924208554421
0.989056772095364,6.099417652952778e-22,1.5142588730124317e-14,0.0,0.0109432279043426,2013-06-14,0.993434063257101,0.293854400079426
0.0187457356008101,0.979946237679214,0.0001407189391138,0.0,0.00116730778053,2013-06-17,0.7541723369724325,-0.23926172628466857
0.0012915214438622,0.3471854374524805,0.6498608738725352,0.0,0.0016621672309201,2013-06-18,0.2623454664255906,-0.4918268705468419
0.0084995106309536,0.9491058826498422,0.0385671029609056,0.0,0.0038275037584793,2013-06-19,0.7218599241217268,0.45951445769613625
1.3617271884053138e-35,2.252506775020872e-118,0.0351453727271734,0.0,0.964854627273145,2013-06-20,0.38594185090925803,-0.3359180732124688
0.0079102298047292,0.9680223247915346,0.0110977463086082,0.0,0.012969699094942,2013-06-21,0.739114853036357,0.353173002127099
7.459048119452737e-09,5.139508288272278e-10,0.9809389401009652,0.0,0.0190610519258336,2013-06-24,0.007624428614844681,-0.7314904244215124
0.000192872867474,0.9811731429377264,0.0012649662314177,0.0,0.0173690179633746,2013-06-25,0.7430203372561186,0.7353959086412739
0.0056555265508022,2.6397256528324844e-07,0.9845244560599592,0.0,0.0098197534168401,2013-06-26,0.009583625896962203,-0.7334367113591564
0.8290141926429179,0.014248591041566,2.6532815092070563e-08,0.0,0.1567371897825599,2013-06-27,0.9023955118371163,0.8928118859401541
0.8457163260893056,2.1527271269001202e-96,7.314369597974746e-35,0.0,0.1542836739104865,2013-06-28,0.9074297956535002,0.005034283816383933
0.9889398611918602,3.5112170552911104e-27,1.4162789952445046e-07,0.0,0.01105999717994,2013-07-01,0.9933638600638361,0.08593406441033591
0.0023537546299242,0.0760594221777969,0.9201546292935296,0.0,0.0014321938986273,2013-07-02,0.0599711988227228,-0.9333926612411133
1.1850093254752653e-07,6.986200549921194e-10,0.9803143202322756,0.0,0.0196855605680475,2013-07-03,0.007874343252116589,-0.05209685557060621
0.9973373362703069,1.1453046369821395e-07,3.6720749730376215e-06,0.0,0.002658877124453,2013-07-04,0.9984009730179357,0.9905266297658192
0.3304224467718328,0.6553940079078242,0.0140203046868074,0.0,0.0001632406333868,2013-07-05,0.8220332489560557,-0.17636772406188006
7.039526590879208e-05,0.8485827209387962,0.1504164471493411,0.0,0.0009304366461644,2013-07-08,0.6368796106284716,-0.18515363832758402
0.9847456076953042,0.0030277307622868,0.0101410256844758,0.0,0.002085635857739,2013-07-09,0.9878506601101149,0.35097104948164326
1.0689754438981836e-05,1.9783441088710686e-13,0.9973070490630628,0.0,0.0026822611823067,2013-07-10,0.0010835942275100377,-0.9867670658826049
0.865150712069894,2.9418892016594425e-07,4.701323876248463e-11,0.0,0.134848993694031,2013-07-11,0.9190905301891965,0.9180069359616865
0.0779178861371017,0.9085574053593384,1.5464491421402607e-05,0.0,0.0135092440124957,2013-07-12,0.7647396377616038,-0.1543508924275927
0.9342509696525402,2.5309147348643477e-05,0.0615059681188238,0.0,0.0042177530808623,2013-07-15,0.9359570527453966,0.17121741498379284
2.64070755609116e-05,0.8477561296909795,0.1465205445980722,0.0,0.0056969186356633,2013-07-16,0.6381222717980609,-0.29783478094733573
0.0261074708818036,0.9559900312990544,0.0176009927619532,0.0,0.0003015050570831,2013-07-17,0.7432205963789277,0.10509832458086676
0.9988059831850538,2.6496143235757312e-12,9.36989833056592e-07,0.0,0.0011930798229054,2013-07-18,0.9992832151162031,0.2560626187372754
0.1448999875777439,0.2231567565193936,0.6314712857386996,0.0,0.0004719701637401,2013-07-19,0.31245634303278513,-0.686826872083418
0.0171690798985306,0.9363818001395184,0.0462398109458064,0.0,0.0002093090157312,2013-07-22,0.7195391536094619,0.4070828105766767
0.0938762800056132,0.8988164492462264,0.0068872363531869,0.0,0.0004200343949509,2013-07-23,0.7681566306982633,0.048617477088801486
7.627923975516335e-09,0.0028531825214874,0.9664640472002218,0.0,0.0306827626499831,2013-07-24,0.014412999579032765,-0.7537436311192306
1.3480146197420234e-11,1.919015104397404e-18,0.9933704074231382,0.0,0.0066295925630091,2013-07-25,0.0026518370386837877,-0.011761162540348978
0.0007657649694285,1.2736280022619755e-11,0.9978255120292916,0.0,0.0014087229881891,2013-07-26,0.00132925417425635,-0.0013225828644274377
1.8092068888450312e-05,1.9874402045556955e-05,0.9979513745099048,0.0,0.0020106590192512,2013-07-29,0.0008372614781230981,-0.0004919926961332519
2.825388938708536e-14,2.7883385217141903e-39,0.974772047944924,0.0,0.02522795205494,2013-07-30,0.010091180822004253,0.009253919343881156
0.0001553298517563,0.8527044032191039,0.0756082702855712,0.0,0.071531996643278,2013-07-31,0.6682964309233954,0.6582052501013912
5.682409104126171e-09,0.0054754223826995,0.0021350017461565,0.0,0.9923895701891128,2013-08-01,0.40106240054507886,-0.26723403037831656
3.486447265517575e-10,2.1932494542673997e-22,0.2828394126613419,0.0,0.7171605869898455,2013-08-02,0.2868642351445829,-0.11419816540049593
0.0037479397075616,0.878780991463305,0.0198826222740631,0.0,0.0975884465548554,2013-08-05,0.7018690619269825,0.4150048267823996
3.3987093654042885e-39,1.041705710937116e-165,0.283808109083015,0.0,0.7161918909172144,2013-08-06,0.28647675636688574,-0.41539230556009676
0.0002770356598716,0.7395435733707185,0.2207146595953402,0.0,0.0394647313739179,2013-08-07,0.5707206082374777,0.284243851870592
0.9847480827226252,5.883890546312328e-26,2.973871064352553e-06,0.0,0.0152489434063964,2013-08-08,0.9908476600851837,0.42012705184770593
0.0057410385127862,0.9627247460586602,3.9116264453563394e-05,0.0,0.0314950991641756,2013-08-12,0.7403826377224515,-0.25046502236273216
0.8251740660098104,6.15471798119334e-71,8.668716993033261e-19,0.0,0.1748259339906052,2013-08-13,0.8951044396060525,0.15472180188360096
0.0528625146903047,0.8590417509141307,0.0007391252919063,0.0,0.0873566091040309,2013-08-14,0.732086471517515,-0.1630179680885374
2.2105017203163755e-112,0.0,1.836294347077752e-11,0.0,0.99999999998181,2013-08-16,0.399999999992724,-0.33208647152479104
2.201104098382789e-25,4.8593844854613676e-32,0.0001200110280974,0.0,0.9998799889722908,2013-08-19,0.39995199558891636,-4.800440380764437e-05
1.0389509284947003e-09,9.758028290523746e-05,7.41554030443515e-05,0.0,0.9998282632751226,2013-08-20,0.4000044915611789,5.2495972262533996e-05
9.253862692051527e-66,0.0,7.726936719762678e-19,0.0,1.0,2013-08-21,0.4,-4.491561178876502e-06
5.758508287474632e-07,4.9839061468161925e-120,4.874121732336949e-37,0.0,0.999999424149048,2013-08-22,0.40000034551044794,3.45510447918862e-07
0.0025623516027368,0.0046836603279092,4.195105210505368e-09,0.0,0.9927539838746116,2013-08-23,0.40317669039851334,0.0031763448880653966
0.0002207738201439,0.6713103550265975,0.004088142930048,0.0,0.3243807282234722,2013-08-26,0.6334558313794809,0.23027914098096758
9.68757618417762e-69,1.0276879307973421e-290,3.6277878198370098e-06,0.0,0.999996372212295,2013-08-27,0.39999854888491804,-0.23345728249456288
3.519858254704841e-37,2.380902714847257e-16,1.2922771446493729e-24,0.0,1.0,2013-08-28,0.4000000000000002,1.4511150821516772e-06
0.0003976902286927,1.3451185284791894e-62,5.6179602220436305e-31,0.0,0.9996023097711024,2013-08-29,0.4002386141371337,0.0002386141371334971
2.2107323018457562e-07,6.165781404396888e-11,1.6587325131735774e-14,0.0,0.9999997788654826,2013-08-30,0.40000013266566664,-0.00023848147146704468
0.0825653097079439,3.664619631056338e-44,5.054857050485845e-14,0.0,0.9174346902917888,2013-09-02,0.44953918582465946,0.04953905315899282
7.965454351959825e-134,0.0,2.0886751069189395e-20,0.0,1.0,2013-09-03,0.4,-0.04953918582465944
8.113506521265512e-07,2.567313550860691e-38,6.535430155535505e-27,0.0,0.9999991886492008,2013-09-04,0.40000048681033246,4.868103324340289e-07
1.8783753717255788e-06,1.5860142618877731e-09,6.9271518539972e-21,0.0,0.9999981200389292,2013-09-05,0.4000011275804541,6.407701216293304e-07
4.40873775346095e-06,1.8361509778800195e-11,2.7555895413811925e-16,0.0,0.9999955912441562,2013-09-06,0.40000264524918705,1.517668732964328e-06
4.414506997140405e-05,0.0,7.098980052545818e-86,0.0,0.999955854930148,2013-09-10,0.40002648704203064,2.3841792843593e-05
0.0003063095494102,0.947192350208506,0.0007860637334732,0.0,0.051715276508731,2013-09-11,0.7313866828092821,0.33136019576725145
1.0917677606780676e-11,2.718853043763939e-32,0.9518723243268536,0.0,0.0481276756619695,2013-09-12,0.019251070275705478,-0.7121356125335766
0.0030663340900467,0.9187949972026708,0.0645139655690269,0.0,0.0136247031385422,2013-09-13,0.6976124632474667,0.6783613929717612
5.039937894188901e-11,4.182235506211166e-26,1.422577405711478e-05,0.0,0.9999857741752362,2013-09-16,0.3999943097204938,-0.2976181535269729
0.0664812559097665,0.8651765978090147,0.0382158085810411,0.0,0.0301263377003335,2013-09-17,0.7274142393466609,0.3274199296261671
0.0177568220497514,0.9164472183356924,0.0001531948903502,0.0,0.065642764724349,2013-09-18,0.7313493416912603,0.003935102344599373
5.068409387217167e-08,4.115168184659732e-33,1.0633323621619842e-39,0.0,0.9999999493156806,2013-09-19,0.40000003041036614,-0.3313493112808942
3.741825915400046e-37,5.184563068069854e-26,8.898064009706937e-11,0.0,0.9999999999108696,2013-09-20,0.3999999999643479,-3.0446018262075825e-08
4.291352378842809e-20,3.08814120581495e-10,0.000291987656439,0.0,0.9997080120343906,2013-09-23,0.39988320504536684,-0.00011679491898103356
0.0133310684328271,0.5688588893010967,0.0795635849974035,0.0,0.3382464572688619,2013-09-24,0.5752738183161944,0.17539061327082756
6.738411581393014e-06,0.906907540383734,0.0210725266420368,0.0,0.0720131945626833,2013-09-25,0.7089926715244552,0.13371885320826082
0.0167304538032884,0.9468645580580208,0.0361665548177899,0.0,0.0002384333208459,2013-09-26,0.7269742456751423,0.01798157415068713
1.576638320580232e-08,1.720838412871003e-39,0.996675718243014,0.0,0.0033242659906395,2013-09-27,0.0013297221626390058,-0.7256445235125033
6.318266105776146e-14,1.407883211457376e-25,0.9786119510363857,0.0,0.0213880489639347,2013-09-30,0.008555219585637062,0.007225497422998057
0.0111160477024263,0.9812075662384372,8.929950662013858e-05,0.0,0.0075870865525138,2013-10-01,0.7500565570022597,0.7415013374166226
0.9704520825587936,1.8722569238823817e-58,7.674029752485727e-25,0.0,0.0295479174407946,2013-10-03,0.9822712495351114,0.23221469253285165
0.00424062901643,0.9737045178815674,0.0217599214524897,0.0,0.0002949316495222,2013-10-04,0.7346369900874143,-0.247634259447697
0.0003643266905265,0.9810133384270772,0.0142866249322533,0.0,0.0043357099496884,2013-10-07,0.7378586144907098,0.003221624403295431
0.8847876263246213,5.7804135549518884e-08,0.0465402677733414,0.0,0.068672048097528,2013-10-08,0.9122564889167342,0.1743978744260244
0.7672628872589743,8.812947936686274e-98,3.2117260135314945e-18,0.0,0.2327371127411289,2013-10-09,0.8603577323554259,-0.05189875656130827
0.0327809530000833,0.952450188014771,0.0137341391263111,0.0,0.0010347198592349,2013-10-10,0.7475324819548556,-0.11282525040057034
0.1159831951628119,0.8798484221205561,4.393791821022515e-05,0.0,0.004124444798003,2013-10-11,0.7775192896724301,0.02998680771757456
0.0768737557566252,0.8735715500475077,0.0494382060211293,0.0,0.0001164881750707,2013-10-14,0.7320990135622844,-0.04542027611014576
8.564460791592262e-05,1.0048780756387861e-08,0.99298261792907,0.0,0.0069317274143283,2013-10-15,0.0028583431102328105,-0.7292406704520515
1.259747057700862e-05,2.6410286164426897e-11,0.9959721037121532,0.0,0.0040152987909914,2013-10-17,0.0016187170067812832,-0.0012396261034515273
0.9299601343047728,1.2723584983315229e-143,6.161499180745986e-35,0.0,0.070039865695383,2013-10-18,0.9579760805829259,0.9563573635761446
0.0406606099526385,0.9394942593413692,0.0193113447292163,0.0,0.0005337859764581,2013-10-21,0.7454948188492487,-0.2124812617336772
0.0377105497079183,0.8966231451514383,0.0654823809396122,0.0,0.0001839242013036,2013-10-22,0.7102514782520184,-0.03524334059723033
1.0672402755440476e-05,0.9313518794998176,0.0546190463152263,0.0,0.0140184017817545,2013-10-23,0.7041319427403204,-0.006119535511697971
4.906643344968092e-06,0.9483577622766411,0.0130030444710748,0.0,0.0386342866093443,2013-10-24,0.7267269429945635,0.022595000254243103
0.0060259842766039,0.8856710161186466,0.1080392025344438,0.0,0.0002637970703368,2013-10-25,0.6703847651937236,-0.05634217780083994
1.3304721335578966e-05,2.9681203636314345e-14,0.9915135856533313,0.0,0.0084731096250013,2013-10-28,0.00340254857135836,-0.6669822166223652
0.7289042692779379,7.641841939866917e-72,1.0049750483941851e-24,0.0,0.2710957307218492,2013-10-29,0.8373425615666776,0.8339400129953193
0.1196875090507298,0.8713281095080022,0.0079791012069557,0.0,0.0010052802345508,2013-10-30,0.7735857032755518,-0.06375685829112587
0.9973971689589872,2.384463038340104e-27,1.151306763508322e-05,0.0,0.002591317973481,2013-10-31,0.9984336961483796,0.22484799287282786
0.0351926880072957,0.9315635959220558,0.033216471994312,0.0,2.7244076460905084e-05,2013-11-01,0.733876282579422,-0.2645574135689577
0.0002116867820147,0.3407911201085768,0.6579833059925579,0.0,0.0010138871172277,2013-11-05,0.25621058171033845,-0.4776657008690835
0.0002693019476843,5.219604278891675e-10,0.9976788543682604,0.0,0.0020518431619086,2013-11-06,0.001090039603918061,-0.2551205421064204
1.5174205640023836e-05,0.2534616526410976,0.6922192736229814,0.0,0.0543038995301108,2013-11-07,0.21183297349850755,0.21074293389458948
0.0002504675538378,0.3778650549627825,0.6184958080922327,0.0,0.0033886693911276,2013-11-08,0.28500472653237574,0.07317175303386819
7.109170574073508e-06,0.252099354876439,0.7442775100150562,0.0,0.0036160259380031,2013-11-11,0.19052803570310453,-0.09447669082927121
2.925130546416284e-09,4.237545471533194e-25,0.9965853029042132,0.0,0.0034146941702986,2013-11-12,0.0013658805932499866,-0.18916215510985454
0.0004402470971865,0.8905394899092828,0.1079756395487521,0.0,0.0010446234448736,2013-11-13,0.668762713907098,0.667396833313848
0.1199377430963384,0.8783138778347723,5.013020420668905e-05,0.0,0.0016982488644287,2013-11-14,0.7793524510181892,0.11058973711109121
0.9849399214436174,9.322374708027426e-61,1.2249659634633589e-21,0.0,0.0150600785566446,2013-11-18,0.9909639528662753,0.21161150184808608
0.0576095719821602,0.8995697012838237,0.0427518914590119,0.0,6.883527533566852e-05,2013-11-19,0.7323143820551623,-0.25864957081111295
8.317527676665651e-11,1.0665819911407751e-16,0.9916677987804882,0.0,0.0083322011364791,2013-11-20,0.003332880537766997,-0.7289815015173953
2.828728925946449e-23,3.472699863431841e-91,0.9437807493599591,0.0,0.0562192506403345,2013-11-21,0.0224877002561338,0.019154819718366804
0.0085846152958552,0.8182894069610429,0.1701516562309065,0.0,0.0029743215119652,2013-11-22,0.6234913991214235,0.6010036988652897
0.9941683366690746,4.139630994318569e-65,5.522209254933064e-20,0.0,0.0058316633308165,2013-11-25,0.9965010020014011,0.37300960287997764
4.570241405744325e-05,9.6541361229222e-05,0.9981600245154258,0.0,0.0016977317092614,2013-11-26,0.0007972011186839198,-0.9957038008827173
0.0364479921866046,0.8744538810582861,0.0888873662182681,0.0,0.0002107605366097,2013-11-27,0.692372707194963,0.6915755060762792
0.1097478555965175,0.8775770625259324,0.0125042762486896,0.0,0.0001708056287243,2013-11-28,0.7679989747424564,0.07562626754749335
0.9979767116722116,2.916083268333454e-53,1.3431702397795466e-12,0.0,0.0020232883260542,2013-11-29,0.9987860270026333,0.23078705226017693
0.999003318152662,3.1658604071894377e-13,0.0004518942302427,0.0,0.0005447876164466,2013-12-02,0.9992212331994781,0.000435206196844784
0.0296051280819834,0.8918430429558667,0.0784939886047332,0.0,5.784035750572434e-05,2013-12-03,0.6985105464418857,-0.3007106867575924
0.0011313891656483,0.5706672405460275,0.4270519982553453,0.0,0.0011493720325408,2013-12-04,0.42959156838818524,-0.26891897805370046
0.1719213238515861,0.8239303420845306,8.627704288663875e-06,0.0,0.0041397063593001,2013-12-05,0.7915249629587041,0.3619333945705189
0.3763730289290162,0.5261932879596941,0.0969984394988708,0.0,0.0004352436121762,2013-12-06,0.7711920923436573,-0.02033287061504685
0.9960051624509572,9.022390269463652e-13,3.1933240207084285e-10,0.0,0.0039948372286733,2013-12-09,0.9976030973431032,0.2264110049994459
0.0028184505597551,0.8893740303245388,0.1076873423277856,0.0,0.0001201767874779,2013-12-10,0.6698970440181503,-0.32770605332495284
0.0080671906170998,0.8494173044089856,0.142354612640017,0.0,0.0001608923339516,2013-12-11,0.6451945258574197,-0.024702518160730658
8.202775368185717e-06,1.7592935471568985e-06,0.9969515308347592,0.0,0.0030385070965573,2013-12-12,0.0012249250841514735,-0.6439696007732681
0.0001091310779296,0.0005242384769185,0.9890560233943356,0.0,0.0103106070504081,2013-12-13,0.004626552755781716,0.0034016276716302423
0.0149666675263657,0.8629616964228418,0.121981471554924,0.0,9.016449570297312e-05,2013-12-16,0.6622240056417782,0.6575974528859965
0.0269974954413899,3.25952424408247e-05,0.9719556657366508,0.0,0.0010142435794902,2013-12-17,0.0274276393050166,-0.6347963663367616
0.993161718133652,1.1999367471497082e-53,1.23683127866917e-12,0.0,0.0068382818652075,2013-12-18,0.9958970308797349,0.9684693915747183
3.515657050436682e-09,3.8549025811278425e-46,0.9923487477451034,0.0,0.0076512487388322,2013-12-19,0.0030605030111899305,-0.9928365278685449
0.9917484919497986,1.4658195978478479e-63,4.61963644640233e-19,0.0,0.0082515080502902,2013-12-20,0.9950490951699147,0.9919885921587247
0.0262315697432994,0.9476034801906296,0.0261373412940552,0.0,2.7608771907893345e-05,2013-12-23,0.7369452233950348,-0.2581038717748799
0.0863234608228976,0.0194723792029461,0.892761514966824,0.0,0.0014426450073349,2013-12-24,0.10150480322804113,-0.6354404201669936
0.055724517547134,0.8934495479303041,0.0506852893790653,0.0,0.0001406451433851,2013-12-26,0.725867936552216,0.6243631333241749
0.2879046234878229,0.6770230512550051,0.0347990390666419,0.0,0.0002732861902981,2013-12-27,0.795781226405196,0.06991328985297995
0.005152538807317,9.841196215680086e-06,0.993293378943359,0.0,0.0015442410534843,2013-12-30,0.00577761612587248,-0.7900036102793235
0.045081940506131,0.8596798048465041,0.091705215412748,0.0,0.0035330392345712,2013-12-31,0.6912550098348376,0.6854773937089651
9.201198441426694e-16,2.040941514513564e-18,0.4287373962121823,0.0,0.57126260378778,2014-01-02,0.22850504151511294,-0.4627499683197246
0.0072532206857084,0.9319442016028532,0.0595346518389163,0.0,0.0012679258725631,2014-01-03,0.7067185422368736,0.4782135007217606
0.0143420419416881,0.2722212480566623,0.7130371280176558,0.0,0.0003995819836177,2014-01-06,0.2186678107776319,-0.4880507314592417
0.0008713076200569,0.0026898384965838,0.9941158694445008,0.0,0.0023229844391501,2014-01-07,0.00381788026815479,-0.2148499305094771
0.0931305948267118,0.834327178029623,0.0723208146711024,0.0,0.0002214124724684,2014-01-08,0.7189645433379164,0.7151466630697616
0.0281377361592134,0.9037030871112792,0.0680144890977828,0.0,0.0001446876314848,2014-01-09,0.7059729265452668,-0.012991616792649596
0.0001465105773764,0.9891494615676132,0.0065317372541244,0.0,0.0041722906008516,2014-01-10,0.7436775229934268,0.037704596448160044
0.9966309048819966,3.8756971311081773e-53,3.3975234553806212e-16,0.0,0.0033690951179156,2014-01-13,0.9979785429291628,0.25430101993573595
0.0046191738314905,0.9042303011056484,0.0910896668812226,0.0,6.085818183328258e-05,2014-01-14,0.68281624293346,-0.3151622999957028
0.997222125452248,1.057837172241247e-28,9.972189026973561e-09,0.0,0.0027778645756027,2014-01-15,0.998333271282489,0.31551702834902906
0.0339206385593376,0.8633765525368697,0.1026666493964328,0.0,3.615950695581656e-05,2014-01-16,0.6814675167647722,-0.3168657545177168
6.0657325206881385e-06,0.0002004161700105,0.997949460736258,0.0,0.0018440573608309,2014-01-17,0.0008940008043609232,-0.6805735159604113
0.996055202710933,3.486378521665096e-05,0.0023109217394638,0.0,0.0015990117641298,2014-01-20,0.9967209552554974,0.9958269544511364
0.0738854955090386,0.8858316181106527,0.040234799828221,0.0,4.808655252189559e-05,2014-01-21,0.7382784437130367,-0.2584425115424607
0.2289015052255313,0.7440481373107636,0.0263552628403061,0.0,0.0006950946236183,2014-01-22,0.7872156460580514,0.04893720234501464
0.0481716402517719,0.8624001802276303,0.0881013329788423,0.0,0.001326846541727,2014-01-23,0.6955025140391855,-0.09171313201886588
1.3376468569290622e-06,0.0288701180185677,0.685514939333431,0.0,0.2856136050008091,2014-01-24,0.13589936816110637,-0.5596031458780791
8.895289530679985e-13,1.2368334150859997e-21,0.0983931858195188,0.0,0.9016068141795136,2014-01-27,0.36064272567269495,0.22474335751158858
0.000458302260019,0.9636855156179608,0.0250567220726931,0.0,0.0107994600490923,2014-01-28,0.7275422229931265,0.3668994973204316
0.106182615504064,2.965335033269416e-05,0.8898047525985269,0.0,0.0039829785471098,2014-01-29,0.10779804693565745,-0.6197441760574691
0.0007836856956734,0.8662879424245157,0.1315268589695013,0.0,0.0014015129106662,2014-01-30,0.6510602476783267,0.5432622007426693
0.0621743844853168,0.8785091305674096,0.0592138359214144,0.0,0.0001026490259377,2014-01-31,0.7210972920212491,0.07003704434292235
2.538178584488478e-10,1.2593150248771535e-16,0.993386201539284,0.0,0.0066137982072276,2014-02-03,0.002645519536708993,-0.7184517724845401
0.0817772369617113,1.4800289243471685e-07,0.8895075302402732,0.0,0.0287150847951779,2014-02-04,0.0932633818819518,0.0906178623452428
0.0214044739832112,0.9704508066356144,0.0076066228085559,0.0,0.0005380965725885,2014-02-05,0.7494578175889575,0.6561944357070056
0.0031738074237209,0.9869759935845844,0.0077810191828124,0.0,0.0020691798086594,2014-02-06,0.7442334745356229,-0.005224343053334524
0.0656127627402387,0.9234290470680248,0.0107998434481645,0.0,0.0001583467435779,2014-02-07,0.7582478867386884,0.01401441220306543
0.0464286449613078,0.7850447504751181,0.1682551882424293,0.0,0.0002714163214891,2014-02-10,0.635320774346242,-0.12292711239244636
0.068802422375157,0.8780539809993968,0.0529996878352484,0.0,0.0001439087904399,2014-02-11,0.7274004716408805,0.0920796972946385
0.0800262691309174,0.8638086819331576,0.0560392165997689,0.0,0.0001258323360369,2014-02-12,0.7279331135152004,0.0005326418743198946
2.0484158198274175e-14,2.227569703687848e-62,0.9928986858595192,0.0,0.0071013141404534,2014-02-13,0.002840525656201844,-0.7250925878589985
0.0682514034598221,0.93062029293377,0.000432181495264,0.0,0.0006961221109595,2014-02-14,0.7664950720045334,0.7636545463483315
0.9986719617887946,1.279716756792455e-16,9.72714251797302e-09,0.0,0.0013280284843208,2014-02-18,0.999203173182523,0.23270810117798968
0.2425766213305149,0.7093232088020796,0.0480175073569514,0.0,8.266251074681633e-05,2014-02-19,0.7746020929363733,-0.22460108024614978
9.329577818219303e-05,1.2056111064934164e-08,0.9971137097687366,0.0,0.0027929823968756,2014-02-20,0.0012104977790157317,-0.7733915951573576
0.9981739984243754,2.7519551632752925e-21,2.4626697863684958e-06,0.0,0.0018235389062376,2014-02-21,0.9989034139868704,0.9976929162078547
0.9934202709038428,8.905600808606142e-09,0.0059312879613452,0.0,0.0006484322291439,2014-02-24,0.993679650474701,-0.005223763512169466
0.0673465724647197,0.9012526810997716,0.0313740756452056,0.0,2.667079015148917e-05,2014-02-25,0.743296751605609,-0.25038289886909193
0.9934791004854538,5.335075607163345e-08,0.0055698002489984,0.0,0.0009510459145608,2014-02-26,0.9938595588643453,0.25056280725873625
0.9982471289972198,1.157026090882897e-18,0.0011442631363287,0.0,0.0006086078660535,2014-02-28,0.9984905721436412,0.004631013279295937
4.743060725591378e-05,4.0100252422853896e-06,0.9993312988373328,0.0,0.0006172605304031,2014-03-03,0.00029734233834886783,-0.9981932298052923
0.9877691569005488,4.218271170181274e-70,1.9608006986200546e-12,0.0,0.0122308430976573,2014-03-04,0.9926614941396117,0.9923641518012628
0.0909013256041627,0.8973265841058293,0.0116820276883042,0.0,9.006260204229332e-05,2014-03-05,0.7639322887243516,-0.2287292054152601
0.9987265143570542,5.535949801504795e-22,1.1223675417651721e-07,0.0,0.0012733734061245,2014-03-06,0.999235863719504,0.23530357499515242
0.994691439628648,3.5853445738078956e-115,4.7625120392576117e-26,0.0,0.0053085603715457,2014-03-07,0.9968148637772664,-0.002420999942237656
0.6565884650226439,0.0012718760268591,0.3386274846140729,0.0,0.0035121743365533,2014-03-10,0.6589472417774095,-0.33786762199985687
0.0017753536681999,0.8750132264551428,0.1229385613939081,0.0,0.0002728584824876,2014-03-11,0.6581444169025521,-0.0008028248748573885
0.0211613860409418,0.9421938325595914,0.0364885867661245,0.0,0.0001561946337484,2014-03-12,0.7278692383141346,0.06972482141158254
0.0002275849917783,0.9235497035053952,0.0746004868666347,0.0,0.0016222246358676,2014-03-13,0.6935387524751718,-0.03433048583896281
0.6437734966852234,1.6834315768846332e-08,0.3321828250178164,0.0,0.0240436614623489,2014-03-14,0.6533909738958998,-0.04014777857927199
0.0068304416070345,0.9831718761640872,0.0095872559459391,0.0,0.0004104262830686,2014-03-18,0.7443735192433274,0.09098254534742756
0.0646594351887126,0.8662859077456558,0.0689172180358607,0.0,0.0001374390293239,2014-03-19,0.714428841609684,-0.02994467763364339
0.0037415321699822,0.6175440201550755,0.3779939539917657,0.0,0.0007204936828799,2014-03-20,0.46718774475944075,-0.24724109685024326
0.1946127892260754,0.6497461808271394,0.1553708442759342,0.0,0.000270185670486,2014-03-21,0.6820304991146243,0.21484275435518357
0.9984642697474252,5.939471609930174e-45,7.879955628685691e-12,0.0,0.0015357302443978,2014-03-24,0.9990785618451843,0.31704806273055997
0.6028070241693573,2.5672061069864678e-06,0.3960063040431087,0.0,0.0011841045818635,2014-03-25,0.6032825914066829,-0.39579597043850134
0.0482341362815399,0.9204647962066952,0.031220917876788,0.0,8.014963474080126e-05,2014-03-26,0.7386147932904576,0.1353322018837747
0.0986568794702184,0.8986699892323937,0.0020515119234297,0.0,0.000621619373694,2014-03-27,0.7729080191439913,0.03429322585353367
0.1566818347684888,0.8418337018344476,0.0010637528995585,0.0,0.0004207104978535,2014-03-28,0.7882253953434658,0.015317376199474486
0.0145536085297312,0.9634691178371664,0.0218090779760876,0.0,0.0001681956572678,2014-03-31,0.737222725170513,-0.05100267017295279
0.0475937400167931,0.924134352813388,0.0280727517889088,0.0,0.0001991553812482,2014-04-01,0.7407741667793334,0.0035514416088203715
0.1025125831345858,0.8709475521529084,0.0263670575390033,0.0,0.0001728071739045,2014-04-02,0.7557923701188289,0.01501820333949555
0.0040810774436689,0.584545290889624,0.4107971471654124,0.0,0.0005764845012519,2014-04-03,0.44272063941138773,-0.3130717307074412
0.0004664083659713,3.5126706429216005e-13,0.9977457535329104,0.0,0.0017878381011788,2014-04-04,0.0011815436067062705,-0.4415390958046815
0.0071090177473712,0.9412972790850912,0.0512047209177118,0.0,0.000388982249471,2014-04-07,0.713237569960978,0.7120560263542717
0.9960328185367108,1.3605168150358477e-21,9.227272706224674e-12,0.0,0.0039671814542613,2014-04-09,0.9976196911184153,0.28438212115743733
0.0468071889137128,0.9026622501595244,0.0504714387917919,0.0,5.9122134606147694e-05,2014-04-10,0.7238275253871985,-0.2737921657312168
0.0089484778127994,0.8764118948389884,0.1145679746996308,0.0,7.165264889345755e-05,2014-04-11,0.6662860600015981,-0.057541465385600454
6.655042287258926e-06,4.811208318569229e-08,0.9984528314990836,0.0,0.0015404653464129,2014-04-15,0.0006228772649148083,-0.6656631827366832
6.057372881224026e-06,1.9932736377161161e-07,0.9989086977586662,0.0,0.0010850455409673,2014-04-16,0.0004402250847909728,-0.0001826521801238355
0.998403569485477,1.2951004892469383e-46,2.6061078612695302e-14,0.0,0.0015964305148788,2014-04-17,0.9990421416914286,0.9986019166066376
0.9495091853160232,0.0237560463154739,0.0261958611911894,0.0,0.0005389071773913,2014-04-21,0.9675417829235852,-0.031500358767843406
0.0548534310701597,0.8906082141024302,0.0544811874103971,0.0,5.716741712352461e-05,2014-04-22,0.7228324586138317,-0.24470932430975345
0.0700409950501839,0.8996015383736607,0.0302885343873933,0.0,6.893218916021661e-05,2014-04-23,0.7447697217060936,0.02193726309226185
1.88738864601633e-07,1.5597370109694883e-24,0.99818812354109,0.0,0.0018116877203567,2014-04-25,0.0007248638270072816,-0.7440448578790863
0.0148182187353184,0.8190114412685013,0.1660464488770758,0.0,0.000123891118776,2014-04-28,0.6291263561342048,0.6284014923071974
8.880078541165142e-05,7.674238161350227e-13,0.9976263389900136,0.0,0.0022848602234114,2014-04-29,0.0010027448753517794,-0.628123611258853
1.866467522520196e-06,0.9447365071385287,0.0168640521018261,0.0,0.038397574291978,2014-04-30,0.7239132765382102,0.7229105316628585
0.0276771509489257,0.9162015510907467,0.0558754732122765,0.0,0.0002458247481183,2014-05-02,0.7149266441662331,-0.008986632371977166
0.0192624566584137,0.945567467540568,0.0350274169912036,0.0,0.0001426588096963,2014-05-05,0.7284951208377183,0.013568476671485197
0.0577829245754433,0.8838904959192025,0.0582491887516146,0.0,7.739075397033494e-05,2014-05-06,0.7207317528164333,-0.0077633680212849665
2.50135537717098e-06,1.0374521371768505e-13,0.9983640792599848,0.0,0.0016334193848704,2014-05-07,0.00065586910940314,-0.7200758837070301
0.011481461906572,0.9197707823926464,0.0643208717078141,0.0,0.0044268839929312,2014-05-08,0.7030803022982293,0.7024244331888261
4.664599984896363e-06,0.0,1.3760230532948444e-74,0.0,0.9999953353999098,2014-05-09,0.4000027987599488,-0.30307750353828045
0.0043977450870276,6.025105127475252e-222,1.4510057736365434e-41,0.0,0.9956022549130366,2014-05-12,0.4026386470522423,0.0026358482922934634
0.0172438910652029,0.47538291338512,6.876570062201873e-08,0.0,0.507373126784389,2014-05-13,0.5767303268177986,0.17409167976555628
0.0185070336464077,0.9359645061249448,0.0419500672967028,0.0,0.0035783929323863,2014-05-14,0.7219117704130708,0.14518144359527219
0.0061720529259854,0.962076494865205,0.0253454184404578,0.0,0.0064060337685963,2014-05-15,0.7302918375823276,0.008380067169256877
4.745530259097802e-85,2.9573838362192484e-49,6.601005070357819e-77,0.0,1.0,2014-05-16,0.4,-0.3302918375823276
0.0110047413345553,0.8974015350998021,5.252562401780111e-05,0.0,0.0915411979416839,2014-05-19,0.7206723718360805,0.32067237183608044
0.002423844888361,0.9838023937478804,0.0083824184540177,0.0,0.0053913429094421,2014-05-20,0.7424321773630481,0.021759805526967657
0.0012929015353643,0.9308093560036814,0.0674934160566443,0.0,0.0004043264040331,2014-05-21,0.6995616490997386,-0.042870528263309504
0.0420779947485029,0.9387885177387376,0.0184639908253198,0.0,0.0006694966871837,2014-05-22,0.7464371817274296,0.04687553262769095
0.8630298376776211,2.1219064534241446e-10,5.176752930734099e-07,0.0,0.1369696444346805,2014-05-23,0.9178176956106363,0.17138051388320674
2.047441217803856e-20,8.023772056720178e-08,8.729915800684897e-12,0.0,0.9999999197534668,2014-05-26,0.40000002807967716,-0.5178176675309591
0.0002026752863753,0.2752670933280485,0.5421004672144841,0.0,0.1824297641713104,2014-05-27,0.27962490095093584,-0.12037512712874132
0.0499537798753625,0.8732821371294067,0.0755846588244217,0.0,0.0011794241704994,2014-05-28,0.7053871523906173,0.4257622514396815
7.005629098143455e-11,2.452450664229608e-32,0.9684976534480692,0.0,0.0315023464819836,2014-05-29,0.01260093866284973,-0.6927862137277676
8.070578801979804e-08,0.4914218031902015,0.0008858707345644,0.0,0.5076922453690704,2014-05-30,0.5716433312460674,0.5590423925832176
0.8801832109808191,3.3605395686275545e-39,1.3929874076204517e-17,0.0,0.1198167890187928,2014-06-02,0.9281099265883362,0.3564665953422689
0.5998476541658279,0.3888376811935846,0.0015873945512495,0.0,0.0097272700892945,2014-06-03,0.8953668230967341,-0.032743103491602144
0.0244208138125765,0.9087174440329788,0.066724322633157,0.0,0.0001374195210775,2014-06-04,0.7060138646457417,-0.18935295845099243
0.9760126655491932,3.6781451967579383e-09,2.293844065220106e-06,0.0,0.0239850369290234,2014-06-05,0.9856066830794115,0.2795928184336698
0.9944729453434628,5.031910523350709e-09,5.476080332490694e-09,0.0,0.0055270441482844,2014-06-06,0.9966837667767094,0.011077083697297985
0.1009110381025202,0.8982310440543033,6.194222131850595e-05,0.0,0.0007959756221445,2014-06-09,0.7749027113921055,-0.2217810553846039
0.0009475440754416,0.9832664209272794,0.0150085622668072,0.0,0.0007774727305622,2014-06-10,0.7387083488631262,-0.03619436252897934
0.0003640947749778,0.5444598725370912,0.4480376174239658,0.0,0.0071384152638942,2014-06-11,0.41156436528335383,-0.32714398357977237
0.0385280863361035,0.9272404653467102,0.033956696745437,0.0,0.000274751571564,2014-06-12,0.7340683359747617,0.3225039706914079
3.1356211137333983e-17,3.6725348976920516e-81,0.9757599444947757,0.0,0.024240055504932,2014-06-13,0.009696022201972831,-0.7243723137727889
0.021556298412809,0.8699924439188664,0.1080436873293521,0.0,0.000407570338916,2014-06-16,0.6742136594875252,0.6645176372855524
0.9825271474141908,5.70015541893741e-54,5.829828753248843e-13,0.0,0.0174728525850723,2014-06-17,0.9895162884482197,0.3153026289606945
1.4298905452762502e-09,8.988120534542804e-09,0.9553612077601782,0.0,0.0446387818221397,2014-06-18,0.017855520899836826,-0.9716607675483829
0.000779515116397,0.8314922447576922,0.1642578158040045,0.0,0.0034704243216149,2014-06-19,0.6257868684133121,0.6079313475134753
0.0125423549986649,0.5549778234222225,0.4317432775385655,0.0,0.0007365440408461,2014-06-20,0.4290703401816702,-0.19671652823164193
0.0006709982619438,0.9465423537087232,0.0524353933823518,0.0,0.0003512546470529,2014-06-23,0.7107182654023074,0.28164792522063725
0.9986980873734292,4.173776752526024e-20,1.4658603023254981e-07,0.0,0.0013017660409301,2014-06-24,0.9992187937898013,0.28850052838749385
0.0382738940822233,0.8408631926990284,0.1208173811839326,0.0,4.5532034582251874e-05,2014-06-25,0.6689395014203274,-0.33027929236947384
1.433214134679654e-06,2.0219799453435674e-10,0.9980513414178436,0.0,0.0019472251659294,2014-06-26,0.0007803234321549356,-0.6681591779881725
0.0577465597886129,0.8904646083150856,0.0516649657502121,0.0,0.0001238661460643,2014-06-27,0.7256445624833527,0.7248642390511978
0.9985356815560532,7.428346932609663e-30,1.7869054939799248e-10,0.0,0.0014643182649094,2014-06-30,0.999121408862017,0.2734768463786642
0.0940209243431725,0.8702828763639404,0.0356563463208611,0.0,3.985297161995531e-05,2014-07-01,0.7467490228047757,-0.2523723860572412
0.9973001708230574,8.350962465098017e-06,3.131589416343865e-05,0.0,0.0026601623202542,2014-07-02,0.9983704989730079,0.25162147616823216
0.0277911744240205,0.9156320168785388,0.0565239750720316,0.0,5.283362533720524e-05,2014-07-03,0.7145363205330594,-0.2838341784399485
0.0232096586223323,0.973813921449336,0.0022492413197211,0.0,0.0007271786086,2014-07-04,0.7538609711527742,0.039324650619714796
0.0368044590562954,0.9201694653783968,0.0371544103447933,0.0,0.005871665220899,2014-07-07,0.7292802241784526,-0.024580746974321555
1.8230458951792647e-36,9.549805637364954e-186,0.069213256168401,0.0,0.930786743832032,2014-07-08,0.3723146975328128,-0.3569655266456398
3.483672053353457e-05,0.0011446554180987,0.2423001754141661,0.0,0.7565203324471589,2014-07-09,0.3035014612629711,-0.0688132362698417
9.946548642174204e-28,9.811852053076639e-11,3.8650190971538837e-16,0.0,0.9999999999017746,2014-07-10,0.40000000003429875,0.09649853877132764
2.4215520814312823e-19,2.8505441235049676e-54,0.091223002550265,0.0,0.9087769974493146,2014-07-11,0.3635107989797259,-0.03648920105457287
0.0123323387708763,0.9558585980872892,0.0291798851799414,0.0,0.002629177961741,2014-07-14,0.7302779585210396,0.3667671595413137
0.5014245309217948,0.496751485793932,0.0003184918678454,0.0,0.0015054914161405,2014-07-15,0.8745903418337001,0.1443123833126605
0.9931657678142188,3.508070766515588e-05,1.559554955934568e-07,0.0,0.0067989955229723,2014-07-16,0.9959116765541566,0.12132133472045648
0.3975415095007509,0.4653395000159823,0.1366881561278061,0.0,0.0004308343554081,2014-07-17,0.7467184682549007,-0.24919320829925584
0.0255962957750404,0.964954506804906,0.0091141920046183,0.0,0.0003350054155567,2014-07-18,0.7494461780449426,0.002727709790041888
0.0671024815749841,0.9011685900599776,0.0316571072775881,0.0,7.182108752761488e-05,2014-07-21,0.7430076525549784,-0.006438525489964264
0.9984288012714752,8.962470272278308e-18,1.4817690921664054e-06,0.0,0.0015697169591323,2014-07-22,0.999056688055128,0.2560490355001497
0.0840322413139955,0.8954132739889277,0.0204976523665338,0.0,5.683233069045555e-05,2014-07-23,0.7556149297379675,-0.24344175831716053
0.4092453624943813,0.5528238092610175,0.0373767280517318,0.0,0.0005541001931077,2014-07-24,0.8240848595173876,0.06846992977942012
0.0003664175144369,0.6776085358627216,0.3216648227549634,0.0,0.0003602238680992,2014-07-25,0.5087169089587178,-0.31536795055866984
0.0025448528331701,0.0166294026731148,0.9796761554801456,0.0,0.0011495890138554,2014-07-28,0.01547674044354836,-0.49324016851516944
0.5149624034964475,0.4619573680278097,0.0207490150714225,0.0,0.0023312134043809,2014-07-30,0.8623629148790571,0.8468861744355087
3.5782448382784016e-06,2.961491814107421e-15,0.9969164231310554,0.0,0.0030799986244019,2014-07-31,0.0012355776946012596,-0.8611273371844559
9.510384806937919e-11,6.255027623248978e-05,0.9004011557076174,0.0,0.0995362939208362,2014-08-01,0.0398614303706127,0.038625852676011437
0.9861081308037596,0.002967893739918,8.090167409129068e-05,0.0,0.0108430737823808,2014-08-04,0.9926712806216504,0.9528098502510377
0.019667231361258,0.978998751765627,5.575298142969699e-05,0.0,0.0012782638912789,2014-08-05,0.7544276007419899,-0.23824367987966055
1.3901052580495863e-05,8.980800442475437e-07,0.9975895234702644,0.0,0.0023956773971397,2014-08-06,0.0009728455714695616,-0.7534547551705203
0.003286467142827,0.8892604808453556,0.1068770905960801,0.0,0.0005759614158751,2014-08-07,0.6704622123431937,0.6694893667717241
0.0004081412782654,0.9323354765312828,0.0647453488613322,0.0,0.002511033329354,2014-08-08,0.700664162008469,0.03020194966527534
0.1252885869344954,0.8639946698884765,0.0103177395505567,0.0,0.0003990036265552,2014-08-11,0.7734441908014749,0.07278002879300582
0.7243594119401049,0.2687372575714875,7.841754495307142e-06,0.0,0.0068954887334607,2014-08-12,0.9286705506121048,0.15522635981062993
0.0372593573216011,0.93667913713022,0.0260129589686277,0.0,4.8546579738084726e-05,2014-08-13,0.7397881288011614,-0.1888824218109434
0.8888200971703604,0.0995133009623678,0.010997696177762,0.0,0.0006689056895517,2014-08-14,0.963722635167957,0.22393450636679557
0.9988970683899128,8.584999484173777e-42,3.294939706570034e-09,0.0,0.0011029283151472,2014-08-18,0.9993382397159717,0.03561560454801471
0.073150948047022,0.8830821848975877,0.0437392015827489,0.0,2.7665472867216754e-05,2014-08-19,0.7354736529093597,-0.26386458680661196
0.0524982776001153,0.003535651192494,0.9426565042583356,0.0,0.0013095669494678,2014-08-20,0.055673842774272925,-0.6797998101350868
0.0414443597427631,0.9238278616264184,0.0345709979994573,0.0,0.0001567806318024,2014-08-21,0.7343779682152978,0.6787041254410249
0.0900426225961537,0.8606693939060783,0.0490808578839061,0.0,0.0002071256142075,2014-08-22,0.7356275182713955,0.0012495500560977257
0.0132284745105579,0.917388386190903,0.0692512656718821,0.0,0.0001318736265717,2014-08-25,0.7013225136043638,-0.03430500466703168
0.1244727844392077,0.6200504826515352,0.2549963320846282,0.0,0.0004804008249258,2014-08-26,0.5897028067578294,-0.11161970684653444
0.1200764926918516,0.8311214748781997,0.048538620754671,0.0,0.0002634116750646,2014-08-27,0.7435229635205273,0.1538201567626979
0.0743159493256008,0.8767214942667673,0.0488634949756365,0.0,9.906143236037086e-05,2014-08-28,0.7318966945986204,-0.01162626892190688
0.995217827175788,0.0023093916552401,0.0014058712865333,0.0,0.0010669098821851,2014-09-01,0.9973766348700921,0.2654799402714717
0.9956836241303428,0.0008730247188357,0.003078765828865,0.0,0.0003645853217335,2014-09-02,0.9964842267981631,-0.0008924080719290295
0.1002018046453428,0.8782829390720552,0.0214578660171202,0.0,5.739026521620878e-05,2014-09-03,0.7589369650554707,-0.23754726174269236
0.0173547122253957,0.9027281715678388,0.0797734760213583,0.0,0.0001436401857119,2014-09-04,0.6944582969755596,-0.0644786680799111
0.0110765419311407,0.923613019260504,0.0651903246289817,0.0,0.0001201141794112,2014-09-05,0.7038343520482833,0.009376055072723655
0.9971375419854166,0.000138949159696,0.0002000985577977,0.0,0.0025234102974641,2014-09-08,0.9982511179741743,0.29441676592589106
0.0175002830863507,0.9029418197683046,0.0795256103240115,0.0,3.2286821197195736e-05,2014-09-09,0.6947195626410579,-0.3035315553331164
0.0023114456635196,8.398810640471911e-05,0.995086044554953,0.0,0.0025185216750049,2014-09-10,0.0033818454133250995,-0.6913377172277329
0.0192688942205751,0.8643861323098992,0.1160959021308927,0.0,0.000249071338629,2014-09-11,0.6676581219884512,0.6642762765751261
0.0689622485915558,0.8865802013774698,0.0443447021361398,0.0,0.0001128478952809,2014-09-12,0.7339425387827705,0.06628441679431929
0.0034903535692333,0.5220480377051202,0.4732458650339579,0.0,0.0012157436914907,2014-09-15,0.3955126793246697,-0.3384298594581008
3.6117329706764003e-13,1.2835698266150201e-56,0.9937628516329412,0.0,0.0062371483665897,2014-09-16,0.0024948593469970534,-0.39301781997767266
0.094649778477589,0.8809440637350984,0.0217545052156023,0.0,0.0026516525718996,2014-09-17,0.7564184873076726,0.7539236279606756
0.7286888133295797,2.951645210540359e-154,4.7274233684785945e-27,0.0,0.2713111866704122,2014-09-18,0.8372132879977445,0.08079480069007194
0.0379415813180499,0.9240892127255492,0.0372278796537967,0.0,0.0007413263029161,2014-09-19,0.7313050213833783,-0.10590826661436625
0.8384632961758248,1.0339620119699369e-05,0.1552988459788339,0.0,0.0062275182256399,2014-09-22,0.8409620581811705,0.10965703679779226
5.9528745532643654e-18,1.3661058735576912e-76,0.9896492189156592,0.0,0.0103507810841684,2014-09-23,0.004140312433667366,-0.8368217457475031
0.0013391274157003,0.916331086396016,0.0799845191770712,0.0,0.002345267011061,2014-09-24,0.6895255490171367,0.6853852365834693
4.455907386261829e-11,3.0142555966858613e-19,0.8795714928657566,0.0,0.1204285070893935,2014-09-25,0.048171402880316475,-0.6413541461368202
0.2693105203050349,4.4710518831233355e-07,7.47669317849208e-05,0.0,0.7306142656578508,2014-09-26,0.5615565618970664,0.5133851590167499
0.0134510019098607,0.9509829130687772,0.0329176906202446,0.0,0.0026483944009597,2014-09-29,0.7277475444718275,0.16619098257476117
0.0015751612890306,0.9844979942701272,0.0129327145021188,0.0,0.0009941299387766,2014-09-30,0.7403463089671366,0.012598764495309056
0.0185825437907727,0.8824319847346375,0.0988093627834645,0.0,0.0001761086914623,2014-10-01,0.6804769758183358,-0.05986933314880083
1.5538187474055238e-06,0.1040029749130618,0.8758959027391093,0.0,0.020099568529378,2014-10-07,0.08604361241529496,-0.5944333634030408
0.0231529358103878,0.8891549445079611,0.087554058890296,0.0,0.0001380607914877,2014-10-08,0.6900743685079537,0.6040307560926588
0.997356106516262,3.012047480760091e-27,1.5115471126697358e-10,0.0,0.0026438933326309,2014-10-09,0.9984136638493144,0.30833929534136073
3.896704083667883e-06,8.906028010854647e-06,0.993168967913775,0.0,0.006818229353737,2014-10-10,0.002737867966586609,-0.9956757958827278
0.4397491238892589,0.3007342158479857,0.2317305760264385,0.0,0.0277860842362317,2014-10-13,0.6764142194697409,0.6736763515031543
0.0036672735011409,0.000188228016907,0.9621964686159022,0.0,0.0339480298658719,2014-10-14,0.01738765646016991,-0.659026563009571
6.5021329286087855e-15,3.5597994885991704e-14,0.7432361205536043,0.0,0.2567638794460344,2014-10-16,0.10270555177844697,0.08531789531827705
0.4108153431930425,0.5075550660462119,0.0392950025370906,0.0,0.042334588223776,2014-10-17,0.8084154780172118,0.7057099262387648
0.1253865196828935,0.8707150970666011,0.0001365958451375,0.0,0.0037617874052985,2014-10-20,0.7799275574449637,-0.028487920572248138
0.1012280651759098,0.8939397144554457,0.0046162932317075,0.0,0.0002159271371345,2014-10-21,0.7717692218723479,-0.008158335572615805
0.0860182523897638,0.9004333381820558,0.012315890694768,0.0,0.0012325187338625,2014-10-22,0.7618362635198507,-0.00993295835249719
0.1416883113363277,6.556342910732846e-30,0.8120891509227977,0.0,0.0462225377407838,2014-10-27,0.1601773264326412,-0.6016589370872094
0.2746965300643795,0.6812672393849889,0.043055751684222,0.0,0.0009804788664047,2014-10-28,0.7860391511496831,0.625861824717042
0.1141900751340386,0.8808229979854746,0.0048244292945756,0.0,0.0001624975859803,2014-10-29,0.7748723226575367,-0.011166828492146452
0.9983827304948988,1.573611774911256e-33,1.3137393397826865e-07,0.0,0.0016171381312781,2014-10-30,0.9990295857474101,0.22415726308987338
0.9972653066742972,3.1902839771054023e-84,2.3585500177796644e-21,0.0,0.0027346933260841,2014-10-31,0.9983591840047309,-0.0006704017426791831
0.0481737266333603,0.9016312978423954,0.0501434142931684,0.0,5.156123151837407e-05,2014-11-03,0.7244178245077642,-0.27394135949696674
0.0696444137830714,0.881050403829783,0.0491652088797304,0.0,0.0001399735072532,2014-11-05,0.7304882060583099,0.006070381550545734
0.0259232863744735,0.9078662057398418,0.0659873999082008,0.0,0.0002231079775284,2014-11-07,0.7069121838703661,-0.023576022187943746
0.0220558825764835,0.9356464132943616,0.042041098544389,0.0,0.0002566055847688,2014-11-10,0.7238933347811622,0.016981150910796106
0.0688299642314059,0.8882802451877729,0.0427264978006155,0.0,0.0001632927802715,2014-11-11,0.7351054652343441,0.011212130453181812
0.0693088027651673,0.8678055728307016,0.0627968429763593,0.0,8.8781427526714e-05,2014-11-12,0.7201984949592041,-0.014906970275139986
0.0155438929272095,0.0883490322457336,0.8946586264551495,0.0,0.001448448371658,2014-11-13,0.08238504646017289,-0.6378134484990312
0.2316925018426238,0.7162765957569193,0.051793372492929,0.0,0.000237529907422,2014-11-14,0.7689949606232821,0.6866099141631092
0.9635698561692758,0.011992933824702,0.0224256307911595,0.0,0.0020115792144761,2014-11-17,0.9733691882235928,0.20437422760031065
0.0256139815999007,0.915212934626647,0.0591524293322127,0.0,2.06544411197552e-05,2014-11-18,0.7120319443463338,-0.261337243877259
0.000961216348905,5.483634118465901e-05,0.9975390299879716,0.0,0.0014449173223467,2014-11-19,0.0015803105337321745,-0.7104516338126016
0.0751661875206239,0.8673986690219416,0.0573127109571247,0.0,0.0001224325002714,2014-11-20,0.7257641622871887,0.7241838517534565
0.9993308277870084,4.205610161446601e-13,1.9912960926768774e-05,0.0,0.0006492592514821,2014-11-21,0.9995905314879167,0.273826369200728
0.9798949479701794,7.85105090349169e-06,0.0195163514736277,0.0,0.0005808495050386,2014-11-24,0.9801331760603724,-0.019457355427544232
2.1335365671590323e-05,8.745239368673607e-08,0.9992389410218852,0.0,0.0007396361600162,2014-11-25,0.00031725541897333537,-0.9798159206413991
0.0562998854112471,0.8903193533874518,0.0532189115917322,0.0,0.0001618496096061,2014-11-26,0.7241041402956785,0.7237868848767052
0.0630644129758207,0.898080927252819,0.0387866097215327,0.0,6.80500499531426e-05,2014-11-27,0.7366523284354162,0.012548188139737682
0.9991915183060394,1.2461634504282968e-11,1.4802872808166489e-06,0.0,0.00080700139408,2014-11-28,0.9995143188730176,0.2628619904376014
0.0184565130575976,0.0036499709584445,0.9773584075068216,0.0,0.0005351084774024,2014-12-01,0.021408034667391936,-0.9781062842056256
0.0148859267775242,0.8682072574436838,0.1166399128580692,0.0,0.0002669029210405,2014-12-02,0.6661481310287033,0.6447400963613114
0.0820734958641621,0.856136157408254,0.0616035860428337,0.0,0.0001867606845735,2014-12-03,0.7242503181941821,0.05810218716547877
0.0082853365895137,0.9830353801542274,0.0085117068275636,0.0,0.0001675764287201,2014-12-04,0.7456289022766723,0.02137858408249027
0.021510834550928,0.0004767231898024,0.9775188546803052,0.0,0.0004935875793278,2014-12-05,0.02206581197501092,-0.7235630903016614
5.900776314306937e-11,1.0174294911361236e-48,0.9984658797809852,0.0,0.0015341201600243,2014-12-08,0.0006136481230174832,-0.021452163851993437
1.398006133307934e-10,2.589630374500873e-45,0.9979895287768352,0.0,0.0020104710836204,2014-12-09,0.0008041885732487734,0.00019054045023129019
0.3838547932863254,0.1734998613375213,0.4420068757957274,0.0,0.0006384695803725,2014-12-10,0.5142350771216153,0.5134308885483665
0.0004695938263045,0.0065189356381524,0.9925199408234112,0.0,0.0004915297120849,2014-12-11,0.0055554074397527594,-0.5086796696818625
8.327517212248522e-07,8.159832848891721e-18,0.999414116085881,0.0,0.0005850511624574,2014-12-12,0.000234853216704191,-0.005320554223048568
0.065032137085576,1.815214978575628e-05,0.9310139406935484,0.0,0.00393577007106,2014-12-15,0.0666200592263393,0.06638520600963511
4.535555564329626e-17,1.5478225137235723e-40,0.9685300589201008,0.0,0.0314699410797496,2014-12-16,0.012587976431899885,-0.05403208279443942
2.3357098300679127e-05,0.9012746867162608,0.0776941646908366,0.0,0.0210077914944449,2014-12-17,0.6843824887332742,0.6717945123013743
0.1102059514724246,0.8500950796950834,5.75837461216664e-07,0.0,0.0396983929946512,2014-12-18,0.7636566184415976,0.07927412970832337
0.1265601471914866,0.8686879188346579,0.004268913390507,0.0,0.0004830205834776,2014-12-19,0.7782692945508711,0.014612676109273526
0.9988120832538266,1.3681801186327284e-09,4.977812058173454e-07,0.0,0.0011874175970215,2014-12-22,0.9992870513187703,0.22101775676789914
3.672623228653187e-05,0.0026880869538991,0.9966185036625202,0.0,0.0006566831512557,2014-12-23,0.002315464708213137,-0.9969715866105572
2.00809895570545e-10,1.3309590039191725e-30,0.9971027598006068,0.0,0.0028972399984748,2014-12-24,0.0011588962001998157,-0.0011565685080133215
0.0286508373641617,0.9535039664442146,0.01735594334525,0.0,0.0004892528460942,2014-12-26,0.7439745133357604,0.7428156171355605
0.2843874685336095,0.7028916986823136,0.0123074244362941,0.0,0.0004134083474997,2014-12-29,0.8117216058843446,0.06774709254858424
0.0456265275477177,0.8931937507738144,0.0611170570639638,0.0,6.26646140622605e-05,2014-12-30,0.7155469064737033,-0.09617469941064127
0.9177883163806804,0.0001941182795052,0.0807101073312903,0.0,0.0013074580086627,2014-12-31,0.9184568882937744,0.20290998182007103
0.9985963691808332,5.1723202568259275e-54,3.3279699333832183e-13,0.0,0.0014036308186377,2015-01-02,0.9991578215082882,0.08070093321451388
0.0016095201564181,0.9277471326245524,0.0689060550892399,0.0,0.0017372921301391,2015-01-05,0.6981147864768882,-0.30104303503140006
3.1262687905617782e-53,5.464115202845961e-251,0.0041149430649972,0.0,0.9958850569349812,2015-01-06,0.3983540227739925,-0.29976076370289567
0.0009406888911672,0.9588738125718752,0.0293229375086567,0.0,0.0108625610280415,2015-01-07,0.7244410727312902,0.3260870499572977
0.9483520455416088,0.0176440843159639,3.21183582859023e-07,0.0,0.0340035489588965,2015-01-08,0.9751865283621404,0.25074545563085016
0.0129643968366305,0.9824421853129603,0.000743363184457,0.0,0.0038500546662341,2015-01-09,0.7513360576878444,-0.22385047067429598
0.0379577940814726,0.955798243573263,0.0060726773641365,0.0,0.0001712849810677,2015-01-12,0.754874990753847,0.003538933066002614
0.0162769076757261,0.1281194775574952,0.8535634401146072,0.0,0.0020401746521356,2015-01-13,0.11318258570470173,-0.6416924050491453
0.00058888364945,0.8886899743182054,0.1021385328284238,0.0,0.0085826092037364,2015-01-14,0.6705394080695986,0.5573568223648968
0.0013630901616507,2.7609834825986455e-07,2.3638729533457726e-20,0.0,0.998636633739816,2015-01-15,0.40081795073133836,-0.2697214573382602
0.0181852394493359,0.9656514389857566,0.0102295631949889,0.0,0.0059337583699262,2015-01-16,0.7447973220366239,0.3439793713052855
0.1186109694741563,0.8420974330638737,0.0391023104133275,0.0,0.0001892870486586,2015-01-19,0.7502597590915251,0.005462437054901237
0.9952994766241992,2.0536773447540293e-72,4.1126168641935116e-18,0.0,0.0047005233758855,2015-01-20,0.9971796859745533,0.24691992688302822
0.0931771490968183,0.8878112652854105,0.0189422998005278,0.0,6.928581713436077e-05,2015-01-21,0.75906331238773,-0.23811637358682336
0.0890796515510765,0.8844418781816431,0.0263361667524318,0.0,0.0001423035145297,2015-01-22,0.7524679815931208,-0.006595330794609167
0.1254572791050224,0.8719855391067025,0.0020204369205768,0.0,0.0005367448675675,2015-01-23,0.7796611313820763,0.027193149788955484
0.1656094126285978,0.8329345857760992,0.0003509403000049,0.0,0.0011050612953068,2015-01-27,0.7907523764787949,0.01109124509671866
0.0028723242111186,0.9749831638128338,0.0206938456087335,0.0,0.0014506663668833,2015-01-28,0.7346899636174973,-0.05606241286129765
0.1788591861527653,0.7244878725314914,0.0380942358337945,0.0,0.0585587054816738,2015-01-29,0.7456485727440534,0.010958609126556107
8.108478589991885e-25,7.228542852505107e-145,0.3740374874114607,0.0,0.625962512588969,2015-01-30,0.2503850050355876,-0.4952635677084658
0.0033876231129076,0.937368535257752,0.0567563749328572,0.0,0.0024874666964921,2015-02-02,0.7074090112348185,0.4570240061992309
0.0004025976265443,8.903196847449022e-06,0.9986440813328292,0.0,0.0009444178433534,2015-02-03,0.0007870421615212468,-0.7066219690732972
0.0039712893984456,6.122277768283967e-10,0.9935215170486794,0.0,0.0025071929408569,2015-02-04,0.004974167033959192,0.004187124872437945
7.741857791686144e-06,0.964256052897962,0.0097301023843633,0.0,0.0260061028595848,2015-02-05,0.7336022226750971,0.728628055641138
0.000713716027657,0.6354239513342518,0.3460013397081243,0.0,0.0178609929299336,2015-02-06,0.48442607670031934,-0.24917614597477777
8.826461599499723e-09,1.5463783053513172e-06,0.340061926872738,0.0,0.6599365179226266,2015-02-09,0.2639757757792413,-0.22045030092107804
0.0024445219175644,2.7562507152438348e-06,0.0001504049267579,0.0,0.9974023169050776,2015-02-10,0.40140751586763196,0.13743174008839065
0.0829638742380893,0.9066373030685,0.0016142992102935,0.0,0.0087845234834478,2015-02-11,0.7664556609328433,0.3650481450652114
0.013668143021707,0.9792812176691748,9.88819440197751e-06,0.0,0.0070407511149927,2015-02-12,0.7509453567195853,-0.015510304213258053
0.9982612595930376,4.212212923905807e-08,6.505931462300431e-06,0.0,0.0017321923536702,2015-02-13,0.9989541681261026,0.24800881140651732
0.0181414713053586,0.9541906890016514,0.0276441243931696,0.0,2.3715300126882232e-05,2015-02-16,0.7337939741766479,-0.26516019394945467
0.9967373159870014,2.0353368660680325e-05,0.0019895917083604,0.0,0.0012527389361212,2015-02-18,0.9972536765879454,0.26345970241129746
0.0032483421815573,0.9913633513341268,0.0051929183397979,0.0,0.0001953881442771,2015-02-19,0.7468490109398632,-0.25040466564808217
0.0001530347940468,6.341053295836779e-09,0.9993612740735208,0.0,0.0004856847911875,2015-02-20,0.0003473134663117719,-0.7465016974735514
2.32090574471445e-08,2.1762258185549544e-30,0.9974325792328168,0.0,0.0025673975580017,2015-02-23,0.001026982232258127,0.0006796687659463552
0.0307815224480589,0.912789396858202,0.0562058405628364,0.0,0.0002232401311366,2015-02-24,0.7154628661441651,0.7144358839119069
0.0147573901627976,0.923238981754406,0.0618871393112743,0.0,0.0001164887718127,2015-02-25,0.7072332219873272,-0.008229644156837912
3.16439263590867e-08,5.921164523813993e-32,0.9987075429044866,0.0,0.0012924254516133,2015-02-26,0.0005170018245716792,-0.7067162201627555
0.9950668185077916,7.665214844148147e-48,9.143492438593009e-18,0.0,0.0049331814922065,2015-02-27,0.9970400911046742,0.9965230892801025
0.1223966267440349,0.8752581647875518,4.0868470975919433e-05,0.0,0.0023043399975806,2015-03-02,0.779761986333731,-0.21727810477094323
0.0242961298936726,0.958470609439004,0.0111016788412655,0.0,0.0061315818259268,2015-03-03,0.7456017197032964,-0.03416026663043459
1.5057274392380509e-15,1.583205674598329e-129,0.0034528481621933,0.0,0.9965471518375788,2015-03-04,0.39861886073503305,-0.3469828589682633
0.0025120977083465,0.969745927792227,0.0082687929068136,0.0,0.01947318159263,2015-03-05,0.7376108161895687,0.33899195545453564
2.718526772871319e-22,3.4754979329116978e-87,0.9638561358722711,0.0,0.036143864127988,2015-03-09,0.0144575456511952,-0.7231532705383735
0.0009399938345551,0.001265995657121,0.992620138064366,0.0,0.0051738724442504,2015-03-10,0.00395903955509601,-0.01049850609609919
0.0141192406900851,0.875508445044169,0.1096318438377403,0.0,0.0007404704279979,2015-03-11,0.671046762644411,0.667087723089315
0.6014443408628287,0.279725319397476,0.0106563614714515,0.0,0.108173978268247,2015-03-12,0.8545079217182345,0.18346115907382354
1.246325361891765e-25,3.546673728400153e-201,0.0123830151271043,0.0,0.9876169848731744,2015-03-13,0.3950467939492698,-0.45946112776896475
0.0165503256804212,0.9374704472630192,0.0411875705430057,0.0,0.00479165651356,2015-03-16,0.7215698237331096,0.32652302978383985
0.0485580918097977,0.9498544396611864,3.1311625954436205e-05,0.0,0.0015561569031257,2015-03-17,0.7615713843169378,0.0400015605838282
0.0028441692942674,7.307446897104687e-06,0.9957220537122172,0.0,0.0014264695461635,2015-03-18,0.0034202376979056287,-0.7581511466190322
6.64314852919467e-08,5.020658337201947e-27,0.9640093965267018,0.0,0.0359905370419845,2015-03-19,0.014396281248279094,0.010976043550373465
0.0001559967805135,1.2011648750206924e-08,0.9978026531317769,0.0,0.0020413380763566,2015-03-20,0.0009725410197927028,-0.013423740228486391
0.0580204664732563,0.1008050245502889,0.8399235189429132,0.0,0.0012509900335989,2015-03-23,0.13412463089941254,0.13315208987961982
0.0038540385491173,0.9268711219858068,0.0690204648308769,0.0,0.0002543746337556,2015-03-24,0.6991091298919746,0.5649844989925621
0.0819087111401819,0.0625418132269357,0.8481974408654779,0.0,0.0073520347670696,2015-03-25,0.13175588496721152,-0.5673532449247631
1.0032995060941843e-24,9.405801469541846e-62,0.7840651893513273,0.0,0.2159348106486867,2015-03-26,0.08637392425947468,-0.04538196070773684
0.0004248749286117,0.8540958898753039,0.0432644999471876,0.0,0.1022147352490612,2015-03-27,0.6818826864347141,0.5955087621752394
0.9749372641476708,2.412165044683933e-54,7.607688792346649e-17,0.0,0.0250627358524172,2015-03-30,0.9849623584886377,0.3030796720539236
0.0081302548751876,0.9529021340963664,0.0387411211990209,0.0,0.0002264898294903,2015-03-31,0.7228974513792585,-0.26206490710937913
0.9958543859247446,2.503217739953795e-27,2.473112216214927e-09,0.0,0.0041456116022982,2015-04-01,0.9975126305656639,0.2746151791864053
0.521328960763085,0.4773926066039754,0.0004519807497688,0.0,0.0008264518831857,2015-04-06,0.8797039964693408,-0.11780863409632303
0.0024228090992789,0.9796052288248076,0.0176789776108996,0.0,0.0002929844651151,2015-04-07,0.7372439245039307,-0.1424600719654101
0.114054270557781,0.8762719384307314,0.0094369358379903,0.0,0.0002368551733553,2015-04-08,0.7713529664501716,0.03410904194624087
0.0378200070434216,0.9607442365416002,0.0006087295701654,0.0,0.0008270268446169,2015-04-09,0.7587089951874686,-0.012643971262703002
0.0584080448058524,0.8661818185764693,0.075224756529075,0.0,0.0001853800883453,2015-04-10,0.7081185607735424,-0.05059043441392619
0.0913609525543223,0.9027614335228152,0.0047730935143713,0.0,0.00110452040889,2015-04-13,0.7688738358599897,0.06075527508644729
6.16963835415577e-08,0.1756920973690143,0.7049319497962174,0.0,0.1193758911385729,2015-04-16,0.1795194911785734,-0.5893543446814162
5.418982232068905e-10,1.5171462813851127e-40,0.8934014096426364,0.0,0.1065985898154737,2015-04-17,0.0426394364680877,-0.1368800547104857
1.1481556002565566e-26,9.1455252336707e-140,0.5892559466259788,0.0,0.4107440533744753,2015-04-20,0.16429762134979012,0.12165818488170241
3.5524550712098457e-06,0.5901528747476499,0.1967173390225091,0.0,0.2131262337751573,2015-04-21,0.5278687020258716,0.36357108067608146
4.137960765121443e-05,0.6692230986517753,1.6618611506459296e-05,0.0,0.3307189031286142,2015-04-22,0.6342462648479283,0.10637756282205679
6.11553705294283e-05,1.6316743563109533e-07,0.8394067152020493,0.0,0.1605319662599704,2015-04-23,0.06427406425009431,-0.569972200597834
9.405148244010972e-11,1.1226451859963684e-27,0.9790610064819432,0.0,0.0209389934244295,2015-04-24,0.008375597463823282,-0.05589846678627103
5.153383307380164e-12,6.694261048590203e-71,0.9794681992047692,0.0,0.020531800789674,2015-04-27,0.008212720321022982,-0.00016287714280029987
0.9772235292506146,1.4142524167823408e-05,5.8072849910802925e-05,0.0,0.0227042553754122,2015-04-28,0.9863158382939053,0.9781031179728824
0.000507026694073,0.7976106355708893,0.2015225967607109,0.0,0.0003597409740791,2015-04-29,0.5988588997618716,-0.3874569385320338
0.0005885020749159,0.1544886632035343,0.8436807904484503,0.0,0.0012420442730108,2015-04-30,0.11695181718677095,-0.4819070825751006
0.995200207883882,2.788487109931013e-40,1.3970663976093274e-16,0.0,0.0047997921161687,2015-05-04,0.9971201247303495,0.8801683075435786
0.0032796615730306,0.9483928088373694,0.0464202915055937,0.0,0.0019072380836721,2015-05-05,0.7153371634345265,-0.28178296129582303
1.1791695391518704e-54,2.4866078393438337e-281,0.0009168365385654,0.0,0.9990831634617946,2015-05-06,0.3996332653847179,-0.3157038980498086
2.6325228943314127e-06,0.6032532171128774,0.0136791273365749,0.0,0.3830650230278037,2015-05-07,0.6056685545686739,0.20603528918395597
0.5992611426753307,4.447024469387969e-06,1.579589980920974e-09,0.0,0.400734408720184,2015-05-08,0.7595582414317563,0.15388968686308246
0.5834557146265021,1.5693755923869396e-20,1.2639304138818972e-11,0.0,0.4165442853612178,2015-05-11,0.7500734287709893,-0.009484812660767061
1.2546724336544247e-45,5.505251351662001e-280,0.0001709277198534,0.0,0.9998290722802752,2015-05-12,0.3999316289121101,-0.35014179985887917
3.7596038613430274e-05,0.0082893643791138,2.2223515110933727e-11,0.0,0.991673039560274,2015-05-13,0.40292383514705843,0.002992206234948336
0.0011761638713018,0.9566201272304568,0.0205315156517838,0.0,0.0216721932464718,2015-05-14,0.727310136592733,0.3243863014456746
0.0692614599290136,0.9209976907530436,0.0095994167747831,0.0,0.0001414325428664,2015-05-15,0.7600663010109429,0.03275616441820983
0.998477506376415,1.7869621627408734e-26,1.845827234295548e-10,0.0,0.00152249343888,2015-05-18,0.999086503751967,0.2390202027410241
0.0038765782243576,0.9633812747512376,0.0326489873197147,0.0,9.315970434844196e-05,2015-05-19,0.7264497981695252,-0.2726367055824418
0.6374386994811654,0.346631351253032,0.0148945700086685,0.0,0.0010353792572917,2015-05-20,0.8978263646238561,0.17137656645433097
0.0267623801590495,0.92489786589409,0.0482530936593741,0.0,8.666028789714162e-05,2015-05-21,0.7204704436947759,-0.17735592092908026
0.0624089369720313,0.9240087453963142,0.0135042372630184,0.0,7.808036905790041e-05,2015-05-22,0.7554467281668901,0.034976284472114205
5.614459443994068e-07,8.187151640621596e-21,0.9986885022018503,0.0,0.001310936352084,2015-05-25,0.0005249359867779994,-0.754921792180112
0.0305151568299506,0.0624640113179772,0.9058513736455136,0.0,0.0011694582062518,2015-05-26,0.07783094860093422,0.07730601261415622
0.0482946469204097,0.7837927215159161,0.1675933441747125,0.0,0.0003192873893444,2015-05-27,0.6362669030130845,0.5584359544121503
0.0019227428337826,0.945176882183619,0.0527080338284818,0.0,0.0001923411541144,2015-05-28,0.7108823409331425,0.07461543792005798
0.996061636743628,2.6334361057499746e-35,2.294968982574618e-12,0.0,0.0039383632539777,2015-05-29,0.9976369820452191,0.2867546411120766
0.0076109014394502,0.9474864925514006,0.0436953633508172,0.0,0.0012072426579679,2015-06-01,0.7187086679161878,-0.2789283141290313
1.5288287405344642e-44,2.5340868499915183e-290,0.0021474452126144,0.0,0.9978525547874484,2015-06-02,0.39914102191497935,-0.31956764600120846
1.8197909823543e-11,1.981281354873747e-23,0.7074936111540505,0.0,0.2925063888281686,2015-06-03,0.11700255554946536,-0.282138466365514
0.0012625220623707,0.9706577075457709,0.0237549788906177,0.0,0.0043247915013902,2015-06-04,0.7309857193222549,0.6139831637727895
0.0017674528175315,0.9233829318333696,0.0746118223884295,0.0,0.000237792960639,2015-06-05,0.6943997688768143,-0.03658595044544055
5.378875947327177e-07,2.208685539184197e-24,0.9983409737687576,0.0,0.0016584883438768,2015-06-08,0.0006639332251454528,-0.6937358356516689
0.0194905367924361,0.8465470858568072,0.1322843899797565,0.0,0.0016779873710421,2015-06-09,0.6550720461334583,0.6544081129083128
0.7803045714188471,3.72878791176317e-35,9.490466453803566e-11,0.0,0.2196954284863776,2015-06-10,0.8681827428133981,0.21311069667993987
3.618324015805309e-36,1.6805146604804786e-263,0.0028338095640823,0.0,0.9971661904359838,2015-06-11,0.3988664761743935,-0.4693162666390046
0.0360915081018876,0.9463399934015866,0.0138024713928661,0.0,0.003766027103901,2015-06-12,0.7473529139946379,0.34848643782024435
0.0039870943176108,0.9929744963173563,0.0016291806736969,0.0,0.0014092286912394,2015-06-15,0.7492816580321238,0.0019287440374858855
0.0287049913819556,0.9651141604182184,0.0041662217678757,0.0,0.0020146264317124,2015-06-16,0.7533464622683044,0.004064804236180608
0.0379719401298482,0.9578647334702802,0.003826545197055,0.0,0.000336781203137,2015-06-17,0.7565052027138132,0.0031587404455087897
0.9988773014128668,2.7149790637995743e-09,9.31379350265612e-06,0.0,0.0011133820786881,2015-06-18,0.9993226562805764,0.2428174535667632
0.1345655824256962,0.860147297984976,0.0052465801689144,0.0,4.05394202285555e-05,2015-06-19,0.7796922716825196,-0.21963038459805673
0.99821633276093,7.804778234832104e-37,3.714154971084154e-13,0.0,0.0017836672384728,2015-06-22,0.9989297996563191,0.21923752797379947
0.0683848680163408,0.9108156932852934,0.0207420248193916,0.0,5.741387924529655e-05,2015-06-23,0.751519603532009,-0.24741019612431014
0.0134644678543568,0.6510223297059363,0.3351340490763179,0.0,0.000379153363609,2015-06-24,0.5018828764792527,-0.2496367270527563
0.9767236943734852,3.7402438215965338e-06,0.0202084666486351,0.0,0.00306409873411,2015-06-25,0.9779521390499953,0.47606926257074267
0.0080564251576375,0.9241524246736358,0.0677515169995104,0.0,3.963316916056541e-05,2015-06-26,0.7011865969305285,-0.2767655421194668
1.6600171183573831e-06,8.295192589118628e-05,0.9937675753507994,0.0,0.0061478127058814,2015-06-29,0.0025229990438893073,-0.6986635978866392
0.9909436661217412,0.0002275385160977,0.0077416480276916,0.0,0.0010871473344053,2015-06-30,0.9915491789425767,0.9890261798986874
0.9993500372401288,1.0792377119845201e-12,1.1152243354589542e-06,0.0,0.0006488475342346,2015-07-01,0.9996095762546321,0.008060397312055434
0.074055300207137,0.7628158676043346,0.1628032948251552,0.0,0.0003255373634468,2015-07-02,0.6462974158557666,-0.3533121603988655
0.703932134347013,0.1043007196964703,0.109593501196223,0.0,0.0821736447605899,2015-07-03,0.8150271320236017,0.16872971616783505
0.0935438068160858,2.658393114898545e-99,7.380441372239319e-07,0.0,0.9064554551393964,2015-07-06,0.4561259888718444,-0.35890114315175725
0.0035954308020849,0.9558881919389018,0.0313632562014207,0.0,0.0091531210576411,2015-07-07,0.7241728231793177,0.26804683430747334
1.629104190813186e-11,2.4932073726599106e-12,0.9270973477054104,0.0,0.0729026522757159,2015-07-08,0.02916106092844731,-0.6950117622508705
0.0062686775318723,0.5649601121507043,0.4265992565728641,0.0,0.0021719537448018,2015-07-09,0.43085754314282126,0.40169648221437393
0.0841038076678827,0.88757956891911,0.0281195457632404,0.0,0.0001970776496792,2015-07-10,0.749867315417087,0.3190097722742657
0.98836846898828,0.0009230554001121,1.823146982776429e-06,0.0,0.0107066524645362,2015-07-13,0.9933434215241786,0.2434761061070917
0.0268442097025912,0.9271303129713372,0.0459862729392073,0.0,3.920438681498594e-05,2015-07-14,0.72220762618582,-0.27113579533835863
0.9987548572969794,1.1774752120534545e-15,0.000123934147794,0.0,0.0011212085552207,2015-07-15,0.9992033407190686,0.27699571453324856
0.9994993449829956,2.9877339537402114e-14,1.0250037665497323e-05,0.0,0.0004904049791023,2015-07-16,0.999695506974659,0.0004921662555904538
0.044940856160654,0.9123843722305854,0.0426365163692908,0.0,3.825523923441288e-05,2015-07-17,0.7292444374292869,-0.2704510695453721
0.0143102288123142,0.911765895207552,0.0738645426763467,0.0,5.9333303963486735e-05,2015-07-20,0.6981583835395636,-0.031086053889723297
7.324991965844834e-07,6.485944213837039e-07,0.9970057589610382,0.0,0.0029928599450741,2015-07-21,0.0011983629230422625,-0.6969600206165213
0.99522332233647,2.6770811908481694e-55,3.821000959495024e-12,0.0,0.0047766776599193,2015-07-22,0.9971339934004377,0.9959356304773954
0.0023262225991582,5.8364146344149065e-05,0.9972763571998756,0.0,0.000339056054177,2015-07-23,0.0025056181305871117,-0.9946283752698506
1.1674212021029977e-05,1.3811387604123077e-19,0.995597743280959,0.0,0.0043905825074603,2015-07-24,0.0017679072150051502,-0.0007377109155819615
1.2354357545247485e-21,8.84638864225162e-106,0.9217032804134994,0.0,0.0782967195860945,2015-07-27,0.0313186878344378,0.02955078061943265
0.0106001421671044,0.7308783504831761,0.2572463924246368,0.0,0.0012751149252139,2015-07-28,0.559268950999572,0.5279502631651342
0.1107428546404914,0.8616875062953041,0.0273553767694399,0.0,0.000214262294388,2015-07-29,0.7570941892797246,0.19782523828015264
0.1171309329177465,0.8657628410826357,0.0169736187519972,0.0,0.0001326072480051,2015-07-30,0.7665061066289253,0.00941191734920066
0.9988134313460963,3.992526856494549e-17,9.013213499272446e-09,0.0,0.0011865596405059,2015-07-31,0.9992880552022987,0.23278194857337342
0.2084388035963427,0.6512647831931612,0.1401296437776741,0.0,0.0001667694326492,2015-08-03,0.6969540987642733,-0.3023339564380254
0.0007557631378346,0.7821469703462761,0.2148560285967636,0.0,0.0022412379194647,2015-08-04,0.5882624860653276,-0.10869161269894567
0.1326678013242657,0.855297345075165,0.0117813815310863,0.0,0.0002534720696332,2015-08-05,0.7742421989584927,0.18597971289316506
0.0843703905260022,0.8687130334037887,0.0467456765309674,0.0,0.0001708995390131,2015-08-06,0.735973525394449,-0.03826867356404362
0.0190933004709693,0.8864091448967185,0.0943718157458379,0.0,0.0001257388865571,2015-08-07,0.683950454698131,-0.05202307069631806
0.0001385713638527,0.342125561153354,0.6550079456884348,0.0,0.0027279217940463,2015-08-10,0.2578239109464867,-0.42612654375164427
1.181103837967211e-06,4.375812672874954e-21,0.9991063926713146,0.0,0.0008924262251738,2015-08-11,0.00035815159390748723,-0.2574657593525792
1.3952681103686596e-11,5.301885386719299e-46,0.9946230606077784,0.0,0.0053769393779057,2015-08-12,0.002150775765114961,0.001792624171207474
0.0106341441011456,0.9546711407481197,0.0345018249537697,0.0,0.0001928901968227,2015-08-13,0.7267146557409644,0.7245638799758495
0.9945742543975292,2.910504764561712e-44,6.234423772790761e-19,0.0,0.0054257456028845,2015-08-14,0.996744552638683,0.2700298968977186
0.0016053142562169,0.0501646628270987,0.9466883789411992,0.0,0.0015416439754447,2015-08-17,0.039845468966718804,-0.9568990836719642
0.0122024843011997,0.8044503047909125,0.1826239862274933,0.0,0.0007232246808093,2015-08-18,0.6158295027667078,0.575984033799989
0.0128055693648084,0.9781506278757894,0.0087368599541183,0.0,0.0003069428051301,2015-08-19,0.7465413173937024,0.13071181462699466
8.499589601277335e-13,4.751609902682407e-25,0.9737028885457956,0.0,0.026297111452972,2015-08-20,0.01051884458203876,-0.7360224728116637
1.326396396414566e-05,0.7021933859545563,0.1555928485061756,0.0,0.1422005015752655,2015-08-21,0.5835385040599876,0.5730196594779489
6.747246683898159e-147,0.0,3.9761881406475803e-23,0.0,1.0,2015-08-24,0.4,-0.18353850405998762
4.948086879811979e-26,4.982843676561972e-14,1.0099424630599792e-24,0.0,1.0,2015-08-25,0.4000000000000374,3.735900477863652e-14
2.958257981577997e-13,1.2949553786295341e-08,0.0047791683553478,0.0,0.9952208186946874,2015-08-26,0.39808833719033615,-0.0019116628097012311
0.0007553217599466,0.0115162141879168,6.5137132753838675e-12,0.0,0.9877284640455264,2015-08-27,0.40448386801909475,0.0063955308287586
0.0192060483989961,0.2819445938429536,9.844609478582406e-05,0.0,0.6987509116634271,2015-08-28,0.5101648584465821,0.10568099042748735
0.0001672700569976,0.5796585456030157,0.1244678941720852,0.0,0.2957062901678543,2015-08-31,0.5531936953264012,0.043028836879819066
6.651478614747888e-29,8.432822985246589e-45,0.0080668134999894,0.0,0.9919331864998424,2015-09-01,0.396773274599937,-0.15642042072646417
5.6045172366089184e-15,1.1112132388293574e-106,0.0019571257275662,0.0,0.998042874272702,2015-09-02,0.39921714970908645,0.0024438751091494515
0.0540814262811186,0.0018498009507419,1.0215103181886949e-07,0.0,0.94406867061715,2015-09-03,0.43309624524103507,0.03387909553194862
1.0000455440480138e-30,2.707310523244773e-116,0.0389434657574508,0.0,0.9610565342425094,2015-09-04,0.38442261369700376,-0.048673631544031315
8.855371533687694e-18,1.2143448869063675e-76,0.0377992459921822,0.0,0.9622007540080442,2015-09-07,0.3848803016032177,0.00045768790621392164
3.839314642573845e-05,3.547558765603758e-18,6.058970393763219e-19,0.0,0.9999616068538484,2015-09-08,0.4000230358879651,0.015142734284747439
0.0054881773732535,0.1246256791806297,3.1929568842656874e-08,0.0,0.8698861115166309,2015-09-09,0.4469118813653781,0.04688884547741301
4.678587376286314e-06,0.1170552030961454,0.0999447699003154,0.0,0.7829953484160198,2015-09-10,0.40099422027589327,-0.04591766108948486
0.0092592843172043,0.82636655105835,0.0804526711053814,0.0,0.0839214935188898,2015-09-11,0.6626027950185227,0.26160857474262944
0.9290814517364498,0.0030165410092535,9.034201873590292e-06,0.0,0.0678929730521341,2015-09-14,0.9585010467142436,0.2958982516957209
0.0022403359661305,0.5203951224930196,0.4739804166071741,0.0,0.0033841249337126,2015-09-15,0.3938903278093802,-0.5646107189048635
0.1270363319093125,0.8704456490534835,0.0016255994342768,0.0,0.0008924196024918,2015-09-16,0.7802275365404219,0.38633720873104166
0.0332407398440734,0.951010808108229,4.9962893008846e-05,0.0,0.0156984891550844,2015-09-18,0.7527782415872789,-0.027449294953142966
0.0316241786127426,7.231665507458374e-16,0.7861608996429205,0.0,0.1822149217441616,2015-09-21,0.10451014731040778,-0.6482680942768712
3.4892111495112407e-42,1.8022648244890849e-240,0.0001315736516045,0.0,0.999868426348259,2015-09-22,0.3999473705393036,0.2954372232288959
0.0019241485596228,1.3261140154988176e-28,3.174220389941356e-06,0.0,0.9980726772199192,2015-09-23,0.4011532194475905,0.0012058489082868995
0.0048497873160156,0.9466000761568194,0.0038302648038712,0.0,0.0447198717236623,2015-09-24,0.7326877931230951,0.33153457367550454
6.300048539451628e-10,2.8145169090426907e-60,0.7433280171770673,0.0,0.2566719821926866,2015-09-28,0.1026687935070795,-0.6300189996160156
9.130950498112604e-12,6.4889431950218935e-19,1.7857667818429554e-13,0.0,0.999999999990905,2015-09-29,0.400000000005493,0.2973312064984135
0.0576700684880321,0.8603957440510486,3.2160608659277897e-06,0.0,0.0819309713997396,2015-09-30,0.7357392650862143,0.3357392650807213
0.1692048549200672,0.3807922941018778,0.4444139612763585,0.0,0.0055888897015702,2015-10-01,0.45703463137710365,-0.2787046337091107
0.9853433965797476,1.403273217315893e-81,2.044277572650416e-23,0.0,0.0146566034199899,2015-10-05,0.9912060379477435,0.5341714065706399
0.0338161051915389,0.9618279653653632,0.0042228399174045,0.0,0.0001330895257634,2015-10-06,0.7552403150258666,-0.2359657229218769
0.2077868215895273,0.6928044323814213,0.0991998176897345,0.0,0.0002089283389634,2015-10-07,0.7274737172111787,-0.027766597814687932
0.0002118743153043,1.1710044441842445e-12,0.9985408945228564,0.0,0.0012472311609427,2015-10-08,0.0007107667805596334,-0.7267629504306191
0.0377437078252181,0.9598761879223544,0.001676434302261,0.0,0.0007036699500686,2015-10-09,0.7579323167470113,0.7572215499664517
1.838862195841621e-05,3.9352199689331714e-24,0.9961398243910332,0.0,0.0038417869871881,2015-10-12,0.0015551034168336563,-0.7563772133301777
0.0213189366569434,0.8774933800312941,0.1009564743268527,0.0,0.0002312089850846,2015-10-13,0.6795314552744478,0.6779763518576142
0.0300630354361725,0.8653226610842473,0.1044707668709892,0.0,0.0001435366089194,2015-10-14,0.6791124458929257,-0.0004190093815220619
0.9980995155338558,2.878159030489628e-05,0.0006248618861097,0.0,0.0012468409894874,2015-10-15,0.9986198381223794,0.3195073922294537
0.3323884480334405,0.6658253987580962,0.0010275631792516,0.0,0.0007585900294372,2015-10-16,0.8320609331137875,-0.16655890500859194
0.0981533886033137,0.8812389912331592,0.0204680014171283,0.0,0.0001396187463447,2015-10-19,0.759138479526721,-0.0729224535870665
0.0141519414727866,0.9176708600480876,0.0680380099293444,0.0,0.0001391885501496,2015-10-20,0.7024607619289122,-0.05667771759780882
0.0111850531644497,0.9181897142303428,0.0703463202982719,0.0,0.0002789123071231,2015-10-21,0.6999389037600561,-0.0025218581688560837
0.0745234612611907,0.9058891581352848,0.0194882402544157,0.0,9.91403488154851e-05,2015-10-23,0.7539799860021805,0.05404108224212445
0.0010200413114342,1.5512999773956873e-23,0.9951552489892884,0.0,0.0038247096989591,2015-10-26,0.00254992519101784,-0.7514300608111627
0.0508525597513472,0.8378904699630461,0.1106802598892409,0.0,0.0005767103960747,2015-10-27,0.6795010963820616,0.6769511711910438
0.000298918222113,0.875371535901146,0.1239999975056884,0.0,0.0003295483712393,2015-10-28,0.6569593894964683,-0.022541706885593316
3.672573423863158e-05,1.6871584824532496e-13,0.999471022012298,0.0,0.0004922522528712,2015-10-29,0.00023362663551364848,-0.6567257628609546
0.0002310955754274,0.0001712659957039,0.9975431649838978,0.0,0.0020544734453782,2015-10-30,0.001181334450356605,0.0009477078148429565
0.0184356635689325,0.8634395049112901,0.1178060077327956,0.0,0.000318823786969,2015-11-02,0.6661428217671875,0.6649614873168309
0.0236070705802077,0.9294169146207192,0.0469133709848671,0.0,6.264381444059522e-05,2015-11-03,0.7206948140715232,0.05455199230433572
0.00713446816776,5.637312785085704e-11,0.991845217334416,0.0,0.0010203144417422,2015-11-04,0.007542593986736726,-0.7131522200847865
7.739008843016173e-08,2.8845484023352407e-27,0.997276725444539,0.0,0.0027231971654116,2015-11-05,0.00108935625625307,-0.006453237730483657
0.0077263484765482,0.9096195324084132,0.0790956839347494,0.0,0.0035584351800737,2015-11-06,0.6913643718548876,0.6902750155986346
1.4267949881784637e-07,7.540506824852058e-53,0.6002462682451936,0.0,0.3997535890755441,2015-11-09,0.15990157830971646,-0.5314627935451712
1.5040178184578196e-14,3.635645660585808e-44,0.8279383656095808,0.0,0.1720616343900219,2015-11-10,0.0688246537560238,-0.09107692455369266
0.0285410150127463,0.8470614140105837,0.1214204525313289,0.0,0.0029771184454067,2015-11-13,0.6650279228988467,0.596203269142823
0.9345779542412502,2.349448319644533e-07,0.0020269490325953,0.0,0.063394861780894,2015-11-16,0.9599360751622319,0.2949081522633852
0.0373749674020609,0.9504991078375796,0.0119459915932272,0.0,0.0001799331668685,2015-11-17,0.750321271546993,-0.20961480361523888
7.562424026542707e-12,3.907471679501911e-33,0.9978126180436746,0.0,0.0021873819483351,2015-11-18,0.000874952786896464,-0.7494463187600966
0.9931270925142762,2.6213652499217544e-05,1.4889665416989964e-07,0.0,0.0068465449369571,2015-11-19,0.9958853707284334,0.995010417941537
0.0088469170398556,0.9804504583904116,0.0105472713573176,0.0,0.0001553532122677,2015-11-20,0.7442469021175714,-0.25163846861086203
0.0274014660917951,0.8986018540648062,0.073864227489029,0.0,0.0001324523540065,2015-11-23,0.7014058375820023,-0.04284106453556913
0.0181419260483049,0.8820621217544176,0.0996727404928469,0.0,0.0001232117041898,2015-11-24,0.6797378020457939,-0.02166803553620833
0.9952457470850148,2.9320853888406943e-05,0.0036287900625836,0.0,0.001096141998074,2015-11-26,0.9957061945246607,0.31596839247886677
0.150778373618652,0.8482193521570969,0.0008367172710058,0.0,0.0001655569528264,2015-11-27,0.7870091105176052,-0.20869708400705544
0.052747627778469,0.8560811779708327,0.0909908925002134,0.0,0.0001803017502177,2015-11-30,0.6948806319566806,-0.09212847856092465
0.0721434877115547,0.8559329663852363,0.0718407786561325,0.0,8.276724688376521e-05,2015-12-01,0.7141263193992353,0.019245687442554726
0.0175922445751513,0.0011247834144754,0.980822818432615,0.0,0.0004601535779144,2015-12-02,0.01861989356717361,-0.6955064258320617
0.0006492554540541,0.0125247287646233,0.9853655119611746,0.0,0.0014605038197021,2015-12-03,0.010627003555402413,-0.007992890011771196
0.000347960874992,0.0006970003581353,0.993283381002142,0.0,0.0056716577642913,2015-12-04,0.003139374249309995,-0.007487629306092418
0.0221540277561593,9.91399515984212e-05,0.9761910715496676,0.0,0.0015557607425513,2015-12-07,0.02285068701687864,0.019711312767568642
7.14636332886197e-05,0.390507103290361,0.608311673830219,0.0,0.0011097592462902,2015-12-08,0.29339569479957545,0.2705450077826968
1.027413765802891e-09,2.5429111536653524e-38,0.9975401608248214,0.0,0.0024598381475421,2015-12-09,0.0009839362864306057,-0.2924117585131448
0.6319497497163762,0.3655111305979277,0.0007180109855822,0.0,0.0018211087002634,2015-12-10,0.9068115411449273,0.9058276048584968
5.547887546203831e-09,2.2846686054814386e-23,0.9971646642956518,0.0,0.0028353301560727,2015-12-11,0.0011341376103166264,-0.9056774035346107
0.9764262754311764,3.558270332251161e-35,0.0001962413942392,0.0,0.0233774831742105,2015-12-14,0.9857772687008607,0.984643131090544
0.762852877479241,0.2315460753828438,0.0036043484231899,0.0,0.0019966987148084,2015-12-15,0.9373111135022972,-0.048466155198563454
0.1473402035667933,0.8489084448219256,0.0036301411401252,0.0,0.0001212104713131,2015-12-16,0.7840700213717627,-0.1532410921305345
0.9870855057520218,0.0007601669811414,1.3818102156908286e-06,0.0,0.0121529454569402,2015-12-17,0.992516809170654,0.20844678779889125
5.922411687307798e-07,1.395042688631238e-18,0.9986652205800576,0.0,0.0013341871787544,2015-12-18,0.0005342671126704918,-0.9919825420579835
0.9979435668121168,5.9568810800196016e-34,1.912126250676127e-07,0.0,0.0020562419752497,2015-12-21,0.9987660636022166,0.9982317964895462
0.0029316824244691,0.0055993041347955,0.9910476285458828,0.0,0.0004213848949493,2015-12-22,0.007299714483545445,-0.9914663491186712
0.9951698957122548,0.0006261478927772,0.0008096711887678,0.0,0.003394285205787,2015-12-23,0.9969972207141524,0.9896975062306069
0.0596520429142124,0.8219378509452206,0.1183495776803862,0.0,6.052846000119201e-05,2015-12-24,0.6761296425071284,-0.32086757820702405
0.9985964129569468,4.023615155076467e-16,6.445769108221038e-05,0.0,0.001339129351945,2015-12-28,0.9991320646977251,0.3230024221905967
0.0526754262477417,0.8756459754240288,0.0716524532003927,0.0,2.6145128016548908e-05,2015-12-29,0.7094203658669699,-0.2897116988307552
0.0158072714781701,3.219111169388092e-05,0.9833465562227628,0.0,0.0008139811875282,2015-12-30,0.01615700728695179,-0.6932633585800181
0.9895721939754266,2.130166187039019e-06,0.0087665966135957,0.0,0.0016590792448615,2015-12-31,0.9902374232980115,0.9740804160110597
1.1033496864880593e-23,9.621060921085693e-96,0.9921565934475948,0.0,0.0078434065522831,2016-01-04,0.0031373626209132404,-0.9871000606770982
0.0821734960806148,0.0046826568259858,0.9118589148058948,0.0,0.0012849322871047,2016-01-05,0.08619946161494604,0.0830620989940328
0.0006749428801061,0.0021336922825372,0.9899867988787932,0.0,0.0072045659584845,2016-01-06,0.0051570384754028,-0.08104242313954324
7.956392512098698e-22,2.5884652112627822e-70,0.7578177756386245,0.0,0.2421822243611645,2016-01-07,0.0968728897444658,0.091715851269063
0.0779704796932054,0.9020629056468986,0.0186315856468372,0.0,0.0013350290134269,2016-01-08,0.7550516705337501,0.6581787807892843
2.1664433960651317e-05,0.8650226853646081,0.1309433500782877,0.0,0.0040123001230087,2016-01-11,0.6503935985066202,-0.10465807202712996
8.741066018027823e-07,2.114759297953448e-22,0.9561111878244876,0.0,0.0438879380688245,2016-01-12,0.017556049334131605,-0.6328375491724886
7.426344514246615e-09,0.0016457008699563,1.2508330120704487e-08,0.0,0.9983542791957026,2016-01-13,0.4005759947570928,0.3830199454229612
1.0698786939849895e-09,2.994364010871833e-05,0.000299044942519,0.0,0.9996710103472922,2016-01-14,0.3998908629388771,-0.0006851318182157229
1.3593644564884096e-17,3.8440602510100915e-102,0.0540139048842293,0.0,0.9459860951158504,2016-01-15,0.3783944380463402,-0.02149642489253689
6.493189382106607e-11,1.8614165935311861e-09,0.1070351744871396,0.0,0.8929648235868604,2016-01-18,0.35718593089573847,-0.02120850715060174
0.0843365117035179,0.0003291298760124,1.4741697798318289e-06,0.0,0.915332884250555,2016-01-19,0.4507165128107492,0.09353058191501074
4.761892440085653e-35,8.192020437802512e-12,3.255089822523462e-12,0.0,0.9999999999881766,2016-01-20,0.40000000000141467,-0.050716512809334535
4.6386351560834555e-08,4.265486858976599e-30,0.0178711436818902,0.0,0.9821288099319666,2016-01-21,0.3928515703591382,-0.007148429642276466
0.2399432042846375,4.6723921517415305e-11,4.0444966968261296e-14,0.0,0.7600567956684452,2016-01-22,0.5439659225870586,0.15111435222792036
0.1036556008916536,0.8306865674719752,0.0558479102621266,0.0,0.0098099213743538,2016-01-25,0.7305944950453765,0.186628572458318
0.1547976896152851,0.5632722038543645,0.2810981173569222,0.0,0.0008319891737245,2016-01-27,0.5775846381755483,-0.15300985686982826
0.0159226225686704,0.8884447151829427,0.0949980317231752,0.0,0.0006346305253422,2016-01-28,0.6825100111660142,0.10492537299046589
0.9051280779182792,4.061387964273315e-130,2.0034940615614176e-27,0.0,0.0948719220814365,2016-01-29,0.9430768467508538,0.2605668355848396
0.0815965576634472,0.4548472873575799,0.4611550216236277,0.0,0.0024011333552507,2016-02-01,0.4236924765237324,-0.5193843702271215
6.430610022438009e-15,7.167404280024222e-49,0.9858738261754494,0.0,0.0141261738246608,2016-02-02,0.005650469529870751,-0.4180420069938616
2.456998892791731e-05,0.6756821429171656,0.3014121879694529,0.0,0.0228810991244132,2016-02-03,0.5159386168265675,0.5102881472966967
0.0204952497459798,0.97655892906494,0.0019047680972311,0.0,0.0010410530921235,2016-02-04,0.7533308677815342,0.23739225095496674
0.99696100679164,1.2930837438381978e-16,1.2679174298493145e-07,0.0,0.0030388664170292,2016-02-05,0.9981765533584518,0.24484568557691755
1.957568960546009e-14,7.715194405943103e-34,0.9830185809345487,0.0,0.0169814190651807,2016-02-08,0.006792567626091856,-0.99138398573236
0.0002619279104049,0.8963922077540609,0.043672959911308,0.0,0.0596729044241227,2016-02-09,0.6964252454955997,0.6896326778695079
1.6979176501932268e-07,0.0024116663187354,0.75532366061192,0.0,0.2422645032779794,2016-02-10,0.09871472084200833,-0.5977105246535914
4.207895923643402e-84,0.0,4.400649982541869e-09,0.0,0.9999999955989552,2016-02-11,0.3999999982395821,0.30128527739757377
8.297789431285388e-13,0.0001662206397445,9.904519311877509e-09,0.0,0.9998337694549836,2016-02-12,0.4000581732626316,5.8175023049500396e-05
0.0033716343786281,6.696698733116932e-69,6.091943342457875e-31,0.0,0.9966283656216284,2016-02-15,0.4020229806272795,0.0019648073646478803
8.475908778537908e-30,1.7340254866349418e-197,4.674106613931288e-05,0.0,0.999953258933696,2016-02-16,0.39998130357347844,-0.0020416770538010387
4.0609938168143066e-08,0.0023987156010991,1.2819725248745164e-10,0.0,0.9976012436603272,2016-02-17,0.4008395747748934,0.0008582712014149618
0.0308043160253817,0.8539356279224769,7.232278587597275e-06,0.0,0.1152528237738736,2016-02-18,0.7173571664767888,0.3165175917018954
0.2789206459537102,0.6124777729046232,0.098382474533761,0.0,0.0102191066081122,2016-02-19,0.7423666182754226,0.025009451798633786
0.1134408186571005,0.8399542033641926,0.0462559197896023,0.0,0.0003490581889514,2016-02-22,0.7435460944558255,0.0011794761804029275
6.059499176711683e-23,6.300234101397424e-115,0.9710747614210492,0.0,0.0289252385793027,2016-02-23,0.01157009543172108,-0.7319759990241045
4.5475465012989285e-08,8.241838635702941e-11,0.9945077224681724,0.0,0.0054922319743562,2016-02-24,0.0021969383270212827,-0.009373157104699797
4.148708968306548e-05,3.985125882330805e-18,0.9970262820626092,0.0,0.0029322308480496,2016-02-25,0.0012143794289029084,-0.0009825588981183743
0.0272794928488112,0.9474243129104304,0.0014230205361669,0.0,0.0238731737049592,2016-02-26,0.7473969970136176,0.7461826175847147
1.141757780533236e-40,3.602240018333361e-16,2.5045088990231734e-21,0.0,1.0,2016-02-29,0.4000000000000003,-0.3473969970136173
0.0003354252784777,2.7957040438539823e-271,5.426838925133335e-70,0.0,0.9996645747213972,2016-03-01,0.4002012551670366,0.000201255167036285
0.1411206441136287,2.6073034559449334e-06,2.1936560097940962e-11,0.0,0.8588767485611277,2016-03-02,0.4846732990156718,0.08447204384863521
0.7838350068443378,0.0011153204667523,2.6770921190398e-07,0.0,0.215049404979709,2016-03-03,0.8706912591862856,0.38601796017061385
0.0270825402410963,0.9518594998410224,0.02031476977363,0.0,0.0007431901438157,2016-03-04,0.7412744411793893,-0.1294168180068963
0.0056451668339846,0.9537440746416334,0.0400580454788679,0.0,0.0005527130459365,2016-03-08,0.7211743080335843,-0.020100133145805055
0.9801889331410492,6.6507472315888965e-43,1.6394391761448554e-05,0.0,0.0197946724668546,2016-03-09,0.988106802127791,0.2669324940942067
0.0001246452889817,7.368827377362071e-06,0.996108899293915,0.0,0.0037590865899197,2016-03-10,0.0016338065454826016,-0.9864729955823084
0.0206489096119404,0.969588423072088,0.0094132633210112,0.0,0.0003494039946933,2016-03-11,0.7479799885138838,0.7463461819684012
0.0369058889514963,0.9436466846770182,0.0193225614640537,0.0,0.0001248649076227,2016-03-14,0.7446908484223089,-0.0032891400915748825
4.183219475673533e-08,7.214582143698217e-27,0.9978977049177344,0.0,0.002102253249752,2016-03-15,0.0008409431320955569,-0.7438499052902133
0.0538683153026168,0.9392706114262468,0.0031982433758499,0.0,0.0036628298953177,2016-03-16,0.7597864058304289,0.7589454626983333
0.0367175486788214,0.8928618296000851,0.0661855803179789,0.0,0.0042350414032642,2016-03-17,0.7080579374401909,-0.051728468390238036
0.9988998684067122,2.3165384832474404e-15,4.0363211749012025e-08,0.0,0.0011000912300827,2016-03-18,0.999339904898747,0.29128196745855617
0.9992387719291932,4.3934353929961976e-42,2.7499307950043936e-11,0.0,0.0007612280432096,2016-03-21,0.999543263146477,0.00020335824772999
0.0092624789607564,0.9778351333837744,0.0128254855819815,0.0,7.69020735880338e-05,2016-03-22,0.7426695898280223,-0.2568736733184547
0.0302456564413783,0.8784512577376125,0.0910755435211999,0.0,0.0002275422997075,2016-03-23,0.6891751166644706,-0.053494473163551715
3.5491357215760827e-16,4.2178095451351844e-67,0.9718059208428133,0.0,0.0281940791571607,2016-03-28,0.011277631662864636,-0.677897485001606
0.0061680657785739,0.8967240774317188,0.096807460585408,0.0,0.0003003962043401,2016-03-29,0.6788312823340991,0.6675536506712344
0.995759471377892,6.0414449104924335e-37,4.292165404383335e-15,0.0,0.0042405286220292,2016-03-30,0.9974556828267037,0.31862440049260465
0.0135325298269726,0.9590592576841964,0.0273183776460761,0.0,8.983484316747512e-05,2016-03-31,0.7328629070273869,-0.26459277579931684
0.0046164391245123,0.8938420875489567,0.1011092761863513,0.0,0.0004321971397599,2016-04-01,0.6751708836421337,-0.057692023385253144
0.0981315757950684,0.8926202569602066,0.0084082852435944,0.0,0.0008398820015355,2016-04-04,0.7679327213158375,0.09276183767370372
5.033449299779399e-25,1.3102824109494298e-118,0.8943396945082869,0.0,0.1056603054919732,2016-04-05,0.04226412219678928,-0.7256685991190481
0.0490892288480296,0.8728759829037555,0.0777380319701127,0.0,0.0002967562778459,2016-04-06,0.7038649185369845,0.6616007963401952
5.9558268839807924e-08,4.739574095062837e-42,0.9956674977843872,0.0,0.004332442657309,2016-04-07,0.00173303662119244,-0.7021318819157921
0.0292690687083095,0.896485949428823,0.0712800675207694,0.0,0.002964914342071,2016-04-08,0.7028194965167551,0.7010864598955627
0.3137564314583443,1.3818256788800504e-13,9.515750976921789e-13,0.0,0.6862435685402537,2016-04-11,0.5882538588745494,-0.11456563764220573
0.940919832007551,0.0012225677620539,0.0262494765710682,0.0,0.0316081236596241,2016-04-12,0.9544800072929411,0.36622614841839174
0.9902733518742176,1.0280989508993153e-21,3.634899347185802e-13,0.0,0.0097266481257355,2016-04-13,0.9941640111245118,0.03968400383157067
0.0844160854243568,0.9142256525278624,0.0009391582907321,0.0,0.0004191037566213,2016-04-18,0.770252966322902,-0.22391104480160984
0.0603593570273757,0.762212678125258,0.1769595584083597,0.0,0.0004684064389206,2016-04-20,0.6322062281968874,-0.13804673812601453
0.022831629971605,0.7766549384969267,0.1990136378329825,0.0,0.001499793698638,2016-04-21,0.6059227513237553,-0.02628347687313215
0.0255895849611266,0.8682616110798258,0.1060160340021495,0.0,0.0001327699572901,2016-04-22,0.676838901253912,0.07091614993015671
0.001285065407412,0.3486052158225911,0.6484042225060956,0.0,0.0017054962640525,2016-04-25,0.26342117577997637,-0.4134177254739356
0.9686264011540884,1.3797799495239178e-98,3.1176418671516056e-17,0.0,0.0313735988455932,2016-04-26,0.9811758406923257,0.7177546649123493
0.6616604580630103,0.0048856141834835,0.3300869445343967,0.0,0.0033669832190443,2016-04-27,0.6666714619882406,-0.3145043787040851
2.3434725991383334e-18,6.4023643648983445e-56,0.9883856786139672,0.0,0.0116143213856757,2016-04-28,0.0046457285542702825,-0.6620257334339703
0.0027056908068459,0.965194999595914,0.0305564740536642,0.0,0.0015428355432058,2016-04-29,0.7272190747210637,0.7225733461667935
0.0031066376091501,0.8850274960637273,0.1104693922056243,0.0,0.0013964741216699,2016-05-02,0.6674358493056135,-0.059783225415450225
1.6264606180939473e-08,7.099906871887028e-08,0.8434420816325037,0.0,0.1565578311036171,2016-05-03,0.06262320195535455,-0.604812647350259
0.0055144704681507,0.8893005122550351,0.103761010333166,0.0,0.0014240069438076,2016-05-04,0.6730594574369501,0.6104362554815955
0.0526006619448597,0.9309065613253362,0.0161975182324728,0.0,0.0002952584976987,2016-05-05,0.7508986863379413,0.07783922890099126
0.0220733916331646,0.9214319945359524,0.0563969823296011,0.0,9.76315011046561e-05,2016-05-06,0.7131864401355708,-0.03771224620237057
0.9925084402755424,2.145909051781116e-80,7.488183081814799e-19,0.0,0.007491559724138,2016-05-09,0.9955050641651976,0.2823186240296268
0.0493390673055765,0.9316697107814538,0.0189283100294481,0.0,6.291188332843142e-05,2016-05-10,0.7481165151449982,-0.24738854902019936
0.0001103994774614,0.6765515214069289,0.319166855692515,0.0,0.0041712234228558,2016-05-11,0.5091925299018003,-0.2389239852431979
0.1382594900366053,0.8558127081015982,0.0057301627665681,0.0,0.0001976390949938,2016-05-12,0.7801980767508014,0.27100554684900113
3.572403453494552e-07,5.376989361247148e-11,0.9975171996322256,0.0,0.0024824430740046,2016-05-13,0.0009933345102746097,-0.7792047422405268
0.0186082035975873,0.9793624073397426,0.0009564714153196,0.0,0.0010729176477135,2016-05-16,0.7535591761614796,0.752565841651205
0.0757461323329875,0.902853908058234,0.021197129134415,0.0,0.0002028304743937,2016-05-17,0.7529676955664205,-0.0005914805950590907
0.0037184587842291,0.9034136671618048,0.0927938014595124,0.0,7.407259405968784e-05,2016-05-18,0.6813083381932065,-0.07165935737321405
3.4223886772628655e-10,2.098487497217841e-41,0.9989045460813668,0.0,0.0010954535764658,2016-05-19,0.00043818177282518774,-0.6808701564203813
0.0033540816991349,0.0336190318623355,0.9618673585189418,0.0,0.0011595279197446,2016-05-20,0.029032166763784367,0.02859398499095918
0.004504889250459,5.377411686620585e-32,0.9712576790782184,0.0,0.0242374316715603,2016-05-23,0.01419986191908312,-0.014832304844701247
0.0705682441046125,0.8772393155674221,0.0518865607728122,0.0,0.0003058795547301,2016-05-24,0.728620082602071,0.7144202206829879
0.9735933472032664,4.99638609266795e-104,1.8843777626078538e-29,0.0,0.0264066527969171,2016-05-25,0.9841560083220332,0.2555359257199622
0.9928418530664308,1.4284087758648823e-24,2.7277062399123642e-14,0.0,0.0071581469336959,2016-05-26,0.9957051118399092,0.01154910351787597
0.999112753395388,5.185020462380602e-25,1.0795540477948693e-07,0.0,0.0008871386492296,2016-05-27,0.9994676088550798,0.0037624970151706183
0.0508964054013013,0.918727483247075,0.0303573812359892,0.0,1.873011555970233e-05,2016-05-30,0.7399495098828315,-0.2595180989722483
0.0394018520579695,0.0019043151889232,0.9571504177509066,0.0,0.0015434150024434,2016-05-31,0.04144745445063926,-0.6985020554321922
0.0941149608035352,0.8390224850400257,0.0667340582797404,0.0,0.0001284958768006,2016-06-01,0.7234332229342747,0.6819857684836355
0.9903925784750938,5.904762195553962e-14,0.0071986188818515,0.0,0.0024088026426111,2016-06-02,0.9913560995321825,0.2679228765979078
0.0564867048707024,0.8755658171465595,0.0678903618577897,0.0,5.711612508455522e-05,2016-06-03,0.7131839141806559,-0.27817218535152666
0.0481972810541737,0.6838726226922188,0.2675061966686902,0.0,0.0004238995844811,2016-06-06,0.5612713079071302,-0.15191260627352565
0.1700157282905427,0.8283977601734561,0.0010594512888706,0.0,0.0005270602472298,2016-06-07,0.7915248725195267,0.23025356461239654
0.0433428749216751,0.8853891589357442,0.0712076748869749,0.0,6.029125522172566e-05,2016-06-08,0.707408860625572,-0.08411601189395479
7.528061545845136e-06,2.507941423743752e-16,0.998567667636941,0.0,0.0014248043011922,2016-06-09,0.0005774497820229133,-0.7068314108435491
0.00028788399208,0.9080912537568344,0.090332540007893,0.0,0.0012883222436072,2016-06-10,0.6818716532071487,0.6812942034251258
0.0024940958543617,0.8948782901765008,0.1017355708934074,0.0,0.0008920430755327,2016-06-13,0.6740096307169503,-0.007862022490198406
0.0236124813221726,0.911353804161763,0.0649499361779812,0.0,8.377833812896086e-05,2016-06-14,0.7071613457787465,0.03315171506179615
0.998663552577484,5.214947792715182e-13,2.681271687687751e-07,0.0,0.0013361792947122,2016-06-15,0.99919802429576,0.29203667851701354
2.0626533384174585e-05,0.773425845373445,0.2253675122138152,0.0,0.0011860158796529,2016-06-16,0.5805644169153291,-0.41863360738043087
0.0755641224345511,0.8953273844426801,0.0285831958089326,0.0,0.0005252973140425,2016-06-17,0.7472697796921781,0.166705362776849
0.925590817791479,1.3283467075059736e-77,2.443470392735384e-09,0.0,0.0744091797650252,2016-06-20,0.955354489697489,0.20808471000531092
0.1156358399530378,0.1921538932820298,0.6875254846768787,0.0,0.0046847820884661,2016-06-21,0.2616251727499466,-0.6937293169475425
0.0039164766117022,0.913296955973377,0.0812466575242788,0.0,0.0015399098908665,2016-06-22,0.6895051575480816,0.427879984798135
0.8738021932690406,8.312156650115648e-11,0.0002150551542184,0.0,0.1259827514931746,2016-06-23,0.9241952939286516,0.23469013638057
3.407747854912029e-21,7.331836014413289e-05,6.261648987018859e-05,0.0,0.9998640651496904,2016-06-24,0.4000006148299843,-0.5241946790986673
0.4149304546611823,3.96116456887711e-05,0.4244070586371045,0.0,0.1606228750562348,2016-06-27,0.47920931341794276,0.07920869858795848
0.2910879307886691,0.6720067224629078,0.0350035215967897,0.0,0.0019018251517314,2016-06-28,0.7958537026965425,0.3166443892785998
0.5794960695471599,0.4177728541276074,0.0016704872272903,0.0,0.001060589098359,2016-06-29,0.8932499457822091,0.09739624308566652
0.2222714205366791,0.7769067582840773,0.0003232556138123,0.0,0.0004985655658218,2016-06-30,0.8051509154760659,-0.08809903030614319
0.0986241092009385,0.8862311113093534,0.0150011216396615,0.0,0.0001436578496836,2016-07-01,0.763354905822827,-0.04179600965323893
0.0822946296575388,0.8809715230377334,0.036616941510155,0.0,0.0001169057947225,2016-07-04,0.7430700342537279,-0.020284871569099083
0.0190250834392599,0.0013944613143103,0.9783527582404646,0.0,0.0012276970056262,2016-07-05,0.020562008227243106,-0.7225080260264848
0.0681450093682042,0.8332742457364649,0.0983685501392348,0.0,0.0002121947563975,2016-07-07,0.6931855715731119,0.6726235633458688
0.0149239396918843,0.886708687227571,0.0981918071268711,0.0,0.0001755659534221,2016-07-08,0.6800256814939315,-0.013159890079180392
0.9783786896160304,4.192284646271421e-10,5.282848046394371e-09,0.0,0.0216213046816217,2016-07-11,0.9870272118031004,0.3070015303091689
0.1096590445480007,0.8839404281502097,0.006219135708114,0.0,0.0001813915937589,2016-07-12,0.7726869222981616,-0.21434028950493877
0.0318083879395261,0.9068376817098456,0.0612898674231753,0.0,6.406292764312971e-05,2016-07-13,0.7119622743929676,-0.06072464790519405
0.982365876243321,0.0003010609729227,0.0161014617372317,0.0,0.0012316010467488,2016-07-14,0.9830843123917126,0.271122037998745
0.0020638488393553,0.9367633966343412,0.0611416690916871,0.0,3.1085435059389486e-05,2016-07-15,0.7046488304891348,-0.2784354819025777
0.005383136675303,0.0008048454923083,0.9921903324290098,0.0,0.0016216854038042,2016-07-18,0.006635444956055905,-0.6980133855330789
0.052850457303007,0.9066503156773708,0.0404004259897949,0.0,9.880102951023547e-05,2016-07-19,0.7328777144728391,0.7262422695167832
0.9448832662408574,1.607155307282736e-09,0.0532248978545881,0.0,0.0018918342973549,2016-07-20,0.9456400011651658,0.21276228669232666
8.276504274512374e-05,9.391904720085093e-24,0.9984659753457412,0.0,0.0014512596114085,2016-07-21,0.0006632688873085238,-0.9449767322778573
0.0757302751322031,0.8997058919910097,0.0244299274725304,0.0,0.0001339054043737,2016-07-22,0.7505632562872098,0.7498999873999013
0.9885731161077388,2.4256651847989607e-73,2.2136362579728163e-11,0.0,0.0114268838702937,2016-07-25,0.9931438696558563,0.24258061336864656
0.0128799920924057,0.0268057818648167,0.9588308915791548,0.0,0.0014833344635109,2016-07-26,0.03357766227642259,-0.9595662073794338
0.0191017601968935,0.9670015252987044,0.0135796117661719,0.0,0.0003171027383455,2016-07-27,0.74447974526626,0.7109020829898375
0.3359194507273727,0.6354465794839561,0.028262721161624,0.0,0.0003712486269735,2016-07-28,0.8126528847911292,0.06817313952486914
0.1011869245449025,0.1541272707860493,0.7429811052553399,0.0,0.0017046994141543,2016-07-29,0.2174642574001012,-0.595188627391028
0.0006686545992236,0.9790756308492974,0.0188049526175664,0.0,0.0014507619338832,2016-08-01,0.73555568250975,0.5180914251096488
0.0066794827392374,0.9101834134460892,0.0830681906682817,0.0,6.891314615371119e-05,2016-08-02,0.6893446080822657,-0.04621107442748429
8.624702820625346e-08,9.537746348829813e-34,0.9988840681696994,0.0,0.0011158455829466,2016-08-03,0.00044642448020684625,-0.6888981836020589
0.3212500106464795,0.0445766691729282,0.6325427786239255,0.0,0.0016305415562985,2016-08-04,0.35533472914869507,0.35488830466848825
0.998020839636154,4.590109160839825e-26,3.3184009924509097e-11,0.0,0.0019791603303523,2016-08-05,0.9988125037682949,0.6434777746195999
0.0765620926422821,0.8698579542568677,0.0535329254353112,0.0,4.702766556324424e-05,2016-08-08,0.7289743694011581,-0.2698381343671368
0.0049182802573358,0.0456934480870896,0.9486964603747676,0.0,0.0006918112803874,2016-08-09,0.03946509083480797,-0.6895092785663501
9.432618458305137e-12,7.845219982417242e-60,0.9931157173605816,0.0,0.0068842826299051,2016-08-10,0.0027537130613946585,-0.03671137777341331
0.0529814159413146,0.9068052931814734,0.0400490979509182,0.0,0.0001641929264507,2016-08-11,0.7331510629979999,0.7303973499366052
0.0774552073224165,0.9190038711673392,0.0032871327546202,0.0,0.0002537887552799,2016-08-16,0.7668096262000329,0.033658563202032976
0.0152199942596497,0.9075395164201168,0.0770928796586461,0.0,0.0001476096616978,2016-08-17,0.6959336754394164,-0.07087595076061648
0.1899525149867029,0.7922566882915969,0.0174834981325254,0.0,0.0003072985894237,2016-08-18,0.78426795064117,0.08833427520175363
0.0576888253043317,0.7711605471208726,0.170974713232529,0.0,0.0001759143423265,2016-08-19,0.6361296013819168,-0.1481383492592533
0.01282742435667,0.3900969341317809,0.596246189058237,0.0,0.0008294524534313,2016-08-22,0.3057319059368782,-0.33039769544503855
0.0474149661397113,0.8722594340227473,0.0801178473245807,0.0,0.0002077525129455,2016-08-23,0.70169264266195,0.39596073672507176
0.0707248149156749,0.8468961590169332,0.0822927128686949,0.0,8.631319914253228e-05,2016-08-24,0.7059314594580317,0.004238816796081735
2.2993983178480763e-05,2.9971031418570124e-17,0.9992743511920196,0.0,0.0007026548245369,2016-08-25,0.00030405591299326325,-0.7056274035450384
0.0432683710101073,0.2090685220942337,0.7465184431282109,0.0,0.0011446637673719,2016-08-26,0.20052762808773136,0.2002235721747381
0.0480075440386095,0.940798916235468,0.0110759450191694,0.0,0.0001175947065996,2016-08-29,0.7536537690978503,0.5531261410101189
0.9971650972175298,7.053569956511755e-46,8.516563861300746e-14,0.0,0.0028349027820274,2016-08-30,0.9982990583303407,0.2446452892324904
0.2214356530447845,0.7650701840493486,0.0133773296559438,0.0,0.0001168332495444,2016-08-31,0.7952850243816136,-0.20301403394872708
0.0280944571164011,0.9022578962655872,0.0695307414228276,0.0,0.0001169051951887,2016-09-01,0.704834641393667,-0.09045038298794661
0.0849320935130067,0.8914602508266224,0.0235156697047466,0.0,9.198595525751208e-05,2016-09-02,0.7535640760150765,0.04872943462140944
0.9984125534457716,1.5054540978532547e-34,1.3818474504579212e-11,0.0,0.0015874465401692,2016-09-06,0.9990475320618393,0.2454834560467628
0.0402133294725655,1.7924487111717558e-10,0.9584026510835264,0.0,0.0013840192642282,2016-09-07,0.04076693731269043,-0.9582805947491488
0.3715041162795968,0.52260373378792,0.1052526994498091,0.0,0.0006394504823984,2016-09-08,0.7637126968134962,0.7229457595008058
6.606126118099888e-06,6.312783100290582e-16,0.9896758790266555,0.0,0.0103175148473619,2016-09-09,0.004133612065063333,-0.7595790847484328
1.989542942619992e-05,0.7920170355803093,0.0024138538547172,0.0,0.2055492151355702,2016-09-12,0.6762523581688862,0.6721187461038228
0.0511425151584552,0.9052969823597304,0.0428137976443354,0.0,0.0007467048372472,2016-09-14,0.730413933863152,0.05416157569426583
0.0933622252447684,0.8437128672646755,0.0627232136688477,0.0,0.0002016938216285,2016-09-15,0.7262275532219263,-0.004186380641225673
0.0274522880328487,0.9653578528855092,0.0066765976512898,0.0,0.0005132614306823,2016-09-16,0.7516759822692536,0.025448429047327248
0.0604799260061418,0.9045911133244,0.0348651841846361,0.0,6.377648476346324e-05,2016-09-19,0.7389487715933473,-0.01272721067590632
0.04148021457101,0.0153554604542961,0.9417478729348012,0.0,0.0014164520396837,2016-09-20,0.05356339072760555,-0.6853853808657417
0.0283559753024486,0.9079310015483524,0.063534546790648,0.0,0.0001784763584488,2016-09-21,0.7093756170070925,0.655812226279487
0.0988548933136822,0.8987172373021747,0.0020084664711335,0.0,0.0004194029131788,2016-09-22,0.7730605824555847,0.06368496544849223
0.0090382879448276,1.955928127500388e-05,0.9904124757369848,0.0,0.0005296770367885,2016-09-23,0.009264828220499254,-0.7637957542350855
1.963850174351634e-09,5.1824359496267746e-34,0.9973366445820128,0.0,0.0026633534539746,2016-09-26,0.0010653433454400143,-0.008199484875059239
0.0501037440622044,0.2381903016492174,0.7101132288993507,0.0,0.0015927253896731,2016-09-27,0.22938356045498667,0.22831821710954667
0.1225224572093575,0.8091678483513924,0.0528796858491421,0.0,0.0154300085901362,2016-09-28,0.7355703469089564,0.5061867864539698
1.4897730400065068e-30,4.727649080759564e-169,0.0595438760857043,0.0,0.9404561239146182,2016-09-29,0.3761824495658473,-0.3593878973431091
0.0173616547445893,0.9710695075091548,0.0089344725383525,0.0,0.0026343652078416,2016-09-30,0.7467175314595921,0.3705350818937448
0.9951740105097132,3.048546460094986e-09,5.759208346069179e-09,0.0,0.0048259806820789,2016-10-03,0.9971044050689546,0.2503868736093625
0.076462773800575,0.8876610664363743,0.0358400810018801,0.0,3.607876121187282e-05,2016-10-04,0.7422230051323405,-0.2548813999366141
0.0093406115904315,2.511919798131675e-12,0.9898150771353232,0.0,0.0008443112715402,2016-10-05,0.00967833610093152,-0.732544669031409
0.0034224961717728,0.0001349254566751,0.994894380119299,0.0,0.0015481982523465,2016-10-06,0.004142969565217725,-0.005535366535713794
0.0226116560384012,0.873785715242209,0.103455967842058,0.0,0.0001466608777632,2016-10-07,0.6780096068211632,0.6738666372559454
0.1315985484304949,0.6715207979958205,0.1965423621301036,0.0,0.0003382914436326,2016-10-10,0.6353744635048133,-0.04263514331634988
4.46390209126309e-13,1.209727238972145e-23,0.9897639965937132,0.0,0.0102360034059561,2016-10-13,0.0040944013628288305,-0.6312800621419845
0.0406297168062706,0.8781372165115514,0.0811384973256559,0.0,9.456935697420296e-05,2016-10-14,0.6992704569327238,0.695176055569895
1.215036243329842e-06,1.5097552446052115e-34,0.9976335683798844,0.0,0.0023652165842566,2016-10-17,0.0009473016699459699,-0.6983231552627779
0.9896026447577422,6.861770658311213e-87,2.3356360754974916e-20,0.0,0.0103973552420746,2016-10-18,0.993761586854572,0.9928142851846261
0.1080316411510747,0.2343272559353275,0.6567629608871822,0.0,0.0008781420260628,2016-10-19,0.28412833991299546,-0.7096332469415766
0.1175241498392254,0.8533742005896795,0.0288729899422915,0.0,0.0002286596285791,2016-10-20,0.7576462641329167,0.4735179242199212
0.0307029001263279,0.9027791743744042,0.0663923297540034,0.0,0.0001255957451235,2016-10-21,0.7078375192051805,-0.04980874492773624
0.0773301449578481,0.8615524103845745,0.0609536299459963,0.0,0.0001638147116078,2016-10-24,0.7235599786309221,0.015722459425741686
0.0234696561309378,0.7446606319076672,0.2317264657518097,0.0,0.0001432462098124,2016-10-25,0.5820224285456131,-0.141537550085309
0.0012065386949263,0.0050227051707619,0.9895765105044028,0.0,0.0041942456294798,2016-10-26,0.0066512658247896445,-0.5753711627208234
0.0248743296045567,0.9002469372972195,0.0745864261937314,0.0,0.0002923069042674,2016-10-27,0.7001764553391783,0.6935251895143886
0.0467123966056258,0.9267249824044848,0.0263868278098641,0.0,0.000175793179886,2016-10-28,0.7418264506809437,0.04164999534176539
0.0345715471861885,0.8311915262039581,0.1337233415530399,0.0,0.0005135850566096,2016-11-01,0.6581706258618009,-0.0836558248191428
0.0005947164445645,0.7208894411559018,0.2160430250149169,0.0,0.0624728173848194,2016-11-02,0.5662509242654187,-0.09191970159638219
0.0067128182100148,0.884140218425099,0.1089363246633186,0.0,0.0002106387012846,2016-11-03,0.669902237509353,0.10365131324393428
0.0001054989267434,1.282200233809382e-09,0.9990563715653296,0.0,0.000838128225312,2016-11-04,0.00044075117851837534,-0.6694614863308346
0.9843021078096902,0.0064821654861595,0.0070743357064886,0.0,0.0021413909980479,2016-11-07,0.990020288323529,0.9895795371450106
0.0198256882918428,0.970275955051235,0.0063634208277823,0.0,0.0035349358289666,2016-11-08,0.7489466289118557,-0.24107365941167325
1.2293838740662924e-76,0.0,7.765901401199914e-34,0.0,1.0,2016-11-09,0.4,-0.3489466289118557
0.0133392425826525,0.4418441259894806,1.3708814774767706e-05,0.0,0.544802922612896,2016-11-10,0.5626435061199213,0.1626435061199213
2.2950868090545917e-39,3.387163513111621e-156,0.0037725773421533,0.0,0.996227422658144,2016-11-11,0.39849096906325765,-0.16415253705666366
8.903958281352702e-38,3.0047754006456136e-190,0.0012433146911376,0.0,0.9987566853086473,2016-11-15,0.3995026741234589,0.0010117050602012623
0.0231606717150507,2.0120582324054934e-29,0.0383871343729233,0.0,0.9384521939116256,2016-11-16,0.398541549279701,-0.0009611248437579323
0.0004216768383846,0.9534050577477758,0.0352521775153771,0.0,0.0109210878982786,2016-11-17,0.7198439053085278,0.32130235602882684
0.0021207906563644,0.9405229910791886,0.0517922601922291,0.0,0.0055639580719411,2016-11-18,0.7097386171945322,-0.01010528811399558
1.513808612149175e-29,4.8810758162621395e-207,0.0416980660987375,0.0,0.9583019339014632,2016-11-21,0.3833207735605853,-0.32641784363394694
0.0484844503977853,0.9257039069056122,0.0001853792142223,0.0,0.0256262634819848,2016-11-22,0.7530128859697883,0.369692112409203
0.020897455914705,0.9692384886761518,0.009681300546354,0.0,0.000182754862583,2016-11-23,0.7478994243668521,-0.005113461602936242
0.0002743436407282,0.0007087467420456,0.9973132814038012,0.0,0.0017036282136211,2016-11-24,0.00148735498271084,-0.7464120693841413
0.9880108255873884,2.2702958494400123e-33,4.0580981171156607e-17,0.0,0.011989174412877,2016-11-25,0.9928064953525392,0.9913191403698284
0.5850619093795794,0.1076326778834338,0.3050095781523338,0.0,0.0022958345847907,2016-11-28,0.666704751626071,-0.32610174372646816
0.0351116018993055,0.9361204600245158,0.0287008571039366,0.0,6.708097195754594e-05,2016-11-29,0.7372287793064753,0.07052402768040433
0.9881403079846643,0.0098928749832572,0.0001080951019548,0.0,0.0018587219299358,2016-11-30,0.9963034529940815,0.25907467368760617
0.0086406500430356,1.703391869474641e-07,0.9910312779261624,0.0,0.000327901691212,2016-12-01,0.008771938473910612,-0.9875315145201708
5.0986946282273625e-08,9.547141049786029e-14,0.9951559652566148,0.0,0.0048439837563832,2016-12-02,0.0019376444895711656,-0.006834293984339447
0.2991456667109345,0.6863455942593905,0.0132434072028603,0.0,0.0012653318270566,2016-12-05,0.8144109951363001,0.812473350646729
0.0471131495298927,0.8981587291800295,0.0546740337019496,0.0,5.408758846530451e-05,2016-12-06,0.7207538314503008,-0.0936571636859993
0.0001679983824198,1.81666700591994e-06,0.9977449595873676,0.0,0.0020852253633672,2016-12-07,0.00100345102802112,-0.7197503804222797
0.9941688364850972,1.8717789083139162e-50,5.489213065558369e-16,0.0,0.0058311635145098,2016-12-08,0.9965013018909011,0.99549785086288
0.0527898475816686,0.8990217618149065,0.0481506758019669,0.0,3.7714801836284e-05,2016-12-09,0.7270712548635829,-0.2694300470273182
3.26168409072815e-06,7.258460635617103e-12,0.9963277402962256,0.0,0.0036689980125364,2016-12-12,0.0014708608945491336,-0.7256003939690338
0.067482919539032,0.92732277776873,0.0050590289947882,0.0,0.00013527369707,2016-12-13,0.7630291123444074,0.7615582514498582
0.0076731312610515,4.170743152495903e-05,0.9909980330799968,0.0,0.0012871282278347,2016-12-14,0.0082192631258291,-0.7548098492185783
0.0002150115968517,0.9115625643599848,0.0878473449105154,0.0,0.0003750791322125,2016-12-15,0.6840369665197252,0.6758177033938961
0.1184084177587022,0.0018572301835719,0.8781345970386791,0.0,0.0015997550188896,2016-12-16,0.12044124240393697,-0.5635957241157883
0.0211109594596249,0.7839888505886963,0.1944212951686291,0.0,0.0004788947834542,2016-12-19,0.6092941553145288,0.48885291291059185
0.0110940066161715,0.788280704583157,0.200519632472451,0.0,0.0001056563279267,2016-12-20,0.60234679758471,-0.006947357729818804
0.0273550121544534,4.323153985138936e-05,0.9720254475997988,0.0,0.0005763087055344,2016-12-21,0.0276179592915557,-0.5747288382931542
1.474446046539974e-06,1.5709700094707358e-15,0.9978962413863808,0.0,0.0021022841674077,2016-12-22,0.0008423881130107982,-0.026775571178544903
0.0097580226922429,0.9427748551580932,0.0473397825772446,0.0,0.0001273395720894,2016-12-23,0.7168900998896486,0.7160477117766377
1.2910735334359806e-05,8.324891274855607e-10,0.9985962802018008,0.0,0.0013908082303605,2016-12-26,0.0005692346518454055,-0.7163208652378031
0.9941165474625592,3.557285335061237e-62,7.589019066540585e-17,0.0,0.0058834525378,2016-12-27,0.9964699284776791,0.9959006938258337
0.0162662969183449,0.9532989700397976,0.0303954263469916,0.0,3.930669489342068e-05,2016-12-28,0.7312562471261504,-0.2652136813515287
0.999171012552524,1.5656780620928872e-19,9.970248946059342e-06,0.0,0.0008190171988216,2016-12-29,0.9994986194320526,0.2682423723059022
0.9996275447780668,1.1698179030482746e-15,2.2780844463179477e-06,0.0,0.0003701771371441,2016-12-30,0.9997756156329254,0.0002769962008727367
0.0126280868103061,0.9382597808178174,0.0490518549818768,0.0,6.027739031603631e-05,2017-01-02,0.7163470333797956,-0.28342858225312983
0.0389422366082947,0.9182971106443668,0.0425317385842114,0.0,0.000228914163267,2017-01-03,0.7277566352568765,0.011409601877080955
0.0496285681961992,0.8785974947831197,0.0716856159075022,0.0,8.832111340662315e-05,2017-01-04,0.7086120177289017,-0.019144617527974805
0.9983658242608838,3.7887643406726267e-07,0.0001554844569166,0.0,0.0014783124057677,2017-01-05,0.9989574333805165,0.29034541565161476
0.0161986343092862,0.4764483540386741,0.507069987789985,0.0,0.000283023861934,2017-01-06,0.37364810938306536,-0.6253093239974511
0.0954721243389569,0.654043408131253,0.2501106635617194,0.0,0.0003738039684612,2017-01-09,0.5861542020247811,0.21250609264171572
0.7693381524071315,0.1812850314676698,0.0479436906933659,0.0,0.0014331254321335,2017-01-10,0.9058751761807372,0.31972097415595613
0.999102455535469,7.54437473805579e-09,1.2408717817789443e-05,0.0,0.0008851282027375,2017-01-11,0.999456512474845,0.09358133629410781
0.0614814146630042,0.9072391480231428,0.0312531454525365,0.0,2.6291861075142917e-05,2017-01-12,0.7419212924247913,-0.2575352200500537
0.1151759777231551,6.689033911078508e-05,0.8818702171597086,0.0,0.0028869147776411,2017-01-13,0.11638091138854463,-0.6255403810362467
0.0615472284014761,0.8842336789709238,0.0540728912381774,0.0,0.0001462013892643,2017-01-16,0.7247809681853745,0.6084000567968298
0.0162218295758525,0.9109583188153364,0.0726741174599654,0.0,0.0001457341490061,2017-01-17,0.6994988623469572,-0.02528210583841728
0.0528422888392004,0.9150079958885292,0.0320047720645841,0.0,0.0001449432079861,2017-01-18,0.7391562630387918,0.03965740069183454
0.0514536259976023,0.8951296650589342,0.0533547057921779,0.0,6.200315107027209e-05,2017-01-19,0.7228256760522311,-0.016330586986560647
1.901802151060298e-05,5.935134049755986e-06,0.9983335107142964,0.0,0.0016415361299247,2017-01-20,0.0006800838240178,-0.7221455922282133
0.990862639805868,5.094325720968597e-12,0.0077620788582104,0.0,0.0013752813306032,2017-01-23,0.9914127523419299,0.9907326685179121
0.9997276501846728,2.7073423298327937e-17,2.4049360382265878e-06,0.0,0.0002699448790784,2017-01-24,0.9998356281363041,0.008422875794374174
0.9993497747788076,2.6509964471375416e-47,8.946333747023399e-14,0.0,0.0006502252208233,2017-01-25,0.9996098648671369,-0.000225763269167234
0.1593595417777456,0.8278736945356113,0.0126928886723332,0.0,7.387501389131852e-05,2017-01-27,0.7802943626850105,-0.21931550218212637
0.0373849660380266,0.8519471111253722,0.1105828181286857,0.0,8.510470802667802e-05,2017-01-30,0.6763793412652664,-0.10391502141974407
1.441366404674492e-05,1.1039309968451009e-18,0.9974579917534866,0.0,0.0025275945821263,2017-01-31,0.0010254514968972659,-0.6753538897683692
0.9644079898189222,1.0454648125281188e-67,2.4504139000799586e-21,0.0,0.0355920101809845,2017-02-01,0.978644793891316,0.9776193423944187
0.0425505583064629,0.9336421723933832,0.02359250823422,0.0,0.0002147610662016,2017-02-02,0.742868092027981,-0.235776701863335
0.0805585798214689,0.8441657447882873,0.0750852799456262,0.0,0.0001903954443208,2017-02-03,0.7137590465904127,-0.029109045437568315
0.0977612269775326,0.892029415543728,0.0100178973102928,0.0,0.0001914601680091,2017-02-06,0.7668598727025323,0.05310082611211964
0.0221072180550679,0.4430010008006559,0.5341615929500693,0.0,0.0007301881943297,2017-02-07,0.3546500439332917,-0.4122098287692406
0.025566349481547,0.9063230204647166,0.0678403621823972,0.0,0.0002702678713198,2017-02-08,0.7054167219786124,0.3507666780453207
0.0086507750782938,0.9687963713819338,0.0222268061320486,0.0,0.0003260474079692,2017-02-09,0.7353784725779318,0.02996175059931938
0.0628676686421305,0.8942305037697745,0.0427726435701471,0.0,0.0001291840176375,2017-02-10,0.7335922200765164,-0.0017862525014153974
0.0316957392245434,0.9291059015467894,0.0390623719327634,0.0,0.0001359872959341,2017-02-13,0.7285795603030091,-0.005012659773507289
0.0427492912580585,0.7188234150626841,0.2382787823643265,0.0,0.0001485113148313,2017-02-14,0.5819262570810041,-0.14665330322200498
0.0001542003155191,0.0020351518891549,0.9966348865899896,0.0,0.0011757612057028,2017-02-15,0.0021508687146663953,-0.5797753883663377
0.8140317829889236,0.163252968438586,0.0220398677205502,0.0,0.0006753808517719,2017-02-16,0.9367416616585719,0.9345907929439055
0.9905262006559736,2.580638031110889e-06,0.0089539455062845,0.0,0.0005172732001095,2017-02-17,0.9907350454145408,0.05399338375596896
0.9983878611894385,7.394730080175616e-10,0.0011950154350573,0.0,0.0004171226357286,2017-02-20,0.9985547107983347,0.007819665383793861
0.067293862044724,0.9158735772106028,0.0167949796857194,0.0,3.75810588539689e-05,2017-02-21,0.7542140773762177,-0.24434063342211698
0.0804505295122102,0.869951021546592,0.0494292717755814,0.0,0.0001691771654373,2017-02-22,0.7329814665383291,-0.021232610837888632
0.0382966884535135,0.9070870056363616,0.0545649194070044,0.0,5.138650299510116e-05,2017-02-23,0.7186324972819828,-0.014348969256346322
0.0110504807982104,0.0001559789646151,0.9873726853267956,0.0,0.0014208549103707,2017-02-27,0.011735806985820005,-0.7068966902961628
0.027853212388418,0.8670192512462669,0.1050202865452432,0.0,0.0001072498202242,2017-02-28,0.6781605507512078,0.6664247437653879
0.9582845309818682,0.030488454557426,0.0104184748366009,0.0,0.0008085396237083,2017-03-01,0.981474287749421,0.3033137369982132
0.0002154195119041,4.3412292062716864e-16,0.9988229262611086,0.0,0.0009616542269037,2017-03-02,0.0006000812026659057,-0.9808742065467552
0.045925869185917,0.867559245942852,0.0864169028057377,0.0,9.798206558790148e-05,2017-03-03,0.6966344964692913,0.6960344152666255
0.994926796359553,5.608282414974619e-09,0.0029902480045307,0.0,0.0020829500277124,2017-03-06,0.9957599805768498,0.29912548410755846
0.137567714993411,0.4376202654682051,0.4244005213006547,0.0,0.0004114982379854,2017-03-07,0.465947513389759,-0.5298124671870907
0.0140548988604801,0.8784998370222904,0.1072791090730234,0.0,0.0001661550444802,2017-03-08,0.6729962386449899,0.20704872525523094
0.0563923373785323,0.876649389582136,0.0668044026700558,0.0,0.0001538703690126,2017-03-09,0.7139409277127394,0.04094468906774951
0.0291281237953274,0.9310737006151778,0.0395541242975317,0.0,0.000244051291751,2017-03-10,0.7275310197734111,0.013590092060671632
0.0750400541520505,0.8889811649763817,8.332073747332974e-06,0.0,0.0359704487981422,2017-03-14,0.7561641074035936,0.028633087630182574
0.0774708067384868,0.8322485566948852,0.0898668961056383,0.0,0.0004137404607945,2017-03-15,0.7018227204439685,-0.05434138695962509
0.4901017831882507,0.4730964424581144,0.0351873294828137,0.0,0.0016144448706805,2017-03-16,0.8455698929801088,0.14374717253614022
0.3511737584196875,0.0096307082379707,0.6385513382047387,0.0,0.0006441951378379,2017-03-17,0.35865446765330067,-0.4869154253268081
0.048227047795863,0.0029466935642954,0.9473472570302324,0.0,0.0014790016096549,2017-03-20,0.05102866861294651,-0.30762579904035414
0.035670301739932,0.8786164661444407,0.0855295661014265,0.0,0.0001836660146321,2017-03-21,0.6947061177541154,0.6436774491411689
0.0010803722471027,0.9500894315692447,0.0476905654812896,0.0,0.0011396307024596,2017-03-22,0.7141032982050202,0.019397180450904772
0.9550036649142306,0.0179133713898756,0.02539329763422,0.0,0.001689666061717,2017-03-23,0.9691145598813241,0.25501126167630395
0.0669787917346002,0.8822648414797761,0.0507255235218124,0.0,3.084326339915959e-05,2017-03-24,0.7286897601497919,-0.2404247997315322
0.0022788654264435,0.0011102453012331,0.994928514400014,0.0,0.0016823748723876,2017-03-27,0.003784499351323365,-0.7249052607984685
0.1554650348283579,0.818625277977299,0.0252752545552853,0.0,0.000634432638721,2017-03-28,0.7696877663668206,0.7659032670154972
0.0954870853878267,0.8828407106196036,0.0215399722779381,0.0,0.0001322317150666,2017-03-29,0.757670511038556,-0.012017255328264587
0.4346578201285233,0.4502099372358398,0.1143742980358822,0.0,0.0007579446001112,2017-03-30,0.7726184508954477,0.01494793985689169
0.0539602647683782,0.8864977999276304,0.0594258786399824,0.0,0.0001160566643197,2017-03-31,0.718880037379829,-0.0537384135156187
0.1174709863537076,0.8754507764497169,0.0068279719026315,0.0,0.0002502652937293,2017-04-03,0.774159174808487,0.055279137428657976
0.096089165018907,0.8617141055352455,0.0420108305124744,0.0,0.0001858989336866,2017-04-05,0.7424491037438158,-0.031710071064671164
0.0433363778960742,0.8886840969397379,0.067849610418406,0.0,0.0001299147460896,2017-04-06,0.7099014164993135,-0.0325476872445023
0.0019309058411159,0.8622477596369152,0.1356025189767112,0.0,0.0002188155450391,2017-04-07,0.648704251786818,-0.06119716471249548
0.0962929120180557,7.95675724122189e-06,0.9022016047823088,0.0,0.0014975264428354,2017-04-10,0.09689789016312078,-0.5518063616236972
0.988049515425156,2.262265165129328e-05,0.0106644833074129,0.0,0.0012633786157176,2017-04-11,0.9885718338601814,0.8916739436970607
0.0049724053620837,0.751440369795277,0.2435154790832087,0.0,7.174575961478565e-05,2017-04-12,0.5685813810123873,-0.4199904528477941
0.0026773488951573,6.596640133189901e-10,0.9946815394798496,0.0,0.0026411109655304,2017-04-13,0.0037337937761174698,-0.5648475872362698
0.0418344798965662,0.8220067099702761,0.1360003256652473,0.0,0.0001584844682598,2017-04-17,0.6584029061615772,0.6546691123854597
0.0015430683975027,0.0823097259220824,0.9112820785688166,0.0,0.0048651271119326,2017-04-18,0.06522141368383753,-0.5931814924777397
0.0579768852447695,0.8443897940684432,0.097451968977682,0.0,0.0001813517095398,2017-04-19,0.6913417714799178,0.6261203577960803
0.2981695173241537,0.5685364815312466,0.132916717777607,0.0,0.0003772833666691,2017-04-20,0.7247227918192563,0.03338102033933843
0.0435815850932669,0.0004712232476921,0.9549908704660448,0.0,0.0009563211927305,2017-04-21,0.044317531006128175,-0.6804052608131281
0.99852454783961,3.180587329552053e-25,2.170764026785679e-07,0.0,0.0014752350839113,2017-04-24,0.9991146418731744,0.9547971108670463
0.5183312993509183,0.4800131055175679,0.0012114156074652,0.0,0.0004441795242667,2017-04-25,0.8785188002988008,-0.12059584157437364
0.0869712962850194,0.9015544673490168,0.0113614440715559,0.0,0.0001127922939659,2017-04-26,0.7631822637143684,-0.11533653658443244
0.0323437110174732,0.8848483049611044,0.082711471004699,0.0,9.65130164624922e-05,2017-04-27,0.6960185449448867,-0.06716371876948168
0.032603126362089,0.3301724193825245,0.6361866876253149,0.0,0.0010377666299606,2017-04-28,0.2806475475509666,-0.4153709973939201
0.0208108020489327,0.938865502485529,0.0402192932484051,0.0,0.0001044022167329,2017-05-02,0.7250016897997726,0.44435414224880604
0.2311661961405261,0.3482753748185848,0.419581946988913,0.0,0.0009764820519998,2017-05-03,0.4927633200752646,-0.23223836972450806
0.0937204485243749,0.8660212925671424,0.0401330402177613,0.0,0.0001252186904354,2017-05-04,0.7432865054259059,0.25052318535064133
2.574522375939744e-06,6.061191120947736e-27,0.9980791336306892,0.0,0.0019182918468752,2017-05-05,0.0007698912611260199,-0.7425166141647799
0.1127631375294541,0.8209259009450908,0.06605593779547,0.0,0.0002550237298552,2017-05-08,0.7285595727302142,0.7277896814690882
0.0814342056226305,0.8101836718494095,0.1081926567984986,0.0,0.0001894657294812,2017-05-09,0.6891477458014802,-0.03941182692873402
0.998577355965627,5.584511689128141e-15,1.785269813340675e-05,0.0,0.0014047913358064,2017-05-10,0.9991392724999538,0.30999152669847363
0.1665144036811061,0.7301444496043387,0.1032034688932493,0.0,0.0001376778210402,2017-05-11,0.7141778120127761,-0.28496146048717774
0.0456248812147227,0.6383241034796301,0.3156189445934508,0.0,0.0004320707119145,2017-05-12,0.5245407871092111,-0.18963702490356493
0.0840184673810567,0.8809109893952952,0.0348812618945003,0.0,0.0001892813295241,2017-05-15,0.7447774219593377,0.22023663485012657
0.9948270908802626,3.812443313742683e-07,0.0034597676452843,0.0,0.0017127602304538,2017-05-16,0.9955124809056926,0.25073505894635484
0.0783163324904568,0.8768702049053894,0.0447535244746969,0.0,5.99381296596974e-05,2017-05-17,0.7359929614213627,-0.25951951948432983
0.0003524219592551,0.92794185500915,0.0698398141891524,0.0,0.0018659088420365,2017-05-18,0.6970551767529322,-0.038937784668430564
0.0047408535857481,0.942609559604808,0.0522669581083877,0.0,0.0003826287010727,2017-05-19,0.7118510747697832,0.014795898016850995
0.2605641243845424,0.3048491072421694,0.4341238222535639,0.0,0.0004629461200222,2017-05-22,0.4893861332641783,-0.22246494150560486
0.0014928574509998,3.3357317480646585e-07,0.9980694565680596,0.0,0.0004373524074363,2017-05-23,0.0016680485938554248,-0.48771808467032285
0.0228199857114183,0.0682656128190352,0.908147388309974,0.0,0.0007670131599022,2017-05-24,0.07432600058965558,0.07265795199580015
0.997973931906929,3.2659323113075794e-58,8.171225115571039e-16,0.0,0.002026068093163,2017-05-25,0.9987843591441942,0.9244583585545386
0.999527469934696,3.2468752592138914e-19,3.5085685288045262e-06,0.0,0.0004690214965272,2017-05-26,0.9997150785333069,0.0009307193891127108
0.1186392899511766,0.7622243906035578,0.1189660247182971,0.0,0.0001702947273852,2017-05-29,0.690375700794799,-0.30933937773850784
0.3015740015282263,0.5422404617498359,0.1556151771736949,0.0,0.0005703595478088,2017-05-30,0.7084824916597267,0.018106790864927613
0.0506284883552757,0.8827231247386073,0.0665118279825745,0.0,0.000136558923666,2017-05-31,0.7127254554786975,0.004242963818970824
0.0516216771574806,0.8726660325610595,0.0755510269819869,0.0,0.0001612632991519,2017-06-01,0.7061857068979359,-0.006539748580761562
0.1168456890422165,0.8349610960061252,0.0479248861017647,0.0,0.000268328849955,2017-06-02,0.7431738425867924,0.036988135688856505
0.0522536838543889,0.8959518124282121,0.051732710471537,0.0,6.17932455086605e-05,2017-06-05,0.7242422604737514,-0.018931582113041023
0.005754159394151,6.697991117872486e-13,0.9921762173323304,0.0,0.0020696232726432,2017-06-06,0.006582008703710629,-0.7176602517700408
0.0865198183701317,0.8346556557669894,0.0786900001443863,0.0,0.0001345257184259,2017-06-07,0.7125653704827442,0.7059833617790335
0.1677595948816564,0.1156753650125752,0.7150222736714805,0.0,0.0015427664342499,2017-06-08,0.25513322521478776,-0.4574321452679564
0.0665609585034639,0.8881007020486862,0.045208750726647,0.0,0.0001295887213793,2017-06-09,0.7326883205285302,0.4775550953137424
0.0202130624796769,0.6424185658071664,0.3363452555907608,0.0,0.0010231161226126,2017-06-12,0.5024362332840967,-0.23025208724443347
0.0391052758954547,0.8704881778231248,0.090227570007978,0.0,0.0001789762730176,2017-06-13,0.6920429997720052,0.18960676648790853
0.0649287495655649,0.844743192549093,0.0902262440616536,0.0,0.0001018138236492,2017-06-14,0.6985268695068444,0.006483869734839165
0.0362636796975252,0.1250458550882899,0.8374036688008821,0.0,0.0012867964135099,2017-06-15,0.13056278957914658,-0.5679640799276978
0.0757504440295187,0.8449010146661863,0.0791727309772564,0.0,0.0001758103274252,2017-06-16,0.7094965291601285,0.5789337395809819
0.2969297276583207,0.6955058300918461,0.007076864920977,0.0,0.0004875773287038,2017-06-19,0.8187541311586868,0.10925760199855827
0.0524441225227758,0.8783772224265747,0.0690019739687246,0.0,0.0001766810817875,2017-06-20,0.7112977117754218,-0.107456419383265
0.0361527110487759,0.8828951940923291,0.0807539258720138,0.0,0.0001981689870317,2017-06-21,0.6984033742128354,-0.0128943375625864
0.0134578215215643,0.915425977440668,0.0710449903597746,0.0,7.121067763296648e-05,2017-06-22,0.7000557888731185,0.001652414660283097
0.0004373927449496,5.676474377602826e-13,0.9989162007564778,0.0,0.0006464064982951,2017-06-23,0.0006959553446933756,-0.6993598335284251
7.929691245977736e-06,1.580464036514372e-07,0.9965432117444364,0.0,0.0034487005177034,2017-06-27,0.0013875284331300764,0.0006915730884367008
0.0575726029972155,0.6715092842651114,0.2703685889116098,0.0,0.0005495238263246,2017-06-28,0.5614243757265788,0.5600368472934487
0.0275911742549147,0.939148667115182,0.033119439698074,0.0,0.0001407189314177,2017-06-29,0.7320089621638682,0.17058458643728946
0.1234063931956473,0.7914487392923879,0.0846596850554046,0.0,0.000485182456583,2017-06-30,0.7171870206475713,-0.0148219415162969
0.1332414043667218,0.8658146269474973,0.000425585269184,0.0,0.0005183834162097,2017-07-03,0.7828097279438287,0.06562270729625741
0.1225134750752234,0.6681898518947116,0.2088930042388567,0.0,0.00040366879153,2017-07-04,0.623817331512869,-0.15899239643095975
0.0835865665730286,0.8700611043779372,0.0461655506521204,0.0,0.0001867783969763,2017-07-05,0.7362071062152721,0.11238977470240308
0.0827849649116312,0.8964914167713283,0.0205941218364119,0.0,0.0001294964808733,2017-07-06,0.7552053260824767,0.018998219867204624
0.0646742103440828,0.8433737710711425,0.0916824284675591,0.0,0.0002695901172773,2017-07-07,0.6973123746943506,-0.05789295138812611
0.1677593735376022,0.8219802039101677,1.2112316664300052e-05,0.0,0.0102483102359129,2017-07-10,0.7883438505645931,0.09103147587024252
0.0715392892554603,0.87647908813523,0.0518121400626653,0.0,0.0001694825462605,2017-07-11,0.728966398375387,-0.05937745218920609
0.093992390762829,0.854974813913033,0.0509016440954037,0.0,0.0001311512283253,2017-07-12,0.7352759616889339,0.006309563313546929
0.9670662294316196,0.0159631803534009,0.0139046758595046,0.0,0.0030659143554323,2017-07-13,0.9802649804388431,0.2449890187499092
0.0288409774919789,0.9225620657824376,0.0485488421730464,0.0,4.811455243596118e-05,2017-07-14,0.7207817726497815,-0.25948320778906164
0.0976251257860753,0.8472273896808535,0.0548966970531063,0.0,0.0002507874798579,2017-07-17,0.7331459830386586,0.01236421038887714
0.0002779552613621,0.8916598401671066,0.1068113041391722,0.0,0.0012509004321838,2017-07-18,0.6695231955595655,-0.06362278747909311
0.9842275655893404,0.0006577866035895,0.0136196410610968,0.0,0.0014950067458175,2017-07-19,0.9853189082403595,0.315795712680794
0.0954506995079549,0.0005703135611219,0.9030753196761966,0.0,0.0009036672551402,2017-07-20,0.0962399015808524,-0.8890790066595071
0.0620917249878498,0.9230620938175376,0.0145989592266369,0.0,0.0002472219684236,2017-07-21,0.7544871841383723,0.65824728255752
0.1234011737698074,0.8589470415960668,0.0175438099371476,0.0,0.0001079746967499,2017-07-24,0.7676546448455576,0.013167460707185219
0.3102518592538066,0.0075579475744599,0.6809478909168707,0.0,0.0012423022544111,2017-07-25,0.316417240836416,-0.4512374040091416
0.5619572889904043,0.4068739085034725,0.0304413542961686,0.0,0.000727448209849,2017-07-26,0.8674036996519483,0.5509864588155323
0.0141316720391684,0.929870251310558,0.0557480994449429,0.0,0.000249977205515,2017-07-27,0.711634351404293,-0.15576934824765531
0.0190456638842095,0.9181685338983028,0.0626788555316283,0.0,0.0001069466856913,2017-07-28,0.707714842982213,-0.003919508422079998
0.7847032581195975,0.1967697961306007,0.0175331987936025,0.0,0.0009937469559614,2017-07-31,0.9326781039999327,0.22496326101771968
0.0607264547912057,0.9141412325890566,0.0251009460813179,0.0,3.1366538658287575e-05,2017-08-01,0.7463449258484615,-0.1863331781514712
0.0162245271124185,0.0036550245961527,0.9797058123309842,0.0,0.0004146359607722,2017-08-02,0.019131649943841905,-0.7272132759046196
0.000354770362212,7.479223781807272e-11,0.998811713079611,0.0,0.0008335164836014,2017-08-03,0.0006881770117467383,-0.018443472932095167
0.9760157947819442,0.0012508570117131,0.0212876406493006,0.0,0.001445707557436,2017-08-04,0.9775322205637034,0.9768440435519566
0.0297871514537483,0.906224772532877,0.0639640789993841,0.0,2.3997014014503592e-05,2017-08-07,0.7094653296590119,-0.2680668909046915
2.045537953949441e-06,2.390370437165238e-11,0.9993529703716694,0.0,0.0006449840661089,2017-08-08,0.00026003918232528773,-0.7092052904766866
0.0010598230788824,0.0005130064909307,0.9973439012637598,0.0,0.0010832691668129,2017-08-09,0.0018778856138055853,0.0016178464314802975
4.0791901687772086e-05,0.2248189815070306,0.7699503803071424,0.0,0.00518984628393,2017-08-10,0.17073096654553271,0.16885308093172713
0.0001451534960751,0.9114815853084592,0.0826172789445851,0.0,0.0057559822509291,2017-08-11,0.6860587353777912,0.5153277688322584
0.6713391945261964,0.3241767177378854,0.0035196307024629,0.0,0.0009644570332353,2017-08-14,0.9148575156429046,0.22879878026511347
0.9960065555562776,0.0014166907013369,1.457056008122816e-05,0.0,0.0025621831820984,2017-08-16,0.9980939468551197,0.08323643121221502
0.3979644350558683,0.2559873575366181,0.3455801679220511,0.0,0.0004680394853725,2017-08-17,0.590142169002481,-0.4079517778526387
0.0007900778053661,0.870620098577128,0.128441662164489,0.0,0.000148161452974,2017-08-18,0.6538144163194017,0.06367224731692078
7.342434767606097e-08,6.054730229026738e-28,0.9989271341396774,0.0,0.0010727924364284,2017-08-21,0.00042919039891903607,-0.6533852259204826
0.4700880835373043,0.0136724022844266,0.515151968911378,0.0,0.0010875452665129,2017-08-22,0.4807774033572294,0.48034821295831037
0.9956313267290668,0.0021854312695717,0.0011687740116441,0.0,0.0010144679898428,2017-08-23,0.9976761873771827,0.5168987840199533
0.1470252605432728,0.7208256770744613,0.1319304833162561,0.0,0.0002185790658434,2017-08-24,0.6877319499754562,-0.3099442374017265
0.0894406594034196,0.8794730382640297,0.0309425095774145,0.0,0.0001437927554789,2017-08-28,0.7491029552036335,0.06137100522817729
2.456240771086024e-08,2.575664410051633e-27,0.9963911431322964,0.0,0.0036088323052606,2017-08-29,0.001443557484511951,-0.7476593977191215
0.1652356799954117,0.8316837716626487,0.0024689968487317,0.0,0.0006115514927923,2017-08-30,0.7892431293395151,0.7877995718550032
0.0807635852131025,0.892549159682914,0.0265398748639105,0.0,0.00014738024049,2017-08-31,0.7502344070714841,-0.03900872226803098
0.1962283871803258,0.7882092220603233,0.0153855283145785,0.0,0.0001768624447962,2017-09-01,0.7874560487034867,0.03722164163200259
0.0001577425238982,0.0004526921595277,0.997194325112796,0.0,0.0021952402039211,2017-09-04,0.001375357725112415,-0.7860806909783743
0.0878260372426561,0.8861417714620533,0.0258553580602916,0.0,0.0001768332352063,2017-09-05,0.7525030991332786,0.7511277414081662
0.0204273762689465,0.8966403665717776,0.0827123190286412,0.0,0.0002199381310152,2017-09-06,0.6929956264501859,-0.059507472683092755
0.0665477939145417,0.8795625309054554,0.0537465499347267,0.0,0.0001431252453473,2017-09-07,0.7262769421917722,0.033281315741586326
0.0594494115807695,0.8718848659453666,0.0685371700437692,0.0,0.000128552429888,2017-09-08,0.7134144820117497,-0.012862460180022461
0.4290417829192753,0.5609684468236661,0.0093883481282845,0.0,0.0006014221290989,2017-09-11,0.8500086868886645,0.13659420487691476
0.3822946831908128,0.6151497231873808,0.0020037453925712,0.0,0.0005518482296154,2017-09-12,0.8438777148731945,-0.006130972015469971
0.0223110952156078,0.9142148648636824,0.0633723989348555,0.0,0.000101640985427,2017-09-13,0.7080129002575405,-0.13586481461565403
0.0525076624729183,0.8918754484539075,0.0554879664862126,0.0,0.0001289225874145,2017-09-14,0.7214658178483148,0.013452917590774272
0.030071612014119,0.9140802711087552,0.0557285492895375,0.0,0.0001195675879193,2017-09-15,0.7156796423808531,-0.0057861754674616295
0.1161938574628556,0.8711327748354852,0.0123366383722453,0.0,0.0003367293294346,2017-09-18,0.7696781303212433,0.053998487940390194
0.070455550801806,0.8015995719540816,0.1276893151798523,0.0,0.0002555620647096,2017-09-19,0.671757454593251,-0.09792067572799235
0.0524226376075583,0.864212075576273,0.0831421880599387,0.0,0.0002230987562802,2017-09-20,0.7006709337922751,0.028913479199024095
0.0036558725506931,0.915820078399447,0.0803777936592371,0.0,0.0001462553906304,2017-09-21,0.6905794335065305,-0.01009150028574457
2.944143432094097e-15,5.853877088578455e-67,0.9939476144936484,0.0,0.0060523855059126,2017-09-22,0.0024209542023679847,-0.6881584793041625
3.504053126924659e-07,8.332242704208784e-09,0.9954872817964876,0.0,0.0045123594660183,2017-09-25,0.0018053004409020407,-0.000615653761465944
0.0167890734811256,0.8752844233316962,0.1049302322440758,0.0,0.002996270942681,2017-09-26,0.6744508993569701,0.6726455989160681
2.8566180731682925e-19,1.1870850915657072e-134,0.5769548855737019,0.0,0.4230451144266736,2017-09-27,0.16921804577066946,-0.5052328535863007
0.0231953848913368,0.9667855550718852,0.0075179188508901,0.0,0.0025011411855711,2017-09-28,0.7492850076694791,0.5800669618988097
0.0419342580824763,0.9303776455046724,0.0275689955407651,0.0,0.0001191008717396,2017-09-29,0.7397651325596765,-0.009519875109802678
0.3434877181138963,0.6496656289268925,0.0063099504808523,0.0,0.0005367024781644,2017-10-03,0.8309516208003314,0.0911864882406549
0.0697608036492258,0.9254440119571472,0.0046790576708332,0.0,0.0001161267224569,2017-10-04,0.763890263306069,-0.06706135749426234
0.0576553546124585,0.4237489865162684,0.5181787177547084,0.0,0.0004169411162927,2017-10-05,0.3756338709461769,-0.3882563923598921
0.9983047617271126,3.5620474271911756e-15,3.5466601963860786e-05,0.0,0.0016597716707406,2017-10-06,0.9989686703954115,0.6233347994492346
0.0716547277935979,0.876944767278816,0.0513435953804547,0.0,5.690954736744077e-05,2017-10-09,0.7293860670716569,-0.2695826033237546
0.0789305005560113,0.8429249801641392,0.0780076917280809,0.0,0.0001368275521032,2017-10-10,0.711178966699957,-0.018207100371699925
0.0090588897013358,0.0971939201694627,0.8927125935106843,0.0,0.0010345966181007,2017-10-11,0.08236816847567309,-0.6288107982242839
0.9984960950862434,7.529887822238992e-10,1.00048926193625e-06,0.0,0.0015029036718579,2017-10-12,0.9990972571197281,0.916729088644055
0.8351812130446749,0.1579512267755577,0.0065011647906311,0.0,0.0003663953891958,2017-10-13,0.9537911912820214,-0.04530606583770669
0.1043728274813062,0.8904345036208162,0.0051141678286855,0.0,7.850106887071698e-05,2017-10-16,0.7722301056244666,-0.1815610856575548
0.0764527179346247,0.8430621891512682,0.0802870104319951,0.0,0.000198082481687,2017-10-17,0.7088285927907506,-0.06340151283371598
0.023153031540614,0.8484598884055307,0.1282878306674445,0.0,9.92493861514457e-05,2017-10-18,0.6595376475992226,-0.04929094519152799
0.0011831253957232,2.7978007987410046e-06,0.9974783896361664,0.0,0.0013356871675433,2017-10-19,0.0017194986133395758,-0.6578181489858831
0.0438471059575466,0.9392744180358084,0.0164829220692178,0.0,0.000395553937526,2017-10-23,0.7484611410594133,0.7467416424460738
0.083699850481508,0.8689826497553997,0.0471563372992945,0.0,0.000161162464036,2017-10-24,0.7355013027836722,-0.012959838275741098
0.0868562205076403,0.912231835079506,0.0006113745656098,0.0,0.0003005698475927,2017-10-25,0.7711503247563068,0.03564902197263464
0.8735576120989952,0.0653931466260545,0.0602665858098065,0.0,0.0007826554649369,2017-10-26,0.9229155342545108,0.15176520949820393
0.1663829730163731,0.1615243933154363,0.671423085587775,0.0,0.0006695480806575,2017-10-27,0.2877940872352133,-0.6351214470192974
0.0964683771417266,0.8571219275683941,0.0462160779627767,0.0,0.0001936173266627,2017-10-30,0.7393872697486873,0.45159318251347397
0.0615963000579578,0.6339115844413346,0.3040686864968042,0.0,0.0004234290039023,2017-10-31,0.5371993599905196,-0.2021879097581677
0.9962571692315207,0.0010323234943798,0.000481326440509,0.0,0.0022291808333275,2017-11-01,0.9979230841856366,0.460723724195117
0.0391203824725949,0.9072991888658564,0.0535138528208987,0.0,6.657584022353329e-05,2017-11-02,0.7196214044580765,-0.27830167972756004
0.0933326524487367,0.8611626148485818,0.0453290464243614,0.0,0.0001756862785164,2017-11-03,0.7392748880965795,0.019653483638502944
0.0197043570993736,0.9134845068532896,0.0667560982632806,0.0,5.5037784174002495e-05,2017-11-06,0.7048397523530104,-0.034435135743569045
1.3934877915330963e-09,1.1337919236153685e-50,0.998077713199925,0.0,0.0019222854067454,2017-11-07,0.0007689155561859516,-0.7040708367968245
0.0048300449379565,0.0066945026153445,0.9873170467529055,0.0,0.0011584056941485,2017-11-08,0.010314284177124277,0.009545368620938325
0.0988984867079536,0.6652110658009321,0.2348849973944685,0.0,0.0010054500967296,2017-11-09,0.5982089660973446,0.5878946819202203
0.0189304304321716,0.9364475527946886,0.0445458004732899,0.0,7.62162997688043e-05,2017-11-10,0.7212965815480956,0.12308761545075098
3.7606947754575165e-07,2.913898001037848e-24,0.998591283809952,0.0,0.001408340120643,2017-11-13,0.0005637121177347457,-0.7207328694303609
0.0105477805172235,0.6256410829539948,0.3636214423323328,0.0,0.0001896941963489,2017-11-14,0.47985447041125917,0.4792907582935244
0.0020847113493846,0.0025042929615485,0.9945320563179536,0.0,0.0008789393712441,2017-11-15,0.004314506819043615,-0.47553996359221556
0.998554192206513,9.897774765133384e-05,0.0001924608284123,0.0,0.0011543692177211,2017-11-16,0.9990901732043399,0.9947756663852962
0.5268501741211772,0.4665577255931654,0.0063670257353076,0.0,0.0002250745500421,2017-11-17,0.8768584981360681,-0.12223167506827182
0.0753490588605645,0.8743313181618317,0.0502186710729635,0.0,0.0001009519046143,2017-11-20,0.7311379282437841,-0.145720569892284
0.1085950068826902,0.8330201985703334,0.058171957392554,0.0,0.0002128371545558,2017-11-21,0.7334452906722625,0.002307362428478399
0.0746048835727805,0.8670193704307879,0.0582207402076059,0.0,0.0001550057886556,2017-11-22,0.7249314137113337,-0.008513876960928757
0.0541176668155261,0.8816242652502634,0.0641037390038755,0.0,0.0001543289301278,2017-11-23,0.7153975973252747,-0.00953381638605899
0.1105729636258104,0.8540200373326828,0.0351981529956971,0.0,0.0002088460459141,2017-11-24,0.7511715300436881,0.03577393271841334
0.1731520842015742,0.6570626355114041,0.1693673071884909,0.0,0.0004179730988498,2017-11-27,0.6661162500746672,-0.08505527996902085
0.0235616614044756,0.8926377534451347,0.0836292894990509,0.0,0.0001712956510239,2017-11-28,0.6931084947487361,0.02699224467406891
0.0315213757174973,0.8757710703002679,0.0926317953860735,0.0,7.575859657400267e-05,2017-11-29,0.6883799818813278,-0.004728512867408385
2.090349882594833e-10,1.3181188036844037e-35,0.9978274514876077,0.0,0.0021725483032558,2017-11-30,0.0008690195303373083,-0.6875109623509904
3.5820727956260756e-11,3.0110827286191317e-64,0.992177064271343,0.0,0.0078229356926028,2017-12-01,0.0031291743128618477,0.0022601547825245394
0.2396176710485587,0.3329821126236301,0.4259836797186004,0.0,0.0014165366090286,2017-12-04,0.4899208701598927,0.48679169584703086
0.0189468385947588,0.8768610856270327,0.1040926686094916,0.0,9.940716868279528e-05,2017-12-05,0.6766324156825064,0.1867115455226137
0.0040099580571525,0.0786648794775545,0.9159683537220952,0.0,0.001356808743549,2017-12-06,0.06355134116273797,-0.6130810745197685
0.9988972052896116,2.772266388951403e-31,2.683026619451251e-09,0.0,0.0011027920273595,2017-12-07,0.9993383221005554,0.9357869809378174
0.9992476952532108,1.06117161164809e-13,2.687077077064916e-05,0.0,0.0007254339758495,2017-12-08,0.9995378688436302,0.00019954674307476328
0.0756665515361786,0.9063654098919844,0.0179343570319951,0.0,3.3681539635270095e-05,2017-12-11,0.7554540815710211,-0.24408378727260904
1.3242759451503583e-05,3.0184955266138363e-22,0.9977583359478842,0.0,0.0022284212922953,2017-12-12,0.0009046112763696235,-0.7545494702946515
0.0003262674810944,0.8189043084217439,0.1795570877127145,0.0,0.0012123363842701,2017-12-13,0.6149894333511103,0.6140848220747407
0.0137451324405507,0.9831633884581404,0.0010554449288271,0.0,0.0020360341728871,2017-12-14,0.7519320874533109,0.13694265410220052
0.0356676014814408,0.9449574162185136,0.0080025394662537,0.0,0.0113724428333917,2017-12-15,0.7489346407786827,-0.0029974466746282014
3.127325874551786e-24,1.1481607332498244e-11,1.1099359084375918e-20,0.0,0.9999999999881766,2017-12-18,0.40000000000388186,-0.3489346407748008
0.9384386732460486,0.0100636219589995,0.0092939650477466,0.0,0.0422037397473427,2017-12-19,0.9628678856142353,0.5628678856103535
0.1142969914473312,7.753952233623262e-06,0.880565847972558,0.0,0.0051294066282262,2017-12-20,0.1163545695627969,-0.8465133160514384
0.1930106639872733,0.3625462764474855,0.4435497748619732,0.0,0.0008932847036747,2017-12-21,0.4652776852043573,0.3489231156415604
0.5765165949928128,0.367048237450404,0.0554806399143534,0.0,0.000954527642039,2017-12-22,0.8521845841374314,0.38690689893307406
0.0729394347642116,0.9069487034947732,0.0200339920553829,0.0,7.786968524586684e-05,2017-12-26,0.7531821102593897,-0.09900247387804162
0.0113780438106027,0.7141029058419368,0.2741040124875309,0.0,0.0004150378598903,2017-12-27,0.5471212383360113,-0.2060608719233784
0.0207135455072208,0.9026946941643708,0.0765053564937094,0.0,8.64038351300243e-05,2017-12-28,0.6977691276645509,0.15064788932853956
0.8524816224692493,0.0693041761742648,0.0763704782825637,0.0,0.0018437230736899,2017-12-29,0.9051972438294238,0.2074281161648729
0.0004032036308684,0.8805997321740763,0.1185985839815554,0.0,0.0003984802134775,2018-01-02,0.6610123948468166,-0.24418484898260717
0.1063075360425428,0.7022964771626371,0.191016261634302,0.0,0.0003797251603547,2018-01-03,0.6331817839786625,-0.027830610868154082
0.225696864117066,0.7632544139295655,0.0107454290895376,0.0,0.0003032928638094,2018-01-04,0.7982589917097639,0.16507720773110135
0.1301155933458695,0.8488219596586665,0.0208834333449126,0.0,0.0001790136502472,2018-01-05,0.7668036685499683,-0.0314553231597956
0.6046393445597853,0.3516060623376215,0.0421917305353668,0.0,0.0015628625670329,2018-01-08,0.8689690363398146,0.1021653677898463
0.0761356023439067,0.8696514655742656,0.0541074845391047,0.0,0.0001054475426264,2018-01-09,0.7284163805416566,-0.140552655798158
0.037879354886864,0.8962059145658089,0.0657887916257886,0.0,0.000125938921407,2018-01-10,0.7100841663797834,-0.01833221416187314
0.0764475105938143,0.8713259658815126,0.0520712079300031,0.0,0.0001553155950689,2018-01-11,0.7300041112429763,0.019919944863192818
0.0549188131359656,0.9160569409989664,0.0287543678832107,0.0,0.0002698779814912,2018-01-12,0.7420694700777868,0.012065358834810525
0.0745316591959427,0.9132475181005446,0.012143595210254,0.0,7.722749335662884e-05,2018-01-15,0.7594981887686938,0.017428718690907008
0.0152387375620289,2.888342339136135e-07,0.9837898223588256,0.0,0.0009711512445174,2018-01-16,0.015627414685511296,-0.7438707740831825
0.9975289259629316,6.765099812594341e-07,0.0001410296486444,0.0,0.0023293678785665,2018-01-17,0.9984611804968442,0.9828337658113329
0.5195414303751122,0.3598312576211771,0.120239480209978,0.0,0.0003878317934554,2018-01-18,0.7895700063083774,-0.2088911741884668
0.9852627465058852,0.0118807973928203,0.0021816705929236,0.0,0.0006747855082114,2018-01-19,0.994443258753785,0.20487325244540766
0.9990606901802728,6.89565990574133e-18,0.0004511027906876,0.0,0.000488207029378,2018-01-22,0.999255972992024,0.004812714238238924
0.9994587468225772,3.124573011866774e-19,1.0632530911389973e-06,0.0,0.0005401899247176,2018-01-23,0.9996748227924642,0.00041884980044026854
0.0467122348813543,0.9093050518705637,0.0439425792524385,0.0,4.0133995848768754e-05,2018-01-24,0.7287070773826166,-0.2709677454098476
0.0148071117212001,0.9162704082088444,0.0688136184169429,0.0,0.0001088616533247,2018-01-25,0.7020534625391632,-0.02665361484345341
0.5086632059151527,0.4630944668273817,0.0277476089474105,0.0,0.0004947183100978,2018-01-29,0.8561819433597281,0.15412848082056485
0.0004641497880297,9.510974792128774e-10,0.9980581835369138,0.0,0.0014776657244095,2018-01-30,0.0010552167911166096,-0.8551267265686114
0.0070460469318288,0.8565689932563275,0.1303409767704218,0.0,0.0060439830416109,2018-01-31,0.6518903850907187,0.6508351682996021
2.665048295611246e-09,0.0514000795642096,9.126318891752465e-05,0.0,0.9485086545822008,2018-02-01,0.4179535241710858,-0.23393686091963295
7.180861952084087e-28,7.905145731771718e-79,0.0676968663187807,0.0,0.9323031336812893,2018-02-02,0.3729212534725157,-0.045032270698570076
6.448059913513736e-06,0.0127342938172769,0.2207487736509449,0.0,0.7665104844719288,2018-02-05,0.31616136221164276,-0.05675989126087294
1.765592821694473e-28,8.439404058033922e-55,0.0002891355858258,0.0,0.999710864413928,2018-02-06,0.3998843457655712,0.08372298355392843
0.0003731266587549,8.671348868544177e-35,0.077540569268,0.0,0.92208630407283,2018-02-07,0.3692076482878869,-0.03067669747768431
0.0427930865075955,0.6734332327307381,9.805057219342232e-06,0.0,0.2837638757041126,2018-02-08,0.6613735613372942,0.2921659130494073
0.0001306332594526,0.8217281886118327,0.1301353489010867,0.0,0.0480058292272472,2018-02-09,0.6356291064092261,-0.025744454928068095
0.0864759792606376,0.9095762411624664,0.0035952745590031,0.0,0.0003525050179865,2018-02-12,0.7687991621396819,0.13317005573045582
0.0019486425620141,2.97512454275857e-07,0.9952950157979996,0.0,0.0027560441278207,2018-02-14,0.0030512833474830867,-0.7657478787921989
0.0281938094559724,0.957765230631375,0.0137803250556725,0.0,0.0002606348569484,2018-02-15,0.7466219863722829,0.7435707030247999
7.705427011371093e-10,1.122218854803783e-49,0.9930340841089808,0.0,0.0069659151201677,2018-02-16,0.0027863668186097813,-0.7438356195536732
2.024782215864861e-07,8.456859668683473e-12,0.9780877691903068,0.0,0.0219120283232387,2018-02-19,0.008765013813859713,0.005978646995249932
0.0151430371731472,0.8837513305177748,0.1008417937093382,0.0,0.000263838600141,2018-02-20,0.6780620705015348,0.669297056687675
0.0739505819703583,0.906955190411726,0.0189562067930379,0.0,0.0001380208247148,2018-02-21,0.7542221831090388,0.076160112607504
0.0370323434331378,0.8537354193967995,0.1091300629237833,0.0,0.0001021742462059,2018-02-22,0.6773747776792198,-0.07684740542981894
0.999320217652504,3.044875912992677e-15,2.944307070363544e-06,0.0,0.0006768380402558,2018-02-23,0.9995909528686087,0.32221617518938883
0.9985498896688207,3.918132908159284e-05,0.0011108482686578,0.0,0.0003000807335216,2018-02-26,0.9986993079590406,-0.0008916449095680568
0.0468511317023645,0.0029022266343948,0.9496988788121026,0.0,0.0005477628512204,2018-02-27,0.04924690681864876,-0.9494524011403919
0.0066129703821246,0.8611217612917179,0.1316778408327967,0.0,0.0005874274937439,2018-02-28,0.6526892623484106,0.6034423555297619
0.0061198310085736,0.8857478540295506,0.1080465734258039,0.0,8.574153606131294e-05,2018-03-01,0.6704650181451611,0.017775755796750503
1.655053758483275e-05,5.151138543048119e-06,0.9974745791493674,0.0,0.0025037191745694,2018-03-05,0.0010219015613198788,-0.6694431165838413
4.714686145405266e-14,6.259752451503794e-64,0.9652573443944278,0.0,0.0347426556056593,2018-03-06,0.013897062242310866,0.012875160680990988
7.487120539757856e-06,5.187245068758043e-13,0.9945275456443116,0.0,0.0054649672350076,2018-03-07,0.0021934740149318413,-0.011703588227379024
0.0409738961064343,0.957249019914356,0.0002547247539192,0.0,0.0015223592256006,2018-03-08,0.7595196047324415,0.7573261307175096
0.0533658100344508,0.5524944493607451,0.3937111801811278,0.0,0.0004285604238976,2018-03-09,0.4679080712245687,-0.29161153350787283
0.9947768237830602,1.025212717769732e-43,9.581578883560391e-17,0.0,0.0052231762172516,2018-03-12,0.9968660942699609,0.5289580230453922
0.0178823663129773,0.9530687251064968,0.0289735153069815,0.0,7.539327372933991e-05,2018-03-13,0.7327140674523417,-0.2641520268176192
0.0110936573860839,0.9014793662536716,0.0873392665637703,0.0,8.770979628271007e-05,2018-03-14,0.6872382659948507,-0.04547580145749097
0.0103229243532135,0.1227248933086428,0.8663204872024631,0.0,0.000631695136129,2018-03-15,0.1026192723891472,-0.5846189936057036
1.8950498432797426e-17,6.119895577329028e-83,0.9929180728349276,0.0,0.007081927165485,2018-03-16,0.0028327708661940194,-0.09978650152295318
2.391171964319441e-09,3.162394377206809e-38,0.9978240701754651,0.0,0.0021759274331992,2018-03-19,0.0008703733644516443,-0.001962397501742375
0.8861425391391535,2.1866841091741157e-06,0.1095522414337998,0.0,0.0043030327426355,2018-03-20,0.8878653922492896,0.886995018884838
0.0255768196350624,0.9623911403969448,0.0119892734466904,0.0,4.2766521745583976e-05,2018-03-21,0.7473872815414693,-0.14047811070782035
0.0080077501586242,0.1832159754222567,0.8073346281959722,0.0,0.0014416462229143,2018-03-22,0.14599639021448246,-0.6013908913269868
0.0001394996883832,0.9167942278621614,0.0793046119200334,0.0,0.003761660529206,2018-03-23,0.6892398347966866,0.5432434445822041
0.9887282126481376,7.971272670223751e-42,6.403692858305813e-13,0.0,0.0112717873512258,2018-03-26,0.9932369275886279,0.3039970927919413
0.1081796120657013,0.8797866292186637,0.0118952790951823,0.0,0.0001384796205664,2018-03-27,0.7680749758279256,-0.2251619517607023
0.0041201794169271,0.8466856599811171,0.1488395164353026,0.0,0.0003546441668974,2018-03-28,0.6392762820695239,-0.1287986937584017
0.9985286390081798,0.0004293217845431,0.000206931370993,0.0,0.0008351078362308,2018-04-02,0.9991846734810795,0.3599083914115556
0.8609757043532109,0.0015713954987267,0.1369108284301862,0.0,0.0005420717174547,2018-04-03,0.8623710796642379,-0.13681359381684166
2.622120904052783e-12,7.909334213748775e-69,0.9939693192424888,0.0,0.0060306807552514,2018-04-04,0.0024122723047226807,-0.8599588073595152
0.9740839010272148,5.137754981440648e-36,1.1989562303275172e-14,0.0,0.025916098973029,2018-04-05,0.9844503406164263,0.9820380683117037
0.0566201819016755,0.8938523542305321,0.0494351002655967,0.0,9.23636024133911e-05,2018-04-06,0.72704639301554,-0.25740394760088636
0.8620025387271868,0.0783416729874729,0.0585469265877231,0.0,0.0011088616980544,2018-04-09,0.9212023381470132,0.19415594513147327
0.0848062506819993,0.874393934010877,0.0407236895519275,0.0,7.612575482125572e-05,2018-04-10,0.7406321514920855,-0.18057018665492774
0.0535594885102918,0.893827598640191,0.052519609440613,0.0,9.330340905810955e-05,2018-04-11,0.7239675088540583,-0.01666464263802725
0.8275606794034088,0.088235294421757,0.0830485480436619,0.0,0.0011554781308227,2018-04-12,0.8941993414720556,0.17023183261799735
0.054096847733933,0.9140673053390588,0.0316261152073896,0.0,0.0002097317198948,2018-04-13,0.739731219426185,-0.15446812204587057
0.8889971189949004,2.3385203956770823e-53,0.0001717978176805,0.0,0.11083108318741,2018-04-16,0.9333295522698644,0.19359833284367933
0.0511333913277198,0.9069008723468376,0.041717381569076,0.0,0.0002483547561023,2018-04-17,0.7314083874902888,-0.20192116477957556
0.0762731440601321,0.0437687135366293,0.878743010374233,0.0,0.0012151320287686,2018-04-18,0.10958573202411151,-0.6218226554661773
0.1091715617515237,0.8179624665749987,0.0724391673729213,0.0,0.0004268043003939,2018-04-19,0.7228141334029302,0.6132284013788187
0.0676563448329393,0.8467390232676388,0.0854067330553352,0.0,0.000197898844366,2018-04-20,0.7027897718214148,-0.020024361581515437
0.0100286171998803,0.9723029719838694,0.0171276033771153,0.0,0.0005408074395396,2018-04-23,0.7394721691635983,0.03668239734218348
0.1595950299751344,0.773048600767445,0.0671193166170852,0.0,0.0002370526407475,2018-04-24,0.7394763016070172,4.1324434189027315e-06
0.0193984766577375,0.5457740921489919,0.434217452083989,0.0,0.0006099791096332,2018-04-25,0.42897303741333476,-0.3105032641936824
0.1267487808240821,0.853144441768115,0.0199469182099212,0.0,0.0001598591979854,2018-04-26,0.7666710558293626,0.3376980184160278
0.5244462578007697,0.4661672037604964,0.0087633233449766,0.0,0.0006232150938081,2018-04-27,0.8743209466586653,0.10764989082930276
0.2362890060770289,0.7087152523859741,0.054836090227369,0.0,0.0001596513095938,2018-04-30,0.767889305890347,-0.10643164076831835
0.0507400561063171,8.022251384233688e-05,0.94817683906907,0.0,0.00100288231077,2018-05-02,0.051201375916006854,-0.7166879299743402
0.015792538662788,0.5006217082331375,0.483349153387765,0.0,0.000236599716518,2018-05-03,0.3913534597242483,0.3401520838082414
0.000354800681064,1.5220735991088379e-15,0.9987579532256032,0.0,0.0008872460930701,2018-05-04,0.0007096991182931815,-0.3906437606059551
0.9982398429327476,8.778879873849804e-05,0.0004353338605204,0.0,0.0012370344078699,2018-05-07,0.9988004982949494,0.9980907991766562
0.1395981720246674,0.6684354530048355,0.1918658836135549,0.0,0.000100491356763,2018-05-08,0.6409649583209992,-0.35783553997395023
0.4872769248044571,0.1811828158328291,0.3309872841399586,0.0,0.000552975222934,2018-05-09,0.6233852267682526,-0.017579731552746614
0.0534870895683709,1.4898485077387402e-06,0.9458041457185816,0.0,0.0007072748642327,2018-05-10,0.05377111690044478,-0.5696141098678078
0.9980812487022812,5.073726103046569e-06,0.0006748396039562,0.0,0.0012388379675154,2018-05-11,0.9985805891838647,0.9448094722834199
0.0570013376554813,0.8893389617033034,0.05360269767928,0.0,5.700296220801947e-05,2018-05-14,0.7240283601178421,-0.2745522290660226
0.0007777290280533,0.9769424068008914,0.0210616397493623,0.0,0.0012182244215942,2018-05-15,0.7339718238973595,0.00994346377951738
0.0019654759507244,0.863924209198523,0.1338972965131977,0.0,0.0002130183371861,2018-05-16,0.6499938401844911,-0.08397798371286835
0.0001305489619941,1.860224921364017e-19,0.9991850230629988,0.0,0.0006844279754086,2018-05-17,0.0004043201521575401,-0.6495895200323336
2.763346676117662e-05,5.919174176261731e-16,0.999038153694559,0.0,0.000934212838555,2018-05-18,0.0004013186021836206,-3.001549973919522e-06
4.378062309366302e-06,8.625786843491523e-28,0.9976297144820512,0.0,0.0023659074557126,2018-05-21,0.0009507410445944064,0.0005494224424107858
0.0422325169418542,0.89747248924647,0.0602256010963747,0.0,6.939271512411866e-05,2018-05-22,0.7153646409627563,0.714413899918162
6.865323840332855e-07,1.9100799211712088e-17,0.9983337444653554,0.0,0.0016655690024265,2018-05-23,0.0006669141333546476,-0.7146977268294017
0.2487439190627298,0.7495106735246913,0.00094692610166,0.0,0.0007984813111021,2018-05-24,0.8111963167306891,0.8105294025973345
0.9990750917574468,8.954712418870715e-07,0.0001577526298029,0.0,0.0007662601419291,2018-05-25,0.9993822674176499,0.18818595068696076
0.5002227306657266,0.4936859945327091,0.0059237397597788,0.0,0.0001675350421794,2018-05-28,0.8705542405821303,-0.12882802683551964
0.0051965729098387,0.0790335569277956,0.9148365371630074,0.0,0.0009333329989739,2018-05-29,0.06484507380527495,-0.8057091667768553
0.0118217469242939,0.8785139004765382,0.1094664652222005,0.0,0.0001978873772289,2018-05-30,0.6707863272325892,0.6059412534273143
0.8038460718851871,0.1817051205655532,1.3992599161742945e-05,0.0,0.014434814949834,2018-05-31,0.9458988382892857,0.27511251105669643
0.0103049320595799,0.6666117385657852,0.3224616516193734,0.0,0.0006216777555817,2018-06-01,0.5105124070861515,-0.43538643120313414
6.241250022327742e-07,1.54699911550346e-61,0.9582921699382853,0.0,0.0417072059368804,2018-06-04,0.01668350649975439,-0.49382890058639717
0.0107319340569661,0.7829108892296456,0.2060216603122807,0.0,0.0003355164009667,2018-06-05,0.598049307539587,0.5813658010398326
0.9989692940828618,4.371921790480462e-10,6.710135090011788e-05,0.0,0.0009636041286268,2018-06-06,0.9993547360622067,0.40130542852261974
0.4274899494506416,0.5707113962715129,0.0015498682021533,0.0,0.0002487860758631,2018-06-07,0.8556230110846216,-0.14373172497758513
0.0419628798143835,0.8941902194261319,0.063745253882686,0.0,0.0001016468768214,2018-06-08,0.7126462031347109,-0.14297680794991063
0.0666644677541093,0.8840150431844898,0.0491512007341524,0.0,0.0001692883276238,2018-06-11,0.7297434654735262,0.017097262338815256
0.1071189632813633,0.8801140899304135,0.0126111393356197,0.0,0.0001558074523878,2018-06-12,0.7672668537101285,0.037523388236602284
0.1359305527445854,0.7522803475189835,0.1114636472613053,0.0,0.0003254524753648,2018-06-13,0.700270994373969,-0.06699585933615948
0.0118558167985042,0.8935537826378558,0.0943498109779281,0.0,0.0002405895857226,2018-06-14,0.6821173896111852,-0.018153604762783826
0.0440931919215131,0.891193031017373,0.0645692274231801,0.0,0.0001445496378682,2018-06-15,0.7125457850396901,0.03042839542850495
0.0675437364057228,0.5703897919573382,0.3617158614693671,0.0,0.0003506101677652,2018-06-18,0.4954763244408325,-0.21706946059885762
2.8393341735284443e-05,3.7972869242951305e-18,0.9978427313875868,0.0,0.00212887527034,2018-06-19,0.0008799434498712874,-0.4945963809909612
0.4762469206177958,0.4657426098895484,0.057449637881112,0.0,0.000560831611642,2018-06-20,0.825778210679614,0.8248982672297427
0.0284723540936865,2.5735181246390105e-08,0.9707623747582048,0.0,0.0007652454126327,2018-06-21,0.028778471560125515,-0.7969997391194885
0.9974282964841708,2.617259757061437e-05,0.0010498315977875,0.0,0.0014956993208618,2018-06-22,0.9980462056606935,0.969267734100568
0.0065513929671538,7.63025516261365e-06,0.9926786587228468,0.0,0.0007623180550117,2018-06-25,0.006862042880530441,-0.991184162780163
0.0287949848869265,0.8952033981538773,0.0759435383587369,0.0,5.807860025453521e-05,2018-06-26,0.7002207649424363,0.6933587220619059
5.5364757215532826e-08,4.824987917868536e-35,0.9991151785160266,0.0,0.0008847661188799,2018-06-27,0.00035396181230917557,-0.6998668031301272
8.02165702753106e-05,4.819849848027466e-05,0.9989647474972266,0.0,0.0009068374342525,2018-06-28,0.00047910041783651657,0.000125138605527341
0.9980109675569472,7.4992923349405936e-34,1.7037638825450055e-08,0.0,0.0019890154053664,2018-06-29,0.9988065737190938,0.9983274733012573
0.0007237359133673,0.0007409917474458,0.9974601895032094,0.0,0.0010750828360425,2018-07-02,0.0017095128583686499,-0.9970970608607251
0.0775323041921981,0.9044407781031664,0.0179104939462652,0.0,0.0001164237583723,2018-07-03,0.7559094572729218,0.7541999444145532
0.8154758840533626,0.175101111938821,0.0083404769713544,0.0,0.0010825270367613,2018-07-04,0.9472347288221828,0.19132527154926104
0.0780976725880833,0.6740866777376062,0.2475601497838254,0.0,0.0002554998903211,2018-07-05,0.5837648808474164,-0.36346984797476645
0.0509136294439662,0.9188455883093566,0.0301171788612272,0.0,0.0001236033858945,2018-07-06,0.7400972620303414,0.15633238118292503
0.1156928772881413,0.875619437409293,0.0084292853058565,0.0,0.0002583999970876,2018-07-09,0.7725108153439461,0.032413553313604626
0.6357890784305175,0.36093359568206,0.0022706390912054,0.0,0.0010066867959282,2018-07-10,0.9068919499104338,0.1343811345664877
0.0658939494083118,0.8701640010440633,0.0638372110194498,0.0,0.0001048385278934,2018-07-11,0.7185588856025167,-0.18833306430791708
0.1066360368441596,0.887476323334611,0.0056487090029006,0.0,0.0002389308179077,2018-07-12,0.7723388516722809,0.05377996606976421
0.0514964641771509,0.7567778133216796,0.1916068948334314,0.0,0.0001188276681858,2018-07-13,0.6191273552356849,-0.15321149643659604
6.27522200723826e-05,9.859533259538829e-18,0.998755928264823,0.0,0.0011813195151079,2018-07-16,0.00053528002611555,-0.6185920752095693
0.9922747205564256,3.645457417672003e-06,0.0068850316404885,0.0,0.0008366023458093,2018-07-17,0.9926120955878126,0.992076815561697
0.0180406805234658,2.2314696026679903e-06,0.9813360698643662,0.0,0.000621018142617,2018-07-18,0.0182907613827146,-0.974321334205098
0.0679730498278006,0.4076139690360732,0.5238313299554983,0.0,0.0005816511803871,2018-07-19,0.3739161870770104,0.3556254256942958
0.5064074870347325,0.4564568887441768,0.0367187358217799,0.0,0.0004168883991535,2018-07-20,0.8489169089525265,0.47500072187551606
0.9964007110292558,7.331749404200274e-07,0.0027480440009324,0.0,0.0008505117945038,2018-07-23,0.9967414656282626,0.14782455667573613
0.1097650717514136,0.8730169024475606,0.0171552586683727,0.0,6.27671322418311e-05,2018-07-24,0.7645528554399807,-0.23218861018828185
0.0541738430681822,0.8769576826270341,0.0687144969807782,0.0,0.0001539773243562,2018-07-25,0.7119536959682002,-0.05259915947178051
0.186883114638559,0.7529942022433633,0.0599124509328792,0.0,0.0002102321853028,2018-07-26,0.7517128591952026,0.03975916322700235
0.8440816282612202,0.1528395306601671,0.0012506074420787,0.0,0.0018282336362494,2018-07-27,0.9594425697108453,0.2077297105156427
0.0808124239145541,0.9015753795219712,0.017552999865867,0.0,5.919669730199861e-05,2018-07-30,0.7570176372349533,-0.202424932475892
0.1224207959751884,0.848626855450031,0.0286759150373632,0.0,0.0002764335376764,2018-07-31,0.7590015109777822,0.0019838737428289344
0.0213645587736924,0.8878373546251701,0.0907316498914661,0.0,6.643670955980245e-05,2018-08-01,0.6872691494263938,-0.0717323615513884
1.15131639526971e-05,7.029639163733099e-19,0.9981756870950212,0.0,0.0018127997407918,2018-08-02,0.0007366330602694177,-0.6865325163661244
0.9967264213895703,1.5860169697299726e-08,0.0001241506062715,0.0,0.003149412143918,2018-08-03,0.9979861981422649,0.9972495650819955
0.0765197864488568,0.8915300610055695,0.0318969668724186,0.0,5.318567348509966e-05,2018-08-06,0.745188606472428,-0.25279759166983684
0.0605877750885451,0.85469520291164,0.0845512157929104,0.0,0.0001658062072976,2018-08-07,0.7016754997551942,-0.04351310671723385
0.1655829161858951,0.8222363939974372,0.0119454761124711,0.0,0.0002352137041872,2018-08-08,0.7823542971656479,0.0806787974104537
0.0577702986016981,0.8740557320865865,0.0680809469053027,0.0,9.302240683851691e-05,2018-08-09,0.7133493066293735,-0.0690049905362744
0.0623841792188575,0.0215979235368011,0.9140702705451856,0.0,0.0019476266987335,2018-08-10,0.07936167255095172,-0.6339876340784217
0.0069618112164122,0.8927745674994776,0.0999156440046483,0.0,0.0003479772796873,2018-08-13,0.6766819277528952,0.5973202552019434
0.9617090627748254,0.0285557150500717,0.0085199603375883,0.0,0.0012152618377593,2018-08-14,0.9836119537974828,0.30693002604458763
0.0080393578576444,0.9187194863053714,0.0731507915274386,0.0,9.036430918164238e-05,2018-08-16,0.6971151183103456,-0.2864968354871372
0.3281583448107793,0.6601381350389727,0.0112038769982243,0.0,0.0004996431524219,2018-08-17,0.8234618033509775,0.12634668504063196
0.9819030374977838,0.0062802303072276,0.0104882136832999,0.0,0.0013285185113235,2018-08-20,0.987144617632734,0.16368281428175646
0.0924359080149409,0.8555817894588981,0.0519092383399515,0.0,7.306418609803332e-05,2018-08-21,0.7341514757835537,-0.2529931418491803
0.0930335398684025,0.8173539112551783,0.08939913173399,0.0,0.0002134171423761,2018-08-23,0.7061343401667367,-0.028017135616816957
0.0264281826207262,0.8752526478312594,0.0982070282061549,0.0,0.0001121413421636,2018-08-24,0.6829125250310363,-0.02322181513570043
0.9985047792219698,1.0318275002165393e-13,1.186035533843435e-06,0.0,0.0014940347419453,2018-08-27,0.9991023931188253,0.31618986808778904
0.079074123397738,0.8850249561103961,0.0358667356875353,0.0,3.4184804330662034e-05,2018-08-28,0.7428565144022673,-0.256245878716558
0.0357097649845832,0.0122150652751997,0.950638286646502,0.0,0.0014368830934629,2018-08-29,0.04544581717836813,-0.6974106972238991
0.0393149401529938,0.8667241458873252,0.0937746516540373,0.0,0.0001862623057482,2018-08-30,0.689432554490787,0.6439867373124188
0.0271297064105516,0.8902694883510188,0.0823222238513803,0.0,0.0002785813872395,2018-08-31,0.6949432552287115,0.005510700737924479
5.547161086776944e-10,1.5389982819690151e-84,0.957931577869219,0.0,0.0420684215757127,2018-09-03,0.01682736918500119,-0.6781158860437103
0.0013878769491079,3.105535750204413e-08,0.994282792068202,0.0,0.0043292999274244,2018-09-04,0.003119620211595787,-0.013707748973405404
0.0002256322426262,0.9237621327094624,0.074905581958755,0.0,0.001106653088995,2018-09-05,0.6934898930103209,0.6903702727987251
0.0342237331511782,0.9617105966424856,0.0035536104739738,0.0,0.0005120597324257,2018-09-06,0.7557115045260127,0.06222161151569172
0.024443781566837,0.9687054683421542,0.0065923834858137,0.0,0.0002583666054601,2018-09-07,0.7510762294656367,-0.004635275060375976
1.0144870535626272e-11,1.7073431658417018e-50,0.9763490429158508,0.0,0.02365095707385,2018-09-10,0.009460382839684872,-0.7416158466259518
1.3897883092677234e-16,1.6649899605026576e-115,0.8313157377148928,0.0,0.1686842622852714,2018-09-11,0.0674737049141087,0.05801332207442383
0.0381517888755656,0.9588650890617284,0.0007741917923435,0.0,0.0022089302702308,2018-09-12,0.7581841777799542,0.6907104728658455
0.9980781303948076,5.2669443276597576e-08,4.8521707361046505e-06,0.0,0.0019169647651546,2018-09-14,0.998844955802952,0.2406607780229978
3.024406812300945e-07,2.020148750054712e-19,0.9986791705669794,0.0,0.0013205269923044,2018-09-17,0.0005285132376029902,-0.998316442565349
7.562267451290402e-07,2.027289721367481e-15,0.9983157088725484,0.0,0.0016835349010246,2018-09-18,0.0006741701871564896,0.0001456569495534994
0.0004264544338695,2.1110924939116043e-13,0.9600348944578012,0.0,0.0395386511083036,2018-09-19,0.016241914877349273,0.015567744690192783
3.210384629926359e-52,7.433195402497879e-22,1.4703654386795142e-26,0.0,1.0,2018-09-21,0.4,0.38375808512265075
3.3932028881690627e-22,5.143460916850542e-112,0.01998187167971,0.0,0.9800181283200426,2018-09-24,0.39200725132801706,-0.007992748671982963
0.0406523024059861,0.0009017253321895,2.536415445074051e-06,0.0,0.9584434358466444,2018-09-25,0.42470597074378597,0.032698719415768907
0.0131500113654431,8.461301410980812e-06,0.6909648650266317,0.0,0.2958766623069123,2018-09-26,0.13150702226426625,-0.2931989484795197
6.165091170002855e-06,1.9299827302187708e-17,0.8555095915620208,0.0,0.1444842433470203,2018-09-27,0.057799862429978144,-0.0737071598342881
1.8037981050430997e-05,0.1029998229926528,0.4283346115876973,0.0,0.4686475274383342,2018-09-28,0.26472691620087374,0.2069270537708956
0.0004697557207535,0.2793318409510199,8.348728460016565e-06,0.0,0.7201900545999055,2018-10-01,0.4980446582739807,0.23331774207310696
1.3762737757377196e-12,1.0701074868969569e-41,0.3563844639715915,0.0,0.6436155360266477,2018-10-03,0.25744621441203536,-0.24059844386194534
1.9017541027442375e-26,4.792371923616296e-50,0.0145753819671311,0.0,0.9854246180332888,2018-10-04,0.39416984721331555,0.1367236328012802
2.0816619270628224e-39,1.9503600940848853e-78,0.0003182444901795,0.0,0.9996817555100644,2018-10-05,0.3998727022040258,0.005702854990710271
2.9586766810245806e-06,0.3787548990162091,4.264309380846865e-05,0.0,0.6211994992132693,2018-10-08,0.5325489326241457,0.1326762304201199
0.0004886905230377,1.706437780366635e-14,0.7507268783549446,0.0,0.2487844311217897,2018-10-09,0.10000246297176638,-0.4325464696523793
0.602661108939345,3.6905954514985925e-35,3.2827860102896325e-13,0.0,0.3973388910602692,2018-10-10,0.7615966653634527,0.6615942023916863
2.5564801702238612e-18,0.0003491477072118,0.0002259861600997,0.0,0.9994248661327344,2018-10-11,0.4000318072335026,-0.3615648581299501
0.5029587351916898,4.42985970203965e-53,7.053101612803322e-24,0.0,0.4970412648087481,2018-10-12,0.701775241115189,0.30174343388168634
0.0186495255361664,0.9681478813446264,0.0048098795190624,0.0,0.0083927135997332,2018-10-15,0.7481175219845295,0.04634228086934056
0.0540637143527541,0.9303999485287392,0.0053856968184168,0.0,0.0101506403003947,2018-10-16,0.7559239318694665,0.007806409884936971
6.223982067349696e-24,1.0616086527592791e-174,0.0004624390558953,0.0,0.9995375609437108,2018-10-17,0.39981502437748434,-0.35610890749198215
1.6674255244442576e-09,0.0380511163760634,0.001808341656478,0.0,0.9601405402996048,2018-10-19,0.412594555069315,0.012779530691830687
9.6425941171554e-09,1.609758413443665e-81,0.0330964613770635,0.0,0.9669035289803812,2018-10-22,0.3867614212347466,-0.025833133834568422
1.1722262577403457e-05,0.7723872819346819,0.0427726802187534,0.0,0.1848283155839539,2018-10-23,0.6532335099471703,0.2664720887124237
0.0116195484507276,0.9348578297873156,4.605748475959629e-05,0.0,0.053476564276834,2018-10-24,0.7341535465019479,0.08092003655477753
0.0002260487404869,0.8961973730206283,0.0965448274256065,0.0,0.0070317508130348,2018-10-25,0.6751867788311721,-0.0589667676707758
1.6981961598535433e-07,8.268192777669535e-17,0.965035354228308,0.0,0.0349644759517216,2018-10-26,0.013985960200304688,-0.6612008186308673
0.0462671221947193,1.3050988578725065e-45,3.4659292934801827e-26,0.0,0.9537328778052776,2018-10-29,0.42776027331683036,0.4137743131165257
9.094093187424082e-05,0.6611565797501242,0.0665006897695844,0.0,0.2722517895488083,2018-10-30,0.6048590915639906,0.17709881824716028
4.170762275792306e-05,1.24394011549264e-33,1.1423430443441255e-23,0.0,0.9999582923768148,2018-10-31,0.4000250245734838,-0.20483406699050682
0.1683622497528997,0.0234346905443232,0.6965224951639913,0.0,0.1116805645389008,2018-11-01,0.23061049347670243,-0.1694145310967814
0.934780420619966,5.245598312868754e-09,1.2881267419627515e-10,0.0,0.0652195740056781,2018-11-02,0.960868254156436,0.7302577606797336
0.0115083236820574,0.9052023096286574,0.0828710691286296,0.0,0.000418297561088,2018-11-05,0.6905773749279858,-0.2702908792284502
0.0104273947952555,0.95976705210234,0.0295737180505335,0.0,0.0002318350514282,2018-11-06,0.7303454178925818,0.03976804296459602
0.0956510812298455,0.8875846456752371,0.016372010511439,0.0,0.0003922625830587,2018-11-07,0.7614964705194969,0.031151052626915088
0.01552395691075,0.8910929418111015,0.0933209315159249,0.0,6.216976239445435e-05,2018-11-09,0.683868531174034,-0.07762793934546286
1.4709575067750783e-09,4.0423066119981602e-25,0.996997887872209,0.0,0.0030021106569133,2018-11-12,0.001200845733722827,-0.6826676854403112
0.9946479976786858,1.3123719832439048e-42,1.7213706472528106e-08,0.0,0.0053519851077776,2018-11-13,0.9967887917217969,0.9955879459880741
0.0677485043475583,0.5453941743613835,0.3857021140476649,0.0,0.0011552072432283,2018-11-14,0.47725621801588725,-0.5195325737059097
0.0840185487308207,0.8992645674632063,0.0165606607069195,0.0,0.000156223099477,2018-11-15,0.7585294635680162,0.28127324555212896
0.4963913095539036,0.4846575492285536,0.0182680830425761,0.0,0.0006830581751416,2018-11-16,0.8601576947453754,0.1016282311773592
0.0931178038898443,0.9045617778560464,0.0022326687401022,0.0,8.774951396305296e-05,2018-11-19,0.7715742370874643,-0.08858345765791109
1.7463250301689404e-06,4.3377336991875266e-17,0.9991937972881714,0.0,0.0008044563865657,2018-11-20,0.0003235288796564815,-0.7712507082078078
0.0007226616739523,1.885716672915201e-05,0.9988247504920396,0.0,0.0004337306668789,2018-11-21,0.000910296815750724,0.0005867679360942425
2.9162070356311705e-05,1.1920930495255452e-08,0.9982579341517502,0.0,0.0017128918566338,2018-11-22,0.0007143277537077031,-0.00019596906204302094
0.2227127151434311,0.7705657766982313,6.551757300226954e-05,0.0,0.0066559905856405,2018-11-26,0.8032994439013608,0.802585116147653
0.9843942773732574,0.0010957777925097,0.0129566877331737,0.0,0.0015532571009884,2018-11-27,0.985837413558035,0.18253796965667424
0.0846752090335324,0.8989154170020467,0.0163716497562221,0.0,3.772420821309572e-05,2018-11-28,0.7588768614683526,-0.22696055208968235
0.7238681832581275,0.2726661587036784,4.939695979651632e-05,0.0,0.0034162610787226,2018-11-29,0.9297343067173753,0.1708574452490227
0.0380020218055781,0.9331512263069422,0.0287636832876527,0.0,8.3068599861431e-05,2018-11-30,0.7378986689757294,-0.19183563774164591
0.0902685954607458,0.7638947521680526,0.1453851887538085,0.0,0.0004514636175527,2018-12-03,0.6633702450338063,-0.07452842394192316
0.044142379863074,0.856639282755987,0.0990384535427445,0.0,0.0001798838386119,2018-12-04,0.686693795465509,0.023323550431702755
0.0015025994338181,0.7082423568462194,0.288490235448071,0.0,0.0017648082721788,2018-12-05,0.5333902903773542,-0.15330350508815482
1.9658053065148725e-13,1.7793616479947123e-40,0.9603142289041132,0.0,0.0396857710952826,2018-12-06,0.01587430843830962,-0.5175159819390446
0.1745046897680362,0.7573907348530585,0.0013917902815626,0.0,0.0667127850973555,2018-12-07,0.7692328549467724,0.7533585465084628
7.003273866908689e-09,0.0388707770893888,8.110615132035138e-05,0.0,0.9610481097556888,2018-12-10,0.413572333722591,-0.3556605212241814
0.0003980089638905,3.105035469009252e-107,2.1948576237395964e-11,0.0,0.9996019910145756,2018-12-11,0.40023880536972073,-0.013333528352870272
0.7334942818354868,1.9482883713906327e-41,1.1918770330869408e-17,0.0,0.266505718164156,2018-12-12,0.8400965691011493,0.43985776373142854
0.0607207966098534,0.9326227625712356,0.0052581022925741,0.0,0.0013983385262445,2018-12-13,0.7607472039487778,-0.07934936515237145
0.0551957664225773,0.8977105836091563,0.0469912163594213,0.0,0.000102433608939,2018-12-14,0.72851967757302,-0.032227526375757765
0.4592219936236388,0.5280722670765985,0.0120370506536118,0.0,0.0006686886462494,2018-12-17,0.8555436693895875,0.12702399181656743
0.6054654916814781,0.111867474011,0.2815707544479413,0.0,0.0010962798600255,2018-12-18,0.6898046091337383,-0.16573906025584917
0.3945330568670831,0.5573624933802563,0.0477850058816802,0.0,0.0003194438707006,2018-12-19,0.8126827044505556,0.12287809531681726
0.0657234735026357,1.830153418434235e-07,0.9302428176070564,0.0,0.0040335258745919,2018-12-20,0.06733702111397885,-0.7453456833365767
4.1347371988006956e-23,1.8453760023089013e-100,0.9197980792697156,0.0,0.0802019207307103,2018-12-21,0.032080768292284116,-0.035256252821694735
3.4568775921018696e-08,6.328328575425569e-41,0.862857452074787,0.0,0.1371425133562459,2018-12-24,0.054857039911274275,0.02277627161899016
0.0097698887130289,0.0486111543059884,0.0001260218722677,0.0,0.9414929351084638,2018-12-26,0.42282542848590576,0.3679683885746315
0.1953440203427426,0.7790346560129231,0.0149709032250567,0.0,0.0106504204193529,2018-12-27,0.7838801805201759,0.3610547520342702
0.2876577415680594,0.70617034501806,0.0058545197419002,0.0,0.000317393672075,2018-12-28,0.8174124578004344,0.03353227728025843
0.2741159726254103,0.011802626143255,0.7133986928710749,0.0,0.0006827083606786,2018-12-31,0.283241025577123,-0.5341714322233113
1.5404821184796547e-05,0.0123524648804384,0.9849427307057508,0.0,0.0026893995926763,2019-01-02,0.010355513318584118,-0.27288551225853885
5.627158081834934e-10,4.796395437881816e-37,0.997138909003482,0.0,0.0028610904335232,2019-01-03,0.0011444367361250884,-0.00921107658245903
0.0401375565321158,0.9550122237186984,0.0044538998480219,0.0,0.0003963199009605,2019-01-04,0.7565552522815238,0.7554108155453987
0.0881284475489613,0.8984428527979565,0.0132581127934257,0.0,0.0001705868596926,2019-01-07,0.7620288218913058,0.00547356960978207
0.0572246130607275,0.917134182474758,0.0254704637588407,0.0,0.0001707407056235,2019-01-08,0.7451435461990453,-0.016885275692260504
0.0290134977671295,0.964229464585419,0.0062455411455835,0.0,0.0005114965017462,2019-01-09,0.7523901948068922,0.007246648607846851
0.0646588202546846,0.4162086610721199,0.518158879894429,0.0,0.0009736387783959,2019-01-10,0.37720477157013294,-0.37518542323675924
0.0025257941599595,0.881006531231579,0.1163543772202659,0.0,0.0001132973879216,2019-01-11,0.6633260115388124,0.2861212399686795
0.0012824018749321,0.000772234438689,0.9971228570827748,0.0,0.0008225066037684,2019-01-14,0.0021905803454562098,-0.6611354311933563
0.9966927600914736,1.1649852609717635e-38,6.812237135292478e-11,0.0,0.0033072398406836,2019-01-15,0.998015656027747,0.9958250756822908
0.0657247668750247,0.8823004806176704,0.0519096904269,0.0,6.506208018064868e-05,2019-01-16,0.7274761521703498,-0.2705395038573972
0.0401911014704244,0.9182682136085042,0.0413856896543773,0.0,0.0001549952669115,2019-01-17,0.7289542597835671,0.0014781076132173165
0.0457445639789719,0.8830619723520574,0.0710148708955403,0.0,0.0001785927735072,2019-01-18,0.7081124803524178,-0.020841779431149288
0.1179981389210505,0.8739703839360666,0.0077353967559651,0.0,0.0002960803868136,2019-01-21,0.7735943590278258,0.065481878675408
0.0045236000515464,0.8906024410936974,0.1047988496535196,0.0,7.510920115979438e-05,2019-01-22,0.6725054745522833,-0.10108888447554254
2.5377420048612807e-06,4.5387708532892656e-17,0.9986470584913102,0.0,0.0013504037663164,2019-01-23,0.0005426992485314553,-0.6719627753037518
0.0538669737763096,0.8591276845964989,0.0868747504613941,0.0,0.0001305911656045,2019-01-24,0.6982649736899255,0.697722274441394
4.68525759202442e-06,0.0096843084129683,0.9821730541647736,0.0,0.0081379521650014,2019-01-25,0.010523097433318808,-0.6877418762566067
1.6796505125866476e-10,7.548679065272843e-33,0.9958191574126442,0.0,0.0041808424189511,2019-01-28,0.0016723371355454914,-0.008850760297773317
0.0090258875403695,0.9049690240586676,0.0856376680145738,0.0,0.0003674203866812,2019-01-29,0.6878996237390428,0.6862272866034973
0.1071837333948741,0.5626048285103673,0.329655885025646,0.0,0.0005555530693438,2019-01-30,0.5293595760053871,-0.1585400477336557
0.9963782434299712,1.3586256796515915e-57,1.4209896178887894e-16,0.0,0.0036217565700279,2019-01-31,0.9978269460579823,0.4684673700525952
0.0031853862341332,0.99515587712538,0.0001436760473955,0.0,0.0015150605932794,2019-02-01,0.75015831831548,-0.2476686277425023
0.0154673032804408,0.9663214938498454,0.018002905359111,0.0,0.0002082975108962,2019-02-04,0.7402917426721833,-0.009866575643296627
0.0577908323910329,0.9046863445889608,0.0374527456502829,0.0,7.007737012109367e-05,2019-02-05,0.736333621780802,-0.003958120891381367
0.9982063371351266,6.132383009563238e-26,4.882108508194777e-08,0.0,0.0017936140437234,2019-02-06,0.998923782752616,0.262590160971814
0.0362898024743114,0.9053967171414652,0.0582869740670728,0.0,2.6506317529585863e-05,2019-02-07,0.7153479428574221,-0.28357583989519386
1.4551225160118225e-06,2.2158556761647153e-08,0.9975424999995736,0.0,0.0024560227193468,2019-02-08,0.000983880829172303,-0.7143640620282498
0.0099856217852346,0.4029820955151618,0.5864898153204413,0.0,0.0005424673791319,2019-02-11,0.31243918037325874,0.31145529954408646
0.0070594254896175,0.2265559027717193,0.7654516695746368,0.0,0.0009330021642861,2019-02-12,0.1773495534341214,-0.13508962693913734
0.0028089702525225,0.5791467424337078,0.4160168150591944,0.0,0.0020274722543041,2019-02-14,0.437980015979525,0.2606304625454036
9.92206282713569e-05,0.9415698834790948,0.0567443515479572,0.0,0.0015865443447612,2019-02-15,0.706911250975497,0.268931234995972
5.364219916634582e-06,1.1355651683471482e-16,0.9984429015310796,0.0,0.0015517342491081,2019-02-18,0.0006260579195599597,-0.7062851930559371
0.0002618624554141,0.9256480948881004,0.0735826586700373,0.0,0.0005073839867787,2019-02-19,0.6947008872162009,0.694074829296641
0.9986783145634754,3.935671697176821e-11,5.287713744301383e-07,0.0,0.0013211566255735,2019-02-20,0.9992067772432224,0.30450589002702144
0.3918187641073897,0.5930289925074294,0.0149696036647955,0.0,0.0001826397205171,2019-02-21,0.8366635643761685,-0.16254321286705387
0.0679631403199816,0.8594294899501783,0.0725234415495229,0.0,8.392818017927157e-05,2019-02-22,0.7125688290546871,-0.12409473532148141
0.9979793471323134,7.874228431526468e-05,0.0006802296423875,0.0,0.0012616809410492,2019-02-25,0.9985430762219696,0.2859742471672825
8.922796826767417e-05,0.8551316506625609,0.1423790674958501,0.0,0.0024000538733858,2019-02-26,0.6423979875145428,-0.3561450887074268
0.0001000489346305,0.5245169670241802,0.4258107268386409,0.0,0.0495722572026464,2019-02-27,0.4133166770838242,-0.2290813104307186
0.0809094995606901,8.498694311977261e-15,0.8985146680038819,0.0,0.0205758324353666,2019-02-28,0.08913983253484312,-0.3241768445489811
0.1118981594629513,0.8761669560129115,0.0116497588638918,0.0,0.0002851256603322,2019-03-01,0.7691374267367679,0.6799975942019247
0.9933712180909784,7.439577030825031e-19,9.61745907588328e-09,0.0,0.006628772291827,2019-03-05,0.9960227270077092,0.22688530027094134
0.1261300115428131,0.8667717361776981,0.0069999999758154,0.0,9.825230372808952e-05,2019-03-06,0.7762481145975778,-0.2197746124101314
0.0490809408024744,0.8940544623035039,0.0567490291362745,0.0,0.0001155677575546,2019-03-07,0.7196680146331241,-0.05658009996445368
0.0565907283810415,0.8421264740915175,0.1011131437950813,0.0,0.0001696537327664,2019-03-08,0.6882534454427862,-0.031414569190337915
0.999242266404009,1.0533454358997346e-20,4.7636436882085563e-08,0.0,0.0007576859598405,2019-03-11,0.9995453407879452,0.311291895345159
0.9993735674752806,2.917078855515405e-07,5.897144741167748e-06,0.0,0.0006202436720483,2019-03-12,0.9996218837250141,7.654293706893522e-05
0.0755213692415487,0.9061725143603638,0.0182641616286574,0.0,4.195476968729534e-05,2019-03-13,0.7551675369196965,-0.24445434680531763
0.1137503421694676,0.7143110947292556,0.171612188540864,0.0,0.0003263745607118,2019-03-14,0.649614213040694,-0.10555332387900251
0.2710394137520358,0.7264853332042694,0.0016581097687199,0.0,0.0008171432754017,2019-03-15,0.8162302709653986,0.16661605792470457
0.0275330239875048,0.9592449754802596,0.0129461055526066,0.0,0.000275894979857,2019-03-18,0.7470771135896422,-0.06915315737575634
0.0943012086582197,0.9007285922702236,0.0047810031927916,0.0,0.0001891958788651,2019-03-19,0.7699233312124335,0.022846217622791265
0.0515568107268785,0.7483290529680732,0.1999664312854265,0.0,0.0001477050192766,2019-03-20,0.612862682460644,-0.1570606487517895
0.0002203194444355,5.0333510541656945e-09,0.9985104647350777,0.0,0.001269210786798,2019-03-22,0.0007280075341679907,-0.612134674926476
0.000903822855308,0.7031238108297849,0.2947596414649567,0.0,0.0012127248499391,2019-03-25,0.5287317709176224,0.5280037633834543
0.9990883424195,2.7024012947826812e-17,1.6615157089641218e-07,0.0,0.0009114914291109,2019-03-26,0.9994529389911443,0.47072116807352193
0.0064091168686328,1.4869622966015244e-06,0.9930929475715714,0.0,0.000496448597556,2019-03-27,0.006608811529377651,-0.9928441274617666
0.9986738377126442,5.3046416540859e-19,2.317637361152803e-07,0.0,0.0013259305240121,2019-03-28,0.999204209922249,0.9925953983928714
0.12039413584023,0.8780335629299089,0.0013935940327534,0.0,0.0001787071967919,2019-04-01,0.7789907909163784,-0.22021341900587066
0.075499019093597,0.8835989296020865,0.0408194909693365,0.0,8.256033507866822e-05,2019-04-02,0.7382312404291934,-0.04075955048718494
0.0001446924085426,1.4361655405794936e-09,0.9994079605270644,0.0,0.0004473456278613,2019-04-03,0.00032363173681127546,-0.7379076086923821
0.0127282744459954,0.0206809942842677,0.965374754426055,0.0,0.001215976843505,2019-04-04,0.028725410896598174,0.028401779159786898
0.0770382795292236,0.9110021564921776,0.0118576123512548,0.0,0.0001019516270444,2019-04-05,0.7603306775491746,0.7316052666525764
0.0001201757224402,3.888698149810506e-08,0.9977977208729366,0.0,0.0020820645172764,2019-04-08,0.0009530306945868836,-0.7593776468545878
0.5962188261012787,0.3808616078610762,0.0219891739911727,0.0,0.0009303920467797,2019-04-09,0.8822371888157977,0.8812841581212109
0.0009359775741939,0.0252262877999983,0.9725311655952572,0.0,0.0013065690301827,2019-04-10,0.020378321036265704,-0.861858867779532
0.0890957109076503,0.8191924312389904,0.0914793270601978,0.0,0.0002325307928951,2019-04-11,0.7035830466540512,0.6832047256177856
0.0898348151005846,0.8926785556019313,0.0173472422827992,0.0,0.0001393870143679,2019-04-12,0.7593994866077802,0.05581643995372898
0.0919189451689486,0.8820174056768283,0.0259667025540353,0.0,9.694660011381645e-05,2019-04-15,0.7534707780666153,-0.005928708541164895
0.8958988934110912,0.09668158089645,0.006499610215558,0.0,0.0009199154772427,2019-04-16,0.9687780452743258,0.21530726720771043
0.0046083391397351,8.761836093690164e-24,0.9935336048666112,0.0,0.0018580559938801,2019-04-18,0.00535156153728714,-0.9634264837370387
7.586555984621446e-12,3.372036730448581e-53,0.9907991720793272,0.0,0.0092008279131866,2019-04-22,0.0036803311728611956,-0.001671230364425944
0.0266216864514094,0.8235797572044152,0.1496488794018451,0.0,0.0001496769420367,2019-04-23,0.6443663751315355,0.6406860439586743
0.9988773553235094,1.4971413973264503e-24,9.84947982252293e-10,0.0,0.0011226436914091,2019-04-24,0.9993264128000731,0.35496003766853756
9.423792681569904e-06,1.8707657080482624e-05,0.9987913251953986,0.0,0.0011805433548127,2019-04-25,0.0004956718774170119,-0.998830740922656
0.9983534146140703,1.914419782218756e-05,0.0001660121025885,0.0,0.0014614290852084,2019-04-26,0.9989523443965203,0.9984566725191032
0.0223265763390799,0.9231716167563728,0.0544204266807288,0.0,8.138022404853551e-05,2019-04-30,0.7147378409959788,-0.28421450340054144
0.019279734482118,0.8831131414748534,0.0973755462079899,0.0,0.0002315778352317,2019-05-02,0.6817072217223507,-0.03303061927362816
0.0389568616934202,0.8748456408328495,0.0860085178930069,0.0,0.0001889795803953,2019-05-03,0.6951666841502154,0.013459462427864777
0.0021355546371015,0.9421110336176236,0.054163643735941,0.0,0.0015897680095071,2019-05-06,0.709354737054122,0.014188052903906567
2.109333133158669e-09,4.0307835747833124e-63,0.9919270496460192,0.0,0.0080729482443042,2019-05-07,0.0032291814070548133,-0.7061255556470671
7.990975641750981e-10,2.090310945153095e-40,0.9935948056336568,0.0,0.0064051935675516,2019-05-08,0.0025620782261182046,-0.0006671031809366086
0.0020883695073331,0.8751669131393636,0.1222551542600187,0.0,0.0004895630932286,2019-05-09,0.6586593795991473,0.6560973013730291
0.0072997968485883,0.8837950898897671,0.108805232913097,0.0,9.988034892178426e-05,2019-05-10,0.6701860664054824,0.011526686806335062
2.570164479423794e-09,1.4773537968760238e-13,0.9927575395649032,0.0,0.007242457865181,2019-05-13,0.0028969857163476808,-0.6672890806891347
0.0207846931894592,0.9574803118395476,0.000400893701963,0.0,0.021334101268606,2019-05-14,0.7474285675765624,0.7445315818602147
2.355119391156356e-05,1.509395608166194e-22,0.9932484726134752,0.0,0.0067279761928351,2019-05-15,0.0027147416710456037,-0.7447138259055168
0.9623688557937666,0.0029970165469198,0.00022422361936,0.0,0.0344099040401743,2019-05-16,0.9783805798200262,0.9756658381489807
0.8940527947911825,5.219360834965283e-53,2.2657799259211472e-12,0.0,0.1059472052064485,2019-05-17,0.9364316768737619,-0.0419489029462643
5.1944077292795485e-05,6.406984246291932e-45,1.6040933447456132e-44,0.0,0.9999480559230464,2019-05-20,0.4000311664465114,-0.5364005104272506
2.3288139081620766e-10,4.806398075990658e-40,0.7277664110773225,0.0,0.2722335886900173,2019-05-21,0.10889343570888832,-0.29113773073762306
0.0106487826896816,0.9172692996907617,0.0328927375140823,0.0,0.0391891801057935,2019-05-22,0.7142764295000703,0.605382993791182
8.451214573330284e-29,2.950790607565738e-64,3.521742984252908e-12,0.0,0.999999999996362,2019-05-23,0.39999999999854485,-0.31427642950152546
0.0312030464327847,0.0002081697355761,2.775533791480087e-11,0.0,0.9685887838035968,2019-05-24,0.4187946872559055,0.018794687257360665
0.404145337930016,0.4712301405734058,0.0014030901226329,0.0,0.1232214313734936,2019-05-27,0.8068565159094678,0.3880618286535623
0.0228054407731898,0.9379972790531074,0.0387953631677498,0.0,0.0004019170056457,2019-05-28,0.7264641668652786,-0.08039234904418924
0.0037385525308064,0.7137815209973031,0.2821483869254621,0.0,0.0003315395467081,2019-05-29,0.539207309097467,-0.18725685776781165
0.9969854102814496,7.738912060529904e-08,0.001055348002405,0.0,0.0019591643272663,2019-05-30,0.9977691340541965,0.4585618249567296
7.119423501714885e-05,0.929153317490351,0.0627077213041864,0.0,0.008067766970297,2019-05-31,0.7001632891408992,-0.29760584491329733
0.9961296021610871,5.1195717264386034e-24,5.1631743996965416e-11,0.0,0.0038703977872827,2019-06-03,0.9976777612760003,0.29751447213510107
0.0021142937211298,0.9099443308413608,0.0875125493698478,0.0,0.0004288260679653,2019-06-04,0.6847440722793365,-0.31293368899666374
3.071467090483931e-18,1.4095589642668014e-118,0.8615823047835304,0.0,0.1384176952167678,2019-06-06,0.05536707808670713,-0.6293769941926294
0.0191915440216484,0.9550001582277252,0.0236463255085741,0.0,0.0021619722421642,2019-06-07,0.736306451589308,0.6809393735026008
0.0663900611588435,0.9204907145284004,0.0128531778151213,0.0,0.0002660464977333,2019-06-10,0.7568645156542371,0.020558064064929105
0.0542639066272195,0.9174378792298756,0.0281802870820975,0.0,0.0001179270611617,2019-06-11,0.7423894868740909,-0.01447502878014617
0.0114440871213398,0.1347500573285541,0.8525801515682508,0.0,0.0012257039816097,2019-06-12,0.11299691171039926,-0.6293925751636916
0.0120169317178614,0.9372616646018628,0.0506397510579285,0.0,8.165262204955225e-05,2019-06-13,0.7149958412180784,0.6019989295076791
5.0049890186354265e-05,9.485464424480852e-11,0.99860236193522,0.0,0.0013475880801707,2019-06-14,0.0005890851933956175,-0.7144067560246827
2.812360579945403e-14,3.2841201020021804e-88,0.968422361608659,0.0,0.0315776383914588,2019-06-17,0.012631055356611645,0.012041970163216028
0.0531493241602597,0.8956977336947438,0.0508230241426396,0.0,0.0003299180025797,2019-06-18,0.7250545916323495,0.7124235362757378
0.0004147060857743,0.9845784171524486,0.0134469282890634,0.0,0.0015599484722872,2019-06-19,0.7394724983390257,0.014417906706676198
0.9899678350882676,2.1654493480568607e-68,5.115885227968528e-13,0.0,0.0100321649115587,2019-06-20,0.993980701052891,0.2545082027138653
2.41658433377006e-06,7.802023131068875e-22,0.9981555701442376,0.0,0.0018420132717643,2019-06-21,0.0007392218930394901,-0.9932414791598515
0.0151842981029861,0.8870844524250578,0.0976312414217265,0.0,0.0001000080501384,2019-06-24,0.6805376406418348,0.6797984187487952
0.9980432022264484,3.923951640802372e-15,1.259514923063693e-05,0.0,0.0019442026242437,2019-06-25,0.9988208832761488,0.31828324263431407
0.980322232138259,7.444141365921045e-06,0.0189794229919537,0.0,0.0006909007288044,2019-06-26,0.9806041755358051,-0.018216707740343674
0.0158535039243843,0.9318714018912656,0.0522560887553739,0.0,1.900542856906966e-05,2019-06-27,0.7147646575142611,-0.26583951802154404
0.0071203936006791,1.25014412672013e-06,0.9915685739353476,0.0,0.001309782319779,2019-06-28,0.00764524413668574,-0.7071194133775753
0.1342720989354862,0.851669601042233,0.0136913993989304,0.0,0.0003669006229157,2019-07-01,0.7731710599663272,0.7655258158296414
0.0547370003441556,0.9303822816638136,0.0146950181046476,0.0,0.0001856998871958,2019-07-02,0.7525979915468941,-0.02057306841943307
0.0619412561517566,0.8730934478768431,0.0648148372513272,0.0,0.0001504587197086,2019-07-03,0.7168215255472723,-0.03577646599962181
0.0558119503184747,0.8871066240144179,0.0569587318106471,0.0,0.0001226938568889,2019-07-04,0.7211909958720436,0.004369470324771307
1.863221309591989e-11,6.11891241980467e-50,0.9889730499649708,0.0,0.0110269500165001,2019-07-05,0.004410780025232253,-0.7167802158468114
1.6054295517115667e-27,1.1832057489713014e-109,0.8825357642358542,0.0,0.1174642357644837,2019-07-08,0.04698569430579348,0.04257491428056123
0.006885397041324,0.9480385114137052,0.0440252118161536,0.0,0.0010508797289474,2019-07-09,0.7183346324931819,0.6713489381873884
0.0009308195713671,0.8857730326506499,0.112895617855338,0.0,0.0004005299226639,2019-07-10,0.6654208060284201,-0.052913826464761726
0.1077129917019122,0.8873026873473834,0.0047345616703486,0.0,0.0002497592800639,2019-07-11,0.7732899109244752,0.10786910489605506
0.0195230423319123,0.6795344367008854,0.3004687188922804,0.0,0.0004738020750723,2019-07-12,0.5293633906876052,-0.24392652023687
0.0579567536195499,0.9186130956213324,0.0233535977613769,0.0,7.655299777590558e-05,2019-07-15,0.7469471965346596,0.2175838058470544
0.9923336304457264,0.0005044413547729,0.006084621225641,0.0,0.0010773069736263,2019-07-16,0.9931428842512566,0.24619568771659706
0.0515251836416669,0.9078034295939136,0.040648231401676,0.0,2.3155362772553013e-05,2019-07-17,0.7323870179822111,-0.26075586626904557
8.435990660987045e-05,8.223163517273177e-12,0.9962418071969732,0.0,0.0036738328880266,2019-07-18,0.001553893067987883,-0.7308331249142231
1.984772449862561e-20,9.880606371878045e-114,0.92472680283206,0.0,0.0752731971683692,2019-07-19,0.03010927886734768,0.028555385799359796
0.0021183917165908,0.5863408049789626,0.4087474825984265,0.0,0.0027933207058772,2019-07-22,0.44299132373316363,0.412882044865816
0.0193486821705362,0.8485837738670423,0.1318393731710349,0.0,0.0002281707916237,2019-07-23,0.6558777808874675,0.21288645715430388
0.000540824079782,0.7355259898204438,0.2629429887982535,0.0,0.0009901973017092,2019-07-24,0.5525813953657985,-0.10329638552166898
0.0035067492324373,0.9329276184806083,0.0632736141721251,0.0,0.0002920181149546,2019-07-25,0.7033192703388754,0.1507378749730769
0.0363627147182204,0.9389470693673344,0.0246138210874472,0.0,7.639482705025134e-05,2019-07-26,0.7406035746745413,0.037284304335665874
1.574777597472488e-07,1.3301197473665981e-22,0.9970725507228624,0.0,0.00292729179971,2019-07-29,0.0011710741976437473,-0.7394325004768976
1.8077835824920222e-09,6.849104928152035e-21,0.9401734622730218,0.0,0.0598265359193665,2019-07-30,0.023930616175530182,0.022759541977886436
0.3101141285233049,0.0018681728422562,0.2196388185530926,0.0,0.4683788800811814,2019-07-31,0.4988668101874696,0.4749361940119394
1.6440144195271444e-10,0.0082080398341005,0.1660503544023108,0.0,0.8257416055992857,2019-08-01,0.3364526722796911,-0.16241413790777848
3.965893949763808e-07,0.1316108317658731,5.600012387850423e-05,0.0,0.8683327715212721,2019-08-02,0.44604162902230865,0.10958895674261754
2.713545491392032e-06,0.535987542144882,0.024819741387932,0.0,0.4391900029217018,2019-08-05,0.5776693713228337,0.13162774230052504
0.5203778577294861,7.764043244362982e-19,3.979853060258958e-06,0.0,0.4796181624170222,2019-08-06,0.712225122696295,0.13455575137346132
1.2139995171078228e-06,5.334424027997126e-17,0.8335914729943336,0.0,0.1664073130063907,2019-08-07,0.06656413920207344,-0.6456609834942215
0.6506764477226229,2.577307746769935e-17,1.7077004214046133e-13,0.0,0.3493235522774109,2019-08-08,0.7904058686335873,0.7238417294315138
0.0238995152694461,0.9439435121944932,0.0008567929305236,0.0,0.0313001796051923,2019-08-09,0.744377221257393,-0.046028647376194276
2.6266936843021826e-23,2.5969022891113423e-134,0.7169486170478837,0.0,0.2830513829517636,2019-08-13,0.11322055318070544,-0.6311566680766876
0.032862153431916,0.9422214477813308,6.96783836419043e-05,0.0,0.0248467204029737,2019-08-14,0.7494669274291036,0.6362463742483981
0.0042665856465243,0.9784083617265356,0.0148600735043083,0.0,0.0024649791225916,2019-08-16,0.7390588485904626,-0.010408078838641033
0.0175612911775421,0.9315834484157032,0.0506801763323052,0.0,0.0001750840740412,2019-08-19,0.716318911118936,-0.022739937471526583
0.0118602083968396,0.5085813168010171,0.4792245661635992,0.0,0.0003339086383452,2019-08-20,0.39342975945294056,-0.3228891516659954
6.628301330613553e-07,5.284820700526107e-19,0.9923594751158856,0.0,0.0076398620539218,2019-08-21,0.003056607651701782,-0.39037315180123877
1.1027148021074445e-18,1.3349958050876598e-77,0.7621059869505753,0.0,0.2378940130496237,2019-08-22,0.09515760521984949,0.09210099756814771
0.000773437343109,1.751806347201273e-13,4.4458644497470523e-08,0.0,0.9992265181984866,2019-08-23,0.400464044622635,0.3053064394027855
1.4526215099736574e-16,7.04636833162675e-11,3.8905083250941445e-28,0.0,0.9999999999299688,2019-08-26,0.40000000002483543,-0.0004640445977995844
0.0374387797628463,0.9493369867122448,0.0071273096374277,0.0,0.0060969238878199,2019-08-27,0.7518802893521578,0.35188028932732235
0.0001756628026,0.6914094989399311,0.3067608749395651,0.0,0.0016539633178655,2019-08-28,0.5193943723346944,-0.23248591701746335
0.0004449085812924,0.4898643507347001,0.5061894336200568,0.0,0.0035013070639094,2019-08-29,0.36924369445788124,-0.1501506778768132
0.0034145532043377,0.986860596516944,0.0001914826434643,0.0,0.0095333676350882,2019-08-30,0.747373347646081,0.37812965318819974
1.3468532866860269e-21,7.894710424838771e-70,0.9489666583531908,0.0,0.0510333416468162,2019-09-03,0.02041333665872648,-0.7269600109873545
0.2942577554775888,0.6760504196054434,0.0269961738889071,0.0,0.0026956510279169,2019-09-04,0.8023738305928382,0.7819604939341117
0.0142672297031333,0.9455973730051338,0.0400246983757886,0.0,0.000110698916364,2019-09-05,0.7235095390235293,-0.07886429156930885
0.998289514037706,0.0001215732769463,0.0004225810026777,0.0,0.0011663316826812,2019-09-06,0.9988472266684882,0.2753376876449589
0.4588398197215426,0.5305610910267128,0.0088886477208297,0.0,0.001710441530535,2019-09-09,0.8574448146037911,-0.14140241206469717
0.0718721576669932,0.8700246675729557,0.0580345785947303,0.0,6.859616559400198e-05,2019-09-11,0.7244180968129476,-0.13302671779084352
0.0018063998409513,1.2351746610837742e-05,0.9974694035618946,0.0,0.0007118448509061,2019-09-12,0.0021004015912718683,-0.7223176952216757
0.9971296535812536,2.0785127138863082e-07,8.568808452072269e-05,0.0,0.0027844504832786,2019-09-13,0.9982435896630186,0.9961431880717467
0.0020406861072773,0.9085559510651072,0.0890239778767461,0.0,0.0003793849510412,2019-09-16,0.6836094033865241,-0.31463418627649453
1.3441142001578163e-20,3.782529146621414e-107,0.9473180399340008,0.0,0.0526819600658081,2019-09-17,0.021072784026323243,-0.6625366193602008
0.0401521193473625,0.9097784955941828,0.0492903223056045,0.0,0.0007790627529606,2019-09-18,0.7227976161441838,0.7017248321178605
6.886621977706915e-13,9.359130598667988e-45,0.9245436422394876,0.0,0.0754563577594883,2019-09-19,0.03018254310448398,-0.6926150730396998
5.58681719359816e-33,0.0,2.5881443151994686e-198,0.0,1.0,2019-09-20,0.4,0.36981745689551604
1.356635281702279e-09,4.20129268064316e-08,1.465361232729799e-26,0.0,0.999999956630746,2019-09-23,0.4000000155186288,1.5518628770916365e-08
0.0031085811122968,0.9623414462544678,0.0307765900976491,0.0,0.0037733825357567,2019-09-24,0.7263740188174503,0.32637400329882155
2.0522758161175607e-10,2.095709528679209e-34,0.997855889109976,0.0,0.0021441106845436,2019-09-25,0.0008576444790450216,-0.7255163743384053
0.9981694316223708,9.531835972541637e-13,3.4264598343884565e-07,0.0,0.001830225730779,2019-09-26,0.9989015219153973,0.9980438774363523
0.0052418383137024,0.7832575370347905,0.2112760930070878,0.0,0.0002245316439819,2019-09-27,0.592774803747388,-0.40612671816800927
0.000708402791046,0.8854790972586671,0.1028508326641044,0.0,0.010961667286325,2019-09-30,0.6692023926495764,0.07642758890218837
3.438353699652671e-17,7.8045810778701e-17,0.0027489616565366,0.0,0.9972510383436896,2019-10-01,0.39890041533747594,-0.2703019773121004
0.0006157010973013,0.8446354870524814,0.0445615179852237,0.0,0.1101872938649709,2019-10-03,0.6781672339326507,0.2792668185951747
8.537527678211691e-18,9.368078433295512e-132,0.5743027851700049,0.0,0.4256972148299118,2019-10-04,0.17027888593196472,-0.5078883480006859
0.0029112872650108,0.004100638413686,0.9071389909066592,0.0,0.0858490834149349,2019-10-07,0.04032639944124926,-0.12995248649071545
0.8492650363200785,2.8369413060782064e-32,5.28215891735966e-16,0.0,0.1507349636798029,2019-10-09,0.9095590217919998,0.8692326223507505
0.0041349862855338,0.5731171991645505,0.4135142843574327,0.0,0.009233530192484,2019-10-10,0.4376662977359403,-0.4718927240560595
0.0053559474351625,0.9892618218333064,0.0001877520308917,0.0,0.0051944787010203,2019-10-11,0.7493801052905504,0.31171380755461015
0.0154860501291105,0.9739025349236584,0.0102353235756442,0.0,0.0003760913717229,2019-10-14,0.7460633878705435,-0.0033167174200069427
0.977860301141808,0.0188630551011406,0.0014206905501353,0.0,0.0018559532068061,2019-10-15,0.9927499737503859,0.24668658587984238
0.0919936232263023,0.8777940686804562,0.0301750320661806,0.0,3.727602721470644e-05,2019-10-16,0.7503540851475303,-0.24239588860285555
0.9989668335174376,2.330158532142097e-21,6.883953858057718e-08,0.0,0.0010330976428222,2019-10-17,0.9993800725745665,0.2490259874270362
0.9966190301735018,0.0001667430758804,0.0027209163538047,0.0,0.0004933103972273,2019-10-18,0.996941411639303,-0.002438660935263459
0.0004285442732501,0.0843037835599843,0.9141667076141144,0.0,0.0011009645523282,2019-10-22,0.06409676776416962,-0.9328446438751334
0.0274605231511176,0.9072340651788094,0.0651782496940621,0.0,0.000127161975702,2019-10-23,0.7079369368255055,0.6438401690613359
0.0200917475395743,0.008793257144562,0.966240468176126,0.0,0.0048745271393263,2019-10-24,0.02863650125372632,-0.6793004355717792
0.0055114049715766,0.9206857877860108,0.0725034981156304,0.0,0.0012993091268291,2019-10-25,0.6965454694618164,0.6679089682080901
0.9963254253071866,1.2233998703373865e-35,1.6359869067241314e-15,0.0,0.0036745746932427,2019-10-29,0.9977952551844836,0.30124978572266725
0.0972115988767192,0.8966653274496369,0.006047229370955,0.0,7.584430285895383e-05,2019-10-30,0.7697409321850904,-0.2280543229993932
0.0617587382818752,0.9098630458162792,0.0282216473244643,0.0,0.0001565685777213,2019-10-31,0.7442186500751731,-0.02552228210991736
0.0689963299113429,0.8659441719961143,0.064882447399994,0.0,0.000177050692232,2019-11-01,0.7185252791853214,-0.025693370889851685
0.0811610047981587,0.8969436052549782,0.021743369477407,0.0,0.0001520204693426,2019-11-04,0.7539295169271294,0.03540423774180801
0.0248647177898368,0.5877929530259973,0.3865084993170466,0.0,0.0008338298669112,2019-11-05,0.4660429645060993,-0.2878865524210301
0.0209254743314984,0.974374660798331,0.0039016613969359,0.0,0.0007982034734977,2019-11-06,0.7520257513196458,0.2859827868135465
0.0725908151566729,0.8888094375905652,0.0385023158542693,0.0,9.74313985831046e-05,2019-11-07,0.7392368659090299,-0.012788885410615847
2.3077620478068403e-05,0.0013953473610351,0.9956808215205436,0.0,0.002900753497571,2019-11-08,0.0022298895402827934,-0.7370069763687471
0.0336580574675077,0.8719708594927041,0.0942944626885587,0.0,7.66203515671507e-05,2019-11-11,0.6876668502276626,0.6854369606873798
0.0011355132298134,0.0217816819332433,0.9754613799912067,0.0,0.0016214248459169,2019-11-13,0.018120344618112634,-0.66954650560955
0.0614033658899459,0.9010217062989782,0.0373511924961586,0.0,0.0002237353146077,2019-11-14,0.7372591397400226,0.7191387951219099
0.0489461039348742,0.9135163609661344,0.0373606751732286,0.0,0.0001768599261524,2019-11-15,0.734154118629936,-0.003105021110086592
0.0288384318007696,0.8974426060341416,0.0735858899942039,0.0,0.0001330721711053,2019-11-18,0.7019736151948179,-0.032180503435118024
0.0939770614348056,0.8897298830830379,0.016126514886393,0.0,0.0001665405957361,2019-11-19,0.7613410899853784,0.05936747479056048
0.0854034663902585,0.8874331699112077,0.0270673036657494,0.0,9.606003276910518e-05,2019-11-20,0.751016767836772,-0.010324322148606457
0.0466628462933374,0.0002019884814255,0.95235820736322,0.0,0.0007769578620367,2019-11-21,0.0471251207992212,-0.7038916470375508
0.0184819673221768,0.0987321957011843,0.882057264147025,0.0,0.0007285728292937,2019-11-22,0.0928225432297825,0.0456974224305613
0.996427953804644,3.366885554398912e-61,1.0066039418088792e-12,0.0,0.0035720461939463,2019-11-25,0.9978567722822225,0.90503422905244
0.0221550823322324,0.0176181506873494,0.9592630944640552,0.0,0.0009636725163468,2019-11-26,0.03575416435428317,-0.9621026079279393
0.1755381367769831,0.7990118298037777,0.0251053416250367,0.0,0.000344691794488,2019-11-27,0.7749348858476116,0.7391807214933285
0.06735682038616,0.9008512416907531,0.031726728991281,0.0,6.52089321587904e-05,2019-11-28,0.7430213352270884,-0.03191355062052326
3.1047321257317985e-05,1.3567600731395117e-08,0.999494026294218,0.0,0.0004749128165225,2019-11-29,0.00022102262356686657,-0.7428003126035215
0.0773096053729193,7.396478579968726e-11,0.921176543991746,0.0,0.0015138505614247,2019-12-02,0.07791514565296276,0.07769412302939589
0.0045785126284122,0.0002336423570877,0.9945595026174714,0.0,0.0006283423973617,2019-12-03,0.005005081355172655,-0.07291006429779011
0.8971541509499023,0.0084627513451621,0.0928807133691516,0.0,0.0015023843361245,2019-12-04,0.9041021681932236,0.899097086838051
0.0764780663130271,0.1434003622784203,0.7798936715660677,0.0,0.0002278998425111,2019-12-05,0.18411949795884677,-0.7199826702343769
4.670209890747294e-07,9.715909532051405e-23,0.9982237017746772,0.0,0.0017758312046178,2019-12-06,0.0007107995028361948,-0.18340869845601057
0.0336926528335205,0.8895098835374825,0.0766893936209821,0.0,0.0001080700081096,2019-12-09,0.7008682934898762,0.7001574939870401
9.962627214065356e-05,1.6205013970519085e-18,0.9979880583532464,0.0,0.0019123153750422,2019-12-10,0.0008645524221575347,-0.7000037410677187
0.172812861002157,0.8054612599629588,0.021413794804899,0.0,0.0003120842295899,2019-12-11,0.777033639666212,0.7761690872440544
0.1019167759092605,0.8850765819554666,0.0129192138090635,0.0,8.742832639514478e-05,2019-12-12,0.7657591837064185,-0.011274455959793483
0.9976663941905166,3.644459544637287e-05,0.0009610513222988,0.0,0.0013361098915826,2019-12-13,0.9982281715937344,0.23246898788731596
0.0327850270197984,1.1459373833181436e-11,0.9664390438284444,0.0,0.0007759291399044,2019-12-16,0.03309539868435469,-0.9651327729093797
0.9987076756508078,4.1749400221702444e-08,9.584588975886784e-05,0.0,0.0011964367099503,2019-12-17,0.9991862816468381,0.9660908829624834
0.0897268269336383,0.8992271828706407,0.0109996384219185,0.0,4.635177421857407e-05,2019-12-18,0.7641657547963063,-0.23502052685053176
0.1052632765227429,0.8620754222999988,0.0325044208332022,0.0,0.0001568803436176,2019-12-19,0.751882595385189,-0.01228315941111735
0.0900871370940385,0.8303157853033089,0.0793605315166176,0.0,0.0002365460858734,2019-12-20,0.7129185945058695,-0.038964000879319505
0.0233219933373024,0.8937836097598247,0.0828403964452556,0.0,5.400045804348817e-05,2019-12-23,0.6936813008403884,-0.019237293665481103
0.020370693152606,0.0348620508385933,0.9442944029728978,0.0,0.0004728530357246,2019-12-24,0.04670637249584081,-0.6469749283445476
0.000150639791497,7.660448549140126e-13,0.9989359865521074,0.0,0.0009133736552485,2019-12-26,0.0005159892541709337,-0.04619038324166987
0.998331621171754,6.786338771610425e-06,0.0001521657351425,0.0,0.0015094267547595,2019-12-27,0.9989404816277365,0.9984244923735656
0.0352196639474677,0.9176516440332544,0.0471102249666003,0.0,1.8467053094162098e-05,2019-12-30,0.7234657837936461,-0.2754746978340904
0.0004300975431903,3.0804166835170583e-10,0.99772944668838,0.0,0.0018404554601741,2019-12-31,0.0011662799582911913,-0.7222995038353549
0.063237247848361,0.8667047538086707,0.0699575507612144,0.0,0.0001004475815227,2020-01-01,0.7133059922374732,0.7121397122791819
0.997935130142376,2.056043911821333e-14,0.0001849231095308,0.0,0.0018799467477952,2020-01-02,0.9986871088415095,0.2853811166040363
0.007007065608758,0.8823027747052319,0.1105741848636791,0.0,0.000115974822385,2020-01-03,0.6687805365666359,-0.3299065722748735
4.773798972809743e-20,2.6534282328535564e-74,0.9671866500337007,0.0,0.0328133499666242,2020-01-06,0.013125339986649682,-0.6556551965799863
0.0121448926909568,0.9841147426680924,0.0031916965435377,0.0,0.0005486680974027,2020-01-07,0.7504504169309871,0.7373250769443375
0.026535732666394,1.2273178798346784e-08,0.971387245522453,0.0,0.0020770095380398,2020-01-08,0.027366545686494017,-0.7230838712444931
0.9776887314607888,0.0007183711180863,1.1428290999694437e-06,0.0,0.0215917545917195,2020-01-09,0.9868642116360414,0.9594976659495474
0.0582863487997742,0.9266166412260056,0.0149563225427985,0.0,0.0001406874309767,2020-01-10,0.7533051046916691,-0.23355910694437232
0.249896561115586,0.7258832744279988,0.0236483016967685,0.0,0.0005718627597904,2020-01-13,0.7945377620405012,0.04123265734883208
0.0824543849323069,0.8821794082503367,0.0352440884704355,0.0,0.0001221183465626,2020-01-14,0.7441377884586846,-0.05039997358181658
0.0383364987287824,0.863247531789669,0.0982145940362973,0.0,0.0002013754448586,2020-01-15,0.6858526977489775,-0.05828509070970711
0.0677056475391346,0.864787512675807,0.0673245989232465,0.0,0.0001822408615324,2020-01-16,0.7163691783906029,0.030516480641625376
0.0156928154841393,0.90332619221158,0.0781356771499337,0.0,0.0028453151542137,2020-01-17,0.6943255857045098,-0.022043592686093127
3.2957803839988745e-14,2.9067742490458867e-136,0.1859054132034334,0.0,0.814094586796697,2020-01-20,0.32563783471871177,-0.368687750985798
0.0050410905221328,0.9324829547339678,0.0601967296518218,0.0,0.0022792250916788,2020-01-21,0.7053149966092802,0.37967716189056844
0.0001945857780329,5.2458334844400355e-21,0.9982207868667224,0.0,0.0015846273554281,2020-01-22,0.00082843672020414,-0.704486559889076
0.8381873786914735,0.1408331181865024,0.020268492989906,0.0,0.0007110101318198,2020-01-23,0.9440966213840782,0.9432681846638741
0.9728674410546344,0.0104648438323445,0.0162112037509162,0.0,0.0004565113623754,2020-01-24,0.9808986784738429,0.036802057089764695
1.770393446246076e-05,1.0864156021356063e-06,0.99936547019461,0.0,0.0006157394554921,2020-01-27,0.0002648145283609025,-0.980633863945482
0.0004992715847952,7.585014859114968e-08,0.9981114820458938,0.0,0.0013891705188191,2020-01-28,0.0010549966799342832,0.0007901821515733808
0.0860886485259486,0.8929088229717681,0.0208320890651998,0.0,0.0001704394368655,2020-01-29,0.7558384415295207,0.7547834448495865
2.959654363435512e-06,4.995439815883317e-21,0.9939320387832852,0.0,0.0060650015626939,2020-01-30,0.002428960279440996,-0.7534094812500798
7.620746315424018e-07,6.203357953488997e-44,0.8200162075187893,0.0,0.1799830304067277,2020-01-31,0.07199397423732262,0.06956501395788163
5.269464417840769e-12,6.842623427241469e-06,0.0105223002610811,0.0,0.9894708571101034,2020-02-03,0.3957934748168813,0.3237995005795587
0.3695329721519562,1.0475326984270636e-121,1.4930259950640416e-30,0.0,0.6304670278478329,2020-02-04,0.6217197832910893,0.22592630847420803
0.9203032081484398,0.0013767534684733,7.514776747596928e-05,0.0,0.0782448906157073,2020-02-05,0.9526337294960777,0.3309139462049884
0.0606627537986012,0.9208404940018414,0.0183250247541104,0.0,0.0001717274453611,2020-02-06,0.7513618152781267,-0.201271914217951
0.0322444612211395,0.0801680313396239,0.8871476116842052,0.0,0.0004398957548194,2020-02-07,0.09254644302778518,-0.6588153722503416
0.0024115561003922,0.0013744279731661,0.9950253285724392,0.0,0.0011886873543065,2020-02-10,0.003917852021989375,-0.08862859100579581
0.1333649970881207,0.8503804060513455,0.0159961772771973,0.0,0.0002584195831004,2020-02-11,0.77125366945987,0.7673358174378806
0.6866576955508527,0.3067824609132694,0.005719103258272,0.0,0.000840740277539,2020-02-12,0.9170808373468202,0.14582716788695027
0.025158306219099,0.7356099887786878,0.239146002148072,0.0,8.570285398851592e-05,2020-02-13,0.5769000789447103,-0.34018075840210993
0.0003458060424801,0.0283177601558255,0.9702284337670388,0.0,0.0011080000349471,2020-02-14,0.022027326173328064,-0.5548727527713823
0.0006758307278213,5.0381004418007895e-08,0.9981415821181904,0.0,0.0011825367732499,2020-02-17,0.0011488832228745735,-0.02087844295045349
0.0012053209034782,0.8873015962314947,0.1110989336711252,0.0,0.0003941491938969,2020-02-18,0.6668391777546581,0.6656902945317835
0.1692876225132326,0.8294736434028889,0.0002559641251281,0.0,0.0009827699591427,2020-02-19,0.7917859630490564,0.12494678529439829
0.0091404983691699,0.8026137553172925,0.1878231017485668,0.0,0.0004226445646504,2020-02-20,0.6112698726829995,-0.18051609036605687
2.4311509228832134e-23,1.0581311766357447e-98,0.9497371480794696,0.0,0.050262851920721,2020-02-24,0.0201051407682884,-0.5911647319147111
0.0154639015117965,9.070447024735618e-09,0.978745055364028,0.0,0.0057910340536958,2020-02-25,0.017780321936110087,-0.0023248188321783117
9.359264006806913e-06,0.3450329338028667,0.6431816250330747,0.0,0.0117760819001762,2020-02-26,0.2634944923762273,0.2457141704401172
0.0002768127633777,0.8842549807062552,0.1008141353700707,0.0,0.0146540711598964,2020-02-27,0.6693296767570276,0.4058351843808003
2.3513383847710872e-48,5.580766229926232e-95,1.6385130540421427e-09,0.0,0.9999999983610904,2020-02-28,0.3999999993444362,-0.2693296774125914
1.8633033450750094e-28,3.611033624826189e-88,1.4676713881537944e-13,0.0,1.0,2020-03-02,0.4,6.555638254468477e-10
0.0002907074121516,5.481209885675084e-05,6.7906106435949526e-12,0.0,0.9996544804826276,2020-03-03,0.4001936086793452,0.00019360867934520298
2.316910243685419e-13,6.810221730881231e-05,7.094975062329743e-06,0.0,0.9999248028078136,2020-03-04,0.40002099778633876,-0.00017261089300646404
0.0003919251049927,0.7599249165455674,0.0031085812375547,0.0,0.23657457711184,2020-03-05,0.6649654433589043,0.2649444455725655
1.0790329130286404e-23,2.420460281347206e-07,4.618744975869978e-09,0.0,0.9999997533350627,2020-03-06,0.4000000828685462,-0.26496536049035807
9.485890970129247e-121,7.597440367318845e-148,1.0276876370181655e-24,0.0,1.0,2020-03-09,0.4,-8.28685461917722e-08
5.352407277663115e-07,1.1116177347605937e-15,3.635945514181953e-05,0.0,0.999963105304556,2020-03-11,0.39998577736255103,-1.422263744899066e-05
6.01292037492006e-310,0.0,9.955370329229436e-104,0.0,1.0,2020-03-12,0.4,1.422263744899066e-05
0.0,0.0,0.0,1.0,7.734354224591293e-54,2020-03-13,3.093741689836517e-54,-0.4
3.9008257673e-313,0.0,5.458055377802034e-40,0.0,1.0,2020-03-16,0.4,0.4
8.300732347453799e-97,2.4545472998600309e-262,6.9156992078702075e-25,0.0,1.0,2020-03-17,0.4,0.0
0.0,0.0,4.506043971215502e-70,0.0,1.0,2020-03-18,0.4,0.0
8.713743362710958e-274,1.7925097281303826e-127,2.4284698887341642e-140,0.0,1.0,2020-03-19,0.4,0.0
1.4509987303110206e-88,0.0,1.0648484331461755e-271,0.0,1.0,2020-03-20,0.4,0.0
0.0,0.0,9.474796187698612e-208,0.0,1.0,2020-03-23,0.4,0.0
1.0717418144446759e-120,2.9870967365706204e-73,1.022870714950347e-127,0.0,1.0,2020-03-24,0.4,0.0
3.3256536845630146e-52,0.0,0.0,0.0,1.0,2020-03-25,0.4,0.0
1.1398006272219776e-52,7.50921042482707e-60,3.815113065702066e-105,0.0,1.0,2020-03-26,0.4,0.0
7.0982249480532276e-71,1.7078925892929396e-169,4.717711410509455e-59,0.0,1.0,2020-03-27,0.4,0.0
2.1275880404784388e-97,2.6699759558554986e-42,1.3956343051657196e-33,0.0,1.0,2020-03-30,0.4,0.0
4.3837273282831365e-37,4.339796335606925e-29,2.7489600359034185e-70,0.0,1.0,2020-03-31,0.4,0.0
2.2838888530480372e-125,0.0,8.597221782193381e-16,0.0,1.0,2020-04-01,0.4,0.0
3.6124140998806863e-63,0.0,3.025477679507905e-15,0.0,1.0,2020-04-03,0.4,0.0
1.1339183958148551e-51,0.0,1.3091577607049213e-290,0.0,1.0,2020-04-07,0.4,0.0
5.727229149562519e-85,3.264860889383334e-40,6.74505497033772e-52,0.0,1.0,2020-04-08,0.4,0.0
3.9125193178415573e-14,7.317611827200141e-44,2.704085986730855e-59,0.0,1.0,2020-04-09,0.40000000000003916,3.913536161803677e-14
1.9154542547949242e-17,7.083601058979522e-17,0.0012912740145643,0.0,0.99870872598552,2020-04-13,0.39948349039420805,-0.0005165096058311058
5.180491377885096e-43,6.0643932459035895e-202,8.862266822238363e-22,0.0,1.0,2020-04-15,0.4,0.0005165096057919705
1.1332691581713956e-08,1.6320100992813714e-31,1.2189864039782057e-13,0.0,0.9999999886667866,2020-04-16,0.4000000067994062,6.79940620473829e-09
7.519022376250076e-17,1.5758960985555711e-13,5.837719706271002e-37,0.0,1.0,2020-04-17,0.4000000000001183,-6.799287910475016e-09
4.04745606697627e-06,2.819790709963164e-49,0.0001929073730894,0.0,0.9998030451711118,2020-04-20,0.39992526552451174,-7.473447560657487e-05
5.583634039012251e-27,3.1521064103792643e-10,1.282968361835542e-14,0.0,0.9999999996844052,2020-04-21,0.4000000001101701,7.473458565837587e-05
2.619823787013994e-09,4.2411438122685684e-41,6.160415861999775e-34,0.0,0.9999999973797458,2020-04-22,0.4000000015717221,1.4615519905447627e-09
8.562116503255193e-05,2.642474456875775e-06,4.76743796087827e-12,0.0,0.9999117363559968,2020-04-23,0.40005229756327393,5.229599155182063e-05
5.831261925080751e-15,0.0002860030428217,1.103881193161637e-05,0.0,0.9997029581451784,2020-04-24,0.4000956855401935,4.33879769195511e-05
0.0016001899727007,0.0808569962145663,2.2564291216513814e-08,0.0,0.9175427912483736,2020-04-27,0.42926005363297487,0.02916436809278139
0.0002476531017604,0.06742943459818,6.303855769480641e-07,0.0,0.9323222819141304,2020-04-28,0.42374864181604754,-0.005511411816927325
0.0041861598937604,9.596180199297552e-42,6.998704220701697e-21,0.0,0.9958138401058434,2020-04-29,0.4025116959360978,-0.02123694587994973
2.681440315334664e-07,6.315812648393532e-26,1.3687231871258878e-32,0.0,0.999999731855532,2020-04-30,0.40000016088624435,-0.002511535049853464
6.610536782523962e-124,3.352700884376481e-293,4.364875144693815e-26,0.0,1.0,2020-05-04,0.4,-1.608862443269743e-07
7.244899952944907e-26,3.8484558483201655e-206,3.17606338325394e-09,0.0,0.9999999968240444,2020-05-05,0.3999999987296178,-1.2703822438453471e-09
1.981361984345849e-11,0.0001259365059963,6.065109073384781e-12,0.0,0.999874063468146,2020-05-06,0.40004407778656925,4.407905695147374e-05
1.0260062152971472e-05,0.5075470086361454,0.0478502031106089,0.0,0.4445925281907326,2020-05-07,0.5585075278155551,0.15846345002898587
0.0381745949209776,6.071916019358086e-60,1.09587856816668e-06,0.0,0.9618243092006432,2020-05-08,0.4229043186012349,-0.13560320921432023
1.621753840998771e-10,1.735046393755826e-13,8.50008261295422e-06,0.0,0.9999914997549444,2020-05-11,0.3999966000642833,-0.022907718536951616
5.192476834565664e-13,0.0004588699205885,2.554002357001048e-06,0.0,0.9995385760763832,2020-05-12,0.40015958287151393,0.0001629828072306494
0.0004159879992369,1.1762888084903519e-158,1.7231531983126713e-35,0.0,0.999584012000418,2020-05-13,0.40024959279940414,9.000992789021112e-05
3.4752600612907415e-23,1.7834301780800841e-09,1.146915443720193e-07,0.0,0.9999998835246584,2020-05-14,0.399999954747436,-0.0002496380519681485
4.808814010265587e-05,0.4916184869652357,0.0060790739763505,0.0,0.502254350918079,2020-05-15,0.5696636937312611,0.16966373898382514
9.546970245725456e-108,0.0,1.999440116648296e-16,0.0,1.0,2020-05-18,0.4,-0.1696636937312611
0.0001688290710395,9.90052705030082e-07,4.332036354222354e-07,0.0,0.9998297476722212,2020-05-19,0.4001014706794568,0.00010147067945676103
0.0756255341993855,2.233609533784503e-104,8.169299052413248e-31,0.0,0.9243744658008092,2020-05-20,0.4453753205197092,0.0452738498402524
0.0007951515772709,0.6718510169901024,0.0005122243528828,0.0,0.3268416070795726,2020-05-21,0.6354200571516768,0.19004473663196764
5.0067887410919744e-11,0.035092571017453,0.0019544842990938,0.0,0.9629529446332198,2020-05-22,0.41150060616644557,-0.22391945098523125
1.3260102832055362e-06,0.0009080576274675,0.002454279568855,0.0,0.9966363367932268,2020-05-26,0.39933690394817456,-0.01216370221827101
3.202833767212778e-11,3.118708658145335e-117,1.3286136509723256e-62,0.0,0.9999999999681676,2020-05-27,0.40000000001929537,0.0006630960711208056
0.0094391570964087,1.771230266566835e-33,5.497343095348241e-19,0.0,0.9905608429037842,2020-05-28,0.4056634942579224,0.005663494238627054
5.936186305029561e-05,5.133595114544484e-48,1.3496191525501932e-13,0.0,0.9999406381369436,2020-05-29,0.4000356171178277,-0.005627877140094717
3.2569409630591234e-08,7.433749368534277e-13,7.433037991139209e-28,0.0,0.9999999674300858,2020-06-01,0.4000000195420015,-3.5597575826218364e-05
0.1098339620618397,1.476690810577737e-09,7.660246263153798e-12,0.0,0.8901660364536561,2020-06-02,0.46590037775082027,0.06590035820881879
0.0222659765679004,0.6670013304454833,3.437420832665075e-05,0.0,0.310698318778667,2020-06-03,0.6467963019134797,0.18089592416265943
1.1346239396062897e-06,0.6103430624451338,0.0107125659887817,0.0,0.3789432369418849,2020-06-04,0.6093357262345439,-0.03746057567893579
0.0211795316197498,0.5409153158624901,5.959522893764061e-06,0.0,0.4378991929947041,2020-06-05,0.602025695714499,-0.007310030520044863
8.02056854590839e-05,3.1504642406150947e-55,6.155512446543701e-06,0.0,0.9999136388018596,2020-06-08,0.40004566120620294,-0.2019800345082961
2.2937083369642063e-20,1.1203216734273644e-19,7.660620476532878e-05,0.0,0.9999233937955184,2020-06-09,0.3999693575182074,-7.630368799554921e-05
0.0166100905693239,0.7020239373742614,0.0004264700346111,0.0,0.2809395020214872,2020-06-10,0.6555038444086149,0.2555344868904075
2.5870376812851253e-30,2.811257948806731e-123,0.1401242542253143,0.0,0.8598757457742404,2020-06-11,0.3439502983096962,-0.31155354609891867
2.4134030315291998e-42,0.0,3.799086353537541e-70,0.0,1.0,2020-06-12,0.4,0.05604970169030382
4.405718987983895e-20,4.0986820966833725e-12,0.0001231393376345,0.0,0.9998768606581464,2020-06-15,0.3999507442663326,-4.925573366743041e-05
7.794169884694234e-20,8.088868853849202e-12,8.382609014860294e-23,0.0,0.9999999999918144,2020-06-16,0.40000000000279246,4.9255736459863364e-05
5.6921511948963553e-08,0.0632111579659607,0.0006959156022365,0.0,0.936092869510167,2020-06-17,0.42184557320004934,0.021845573197256885
0.0087065562061118,1.1588566705989785e-164,2.608102362345086e-37,0.0,0.9912934437941248,2020-06-18,0.40522393372376175,-0.016621639476287586
0.0902054390759166,6.804914842196079e-19,1.167072329529403e-13,0.0,0.9097945609238252,2020-06-19,0.4541232634454467,0.048899329721684925
0.0111979033986227,0.793537599990578,0.0006205890525636,0.0,0.1946439075578138,2020-06-22,0.6842086664146818,0.23008540296923513
0.3882517702646721,1.7669112465947356e-20,1.6971891636825442e-12,0.0,0.6117482297337663,2020-06-23,0.6329510621581786,-0.051257604256503164
1.8442297655052384e-25,9.225486250477228e-143,0.1478905662038293,0.0,0.8521094337965792,2020-06-24,0.3408437735186317,-0.29210728863954694
4.2481940595969705e-05,0.8832050355242442,0.0118017016583192,0.0,0.1049507808764462,2020-06-25,0.7044265709343577,0.36358279741572597
0.1029182652975977,0.8924894933619025,0.0008176505026082,0.0,0.0037745908377592,2020-06-26,0.7737952216541283,0.06936865071977061
0.0002115420536705,0.8430824749063829,0.1556951633471295,0.0,0.0010108196926662,2020-06-29,0.6329277261105241,-0.14086749554360423
0.0406026574879178,2.297048090238003e-05,0.954734891748848,0.0,0.0046394802825475,2020-06-30,0.042475677461613584,-0.5904520486489104
0.9980847634840874,1.4855086021273505e-18,6.258240137886686e-09,0.0,0.0019152302576417,2020-07-01,0.998850855587144,0.9563751781255304
0.954909404917884,0.0436956180511856,1.7646049435359557e-05,0.0,0.001377330981862,2020-07-02,0.9882320508490181,-0.010618804738125931
0.110015188510984,0.8780491867423083,0.0118359502109051,0.0,9.967453548366512e-05,2020-07-03,0.7685919483819087,-0.2196401024671094
0.2155270954388266,0.7735242183915505,1.5657960530035494e-06,0.0,0.0109471203739383,2020-07-06,0.8000491073820649,0.03145715900015622
0.0133484180504671,0.9731223253388224,0.0131534321301477,0.0,0.0003758244808191,2020-07-07,0.7433404918469114,-0.056708615535153495
7.323072376013478e-08,1.8123094109078023e-16,0.997885533693848,0.0,0.0021143930757387,2020-07-08,0.0008458304610193762,-0.742494661385892
0.9612454939262496,0.0360695552774426,0.0002553652182194,0.0,0.0024295855782808,2020-07-09,0.9892694946156438,0.9884236641546245
0.0025026506868955,0.919771176576638,0.0774815999796549,0.0,0.0002445727570063,2020-07-10,0.6924288622221765,-0.29684063239346736
0.0099820510424586,0.9737959475757214,0.0088639598523032,0.0,0.0073580415290784,2020-07-13,0.743272228335881,0.05084336611370455
3.392837092939573e-18,7.107864895500499e-40,0.6510602801868404,0.0,0.34893971981306,2020-07-14,0.139575887925224,-0.603696340410657
2.8959502741251872e-08,0.0048908716971389,2.7483641961000032e-05,0.0,0.9950816157013228,2020-07-15,0.40170082901288606,0.26212494108766204
0.0081575153379241,0.7420745576384622,1.0066363670267429e-06,0.0,0.2497669203867921,2020-07-16,0.6646202017214876,0.26291937270860155
0.9592276124426642,1.0585160582102355e-50,4.133417025842086e-15,0.0,0.0407723875575695,2020-07-17,0.975536567465692,0.31091636574420434
0.1212037204442968,0.8772700254105925,0.0002057002943972,0.0,0.001320553850537,2020-07-20,0.779684461042456,-0.19585210642323592
0.2883869532879914,0.7071323556487019,0.0002897688889496,0.0,0.0041909221744208,2020-07-21,0.8204125888942861,0.04072812785183011
0.0009788481202486,3.448830096543418e-05,0.979163369231176,0.0,0.0198232943475078,2020-07-22,0.008934032084975795,-0.8114785568093104
0.9928652840815826,0.0002749906524782,0.0007974268253898,0.0,0.0060622984409994,2020-07-23,0.995496446447341,0.9865624143623652
0.0009039880106459,0.955772973066358,0.0432495043683484,0.0,7.353455432966719e-05,2020-07-24,0.7177631316321463,-0.2777333148151947
0.0001749345539263,4.952175404257232e-10,0.998794770052964,0.0,0.001030294897496,2020-07-27,0.0005870528843378553,-0.7171760787478085
0.9933245358592396,2.1146506768030377e-57,1.2540818989896828e-14,0.0,0.0066754641405527,2020-07-28,0.9959947215154608,0.995407668631123
1.9167609361895278e-07,0.208067201293802,0.7746898767050081,0.0,0.0172427303252547,2020-07-29,0.16294768477654697,-0.8330470367389138
1.806600843581256e-10,2.0965517476301104e-35,0.9869833474093048,0.0,0.0130166524103365,2020-07-30,0.0052066611447946845,-0.1577410236317523
0.0080056843033822,0.0465557593172588,0.9393527931488628,0.0,0.0060857632302694,2020-07-31,0.045356809083434056,0.04015014793863937
1.0303774605265768e-18,8.759638915779471e-104,0.9313943891818244,0.0,0.0686056108180354,2020-08-03,0.027442244327214163,-0.017914564756219893
0.9460029902181664,1.1452162620137299e-34,1.3235912647511094e-17,0.0,0.0539970097817615,2020-08-04,0.967601794130871,0.9401595498036568
0.0016108655797749,0.983134919702453,0.0121780253404385,0.0,0.003076189377344,2020-08-05,0.7401925311075522,-0.22740926302331876
0.0581582161252252,0.9396361430839204,0.0003042861614907,0.0,0.0019013546291648,2020-08-06,0.7636458652898315,0.02345333418227924
0.0332374055089731,0.9325055379172784,0.0341268832957326,0.0,0.0001301732780132,2020-08-07,0.7326686282581372,-0.030977237031694305
0.0750111426954297,0.9144741695386726,0.0102096308243832,0.0,0.00030505694196,2020-08-10,0.7609887926262181,0.028320164368080936
0.1103098925320193,0.8676288362537096,0.0218412974143994,0.0,0.0002199738001155,2020-08-11,0.7611195092423476,0.00013071661612951146
0.0238151475338047,0.9040633372521074,0.071978589414322,0.0,0.0001429257998182,2020-08-12,0.7019198207928125,-0.05919968844953516
0.0137292451514612,0.9003868996752968,0.0853493601965013,0.0,0.0005344949762969,2020-08-13,0.6892332178984526,-0.012686602894359855
8.86998117259178e-14,7.157361361331587e-42,0.8686877722709101,0.0,0.1313122277293567,2020-08-14,0.05252489109183138,-0.6367083268066213
0.0471212499262186,0.9470824084309972,0.0037462827927311,0.0,0.0020500588499402,2020-08-17,0.7582530797894426,0.7057281886976112
0.998674256188522,1.4683788510769318e-35,4.4184547645413035e-10,0.0,0.0013257433696231,2020-08-18,0.9992045535363713,0.2409514737469287
0.5020349705538235,0.3160107373099788,0.181586290616258,0.0,0.0003680015196085,2020-08-19,0.739190224144151,-0.26001432939222024
0.0030829003933476,0.9289807092410854,0.0672365994603596,0.0,0.0006997909054709,2020-08-20,0.70009834868635,-0.03909187545780102
0.5679505454782956,0.3780131603480983,0.0533956136167874,0.0,0.0006406805570405,2020-08-21,0.8517166879621855,0.15161833927583546
0.9662806798266728,0.0309264232415072,0.0019668284109719,0.0,0.0008260685206067,2020-08-24,0.9898059246660458,0.1380892367038603
0.026989385898758,0.9366901713529916,0.0362632077673549,0.0,5.7234981202290914e-05,2020-08-25,0.7295299084059825,-0.26027601626006325
0.0962261060061776,0.9005746332158664,0.0030370320784672,0.0,0.0001622286997276,2020-08-26,0.7717219723979686,0.04219206399198605
0.4214113587191187,0.148090460693307,0.4287851123263909,0.0,0.0017130682613261,2020-08-27,0.5331644315436295,-0.2385575408543391
0.1002830829597011,0.8825216379317378,0.0034997553472469,0.0,0.013695523761621,2020-08-28,0.7676525209131528,0.23448808936952337
1.4241346943849888e-63,0.0,9.089994950167799e-11,0.0,0.9999999999090504,2020-08-31,0.3999999999636202,-0.36765252094953266
0.0009432295279181,0.6257729544980114,2.09995845967578e-05,0.0,0.3732628163894881,2020-09-01,0.6195780719572219,0.21957807199360174
0.2002923956798202,0.7838893735542503,0.0049729303801712,0.0,0.0108453003853048,2020-09-02,0.7925475459996298,0.17296947404240792
0.0355516279515434,0.8233799775997369,0.1375918019995245,0.0,0.0034765924493152,2020-09-03,0.6544772481310722,-0.13807029786855762
9.519333153473543e-09,0.504234599921651,0.0219960813585466,0.0,0.4737693092002702,2020-09-04,0.5676836831406795,-0.0867935649903927
0.0084822215819155,0.968767103068204,0.0166200702265531,0.0,0.0061306051237141,2020-09-07,0.7375097909325542,0.16982610779187468
0.0011162603720716,0.5802209115406431,0.4171084792522099,0.0,0.0015543488349205,2020-09-08,0.43690368356152215,-0.30060610737103205
0.0105622564878341,0.2286495484907185,0.759902564977061,0.0,0.0008856300447255,2020-09-09,0.18240366987376316,-0.254500013687759
0.9929648175285865,5.2660720354627e-07,1.4933422508887172e-08,0.0,0.0070346409303853,2020-09-10,0.9957790688561432,0.81337539898238
0.0358702427517578,0.92269812900918,0.041341513715605,0.0,9.011452372083212e-05,2020-09-11,0.7279298853181312,-0.267849183538012
0.0021751296347595,4.246942497044287e-05,0.9567204169588384,0.0,0.0410619839815015,2020-09-14,0.01863177529608793,-0.7092981100220432
0.1203284340049591,0.8761632156642708,0.0031747511165965,0.0,0.0003335992142457,2020-09-15,0.7775842854388604,0.7589525101427724
0.9946907443292868,0.0014080945965951,0.0027950813352603,0.0,0.0011060797385653,2020-09-16,0.9961892471721593,0.2186049617332989
0.0007922671774144,0.9250904515609428,0.0735466659854251,0.0,0.0005706152765179,2020-09-17,0.6948383519587287,-0.3013508952134306
0.0148208180938361,0.0031526680650844,0.883091391483177,0.0,0.0989351223583035,2020-09-18,0.056759368085970804,-0.6380789838727579
7.952067964139234e-37,6.657986607345496e-144,0.0460352158283945,0.0,0.9539647841719748,2020-09-21,0.38158591366878997,0.32482654558281915
1.6695951667621728e-11,3.6083319553149467e-29,0.0605327096384452,0.0,0.939467290344604,2020-09-22,0.3757869161545376,-0.005798997514252391
1.3974429936490629e-08,6.325680458065197e-12,0.0004890495421789,0.0,0.9995109364774212,2020-09-23,0.3998043885701427,0.024017472415605146
3.0522291302537483e-43,6.994610540208575e-153,3.403043031584308e-05,0.0,0.99996596956923,2020-09-24,0.399986387827692,0.00018199925754930346
0.0225974346994978,1.265859955663742e-23,6.103106199878567e-22,0.0,0.9774025653008752,2020-09-25,0.41355846081984793,0.013572072992155904
0.7331099850503369,6.240573876375207e-07,2.1013591174977837e-09,0.0,0.2668893887905015,2020-09-28,0.8398662086095783,0.42630774778973035
0.1310616333900866,0.2077386862659048,0.6202947728428293,0.0,0.0409049075011192,2020-09-29,0.3032276110899629,-0.5366385975196154
0.0268825827027742,0.9439021258970562,0.0286004808490084,0.0,0.0006148105513613,2020-09-30,0.7350551013461109,0.43182749025614797
0.9652066703763704,0.0177579110941665,6.471987614898213e-06,0.0,0.0170289465422687,2020-10-01,0.9853366823139028,0.25028158096779196
0.0498473792162,0.949059042610148,0.0006419081697016,0.0,0.0004516700039469,2020-10-05,0.7618223291753897,-0.2235143531385131
0.8737318057534968,0.1185868388263381,5.171063238393224e-06,0.0,0.0076761843572886,2020-10-06,0.9657424086161659,0.20392007944077617
0.2680017625562453,0.7292567730110714,0.0018885290982806,0.0,0.0008529353341852,2020-10-07,0.8152855164482229,-0.150456892167943
0.0914883380345363,0.9067052837558132,0.0012364856452297,0.0,0.0005698925640595,2020-10-08,0.77174525787702,-0.04354025857120292
0.4228469182376183,0.5724512848268485,0.0029004368720892,0.0,0.0018013600630682,2020-10-09,0.852905925882982,0.081160668005962
0.0032177428253732,0.987624994643508,0.0087616179295817,0.0,0.0003956446019792,2020-10-12,0.7440947466487959,-0.10881117923418604
0.0305695406316659,0.9079128950974265,0.0610850985024415,0.0,0.0004324657680327,2020-10-13,0.7116771982619489,-0.03241754838684707
0.0006593821998302,0.9605910191119672,0.0026550920101358,0.0,0.0360945066783773,2020-10-14,0.7355404492051565,0.023863250943207626
8.831908736045228e-57,0.0,3.480855684536147e-07,0.0,0.9999996519146104,2020-10-15,0.39999986076584415,-0.33554058843931234
0.0326720213712494,0.9567553626480344,0.0004359288004917,0.0,0.0101366871801947,2020-10-16,0.754293218229353,0.3542933574635089
0.1440505196717085,0.8526165102213321,0.0023573394729504,0.0,0.000975630634315,2020-10-19,0.7839031545914337,0.029609936362080647
0.018733012084446,0.9585538801695904,0.0210427609842195,0.0,0.0016703467614251,2020-10-20,0.7383165609162089,-0.045586593675224774
5.76085756076677e-06,0.5766215485430913,9.427949427503482e-05,0.0,0.4232784111049415,2020-10-21,0.6017832867068559,-0.13653327420935302
0.0031226791932591,0.9144559484416062,0.0771378656297337,0.0,0.0052835067353711,2020-10-22,0.6910780432186121,0.08929475651175622
0.0576911646542214,0.8994546430240012,0.0427059688684448,0.0,0.0001482234533278,2020-10-23,0.7323414363035535,0.041263393084941424
9.08682214342024e-15,9.219834912263696e-43,0.9807645109533172,0.0,0.0192354890467533,2020-10-26,0.007694195618710407,-0.7246472406848431
0.7548598328123033,0.1729476390582243,4.869519429123005e-05,0.0,0.0721438329348389,2020-10-27,0.9134280952799071,0.9057338996611967
3.031232982487604e-16,1.2580689893745214e-68,0.944492756329604,0.0,0.0555072436707592,2020-10-28,0.022202897468303985,-0.8912251978116031
0.0002654039813003,0.8883647138803831,0.1080222163490472,0.0,0.0033476657896667,2020-10-29,0.6678780057074543,0.6456751082391503
2.129606521179822e-06,0.943456107789064,0.0101920769005199,0.0,0.0463496857036269,2020-10-30,0.7261340847297698,0.058256079022315554
0.0014248659003479,0.9920805041826608,0.004354485151899,0.0,0.0021401447654229,2020-11-02,0.7463413019435127,0.020207217213742856
0.9983802930260164,3.405327199942135e-07,2.3863604698817344e-06,0.0,0.0016169800805043,2020-11-03,0.9990273404577581,0.2526860385142454
0.9969372646188144,9.859048620458813e-19,5.697593215279347e-06,0.0,0.003057037787671,2020-11-04,0.9981600797338828,-0.0008672607238753294
0.9079651955501294,0.0753649817938321,1.602177601535365e-07,0.0,0.0166696624386293,2020-11-05,0.9711567968709552,-0.027003282862927525
0.9973443528304622,2.73996084982574e-13,1.263534672718352e-07,0.0,0.0026555208158192,2020-11-06,0.9984065611569953,0.02724976428604009
0.9512234383535983,0.0344397092042251,7.022178357160709e-07,0.0,0.0143361502243398,2020-11-09,0.9827876803465031,-0.01561888081049223
0.725844899952283,0.2516020995028635,6.669998271111208e-07,0.0,0.0225523335447042,2020-11-10,0.9235674079973123,-0.059220272349190806
0.0296706453542656,0.9580968239393536,1.1514858011027375e-05,0.0,0.0122210158486783,2020-11-11,0.7531316696482521,-0.17043573834906023
0.0031482166095124,0.8858369698177129,0.1104314898791732,0.0,0.0005833236938289,2020-11-12,0.6677592734503286,-0.08537239619792347
0.112718090324143,0.8274290143919428,0.0592517251692618,0.0,0.0006011701143715,2020-11-13,0.7335303191638488,0.06577104571352022
0.4376411622781792,0.558134599570641,2.4847904457496404e-05,0.0,0.0041993902465263,2020-11-17,0.8579218680547704,0.12439154889092163
0.9413495182527684,0.0126251613493139,0.029988297357417,0.0,0.0160370230406323,2020-11-18,0.9572331984810067,0.0993113304262363
2.632916206667086e-09,0.5303201014539473,0.3369800643414591,0.0,0.1326998315713798,2020-11-19,0.4508200113519286,-0.5064131871290781
0.0260160390655343,0.9694927249579895,0.0004599105011476,0.0,0.0040313254750726,2020-11-20,0.7547481129740555,0.3039281016221269
0.029555578777503,0.9668032597233648,0.0027260042075047,0.0,0.0009151572917986,2020-11-23,0.7550240864867461,0.0002759735126905971
0.268588686934064,0.6793999196282741,0.0012720117317851,0.0,0.0507393817061177,2020-11-24,0.7984343793377167,0.04341029285097053
6.945514430304536e-24,5.117640593113698e-156,0.0957094100590851,0.0,0.904290589940576,2020-11-25,0.3617162359762304,-0.43671814336148623
0.0048911381386578,0.3197445619727441,5.862402812021144e-07,0.0,0.6753637136484989,2020-11-26,0.5148450450776154,0.153128809101385
0.0062692709472907,0.950002747126122,0.0402538938507581,0.0,0.0034740880759842,2020-11-27,0.7201609665222759,0.2053159214446605
0.0654401933831785,0.9307242280691116,2.0992531320517363e-05,0.0,0.0038145860165395,2020-12-01,0.765009198841628,0.04484823231935209
0.007717758551825,0.9479215395832168,0.0440641423464071,0.0,0.0002965595185273,2020-12-02,0.7187775370466485,-0.046231661794979506
0.6356944385450134,4.120662871469354e-06,0.3627058639194796,0.0,0.001595576872809,2020-12-03,0.6363357597912906,-0.08244177725535784
0.999006048281382,0.0003238125513747,0.0001532987097268,0.0,0.0005168404573641,2020-12-04,0.9994556438778586,0.3631198840865679
0.9991123496863996,1.4318319076999982e-07,0.000545243592792,0.0,0.0003422635373143,2020-12-07,0.9992493624887184,-0.00020628138914013938
0.0381422712647877,0.9444779927482164,0.0173329779735057,0.0,4.6758013436773445e-05,2020-12-08,0.7465194690313246,-0.25272989345739383
0.9977714568984712,0.0002748850499729,0.0002483152342457,0.0,0.0017053428175486,2020-12-09,0.9986597578129704,0.25214028878164585
0.0100299368773998,0.913100271861636,0.0767583868574126,0.0,0.0001114044031214,2020-12-10,0.6948997025348754,-0.303760055278095
0.0058514028104966,0.983959050598586,0.0087269073693295,0.0,0.0014626392214108,2020-12-11,0.7444057464480004,0.049506043913124964
0.0459587953520423,0.9351281902516422,0.0186235936709205,0.0,0.0002894207253846,2020-12-14,0.7474207063309277,0.003014959882927326
0.0117957833526989,0.9552320826089444,0.0326478301421692,0.0,0.0003243038958506,2020-12-15,0.7283495668677475,-0.019071139463180176
0.1293604940257768,0.8668606156040679,0.0033372854415462,0.0,0.000441604928659,2020-12-16,0.7796825977002912,0.0513330308325437
0.0764612295282194,0.908888236120386,0.0144850795682228,0.0,0.0001654547827226,2020-12-17,0.758193588531598,-0.02148900916869323
0.0122206295435886,0.926076139997111,0.0558856223498164,0.0,0.0058176081090757,2020-12-18,0.7091047777850522,-0.04908881074654581
1.9326588373648337e-91,5.197891294014134e-172,1.162508051269317e-16,0.0,1.0,2020-12-21,0.4,-0.3091047777850522
6.322745790693461e-07,0.0060358707960083,7.950770004053249e-11,0.0,0.9939634968495368,2020-12-22,0.40211293411140003,0.002112934111400011
0.9252948846461012,1.8626295586780284e-12,9.519841434558744e-07,0.0,0.0747041633675494,2020-12-23,0.955176549994518,0.5530636158831179
0.942133611457272,0.0512280343701931,4.684632670272373e-05,0.0,0.0065915078454683,2020-12-24,0.9831912403731042,0.028014690378586282
0.9931876172517864,0.0031095766065994,0.0020212204548761,0.0,0.0016815856868445,2020-12-28,0.9961924339814738,0.013001193608369599
0.0708672496523036,0.9190473119994704,0.0100268814234724,0.0,5.855692455070534e-05,2020-12-29,0.7601761564217266,-0.2360162775597472
0.0498742301371016,0.9312391603270032,0.0185509799586922,0.0,0.0003356295776157,2020-12-30,0.7484378522134003,-0.011738304208326333
0.0491389489450462,0.8770353271225323,0.0736613289197357,0.0,0.0001643950130222,2020-12-31,0.7069812022921543,-0.04145664992124598
0.0830239020545031,0.8745146676283277,0.0422762027223343,0.0,0.0001852275944533,2021-01-01,0.7389839938135302,0.03200279152137586
0.0182189353989555,0.9789808129269796,0.0001707749644276,0.0,0.0026294767093509,2021-01-04,0.7535063357779306,0.014522341964400387
0.9884877967845584,4.615884404575974e-13,0.008052075434449,0.0,0.0034601277808276,2021-01-05,0.9898718478972357,0.23636551211930512
0.0006124038955285,0.1811253566310982,0.8156102442004967,0.0,0.0026519952728962,2021-01-06,0.13751721947801063,-0.852354628419225
0.1155046226220105,5.749235052435602e-20,0.8745331152709389,0.0,0.0099622621071484,2021-01-07,0.11948952746486986,-0.018027692013140764
0.9902295608853416,0.0002659685800994,3.156498543050441e-07,0.0,0.0095041548849184,2021-01-08,0.9942306992743836,0.8747411718095137
0.1229184656694414,0.8759574514338531,0.0008537314456897,0.0,0.0002703514512812,2021-01-11,0.7799946948253437,-0.2142360044490399
0.9630890750182224,0.0215910387512516,0.0128011533725569,0.0,0.0025187328581467,2021-01-12,0.9802898472249197,0.20029515239957607
0.0008247622063877,0.985214449461958,0.0131373343795197,0.0,0.0008234539517414,2021-01-13,0.7400649808835528,-0.24022486634136697
0.0143228879555208,0.9647594118834474,0.0208248133744809,0.0,9.288678675360118e-05,2021-01-14,0.7379296015828078,-0.0021353793007449218
1.4230485095646407e-10,7.182377731563023e-16,0.9959266714010168,0.0,0.0040733284566535,2021-01-15,0.0016293315249667898,-0.736300270057841
4.600375058709967e-10,2.9714446909715587e-28,0.9978493147774928,0.0,0.0021506847622779,2021-01-18,0.000860274364948666,-0.0007690571600181238
0.9976504316486916,9.650821069064712e-24,1.1921335956221312e-12,0.0,0.0023495683498442,2021-01-19,0.9985902589886293,0.9977299846236807
0.9988235344094808,2.7775707503292233e-08,0.0001538493061805,0.0,0.0010225885085331,2021-01-20,0.9992325906446746,0.0006423316560453252
0.0001516974232584,5.346841282409111e-09,0.9793158003649954,0.0,0.0205324968648468,2021-01-21,0.008364700179328081,-0.9908678904653465
1.0144713191671595e-16,7.356741754658191e-60,0.8632189072623437,0.0,0.1367810927372498,2021-01-22,0.05471243709490003,0.046347736915571945
3.2743916249962805e-13,8.215730901643158e-98,0.1510141220088514,0.0,0.8489858779907864,2021-01-25,0.33959435119664205,0.284881914101742
1.1861467331548939e-27,4.3456839072108303e-134,0.0571569295885734,0.0,0.9428430704114784,2021-01-27,0.3771372281645914,0.037542876967949335
3.733014717097544e-08,0.0698034596975078,0.0085102250364636,0.0,0.921686277935893,2021-01-28,0.42102714327763524,0.043889915113043854
4.4656524459101565e-27,1.0427007296530508e-169,3.307873377315621e-05,0.0,0.9999669212662023,2021-01-29,0.39998676850648096,-0.02104037477115428
3.387514344094565e-19,0.0,1.3193260606549658e-136,0.0,1.0,2021-02-01,0.4,1.3231493519061388e-05
0.0001794173883639,2.0683311576972043e-22,3.3339687829688745e-25,0.0,0.99982058261147,2021-02-02,0.40010765043295193,0.00010765043295191123
4.770694063439971e-06,0.0300421922627631,8.525267502622137e-09,0.0,0.9699530285175404,2021-02-03,0.41051762629815197,0.010409975865200038
0.6876828433243722,0.0129842995500341,0.0006487998138991,0.0,0.2986840573113251,2021-02-04,0.8168946909114279,0.4063770646132759
0.015455089398673,0.9710817219629688,0.0118334099633735,0.0,0.0016297786751017,2021-02-05,0.7444182923409404,-0.07247639857048749
0.2894294320463579,0.7074738924829139,5.751552911993006e-05,0.0,0.003039159941196,2021-02-08,0.8212505153850218,0.07683222304408144
0.0017495693979481,0.974638632569387,0.0231590555788894,0.0,0.0004527424541119,2021-02-09,0.7329096408066332,-0.08834087457838857
0.0022531105779055,0.9648053469804526,0.0323365098853505,0.0,0.0006050325564054,2021-02-10,0.7260991338358072,-0.00681050697082608
0.9774290025616656,1.4794993655840527e-09,0.020355186864408,0.0,0.0022158090948501,2021-02-11,0.9783153273092302,0.25221619347342306
0.0055577948424387,0.9632169340089768,0.031114381775547,0.0,0.0001108893730126,2021-02-12,0.7280148510983763,-0.25030047621085394
0.2135597423286299,0.7846377174514514,0.0009900601176585,0.0,0.0008124801019164,2021-02-15,0.8023630224579851,0.0743481713596088
0.0022346254785932,0.9700570604379788,0.0274776328818034,0.0,0.0002306812013322,2021-02-16,0.7298696932876102,-0.07249332917037488
0.0007976581909877,0.3207808787756649,0.6774707057216921,0.0,0.0009507573120291,2021-02-17,0.24176362019754802,-0.48810607309006215
9.5623934504236e-05,1.1392681188635494e-09,0.9867887110529592,0.0,0.0131156638734331,2021-02-18,0.005341890338328566,-0.23642172985921944
5.317274896869099e-08,0.1226160463061418,0.4139299773370498,0.0,0.4634539231844909,2021-02-19,0.27734365717615167,0.2720017668378231
1.2233730440204816e-32,5.258277871785563e-167,0.1264116111576348,0.0,0.8735883888419871,2021-02-22,0.34943535553679483,0.07209169836064316
0.0009620710523484,0.5380171593098906,0.0049659973681627,0.0,0.4560547722698356,2021-02-23,0.5868968494427006,0.23746149390590576
2.4958716194413823e-14,1.399328615980543e-24,3.349690830689789e-31,0.0,1.0,2021-02-24,0.400000000000025,-0.1868968494426756
0.0143451746636036,0.7810524151212261,0.0013677821239812,0.0,0.203234628091493,2021-02-25,0.6814283372411205,0.2814283372410955
1.464576138896793e-68,1.5232100452224536e-179,1.8029818516795731e-06,0.0,0.9999981970184192,2021-02-26,0.3999992788073677,-0.2814290584337528
0.0485607797009386,0.3088829208602804,4.5134618319957495e-08,0.0,0.6425562543039745,2021-03-01,0.5372454720677386,0.13724619326037096
0.016971399232773,0.6244513443794518,7.570213899910051e-06,0.0,0.3585696861741823,2021-03-02,0.6287377819870348,0.09149230991929613
0.4088462461274628,5.044480623562528e-21,6.666560072434651e-19,0.0,0.5911537538726077,2021-03-03,0.6453077476765059,0.01656996568947111
1.3361431935648394e-07,0.621596396386755,0.0580164826770693,0.0,0.3203869873221577,2021-03-04,0.5943522258332486,-0.050955521843257245
2.849651309376462e-07,0.7555881222681187,0.0884232866064455,0.0,0.1559883061601846,2021-03-05,0.6290866991302938,0.034734473297045154
0.0030131911845803,0.9840547514351164,0.0103792790710219,0.0,0.0025527783092906,2021-03-08,0.742075366084634,0.11298866695434018
0.0331284007666981,0.9627388151994382,4.51173318367772e-05,0.0,0.0040876667024091,2021-03-09,0.7568175788472404,0.014742212762606455
0.0234652219375157,0.9592613746240802,0.0118676223194581,0.0,0.0054057811185155,2021-03-10,0.745073565352982,-0.011744013494258465
8.910060050652903e-17,5.6949256844136696e-86,0.0109386081243661,0.0,0.9890613918753624,2021-03-12,0.3956245567501451,-0.3494490086028369
1.125219842412103e-09,0.0085561008860909,0.0159809325152301,0.0,0.9754629654735324,2021-03-15,0.39660226297920104,0.0009777062290559635
0.0194541471803764,0.1210573915075084,0.4113829235668304,0.0,0.4481055377450516,2021-03-16,0.28948940590902833,-0.1071128570701727
2.0046595212467266e-15,5.675292343190077e-78,0.4303540582024262,0.0,0.5696459417976256,2021-03-17,0.22785837671905226,-0.061631029189976066
2.377178039270905e-21,4.834402616219198e-96,0.000969301316903,0.0,0.9990306986832078,2021-03-18,0.39961227947328315,0.17175390275423089
1.2256504107636053e-08,3.3186401519516094e-43,1.89225683528395e-21,0.0,0.9999999877436496,2021-03-19,0.40000000735396396,0.00038772788068081043
0.0029909635609844,0.9609086056220058,0.0195450927075236,0.0,0.0165553381099358,2021-03-22,0.7302945530214631,0.3302945456674991
0.0180542968226489,0.9787589678424788,0.0024439959335917,0.0,0.0007427394013656,2021-03-23,0.7524206184650543,0.022126065443591192
1.8532168778232988e-14,7.071058469472839e-28,0.9669222327506224,0.0,0.033077767249115,2021-03-24,0.013231106899664533,-0.7391895115653897
2.584399142141465e-19,5.731910188286593e-76,0.942550714100497,0.0,0.0574492858996883,2021-03-25,0.022979714359875322,0.009748607460210789
0.1004244866629533,0.8821291409740909,3.192589587202572e-05,0.0,0.0174144464667944,2021-03-26,0.7689871209802392,0.7460074066203639
0.9751637924521,1.8731219196882137e-64,3.5764249352144463e-25,0.0,0.0248362075479218,2021-03-30,0.9850982754712688,0.21611115449102958
1.1183518866975032e-06,4.331717593964496e-19,0.9827396560601156,0.0,0.0172592255875801,2021-03-31,0.006904808586918738,-0.97819346688435
0.0424051678810074,0.7469038111688081,8.108931625501664e-06,0.0,0.2106829120184203,2021-04-01,0.6868561910649816,0.6799513824780629
8.684420279139414e-22,1.8367051268803977e-17,0.0043832340434047,0.0,0.9956167659569882,2021-04-05,0.3982467063827953,-0.28860948468218633
0.0014634567996129,0.9416328664638802,0.0010098967210031,0.0,0.05589378001505,2021-04-06,0.730045618653543,0.3317989122707477
0.6210027831834956,0.2698124523138682,7.7582500333972e-05,0.0,0.109107182002009,2021-04-07,0.8670049952197003,0.1369593765661573
0.0220162489659951,0.9693896285414888,0.0069348534814304,0.0,0.0016592690112431,2021-04-08,0.7497221779766089,-0.11728281724309142
0.0017061492843957,0.8894989706025891,0.1037729928828525,0.0,0.0050218872299241,2021-04-09,0.6708391321283071,-0.07888304584830175
4.1859648781762565e-60,4.286716391875184e-173,3.204472086638515e-05,0.0,0.9999679552788954,2021-04-12,0.39998718211155815,-0.270851950016749
0.0889747424405128,7.52569316071439e-08,3.54788587325765e-10,0.0,0.91102518194806,2021-04-13,0.4533848716624356,0.053397689550877425
0.0003893762219603,0.7867032214691422,5.5512826689927546e-05,0.0,0.2128518894826436,2021-04-15,0.6755575481168744,0.22217267645443883
0.0081303727425425,0.938947300905248,0.0210854653638524,0.0,0.0318368609887921,2021-04-16,0.7250755928169953,0.04951804470012089
3.3726926552955633e-11,0.0271718993535308,0.0013832391676824,0.0,0.9714448614448966,2021-04-19,0.4089568691268337,-0.3161187236901616
7.494500244042499e-10,4.362923025161323e-50,0.0014850718563583,0.0,0.9985149273939382,2021-04-20,0.3994059717070253,-0.009550897419808413
0.0795601165050629,2.2244236505355003e-24,1.6445766277517032e-07,0.0,0.9204397190368672,2021-04-22,0.4477360041198098,0.048330032412784496
8.769475162789281e-05,0.9256710031209192,0.0319349355694714,0.0,0.0423063665578971,2021-04-23,0.7112634937154761,0.26352748959566635
0.1066166855949406,0.8921762195421028,0.0002542261299511,0.0,0.0009528687327809,2021-04-26,0.7761299977446301,0.06486650402915395
0.99854145384894,6.751471754447923e-38,1.5038642087206915e-09,0.0,0.0014585446472696,2021-04-27,0.9991248717078478,0.2229948739632177
0.9975781368385868,9.962280418213003e-26,3.8291135754691965e-11,0.0,0.0024218631230363,2021-04-28,0.9985468820878013,-0.0005779896200465151
0.0011779070373491,0.9527947981397016,0.0084666166174802,0.0,0.0375606782056398,2021-04-29,0.7307982769243812,-0.26774860516342014
5.5574203635976693e-14,1.4636569532351534e-05,0.0625712773011388,0.0,0.9374140861289488,2021-04-30,0.3749766118787844,-0.35582166504559676
0.0027186278484497,3.2270849683439447e-09,0.0908291224166011,0.0,0.9064522465080708,2021-05-03,0.36529952887199174,-0.009677083006792653
5.361098154108012e-10,3.018094960844806e-34,0.7000724382712713,0.0,0.2999275611924612,2021-05-04,0.1199710250130943,-0.24532850385889743
0.0986516503636107,0.8941680667124889,0.0015623626519124,0.0,0.0056179202715747,2021-05-05,0.7715248685066073,0.651553843493513
0.1969702127461246,0.8005638211813607,0.001989735561286,0.0,0.0004762305110644,2021-05-06,0.7975835708365709,0.026058702329963657
0.1323683944316012,0.8584182201308076,0.0089205234404033,0.0,0.0002928619973449,2021-05-07,0.7762992043286449,-0.02128436650792609
0.1135176126836719,0.8783779359156698,0.007757285145401,0.0,0.0003471662556684,2021-05-10,0.7724399311226916,-0.003859273205953251
0.0015564727793214,0.6142919737444934,0.3838576015216849,0.0,0.0002939519544286,2021-05-11,0.4623930338694629,-0.3100468972532287
4.196769713275681e-07,7.34106950777631e-14,0.9983619109637965,0.0,0.0016376693587442,2021-05-12,0.0006554874205240656,-0.46173754644893883
0.016432159392038,0.7178890502188733,0.2651641428568562,0.0,0.000514647531853,2021-05-14,0.5550548060689342,0.5543993186484102
0.9971583086305876,6.711389378653039e-30,1.05212253261668e-13,0.0,0.0028416913691328,2021-05-17,0.9982949851782408,0.4432401791093066
0.1661904536720595,0.8329917283398133,0.0001409770880902,0.0,0.0006768409002924,2021-05-18,0.7912049862870365,-0.20708999889120427
0.0019935849452469,0.8863580033102295,0.1115299685673576,0.0,0.0001184431773869,2021-05-19,0.6668094646988738,-0.1243955215881627
2.6555209842248264e-06,2.298437918589429e-16,0.999098527463722,0.0,0.0008988170157031,2021-05-20,0.00036218232726563723,-0.6664472823716082
0.9934016499073136,4.436296699655576e-61,1.9514825366077068e-17,0.0,0.0065983500930122,2021-05-21,0.9960409899445185,0.9956788076172529
0.0407409025861875,0.9215314406912368,0.0376896903158359,0.0,3.796640657779897e-05,2021-05-24,0.7319046696672462,-0.2641363202772723
0.4331268253054851,0.015140940060561,0.5497379528376599,0.0,0.0019942817967174,2021-05-25,0.4452802430695928,-0.2866244265976534
0.1002612477557173,0.895183017548395,0.0043788390011508,0.0,0.0001768956948988,2021-05-26,0.7717192691949731,0.32643902612538034
0.0650330521176277,0.8983007425545401,0.0365018647191876,0.0,0.0001643406085134,2021-05-27,0.7388243452769381,-0.03289492391803506
0.1169916332673176,0.8671541063559849,0.0156398379769198,0.0,0.0002144223993284,2021-05-28,0.7674429819940376,0.02861863671709952
0.9926142227370088,2.3803505016503797e-09,4.226053440981464e-06,0.0,0.0073815488291465,2021-05-31,0.9955668440539303,0.22812386205989266
0.0230783926019254,0.921036718126446,0.0557981282311271,0.0,8.67610407928122e-05,2021-06-01,0.713890635613077,-0.2816762084408533
0.0245827802130836,0.9158329918151752,0.0594099112105811,0.0,0.000174316761277,2021-06-02,0.7115272507789757,-0.0023633848341012564
0.1249493010991554,0.8697592321815255,0.0050183987462768,0.0,0.0002730679734934,2021-06-03,0.7773779524246968,0.06585070164572104
0.0219876325007765,0.9047424836804856,0.073142631317389,0.0,0.0001272525017489,2021-06-04,0.7005953962618403,-0.07678255616285645
0.101813553651638,0.8832999142326364,0.0147035834973358,0.0,0.0001829486183325,2021-06-07,0.7643616687734484,0.06376627251160805
0.0212836706381314,0.8987004685588947,0.0799540763664998,0.0,6.178443626586217e-05,2021-06-08,0.6953337358318088,-0.06902793294163956
1.2008443048040452e-05,3.890267026585849e-06,0.9952984752200884,0.0,0.0046856260700407,2021-06-09,0.0018891765713342599,-0.6934445592604745
0.1636424384071426,0.8280590675917834,0.0079747365594603,0.0,0.0003237574420526,2021-06-10,0.7848162420778012,0.782927065506467
0.1177376202796829,0.8473020543656788,0.0347458363722839,0.0,0.0002144889821104,2021-06-11,0.7532999566467862,-0.031516285431015034
0.0017731591341714,0.9795537718912448,0.0168066458403694,0.0,0.0018664231341294,2021-06-14,0.7371850573062568,-0.016114899340529343
0.0849855554247658,0.8495312568794531,0.0653436158848193,0.0,0.0001395718112097,2021-06-15,0.7221898268088395,-0.014995230497417356
0.002766154868045,0.0538939766031733,0.9416935679088776,0.0,0.001646300619596,2021-06-16,0.04384515756826337,-0.6783446692405761
0.0008263073396204,0.8703115529277569,0.1234688340515643,0.0,0.0053933056806654,2021-06-17,0.6557172943077042,0.6118721367394409
4.776662753992254e-07,0.4562622711737855,0.0010306444243488,0.0,0.5427066067357257,2021-06-18,0.5592798237409049,-0.0964374705667993
0.3029884540543832,1.0309170001721535e-55,0.0001040784872737,0.0,0.6969074674580186,2021-06-21,0.5817514410375906,0.022471617296685675
0.0537847360023822,0.8821852657009872,0.0545610765215587,0.0,0.0094689217750628,2021-06-22,0.7192112539881478,0.1374598129505572
1.792680027687252e-05,6.104830309060938e-50,0.968594754067004,0.0,0.0313873191326658,2021-06-23,0.012572854453343192,-0.7066383995348046
0.1955793976357054,0.7976147788918592,0.0061994217922032,0.0,0.0006064016804775,2021-06-24,0.7940330424767907,0.7814601880234475
0.0694599435606137,0.9053731026767312,0.0250953499206801,0.0,7.160384215985235e-05,2021-06-25,0.7485184121050261,-0.04551463037176462
0.0213308542645665,4.606257372078736e-09,0.9771624245464364,0.0,0.0015067165831884,2021-06-28,0.02193354435253489,-0.7265848677524912
0.0148955608483957,0.5836780238071823,0.4008419655575547,0.0,0.0005844497870889,2021-06-29,0.45288785861861797,0.4309543142660831
0.0122478951686736,0.8319418563864781,0.1557056392381206,0.0,0.0001046092066604,2021-06-30,0.6362461311411963,0.18335827252257836
0.0635294345578057,2.5407849766911936e-05,0.9341476317141132,0.0,0.0022975258787304,2021-07-01,0.06446750079662306,-0.5717786303445733
0.0820566645689814,0.8718687048559334,0.0458852957491761,0.0,0.0001893348257183,2021-07-02,0.7360339271412188,0.6715664263445957
0.1633306572039809,0.8292091676762964,0.0071312280761488,0.0,0.0003289470432452,2021-07-05,0.7853691117785012,0.04933518463728237
0.0305035845484922,0.8875532364343791,0.0817794576210285,0.0,0.0001637213956637,2021-07-06,0.696234000432542,-0.0891351113459592
0.187480705684919,0.7609795108630254,0.0513567755035378,0.0,0.0001830079489054,2021-07-07,0.7582885420117502,0.0620545415792082
1.6393710379714983e-06,3.7938015830936105e-08,0.9979764658503498,0.0,0.0020218568410004,2021-07-08,0.0008104105609500047,-0.7574781314508002
0.0278899663312556,0.8346068253973896,0.137263942845394,0.0,0.0002392654263746,2021-07-09,0.6539407915498477,0.6531303809888978
0.1224848846722103,0.5837951903976741,0.2928295880846033,0.0,0.0008903368451453,2021-07-12,0.5606874122085239,-0.09325337934132383
0.1224765067523845,0.8683561756332303,0.0087741400650166,0.0,0.0003931775490728,2021-07-13,0.7739009094969365,0.21321349728841255
0.0673257150887605,0.9051252483526718,0.0274331035180818,0.0,0.0001159330405818,2021-07-14,0.7462160245694971,-0.027684884927439368
0.2210401641656973,0.7495311212065288,0.0291260970365203,0.0,0.0003026175916263,2021-07-15,0.7833095521072444,0.037093527537747306
0.0489624818048853,0.8858950253411079,0.0650039827347414,0.0,0.0001385101195708,2021-07-16,0.7134391548585445,-0.06987039724869992
0.0002617787977351,0.9212061215809846,0.0751497091337786,0.0,0.0033823904878105,2021-07-19,0.6925193261785978,-0.020919828679946684
0.0006145816451306,0.43463537440009,0.5635524445756774,0.0,0.0011975993788591,2021-07-20,0.32707015219674174,-0.36544917398185606
0.995911395357526,4.245406883201883e-07,1.762448357927097e-05,0.0,0.0040705556177786,2021-07-22,0.9975399360101538,0.670469783813412
0.0469256420020309,0.92550791094209,0.0274829356323025,0.0,8.351142317972234e-05,2021-07-23,0.7410899797778703,-0.2564499562322835
0.0171968504977826,0.8837320510555392,0.0990016434885181,0.0,6.945495778759539e-05,2021-07-26,0.6800236707725521,-0.061066309005318176
0.0010404091199201,6.96873121368022e-06,0.9971661762744692,0.0,0.001786445874662,2021-07-27,0.0017602140181951602,-0.678263456754357
2.65803603461003e-05,0.9679470975737549,0.024418074638975,0.0,0.0076082474265427,2021-07-28,0.7290302025112793,0.7272699884930841
0.1091468769122258,0.8618146203241334,0.0287910515479356,0.0,0.0002474512156439,2021-07-29,0.7556068226415834,0.02657662013030415
0.0203083400827268,0.916844222018602,0.0627251943215526,0.0,0.0001222435771905,2021-07-30,0.7079904040275545,-0.04761641861402888
0.1097697799091455,0.8756589939913298,0.0142348683555852,0.0,0.0003363577437245,2021-08-02,0.7666485685001327,0.05865816447257821
0.9982942152798664,1.2635935364020814e-27,1.7667363769488409e-12,0.0,0.0017057847183441,2021-08-03,0.998976529167204,0.2323279606670713
0.5654061496783218,0.431211974194945,0.0030781432426575,0.0,0.0003037328842757,2021-08-04,0.8889366234782409,-0.11003990568896316
0.0376367338651512,0.9296646547732406,0.0326051755156038,0.0,9.34358462309677e-05,2021-08-05,0.734922599283574,-0.15401402419466692
0.0371164885629059,0.3686032769641004,0.5934160605793448,0.0,0.0008641738933449,2021-08-06,0.31391461584331914,-0.4210079834402548
0.0301161891067203,0.9276142922702167,0.0420625721381776,0.0,0.0002069464848318,2021-08-09,0.7259096869033156,0.41199507105999644
0.0241866200874986,0.9396029415918172,0.0359100476056572,0.0,0.0003003907154531,2021-08-10,0.7290089825675428,0.003099295664227175
0.006187642086794,0.9635996072593166,0.0300574296641901,0.0,0.0001553209895857,2021-08-11,0.7289494759271158,-5.9506640426976176e-05
0.7232545960584158,0.2149619886496277,0.0610863083276433,0.0,0.000697106964167,2021-08-12,0.8847549303313034,0.15580545440418758
0.9992401165313756,3.338225152347872e-22,8.315099996068173e-07,0.0,0.0007590519588671,2021-08-13,0.9995437373149224,0.11478880698361904
0.0610902985537001,0.9128843645518462,0.0259908921779241,0.0,3.4444716415102465e-05,2021-08-16,0.7457673498541508,-0.2537763874607716
0.18220254219904,0.7415887815017838,0.0759991745476549,0.0,0.0002095017514538,2021-08-17,0.7384779290259593,-0.007289420828191506
0.0124582037824376,1.4828928859264203e-09,0.9862487253775704,0.0,0.0012930693566946,2021-08-18,0.012975432637285103,-0.7255024963886743
0.0019715321589791,0.4863884411021261,0.5103771608189133,0.0,0.0012628659199709,2021-08-20,0.367268009353562,0.3542925767162769
0.3209094259475232,0.5604257805924001,0.114158624409907,0.0,0.0045061690499358,2021-08-23,0.7430312290117976,0.3757632196582356
0.1883129935006715,0.8099534390330094,0.001298420964832,0.0,0.0004351465010523,2021-08-24,0.7959521313758496,0.052920902364052
0.0565073975085062,0.8830364603517803,0.060328950406255,0.0,0.0001271917336338,2021-08-25,0.7188356194657949,-0.07711651191005475
0.0717441666672264,0.8461597254180667,0.0819036824996489,0.0,0.0001924254151238,2021-08-26,0.706440930896826,-0.012394688568968859
0.0716003576281926,0.9173479258814308,0.0109266352963683,0.0,0.0001250811937009,2021-08-27,0.7596613345167461,0.05322040361992009
0.9991352959857102,2.5435262626043062e-23,2.157866504687833e-09,0.0,0.0008647018560928,2021-08-30,0.9994811767281473,0.23981984221140118
0.999672289080648,9.540257982359784e-26,3.7275962645315615e-09,0.0,0.0003277071921624,2021-08-31,0.9998033719575129,0.0003221952293656072
0.0164823308589498,0.0002647283892477,0.9829350822369356,0.0,0.0003178585147098,2021-09-01,0.016808020556769495,-0.9829953514007435
0.9988101456879492,3.885938246781509e-12,1.82816705377773e-05,0.0,0.0011715726375509,2021-09-02,0.999278774745884,0.9824707541891146
0.184663492416273,0.8062380048939795,0.0090139760105345,0.0,8.452667889974339e-05,2021-09-03,0.7893758067583175,-0.20990296798756647
0.0910293815491354,0.8720228542215055,0.0367973218493535,0.0,0.0001504423799038,2021-09-06,0.745106699167226,-0.04426910759109148
0.0132935711034466,0.93090085575535,0.0556619946894893,0.0,0.0001435784512617,2021-09-07,0.7115266443004638,-0.0335800548667623
0.0258842658088499,0.8979795429143852,0.0760182097005478,0.0,0.0001179815758494,2021-09-08,0.6994161156249786,-0.012110528675485122
0.3226135112198939,0.3369559453970473,0.3392881033484244,0.0,0.0011424400341973,2021-09-09,0.5757874462813583,-0.12362866934362038
0.044357226246247,0.866109525111996,0.0893714047773041,0.0,0.0001618438640486,2021-09-13,0.6940041076258635,0.11821666134450526
0.0858312438584986,0.8397814061526555,0.0742580972090926,0.0,0.0001292527797582,2021-09-14,0.7157189995848936,0.02171489195903009
0.9985370741676352,2.5644989378623694e-19,8.459677484290089e-05,0.0,0.0013783290573481,2021-09-15,0.9990884057905743,0.28336940620568074
0.9775724095190552,0.00842638277031,0.0134113870123287,0.0,0.0005898206979741,2021-09-16,0.9841281248759773,-0.014960280914597002
0.004199775353955,0.041019998383382,0.944277122514917,0.0,0.0105031037475906,2021-09-17,0.03916601564052774,-0.9449621092354497
1.9606478032360849e-07,0.7985671405908703,0.1497496513926663,0.0,0.0516830119516774,2021-09-20,0.619598756288604,0.5804327406480763
0.4917443052244796,0.4654342050587022,8.0530052950362e-05,0.0,0.0427409596637966,2021-09-21,0.8579163428840249,0.2383175865954209
0.0368789112537889,0.9006549821844106,0.0623106127047477,0.0,0.0001554938574448,2021-09-22,0.7124323454350748,-0.14548399744895002
0.997014797302708,2.674707081087625e-16,3.6398757912446e-10,0.0,0.0029852023331957,2021-09-23,0.9982088782359866,0.28577653280091175
0.0408130053005103,0.933056360132784,0.0260956436046773,0.0,3.49909616811346e-05,2021-09-24,0.7406192717847707,-0.25758960645121587
0.0926640360630865,0.5456743335430662,0.358603422883655,0.0,0.0030582075105223,2021-09-27,0.5031430692245951,-0.23747620256017565
7.9838147590224e-07,0.0010943583524765,0.8408480479352126,0.0,0.1580567953307305,2021-09-28,0.06404428527812547,-0.4390987839464696
0.0029634642724728,0.909763802477182,0.086852854401044,0.0,0.0004198788489878,2021-09-29,0.6854542676699545,0.6214099823918291
0.0041275744327777,0.0014392874689425,0.9932076811316208,0.0,0.0012254569671016,2021-09-30,0.005697222821325215,-0.6797570448486293
0.0165463851309473,0.849751047171734,0.1332538674324953,0.0,0.0004487002645742,2021-10-01,0.6540391506155775,0.6483419277942523
0.3608854594856097,0.6378734833788305,0.0006092134458024,0.0,0.0006318436900663,2021-10-04,0.8395433094957591,0.18550415888018157
0.9988879684045098,2.1511352200222986e-21,7.297380515833846e-05,0.0,0.0010390577899439,2021-10-05,0.9993035915204873,0.15976028202472825
3.0297879910556046e-09,4.431173146643195e-37,0.9986638113662468,0.0,0.0013361856038814,2021-10-06,0.000534477271340551,-0.9987691142491467
0.1300026727916111,0.8624603162629899,0.0070257605986455,0.0,0.0005112503467986,2021-10-07,0.7770524101275729,0.7765179328562323
0.1319313628670802,0.8515835931478991,0.0162124432362684,0.0,0.0002726007485794,2021-10-08,0.7707280980274362,-0.00632431210013662
0.0336879209542045,0.9512123703517332,0.0147395608876976,0.0,0.0003601478062455,2021-10-11,0.7472412578405025,-0.0234868401869337
0.2467877548038435,0.6679540952664829,0.0847752225441951,0.0,0.0004829273855443,2021-10-12,0.7479464972079234,0.0007052393674208401
0.2443570815787419,0.7545505209789152,0.0006581063969383,0.0,0.0004342910457234,2021-10-13,0.8104436887312176,0.06249719152329425
0.7211371334189526,0.2746036123990298,0.0023329337686187,0.0,0.0019263204135096,2021-10-14,0.9278603708836287,0.11741668215241108
0.0830632247522609,0.9097442697176686,0.0071046051612821,0.0,8.790036913332136e-05,2021-10-18,0.7654065871881658,-0.16245378369546293
0.0012918148932828,4.286861114416157e-24,0.9961501086052162,0.0,0.0025580765017373,2021-10-19,0.00231504549397772,-0.763091541694188
6.357554976575862e-07,5.5457917300513606e-15,0.9974136034197224,0.0,0.0025857608249408,2021-10-20,0.001034940085478137,-0.0012801054084995828
3.400730671354473e-06,8.319453180828447e-14,0.9472900376367114,0.0,0.052706561632967,2021-10-21,0.021086025383920553,0.020051085298442416
0.0003097755721258,0.3947332001907334,0.5672689001375711,0.0,0.0376881240994703,2021-10-22,0.311434925354964,0.2903488999710434
0.0023741670357511,0.9578253874355248,0.0347459307522925,0.0,0.0050545147764513,2021-10-25,0.7227650135229753,0.4113300881680113
0.9672623848750432,0.028385334969959,0.0011722393490122,0.0,0.0031800408060171,2021-10-26,0.9898234024249193,0.267058388901944
0.0088384658351576,0.5770636512112803,0.4135677465271484,0.0,0.000530136426569,2021-10-27,0.44184825881424544,-0.5479751436106739
1.201710905011886e-25,1.8186983274175776e-108,0.9500386511020528,0.0,0.0499613488981419,2021-10-28,0.01998453955925676,-0.42186371925498867
6.133195685560586e-09,1.7546296909099017e-07,0.9598282460032146,0.0,0.040171572400949,2021-10-29,0.016068766690802105,-0.003915772868454657
0.9665240408471244,4.971548901713075e-06,1.3670158944223369e-08,0.0,0.0334709739338928,2021-11-01,0.9799161590823579,0.9638473923915557
0.0182974841432699,0.616754387828655,0.3644632587476875,0.0,0.0004848692807908,2021-11-02,0.48105722272707746,-0.4988589363552804
0.0031595957943991,0.0210494874957653,0.9717347759158363,0.0,0.0040561407936312,2021-11-03,0.020569167733675554,-0.4604880549934019
0.0932123852665134,0.8655577173630997,0.0406864691786297,0.0,0.0005434281921985,2021-11-04,0.7425980445657177,0.7220288768320421
0.0196947323889293,0.973638821063885,0.0001389186419736,0.0,0.0065275279056216,2021-11-08,0.7525348593490916,0.009936814783373937
0.0197878770531613,0.9104217129192134,0.0696341682378285,0.0,0.000156241790008,2021-11-09,0.7026666584585746,-0.04986820089051702
0.0093247719751128,0.9101135258585008,0.0804909998214949,0.0,7.070234482946852e-05,2021-11-10,0.6919381973069203,-0.010728461151654267
0.0004780536388328,0.0805192134827254,0.9174691531422096,0.0,0.0015335797358777,2021-11-11,0.06148089564522792,-0.6304573016616923
0.994083719325035,0.0002310011094319,1.1473545771401769e-06,0.0,0.0056841322113707,2021-11-12,0.9965306230416573,0.9350497273964293
0.0195872771515535,0.9387948940086092,0.0415938223075536,0.0,2.400653235521661e-05,2021-11-15,0.7236930502709525,-0.27283757277070475
0.00054992732307,7.638128541752972e-09,0.9982718232649724,0.0,0.001178241774006,2021-11-16,0.0010212297612688063,-0.7226718205096837
0.0016531746427862,0.8547246860692949,0.1422801280020236,0.0,0.0013420112856233,2021-11-17,0.6432334937090067,0.6422122639477379
2.345408008381086e-06,0.0043407474197565,0.8650970337848076,0.0,0.130559873387123,2021-11-18,0.05548185532767495,-0.5877516383813318
2.3814027662366886e-34,2.539597548080686e-101,0.0029576176723259,0.0,0.9970423823273734,2021-11-22,0.3988169529309494,0.3433350976032744
0.0069155415767667,1.2796665087619614e-20,1.3162505424109803e-05,0.0,0.9930712959178192,2021-11-23,0.4041440599438944,0.0053271070129450315
6.313518014510281e-05,0.0001080393805969,0.3489653473742971,0.0,0.6508634780653324,2021-11-24,0.26048955594172574,-0.14365450400216867
0.2792604702146882,0.0061209622405869,0.0024307220969959,0.0,0.7121878454480016,2021-11-25,0.568726330074329,0.3082367741326033
1.7437055431352327e-39,1.0786597646432917e-111,0.0014985980037505,0.0,0.9985014019960262,2021-11-26,0.3994005607984105,-0.16932576927591853
1.1505878740991139e-11,0.0001665810635562,2.3658304377371866e-08,0.0,0.9998333952665622,2021-11-29,0.40005829391579795,0.0006577331173874268
2.3174357029953125e-12,0.0049807147117974,9.888475002087032e-06,0.0,0.9950093968106958,2021-11-30,0.40173929476044384,0.0016810008446458968
0.1491046298293356,0.8299076336873954,8.290037349283671e-05,0.0,0.0209048361093656,2021-12-01,0.7798972895386284,0.3781579947781845
0.9931774798006456,8.910105753243434e-40,3.3523969513159825e-12,0.0,0.0068225201961898,2021-12-02,0.9959064878791215,0.21600919834049315
3.4186403977756628e-12,1.7422690008982987e-37,0.9849724841678688,0.0,0.0150275158287716,2021-12-03,0.0060110063349272805,-0.9898954815441943
2.371945069201467e-21,4.475350743009797e-124,0.7648277870471764,0.0,0.2351722129531298,2021-12-06,0.09406888518125192,0.08805787884632464
0.7526436450235283,0.0004950901398436,3.3883230444739023e-09,0.0,0.2468612614482407,2021-12-07,0.8517594672077073,0.7576905820264555
0.9418423389451992,1.962785666137622e-26,4.686028701587314e-12,0.0,0.0581576610499897,2021-12-08,0.9651054033651951,0.11334593615748778
0.038047691280362,0.9441991564936284,0.0172258018985274,0.0,0.0005273503276199,2021-12-09,0.7464079987816312,-0.2186974045835639
0.0175900416437125,0.911706318420583,0.0704808758630816,0.0,0.0002227640726175,2021-12-10,0.7014588860881967,-0.04494911269343449
2.3749558754777574e-09,5.634120829659871e-73,0.9487483189905436,0.0,0.0512516786347196,2021-12-13,0.020500673828843716,-0.680958212259353
0.0047332559377684,0.8881995139448005,0.1068629034827483,0.0,0.0002043266349078,2021-12-14,0.6709646220503318,0.6504639482214881
0.0011604081765549,0.0004681349968088,0.9949449882473584,0.0,0.0034264685795814,2021-12-15,0.00288209685599406,-0.6680825251943378
0.3057045755109907,4.260151189792576e-05,0.5868899486442748,0.0,0.1073628743328027,2021-12-16,0.3486816763780352,0.34579957952204116
7.133333154757858e-20,8.563766963998388e-104,0.4994795149415413,0.0,0.5005204850587864,2021-12-17,0.20020819402351459,-0.14847348235452063
5.558369877129416e-28,2.1273827291117207e-16,8.518617804953046e-05,0.0,0.99991481382188,2021-12-20,0.39996592552875215,0.19975773150523757
0.0058968949641502,0.8309628351991751,1.0554599583986426e-05,0.0,0.1631297152371853,2021-12-21,0.6943709074584057,0.29440498192965353
0.9669641718138232,0.0158667180016419,8.730752243652714e-05,0.0,0.0170818026623165,2021-12-22,0.9856969313799813,0.2913260239215756
0.0908669476270091,0.8999426649980071,0.0089210531480946,0.0,0.0002693342264396,2021-12-23,0.7659316800660902,-0.21976525131389102
0.0003603355022114,7.94922903758393e-07,0.975589352730984,0.0,0.024049516843994,2021-12-24,0.009980738431986819,-0.7559509416341035
0.7711158363996043,0.0022331576347979,0.0190049519072953,0.0,0.2076460540579771,2021-12-27,0.8558491262488936,0.8458683878169069
0.440817357025976,0.5464830236603038,0.0038625079443886,0.0,0.0088371113692155,2021-12-28,0.85421446931889,-0.0016346569300036418
0.0382470248640277,0.881539128241429,0.0800380214032288,0.0,0.0001758254910452,2021-12-29,0.6994717012415176,-0.15474276807737242
0.0387477337478111,0.8729749850572879,0.0881709301334776,0.0,0.0001063510614123,2021-12-30,0.693521512965342,-0.00595018827617555
0.9989546731473316,2.308493475827949e-05,0.0003043249979095,0.0,0.0007179169199515,2021-12-31,0.9992591536163808,0.3057376406510388
0.9989534106363198,3.923777155575816e-69,1.941274847262497e-16,0.0,0.0010465893641182,2022-01-03,0.9993720463819671,0.00011289276558623662
0.9916521305843596,0.0067213310706003,2.28725874278634e-05,0.0,0.0016036657574586,2022-01-04,0.9973345951902933,-0.002037451191673756
0.9099808857126772,0.0861749279862501,0.0029308833812011,0.0,0.0009133029199025,2022-01-05,0.9749774028703257,-0.022357192319967578
0.0004342211037939,0.94838622782379,0.0501579027467371,0.0,0.001021648325419,2022-01-06,0.712132551301804,-0.2628448515685218
0.0209399754775403,0.970089373134523,0.0086382258867593,0.0,0.0003324255010285,2022-01-07,0.748639975528844,0.03650742422704001
0.99136946233515,0.0064491475311672,0.0002101853953893,0.0,0.0019712047384647,2022-01-10,0.9969948048789112,0.24835482935006725
0.1233525936958895,0.8479552461579449,0.0286236958357082,0.0,6.846431070612508e-05,2022-01-11,0.7593464140386306,-0.23764839084028067
0.139532482932494,0.8572012953047428,0.0028637346477438,0.0,0.0004024871150818,2022-01-12,0.7825944492570838,0.0232480352184532
0.0946505084790936,0.8550835631204247,0.0500869135917606,0.0,0.0001790148085246,2022-01-13,0.736034786742822,-0.0465596625142618
0.0208649481245759,0.8999767904207924,0.0790493382692268,0.0,0.0001089231853579,2022-01-14,0.6958911102143133,-0.0401436765285087
0.6342364308872516,0.0290027690011228,0.3357534891569847,0.0,0.0010073109547909,2022-01-17,0.65639143202001,-0.03949967819430322
2.8072556778759036e-10,3.31269761977256e-46,0.9991158534220974,0.0,0.0008841462974965,2022-01-18,0.0003536587997241678,-0.6560377732202859
2.1617279620552746e-08,2.448162319196066e-26,0.9979262206779462,0.0,0.0020737577044589,2022-01-19,0.0008295246990631806,0.0004758658993390128
1.3539309540736416e-08,5.950969518873562e-08,0.9589244229335284,0.0,0.0410755040173813,2022-01-20,0.01643025977853345,0.015600735079470268
9.021557448644188e-06,0.6925892124800824,0.1523898808075937,0.0,0.1550118851548802,2022-01-21,0.5814556849794625,0.5650254252009291
1.7647533220054416e-53,6.16796757776541e-131,5.724992113334458e-06,0.0,0.9999942750082652,2022-01-24,0.3999977100033061,-0.18145797497615646
2.8672498485929787e-10,1.87508130848076e-27,8.685993311423336e-15,0.0,0.9999999997135092,2022-01-25,0.40000000017212867,2.2901688225829275e-06
4.3735329750360705e-11,0.0126721260491686,0.0005886747766785,0.0,0.9867391991304048,2022-01-27,0.4041997742327737,0.004199774060645034
4.805905156387638e-05,0.1982436894901198,0.0054712947883545,0.0,0.7962369566702932,2022-01-28,0.467225608837271,0.06302583460449729
0.0118026385003462,0.375642689360921,7.41012052854803e-06,0.0,0.6125472620178247,2022-01-31,0.5385535603281668,0.07132795149089582
2.2336924723726684e-06,0.0066462473715966,1.873701868052878e-11,0.0,0.9933515189170324,2022-02-01,0.40232752678798284,-0.13622603354018398
0.6550098143157754,0.259962621272535,0.000311955345404,0.0,0.0847156090663747,2022-02-02,0.8838680238967266,0.48154049710874375
6.307466856410527e-11,7.510049152520802e-32,0.9857642403006844,0.0,0.0142357596363752,2022-02-03,0.005694303917624749,-0.8781737199791019
0.0060918595161722,0.6344105270703033,0.3477124300440971,0.0,0.011785183369641,2022-02-04,0.4866138281667561,0.4809195242491313
1.6914035530214885e-20,4.573837302944846e-25,0.2506546987081033,0.0,0.7493453012918431,2022-02-07,0.29973812051673726,-0.18687570765001882
0.0008722667603586,0.9247042576059566,0.0019601891655389,0.0,0.0724632864677905,2022-02-08,0.7233857745519422,0.42364765403520493
0.9874232929267338,0.0006574303009337,5.794115598924728e-05,0.0,0.0118613356160335,2022-02-09,0.9926608998988475,0.26927512534690534
0.0236118902587825,0.969808674374878,0.0002012651076234,0.0,0.0063781702583172,2022-02-10,0.7535196641432679,-0.23914123575557966
5.525584961687057e-06,0.3270034782943835,0.2351071715713438,0.0,0.4378838245492451,2022-02-11,0.4204116641254474,-0.3331080000178205
8.569898512860168e-34,8.495377855247145e-58,4.257075686153372e-06,0.0,0.999995742924478,2022-02-14,0.39999829716979124,-0.020413366955656154
8.194401694229826e-05,4.672817678735371e-143,3.729600239527207e-55,0.0,0.9999180559832112,2022-02-15,0.40004916641022675,5.0869240435513774e-05
0.0006879559952383,0.927589718054862,0.0389095014492556,0.0,0.0328128245009552,2022-02-16,0.7095053743367669,0.3094562079265401
0.0157163682894366,0.7274334374586638,0.253717990411653,0.0,0.0031322038405603,2022-02-17,0.5625443279196586,-0.14696104641710828
0.0070181980855053,0.9288789925016028,0.0637365977798714,0.0,0.0003662116331846,2022-02-18,0.7038239271149812,0.14127959919532262
6.154892316664005e-06,0.9150348295010592,0.0529299604903187,0.0,0.0320290551159994,2022-02-21,0.6990938990645108,-0.004730028050470403
3.9463259616141256e-08,1.5655844269517815e-49,0.9159842439983534,0.0,0.0840157165383413,2022-02-22,0.03360632607859614,-0.6654875729859147
0.0061942321685993,5.208440701100645e-08,0.8636380888717821,0.0,0.1301676268752604,2022-02-23,0.05826132198200872,0.02465499590341258
1.0635081984044362e-83,1.720166667535076e-72,1.7797517687860103e-22,0.0,1.0,2022-02-24,0.4,0.3417386780179913
5.006560020246039e-06,3.7029023149293465e-11,6.14081490778217e-22,0.0,0.9999949934033614,2022-02-25,0.40000300394913657,3.003949136548556e-06
5.2431832734407796e-08,7.190890209367711e-53,1.1265646813200385e-15,0.0,0.9999999475685412,2022-02-28,0.4000000314592492,-2.9724898873983996e-06
2.1700753251868987e-07,0.1135872472563189,0.0063952728065207,0.0,0.8800172629294927,2022-03-02,0.4371975576215688,0.03719752616231964
7.157044965111434e-10,1.311802129953256e-32,0.0582056363554828,0.0,0.9417943629285478,2022-03-03,0.37671774588712365,-0.060479811734445166
8.597763182945673e-17,8.945647294439e-05,8.2796108354661e-05,0.0,0.9998277474184322,2022-03-04,0.39999819132208125,0.02328044543495761
3.367017451855616e-19,5.661923393862564e-07,9.65984492562435e-10,0.0,0.9999994328419932,2022-03-07,0.40000019778105184,2.006458970582603e-06
9.18367110651216e-05,1.568296807630743e-54,9.547095935808389e-14,0.0,0.9999081632885594,2022-03-08,0.40005510202648886,5.490424543702632e-05
1.966122064562705e-06,4.235356505275446e-38,7.554455914296762e-28,0.0,0.9999980338781144,2022-03-09,0.40000117967331034,-5.3922353178526006e-05
0.0192756999178251,9.818354426041304e-09,2.168660334933957e-12,0.0,0.980724290261396,2022-03-10,0.4115654233861493,0.011564243712838984
0.0309198342031559,0.6287092745527707,0.0257253140330185,0.0,0.3146455772113715,2022-03-11,0.6283100210022825,0.21674459761613318
0.6864490885022994,2.150516469760096e-58,8.380595014525436e-15,0.0,0.313550911497264,2022-03-14,0.811869453101205,0.18355943209892245
9.947963309505927e-15,4.6807547291277773e-29,0.5349164435012215,0.0,0.4650835564983351,2022-03-15,0.186033422599344,-0.625836030501861
0.4183050353498427,5.75271724257854e-05,4.0707081769691396e-09,0.0,0.5816374334066768,2022-03-16,0.6510031540918327,0.46496973149248877
0.3840159816704463,0.1067650600589446,2.8697238072266143e-08,0.0,0.5092189295730788,2022-03-17,0.6677773485438863,0.016774194452053526
1.615408639127631e-09,8.815889310966467e-43,0.7519047422829606,0.0,0.2480952561014335,2022-03-21,0.09923810405598205,-0.5685392444879043
0.6579945965482381,9.920110882377911e-12,2.7239739643799247e-08,0.0,0.34200537620186,2022-03-22,0.7947967470364221,0.6955586429804401
0.0003434354138964,3.9373250027094816e-11,0.9688710083716244,0.0,0.0307855561746942,2022-03-23,0.012657657913304017,-0.7821390891231181
0.0235871160371366,1.2208660273458235e-05,0.9723730404876976,0.0,0.0040276348146854,2022-03-24,0.025207326458215853,0.012549668544911836
0.0011049124600017,9.650033737965467e-07,0.9958012259082284,0.0,0.0030928966282235,2022-03-25,0.0023427948638214476,-0.022864531594394406
0.0067256905894002,0.988228927326184,0.0033668283996592,0.0,0.0016785536850369,2022-03-28,0.7485688075580529,0.7462260126942314
0.1112008151138656,0.8784631601748114,0.0101084635542836,0.0,0.0002275611572206,2022-03-29,0.7701392097078624,0.021570402149809542
0.1250215238823885,0.8736008676489586,0.0007088826039846,0.0,0.0006687258648189,2022-03-30,0.780489664965035,0.010350455257172597
0.0203014472482648,0.8680616169769073,0.1115291644303416,0.0,0.0001077713446736,2022-03-31,0.6713907685188147,-0.10909889644622028
0.9958928092229096,1.418678130604838e-48,2.5133146778096363e-11,0.0,0.0041071907517703,2022-04-01,0.9975356855236177,0.32614491700480297
0.9942171028379944,5.749173639489962e-41,4.005842625546371e-21,0.0,0.0057828971618855,2022-04-04,0.9965302617027486,-0.0010054238208691002
0.0020491572217316,4.187517751507497e-07,0.99707228934121,0.0,0.0008781346854325,2022-04-05,0.0024007251597359626,-0.9941295365430126
0.001190734240884,0.8951758596276372,0.1029503463162154,0.0,0.0006830598149778,2022-04-06,0.6728458528876031,0.6704451277278671
0.000281654242416,0.2457011983979287,0.749233900369832,0.0,0.0047832469899614,2022-04-07,0.18647085183684708,-0.48637500105075604
0.0579480054775536,0.9387796733470848,0.000168504084378,0.0,0.0031038170913894,2022-04-08,0.7632742873244229,0.5768034354875758
0.0052195665930884,0.6459448756785653,0.3479638597671636,0.0,0.0008716979607904,2022-04-11,0.4900269025363285,-0.2732473847880944
0.0002881981567822,0.845213684167768,0.1531339414841644,0.0,0.0013641761909466,2022-04-12,0.6347441317589868,0.14471722922265828
0.0017714697048983,6.65369232958643e-05,0.9515824194419784,0.0,0.0465795739296531,2022-04-13,0.020453201969231435,-0.6142909297897554
2.1845615431478096e-08,0.061822015290509,0.0011376481301017,0.0,0.9370403147336644,2022-04-18,0.42118265920696296,0.4007294572377315
9.30051492773078e-20,8.650538911035179e-52,0.0186604610955954,0.0,0.9813395389045684,2022-04-19,0.3925358155618274,-0.02864684364513559
0.323653144136147,0.580070849685546,3.043238244942764e-05,0.0,0.0962455737961581,2022-04-20,0.7972045109187698,0.4046686953569424
0.985828746631768,5.457329020362707e-20,3.1852049161969865e-10,0.0,0.0141712530493867,2022-04-21,0.9914972478515227,0.19429273693275295
1.6651155220756713e-05,0.8164833484967661,0.1726735419298729,0.0,0.0108264584184242,2022-04-22,0.616709745895165,-0.3747875019563577
1.1003002638639129e-05,0.9032121386998704,0.0847372091663409,0.0,0.0120396491308691,2022-04-25,0.6822359666798892,0.06552622078472414
0.7514214724587948,0.2324844379013878,4.814153810223447e-06,0.0,0.0160892754863594,2022-04-26,0.9322205110793794,0.24998454439949025
0.0002226409614863,0.9335553487780576,0.0636320848994699,0.0,0.0025899253608528,2022-04-27,0.7014251226893705,-0.2307953883900089
0.0215067031040858,0.9470659284707726,2.409686738000654e-06,0.0,0.0314249587388242,2022-04-28,0.744376132952695,0.042951010263324485
1.473692935078997e-09,3.3531221578031353e-31,0.93595297537566,0.0,0.0640470231506546,2022-04-29,0.025618810733954774,-0.7187573222187402
0.0045035163701378,1.7800249488807584e-17,0.8406889052573306,0.0,0.1548075783723738,2022-05-02,0.06642654771908733,0.040807736985132556
6.68479438850915e-44,8.153907978288831e-196,0.0012581926152078,0.0,0.998741807385056,2022-05-04,0.39949672295402244,0.3330701752349351
0.0002323241492068,1.3597767752735146e-11,0.0033701356914675,0.0,0.9963975401455928,2022-05-05,0.39879134021764223,-0.0007053827363802112
3.851201952725137e-07,0.119803716371837,0.0006162982318626,0.0,0.8795796002762168,2022-05-06,0.44168501250955977,0.04289367229191754
6.918046127896372e-07,0.6729968072886127,0.0368556908130442,0.0,0.2901468100935649,2022-05-09,0.6208070213084983,0.17912200879893853
8.446430260188311e-05,0.7900960027125572,0.0622198438465239,0.0,0.1475996891378788,2022-05-10,0.6516963419921713,0.030889320683673005
3.920036515092905e-09,0.0809261092064218,0.0053689969004592,0.0,0.9137048899727218,2022-05-11,0.4261765418139416,-0.2255198001782297
7.96636107409986e-24,7.942139866608918e-36,0.0052529088621027,0.0,0.9947470911375804,2022-05-12,0.3978988364550322,-0.02827770535890939
1.847745461376817e-07,5.669692005535498e-17,0.000684505719995,0.0,0.9993153095054528,2022-05-13,0.3997263085767273,0.001827472121695095
0.0004150202887228,0.5406885546929819,0.00038749011399,0.0,0.4585089349040311,2022-05-16,0.5893350102700716,0.18960870169334432
0.4127469656386689,3.370392850673713e-176,2.429045191070422e-43,0.0,0.5872530343613945,2022-05-17,0.6476481793832267,0.058313169113155094
0.0015362856517486,0.7085703878991255,0.0769916923663389,0.0,0.2129016340824509,2022-05-18,0.6181247302090731,-0.029523449174153615
1.5248183517157981e-19,1.5269101668161623e-08,1.978022287600861e-07,0.0,0.9999997869290608,2022-05-19,0.3999999262234506,-0.2181248039856225
0.0173723441997636,7.863799380413554e-51,2.065944980980732e-31,0.0,0.9826276558003836,2022-05-20,0.41042340651991704,0.010423480296466447
8.792352960466354e-05,0.93176253082134,0.048281953572039,0.0,0.0198675920769508,2022-05-23,0.70685685847639,0.29643345195647297
0.0005197722664006,0.0079524949513436,0.9891468595435092,0.0,0.0023808732390398,2022-05-24,0.007436492775524221,-0.6994203657008657
7.966349316590805e-06,9.489172526667717e-27,0.9860852561252488,0.0,0.0139067775258139,2022-05-25,0.005570677359642152,-0.001865815415882069
0.0007631299475674,0.8245378738088016,2.421212350040192e-06,0.0,0.1746965750316475,2022-05-26,0.6890451653168277,0.6834744879571856
0.1697829485275331,0.8228314442233389,9.316805568977992e-05,0.0,0.0072924391936466,2022-05-27,0.7898235073724958,0.10077834205566816
0.9786502242294676,1.635424864424627e-11,1.3304239180152103e-11,0.0,0.021349775741124,2022-05-30,0.9871901345381828,0.19736662716568698
0.0015570266985991,0.9209274177890392,0.0770047080960265,0.0,0.0005108474159037,2022-05-31,0.69245692900674,-0.2947332055314428
0.0003797593517914,0.8868880543030097,0.1122126271299996,0.0,0.0005195592156079,2022-06-01,0.6657536237652918,-0.02670330524144826
0.9960858457659096,2.977900727378009e-12,0.0009029767683547,0.0,0.0030111774626153,2022-06-02,0.9972903167531892,0.33153669298789745
0.0043774366584717,1.519136998690064e-25,0.9878936881163088,0.0,0.0077288752253813,2022-06-03,0.00746898674862422,-0.9898213300045651
0.0068345744999952,0.9339266330580922,0.0589397032222451,0.0,0.0002990892192369,2022-06-06,0.7073991849812592,0.699930198232635
0.0001820631339999,0.8474819421345949,0.1495465298866363,0.0,0.0027894648447022,2022-06-07,0.636909305672827,-0.0704898793084322
0.0006608041936715,0.0014501992556702,0.9311493647919806,0.0,0.0667396317585126,2022-06-08,0.02844430633882919,-0.6084649993339978
0.3051503449397407,1.1649020204706467e-50,4.857502556221555e-07,0.0,0.6948491693101227,2022-06-09,0.5830900126637898,0.5546457063249606
1.8980805036837652e-08,0.0107463926780276,0.0210095630502947,0.0,0.9682440252908596,2022-06-10,0.3953574236056696,-0.18773258905812018
9.472545963622306e-19,9.586395617294172e-08,1.0833936231155029e-07,0.0,0.9999997957966325,2022-06-13,0.39999999021662014,0.004642566610950527
0.0002945500734276,0.9622867249770573,0.0219213316842652,0.0,0.0154973932651131,2022-06-14,0.7282085511122658,0.32820856089564565
0.0042259243072699,0.8923275440553206,0.0980763080737088,0.0,0.0053702235639017,2022-06-15,0.6756196717743209,-0.05258887933794487
1.3697266271472381e-52,0.0,5.679405861157221e-08,0.0,0.9999999432056956,2022-06-16,0.39999997728227826,-0.27561969449204266
3.071576260547886e-05,0.8789003681914194,0.0237996524581605,0.0,0.0972692635882371,2022-06-17,0.6981136973414649,0.2981137200591866
0.0092064768452526,0.9661736103737848,0.0061433899464185,0.0,0.0184765228341363,2022-06-20,0.7412272937592457,0.043113596417780786
0.7834771077924635,1.265273683723927e-18,2.385946465294465e-15,0.0,0.2165228922071208,2022-06-21,0.8700862646753118,0.12885897091606613
5.4170324278029766e-09,2.3102434982467908e-14,0.8275150059120487,0.0,0.1724849886705708,2022-06-22,0.06899400088527807,-0.8010922637900337
0.1427037575541999,0.6035460020012039,2.7311853162941092e-05,0.0,0.2537229285914603,2022-06-23,0.6968524304916869,0.6278584296064088
0.1098854784437656,0.8875645148490359,0.0005842173194812,0.0,0.0019657893875037,2022-06-24,0.776345180335544,0.07949274984385712
0.9980017751858514,3.190094149604877e-09,0.0005198795264548,0.0,0.0014783420972956,2022-06-27,0.9985931144173402,0.22224793408179622
0.1607211508620311,0.5186092704056137,0.3200364555251784,0.0,0.0006331232068997,2022-06-28,0.5499313529490012,-0.448661761468339
0.0104009449272501,0.0190994531414977,0.968710089311324,0.0,0.0017895126200001,2022-06-29,0.025441339831373415,-0.5244900131176278
0.0072919789361447,0.9159535177735572,0.0760675563650997,0.0,0.0006869469250581,2022-06-30,0.6945318960363358,0.6690905562049624
5.300974512787848e-06,0.9651849440072602,0.0102636930219595,0.0,0.0245460619962642,2022-07-01,0.7337124337784636,0.03918053774212782
0.9858859034302514,6.623083247489804e-07,0.006342030329365,0.0,0.007771403932463,2022-07-04,0.9889949617344802,0.2552825279560166
0.002435975984234,0.728178903010996,0.2651220629289098,0.0,0.0042630580754138,2022-07-05,0.5502753764726465,-0.43871958526183374
0.9981073643365908,9.035964051409853e-30,6.133668556768245e-09,0.0,0.0018926295293366,2022-07-06,0.9988644161483254,0.448589039675679
0.1261474528970933,0.8718992497331526,0.0017850385413862,0.0,0.0001682588281064,2022-07-07,0.7801391937282003,-0.21872522242012515
0.1310424599088401,0.856863916044044,0.0119677326570001,0.0,0.0001258913898773,2022-07-08,0.773740753497824,-0.006398440230376279
0.1770126743332267,0.1574004703270289,0.6647297609916141,0.0,0.0008570943484517,2022-07-11,0.29540586481787906,-0.47833488867994495
0.000368225287559,0.3756103710854268,0.6221015332038343,0.0,0.001919870423403,2022-07-12,0.28284395177099025,-0.012561913046888806
3.496721085429302e-05,5.6021161349466136e-30,0.9958098504013868,0.0,0.004155182387683,2022-07-13,0.001697040165927493,-0.2811469116050628
0.0016171318776324,0.8761933522582642,0.1204535512876931,0.0,0.0017359645765063,2022-07-14,0.6594565319019331,0.6577594917360056
0.0850573290674448,0.9120699844562372,0.0026872543476703,0.0,0.0001854321284278,2022-07-15,0.7691839902609938,0.10972745835906073
0.997088414299639,1.849233335001233e-19,8.891289869091784e-09,0.0,0.0029115768093855,2022-07-18,0.9982530450233932,0.22906905476239936
0.9898731111042128,4.0158500108926413e-28,0.0048400004457539,0.0,0.0052868884497846,2022-07-19,0.9919878664841266,-0.006265178539266558
0.1518728892020706,0.8474125373743957,0.0004250962568123,0.0,0.000289477166746,2022-07-20,0.7875480830995658,-0.2044397833845608
0.7915408367785384,0.1810712647149179,0.0263769252997089,0.0,0.0010109732072805,2022-07-21,0.927748674597639,0.14020059149807318
0.1490700122449353,0.8485023355296935,0.0022841215474141,0.0,0.0001435306778238,2022-07-22,0.7855041761633349,-0.1422444984343041
0.0016997900801403,0.884078726678841,0.1140877427756292,0.0,0.0001337404651406,2022-07-25,0.6648123312753272,-0.12069184488800766
1.467267736715835e-06,5.251600069235042e-25,0.9988345180114152,0.0,0.0011640147210798,2022-07-26,0.00046707315616863584,-0.6643452581191586
0.9987600046503092,1.94369700847894e-21,7.810217193556389e-07,0.0,0.0012392143279569,2022-07-27,0.999255690381492,0.9987886172253233
0.998758654227522,9.547213562832392e-19,5.2749103793410325e-12,0.0,0.0012413457675637,2022-07-28,0.9992551925345474,-4.978469445582334e-07
0.7469599992203967,0.2514198373989217,1.1558065804376573e-05,0.0,0.0016086053148345,2022-07-29,0.9361683193955218,-0.06308687313902561
0.7844371967032856,0.212986859902462,5.2555415422497015e-05,0.0,0.0025233879786858,2022-08-01,0.9451866968216064,0.009018377426084578
0.0109384252556407,0.9626939317589938,0.0262508959330894,0.0,0.0001167470518514,2022-08-02,0.7330055728956266,-0.21218112392597976
0.0186667144877607,0.9661740361553636,0.014604961430838,0.0,0.0005542879262187,2022-08-03,0.7435189567747709,0.010513383879144245
4.8263494674953125e-06,0.9542183745597788,0.0026578257146669,0.0,0.0431189733763334,2022-08-04,0.732916196619835,-0.010602760154935886
0.0386790061318098,0.9121480271084726,0.0490102045575046,0.0,0.0001627622020607,2022-08-05,0.7228551313439886,-0.010061065275846381
0.997809975189398,7.89317884851384e-06,0.0007175550132973,0.0,0.0014645766183625,2022-08-08,0.9984017257208793,0.27554659437689066
0.0363651476235047,0.928078725730784,0.0355201205884722,0.0,3.600605742395383e-05,2022-08-10,0.7324385943445623,-0.265963131376317
0.3396974172517416,0.6472285423898523,0.0123486950744144,0.0,0.0007253452837604,2022-08-11,0.8254089621576349,0.09297036781307266
0.0525769169015393,0.9202675203616372,0.0270588893635138,0.0,9.66733737016706e-05,2022-08-12,0.7428162265222479,-0.08259273563538705
0.1054721376810562,0.8841800006329009,0.0101043759681478,0.0,0.0002434857174614,2022-08-16,0.7687045324427164,0.025888305920468535
0.682596566952351,0.306165140281114,0.0104274098214149,0.0,0.0008108829448689,2022-08-17,0.9125447753411341,0.14384024289841768
0.048811711325491,0.868572245491508,0.0825710811896753,0.0,4.496199318840213e-05,2022-08-18,0.7002588802413974,-0.21228589509973672
3.002270674272922e-10,2.866670652256812e-28,0.9985171944536824,0.0,0.0014828052463616,2022-08-19,0.0005931223987717075,-0.6996657578426256
3.0932552035170986e-12,5.814111984118456e-39,0.9880519871739936,0.0,0.0119480128232803,2022-08-22,0.004779205132405376,0.004186082733633668
0.9462852991066962,2.7830327148559483e-34,0.0003500423386233,0.0,0.0533646585548999,2022-08-23,0.9676311625286562,0.9628519573962508
0.4313623653186147,0.2105494814663735,0.3563525560842417,0.0,0.0017355971312049,2022-08-24,0.5899687152708768,-0.3776624472577794
0.0002835554907918,1.4125322940627808e-10,0.9972952946347546,0.0,0.0024211497330461,2022-08-25,0.001252015489950162,-0.5887166997809267
0.0232361219544946,0.9400667307473336,0.0360227748188062,0.0,0.0006743724794695,2022-08-26,0.7285559190067826,0.7273039035168325
6.117579245774121e-08,7.355819804241996e-05,0.8971145640523568,0.0,0.1028118165741436,2022-08-29,0.04117995645398171,-0.6873759625528009
0.7714591879947039,6.903442936218506e-152,9.808666226329807e-39,0.0,0.2285408120050643,2022-08-30,0.8628755127967296,0.8216955563427478
5.589225522111663e-07,0.8406329200568176,0.0718702370879718,0.0,0.0874962839326041,2022-09-01,0.665473762538207,-0.19740175025852258
0.0124455434612999,0.938530260816794,0.048716666267465,0.0,0.0003075294540705,2022-09-02,0.7164662508555236,0.05099248831731662
0.997734926521332,1.293714882194302e-11,0.0007164711482311,0.0,0.0015486023171109,2022-09-05,0.9983543674578793,0.2818881166023557
0.0050951112915132,0.9596351980863704,0.0352416177628679,0.0,2.8072858805546905e-05,2022-09-06,0.7248327389998133,-0.27352162845806605
0.0665542046614655,0.0045481974253338,0.9272329423100376,0.0,0.0016646556029035,2022-09-07,0.07063121497162725,-0.654201524028186
0.1739807282750239,0.8243252853050204,0.0012611037130587,0.0,0.0004328827065211,2022-09-08,0.7923978453363976,0.7217666303647703
0.6740944962547639,0.0380367257002938,0.2864316424502884,0.0,0.001437135594913,2022-09-09,0.7031968947679494,-0.08920095056844812
0.1490281685581103,0.8387343516003604,0.0120746270925936,0.0,0.0001628527492278,2022-09-12,0.7781440733580717,0.07494717859012223
0.0736266508965022,0.9140415964972958,0.0119268501512672,0.0,0.0004049024546664,2022-09-13,0.7593198092513407,-0.018824264106730992
3.588158761305322e-05,2.8873039198008426e-29,0.9734062056746016,0.0,0.0265579127379686,2022-09-14,0.010659046682800493,-0.7486607625685402
4.291612940726809e-06,2.011659061301717e-16,0.9961727906417264,0.0,0.0038229177455954,2022-09-15,0.0015334587111790379,-0.009125587971621456
9.185669297027016e-21,1.093661069029069e-67,0.9683952709663524,0.0,0.0316047290338238,2022-09-16,0.012641891613529521,0.011108432902350484
0.0193667299801102,0.9769107820960587,0.0014353319673927,0.0,0.0022871559568265,2022-09-19,0.752964678934885,0.7403227873213554
0.117247248814233,0.8812638018524341,9.446612609983848e-05,0.0,0.0013944832070358,2022-09-20,0.778752893486373,0.025788214551488053
0.0008295496548901,0.8981728500741096,0.100596542805091,0.0,0.0004010574660759,2022-09-21,0.6746196101969028,-0.10413328328947025
0.0005204787492147,0.8681081418599299,0.1292762912923715,0.0,0.0020950880983515,2022-09-22,0.6524396203835027,-0.02217998981340008
2.104326775378101e-19,3.909224573769269e-56,0.907155672744769,0.0,0.0928443272556368,2022-09-23,0.037137730902254716,-0.615301889481248
7.723566022984989e-11,2.1922861067609468e-09,0.7063945832924041,0.0,0.2936054144379178,2022-09-26,0.11744216749661739,0.08030443659436268
0.0125503470241156,0.5747823084130114,0.3118019492279589,0.0,0.1008653953346812,2022-09-27,0.4839832364677466,0.3665410689711292
6.948395513996961e-06,0.7764027248773403,0.1366656817016447,0.0,0.0869246450255132,2022-09-28,0.6170788500637244,0.13309561359597782
0.0006890880635212,1.7478011529819162e-20,0.7037584700904566,0.0,0.2955524418457396,2022-09-29,0.11891006480181705,-0.4981687852619074
0.0098541954633525,1.5204825262329503e-47,3.421980098914373e-20,0.0,0.9901458045364429,2022-09-30,0.40591251727792965,0.2870024524761126
4.196406213564547e-12,2.04959729881168e-46,0.3188936233256391,0.0,0.6811063766699363,2022-10-03,0.272442550672171,-0.13346996660575866
0.2070078557376408,7.39975625840245e-12,5.2761640851027375e-14,0.0,0.7929921442553044,2022-10-04,0.5242047134453124,0.2517621627731414
0.0562487115193029,0.928813076846192,0.0118967235301442,0.0,0.0030414881045692,2022-10-06,0.7540751143957746,0.22987040095046218
0.0185184636554941,0.894137179368312,0.0872767429855354,0.0,6.761399086314713e-05,2022-10-07,0.6891483937780735,-0.0649267206177011
0.0004912520727703,8.262772246467968e-10,0.9982329531752674,0.0,0.0012757939259603,2022-10-10,0.0010015702628623385,-0.6881468235152112
1.492520486342908e-17,3.259304784025308e-89,0.9865947217718004,0.0,0.0134052782286352,2022-10-11,0.005362111291454095,0.0043605410285917565
0.928805631909304,0.0666669305243356,0.0013386850435055,0.0,0.003188752523065,2022-10-12,0.9800813308117817,0.9747192195203276
0.0017275891704429,0.6717608878763608,0.3262794367077663,0.0,0.0002320862455954,2022-10-13,0.5056410895759517,-0.47444024123583006
0.9992811495588376,1.435635322506389e-13,5.1104497417908325e-06,0.0,0.0007137399912834,2022-10-14,0.9995666455554587,0.49392555597950705
0.999059481608397,1.128249252942714e-15,3.768737192036792e-05,0.0,0.0009028310199701,2022-10-17,0.9994206140163859,-0.00014603153907277733
0.2123141540680928,0.786382900162734,0.0009959191154269,0.0,0.0003070266537104,2022-10-18,0.8022241398516274,-0.1971964741647585
0.049657677057929,0.9062516242449744,0.0439971169609941,0.0,9.358173565284718e-05,2022-10-19,0.7293838279359209,-0.0728403119157065
0.9423411594982444,9.295337837364601e-18,0.0501350897185759,0.0,0.0075237507827486,2022-10-20,0.9453506598113438,0.21596683187542287
0.0231658594831041,0.950044572632811,0.0267228103651357,0.0,6.675751869792393e-05,2022-10-21,0.7357259919651915,-0.2096246678461523
0.0842412217965374,0.9042525624981784,0.0111024939593192,0.0,0.0004037217461571,2022-10-24,0.7625921323686341,0.026866140403442595
0.0012892948503474,2.182454737621996e-22,0.9949376635722086,0.0,0.0037730415772232,2022-10-25,0.00279851148123668,-0.7597936208873974
0.0842365561300967,0.8993757446651253,0.0161838185079491,0.0,0.0002038806967491,2022-10-27,0.7588499169076404,0.7560514054264037
0.0664822724515069,0.9027316217576268,0.0307041001024838,0.0,8.200568795926915e-05,2022-10-28,0.7435637910449108,-0.015286125862729594
0.9959204291740156,3.3145023791426195e-08,7.32655132649521e-06,0.0,0.0040722111297468,2022-10-31,0.9975493384846821,0.2539855474397713
0.0904439805870681,0.9035950518767264,0.0059008486548942,0.0,6.011888099511355e-05,2022-11-01,0.7681643170470109,-0.22938502143767114
0.0225112265095057,0.0004191769071768,0.9763498960240344,0.0,0.000719700559281,2022-11-02,0.0231134894136007,-0.7450508276334102
0.0744487990812072,0.2438578686472088,0.6807658316709336,0.0,0.000927500600536,2022-11-03,0.2577132008068282,0.2345997113932275
0.2330790404385934,0.7152015441709677,0.0513427479928521,0.0,0.0003766673973993,2022-11-04,0.7696308655257789,0.5119176647189507
0.029266689720088,0.9618770488016958,0.0086507956290694,0.0,0.0002054658490484,2022-11-07,0.7507566626609791,-0.018874202864799794
0.0208790243746641,1.2829786548664196e-08,0.9769894778710094,0.0,0.0021314849242545,2022-11-09,0.021731627966705813,-0.7290250346942733
0.0024050282966126,0.8692652356930127,0.1237510146089768,0.0,0.0045787214010501,2022-11-10,0.6561854436267922,0.6344538156600864
0.8038311655885673,0.0047931115368846,1.1731464703531251e-06,0.0,0.1913745497279099,2022-11-11,0.8839758191323946,0.22779037550560244
0.045577970408748,0.8810635300398587,0.0721094668502125,0.0,0.0012490327008156,2022-11-14,0.7068752310189682,-0.17710058811342644
0.0643876704622825,0.9218490876278528,0.0136090784942392,0.0,0.0001541634153753,2022-11-15,0.7558361515493223,0.04896092053035406
0.0671202583484733,0.8543453510587496,0.0783606276737969,0.0,0.0001737629186162,2022-11-16,0.707948776809982,-0.04788737473934024
0.0220320695994913,0.8755019452508603,0.1022097013078787,0.0,0.0002562838413398,2022-11-17,0.6787610420741724,-0.0291877347358096
0.0050094082533237,0.8489176819213874,0.1459210893393086,0.0,0.0001518204856201,2022-11-18,0.6417583978886123,-0.037002644185560096
0.0020811824756399,0.0135045220144369,0.9814229776174728,0.0,0.0029913178923158,2022-11-21,0.013406101143393894,-0.6283522967452184
0.2369096643538386,0.7292310725482529,0.0335535401477918,0.0,0.0003057229499933,2022-11-22,0.7839552579450256,0.7705491568016317
0.327931239577564,0.3861652567439524,0.2853486943970037,0.0,0.0005548092812675,2022-11-23,0.6177771058480352,-0.16617815209699038
0.9982979175063426,1.4188785348188126e-10,2.1540812060578177e-07,0.0,0.0017018669440263,2022-11-24,0.998978664390369,0.38120155854233373
0.0706642488640478,0.8823529632353976,0.0469203646809215,0.0,6.24232200023816e-05,2022-11-25,0.7324539405785969,-0.26652472381177206
0.6880643840707148,0.0608015230279329,0.2288116261660876,0.0,0.0223224667356761,2022-11-28,0.7425945130359349,0.010140572457338015
0.1713477593873663,0.7823431514415671,0.0461186598528573,0.0,0.0001904293178982,2022-11-29,0.7581812946957008,0.015586781659765903
0.9983525536951364,2.1610903388844585e-06,0.000505821798498,0.0,0.0011394634160892,2022-11-30,0.9988099598793262,0.24062866518362536
0.1618713343806142,0.7971216732636037,0.040921958767793,0.0,8.503358779938318e-05,2022-12-01,0.7597466027634368,-0.23906335711588944
0.0024649909391363,0.872854965749557,0.1243199926651561,0.0,0.000360050646518,2022-12-02,0.6572502355099112,-0.10249636725352551
0.0392919452749835,0.8925607582425376,0.0679704135936723,0.0,0.0001768828888784,2022-12-05,0.708783267112438,0.05153303160252676
0.0234186838391329,0.8538561248691034,0.1225236283456508,0.0,0.000201562946236,2022-12-06,0.6638914026694549,-0.0448918644429831
0.0172075545368604,0.3675288287970835,0.6143642616651624,0.0,0.0008993550009488,2022-12-07,0.29321391813505254,-0.37067748453440236
0.0582721219703952,0.885718653088926,0.0559345246220123,0.0,7.470031846253209e-05,2022-12-08,0.7225909919144747,0.4293770737794222
3.069787461969386e-05,1.9460885393009144e-10,0.9985728434719998,0.0,0.0013964584588474,2022-12-09,0.0005892814041152943,-0.7220017105103594
0.1358554592330109,0.3614739013430881,0.501799079643473,0.0,0.0008715597804681,2022-12-12,0.40730950915251424,0.40672022774839894
0.9228535172774648,0.0538296124810848,0.0221911546707086,0.0,0.0011257155708517,2022-12-13,0.9636760128666191,0.5563665037141048
0.0690861861428171,0.877521734301516,0.0533475658050335,0.0,4.451375043337479e-05,2022-12-14,0.7272452923691275,-0.2364307204974916
1.258674029890721e-10,1.6884837081083136e-25,0.9969879897366865,0.0,0.0030120101375417,2022-12-15,0.0012048041808840832,-0.7260404881882434
0.0001712072176522,0.856966561014359,0.1422078113433457,0.0,0.000654420424684,2022-12-16,0.643157896148295,0.6419530919674109
0.9986284843258296,6.566470763871293e-08,0.0001788722811164,0.0,0.0011925777287015,2022-12-19,0.9991055646658409,0.3559476685175459
0.0016551685038193,0.95370215053768,0.0445956777985232,0.0,4.700315961966823e-05,2022-12-20,0.7169505826709273,-0.2821549819949136
1.609370184758708e-10,9.08477979506142e-38,0.997287335375492,0.0,0.0027126644637913,2022-12-21,0.0010850659464535387,-0.7158655167244737
0.0002741551918962,5.403715852906529e-10,0.9853536722752794,0.0,0.0143721719920854,2022-12-22,0.006023024394009049,0.004937958447555511
1.0798446800740186e-12,4.5076548874178644e-13,0.8340782392316998,0.0,0.1659217607665064,2022-12-23,0.06636870430802048,0.060345679914011435
0.8412519281622144,1.8504273209047915e-10,4.2526981059893896e-08,0.0,0.1587480291260747,2022-12-26,0.9047511399514263,0.8383824356434059
0.051536122178396,0.945568902087783,0.0013114335459262,0.0,0.0015835421882431,2022-12-27,0.7613462156195305,-0.14340492433189578
0.0343977921698782,0.8960557132058662,0.0694548765177429,0.0,9.16181066564252e-05,2022-12-28,0.7064762243169403,-0.05486999130259018
0.916269874878594,3.22720221389295e-05,0.0767735962124159,0.0,0.00692425688727,2022-12-29,0.9190637816501062,0.2125875573331658
0.000972179314068,1.0979877792157237e-18,0.9972476762602902,0.0,0.0017801444252016,2022-12-30,0.001684237084148641,-0.9173795445659575
0.2353707895038255,0.7395794246528073,0.0247727699860716,0.0,0.0002770158568688,2023-01-02,0.7901661643361786,0.7884819272520299
0.3731761237218566,0.2923708549311405,0.3340193481741906,0.0,0.0004336731725134,2023-01-03,0.5926277341892174,-0.19753843014696115
1.4412649535501724e-08,7.554491246127623e-32,0.9991717332014584,0.0,0.0008282523855922,2023-01-04,0.0003313153668864155,-0.592296418822331
0.0029461822742701,0.1507747835973045,0.8448988623518848,0.0,0.0013801717767841,2023-01-05,0.11657933868296212,0.11624802331607571
6.8791133295385625e-06,3.447467400107219e-07,0.9983984247890813,0.0,0.0015943513509901,2023-01-06,0.0006448782137805866,-0.11593446046918153
0.9985675219393414,2.6944042797178254e-12,5.5779092142636334e-08,0.0,0.0014324222786482,2023-01-09,0.9991404908528215,0.998495612639041
3.928948714282125e-09,3.1747347820354976e-29,0.9989031716605196,0.0,0.0010968244102337,2023-01-10,0.0004387336930421943,-0.9987017571597794
0.0154839446623402,0.9050462143250796,0.079254699818101,0.0,0.0002151411947896,2023-01-11,0.6943546618840657,0.6939159281910235
0.0039977057773921,0.923550358631848,0.0721984724961536,0.0,0.000253463094637,2023-01-12,0.6967618599891329,0.0024071981050671765
0.0481285469419332,0.9483931173934764,0.002943522255371,0.0,0.0005348134095426,2023-01-13,0.7596373103508576,0.0628754503617247
0.0047630496607154,4.0264465939934446e-09,0.9942702466928528,0.0,0.0009666996199609,2023-01-16,0.005149732528534705,-0.7544875778223229
0.99910267425529,4.614981038461298e-08,0.0001047168836084,0.0,0.0007925627113589,2023-01-17,0.9994197339521913,0.9942700014236566
0.9249656665897388,0.0659462261915123,0.0087287326667547,0.0,0.0003593745523532,2023-01-18,0.9745690860543142,-0.024850647897877054
0.0215639999841444,0.8907496444055054,0.0876452718732215,0.0,4.108373680696781e-05,2023-01-19,0.6896426667829962,-0.284926419271318
0.0195196879696569,0.008260225497306,0.970894401056673,0.0,0.0013256854763178,2023-01-20,0.02624513128316352,-0.6633975354998327
0.1261859198652426,0.8410214789357691,0.0325247231190542,0.0,0.0002678780795199,2023-01-23,0.7570591802988774,0.7308140490157139
0.0645069282081354,0.7328269508832397,0.2025004181341308,0.0,0.0001657027744447,2023-01-24,0.614193422480343,-0.1428657578185344
8.916380506904363e-11,2.362590487827532e-31,0.995049298556059,0.0,0.0049507013543758,2023-01-25,0.0019802806309141253,-0.6122131418494289
1.0388026598772226e-18,5.537722174796885e-44,0.9201707874400809,0.0,0.0798292125599747,2023-01-27,0.03193168502398988,0.029951404393075757
0.000725495384653,0.9533184961452448,0.0027139919936931,0.0,0.04324201647643,2023-01-30,0.7330111740841586,0.7010794890601687
0.0024812783354607,0.9539842122389236,0.0300983281963179,0.0,0.013436181229309,2023-01-31,0.7233439100063771,-0.009667264077781512
2.454396917488372e-27,2.991866479931008e-12,2.159397655076153e-15,0.0,0.9999999999972716,2023-02-01,0.4000000000011526,-0.3233439100052245
0.0079218391071153,0.7839649793922314,0.0605594789712314,0.0,0.1475537025293555,2023-02-02,0.6549170546630311,0.2549170546618785
0.6754399753629658,0.0301834562223905,8.065067569771223e-08,0.0,0.2943764877641572,2023-02-03,0.8158281626354216,0.1609111079723905
0.0048516433482219,0.9057500202650696,0.087082165010941,0.0,0.0023161713753194,2023-02-06,0.6850906270971518,-0.13073753553826972
0.0104284174512038,0.8285872594020035,0.1608150511187489,0.0,0.0001692720276274,2023-02-07,0.6319365708137574,-0.053154056283394424
0.9986538034566718,7.364921218360992e-10,0.0001785886703947,0.0,0.0011676071363007,2023-02-08,0.9991208468635611,0.36718427604980364
0.0470802023139996,0.9142051808561462,0.0386555360998373,0.0,5.908073004409543e-05,2023-02-09,0.7327577202481269,-0.26636312661543415
0.0384028287261065,0.8451778820976101,0.1162834186055778,0.0,0.0001358705706337,2023-02-10,0.6723405885275675,-0.0604171317205594
0.0071432216191588,0.1546190258568243,0.837570725497221,0.0,0.0006670270267417,2023-02-13,0.1233743018224737,-0.5489662867050938
0.9388595895277044,0.0589318741976393,0.0012394412978472,0.0,0.0009690949766339,2023-02-14,0.9834461331665875,0.8600718313441138
0.9860029648427264,8.666389210177073e-05,0.01324563860761,0.0,0.0006647326579925,2023-02-15,0.9863338558249998,0.002887722658412306
0.0549820662278736,0.9037611861174902,0.0412072304106586,0.0,4.951724420422793e-05,2023-02-16,0.732822762713673,-0.2535110931113268
0.0021694746010136,0.8787058291807944,0.1189909270999099,0.0,0.0001337691182029,2023-02-17,0.6612523541338906,-0.07157040857978236
0.0006520951920151,1.000919436643141e-05,0.998801853813592,0.0,0.0005360417996835,2023-02-20,0.0008740188076633235,-0.6603783353262273
0.0965206025198393,0.1093200448923905,0.7935603290466101,0.0,0.0005990235407384,2023-02-21,0.17875024560542752,0.1778762267977642
9.957532362789365e-13,1.6130608180145842e-37,0.994203866317294,0.0,0.0057961336815635,2023-02-22,0.0023184534736211534,-0.17643179213180638
0.0044912218606396,0.8399076916229881,0.155469325209267,0.0,0.0001317613074711,2023-02-23,0.6344746951008691,0.6321562416272479
0.0178478907801199,1.4613532863548298e-07,0.9802828758142268,0.0,0.0018690872703888,2023-02-24,0.018595635289771897,-0.6158790598110971
0.00322123960567,0.8774283033154903,0.1190843762144737,0.0,0.000266080864572,2023-02-27,0.6613988994381166,0.6428032641483447
0.0012547465713968,0.6375625002650267,0.3606939530342902,0.0,0.0004888001294465,2023-02-28,0.4796221418219454,-0.18177675761617118
0.9964252247919057,0.0002370881000261,0.002416374817708,0.0,0.0009213122899357,2023-03-01,0.9969715657828995,0.5173494239609541
0.0011546368730178,6.762700539329776e-05,0.9982566512045008,0.0,0.0005210849175154,2023-03-02,0.0014137910940689336,-0.9955577746888306
0.993683761450294,1.0452329840956863e-09,1.6269535806868162e-09,0.0,0.0063162358771095,2023-03-03,0.9962102565850626,0.9947964654909937
0.093905610479028,0.9022403365080772,0.0037717821181104,0.0,8.227089455332787e-05,2023-03-06,0.7706187712179072,-0.22559148536715534
0.2936143681999738,0.5165338664152542,0.1891629530491747,0.0,0.0006888123358396,2023-03-08,0.6812902929457503,-0.08932847827215695
8.494615346716449e-08,3.3269684643093344e-41,0.9950097329737692,0.0,0.004990182080439,2023-03-09,0.0019961577783290676,-0.6792941351674212
0.0003588376136063,0.9043711447306356,0.0857404146881344,0.0,0.0095296029677488,2023-03-10,0.6824490373486826,0.6804528795703535
7.520442220301227e-19,9.61455230137629e-39,0.8652663782389821,0.0,0.1347336217608157,2023-03-13,0.05389344870432629,-0.6285555886443562
2.7538233661895533e-05,0.0071857524369895,0.9673913121215162,0.0,0.025395397208137,2023-03-14,0.015575011444658823,-0.038318437259667465
6.536483554498599e-05,4.0095379556827663e-23,0.972688397029833,0.0,0.0272462381345904,2023-03-15,0.010963860089381147,-0.004611151355277676
0.0042134478042912,0.9665928166040562,0.0274127681737375,0.0,0.0017809674178058,2023-03-16,0.7298704472244556,0.7189065871350745
0.0516528634371524,0.9452661976285546,0.0020775048416836,0.0,0.0010034340924244,2023-03-17,0.7610038852955381,0.031133438071082487
1.7685919836862502e-05,0.8495956730803357,0.1475099882704421,0.0,0.0028766527293113,2023-03-20,0.6383651018218132,-0.12263878347372492
0.1495842074703055,0.8450679661107197,0.0050536545983142,0.0,0.0002941718208908,2023-03-21,0.7835028507817016,0.1451377489598884
0.0744455646848418,0.889180467468304,0.0362476763261169,0.0,0.0001262915209991,2023-03-22,0.7413814318944694,-0.0421214188872322
0.001786107733603,0.8791396777914843,0.1189157557779195,0.0,0.0001584586974012,2023-03-23,0.6612042495561767,-0.08017718233829263
3.5915014155411785e-05,4.8985627119787285e-09,0.9985698927906568,0.0,0.0013941872962015,2023-03-24,0.0005935936065580458,-0.6606106559496187
0.0215433201158695,0.9479974898713526,0.030196655130345,0.0,0.0002625348822641,2023-03-27,0.7326464514722896,0.7320528578657315
0.0489043589380183,0.3471429661117328,0.6034170819660781,0.0,0.000535592984074,2023-03-28,0.30947582071544755,-0.423170630756842
0.9791094629200324,0.0177460646309766,0.0016529401172511,0.0,0.0014915323319439,2023-03-29,0.9930156243260424,0.6835398036105949
0.9985240664315668,6.304966699239503e-22,4.6082444080099646e-11,0.0,0.001475933522453,2023-03-31,0.9991144398405479,0.006098815514505529
0.0554549851946931,0.9192735232743904,0.0252488718756523,0.0,2.261965527057609e-05,2023-04-03,0.744919175512594,-0.2541952643279539
0.998904874896061,9.864714709818101e-14,2.301119917078725e-05,0.0,0.001072113904797,2023-04-05,0.9993337204580537,0.2544145449454597
0.1123005997619122,0.8527344005994313,0.0348907091302489,0.0,7.429050835619545e-05,2023-04-06,0.7518811164148281,-0.24745260404322555
0.0790479857865893,0.859558531268881,0.0612342713412241,0.0,0.0001592116028733,2023-04-10,0.7237805688793995,-0.028100547535428677
0.1204019163185901,0.8610085737880842,0.0183606839679573,0.0,0.0002288259250589,2023-04-11,0.7662498770296767,0.042469308150277274
0.1590788213154928,0.8248271368495829,0.0158776402539944,0.0,0.0002164015812232,2023-04-12,0.7777857345851692,0.011535857555492468
0.038887335967031,0.890233980897236,0.070809308423442,0.0,6.937471227849396e-05,2023-04-13,0.7065905715248694,-0.07119516306029983
1.7432237213257717e-06,5.469392034772e-06,0.9959764977629874,0.0,0.0040162896214778,2023-04-17,0.0016123611163385248,-0.7049782104085308
0.0283849076299843,0.0001645453113072,0.969812246920373,0.0,0.0016383001387529,2023-04-18,0.02916363666896586,0.027551275552627336
0.0283854655994546,0.8704307560552976,0.100976069513393,0.0,0.000207708831857,2023-04-19,0.6812916161736706,0.6521279795047048
0.06016617470602,0.8647919727603045,0.0748749777304646,0.0,0.0001668748028967,2023-04-20,0.708826904197407,0.027535288023736393
0.051088466460893,0.87440754152188,0.0743372110142458,0.0,0.0001667810026094,2023-04-21,0.7069608350033468,-0.0018660691940601826
0.0971606482085681,0.8986743434471114,0.0039082239564598,0.0,0.0002567843879232,2023-04-24,0.7712691195490708,0.06430828454572401
0.087253183245721,0.8466899239573924,0.0658789842116465,0.0,0.0001779085854661,2023-04-25,0.7223417896479517,-0.04892732990111914
0.0654121882863771,0.9020887069449812,0.0324320235625458,0.0,6.708120575460138e-05,2023-04-26,0.7420055509774148,0.019663761329463125
0.987440413178618,1.1815405354676028e-05,0.0117598855534393,0.0,0.0007878858628436,2023-04-27,0.9877644290777714,0.24575887810035657
0.9910271086405844,0.0078503066989654,0.0003416678752849,0.0,0.0007809167848334,2023-04-28,0.9972272053787418,0.009462776300970366
0.0969101307769053,0.8839182743912148,0.0191090020208729,0.0,6.259281119084712e-05,2023-05-02,0.7598738736947928,-0.237353331683949
0.0290511520150169,0.8885630549031317,0.0822410600722962,0.0,0.0001447330092429,2023-05-03,0.6955313363960629,-0.06434253729872985
0.9979099880067012,1.8237396911213295e-28,1.0331333042390452e-06,0.0,0.0020889788603678,2023-05-04,0.9987455795508483,0.3032142431547854
0.0001076032255153,0.9372555287684504,0.0622401078385236,0.0,0.0003967601676558,2023-05-05,0.7032079538689154,-0.29553762568193287
0.99883751200229,4.240331683253036e-13,2.015700046874007e-06,0.0,0.0011604722972153,2023-05-08,0.9993017009214942,0.29609374705257874
0.0372465990323243,0.9226853224989984,0.04003181912284,0.0,3.625934584693425e-05,2023-05-09,0.7292750946449118,-0.27002660627658237
0.0913966998086539,0.8600304953558652,0.0483883278296462,0.0,0.000184477006177,2023-05-10,0.7364933621280236,0.007218267483111829
0.0518697282467915,0.8000444369822426,0.1478364759837179,0.0,0.0002493587868572,2023-05-11,0.6520027994982163,-0.08449056262980736
0.0305122670017994,0.9308845506846636,0.0384669221775752,0.0,0.0001362601358213,2023-05-12,0.7287301840696256,0.07672738457140937
0.0436414489516434,0.9475030983591556,0.0087709138130809,0.0,8.453887567142087e-05,2023-05-15,0.7543025882712786,0.025572404201652965
0.0001107956153227,3.5981624552834573e-19,0.9991809330772768,0.0,0.0007082713070742,2023-05-16,0.0003941041381523803,-0.7539084841331263
0.0004510161572037,0.0002004586533521,0.9988016226372654,0.0,0.0005469025523985,2023-05-17,0.000820121168177175,0.0004260170300247947
0.0061701440996606,1.3188749678293462e-18,0.9896373533090524,0.0,0.0041925025916078,2023-05-18,0.007847145136303722,0.007027023968126546
0.0648989567717954,0.913958643136902,0.0209556581972068,0.0,0.0001867418936809,2023-05-19,0.7504426358819443,0.7425954907456406
0.9936915343851064,7.060429154535128e-06,0.0051787326877765,0.0,0.001122672497823,2023-05-22,0.9941458987061015,0.24370326282415722
0.0783319519207048,0.8818576775631557,0.0397593138440438,0.0,5.105667244642587e-05,2023-05-23,0.7397456327620502,-0.2544002659440513
0.0148452386171191,0.8804738478112647,0.1044178098242817,0.0,0.0002631037471478,2023-05-24,0.6753058659744268,-0.06443976678762342
0.0500905129965547,0.9150202028697424,0.0348175471996674,0.0,7.173693413350841e-05,2023-05-25,0.7363843599225148,0.061078493948088064
0.998919898078757,2.6871102314212798e-09,2.919816805534775e-05,0.0,0.0010509010658455,2023-05-26,0.9993402605204279,0.2629559005979131
0.0924695027647467,0.8890768859625443,0.0183599373115485,0.0,9.367396152831676e-05,2023-05-29,0.7593146368212663,-0.24002562369916158
0.0709648164869516,0.8780626586609712,0.0508409370554159,0.0,0.0001315877967842,2023-05-30,0.7295644456013938,-0.029750191219872546
0.0055706235024936,0.7658623779167663,0.2283718575352075,0.0,0.0001951410456881,2023-05-31,0.5800454633583435,-0.14951898224305027
0.0667697773480087,0.0001500249811119,0.9313056580935648,0.0,0.0017745395772808,2023-06-01,0.06759211191475493,-0.5124533514435886
0.0934171364398716,0.8480138328325897,0.058374437660728,0.0,0.0001945930672425,2023-06-02,0.7295053482912109,0.661913236376456
0.0901656726241934,0.8611581144744596,0.048441780058685,0.0,0.0002344328422253,2023-06-05,0.7361280316169281,0.006622683325717138
0.0764653546650147,0.8380025035341844,0.0853578844948755,0.0,0.0001742573061492,2023-06-06,0.7050369352381126,-0.031091096378815464
0.3087090368964191,0.6741516886196979,0.0167913487427919,0.0,0.0003479257406759,2023-06-07,0.8144619736574628,0.10942503841935014
0.0054412937526139,0.1246454493861162,0.8695452759774803,0.0,0.0003679808833708,2023-06-08,0.09907257314554936,-0.7153894005119134
0.0239835554465389,0.0002793520799468,0.9742639595503954,0.0,0.0014731329229351,2023-06-09,0.02478232267567304,-0.07429025046987632
0.0990397233193321,0.8155524535161982,0.0852527918761699,0.0,0.00015503128825,2023-06-12,0.7107660759717808,0.6859837532961077
0.9797112521650037,3.5797887805644454e-05,0.0178718794240846,0.0,0.0023810705230274,2023-06-13,0.9806905287900688,0.26992445281828803
0.0674157527669225,0.8778828480230002,0.0546695845613537,0.0,3.18146488197409e-05,2023-06-14,0.7258406146437005,-0.25484991414636826
0.0383763042390047,0.01726272734097,0.943654583259981,0.0,0.0007063851596891,2023-06-15,0.051605903808607835,-0.6742347108350927
0.9912544538309512,0.002083902849083,0.0058880197604654,0.0,0.0007736235591409,2023-06-16,0.9931268303914199,0.9415209265828121
0.0162723709558102,5.161388381791731e-06,0.9831178746384251,0.0,0.0006045930173425,2023-06-19,0.016518079204033545,-0.9766087511873863
0.0439310270982293,0.9400546897708416,0.0158063796663304,0.0,0.0002079034642919,2023-06-20,0.7490552058120772,0.7325371266080436
0.0738534971819211,0.8465258973271682,0.079523034152628,0.0,9.75713381195937e-05,2023-06-21,0.7087869487125451,-0.04026825709953208
0.0152560727841218,0.0668575677999459,0.9173328667154288,0.0,0.0005534927001653,2023-06-22,0.06562064571414734,-0.6431663029983977
0.0164025441426253,0.0522837008716862,0.9292977955840492,0.0,0.0020159594012269,2023-06-23,0.056421703556880705,-0.009198942157266639
0.0927140648516628,0.8171689827183708,0.0899193786806192,0.0,0.0001975737495223,2023-06-26,0.7056698313902497,0.649248127833369
0.5505717287943172,0.4355081008908896,0.0131737866261278,0.0,0.0007463836890121,2023-06-27,0.8775013579380891,0.1718315265478394
0.1906879951772394,0.8077717739062109,0.0013856989533977,0.0,0.000154531962923,2023-06-28,0.7965786383920667,-0.08092271954602248
0.9981309579863848,0.000712592649115,2.855818552009828e-05,0.0,0.001127891178962,2023-06-30,0.9991165589448059,0.20253792055273923
0.8858982993275495,0.1025475622406982,0.0110784912674718,0.0,0.0004756471641798,2023-07-03,0.9629992298737451,-0.0361173290710608
0.0799408023536501,0.8987827595736375,0.0212108847559334,0.0,6.555331662492611e-05,2023-07-04,0.7540540933605282,-0.2089451365132169
0.0787889089153768,0.8354395150077085,0.0856552082877073,0.0,0.0001163677891085,2023-07-05,0.7054150922868017,-0.04863900107372654
0.9754012669990748,1.236846382062133e-06,0.0231136081961798,0.0,0.0014838879580671,2023-07-06,0.9759957498170881,0.2705806575302865
8.709733057158749e-05,0.628018343301169,0.3708277151178988,0.0,0.0010668442500829,2023-07-07,0.4715275925064815,-0.5044681573106067
0.0612456548108125,0.883794666300485,0.0548180980634882,0.0,0.0001415808248018,2023-07-10,0.7241482868660969,0.25262069435961537
0.0804858404083056,0.8832513062020173,0.0361708159470301,0.0,9.203744237649125e-05,2023-07-11,0.7429611350367693,0.018812848170672414
0.0352326306590104,2.6585298113428017e-06,0.9632300097497822,0.0,0.0015347010612375,2023-07-12,0.03584850498086391,-0.7071126300559054
0.0801664935153489,0.8355336576390299,0.0838814104751572,0.0,0.0004184383701497,2023-07-13,0.7069841120926812,0.6711356071118173
0.2161200585117118,0.7815391301026917,0.0020812578341268,0.0,0.0002595535515073,2023-07-14,0.8023782275093335,0.09539411541665233
0.9354332557380216,0.060202061610684,0.0033179025129171,0.0,0.0010467801385367,2023-07-17,0.9810035140014493,0.17862528649211573
0.0545163379917188,0.9194030150060752,0.0260383058292856,0.0,4.234117261214046e-05,2023-07-18,0.7440855357153201,-0.23691797828612915
0.0883850285443319,0.8900800086030501,0.0214400072899303,0.0,9.495556285064028e-05,2023-07-19,0.7559830172217599,0.011897481506439767
0.9972471317499192,1.2276770626249333e-05,0.0005725613558176,0.0,0.0021680301237496,2023-07-20,0.9981235513773887,0.24214053415562886
2.291079585323568e-05,0.9394897038224068,0.0593428047644796,0.0,0.0011445806170561,2023-07-21,0.7050980209094808,-0.2930255304679079
0.0403516763574667,0.35438941769192,0.6042636639015248,0.0,0.0009952420492928,2023-07-24,0.30654183644612387,-0.39855618446335694
0.0520416633976668,0.8780990226738988,0.0697109329283042,0.0,0.000148381000206,2023-07-25,0.7106752828031733,0.4041334463570494
0.0775216800952568,0.9019832580865884,0.0204139280021307,0.0,8.113381577251101e-05,2023-07-26,0.7540415771865071,0.04336629438333384
3.0198931423780644e-05,7.025635124771733e-17,0.9980084494575826,0.0,0.0019613516109659,2023-07-27,0.0008147395758101933,-0.7532268376106969
0.0388253350986964,0.8585562190682572,0.1024236068449573,0.0,0.0001948389884205,2023-07-28,0.6828204349952576,0.6820056954194473
0.3612218560604847,0.6250443699424082,0.0131245820210772,0.0,0.0006091919763291,2023-07-31,0.8302488103078225,0.14742837531256492
0.0368567897062778,0.8373117284173818,0.1257193322241168,0.0,0.0001121496520331,2023-08-01,0.6648854458801274,-0.16536336442769506
2.1291927964865755e-06,0.0074583037826782,0.9847257261506626,0.0,0.0078138408741086,2023-08-02,0.008721393379448578,-0.6561640525006789
4.3052880049713225e-05,0.7612312233456333,0.2363714656050557,0.0,0.0023542581688621,2023-08-03,0.5719081736568196,0.563186780277371
0.2090126933037576,0.7812518835930844,0.0092853744267491,0.0,0.000450048676101,2023-08-04,0.7951316254690114,0.22322345181219183
0.1026816997832767,0.8664538502690199,0.0307015626525347,0.0,0.0001628872948279,2023-08-07,0.7525872424029727,-0.04254438306603869
0.0553161664882167,0.8009587037704476,0.1434516527863949,0.0,0.0002734769553808,2023-08-08,0.6561445850982047,-0.09644265730476798
0.0373499547305005,0.9477180560052324,0.0147862422205849,0.0,0.0001457470437456,2023-08-09,0.748196795551923,0.09205221045371825
0.0070824890886405,0.7789415135535936,0.2138212340100368,0.0,0.0001547633478789,2023-08-10,0.5913505295929873,-0.1568462659589357
0.0011644744190903,3.949649073748576e-12,0.9966121226174292,0.0,0.0022234029595617,2023-08-11,0.002053835605877217,-0.58929669398711
0.0068248674211385,0.9544435993908404,0.0385414007383266,0.0,0.0001901324498364,2023-08-14,0.7227336199442034,0.7206797843383261
0.3331000377493484,0.2875797675280964,0.3785858385299223,0.0,0.0007343561925734,2023-08-16,0.54907860587245,-0.17365501407175332
0.0168681863989208,0.1132272862579652,0.868781339596487,0.0,0.0011231877468059,2023-08-17,0.10223792619111707,-0.446840679681333
0.0257223958761963,0.8469907404043812,0.1270427252105976,0.0,0.0002441385083706,2023-08-18,0.6610631065828304,0.5588251803917134
0.3657784615132246,0.5907936366674555,0.0429267873779355,0.0,0.0005011144418027,2023-08-21,0.8090741347905372,0.14801102820770684
0.0650068187157342,0.8689639909489891,0.0658613834279641,0.0,0.0001678069070348,2023-08-22,0.71679693469029,-0.0922772001002472
0.0695388464482128,0.8620152623747681,0.0683591761398922,0.0,8.671503705770995e-05,2023-08-23,0.716084979244112,-0.0007119554461780808
0.0087140020157628,2.0922441834647944e-08,0.989253832274806,0.0,0.0020321447873176,2023-08-24,0.009526875622521216,-0.7065581036215908
0.0070722798640094,0.8951738742077708,0.097233275491082,0.0,0.0005205704373917,2023-08-25,0.6786609136947942,0.669134038072273
0.0837738738390031,0.8615430714014248,0.0544994640719804,0.0,0.0001835906874053,2023-08-28,0.7300046136650339,0.05134369997023969
0.0570178854893633,0.8816339478450005,0.0612629909447623,0.0,8.517572094151445e-05,2023-08-29,0.7182774166614903,-0.011727197003543632
0.2590191044523689,0.0173128728008391,0.7229961533322695,0.0,0.0006718694148243,2023-08-30,0.27227250681892795,-0.4460049098425623
0.0038038880887833,8.000052670881614e-07,0.9956111688546532,0.0,0.0005841430509022,2023-08-31,0.004038145313094496,-0.26823436150583346
0.9979683436816428,3.5885803955105683e-26,1.4898804384244146e-06,0.0,0.0020301664375874,2023-09-01,0.9987804102566777,0.9947422649435832
0.1187520247695876,0.8629274362455415,0.0182434880535904,0.0,7.705093149947872e-05,2023-09-04,0.7659784223263435,-0.23280198793033424
0.1010335085093635,0.8339806987434556,0.064731823411319,0.0,0.0002539693358328,2023-09-05,0.7266206203012884,-0.03935780202505512
0.0484270596148633,0.9126575188224232,0.0388360604601957,0.0,7.936110292014496e-05,2023-09-06,0.7329519431728487,0.006331322871560352
0.9934936250898224,1.878012666446796e-05,0.0052255794426723,0.0,0.0012620153410159,2023-09-07,0.9940125163212271,0.2610605731483784
0.0773761790317964,0.9140173708064664,0.008580571160594,0.0,2.5879001596384186e-05,2023-09-08,0.7628995587372848,-0.23111295758394235
0.9978459900214854,0.0001055449382084,0.0011523059817589,0.0,0.0008961590589754,2023-09-11,0.9982836123487319,0.2353840536114471
0.2715476102623075,0.0318136683250663,0.6957491177294169,0.0,0.000889603682885,2023-09-12,0.2957637029792612,-0.7025199093694707
0.2917036323350526,0.6632934123973883,0.0445872975389946,0.0,0.0004156577288503,2023-09-13,0.7893399547246339,0.49357625174537273
0.0647949783692976,0.8903343362710373,0.0447526018410174,0.0,0.0001180835190644,2023-09-14,0.7325929639802014,-0.05674699074443257
0.097043146695062,0.8787820422391063,0.0239973820834344,0.0,0.0001774289819499,2023-09-15,0.7562006499671716,0.023607685986970273
0.0325157291261676,0.8804535504724446,0.0867895646506135,0.0,0.0002411557504025,2023-09-18,0.692952354280662,-0.06324829568650958
6.177976691548604e-05,0.6828668083764357,0.3135518616839458,0.0,0.0035195501728861,2023-09-20,0.5136197061183966,-0.17933264816226546
0.0014917104986482,0.0018967655240283,0.9935647757317768,0.0,0.0030467482456255,2023-09-21,0.0041329839399196254,-0.5094867221784769
0.0175052773558771,0.6888517693767641,0.2931970175304669,0.0,0.0004459357368597,2023-09-22,0.534322478683194,0.5301894947432744
0.0485474111148508,0.8675133783746969,0.0837448731743535,0.0,0.0001943373358087,2023-09-25,0.6992601798301971,0.164937701147003
0.0646618964737213,0.8551262337218216,0.0799633224618128,0.0,0.0002485473428285,2023-09-26,0.7061059907022189,0.006845810872021851
0.0605430864744816,0.8973271240003462,0.0419898831290909,0.0,0.0001399063956561,2023-09-27,0.7335943920330037,0.027488401330784784
2.753402764734049e-09,3.102284032469189e-48,0.9952585232246878,0.0,0.0047414740223225,2023-09-28,0.0018965923623317645,-0.7316977996706719
0.0604503921225687,0.9333996988639104,0.0060170667336966,0.0,0.0001328422798423,2023-09-29,0.7605533031824384,0.7586567108201067
0.0094041634653344,0.0244674690536386,0.9646767457005588,0.0,0.001451621780384,2023-10-03,0.02833541396771695,-0.7322178892147214
0.0140210711542089,0.8525747804614578,0.1329444334189778,0.0,0.0004597149652997,2023-10-04,0.6536360424864222,0.6253006285187052
0.1133186777425668,0.8669762215438842,0.0194494301976219,0.0,0.0002556705154842,2023-10-05,0.7636531121066735,0.11001706962025137
0.1040044522219005,0.878433305791775,0.0173431558515438,0.0,0.0002190861343976,2023-10-06,0.7629170660194907,-0.0007360460871828067
0.0053567573661421,0.9229771444277828,0.0713081254184059,0.0,0.0003579727873928,2023-10-09,0.6977328048019362,-0.0651842612175545
0.9984402441390574,1.5445095531158915e-09,0.0001443375671586,0.0,0.0014154167489143,2023-10-10,0.9990064119970054,0.3012736071950691
0.1316703823971887,0.8577566163476409,0.0104668524164878,0.0,0.0001061488382384,2023-10-11,0.7750303041932148,-0.22397610780379051
0.0382725958480947,0.878732833959838,0.082885824727215,0.0,0.0001087454652842,2023-10-12,0.697365719504087,-0.07766458468912785
0.0546013561657597,0.2219592110908373,0.7224108118055992,0.0,0.0010286209382358,2023-10-13,0.22148221285918201,-0.475883506644905
0.0641573922193017,0.8261076654165965,0.109485294126372,0.0,0.0002496482380029,2023-10-16,0.6838380005769503,0.4623557877177683
0.0646762052842103,0.8954595889724687,0.0397716821166693,0.0,9.252362694624176e-05,2023-10-17,0.7363079064643402,0.05246990588738987
0.0001011825750271,8.25476655450871e-15,0.998528828396972,0.0,0.0013699890282904,2023-10-18,0.0006491781863494511,-0.7356587282779907
0.0164816777126592,0.7320157954542791,0.2511096443476276,0.0,0.0003928824856683,2023-10-19,0.5656506772976359,0.5650014991112864
0.0255536018120533,0.8552197463511372,0.1190196204167803,0.0,0.0002070314202195,2023-10-20,0.667051224143494,0.1014005468458582
1.5359722221784969e-12,6.690446730511431e-41,0.9988019839153636,0.0,0.0011980160827296,2023-10-23,0.0004792064346278122,-0.6665720177088662
9.430639714790852e-07,1.7534603185578206e-08,0.9988272774433504,0.0,0.001171761957718,2023-10-25,0.0004696609980110683,-9.545436616743863e-06
2.5233589508017352e-09,5.751433006425863e-23,0.9959114215643472,0.0,0.0040885759124226,2023-10-26,0.0016354328883279908,0.0011657718903169225
0.9979883934077984,1.3409038661576177e-08,6.636885592581561e-05,0.0,0.0019452243272376,2023-10-27,0.9987664931954724,0.9971310603071444
0.0454147332419897,0.9507656838224036,0.0037341058405007,0.0,8.547709522737073e-05,2023-10-30,0.7585231869468834,-0.24024330624858903
0.0045470164508698,9.834342014175606e-19,0.9933047203453929,0.0,0.0021482632038268,2023-10-31,0.005406321732400521,-0.7531168652144828
0.0216429267706333,0.2658936148950976,0.711191578681554,0.0,0.0012718796527611,2023-11-01,0.22157188980306092,0.2161655680706604
0.1401611792068386,0.850548522720648,0.0088404088471474,0.0,0.0004498892252929,2023-11-02,0.7782525269374417,0.5566806371343809
0.1127444219318063,0.8526316186088285,0.0343625265437212,0.0,0.0002614329153963,2023-11-03,0.7523227090545862,-0.025929817882855533
0.4727364690240041,0.5236175180396082,0.0024288127637071,0.0,0.001217200172496,2023-11-06,0.8659364876227087,0.11361377856812249
0.0686918860275009,0.8511248804176279,0.0800415270375798,0.0,0.0001417065170557,2023-11-07,0.707092228947544,-0.15884425867516472
0.0849082126862399,0.8305853158709815,0.0843314020515469,0.0,0.0001750693913753,2023-11-08,0.7079172273460261,0.0008249983984821574
0.0991503276889698,0.3443972753546374,0.5554499713308654,0.0,0.0010024256257222,2023-11-09,0.35784925445523674,-0.3500679728907894
0.2746675155355537,0.5218951311975156,0.2028255414733861,0.0,0.0006118117937797,2023-11-10,0.6663335886512023,0.30848433419596555
0.0757130650616336,0.8559699970696647,0.0681333964444555,0.0,0.0001835414239142,2023-11-13,0.7177639794334478,0.05143039078224554
0.1171489546075364,0.8804490900010808,0.0005808073352515,0.0,0.0018211480560927,2023-11-15,0.778214231330784,0.060450251897336216
0.0329042333061629,0.9630424776605874,0.0032595761219645,0.0,0.0007937129108555,2023-11-16,0.7555035767159456,-0.022710654614838455
0.020945255819009,0.8874438324951244,0.0914559038438257,0.0,0.0001550078420878,2023-11-17,0.6865901333271873,-0.06891344338875827
0.0347955638760109,0.8822331985775853,0.0827810127474006,0.0,0.0001902247994162,2023-11-20,0.6965465527289664,0.009956419401779049
0.1151301307460762,0.8465636586186839,0.0380292203225992,0.0,0.0002769903124068,2023-11-21,0.7501636708350519,0.05361711810608549
0.0611523544097288,0.8892603871403767,0.049455668958609,0.0,0.0001315894915077,2023-11-22,0.7281502805616143,-0.022013390273437516
0.0514231042356951,0.874362541975593,0.0740536469899177,0.0,0.0001607067989664,2023-11-23,0.7072592934369765,-0.020890987124637883
0.070780318345396,0.8459517253450688,0.0830165353359138,0.0,0.0002514209736353,2023-11-24,0.7053446807436518,-0.0019146126933247132
0.0976018564385495,0.8861540337567824,0.0161523940629704,0.0,9.171574179944592e-05,2023-11-28,0.762254068052856,0.05690938730920425
0.9982497471559238,2.6677184692207607e-08,5.528573766625413e-05,0.0,0.0016949404289909,2023-11-29,0.9989277433354088,0.2366736752825528
0.0522046649210916,0.9172295099124722,0.0305068142923155,0.0,5.901087420393129e-05,2023-11-30,0.7401504017051274,-0.25877734163028143
0.6924248275805999,0.2574459416459738,0.0296943678389903,0.0,0.02043486293461,2023-12-01,0.8936832289889242,0.1535328272837968
0.259873318004029,0.4757232217279143,4.755597122271279e-09,0.0,0.2644034555122255,2023-12-04,0.7224271165048549,-0.17125611248406925
0.1036241466198497,0.8923569300515043,0.0016093248996008,0.0,0.0024095984290318,2023-12-05,0.7738556835300907,0.051428567025235794
0.112893645852786,0.8520733514044662,0.0348243226954713,0.0,0.0002086800469594,2023-12-06,0.7520321314249193,-0.021823552105171395
0.0393119043577961,0.8835975212980269,0.076909421023667,0.0,0.0001811533205891,2023-12-07,0.702082506659552,-0.04994962476536735
0.0724625053442891,0.9018121889392514,0.0255815054951445,0.0,0.0001438002212376,2023-12-08,0.7488791671372227,0.046796660477670726
0.04675593896816,0.8869781116847402,0.0662051336153417,0.0,6.0815731544452415e-05,2023-12-11,0.7120138490243328,-0.036865318112889844
0.0134841821116959,0.0038084492302925,0.9815020844282714,0.0,0.0012052842299303,2023-12-12,0.016822632726387395,-0.6951912162979454
0.0358723181819683,0.8984819186357685,0.0653835909095131,0.0,0.0002621722730289,2023-12-13,0.7098386260680063,0.6930159933416189
0.401159986498835,0.596734173463601,0.000241087959902,0.0,0.0018647520776384,2023-12-14,0.8494565174275912,0.1396178913595849
0.9980657914701212,1.570322645011543e-08,1.336938213765563e-07,0.0,0.0019340591331154,2023-12-15,0.9988394269007872,0.149382909473196
0.038769846861392,0.8952177034973182,0.0659435790875347,0.0,6.887055380602794e-05,2023-12-18,0.710210672705903,-0.2886287541948842
0.0294243763039498,0.9180778119865556,0.0518077355314683,0.0,0.0006900761783333,2023-12-19,0.7182587657651998,0.008048093059296768
1.5904633770940746e-19,9.9355495291877e-87,0.859055306143245,0.0,0.1409446938571908,2023-12-20,0.05637787754287632,-0.6618808882223235
0.9187405039565156,1.8892211344978884e-16,0.0018205994698742,0.0,0.0794388965732166,2023-12-21,0.9505160625858023,0.894138185042926
0.072755221327678,0.918777226716804,0.0081536604624253,0.0,0.0003138914929436,2023-12-22,0.7619636979624583,-0.18855236462334402
0.2162753414505525,0.7550542262133466,0.0284935359083831,0.0,0.0001768964280965,2023-12-26,0.7826367696818011,0.02067307171934274
0.9985556856438352,3.3864231754134326e-16,9.562745187274908e-06,0.0,0.0014347516112582,2023-12-27,0.9991295862883387,0.21649281660653763
0.1805243905268473,0.8093253653727246,0.0100599044456153,0.0,9.033965466867622e-05,2023-12-28,0.7875545504182583,-0.21157503587008042
0.051971875995903,0.8510191054875238,0.0967633343783579,0.0,0.0002456841378012,2023-12-29,0.6903344787666664,-0.09722007165159186
0.0443288594879751,0.8875505607169017,0.0679612857788128,0.0,0.0001592940165369,2024-01-01,0.7100554976322662,0.019721018865599738
0.0036602178681357,0.784136649587214,0.2120626270264396,0.0,0.0001405055178462,2024-01-02,0.5918189072656848,-0.1182365903665814
0.0004237507665852,1.2659995131678103e-10,0.997926882481859,0.0,0.0016493666250028,2024-01-03,0.0010834975115362835,-0.5907354097541485
0.1396971498744128,0.849966234884439,0.0100389362207464,0.0,0.0002976790205832,2024-01-04,0.7772908976459754,0.7762074001344391
0.0674622352620693,0.8670672542212023,0.0653900576405009,0.0,8.045287636629114e-05,2024-01-05,0.7177948570785175,-0.05949604056745783
5.573308670256308e-08,7.389372835150555e-38,0.9979068116674514,0.0,0.002093132599109,2024-01-08,0.0008373087727303026,-0.7169575483057873
0.306848645577401,0.3871954592271155,0.3041874651264675,0.0,0.0017684300687174,2024-01-09,0.5979526120252245,0.5971153032524943
0.1330102863638059,0.8403623481517857,0.0263340420683074,0.0,0.0002933234165418,2024-01-10,0.7633993768442618,0.1654467648190373
0.051376565390647,0.9029391137438824,0.0456160588016624,0.0,6.826206411432114e-05,2024-01-11,0.7286082055242046,-0.03479117132005727
0.981926437413584,0.0154534852169036,4.0395266291064674e-05,0.0,0.0025796821035871,2024-01-12,0.9945484241676965,0.26594021864349193
0.1190690192791601,0.8797938111179322,0.0009530103891258,0.0,0.0001841592138725,2024-01-15,0.7789880413031582,-0.21556038286453827
0.0035287693326459,0.8991209242663282,0.0935455167029596,0.0,0.0038047896983858,2024-01-16,0.6793913784117463,-0.09959666289141189
1.6749323097984489e-12,0.0264121014534365,0.0005869294317815,0.0,0.9730009691128286,2024-01-17,0.4090094637368838,-0.27038191467486256
0.0001545499120822,0.935498846349585,0.036201057279367,0.0,0.0281455464586799,2024-01-18,0.7130369032577429,0.30402743952085914
0.0503924813972319,0.9171035143756628,0.0164024053289575,0.0,0.0161015988978278,2024-01-19,0.7446607567381102,0.031623853480367226
4.728311089923794e-29,6.910482469323513e-171,0.2244832222130322,0.0,0.7755167777871734,2024-01-23,0.3102067111148694,-0.43445404562324075
0.8488293460374504,2.0050361301150784e-34,5.844941992060928e-09,0.0,0.151170648118047,2024-01-24,0.9092976052846692,0.5990908941697998
0.0037446111071581,0.594377272547808,0.3986328665707551,0.0,0.0032452497746525,2024-01-25,0.45082566542787517,-0.458471939856794
0.9952341060528034,9.166305888180171e-77,2.536795265721821e-19,0.0,0.0047658939470935,2024-01-29,0.9971404636316408,0.5463147982037656
5.571297471197609e-09,2.4355340953271e-37,0.9989857141428776,0.0,0.0010142802861786,2024-01-30,0.0004057176857689112,-0.9967347459458719
0.9973905425411356,2.0857160671647445e-30,1.7399204235214694e-07,0.0,0.0026092834672076,2024-01-31,0.9984342559280186,0.9980285382422497
0.0353357674169262,0.8392432157779882,0.1253005971195012,0.0,0.0001204196853053,2024-02-01,0.6648163471245395,-0.3336179088034791
0.0055254063437405,0.9924487321008404,0.0001808229350284,0.0,0.0018450386205712,2024-02-02,0.7505999708675993,0.08578362374305981
0.0050332544807155,5.101022409992155e-05,0.993453788886164,0.0,0.0014619464086135,2024-02-05,0.005656290712235842,-0.7449436801553635
0.4286498786433874,0.5659556281758877,0.0046802349407388,0.0,0.0007142582404276,2024-02-06,0.8534023030714742,0.8477460123592384
0.1878967694749693,0.1076531907175483,0.7037261557590573,0.0,0.0007238840486718,2024-02-07,0.2689262161325992,-0.584476086938875
4.577540467667936e-10,7.780917686933709e-54,0.9935303079784068,0.0,0.0064696915637738,2024-02-08,0.002587877083263567,-0.2663383390493356
0.0368064688119436,0.9334535762976748,0.0296633018655587,0.0,7.66530248661536e-05,2024-02-09,0.7369273122451462,0.7343394351618826
1.522349608175028e-05,6.924639112822566e-13,0.9986452309227972,0.0,0.0013395455807762,2024-02-12,0.0005510417289115783,-0.7363762705162346
0.0649114093130648,0.9311433275383522,0.0032237888494176,0.0,0.0007214742991513,2024-02-13,0.7635574946864895,0.7630064529575779
0.947979361022988,1.2470433509604494e-28,0.0010312413183163,0.0,0.0509893976587331,2024-02-14,0.9683751200864812,0.2048176253999917
0.0786033388372465,0.899162873154268,0.0219042255306601,0.0,0.0003295624779641,2024-02-15,0.7531073186941332,-0.21526780139234802
0.1206157171837823,0.8599744110075213,0.0191283827644166,0.0,0.0002814890441916,2024-02-16,0.7657091210570999,0.012601802362966708
0.0759375376035144,0.899901110014989,0.0240165660813253,0.0,0.00014478630029,2024-02-19,0.7509212846348722,-0.014787836422227696
0.4064888071385898,0.4662533089896351,0.1268424304165612,0.0,0.000415453455228,2024-02-20,0.7563449702629074,0.005423685628035191
7.154024574120466e-05,3.4152874844706576e-16,0.9982320685390784,0.0,0.0016963912155767,2024-02-21,0.0007500967319721409,-0.7555948735309352
0.0096712452827571,0.9670365640158256,7.352366539878886e-05,0.0,0.0232186670357325,2024-02-22,0.7442361351089194,0.7434860383769473
0.2324128543498146,0.3350992808879727,0.4305548459694751,0.0,0.0019330187931913,2024-02-23,0.4845105225330706,-0.2597256125758488
0.011602718353767,0.889731543939027,0.0985528786647905,0.0,0.0001128590419889,2024-02-26,0.6789465199248328,0.1944359973917622
0.8037903209160435,0.0001416915738169,0.1946904667381478,0.0,0.0013775207718509,2024-02-27,0.8044475979051465,0.12550107798031374
4.829181915338942e-10,4.13923703127109e-42,0.9981931341372386,0.0,0.0018068653797394,2024-02-28,0.0007227466348139516,-0.8037248512703326
0.0235312192005677,0.940641385598358,0.0356798608086403,0.0,0.0001475343925143,2024-02-29,0.7290712721563418,0.7283485255215278
0.9906135242975062,6.00913844609522e-76,8.365465734912001e-17,0.0,0.0093864757029034,2024-03-01,0.9943681145786675,0.26529684242232565
0.10722676649226,0.8503868786128271,0.0422533326776435,0.0,0.0001330222175205,2024-03-04,0.7450701343388886,-0.2492979802397789
0.0251382611605315,0.8739804966430552,0.1007383167320404,0.0,0.0001429254646555,2024-03-05,0.6806808038286851,-0.06438933051020346
0.923943642331452,0.0546834204824465,0.0159305482795841,0.0,0.0054423889066021,2024-03-06,0.9671331632559277,0.28645235942724256
0.0569756278852118,0.8733756261252833,0.0696052970593468,0.0,4.344892992153279e-05,2024-03-07,0.7120247270511428,-0.25510843620478485
4.220504515723197e-05,5.396893977820944e-19,0.9982055926629244,0.0,0.0017522022921795,2024-03-11,0.0007430859620290324,-0.7112816410891138
0.0147052271582257,0.8970896088520034,0.0867473832914316,0.0,0.0014577806981685,2024-03-12,0.6881055460764958,0.6873624601144668
7.781447276387791e-22,5.033527464140237e-106,0.8094073933997803,0.0,0.190592606599938,2024-03-13,0.07623704263997522,-0.6118685034365205
0.9512829810011006,0.0005961551356793,0.0015763464736288,0.0,0.0465445173892612,2024-03-14,0.9703479043085645,0.8941108616685893
0.0020759220055017,0.9293859166463716,0.0679485674005035,0.0,0.0005895939474855,2024-03-15,0.6993511970692745,-0.27099670723929004
0.0152739890964989,0.9531484718841476,0.0314901857544645,0.0,8.735326533484252e-05,2024-03-18,0.7301702843157436,0.03081908724646909
5.0741634989944816e-05,3.984622992080522e-05,0.9936710496924536,0.0,0.0062383624427388,2024-03-19,0.002575971284526069,-0.7275943130312176
0.0183948592389994,0.9351054077032198,0.0460498036762143,0.0,0.0004499293818343,2024-03-20,0.7199038867691481,0.717327915484622
0.1226711670049599,0.8717003988855847,0.0052228027106464,0.0,0.0004056313988948,2024-03-21,0.7766087187287064,0.05670483195955833
0.9169147630528718,0.0053076246202465,0.0605174205470641,0.0,0.0172601917799825,2024-03-22,0.9277995582300497,0.15119083950134327
0.0129028004615368,0.905124513242632,0.0817767119311966,0.0,0.0001959743644498,2024-03-26,0.6918245751392906,-0.23597498309075904
0.1831147159197501,0.8002839234260647,0.0158528024120841,0.0,0.0007485582418634,2024-03-27,0.7836270817860439,0.09180250664675327
0.8800263811597625,0.0491247308768192,6.567023821615741e-05,0.0,0.0707832177254758,2024-03-28,0.9451832164075672,0.1615561346215233
0.1197029546580406,0.864760876065579,0.0148476538204896,0.0,0.0006885154562964,2024-04-01,0.7685490178897434,-0.1766341985178238
0.0673135740843286,0.8433684626641297,0.08911837444257,0.0,0.0001995888086963,2024-04-02,0.6999197566059044,-0.06862926128383895
0.0195779481296509,0.9202612967717464,0.0600169666577428,0.0,0.0001437884412798,2024-04-03,0.7098314360849726,0.009911679479068125
0.0036178031505768,0.9931507984179402,0.0021249610355022,0.0,0.0011064373956694,2024-04-04,0.7489234769222997,0.03909204083732709
0.0562029263868137,0.8693692615365904,0.0742992772162692,0.0,0.0001285348603593,2024-04-05,0.7082812864834003,-0.040642190438899384
0.568310316290575,0.4129729552570617,0.018218998197272,0.0,0.0004977302549411,2024-04-08,0.8782391248353477,0.16995783835194744
0.1955437355435106,3.717848501299337e-05,0.8030014622894148,0.0,0.001417623681685,2024-04-09,0.19613866887994433,-0.6821004559554034
0.0733048169107723,0.8943487514132691,0.03224381526524,0.0,0.0001026164105293,2024-04-10,0.7441074270349357,0.5479687581549914
9.763078840293953e-06,3.233347923105665e-08,0.9971209173824468,0.0,0.0028692872051974,2024-04-12,0.0011575022110286775,-0.742949924823907
0.0002132163917274,0.8916663694497515,0.1042170834172958,0.0,0.0039033307409276,2024-04-15,0.6705243257754121,0.6693668235643834
0.0065173542515529,0.8765058592516876,0.116488618106808,0.0,0.0004881683898236,2024-04-16,0.664092016046248,-0.006432309729164087
1.0585571362106182e-06,7.001592933164504e-11,0.975073021197865,0.0,0.024925920174753,2024-04-18,0.00997142667954936,-0.6541205893666987
0.861486429542363,2.5825325308091591e-26,1.025865749490228e-05,0.0,0.1385033118001904,2024-04-19,0.9168877542624392,0.9069163275828899
0.1028795441747487,0.8939738564708075,0.0017460244226471,0.0,0.001400574932079,2024-04-22,0.7739201665006858,-0.14296758776175333
0.5279273461376477,0.057573900249241,0.4124405434886228,0.0,0.0020582101249245,2024-04-23,0.5719310553745482,-0.2019891111261376
0.0796225488832687,0.8585877718035737,0.0617047049153801,0.0,8.497439818586714e-05,2024-04-24,0.7235973674952233,0.15166631212067505
0.9969037299497516,1.357230467735335e-28,8.351799619461265e-06,0.0,0.0030879182505407,2024-04-25,0.998138897249968,0.27454152975474466
4.499351091823326e-05,4.875027775036118e-23,0.9992925607805406,0.0,0.0006624457084018,2024-04-26,0.00030997179427895324,-0.997828925455689
0.9986868487149968,5.375853210530428e-12,1.4461453970172215e-05,0.0,0.001298689825969,2024-04-29,0.9992063246494163,0.9988963528551373
0.006873432687963,0.940260981164341,0.0528123209364202,0.0,5.32652112633469e-05,2024-04-30,0.7120904746457241,-0.2871158500036922
0.1406222827546585,0.7172100321600433,0.1418462308549141,0.0,0.0003214542299671,2024-05-02,0.6786583885666778,-0.03343208607904624
4.159937472428084e-09,1.2275031975951425e-23,0.9857849617638756,0.0,0.0142150340761135,2024-05-03,0.0056860177903828735,-0.6729723707762949
0.0594392930958279,0.0049352149603889,0.934640022003918,0.0,0.0009854699396527,2024-05-06,0.06353489229198064,0.05784887450159777
7.977555299355465e-05,2.7427503558529483e-11,0.998606571363196,0.0,0.0013136530565069,2024-05-07,0.0006052367961669423,-0.0629296554958137
0.0177250874312482,0.8961270969007186,0.0860398445421791,0.0,0.0001079711260052,2024-05-08,0.6898635985571893,0.6892583617610223
6.775353598463045e-14,4.7863029099746926e-29,0.9905599848379858,0.0,0.0094400151615012,2024-05-09,0.003776006064668234,-0.686087592492521
0.0800806396547753,0.9073574119560538,0.0123163394600193,0.0,0.0002456089289346,2024-05-10,0.7606969421933895,0.7569209361287212
0.0018295817985866,0.9929389094903288,0.0044981432992859,0.0,0.0007333654113757,2024-05-13,0.7468271100808834,-0.013869832112506031
0.6939921138506747,0.2786251212788364,0.0263393218740654,0.0,0.0010434429961432,2024-05-14,0.9033783320082592,0.1565512219273758
0.0283620630778498,0.916573534886826,0.0549322461812303,0.0,0.0001321558540119,2024-05-15,0.7158450765845741,-0.18753325542368515
0.0035842826221477,0.9609828870534304,6.717461185296111e-06,0.0,0.0354261128629111,2024-05-16,0.7384918930573849,0.02264681647281086
0.0558428652891687,0.916897360123032,0.0271304193211536,0.0,0.0001293552662036,2024-05-17,0.7435676274879242,0.005075734430539214
0.8341944164044062,0.0039502361662138,0.1601576843683919,0.0,0.0016976630607518,2024-05-21,0.8378361587533673,0.0942685312654431
0.0785008084881841,0.8929997315688016,0.0284436892712464,0.0,5.577067184988425e-05,2024-05-22,0.7482729154335253,-0.089563243319842
0.9937154923333864,3.70992325803943e-72,1.4617150555420551e-18,0.0,0.0062845076664619,2024-05-23,0.9962292953999712,0.24795637996644593
0.0466211105745738,0.8982001541362827,0.0551127781244255,0.0,6.59571643058433e-05,2024-05-24,0.7202976090425082,-0.275931686357463
0.0162957215337708,0.7711553392703682,0.2121631372981471,0.0,0.0003858018980619,2024-05-27,0.5948165467457717,-0.1254810622967365
0.1026912286504392,0.3059863883409724,0.5903754407171293,0.0,0.0009469422911172,2024-05-28,0.33255979682261544,-0.26225674992315623
0.0016042867068127,0.8817884148087638,0.1160192008677291,0.0,0.000588097617082,2024-05-29,0.6631808368602183,0.3306210400376029
1.0427049119602756e-05,0.1461475101906826,0.8448907286030489,0.0,0.008951334156874,2024-05-30,0.11320159335488114,-0.5499792435053372
0.0103050463156773,0.9425884250434567,0.0417293926665248,0.0,0.0053771359746237,2024-05-31,0.7193972194881194,0.6061956261332383
2.472398766124096e-10,9.63780984807356e-08,6.109651245227771e-24,0.0,0.999999903374378,2024-06-03,0.400000033880565,-0.3193971856075544
0.0,0.0,1.2570579719830786e-64,0.0,1.0,2024-06-04,0.4,-3.388056496467229e-08
1.0989015686358483e-20,1.050226737162156e-56,3.1391083328249883e-66,0.0,1.0,2024-06-05,0.4,0.0
0.0222387915830985,0.8406121061729825,0.0001088244123757,0.0,0.1370402778318104,2024-06-06,0.7075139823455595,0.3075139823455595
0.7995934742526937,7.88161089139905e-141,4.907605917749426e-31,0.0,0.2004065257472605,2024-06-07,0.8797560845515979,0.17224210220603842
0.0131760958858359,0.9434436010086168,0.0426429719172019,0.0,0.0007373311885804,2024-06-10,0.7210537291177306,-0.15870235543386735
0.0329726563455171,0.90612987325476,0.0607122635319335,0.0,0.0001852068679427,2024-06-11,0.7126441440337642,-0.008409585083966387
0.0749298194243877,0.8820871674900503,0.0428593056883012,0.0,0.0001237073970324,2024-06-12,0.7365446780007383,0.023900533966974113
0.4382204345608237,0.450671639736328,0.1103867153903501,0.0,0.0007212103129223,2024-06-13,0.7765126484882386,0.03996797048750034
0.0884464523559645,0.8738150081847502,0.0375965200277244,0.0,0.0001420194312593,2024-06-14,0.7438645162670309,-0.03264813222120777
0.1041129946372793,0.8457433574198475,0.0498939734022493,0.0,0.000249674540492,2024-06-18,0.7385203825183617,-0.005344133748669155
0.0142474741579167,0.7261591947483983,0.2588501794825861,0.0,0.0007431516112019,2024-06-19,0.5591641308636962,-0.1793562516546655
0.0404096568755252,0.9085126305763548,0.0509921098822244,0.0,8.560266564458501e-05,2024-06-20,0.7218283708740492,0.16266424001035296
0.0091415381034296,0.0006755767995143,0.9891249629284056,0.0,0.0010579221682639,2024-06-21,0.010071389570370884,-0.7117569813036783
0.6101459621208137,7.914924829618434e-07,0.3878972365763273,0.0,0.0019560098102768,2024-06-24,0.6109289596642867,0.6008575700939158
0.9986443334771526,1.422340795782238e-06,0.0009035245472652,0.0,0.0004507196351483,2024-06-25,0.9988256880868088,0.3878967284225221
0.995253992992837,0.0003174770256414,0.0041955466154452,0.0,0.000232983365855,2024-06-26,0.99558529410841,-0.0032403939783988145
0.9965683503880616,0.0018447908595689,0.0007723774611414,0.0,0.0008144812907947,2024-06-27,0.9982777360490561,0.0026924419406461064
0.0171272011179784,0.9184984010964772,0.0643466437603175,0.0,2.7754025679073572e-05,2024-06-28,0.7060121035506078,-0.2922656324984483
0.987498632351446,1.5117394448904415e-10,0.0106436316796446,0.0,0.0018577358176234,2024-07-01,0.9882417267918757,0.2822296232412679
0.1614314209852594,0.4482728502998265,0.3899584646913739,0.0,0.0003372640230974,2024-07-02,0.49777096431936824,-0.4904707624725075
0.130763006826906,0.8485394746793096,0.0203095645892009,0.0,0.0003879539044102,2024-07-03,0.7673227943981522,0.26955183007878397
0.0861625912141872,0.8052903468233118,0.1083679791456665,0.0,0.0001790828166376,2024-07-04,0.6902019844583261,-0.07712080993982606
0.2614259979819345,0.4361121238331058,0.3016176393773729,0.0,0.0008442388074528,2024-07-05,0.588847786379745,-0.10135419807858115
0.0712179842286948,0.8360368892579022,0.0926124228056052,0.0,0.0001327037076347,2024-07-08,0.6982987326551754,0.1094509462754304
0.6488205573735636,0.247169721542344,0.1027213238173877,0.0,0.0012883972664501,2024-07-09,0.8347132074369017,0.1364144747817263
0.0005459816830961,0.632794301482573,0.3650995464530469,0.0,0.0015601703815332,2024-07-10,0.47576577594763914,-0.35894743148926256
0.0203379416548083,0.9124865447838107,0.0670170815376595,0.0,0.0001584320237922,2024-07-11,0.7047662230521832,0.22900044710454404
0.3071163578019666,0.6905196844655117,0.001248925232884,0.0,0.001115032499839,2024-07-12,0.825452134151036,0.12068591109885285
0.1143969839390826,0.840833455828636,0.0445907764220432,0.0,0.0001787838106858,2024-07-15,0.7450935893348339,-0.08035854481620208
0.0912678384655323,0.8232728270019265,0.0852866564726128,0.0,0.0001726780597478,2024-07-16,0.7087915299408762,-0.0363020593939577
0.9959305192054072,3.564651173364003e-22,2.012769566920297e-05,0.0,0.0040493530986548,2024-07-18,0.9975502604448692,0.2887587305039929
5.096892926533788e-11,1.018999417130409e-71,0.9891815254908608,0.0,0.0108184744582154,2024-07-19,0.0043273898342550896,-0.9932228706106141
0.0065562795386762,0.9275386152224208,0.0633538489312448,0.0,0.0025512563080047,2024-07-22,0.7032307434786936,0.6989033536444386
1.4854957560375874e-07,0.6057084004933495,0.0014553592994481,0.0,0.3928360916577085,2024-07-23,0.6114158855826711,-0.0918148578960225
0.0065580952837839,0.9107225147983394,0.0814102218234077,0.0,0.0013091680947641,2024-07-24,0.6901236486204442,0.07870776303777305
0.2019163781252662,4.701499026461091e-11,0.7931123170125224,0.0,0.0049713048156235,2024-07-25,0.20390490008677684,-0.4862187485336673
0.9798912392552996,1.1012350961660808e-107,2.1775510135498016e-22,0.0,0.0201087607449034,2024-07-26,0.987934743553261,0.7840298434664842
0.0602666971555656,0.8261328675713601,0.1132226180995029,0.0,0.0003778171734218,2024-07-29,0.6800174747034544,-0.30791726884980664
0.0515167632662595,0.8882368057893326,0.060082970524666,0.0,0.0001634604199905,2024-07-30,0.7177597517762552,0.037742277072800756
0.1223164564077687,0.8463013629682256,0.0311842644544735,0.0,0.0001979161698921,2024-07-31,0.7571216451018946,0.03936189332563944
0.0853104625645628,0.8614211817663602,0.0526019737776661,0.0,0.0006663818912225,2024-08-01,0.7316429016458219,-0.025478743456072706
5.816612513713592e-05,0.824707192959346,0.0610355431376068,0.0,0.1141990977776448,2024-08-02,0.6642681999557045,-0.06737470169011739
2.7058671672712286e-25,1.222747848237268e-14,1.1441918797864454e-05,0.0,0.9999885580809617,2024-08-05,0.39999542323239384,-0.2642727767233107
4.934691066628875e-05,0.0010511931722428,0.086408895441368,0.0,0.9124905644753852,2024-08-06,0.36583396758000253,-0.034161455652391315
0.0507694431002779,0.9118910107608272,0.0002091188511976,0.0,0.0371304272880456,2024-08-07,0.7495398720861166,0.3837059045061141
0.0003543159783091,0.0972334912104578,0.8956773942733158,0.0,0.0067347985380721,2024-08-08,0.07597335380138129,-0.6735665182847353
0.1129313400173889,0.8819544945306179,0.0035476945664305,0.0,0.0015664708858188,2024-08-09,0.7750237992696799,0.6990504454682986
0.0039521199184096,0.93574285048202,0.0601448075928256,0.0,0.0001602220065244,2024-08-12,0.7058233465825343,-0.06920045268714559
6.3538533066921895e-06,1.944485801754142e-19,0.9982257995215787,0.0,0.0017678466251463,2024-08-13,0.0007134925033652123,-0.7051098540791692
0.0540711535122761,0.8620736904015142,0.0835753417785776,0.0,0.0002798143078496,2024-08-14,0.7007383470365516,0.7000248545331864
0.9665093019331834,9.347262234812362e-07,3.2895501429591885e-10,0.0,0.0334897630118183,2024-08-16,0.9799059081825784,0.2791675611460268
0.0892504453570472,0.8585457129494685,0.0519497261987192,0.0,0.0002541154944235,2024-08-19,0.7332613762669179,-0.2466445319156605
0.0994988422867817,0.8833508229841311,0.0170217887160484,0.0,0.0001285460133295,2024-08-20,0.762063377930212,0.028802001663294052
0.4989470927366747,0.3462270163240596,0.1539612964814198,0.0,0.000864594458225,2024-08-21,0.7589631927630094,-0.0031001851672025627
0.0922802065160389,0.8424207548979944,0.0650993617422597,0.0,0.0001996768435312,2024-08-22,0.7241756434269471,-0.03478754933606232
0.0715106273596183,0.852175991416306,0.0761788222026724,0.0,0.0001345590218529,2024-08-23,0.710696444530589,-0.013479198896358069
0.829477038302807,0.1622611110610672,0.0071600683194343,0.0,0.0011017823169777,2024-08-26,0.9516135845253983,0.24091713999480935
0.0806127441052469,0.8538821239778456,0.0654071767172062,0.0,9.7955199378195e-05,2024-08-27,0.7210635191683824,-0.23055006535701594
0.0589653024093752,0.884597338112252,0.0563359190867992,0.0,0.0001014403914922,2024-08-28,0.7224538821501612,0.0013903629817787477
0.735356998907972,0.1890169381596876,0.0746025752663389,0.0,0.0010234876660564,2024-08-29,0.8775290975941603,0.15507521544399916
0.0981143249595112,0.8559572538577539,0.0457693731732794,0.0,0.0001590480094737,2024-08-30,0.7401458845566161,-0.1373832130375442
0.0860074417411762,0.8511516136541615,0.0626326747984019,0.0,0.0002082698059613,2024-09-02,0.7244544599041818,-0.015691424652434338
0.0418588413378049,0.8737479003187804,0.0843103441890953,0.0,8.291415396638382e-05,2024-09-03,0.6972029322384767,-0.027251527665705044
0.0373129806230765,0.0009924833299022,0.9608838798697824,0.0,0.0008106561773695,2024-09-04,0.03838160559145095,-0.6588213266470258
0.062879972343201,0.0324344978961801,0.9041000610027666,0.0,0.0005854687578665,2024-09-05,0.08744003326848268,0.04905842767703173
4.535496308080647e-09,2.9506799150180986e-14,0.9973881493463572,0.0,0.0026118461182378,2024-09-06,0.0010447429828135582,-0.08639529028566913
0.4587071426769455,0.4482796374769338,0.0920065116809079,0.0,0.0010067081647758,2024-09-09,0.7953195540505562,0.7942748110677427
0.0381916790655943,0.9515475344842592,0.0101379772892911,0.0,0.0001228091611994,2024-09-10,0.7519014535932684,-0.04341810045728778
0.00502275853229,0.3675930004055209,0.6246199918017085,0.0,0.002764249260706,2024-09-11,0.28182320854071313,-0.4700782450525553
0.8965390139396124,1.845986347539417e-25,6.247342776813231e-17,0.0,0.1034609860600543,2024-09-12,0.9379234083636342,0.656100199822921
0.0466022271810366,0.8602356093274839,0.092426329254884,0.0,0.0007358342369831,2024-09-13,0.6920732678714427,-0.24585014049219145
0.0778724309461658,0.8523798694548268,0.0695694801492571,0.0,0.0001782194498733,2024-09-16,0.7172286208172353,0.02515535294579252
0.0989971342624295,0.8201317068684938,0.0806246374527461,0.0,0.0002465214161334,2024-09-17,0.7141945229802532,-0.0030340978369820526
0.0196011538761611,0.8970489571942328,0.0831491008519781,0.0,0.0002007880776062,2024-09-18,0.6924681870028782,-0.021726335977375055
0.0223298208372919,0.950765332475244,0.0267549858962724,0.0,0.0001498607910925,2024-09-19,0.7354637645101618,0.04299557750728367
0.9816825927458848,7.055861866742118e-13,1.2416590401920864e-10,0.0,0.0183174071289557,2024-09-20,0.9890095555979963,0.2535457910878345
0.1941908661226145,0.7894073743610445,0.0160430941279525,0.0,0.0003586653883593,2024-09-23,0.7863898630487416,-0.20261969254925472
0.0610137813054074,0.858134280776734,0.0807442754639161,0.0,0.0001076624538817,2024-09-24,0.7046575568695106,-0.081732306179231
0.5230027330717831,0.2704729413051221,0.2059621432110842,0.0,0.0005621824121432,2024-09-25,0.726082312015482,0.02142475514597142
0.999022971008421,5.3898932636399905e-17,4.564813968639903e-05,0.0,0.0009313808521204,2024-09-26,0.9993955233492692,0.27331321133378716
0.0328896246049839,0.8583059631694546,0.1087617861319726,0.0,4.2626093308429154e-05,2024-09-27,0.6766361474193983,-0.3227593759298709
4.4913956891802006e-10,3.7969514886213153e-19,0.9939482245217156,0.0,0.0060517750287064,2024-09-30,0.0024207104606221294,-0.6742154369587762
0.0121390262710905,0.8628993663414598,0.1188058865164443,0.0,0.0061557208712974,2024-10-01,0.6617758393757043,0.6593551289150822
1.2059030383966474e-16,9.64521009488003e-08,0.0018226864311274,0.0,0.9981772171167516,2024-10-03,0.3992709591857765,-0.2625048801899278
9.903051650850208e-12,0.0081692901804837,0.0084492959576178,0.0,0.9833814138517808,2024-10-04,0.3994795331859782,0.00020857400020168892
6.654076376458583e-09,1.4537162147592876e-18,0.7323192643812613,0.0,0.2676807289642285,2024-10-07,0.10707229823976779,-0.2924072349462104
0.9766193064247618,1.3630679867759488e-05,0.0001141777562127,0.0,0.0232528851395476,2024-10-08,0.9859306834904816,0.8788583852507138
0.0025840882034232,0.9667388759140336,0.0304234925713863,0.0,0.0002535433112641,2024-10-09,0.727739662463454,-0.2581910210270276
0.055658888471496,0.878762158170565,0.065434006941718,0.0,0.00014494641639,2024-10-10,0.7147884856659757,-0.012951176797478259
0.0498477636829391,0.8580382198143192,0.0919940224003046,0.0,0.0001199941022526,2024-10-11,0.6934244261845794,-0.021364059481396303
0.9402245986247456,0.0273688513946946,0.0314348296220626,0.0,0.0009717203581075,2024-10-14,0.9611399253140096,0.26771549912943016
0.0584297584066416,0.0302493150799903,0.9107457963182084,0.0,0.0005751301952402,2024-10-15,0.0813467967947304,-0.8797931285192792
0.0070366913367681,0.8606519255514232,0.1321869996751504,0.0,0.0001243834362767,2024-10-16,0.6525753888748461,0.5712285920801157
3.743646663311792e-08,1.5028153470928114e-49,0.9949984246154492,0.0,0.0050015379481718,2024-10-17,0.0020006526157353532,-0.6505747362591108
0.9274360318490849,0.0004474606420018,0.0650941364686241,0.0,0.0070223710400143,2024-10-18,0.9305805757465919,0.9285799231308566
0.0056245206692049,0.0005259317580676,0.992877125082827,0.0,0.0009724224896588,2024-10-21,0.00640793848361912,-0.9241726372629728
1.0967848862640345e-12,1.5890233751142697e-39,0.9950532618454768,0.0,0.0049467381534516,2024-10-22,0.001978695262477425,-0.004429243221141695
0.007914256258592,0.9184051929569692,0.0734652219302149,0.0,0.0002153288541733,2024-10-23,0.6968042825179882,0.6948255872555108
0.028828869032829,0.8527944801102683,0.1182777835041036,0.0,9.886735286242156e-05,2024-10-24,0.6684642760566751,-0.028340006461313072
1.838990937420029e-07,3.7570190802974194e-13,0.9967264811471992,0.0,0.0032733349532166,2024-10-25,0.0013095178806621585,-0.667154758176013
0.0080046913694678,0.9879166350515308,0.0002441534888042,0.0,0.0038345200897533,2024-10-28,0.7504759756940172,0.7491664578133551
0.0425604086974331,0.9520106170352672,0.0019605138506424,0.0,0.0034684604170873,2024-10-29,0.7579557556407184,0.007479779946701126
0.0030330935752661,0.8751521866403089,0.1216523682930132,0.0,0.0001623514915638,2024-10-30,0.6594621741521234,-0.098493581488595
0.0030061405509936,1.2272192133593774e-05,0.9957136058009431,0.0,0.0012679814563192,2024-10-31,0.0035225372776214754,-0.6559396368745019
0.0852921766567977,0.8407868786536099,0.0735322495291839,0.0,0.0003886951603063,2024-11-01,0.7160378137111276,0.7125152764335061
9.966774880855897e-14,4.9198165686244885e-25,0.9734848728536014,0.0,0.0265151271466068,2024-11-04,0.010606050858742389,-0.7054317628523852
0.9881032180451966,3.0657688456201197e-31,1.1515408175324553e-07,0.0,0.0118966668004849,2024-11-05,0.9928618847653906,0.9822558339066483
0.989557406301344,0.0046523069769027,7.780203376896746e-06,0.0,0.0057825065182211,2024-11-06,0.9953596391413094,0.0024977543759188148
1.4979414875408858e-10,7.596726790444054e-52,0.9962695588718072,0.0,0.003730440978397,2024-11-07,0.0014921765411529486,-0.9938674626001565
0.0084673736887673,0.9054033653639584,0.0859105987731911,0.0,0.0002186621742116,2024-11-08,0.6876073625814207,0.6861151860402678
0.0005159827954803,0.9771729723945106,0.0217393350833888,0.0,0.000571709726319,2024-11-11,0.7336243959818908,0.04601703340047003
6.995128626692337e-12,9.553994030212055e-64,0.9954132565697088,0.0,0.0045867434236559,2024-11-12,0.0018346973764574888,-0.7317896986054333
1.9564692284525072e-11,1.0137836822158503e-24,0.9952243047083844,0.0,0.0047756952718346,2024-11-13,0.0019102781282985325,7.558075184104364e-05
0.014091990547449,0.8687960075541412,0.1169910637864822,0.0,0.0001209381120147,2024-11-14,0.6657373714578608,0.6638270933295622
0.0088933110605527,0.0022039930211063,0.9870089816916456,0.0,0.0018937142266713,2024-11-18,0.011303791517050943,-0.6544335799408099
0.0028710768319872,0.987706400877722,0.0084504353633169,0.0,0.0009720869267335,2024-11-19,0.7440397122609721,0.7327359207439211
0.0003233798335231,0.008022547140807,0.9813165503516316,0.0,0.0103375226741978,2024-11-21,0.010475299258807469,-0.7335644130021646
0.7643696690917854,2.6187736522750035e-124,7.693810105692366e-36,0.0,0.2356303309078384,2024-11-22,0.8586218014549207,0.8481465021961132
0.0784586913510419,0.910375832056958,3.3733860803663e-05,0.0,0.0111317427308461,2024-11-25,0.7656932624860988,-0.09292853896882192
0.1229197270364408,0.0001811020063971,0.8737370281539039,0.0,0.003162142803698,2024-11-26,0.12432041066271782,-0.641372851823381
0.0360653804145065,0.9423899210356228,0.021451614656571,0.0,9.308389333832732e-05,2024-11-27,0.7428950547485589,0.6185746440858411
1.7137386725362023e-16,1.5364679439693895e-53,0.994063541154702,0.0,0.0059364588452913,2024-11-28,0.0023745835381166914,-0.7405204712104422
0.9984834077149176,1.1367019752373769e-15,1.153698239030781e-05,0.0,0.0015050553029953,2024-11-29,0.9990854298361166,0.9967108462979999
0.3272648136938071,0.6687657922499545,0.0031703020371008,0.0,0.0007990920189244,2024-12-02,0.8291587946888427,-0.1699266351472739
0.220254120356963,0.7770863681213206,0.0022788737500412,0.0,0.0003806377714817,2024-12-03,0.803221151556546,-0.02593764313229663
0.0084767488448162,0.9294848744933688,0.0578105958832348,0.0,0.0042277807782899,2024-12-04,0.7072815170261587,-0.09593963453038734
6.060981656568844e-06,0.0452763361264349,2.047872921395072e-09,0.0,0.9547176008442848,2024-12-05,0.4158503534141967,-0.29143116361196203
0.0187747978492198,0.9446782700452304,0.0329588338834345,0.0,0.0035880982225316,2024-12-06,0.7287187396721553,0.3128683862579586
0.0391458410639759,0.8609526609167925,0.0996373906675914,0.0,0.0002641073512136,2024-12-09,0.6849659796920556,-0.04375275998009964
0.0322650413478621,0.9029044232142246,0.0646977001995057,0.0,0.000132835238793,2024-12-10,0.7094964928540478,0.024530513161992173
0.0807123781036649,0.8509504748248555,0.0681311560960414,0.0,0.0002059909756669,2024-12-11,0.7190076306125733,0.009511137758525523
0.0034857910492463,0.8857131897504255,0.1058127001656045,0.0,0.0049883190347397,2024-12-12,0.6697660109759612,-0.04924161963661211
2.1730942563119605e-06,1.0214751358314103e-05,3.0402942584658705e-10,0.0,0.9999876118503104,2024-12-13,0.4000048788978992,-0.269761132078062
0.0041147518731633,0.8894702628100073,0.1020966821281418,0.0,0.0043183031887855,2024-12-16,0.672944770256183,0.27293989135828384
3.1689963468083917e-10,1.7217133538684123e-24,0.9960456049033564,0.0,0.0039543947797055,2024-12-17,0.0015817582287818348,-0.6713630120274012
0.0009902126715895,0.7060394896158929,0.2920983437861164,0.0,0.0008719539267401,2024-12-18,0.5308686114542053,0.5292868532254235
0.0008778942741051,0.8116785473254741,0.1799014630154673,0.0,0.0075420953846551,2024-12-19,0.6126536429220727,0.08178503146786742
3.3138569479055663e-18,2.197848171053899e-49,0.9460881763174412,0.0,0.0539118236827919,2024-12-20,0.021564729473116762,-0.591088913448956
0.088079282594846,0.9071399132098016,0.0034979769548953,0.0,0.001282827240093,2024-12-23,0.7689473483982344,0.7473826189251177
0.0193077317142011,0.9156626918680948,0.0648812316053091,0.0,0.0001483448126234,2024-12-24,0.7061140885403215,-0.06283325985791288
0.0314604422823396,0.922531525825973,0.0458181335149097,0.0,0.0001898983767785,2024-12-26,0.7234350460025306,0.017320957462209075
0.0643449230868226,0.878738978119414,0.0568217798036618,0.0,9.431899051852652e-05,2024-12-27,0.7234368842725906,1.8382700599506308e-06
5.466251321156628e-05,0.0249377953941865,0.9706660469659693,0.0,0.0043414951268676,2024-12-30,0.020494607109598485,-0.7029422771629921
0.0145890814427323,0.9293594949273924,0.0558168298117715,0.0,0.0002345938180177,2024-12-31,0.7117025401654837,0.6912079330558852
0.0675360345000825,0.9228998031451886,0.0092003945867949,0.0,0.0003637677681464,2025-01-01,0.7598563939662325,0.04815385380074877
0.9918371330068378,5.314416930501017e-88,5.0769921970667225e-23,0.0,0.0081628669927411,2025-01-02,0.9951022798039343,0.23524588583770178
2.451993343254773e-05,2.4552917736899457e-19,0.9972066768227272,0.0,0.0027688032438394,2025-01-03,0.0011320412309683077,-0.993970238572966
2.1842943395983867e-21,1.1034129655336226e-89,0.9398176131729108,0.0,0.0601823868270016,2025-01-06,0.02407295473080064,0.022940913499832332
0.0895541044097368,0.8817500415737273,0.0282282130588864,0.0,0.0004676409573342,2025-01-07,0.7510536919729659,0.7269807372421653
0.0031490040864748,0.9482722358330408,0.0484681235373241,0.0,0.0001106365428324,2025-01-08,0.7143974355783883,-0.03665625639457759
0.0004977519047537,1.0960902112522647e-08,0.9983672018922208,0.0,0.0011350352419239,2025-01-09,0.0009517742221998444,-0.7134456613561885
0.0032132152406986,0.3296314685230691,0.6623972359808431,0.0,0.0047580802552287,2025-01-10,0.2523400487350919,0.2513882745128921
1.1821939304979573e-07,0.5588369628292984,0.3143637237891026,0.0,0.1267991951621665,2025-01-13,0.46984751840623346,0.21750746967114154
0.1057556225777355,0.8596300140919206,0.0337461753846252,0.0,0.000868187945916,2025-01-14,0.7508254083250424,0.28097788991880895
0.0576760731102923,0.8990212520289053,0.043182702186259,0.0,0.0001199726744477,2025-01-15,0.7319900012017504,-0.018835407123292014
0.1716987656762721,0.794977992966514,0.0330493366093163,0.0,0.0002739047476993,2025-01-16,0.7680418223002373,0.036051821098486925
0.0037375893201314,0.8766993842970844,0.1193076532509569,0.0,0.0002553731320422,2025-01-17,0.6613642767957616,-0.10667754550447572
0.0435809953798791,0.9516094841899014,0.004093347011113,0.0,0.000716173418708,2025-01-20,0.7575745778897884,0.09621030109402684
2.461123790212441e-17,4.914065214385461e-106,0.9226564897795098,0.0,0.0773435102201196,2025-01-21,0.030937404088047862,-0.7266371738017405
0.0833673735075826,0.9091825243262536,0.0068512606729379,0.0,0.0005988414930972,2025-01-22,0.7654938033495117,0.7345563992614638
0.0663794074091067,0.8971046306019522,0.0363587833831964,0.0,0.0001571786057533,2025-01-23,0.7392707518028722,-0.02622305154663951
0.0001139162927966,0.8669037171973538,0.1320955660058481,0.0,0.0008868005036838,2025-01-24,0.6506464243922855,-0.08862432741058668
5.53959275407858e-05,0.257330959711007,0.7294169770992772,0.0,0.0131966672617233,2025-01-27,0.19833228261548536,-0.4523141417768001
0.0219556980691014,0.9746524683299678,0.002514034445707,0.0,0.00087779915521,2025-01-28,0.7532961689786613,0.5549638863631758
0.9980830945510883,0.0003301594272598,0.0003643958664004,0.0,0.0012223501556651,2025-01-29,0.9988196541837993,0.245523485205138
0.0991770722795675,0.8863944978085189,0.0143944150796,0.0,3.401483224450612e-05,2025-01-30,0.7639865515688544,-0.23483310261494483
0.9988583772573296,1.5945843446572833e-18,1.7671158268568105e-07,0.0,0.0011414460315344,2025-01-31,0.9993149556699433,0.2353284041010889
0.0006650410732177,0.9796875065267252,0.0193299549257651,0.0,0.000317497474498,2025-02-01,0.7355576699580608,-0.2637572857118825
0.0062509041324996,0.896914186975383,0.0966377047998677,0.0,0.0001972040918405,2025-02-03,0.6790154260007731,-0.056542243957287686
0.9958369128333028,3.795629811754004e-14,4.5669503033972437e-11,0.0,0.0041630871213593,2025-02-04,0.997502147681875,0.3184867216811018
0.1022798124393613,0.000541519947884,0.8966472242797291,0.0,0.0005314433327161,2025-02-05,0.10289852973336074,-0.8946036179485142
0.0061905361878423,1.9469443638650699e-07,0.9926015964907734,0.0,0.0012076726272356,2025-02-06,0.00667375125956383,-0.0962247784737969
0.0028373016911678,0.8873062290895748,0.1097244013316006,0.0,0.0001320678878363,2025-02-07,0.6683698006634835,0.6616960494039197
6.152050108891413e-05,5.78916068393363e-06,0.9992900064527116,0.0,0.0006426838851641,2025-02-10,0.00032293592566750434,-0.668046864737816
2.4145306400239773e-13,5.052417895118477e-43,0.9945781591809209,0.0,0.0054218408192576,2025-02-11,0.0021687363279444933,0.001845800402276989
0.0002372348248206,0.9599906018318584,0.0323133298333764,0.0,0.0074588335102292,2025-02-12,0.723213719602806,0.7210449832748616
0.0045011368493665,0.9395229661434208,0.0557242123071914,0.0,0.000251684699883,2025-02-13,0.7092440353368853,-0.013969684265920712
0.0001113933077327,0.0346481198586985,0.9553719694491176,0.0,0.0098685173845617,2025-02-14,0.030044890155581254,-0.6791991451813041
0.4621617737689776,0.0077224466409965,0.5232778504285226,0.0,0.0068379291615138,2025-02-17,0.4706887804143305,0.4406438902587492
0.0225666352728173,0.9061692293126474,0.0710582720943069,0.0,0.0002058633198371,2025-02-18,0.7022759025852378,0.23158712217090727
0.0070929162686317,0.927503837280471,0.0652922735012011,0.0,0.0001109729494806,2025-02-19,0.7027651834087772,0.0004892808235394952
0.2304151959300766,0.0049323313735173,0.7623410783595793,0.0,0.002311394337105,2025-02-20,0.23503900219505658,-0.46772618121372067
0.0020451147726149,0.8854290870770971,0.1122020325194255,0.0,0.0003237656309462,2025-02-21,0.6662464363328163,0.43120743413775975
0.0004659027730286,0.939555001583666,0.0573598484842489,0.0,0.0026192471594741,2025-02-24,0.7061798528245677,0.03993341649175142
0.0507114061754863,0.8762954778751222,0.0728283973350766,0.0,0.0001647186143444,2025-02-25,0.7079989020275657,0.0018190492029979133
0.0404209222707191,0.8660445218855234,0.0933122387207685,0.0,0.0002223171232866,2025-02-27,0.6900432405341763,-0.01795566149338934
1.1703173546155677e-18,2.2159261843684586e-72,0.9650710151371876,0.0,0.0349289848630673,2025-02-28,0.013971593945226924,-0.6760716465889494
0.0027648152944794,0.9543820370844588,0.0425963737260245,0.0,0.0002567738946132,2025-03-03,0.7186540526656687,0.7046824587204418
0.1183890719516172,0.0007272429179475,0.8798405374098168,0.0,0.0010431477201982,2025-03-04,0.1193517632281571,-0.5993022894375116
0.9972015605050206,1.0250360778369748e-35,6.729444312772277e-10,0.0,0.0027984388224844,2025-03-05,0.9983209360340144,0.8789691728058573
0.0225413737193312,0.9759482633343836,3.188818810594755e-05,0.0,0.0014784747579368,2025-03-06,0.7550939611232936,-0.24322697491072076
0.0306933115885908,0.9193406937357752,0.049831294564318,0.0,0.0001347001110491,2025-03-07,0.7202527119348419,-0.03484124918845177
0.0006931435988395,0.909844067459848,0.0892356251202676,0.0,0.0002271638206561,2025-03-10,0.683167059721988,-0.03708565221285387
0.6880422842253352,1.1064027952690223e-06,0.3084493650207677,0.0,0.0035072443512208,2025-03-11,0.68944601176792,0.006278952045931985
0.0021639137994825,0.9538300578670292,0.0439362409985056,0.0,6.978733478070532e-05,2025-03-12,0.7175643721336668,0.028118360365746775
0.0151094144697821,7.722361740833264e-09,0.9839391534752836,0.0,0.0009514243321625,2025-03-13,0.015489989994418406,-0.7020743821392483
0.9844430449508166,1.5244708371731212e-06,0.0142959685148283,0.0,0.0012594620631377,2025-03-17,0.9849479731291995,0.969457983134781
0.9987736038996988,4.07877633282778e-08,2.3586838000649373e-08,0.0,0.0012263317257011,2025-03-18,0.9992641671808018,0.014316194051602338
0.0770850358281849,0.9000700910069798,0.0228190255449126,0.0,2.584761986542024e-05,2025-03-19,0.7521479431313659,-0.2471162240494359
0.9986327455661176,2.8725780117389114e-05,2.856966804025017e-06,0.0,0.0013356716870464,2025-03-20,0.9991885585760242,0.24704061544465827
0.9990170175546051,5.698376635182513e-08,0.0004878345364088,0.0,0.0004950909252236,2025-03-21,0.9992150966625193,2.6538086495109248e-05
0.9782746151841036,0.0192240562920985,1.5621140479417931e-06,0.0,0.0024997664096548,2025-03-24,0.9936925639670394,-0.005522532695479865
0.0043089159869089,0.9735551334645844,0.0220974104509048,0.0,3.854009793999487e-05,2025-03-25,0.7344906821245232,-0.25920188184251625
6.427101349327469e-06,7.086934648929399e-17,0.9992366418941034,0.0,0.000756931004417,2025-03-26,0.0003091995031161807,-0.734181482621407
0.968750822427038,2.2883372843013395e-05,0.0289632883529876,0.0,0.0022630058475365,2025-03-27,0.9696731872956849,0.9693639877925687
0.0038860173877909,0.8865582776107839,0.108676294875717,0.0,0.0008794101253054,2025-03-28,0.6691564896460009,-0.3005166976496839
6.167029004875649e-12,0.0018082610680093,0.582319291066568,0.0,0.4158724478595662,2025-04-01,0.16770517495100049,-0.5014513146950005
0.9798659416421218,1.8464685057048416e-05,0.0031118419629698,0.0,0.0170037517096057,2025-04-02,0.986681290839757,0.8189761158887565
0.0296152430981326,0.2299594003394189,0.7374163829292039,0.0,0.0030089736335257,2025-04-03,0.20328838280610706,-0.7833929080336499
3.352846361020146e-14,5.965951015228857e-41,0.9043391543572524,0.0,0.0956608456430382,2025-04-04,0.038264338257248814,-0.16502404454885825
3.217902909504732e-44,2.8343886089156025e-88,1.5139072894897612e-05,0.0,0.9999848609268162,2025-04-07,0.3999939443707265,0.3617296061134777
1.3753675413130323e-05,0.002940430120482,2.4588860618842824e-13,0.0,0.9970458162034316,2025-04-08,0.4010374027471473,0.0010434583764207805
0.0016661137983663,0.7087642720153169,0.04996330461282,0.0,0.2396063095733782,2025-04-09,0.6290818416392053,0.22804443889205805
0.1903733532673056,0.0003917638672384,9.606280222666896e-10,0.0,0.8092348819048704,2025-04-11,0.5143611289296826,-0.11472071270952278
0.0042381409887266,0.1633737830099735,4.6252853747562394e-09,0.0,0.8323880713762906,2025-04-15,0.4597237067967229,-0.054637422132959634
0.1659481379466741,0.768923651738375,0.0139230963302824,0.0,0.0512051139847156,2025-04-16,0.7631229223443415,0.3033992155476186
0.8038605877874835,7.295753310282769e-83,3.607496953760796e-23,0.0,0.1961394122126662,2025-04-17,0.8823163526725499,0.1191934303282084
0.9784733230677092,6.976183363222777e-06,2.0044697744589338e-06,0.0,0.0215176962789715,2025-04-21,0.9870856337168202,0.1047692810442703
0.05888485856788,0.90837925440579,0.0325892168916828,0.0,0.0001466701349854,2025-04-22,0.7402279674262167,-0.24685766629060357
0.0718647989872617,0.9246078327501228,0.0029713447608026,0.0,0.0005560235019789,2025-04-23,0.7655430829506453,0.025315115524428666
0.0115721817845101,0.8813165494572477,0.1049399349053138,0.0,0.0021713338530499,2025-04-24,0.6734281274186659,-0.09211495553197946
4.080174821298899e-10,6.097724304122018e-07,0.6269082623529494,0.0,0.3730911274662616,2025-04-25,0.14923690872384493,-0.524191218694821
0.9706767530440016,2.6655838829030143e-34,1.2156891057513844e-09,0.0,0.0293232457402951,2025-04-28,0.9824060513401196,0.8331691426162746
0.0372636428092393,0.9230382731782368,0.0395559223150039,0.0,0.0001421616973891,2025-04-29,0.7295992123718725,-0.25280683896824707
0.0312030758885034,0.8991535721596176,0.0694015512978299,0.0,0.000241800653856,2025-04-30,0.7056649752697589,-0.02393423710211362
0.0007113054646633,0.9861373370950512,0.011205019615411,0.0,0.0019463378244618,2025-05-02,0.7410928434157364,0.03542786814597754
0.0713822759117872,0.903087252022584,0.0254498923979456,0.0,8.057966778797645e-05,2025-05-05,0.7487299467958405,0.007637103380104038
0.0295120687581359,0.0075668478127287,0.962294862815762,0.0,0.0006262206130229,2025-05-06,0.035437692862891584,-0.7132922539329489
0.4892208740036253,1.0621918088763559e-10,0.5070019746871579,0.0,0.0037771512031899,2025-05-07,0.49073173456456565,0.4552940417016741
0.0004359478096265,0.0112817837011671,0.9825995181272072,0.0,0.0056827503619959,2025-05-08,0.011170385730300186,-0.4795613488342655
1.16902833526686e-05,0.7897421271008288,0.1169178588756258,0.0,0.0933283237398109,2025-05-09,0.6296496151048986,0.6184792293745984
0.0094690885844698,6.7276801112426e-157,2.297882650065553e-61,0.0,0.9905309114158248,2025-05-12,0.4056814531507998,-0.2239681619540988
1.7074521912124201e-12,2.297348438118332e-22,0.609239944612779,0.0,0.3907600553853429,2025-05-13,0.15630402215584463,-0.24937743099495516
0.0086558359716339,0.9323670608688768,0.0117375817775378,0.0,0.0472395213821101,2025-05-14,0.7268269401761355,0.5705229180202909
0.0029412422504381,8.904460335722098e-23,2.696178082260137e-17,0.0,0.9970587577499366,2025-05-15,0.4017647453504128,-0.3250621948257227
0.018413556049999,0.9454474740515696,0.0317928592869919,0.0,0.0043461106110126,2025-05-16,0.7292376058330812,0.3274728604826684
0.0122134699505209,0.8720913844381727,0.1155540847849109,0.0,0.0001410608266056,2025-05-19,0.6663384326097926,-0.06289917322328853
2.3178038002825976e-10,8.363011820982509e-63,0.9878333630177166,0.0,0.0121666367500765,2025-05-20,0.004866654931810981,-0.6614717776779817
0.0342503093061647,0.9610104535112028,0.0044338498290986,0.0,0.0003053873534123,2025-05-21,0.7551303043809318,0.7502636494491208
0.0001223342902732,0.4050793544590625,0.5932789067995804,0.0,0.0015194044512432,2025-05-22,0.30453961191506734,-0.4505906924658644
0.9985837943799843,4.974315025812983e-13,3.479955530483288e-06,0.0,0.0014127256638428,2025-05-23,0.9991488846458945,0.6946092727308271
0.1594332537756533,0.8342562480700343,0.006229806918164,0.0,8.069123580925296e-05,2025-05-26,0.7851577163225028,-0.2139911683233917
1.2160909894796183e-05,0.6513035408216259,0.3443738554917117,0.0,0.0043104427766298,2025-05-27,0.49021399363676615,-0.2949437226857366
0.0551936387259407,0.5715817548727294,0.3723889656909405,0.0,0.0008356407103939,2025-05-28,0.48421421116464536,-0.005999782472120796
0.0586564632054664,0.9152785910644796,0.0257912728372606,0.0,0.0002736728931235,2025-05-29,0.7452248756610754,0.26101066449643007
0.0160730721228213,0.8820102190449252,0.1017181958894948,0.0,0.0001985129431995,2025-05-30,0.677660141583795,-0.06756473407728047
0.0063311214074311,0.9154894212795752,0.0780851952922691,0.0,9.426202046856077e-05,2025-06-02,0.6929858921752999,0.015325750591504983
4.322318278104398e-06,2.1090598175154117e-17,0.9980464498944152,0.0,0.0019492277872579,2025-06-03,0.0007840134331812802,-0.6922018787421187
0.1166122428435591,0.8337484461652815,0.049377281645952,0.0,0.0002620293451651,2025-06-04,0.7420283892055863,0.7412443757724051
0.0235590462934563,0.973960737670041,0.0022052433986993,0.0,0.0002749726379409,2025-06-05,0.7541395886011634,0.012111199395577033
0.9973348338657876,4.5689217269457504e-17,2.852361499520396e-07,0.0,0.0026648808983059,2025-06-06,0.99840078622511,0.2442611976239466
0.1481872694341724,0.8106377566800219,0.041041211671592,0.0,0.0001337622141306,2025-06-09,0.756219091829841,-0.24218169439526893
0.2114421774458824,0.4508603426477071,0.3370172273413205,0.0,0.0006802525652791,2025-06-10,0.5498595354577743,-0.2063595563720667
0.0567134103095441,0.8619944074385044,0.081222635109013,0.0,6.954714300645374e-05,2025-06-11,0.703237034745625,0.15337749928785072
4.988891381315495e-09,1.2382379444165147e-25,0.999277429368181,0.0,0.0007225656427557,2025-06-12,0.00028903124599366135,-0.7029480034996314
7.081276011852872e-06,1.1536865351545036e-30,0.998378354105796,0.0,0.0016145646186025,2025-06-13,0.0006529071234528529,0.0003638758774591915
0.9990728779519432,5.752262865693371e-18,1.200086421203594e-05,0.0,0.0009151211840872,2025-06-16,0.9994389264255781,0.9987860193021252
0.0403823500535295,0.0013031611243752,0.9576678982591316,0.0,0.0006465905629208,2025-06-17,0.04161835712197922,-0.9578205693035988
0.0174235607487233,0.8817132035713812,0.1006385186858616,0.0,0.0002247169941948,2025-06-18,0.6787983502249372,0.6371799931029579
0.0542786536494121,0.8486978661704725,0.0968806011817233,0.0,0.000142878998539,2025-06-19,0.690859204876682,0.012060854651744779
0.9933090322372632,6.020984800556843e-66,6.096132690190687e-13,0.0,0.0066909677620408,2025-06-20,0.9959854193420795,0.30512621446539756
0.0016499644648536,0.9205493325457024,0.0775371437888148,0.0,0.0002635592009773,2025-06-23,0.6921673875545212,-0.3038180317875583
0.09176063874608,0.8679142132522292,0.0384607540209952,0.0,0.0018643939810255,2025-06-24,0.7434420562776621,0.051274668723140904
0.7995941888231267,0.1907604568236153,0.008616330390209,0.0,0.0010290239628513,2025-06-25,0.9430761410259787,0.19963408474831656
0.9984287197998234,5.304987011004081e-46,2.0060589910588903e-10,0.0,0.0015712799994837,2025-06-26,0.9990572317996169,0.05598109077363822
0.0672492400813726,0.9061026335554448,0.0266250990928448,0.0,2.302727052670211e-05,2025-06-27,0.7468354261561669,-0.25222180564345
0.0084259585703499,3.642587989291673e-05,0.9903112195833484,0.0,0.0012263959664874,2025-06-30,0.008943836366864548,-0.7378915897893024
0.0660162824801263,0.8139968278667113,0.1198584381901122,0.0,0.0001284514626557,2025-07-01,0.676565283965222,0.6676214475983574
0.0189289260257214,0.043384444101326,0.9366618614627552,0.0,0.0010247684100511,2025-07-02,0.05187716646573634,-0.6246881174994856
0.0318250521244844,0.686906177526507,0.2808462857763981,0.0,0.0004224845721588,2025-07-03,0.5471736790982281,0.49529651263249175
0.0788174121298356,0.8708617511728916,0.0501675613478622,0.0,0.0001532753492003,2025-07-04,0.7320250356491844,0.1848513565509563
0.0724537167623665,0.8323457983716626,0.0950500317133286,0.0,0.0001504531529567,2025-07-07,0.696773246802296,-0.0352517888468884
0.6439694850510149,0.0781061111496146,0.2762630945834725,0.0,0.0016613092154828,2025-07-08,0.7032135920994189,0.006440345297122896
0.0235605003739174,0.8916952181949771,0.0846983072224723,0.0,4.597420900052413e-05,2025-07-09,0.6923503037037505,-0.010863288395668413
0.0033729384260036,4.061663890439808e-10,0.9954127881936794,0.0,0.001214272974414,2025-07-10,0.0038586479203939917,-0.6884916557833565
0.0017145510431857,0.323936011784722,0.6718750855636219,0.0,0.0024743516084619,2025-07-11,0.24565630052511195,0.24179765260471794
0.0198629905104987,0.8531762231372371,0.1268299378396685,0.0,0.0001308485128403,2025-07-14,0.6597974972685626,0.4141411967434507
0.8461904988368117,0.081371788103255,0.071229615074581,0.0,0.0012080979855142,2025-07-15,0.9077025791084586,0.247905081839896
0.0484353903400595,0.8815959061598947,0.0699362030663951,0.0,3.250043357748912e-05,2025-07-16,0.7096453201334115,-0.1980572589750471
0.0144723519470605,6.860600209159591e-06,0.9846349178758446,0.0,0.0008858695765208,2025-07-17,0.01483184522782569,-0.6948134749055859
0.0027017842158465,0.0035409309706467,0.9924388798800428,0.0,0.001318404933635,2025-07-18,0.005884844417285526,-0.008947000810540165
0.0741641219637789,0.9148121469592616,0.0108816305345876,0.0,0.0001421005427251,2025-07-21,0.7603300724003151,0.7544452279830296
0.2010424370762152,0.0390226768041466,0.7585343006832177,0.0,0.0014005854365804,2025-07-22,0.23086967885395732,-0.5294603935463578
0.2095551109386252,0.7720981435039046,0.0181535778469081,0.0,0.0001931677102196,2025-07-23,0.7887059856506415,0.5578363067966843
0.0002568607241286,9.668574608956036e-12,0.9992881932006954,0.0,0.0004549460659545,2025-07-24,0.00043883915776183095,-0.7882671464928797
2.48324739188796e-05,1.2369343840692586e-13,0.997822764528937,0.0,0.0021524029972183,2025-07-25,0.0008857936728989698,0.00044695451513713884
0.0008482447773908,0.6587583338556758,0.3398524977405424,0.0,0.000540923626417,2025-07-28,0.4951333646197145,0.49424757094681554
0.995871450640206,6.581224131296925e-20,0.0009761618750939,0.0,0.003152387484289,2025-07-29,0.9971324056339216,0.501999041014207
0.0599847601760395,0.9011166519023858,0.0388526581932355,0.0,4.592972839729443e-05,2025-07-30,0.7358406209941877,-0.2612917846397339
0.0005147905180604,0.7454167158215994,0.2534675170538407,0.0,0.0006009766062372,2025-07-31,0.5598177180267548,-0.17602290296743284
6.867346421858336e-05,5.604419124138914e-07,0.9990862854390562,0.0,0.0008444806548751,2025-08-01,0.0004068860576029338,-0.5594108319691519
0.9845524380301296,0.002426049516823,0.0117074586245063,0.0,0.0013140538289772,2025-08-04,0.9868975966993377,0.9864907106417348
0.0220266101062252,0.8785933807058026,0.0993026559121866,0.0,7.735327571239611e-05,2025-08-05,0.6810025869458621,-0.3058950097534756
0.0241947116938508,0.8365234022046519,0.1390223331715036,0.0,0.0002595529295842,2025-08-06,0.6516910845191735,-0.029311502426688674
0.0291075763342615,0.8386791383159918,0.1316429082417824,0.0,0.0005703771082061,2025-08-07,0.6583450809145378,0.006653996395364348
1.0302888394104066e-05,4.816605688693684e-10,0.9989623501163648,0.0,0.0010273465134647,2025-08-08,0.0004212418550254107,-0.6579238390595123
0.9983246982645702,7.889223059437626e-21,6.043157388784914e-06,0.0,0.0016692585781293,2025-08-11,0.9989924016958218,0.9985711598407964
0.002127421954714,0.927496988069837,0.0702904757332474,0.0,8.511424249907084e-05,2025-08-12,0.6977842087040914,-0.3012081929917304
0.11010864143351,0.8717050655600364,0.0179732527465344,0.0,0.0002130402598741,2025-08-13,0.7639726567074868,0.0661884480033954
0.0721783527039236,0.8574862799327247,0.0701179388167746,0.0,0.0002174285464545,2025-08-14,0.715380034072049,-0.04859262263543784
0.1474691954935435,0.851266730773256,0.0008100183029908,0.0,0.0004540554304267,2025-08-18,0.7861008657456562,0.07072083167360721
0.5106465780799254,0.417337216183852,0.0713239323784746,0.0,0.0006922733580308,2025-08-19,0.8239263995610268,0.03782553381537057
0.166774412301885,0.7824277646288098,0.050616461825186,0.0,0.0001813612436787,2025-08-20,0.7536677802709638,-0.07025861929006294
0.0646854717800351,0.8417799806664922,0.0934286498837522,0.0,0.0001058976693922,2025-08-21,0.6960628163476611,-0.05760496392330272
1.5213560946754897e-05,4.7712129970343386e-18,0.9978949505052268,0.0,0.0020898359339936,2025-08-22,0.0008511479345441984,-0.6952116684131169
0.0802322431271303,0.8649029943283684,0.0547581041862942,0.0,0.0001066583581087,2025-08-25,0.72895215221665,0.7281010042821058
2.217512673412532e-06,1.6311705903635242e-14,0.9990262081137008,0.0,0.0009715743732926,2025-08-26,0.0003908472620026863,-0.7285613049546473
8.75593493278687e-06,1.8457129142631582e-20,0.9975349189561208,0.0,0.0024563251092766,2025-08-28,0.0009912859786434269,0.0006004387166407406
0.0135277079224772,0.8762148114933418,0.1101149162654789,0.0,0.0001425643182581,2025-08-29,0.6707458422697867,0.6697545562911433
0.9956310360042144,5.5162244129663165e-25,3.673704580583976e-05,0.0,0.0043322269500556,2025-09-01,0.9973639267842367,0.32661808451444996
0.0059243095580012,0.9482900763688602,0.0457176477831379,0.0,6.79662903882297e-05,2025-09-02,0.7171690533508016,-0.2801948734334351
0.210736913846963,0.7747798326929021,0.0129604307109771,0.0,0.0015228227490987,2025-09-03,0.7924309174662791,0.07526186411547753
0.5375370350827507,9.449587173161595e-34,0.3573642884084615,0.0,0.1050986765085337,2025-09-04,0.5795765056861643,-0.21285441178011488
0.0221972384714411,0.9360668923209402,0.041285273589813,0.0,0.0004505956182099,2025-09-05,0.7244276459594302,0.14485114027326595
0.0677528485692052,0.8752517756793164,0.0568498035247352,0.0,0.0001455722271779,2025-09-08,0.7242499092195637,-0.00017773673986654082
0.1160769437088922,0.8295146013419732,0.05409667561511,0.0,0.0003117793336412,2025-09-09,0.7383376064488286,0.01408769722926495
0.112367455665663,0.8535789428203915,0.0338576550716465,0.0,0.0001959464425182,2025-09-10,0.752630041357964,0.014292434909135343
0.1049128318301632,0.8085853634041433,0.0862198416890861,0.0,0.000281963076607,2025-09-11,0.7114646396139136,-0.04116540174405037
0.0944576151778065,0.8773487840507915,0.0280013516723671,0.0,0.0001922490993522,2025-09-12,0.752546102855641,0.041081463241727456
0.0398332760571885,0.8670066121103619,0.093015028417905,0.0,0.0001450834148147,2025-09-15,0.6901462685058858,-0.06239983434975527
0.9968199299595412,3.2498010317312205e-12,0.0013782194957841,0.0,0.0018018505410071,2025-09-16,0.9975406701783814,0.30739440167249565
0.1669396005465166,0.7825276107666529,0.0503140029341487,0.0,0.0002187857527279,2025-09-17,0.7539228229225974,-0.24361784725578406
0.1026159401525417,0.8547694198058825,0.0424488485615045,0.0,0.0001657914802219,2025-09-18,0.7437593215990423,-0.010163501323555035
0.0296600372494636,0.6705578250209644,0.2992330941834694,0.0,0.0005490435463742,2025-09-19,0.5327980234337366,-0.21096129816530573
0.0066927190850968,0.8887869331165709,0.104192977915574,0.0,0.000327369883042,2025-09-22,0.6734138668757418,0.14061584344200517
0.0235163306524882,0.8988851731114217,0.077441767089549,0.0,0.0001567291465852,2025-09-23,0.6977429021446885,0.024329035268946697
0.0099996760802524,0.8812262883817639,0.1086582307116383,0.0,0.0001158048261266,2025-09-24,0.670965714297026,-0.026777187847662476
0.0007995091439933,0.000221015408854,0.998457274559828,0.0,0.0005222008877537,2025-09-25,0.0011741510557352801,-0.6697915632412907
2.8213968622594363e-05,1.1876741728366235e-06,0.9979925651399728,0.0,0.0019780332172668,2025-09-26,0.0008203180111589419,-0.0003538330445763382
0.055290135355825,0.705406652841639,0.2389437985549459,0.0,0.0003594132479924,2025-09-29,0.5844888902862511,0.5836685722750922
0.0705180591505453,0.72060269425279,0.2086876198209874,0.0,0.0001916267756219,2025-09-30,0.6110467305503866,0.026557840264135546
0.9992111355477288,2.1757013761183013e-19,6.295029982990029e-06,0.0,0.0007825694218382,2025-10-01,0.9995241633164641,0.3884774327660775
0.8192166929023531,6.005991857344505e-07,0.1801368157825918,0.0,0.0006458907157192,2025-10-03,0.8194754996380301,-0.18004866367843397
0.9986577106943751,2.356813558164466e-07,0.0008355673881825,0.0,0.0005064862357826,2025-10-06,0.998860481949705,0.17938498231167488
0.064554492286521,0.8940178197615241,0.0413829471875835,0.0,4.474076416690035e-05,2025-10-07,0.7350857534133307,-0.2637747285363743
0.0145661300214508,0.8963646707868276,0.0889479670209241,0.0,0.0001212321707026,2025-10-08,0.6868881259798525,-0.04819762743347822
0.745500425468429,0.2197417295227128,0.0341870514643807,0.0,0.0005707935442842,2025-10-09,0.9105350400281772,0.2236469140483247
0.9018737382782358,0.0326963703092132,0.0647953293749892,0.0,0.0006345620376331,2025-10-10,0.9266498408251989,0.016114800797021656
0.0219744327535477,0.9051681755158952,0.0728186120403972,0.0,3.877969050430376e-05,2025-10-13,0.7008660762666709,-0.225783764558528
0.0145483667893452,0.1869500438724131,0.7978164888152691,0.0,0.0006851005229073,2025-10-14,0.15503493990281794,-0.5458311363638529
0.9947565891502675,0.0004269646683875,0.0041170715388873,0.0,0.0006993746425309,2025-10-15,0.9953565625085705,0.8403216226057526
0.9997739592806107,2.4023806844960748e-11,5.84350961451683e-06,0.0,0.0002201971859998,2025-10-16,0.9998620381730284,0.004505475664457914
0.9795403559828114,0.0045372624688957,0.0152423233237868,0.0,0.0006800582243554,2025-10-17,0.9832153261242254,-0.01664671204880308
0.1143276438377763,0.8699442059553423,0.0156565155248146,0.0,7.163468181926907e-05,2025-10-20,0.7668144521770106,-0.21640087394721474
0.05436218128771,0.8745728730143045,0.0709899268825035,0.0,7.501881509794611e-05,2025-10-21,0.7103218435744776,-0.05649260860253302
0.3416750532951995,5.586408290811453e-05,0.6569737304214203,0.0,0.0012953522000858,2025-10-23,0.3422350922374149,-0.3680867513370627
0.0170097586618449,0.0131787283695326,0.969257917372232,0.0,0.000553595596003,2025-10-24,0.02711524317739555,-0.31511984906001933
0.9757396220372592,0.0101521145650893,0.0127306544764011,0.0,0.001377608921555,2025-10-27,0.9839047515296981,0.9567895083523026
0.0145080826887971,0.9306541401874088,0.0547507596040325,0.0,8.701751932342633e-05,2025-10-28,0.7125334948370831,-0.2713712566926151
0.1286257537230745,0.840640832496982,0.03057355029196,0.0,0.0001598634880817,2025-10-29,0.7591703234910436,0.04663682865396057
0.0034120927435003,0.3131405169204125,0.6828625413930496,0.0,0.0005848489425921,2025-10-30,0.23850142001084654,-0.5206689034801971
0.0019538797507528,0.011772645384372,0.9848641058894196,0.0,0.0014093689750339,2025-10-31,0.011347111379045361,-0.22715430863180117
0.0450705349934247,0.8860866590160036,0.0687757553674806,0.0,6.705062266676256e-05,2025-11-03,0.7096623495044941,0.6983152381254488
0.0018050884947561,7.554897760495115e-05,0.9967965391474904,0.0,0.0013228233797189,2025-11-04,0.0023908795798473735,-0.7072714699246467
0.0120612893671655,0.8002904235787077,0.1873438110115698,0.0,0.0003044760421602,2025-11-06,0.6124008974680605,0.6100100178882131
0.0117421763334083,0.935286193066969,0.0527999885992691,0.0,0.0001716419999883,2025-11-07,0.7132754779336304,0.10087458046556996
0.111689260813935,0.8547863383407548,0.0333400582423854,0.0,0.0001843426028317,2025-11-10,0.7528527516106338,0.039577273677003366
0.0374549150517421,0.9580261904145252,0.0042748685977452,0.0,0.000244025935572,2025-11-11,0.7560721682368648,0.003219416626231042
0.1180319808129771,0.8748752493738071,0.0068224953247914,0.0,0.0002702744888314,2025-11-12,0.7742965276388649,0.018224359402000068
0.0257447700566486,0.9097466777698544,0.0644252359557766,0.0,8.33162173315204e-05,2025-11-13,0.708088104870972,-0.06620842276789296
0.5582232098390775,0.0010460906073303,0.4387425126329356,0.0,0.0019881869204124,2025-11-14,0.5598030525627402,-0.14828505230823175
0.099048102220704,0.8604948098752494,0.0403743790847854,0.0,8.270881907866382e-05,2025-11-17,0.7444522931547725,0.18464924059203225
0.039365946892204,0.0179450618638896,0.9418037431333536,0.0,0.0008852481107404,2025-11-18,0.05317884253441736,-0.6912734506203551
0.9413410374918744,0.0343110485543603,0.0230168206683705,0.0,0.0013310932854773,2025-11-19,0.9676067612218355,0.9144279186874181
0.0893853843555038,0.9039198429943844,0.0066359012722033,0.0,5.887137758818966e-05,2025-11-20,0.7673488151523273,-0.2002579460695082
0.0102686015577215,0.8936270820967168,0.0959852880203635,0.0,0.000119028324995,2025-11-21,0.680536524460257,-0.0868122906920703
0.0046056313853656,6.800750990123372e-06,0.9948507416898582,0.0,0.000536826173395,2025-11-24,0.004825462417966193,-0.6757110620422908
0.0510153403017035,0.0746273482710095,0.8721557517800885,0.0,0.0022015596474542,2025-11-25,0.1078664753639423,0.1030410129459761
0.940642217361592,9.121456342357954e-93,7.636963495320929e-14,0.0,0.05935778263801,2025-11-26,0.9643853304167961,0.8565188550528537
0.0389248260137504,0.9230853670365116,0.0377673262782262,0.0,0.0002224806718881,2025-11-27,0.7313278435598892,-0.23305748685690686
0.0391330732449389,0.8724162300124976,0.0883679839392458,0.0,8.271280368842548e-05,2025-11-28,0.6934783308757875,-0.03784951268410175
0.1503597248497817,4.6022379301574376e-05,0.8476880754584323,0.0,0.001906177312837,2025-12-01,0.15115671255939267,-0.5423216183163948
0.0070323202670767,0.8890283815023035,0.1036096914253536,0.0,0.000329606805265,2025-12-02,0.6739354491159103,0.5227787365565176
0.0284529200624184,0.874698272288317,0.0966368779461087,0.0,0.0002119297034032,2025-12-03,0.6845613961600174,0.010625947044107131
0.057326830083032,0.9007445364085912,0.0418591900781565,0.0,6.944343031484901e-05,2025-12-04,0.7329130097616012,0.0483516136015838
0.9945100048459474,7.751316887666656e-14,0.0041742971691016,0.0,0.0013156979850411,2025-12-05,0.9950362840400221,0.26212327427842086
2.2007146298003352e-05,4.222386107202907e-09,0.9992927252108385,0.0,0.0006852634200311,2025-12-08,0.00029611568110002377,-0.9947401683589221
0.006410003470611,0.8548834297398797,0.1383782982920785,0.0,0.0003282684975164,2025-12-09,0.6477038831745274,0.6474077674934274
0.0173662254965796,0.6160817447565015,0.3661911092819864,0.0,0.0003609204652991,2025-12-10,0.47957190225007534,-0.16813198092445208
0.7363188354115056,0.2414098359502516,0.0212092052737874,0.0,0.0010621233640093,2025-12-11,0.9178010617197979,0.4382291594697226
0.2650372038669054,0.7087498524077218,0.0260054799642215,0.0,0.0002074637608611,2025-12-12,0.7966825786770413,-0.12111848304275663
0.1745560693101963,0.278402279844359,0.5463823888807868,0.0,0.0006592619642717,2025-12-15,0.3836214839791742,-0.41306109469786706
0.0119571911999331,0.4496845492441986,0.5368434277920127,0.0,0.0015148317635342,2025-12-16,0.34982653583849577,-0.03379494814067846
0.0462489762382039,0.7617565645726921,0.1916780307731833,0.0,0.0003164284161205,2025-12-17,0.6176929710341712,0.26786643519567543
0.0332517516721646,0.9068413837863832,0.0597806425946352,0.0,0.0001262219467997,2025-12-18,0.7134332782906718,0.09574030725650062
0.1156751931137743,0.8680869966305652,0.0160735436408863,0.0,0.00016426661436,2025-12-19,0.7668061472324422,0.0533728689417704
0.992836306494798,2.3954544926683537e-05,0.0043079443473291,0.0,0.0028317946129257,2025-12-22,0.9939869902486633,0.2271808430162211
0.0616545901396483,0.886809047809598,0.0514749454167737,0.0,6.141663422948976e-05,2025-12-23,0.7267859426505385,-0.2672010475981248
0.0448273502626265,0.8679211322313745,0.0870816656198523,0.0,0.0001698518857599,2025-12-24,0.6958361401904614,-0.03094980246007717
0.0192974637525175,0.7033295061384542,0.2771497466041944,0.0,0.0002232835049441,2025-12-26,0.5468839067583358,-0.1489522334321256
0.029664230735582,0.0361906733714321,0.9329531151920308,0.0,0.0011919807006537,2025-12-29,0.057284028044417554,-0.4895998787139182
0.078579500897022,0.8073751163994782,0.1138764541841461,0.0,0.0001689285196506,2025-12-30,0.6841784096044911,0.6268943815600735
0.9954966060150464,7.853232290992772e-06,0.0018536553816211,0.0,0.0026418853713305,2025-12-31,0.9965592500877969,0.31238084048330583
