Date,Target_Position,Trade_Size
2010-01-05,0.6311001211723031,0.6311001211723031
2010-01-06,0.6305661813515305,-0.0005339398207725443
2010-01-07,0.6274801099376309,-0.003086071413899605
2010-01-08,0.6232318410211543,-0.004248268916476672
2010-01-11,0.6306307730004364,0.007398931979282097
2010-01-12,0.5644856991587937,-0.0661450738416427
2010-01-13,0.6301929056141026,0.06570720645530892
2010-01-14,0.6906483443483227,0.0604554387342201
2010-01-15,0.6302109218156304,-0.06043742253269224
2010-01-18,0.6322125041042058,0.0020015822885753876
2010-01-19,0.5944293793339818,-0.03778312477022405
2010-01-20,0.6289476772432864,0.03451829790930461
2010-01-21,0.5111604991752084,-0.11778717806807792
2010-01-22,0.511042344332101,-0.00011815484310739865
2010-01-25,0.594909015619134,0.08386667128703296
2010-01-27,0.5110423223753893,-0.08386669324374474
2010-01-28,0.5120790495564747,0.001036727181085384
2010-01-29,0.5110427306446457,-0.0010363189118289817
2010-02-01,0.5392789052233689,0.028236174578723183
2010-02-02,0.5110569064049166,-0.02822199881845222
2010-02-03,0.5204592234558122,0.009402317050895559
2010-02-04,0.5226955686780377,0.0022363452222254887
2010-02-05,0.5111290311385365,-0.01156653753950121
2010-02-08,0.5110424870018753,-8.654413666120409e-05
2010-02-09,0.5525273661901509,0.04148487918827559
2010-02-10,0.5519192202689143,-0.0006081459212365914
2010-02-11,0.6726151333619371,0.12069591309302286
2010-02-15,0.6148446152913056,-0.057770518070631494
2010-02-16,0.6582740233774386,0.04342940808613294
2010-02-17,0.6968944378105022,0.03862041443306363
2010-02-18,0.5962643683037021,-0.10063006950680009
2010-02-19,0.5917325337813327,-0.004531834522369382
2010-02-22,0.6305303002248561,0.038797766443523396
2010-02-23,0.6318291299496398,0.0012988297247836789
2010-02-24,0.6286736370414108,-0.0031554929082290295
2010-02-25,0.6301301877710487,0.0014565507296379065
2010-02-26,0.5110423434603155,-0.11908784431073316
2010-03-02,0.5999138457529544,0.08887150229263885
2010-03-03,0.6590743097954608,0.05916046404250641
2010-03-04,0.6296874215171554,-0.02938688827830538
2010-03-05,0.6312543769743537,0.0015669554571983157
2010-03-08,0.698423465541595,0.06716908856724124
2010-03-09,0.6211673584730131,-0.07725610706858188
2010-03-10,0.632912248984868,0.0117448905118549
2010-03-11,0.6328903811442316,-2.186784063640257e-05
2010-03-12,0.6316154671198209,-0.0012749140244107116
2010-03-15,0.628750668296886,-0.0028647988229348886
2010-03-16,0.6983955473587365,0.06964487906185057
2010-03-17,0.6325298206591078,-0.06586572669962876
2010-03-18,0.6332268626720264,0.0006970420129186472
2010-03-19,0.6371542415417278,0.003927378869701403
2010-03-22,0.5943864246561954,-0.04276781688553244
2010-03-23,0.6345705639176408,0.04018413926144537
2010-03-25,0.6963936402766764,0.06182307635903561
2010-03-26,0.675601079811318,-0.02079256046535838
2010-03-29,0.6302129561040754,-0.045388123707242656
2010-03-30,0.5940525646419602,-0.03616039146211514
2010-03-31,0.6282769354987074,0.03422437085674723
2010-04-01,0.6992687114634624,0.07099177596475492
2010-04-05,0.6990039644123092,-0.0002647470511532024
2010-04-06,0.6312154620948441,-0.06778850231746503
2010-04-07,0.6311561056050048,-5.935648983934616e-05
2010-04-08,0.593887948149135,-0.037268157455869755
2010-04-09,0.6988275779018689,0.10493962975273385
2010-04-12,0.6288890033464556,-0.0699385745554133
2010-04-13,0.6277718407358196,-0.001117162610635991
2010-04-15,0.557016302348308,-0.07075553838751159
2010-04-16,0.6284351552057169,0.0714188528574089
2010-04-19,0.5708635595211526,-0.05757159568456427
2010-04-20,0.641424833064748,0.07056127354359532
2010-04-21,0.6346277735424865,-0.006797059522261506
2010-04-22,0.5643031647012704,-0.07032460884121605
2010-04-23,0.6912578301500353,0.12695466544876488
2010-04-26,0.6529873399012424,-0.03827049024879292
2010-04-27,0.6286789799026473,-0.02430835999859504
2010-04-28,0.5847320786680464,-0.04394690123460088
2010-04-29,0.6984388824448698,0.1137068037768234
2010-04-30,0.6766004091713124,-0.02183847327355748
2010-05-03,0.5945005166172269,-0.08209989255408545
2010-05-04,0.5825796130513883,-0.011920903565838636
2010-05-05,0.609555471739552,0.026975858688163767
2010-05-06,0.5866384768188468,-0.022916994920705203
2010-05-07,0.5374556739698202,-0.04918280284902665
2010-05-10,0.511042356586002,-0.026413317383818247
2010-05-11,0.568864957796046,0.05782260121004401
2010-05-12,0.6292821395938726,0.060417181797826625
2010-05-13,0.6320236925567675,0.002741552962894911
2010-05-14,0.5774814427240994,-0.05454224983266809
2010-05-17,0.5110809359036529,-0.06640050682044651
2010-05-18,0.5971754165075339,0.08609448060388103
2010-05-19,0.5110423471522362,-0.08613306935529774
2010-05-20,0.6296081149433211,0.11856576779108496
2010-05-21,0.5251184332443187,-0.10448968169900241
2010-05-24,0.5131693410036986,-0.01194909224062013
2010-05-25,0.5110424825328679,-0.002126858470830717
2010-05-26,0.5120380789015389,0.0009955963686709701
2010-05-27,0.5138028885601419,0.0017648096586030393
2010-05-28,0.6614769317436715,0.1476740431835296
2010-05-31,0.6315373990235322,-0.029939532720139272
2010-06-01,0.5121880314793195,-0.11934936754421277
2010-06-02,0.67229609855482,0.16010806707550052
2010-06-03,0.679204946644157,0.006908848089337005
2010-06-04,0.6356627793627377,-0.04354216728141924
2010-06-07,0.5611820304428033,-0.07448074891993439
2010-06-08,0.5214548313478703,-0.03972719909493305
2010-06-09,0.6258410501149124,0.10438621876704213
2010-06-10,0.6917786596285509,0.06593760951363847
2010-06-11,0.6993767134745353,0.007598053845984443
2010-06-14,0.6952555943540014,-0.004121119120533923
2010-06-15,0.6328640002356104,-0.062391594118391014
2010-06-16,0.6326861643406917,-0.00017783589491870977
2010-06-17,0.6861403652186513,0.0534542008779596
2010-06-18,0.6296072964689001,-0.05653306874975117
2010-06-21,0.6952152474000755,0.06560795093117533
2010-06-22,0.5944700242970772,-0.10074522310299827
2010-06-23,0.6311562491330167,0.03668622483593953
2010-06-24,0.629568433208695,-0.0015878159243216672
2010-06-25,0.5943423560139072,-0.035226077194787875
2010-06-28,0.6979757995378577,0.10363344352395054
2010-06-29,0.5939738403333291,-0.1040019592045286
2010-06-30,0.5154237430139635,-0.07855009731936557
2010-07-01,0.5754793433189838,0.06005560030502022
2010-07-02,0.627933770806746,0.05245442748776219
2010-07-05,0.631505659978543,0.0035718891717970713
2010-07-06,0.6993125066895269,0.06780684671098391
2010-07-07,0.5945766760123211,-0.10473583067720582
2010-07-08,0.6981578430522953,0.10358116703997422
2010-07-09,0.6995217597081959,0.0013639166559005211
2010-07-12,0.6977455607498159,-0.001776198958379993
2010-07-13,0.6877712624578124,-0.00997429829200347
2010-07-14,0.6300308253534107,-0.05774043710440169
2010-07-15,0.6294646325554552,-0.0005661927979555559
2010-07-16,0.6448705826185173,0.015405950063062113
2010-07-19,0.6291622456327721,-0.01570833698574514
2010-07-20,0.6278651573860925,-0.001297088246679623
2010-07-21,0.6980786457484088,0.07021348836231633
2010-07-22,0.6987048128602099,0.0006261671118010792
2010-07-23,0.6322938306993636,-0.06641098216084629
2010-07-26,0.602774939028629,-0.029518891670734626
2010-07-27,0.632469622690696,0.029694683662066956
2010-07-28,0.5945035913106868,-0.0379660313800092
2010-07-29,0.6331411749619207,0.03863758365123393
2010-07-30,0.5944544261036325,-0.038686748858288156
2010-08-02,0.6970455976717442,0.1025911715681117
2010-08-03,0.633351555740755,-0.06369404193098926
2010-08-04,0.6574339424122682,0.02408238667151319
2010-08-05,0.6148594457478672,-0.04257449666440094
2010-08-06,0.629125273056583,0.014265827308715728
2010-08-09,0.6994071282372825,0.07028185518069952
2010-08-10,0.6037458151432523,-0.09566131309403014
2010-08-11,0.5944821303242761,-0.009263684818976214
2010-08-12,0.6286209093788028,0.03413877905452667
2010-08-13,0.6882627296994508,0.05964182032064802
2010-08-16,0.596162327525762,-0.09210040217368876
2010-08-17,0.6297537528416028,0.033591425315840806
2010-08-18,0.6988395670732075,0.06908581423160465
2010-08-19,0.6991340229180983,0.00029445584489085075
2010-08-20,0.6305236045225318,-0.06861041839556659
2010-08-23,0.6340374174920923,0.003513812969560548
2010-08-24,0.5944984186519352,-0.0395389988401571
2010-08-25,0.5944734619628985,-2.4956689036681468e-05
2010-08-26,0.636167140874044,0.041693678911145504
2010-08-27,0.5931825464629616,-0.04298459441108238
2010-08-30,0.6299780645808495,0.03679551811788784
2010-08-31,0.6287915264573919,-0.0011865381234575922
2010-09-01,0.6976479723561496,0.06885644589875772
2010-09-02,0.6335213776567084,-0.06412659469944126
2010-09-03,0.6297631608262099,-0.003758216830498484
2010-09-06,0.6892981833458729,0.05953502251966303
2010-09-07,0.6686872488507855,-0.02061093449508744
2010-09-08,0.6306306764550801,-0.03805657239570537
2010-09-09,0.6978975479194816,0.06726687146440147
2010-09-13,0.6541318453623208,-0.043765702557160724
2010-09-14,0.649695333036998,-0.004436512325322828
2010-09-15,0.6985516019118622,0.04885626887486416
2010-09-16,0.6183354034406618,-0.08021619847120032
2010-09-17,0.6992576937395376,0.08092229029887577
2010-09-20,0.6974026692371752,-0.0018550245023624123
2010-09-21,0.6352200479124928,-0.06218262132468244
2010-09-22,0.6290714488542045,-0.00614859905828824
2010-09-23,0.6127886237403081,-0.01628282511389645
2010-09-24,0.699151429978229,0.08636280623792092
2010-09-27,0.6328436560498211,-0.06630777392840792
2010-09-28,0.6291542137905808,-0.003689442259240283
2010-09-29,0.5984335346790746,-0.03072067911150622
2010-09-30,0.6520506023329176,0.053617067653843
2010-10-01,0.6653010013595766,0.013250399026659032
2010-10-04,0.6309529531247847,-0.03434804823479187
2010-10-05,0.6290232098660972,-0.0019297432586875551
2010-10-06,0.67234076317058,0.043317553304482836
2010-10-07,0.5944064186210853,-0.07793434454949466
2010-10-08,0.6287671574501595,0.0343607388290742
2010-10-11,0.6331601584729163,0.004393001022756748
2010-10-12,0.5938505024497225,-0.039309656023193806
2010-10-13,0.5247826984189794,-0.06906780403074309
2010-10-14,0.5127397816692821,-0.012042916749697263
2010-10-15,0.5147206885698192,0.001980906900537094
2010-10-18,0.5149253188090794,0.00020463023926020618
2010-10-19,0.5270355305759336,0.012110211766854118
2010-10-20,0.6213287845692083,0.0942932539932747
2010-10-21,0.6426178391946696,0.02128905462546138
2010-10-22,0.5923491163145638,-0.050268722880105865
2010-10-25,0.6357650096205197,0.043415893305955966
2010-10-26,0.5959383528624387,-0.03982665675808106
2010-10-27,0.5942979613293164,-0.0016403915331222318
2010-10-28,0.5875652048658263,-0.0067327564634901416
2010-10-29,0.6222568376540232,0.03469163278819687
2010-11-01,0.6506958290580864,0.028438991404063252
2010-11-02,0.6313777572954989,-0.019318071762587485
2010-11-03,0.6378365509238691,0.006458793628370207
2010-11-04,0.6971131788961974,0.059276627972328244
2010-11-08,0.5954946997571258,-0.10161847913907163
2010-11-09,0.6328118189141241,0.03731711915699831
2010-11-10,0.5982654328265744,-0.034546386087549674
2010-11-11,0.5933127963063914,-0.0049526365201829625
2010-11-12,0.5740519580940631,-0.01926083821232838
2010-11-15,0.6365984052268123,0.06254644713274926
2010-11-16,0.5110648711031788,-0.12553353412363355
2010-11-18,0.5110423007825009,-2.257032067787268e-05
2010-11-19,0.5125699839890266,0.0015276832065257429
2010-11-22,0.577474712372035,0.06490472838300831
2010-11-23,0.511043854148622,-0.06643085822341299
2010-11-24,0.5113136376309514,0.00026978348232942206
2010-11-25,0.5196625143641238,0.008348876733172417
2010-11-26,0.5110528567751684,-0.008609657588955377
2010-11-29,0.5244442088173662,0.013391352042197768
2010-11-30,0.5111544919726406,-0.013289716844725574
2010-12-01,0.6237768555404128,0.11262236356777222
2010-12-02,0.6363002298202619,0.012523374279849064
2010-12-03,0.6278194914104444,-0.008480738409817556
2010-12-06,0.5983482771297532,-0.029471214280691105
2010-12-07,0.6280927788539956,0.029744501724242367
2010-12-08,0.5937011872920241,-0.03439159156197147
2010-12-09,0.5110848166787025,-0.08261637061332161
2010-12-10,0.5111383524605755,5.353578187294872e-05
2010-12-13,0.5142621794583163,0.0031238269977408306
2010-12-14,0.6295376523696001,0.11527547291128382
2010-12-15,0.5939821048165139,-0.03555554755308621
2010-12-16,0.6101809719954613,0.016198867178947363
2010-12-20,0.6296205255729139,0.01943955357745264
2010-12-21,0.699160615929279,0.0695400903563651
2010-12-22,0.6018774180227507,-0.09728319790652828
2010-12-23,0.6174849636076918,0.01560754558494104
2010-12-24,0.6694836060036427,0.05199864239595087
2010-12-27,0.6295281558786942,-0.0399554501249485
2010-12-28,0.6312736926447494,0.0017455367660552668
2010-12-29,0.6993166244721799,0.06804293182743049
2010-12-30,0.6995012192137716,0.00018459474159171485
2010-12-31,0.6957250554299617,-0.0037761637838099604
2011-01-03,0.6501572833300502,-0.045567772099911474
2011-01-04,0.6242772526103691,-0.025880030719681035
2011-01-05,0.5943996161016804,-0.0298776365086888
2011-01-06,0.593694518732062,-0.0007050973696183238
2011-01-07,0.5188388413308583,-0.07485567740120369
2011-01-10,0.5111493097383191,-0.007689531592539267
2011-01-11,0.5110537312757174,-9.557846260166425e-05
2011-01-12,0.5110423007940156,-1.1430481701824036e-05
2011-01-13,0.5244016622482981,0.013359361454282515
2011-01-14,0.5110423011357011,-0.013359361112596946
2011-01-17,0.6254172819020325,0.11437498076633135
2011-01-18,0.698793116520218,0.07337583461818553
2011-01-19,0.5942200524473878,-0.10457306407283018
2011-01-20,0.5998694792376545,0.005649426790266698
2011-01-21,0.6289336493011876,0.029064170063533012
2011-01-24,0.653104474778349,0.02417082547716143
2011-01-25,0.5845991998877703,-0.06850527489057867
2011-01-27,0.5113375042113014,-0.0732616956764689
2011-01-28,0.5111076195591145,-0.0002298846521868736
2011-01-31,0.5111574248178286,4.980525871400854e-05
2011-02-01,0.5111056128413793,-5.181197644921198e-05
2011-02-02,0.5428101557569843,0.03170454291560498
2011-02-03,0.5916192135667189,0.048809057809734546
2011-02-04,0.5110425703496326,-0.08057664321708624
2011-02-07,0.5734067466585611,0.06236417630892843
2011-02-08,0.5110632012847836,-0.06234354537377751
2011-02-09,0.5111105471445643,4.734585978072303e-05
2011-02-10,0.6146594529037175,0.10354890575915321
2011-02-11,0.5110733956313838,-0.10358605727233372
2011-02-14,0.5136852975915845,0.00261190196020078
2011-02-15,0.5450915849881098,0.03140628739652529
2011-02-16,0.6304273671043145,0.08533578211620463
2011-02-17,0.6592912235464992,0.0288638564421847
2011-02-18,0.5113325657020821,-0.14795865784441709
2011-02-21,0.5113289718709823,-3.5938310998240297e-06
2011-02-22,0.5419583485660241,0.030629376695041843
2011-02-23,0.6246428010905166,0.08268445252449252
2011-02-24,0.5110496466244895,-0.11359315446602714
2011-02-25,0.5151660742586733,0.00411642763418385
2011-02-28,0.5110423009255899,-0.004123773333083447
2011-03-01,0.5111023104192276,6.0009493637713796e-05
2011-03-03,0.5112437801259675,0.000141469706739894
2011-03-04,0.5199224301706207,0.00867865004465318
2011-03-07,0.523277646574938,0.0033552164043173516
2011-03-08,0.6799864368728619,0.15670879029792384
2011-03-09,0.6293999281938761,-0.05058650867898573
2011-03-10,0.6204452226780158,-0.008954705515860306
2011-03-11,0.6090749002618849,-0.011370322416130896
2011-03-14,0.6446005973715508,0.03552569710966591
2011-03-15,0.5110658850401694,-0.13353471233138148
2011-03-16,0.6587296766660299,0.14766379162586052
2011-03-17,0.6067162737946867,-0.05201340287134315
2011-03-18,0.5305332467573094,-0.07618302703737734
2011-03-21,0.5817849707457846,0.05125172398847522
2011-03-22,0.6515300388328313,0.06974506808704672
2011-03-23,0.6988637542553456,0.0473337154225143
2011-03-24,0.6758233019130474,-0.023040452342298234
2011-03-25,0.5459112572275238,-0.12991204468552364
2011-03-28,0.6747915174398202,0.12888026021229648
2011-03-29,0.6776114304556297,0.0028199130158094166
2011-03-30,0.6987984426004676,0.02118701214483798
2011-03-31,0.6309548926647636,-0.06784354993570407
2011-04-01,0.629240209997022,-0.0017146826677415516
2011-04-04,0.6990574314575356,0.06981722146051361
2011-04-05,0.6306564019614724,-0.06840102949606319
2011-04-06,0.6288947283243191,-0.0017616736371532937
2011-04-07,0.6297020296489102,0.0008073013245910587
2011-04-08,0.5818938728678519,-0.04780815678105832
2011-04-11,0.6232972217757025,0.04140334890785058
2011-04-13,0.5110736509191893,-0.11222357085651313
2011-04-15,0.5561779890813242,0.04510433816213488
2011-04-18,0.5110438399299269,-0.04513414915139735
2011-04-19,0.6283858134119307,0.11734197348200381
2011-04-20,0.6793003186393393,0.05091450522740859
2011-04-21,0.636038083077739,-0.04326223556160025
2011-04-25,0.6291097646502659,-0.006928318427473101
2011-04-26,0.6221123579918734,-0.0069974066583925465
2011-04-27,0.5942295695505297,-0.02788278844134362
2011-04-28,0.5941958140869733,-3.375546355643966e-05
2011-04-29,0.6135246922987199,0.01932887821174656
2011-05-02,0.5938384688467756,-0.019686223451944262
2011-05-03,0.521872667327944,-0.07196580151883158
2011-05-04,0.6051889275410883,0.08331626021314431
2011-05-05,0.5677335057273377,-0.03745542181375061
2011-05-06,0.6904038032575263,0.12267029753018854
2011-05-09,0.6304535625538021,-0.05995024070372412
2011-05-10,0.6296957555973597,-0.0007578069564424528
2011-05-11,0.6346077313777876,0.004911975780427902
2011-05-12,0.5850404762544494,-0.04956725512333815
2011-05-13,0.5110441868708921,-0.07399628938355729
2011-05-16,0.5808066263185967,0.06976243944770455
2011-05-17,0.5800044602288605,-0.000802166089736156
2011-05-18,0.6106886000780962,0.03068413984923568
2011-05-19,0.6334302335146281,0.022741633436531905
2011-05-20,0.6449490922854175,0.011518858770789397
2011-05-23,0.5857746677092397,-0.05917442457617783
2011-05-24,0.6308462871683752,0.045071619459135515
2011-05-25,0.5944398578846303,-0.036406429283744934
2011-05-26,0.698219894823947,0.1037800369393167
2011-05-27,0.6995856350967231,0.0013657402727761392
2011-05-30,0.6299881905573533,-0.06959744453936978
2011-06-01,0.5445041838986929,-0.0854840066586604
2011-06-02,0.6229205391834906,0.07841635528479762
2011-06-03,0.5861726149347637,-0.03674792424872686
2011-06-06,0.63383204073699,0.04765942580222626
2011-06-07,0.6971720212476964,0.06333998051070644
2011-06-08,0.6286749144843143,-0.06849710676338205
2011-06-09,0.6296070856918428,0.0009321712075284205
2011-06-10,0.5967758321860063,-0.03283125350583649
2011-06-13,0.629543523872347,0.03276769168634075
2011-06-14,0.6353201597891603,0.005776635916813322
2011-06-15,0.5944427770368947,-0.0408773827522656
2011-06-16,0.6167023673040739,0.022259590267179163
2011-06-17,0.5944502887789084,-0.02225207852516553
2011-06-20,0.5110433324102386,-0.0834069563686698
2011-06-21,0.626487411913278,0.11544407950303937
2011-06-22,0.6281439544070737,0.0016565424937957651
2011-06-23,0.6966188718028992,0.06847491739582545
2011-06-24,0.5384158311603541,-0.1582030406425451
2011-06-27,0.5151480659868627,-0.023267765173491384
2011-06-28,0.6280248508761004,0.11287678488923769
2011-06-29,0.6989579243130347,0.07093307343693434
2011-06-30,0.6996190027870889,0.0006610784740541664
2011-07-01,0.5796850046407371,-0.11993399814635175
2011-07-04,0.6861999288689759,0.10651492422823872
2011-07-05,0.6033233272479881,-0.08287660162098776
2011-07-06,0.6286574312499636,0.025334104001975555
2011-07-07,0.6904062581367529,0.06174882688678929
2011-07-08,0.5939100069985439,-0.09649625113820903
2011-07-11,0.5944667364976157,0.0005567294990718175
2011-07-12,0.540169185190866,-0.054297551306749736
2011-07-13,0.690301802607974,0.15013261741710804
2011-07-15,0.6301552537118144,-0.06014654889615967
2011-07-18,0.6284279438063853,-0.0017273099054290197
2011-07-19,0.6986690519083272,0.07024110810194184
2011-07-20,0.5938177396651921,-0.10485131224313504
2011-07-21,0.6267427555824892,0.03292501591729702
2011-07-22,0.6984503656529166,0.07170761007042747
2011-07-25,0.6970494215666632,-0.001400944086253464
2011-07-26,0.5674161817154166,-0.12963323985124653
2011-07-27,0.5927962677090975,0.025380085993680912
2011-07-28,0.6275168917415568,0.034720624032459235
2011-07-29,0.6293021166305943,0.00178522488903754
2011-08-01,0.6325959000770603,0.0032937834464660254
2011-08-02,0.5937930252245819,-0.038802874852478464
2011-08-03,0.6263492287888612,0.03255620356427935
2011-08-04,0.5912301645914898,-0.03511906419737143
2011-08-05,0.5110423198952255,-0.08018784469626428
2011-08-08,0.5110423007953045,-1.9099920978149498e-08
2011-08-09,0.5110423007774856,-1.78189685229313e-11
2011-08-10,0.5185434062863366,0.007501105508850969
2011-08-11,0.624366164907421,0.10582275862108448
2011-08-12,0.5110565464596759,-0.11330961844774512
2011-08-16,0.5112258097010239,0.00016926324134802773
2011-08-17,0.5449455022461038,0.03371969254507989
2011-08-18,0.5110425725615676,-0.03390292968453623
2011-08-19,0.5110428852799588,3.1271839118218736e-07
2011-08-22,0.511256559072326,0.0002136737923672527
2011-08-23,0.5122308789995704,0.0009743199272443936
2011-08-24,0.5240690050811123,0.011838126081541889
2011-08-25,0.5416279059662789,0.01755890088516654
2011-08-26,0.5110432549432192,-0.030584651023059628
2011-08-29,0.5111412309656176,9.797602239836056e-05
2011-08-30,0.5118462440444944,0.0007050130788768261
2011-09-02,0.5110440652616586,-0.0008021787828358384
2011-09-05,0.6234522782548872,0.11240821299322867
2011-09-06,0.5110429764584337,-0.11240930179645359
2011-09-07,0.575222700621433,0.06417972416299933
2011-09-08,0.626731572883662,0.051508872262229
2011-09-09,0.5498988660654057,-0.07683270681825627
2011-09-12,0.5110502727728262,-0.0388485932925795
2011-09-13,0.5110730858017374,2.281302891116166e-05
2011-09-14,0.5110453468269046,-2.7738974832769436e-05
2011-09-15,0.5110427387242084,-2.6081026962554432e-06
2011-09-16,0.5208287597862624,0.009786021062054062
2011-09-19,0.5784854328598621,0.057656673073599674
2011-09-20,0.6424595641185726,0.06397413125871054
2011-09-21,0.6293975784741849,-0.013061985644387764
2011-09-22,0.5110423143769693,-0.11835526409721553
2011-09-23,0.5111751580690242,0.00013284369205490698
2011-09-26,0.5110442113710025,-0.00013094669802171666
2011-09-27,0.5143571554868983,0.0033129441158957773
2011-09-28,0.5314440777744434,0.017086922287545048
2011-09-29,0.511192686315387,-0.02025139145905641
2011-09-30,0.5115672157212645,0.0003745294058775661
2011-10-03,0.5113645382227396,-0.0002026774985248725
2011-10-04,0.5110423012251721,-0.00032223699756750435
2011-10-05,0.5151159126858311,0.004073611460658988
2011-10-07,0.5110425909886973,-0.004073321697133814
2011-10-10,0.5393626264745827,0.028320035485885353
2011-10-11,0.5230949991456575,-0.01626762732892517
2011-10-12,0.5281312141988346,0.005036215053177084
2011-10-13,0.5673655355949863,0.03923432139615168
2011-10-14,0.6514300429520614,0.08406450735707516
2011-10-17,0.5847206617819986,-0.06670938117006286
2011-10-18,0.5884305695075953,0.0037099077255967616
2011-10-19,0.6789503386100625,0.09051976910246717
2011-10-20,0.6233060326541441,-0.055644305955918405
2011-10-21,0.5937384562270414,-0.029567576427102726
2011-10-24,0.6350477088071492,0.04130925258010787
2011-10-25,0.5110430188286275,-0.12400468997852176
2011-10-28,0.5110423022486916,-7.165799358332947e-07
2011-10-31,0.5821811183641344,0.07113881611544282
2011-11-01,0.5972713905527869,0.015090272188652443
2011-11-02,0.5238483467509867,-0.0734230438018002
2011-11-03,0.6222484695061224,0.09840012275513577
2011-11-04,0.6799492509040803,0.05770078139795787
2011-11-08,0.6310245366352122,-0.04892471426886813
2011-11-09,0.5875170830848254,-0.043507453550386765
2011-11-11,0.6240820604060312,0.03656497732120578
2011-11-14,0.578594157223978,-0.0454879031820532
2011-11-15,0.5532346666548893,-0.025359490569088705
2011-11-16,0.5969125869725649,0.04367792031767559
2011-11-17,0.5595978544094604,-0.03731473256310447
2011-11-18,0.5919046806828374,0.032306826273377
2011-11-21,0.5146736702898831,-0.07723101039295432
2011-11-22,0.6137901414067346,0.09911647111685151
2011-11-23,0.5110428094199413,-0.10274733198679331
2011-11-25,0.6139921067868559,0.1029492973669146
2011-11-28,0.5603195729686309,-0.05367253381822501
2011-11-29,0.5815472170656785,0.021227644097047582
2011-11-30,0.519714841324711,-0.06183237574096745
2011-12-01,0.5110448918635275,-0.00866994946118349
2011-12-02,0.511095498348691,5.0606485163418036e-05
2011-12-05,0.6268300377830652,0.11573453943437428
2011-12-07,0.6311996794372269,0.004369641654161649
2011-12-08,0.5296987093736252,-0.1015009700636017
2011-12-09,0.5124419142922255,-0.017256795081399656
2011-12-12,0.5110423008334154,-0.0013996134588101228
2011-12-13,0.5133446331004179,0.0023023322670024937
2011-12-14,0.5212181706890644,0.007873537588646506
2011-12-15,0.5177411038785971,-0.003477066810467333
2011-12-16,0.5110423007775163,-0.00669880310108073
2011-12-19,0.5739301270622668,0.06288782628475043
2011-12-20,0.5157041147349709,-0.05822601232729585
2011-12-21,0.5110423015908542,-0.004661813144116733
2011-12-22,0.5110476244470026,5.32285614840422e-06
2011-12-23,0.5555317375118055,0.04448411306480293
2011-12-27,0.5753070225905096,0.019775285078704075
2011-12-28,0.5909200209717336,0.015612998381223986
2011-12-29,0.5915696951366934,0.0006496741649598681
2011-12-30,0.5781525387505623,-0.013417156386131168
2012-01-03,0.5400697862447139,-0.03808275250584836
2012-01-04,0.6098558455977571,0.06978605935304316
2012-01-05,0.6296955371032921,0.019839691505534995
2012-01-06,0.5261441157916347,-0.1035514213116574
2012-01-09,0.6210991104799968,0.0949549946883621
2012-01-10,0.6877970868532748,0.06669797637327801
2012-01-11,0.6338363720736032,-0.05396071477967157
2012-01-12,0.626858230300227,-0.00697814177337619
2012-01-13,0.6314565391691677,0.004598308868940637
2012-01-16,0.6444919265494007,0.013035387380233021
2012-01-17,0.6980856912255521,0.0535937646761514
2012-01-18,0.6259305015897664,-0.07215518963578571
2012-01-19,0.6971995056546693,0.07126900406490289
2012-01-20,0.6326926852759007,-0.06450682037876854
2012-01-23,0.6260960711406983,-0.0065966141352024055
2012-01-24,0.6918715654759025,0.06577549433520413
2012-01-25,0.6358037945093966,-0.05606777096650584
2012-01-27,0.6355725686095417,-0.00023122589985491437
2012-01-30,0.5694104141067537,-0.06616215450278795
2012-01-31,0.657406163695356,0.08799574958860223
2012-02-01,0.588238463834138,-0.06916769986121796
2012-02-02,0.6298517665275636,0.04161330269342556
2012-02-03,0.6959329701437237,0.0660812036161601
2012-02-06,0.633248192496256,-0.06268477764746772
2012-02-07,0.5620110387934354,-0.07123715370282058
2012-02-08,0.6301916613931005,0.06818062259966506
2012-02-09,0.6935214147712543,0.06332975337815383
2012-02-10,0.6278909375460509,-0.06563047722520343
2012-02-13,0.6305733635165591,0.002682425970508273
2012-02-14,0.6970567123107719,0.0664833487942128
2012-02-15,0.6984181505625646,0.0013614382517926904
2012-02-16,0.6296710941609933,-0.0687470564015713
2012-02-17,0.6340945250438378,0.00442343088284447
2012-02-21,0.6993788896657175,0.0652843646218797
2012-02-22,0.5800643536810044,-0.11931453598471309
2012-02-23,0.626161513805454,0.04609716012444964
2012-02-24,0.528205057989972,-0.09795645581548207
2012-02-27,0.5110423009805503,-0.017162757009421714
2012-02-28,0.633755652244669,0.12271335126411875
2012-02-29,0.5212355311940112,-0.11252012105065778
2012-03-01,0.5971488890531114,0.07591335785910014
2012-03-02,0.6285184558619699,0.031369566808858496
2012-03-05,0.593673184842527,-0.0348452710194429
2012-03-06,0.5110423007789903,-0.08263088406353669
2012-03-07,0.6235177183050162,0.11247541752602597
2012-03-09,0.61058761949657,-0.0129300988084462
2012-03-12,0.5354057601526406,-0.0751818593439294
2012-03-13,0.6741160539163894,0.13871029376374877
2012-03-14,0.6447693273314556,-0.029346726584933758
2012-03-15,0.59311070050906,-0.05165862682239564
2012-03-16,0.5111399127260808,-0.08197078778297917
2012-03-19,0.5397869101912824,0.028646997465201607
2012-03-20,0.6300981236029025,0.09031121341162007
2012-03-21,0.6764686468016075,0.04637052319870494
2012-03-22,0.5110557582451667,-0.16541288855644076
2012-03-23,0.5425835922448918,0.03152783399972514
2012-03-26,0.5282204724128023,-0.014363119832089488
2012-03-27,0.517366490972393,-0.010853981440409388
2012-03-28,0.5713954095364051,0.05402891856401215
2012-03-29,0.5942626734472907,0.02286726391088556
2012-03-30,0.6901517820839637,0.09588910863667299
2012-04-02,0.6355085647713475,-0.05464321731261612
2012-04-03,0.6387051412353019,0.003196576463954326
2012-04-04,0.6280494390530472,-0.010655702182254645
2012-04-09,0.5889522826785873,-0.039097156374459874
2012-04-10,0.6317461398386359,0.042793857160048576
2012-04-11,0.6290351302118319,-0.0027110096268040396
2012-04-12,0.6993028207933493,0.07026769058151738
2012-04-13,0.5134652377887883,-0.185837583004561
2012-04-16,0.6583338382931173,0.14486860050432904
2012-04-17,0.5847280644732652,-0.07360577381985212
2012-04-18,0.6327387431025725,0.0480106786293073
2012-04-19,0.634689424874391,0.0019506817718184521
2012-04-20,0.6184445240148705,-0.01624490085952046
2012-04-23,0.5381749391607104,-0.08026958485416014
2012-04-24,0.6315354525114287,0.09336051335071838
2012-04-25,0.6284370704070195,-0.0030983821044092696
2012-04-26,0.6007106343228767,-0.027726436084142714
2012-04-27,0.6298020084321917,0.02909137410931495
2012-04-30,0.6994078774774986,0.06960586904530686
2012-05-02,0.6298185259207004,-0.06958935155679813
2012-05-03,0.5977668596654064,-0.03205166625529399
2012-05-04,0.5851411054900617,-0.012625754175344728
2012-05-07,0.5110425279906669,-0.07409857749939486
2012-05-08,0.5112397467545866,0.0001972187639197598
2012-05-09,0.6227015705731441,0.11146182381855751
2012-05-10,0.6229197049799448,0.00021813440680062968
2012-05-11,0.6243627951030774,0.0014430901231325954
2012-05-14,0.6229027291160136,-0.001460065987063719
2012-05-15,0.633608628549937,0.010705899433923416
2012-05-16,0.5444480102579669,-0.0891606182919702
2012-05-17,0.623003937900449,0.07855592764248209
2012-05-18,0.5110475671998357,-0.11195637070061326
2012-05-22,0.5110441522880612,-3.414911774468621e-06
2012-05-23,0.6254355543016916,0.1143914020136304
2012-05-24,0.5238031383000529,-0.10163241600163875
2012-05-25,0.6299283868705652,0.10612524857051231
2012-05-28,0.6991482903486272,0.06921990347806206
2012-05-29,0.632205931330575,-0.06694235901805223
2012-05-30,0.626985437617584,-0.005220493712991048
2012-05-31,0.5943084415087658,-0.032676996108818135
2012-06-01,0.5921275441599314,-0.0021808973488344208
2012-06-04,0.5233964682662268,-0.06873107589370464
2012-06-05,0.6300592517036573,0.10666278343743052
2012-06-06,0.594607385564655,-0.03545186613900231
2012-06-07,0.6333268369251381,0.03871945136048316
2012-06-08,0.6263311873213006,-0.006995649603837584
2012-06-11,0.5843384321715704,-0.04199275514973011
2012-06-12,0.5207288788772455,-0.06360955329432494
2012-06-13,0.6296249761307448,0.10889609725349925
2012-06-14,0.5926761815485431,-0.03694879458220168
2012-06-15,0.6969648740258979,0.10428869247735484
2012-06-18,0.5129154801462575,-0.18404939387964037
2012-06-19,0.6551405991770086,0.14222511903075108
2012-06-20,0.633717113798164,-0.021423485378844642
2012-06-21,0.6930684726320746,0.05935135883391063
2012-06-22,0.594455544227709,-0.09861292840436564
2012-06-25,0.5893145781222867,-0.005140966105422251
2012-06-26,0.6315547063464838,0.04224012822419709
2012-06-27,0.6358203559204822,0.004265649573998442
2012-06-28,0.6329556314369538,-0.00286472448352848
2012-06-29,0.6835114154542584,0.05055578401730465
2012-07-02,0.6312797374241436,-0.05223167803011486
2012-07-03,0.6314586675979076,0.00017893017376402476
2012-07-04,0.6330408284902689,0.001582160892361295
2012-07-05,0.6952765226355379,0.06223569414526897
2012-07-06,0.6298313026132162,-0.06544522002232167
2012-07-09,0.627358923420606,-0.00247237919261023
2012-07-10,0.6984135759356837,0.0710546525150777
2012-07-11,0.6290000578702938,-0.06941351806538987
2012-07-12,0.6241907879084089,-0.00480926996188491
2012-07-13,0.6290743860111516,0.004883598102742748
2012-07-16,0.5945487898208047,-0.0345255961903469
2012-07-17,0.602155259708308,0.007606469887503242
2012-07-18,0.6332487404436674,0.031093480735359447
2012-07-19,0.636655184123786,0.003406443680118554
2012-07-20,0.5945634794519128,-0.042091704671873176
2012-07-23,0.5871058253134758,-0.00745765413843702
2012-07-24,0.6323641039666311,0.04525827865315535
2012-07-25,0.6277481490446666,-0.004615954921964538
2012-07-26,0.5860362476526262,-0.041711901392040396
2012-07-27,0.6303568427147082,0.04432059506208197
2012-07-30,0.693992511052885,0.0636356683381768
2012-07-31,0.6302930010594687,-0.06369950999341623
2012-08-01,0.6435954942443962,0.013302493184927489
2012-08-02,0.6296994439464867,-0.013896050297909524
2012-08-03,0.628161817712466,-0.0015376262340206504
2012-08-06,0.6929252815367677,0.06476346382430165
2012-08-07,0.6991798314863957,0.006254549949628041
2012-08-08,0.6310285692846496,-0.06815126220174617
2012-08-09,0.6181915614843798,-0.01283700780026975
2012-08-10,0.6302527809021482,0.012061219417768387
2012-08-13,0.6972569616734575,0.06700418077130932
2012-08-14,0.6993244651482915,0.002067503474833976
2012-08-16,0.6049132628808526,-0.09441120226743893
2012-08-17,0.6300507112491808,0.025137448368328208
2012-08-21,0.6983326432263706,0.06828193197718979
2012-08-22,0.6296707547705662,-0.06866188845580434
2012-08-23,0.6304528142878594,0.0007820595172931544
2012-08-24,0.6283989900507568,-0.0020538242371025417
2012-08-27,0.5945288638629295,-0.033870126187827365
2012-08-29,0.594032933609656,-0.0004959302532734355
2012-08-30,0.6156579736131008,0.021625040003444784
2012-08-31,0.5889559589075521,-0.02670201470554867
2012-09-03,0.6256892197479016,0.036733260840349446
2012-09-04,0.6624425550062362,0.036753335258334574
2012-09-05,0.625218484869476,-0.03722407013676021
2012-09-06,0.6372631847809012,0.012044699911425205
2012-09-07,0.6384252386492443,0.0011620538683431159
2012-09-10,0.6363157804914709,-0.002109458157773414
2012-09-11,0.6951804859041236,0.05886470541265276
2012-09-12,0.6974102049915428,0.002229719087419202
2012-09-13,0.6338332294653641,-0.06357697552617869
2012-09-14,0.5321951782283514,-0.10163805123701275
2012-09-17,0.629598675883626,0.09740349765527456
2012-09-18,0.62939663373516,-0.00020204214846597512
2012-09-20,0.6260157426182003,-0.0033808911169597167
2012-09-21,0.5846756397860174,-0.04134010283218281
2012-09-24,0.6234483108113776,0.038772671025360195
2012-09-25,0.6307214553964217,0.007273144585044022
2012-09-26,0.6295250500654399,-0.0011964053309817535
2012-09-27,0.622473987603413,-0.0070510624620269136
2012-09-28,0.6411266902240653,0.01865270262065233
2012-10-01,0.6352570995520702,-0.005869590671995106
2012-10-03,0.6345823905102168,-0.0006747090418534052
2012-10-04,0.699355502170512,0.0647731116602952
2012-10-05,0.20744405593855048,-0.49191144623196154
2012-10-08,0.5886994395237083,0.3812553835851578
2012-10-09,0.6349860104623445,0.046286570938636196
2012-10-10,0.6236960720078535,-0.011289938454491
2012-10-11,0.6903087286310564,0.06661265662320293
2012-10-12,0.6280629470161666,-0.062245781614889806
2012-10-15,0.6326385049198385,0.004575557903671923
2012-10-16,0.5943622968163739,-0.03827620810346466
2012-10-17,0.6329876193904915,0.03862532257411766
2012-10-18,0.698559331262336,0.06557171187184452
2012-10-19,0.6273338224323224,-0.07122550883001366
2012-10-22,0.6987414037465352,0.07140758131421276
2012-10-23,0.6060291283164552,-0.09271227543007998
2012-10-25,0.6355434458507011,0.029514317534245937
2012-10-29,0.6263396888694006,-0.009203756981300493
2012-10-30,0.5918698090918921,-0.03446987977750848
2012-10-31,0.6530032187640541,0.061133409672161965
2012-11-01,0.6964596119354344,0.04345639317138028
2012-11-02,0.6386468384366935,-0.05781277349874092
2012-11-05,0.6327156599543644,-0.005931178482329047
2012-11-06,0.6875503750313909,0.05483471507702653
2012-11-07,0.6992829834332472,0.011732608401856304
2012-11-08,0.6006078714309465,-0.09867511200230072
2012-11-09,0.5943172640153529,-0.006290607415593619
2012-11-12,0.6291543170891772,0.03483705307382434
2012-11-15,0.6250685582977796,-0.004085758791397609
2012-11-16,0.5931845531137113,-0.03188400518406831
2012-11-19,0.6294171846085351,0.03623263149482381
2012-11-20,0.6139978355236885,-0.015419349084846656
2012-11-21,0.6951531918658123,0.08115535634212379
2012-11-22,0.6346678602507984,-0.060485331615013904
2012-11-23,0.6303396848666973,-0.004328175384101018
2012-11-26,0.6336326987730931,0.003293013906395803
2012-11-27,0.6980788752479771,0.06444617647488393
2012-11-29,0.6983708716165423,0.00029199636856525046
2012-11-30,0.6997923567011981,0.0014214850846557825
2012-12-03,0.6301022087045495,-0.06969014799664863
2012-12-04,0.6555409737381974,0.025438765033647948
2012-12-05,0.6341295015034439,-0.02141147223475348
2012-12-06,0.6142997196824199,-0.019829781821024017
2012-12-07,0.6199908881042466,0.005691168421826709
2012-12-10,0.6316604458055249,0.01166955770127831
2012-12-11,0.6286189619059471,-0.0030414838995778126
2012-12-12,0.6047086484842876,-0.0239103134216595
2012-12-13,0.5945103661962884,-0.010198282287999239
2012-12-14,0.694834154747602,0.10032378855131363
2012-12-17,0.6292900114391282,-0.0655441433084738
2012-12-18,0.6313407295092576,0.0020507180701293537
2012-12-19,0.6373709609816196,0.006030231472362035
2012-12-20,0.6286985327480641,-0.008672428233555518
2012-12-21,0.5932965446532241,-0.035401988094839965
2012-12-24,0.6328354140559056,0.039538869402681476
2012-12-26,0.6994639084443137,0.06662849438840812
2012-12-27,0.5941517642931938,-0.10531214415111989
2012-12-28,0.6614858814242345,0.06733411713104065
2012-12-31,0.6322408846398894,-0.029244996784345112
2013-01-02,0.6319782236616031,-0.00026266097828631096
2013-01-03,0.6348364317644952,0.002858208102892168
2013-01-04,0.6324921374212443,-0.0023442943432508967
2013-01-07,0.5943089947997499,-0.03818314262149447
2013-01-08,0.6336784444878976,0.039369449688147706
2013-01-09,0.59529493330668,-0.03838351118121752
2013-01-10,0.6169125768023316,0.02161764349565154
2013-01-11,0.5934280054673716,-0.02348457133495996
2013-01-14,0.6991502005387903,0.10572219507141867
2013-01-15,0.6364955380141091,-0.06265466252468121
2013-01-16,0.5944588520111871,-0.042036686002921986
2013-01-17,0.6975971660746315,0.10313831406344443
2013-01-18,0.6365748571373588,-0.06102230893727267
2013-01-21,0.635534407371195,-0.001040449766163798
2013-01-22,0.5991351284740813,-0.036399278897113696
2013-01-23,0.631017771556442,0.03188264308236066
2013-01-24,0.613672462869035,-0.017345308687407024
2013-01-25,0.6994087858540458,0.08573632298501077
2013-01-28,0.6326310373259623,-0.06677774852808349
2013-01-29,0.6280301972338604,-0.004600840092101821
2013-01-30,0.6326290562404565,0.004598859006596068
2013-01-31,0.6288200706491178,-0.003808985591338687
2013-02-01,0.5944826419533318,-0.03433742869578604
2013-02-04,0.5981120199046819,0.003629377951350099
2013-02-05,0.628732824672778,0.030620804768096144
2013-02-06,0.6314245349771701,0.002691710304392081
2013-02-07,0.627411179664697,-0.004013355312473155
2013-02-08,0.6224926944827311,-0.004918485181965804
2013-02-11,0.6269478541378187,0.004455159655087582
2013-02-12,0.6884866499710256,0.06153879583320687
2013-02-13,0.6325209387901526,-0.05596571118087301
2013-02-14,0.5946257845033074,-0.0378951542868452
2013-02-15,0.6282473762176962,0.03362159171438883
2013-02-18,0.6333809487682163,0.005133572550520049
2013-02-19,0.6989441741055654,0.06556322533734915
2013-02-20,0.6423475386205377,-0.05659663548502769
2013-02-21,0.593326207496419,-0.04902133112411877
2013-02-22,0.6301704067289643,0.03684419923254534
2013-02-25,0.6309075925198506,0.00073718579088633
2013-02-26,0.5932786046481232,-0.037628987871727415
2013-02-27,0.6325440573085265,0.039265452660403266
2013-02-28,0.5112217111833959,-0.1213223461251306
2013-03-01,0.630493553153848,0.11927184197045215
2013-03-04,0.6273755999785441,-0.0031179531753039447
2013-03-05,0.6984206120474766,0.07104501206893254
2013-03-06,0.6383149980049111,-0.060105614042565536
2013-03-07,0.6985868422945795,0.060271844289668364
2013-03-08,0.6996041332710382,0.0010172909764587512
2013-03-11,0.6311158835941526,-0.0684882496768856
2013-03-12,0.6013341425255548,-0.029781741068597767
2013-03-13,0.5937529655290815,-0.0075811769964733156
2013-03-14,0.5113450990768996,-0.0824078664521819
2013-03-15,0.5588807946911469,0.04753569561424731
2013-03-18,0.6225093518200914,0.06362855712894444
2013-03-19,0.5586031369083253,-0.06390621491176607
2013-03-20,0.5928139702173701,0.03421083330904484
2013-03-21,0.5571239081093851,-0.03569006210798509
2013-03-22,0.6286524928221232,0.07152858471273815
2013-03-25,0.5776706656555641,-0.05098182716655908
2013-03-26,0.6440039462660925,0.06633328061052834
2013-03-28,0.6312229497382754,-0.012780996527817057
2013-04-01,0.6345673414778138,0.003344391739538377
2013-04-02,0.6991987289766223,0.06463138749880848
2013-04-03,0.5943506907968621,-0.10484803817976018
2013-04-04,0.5919641264741979,-0.002386564322664153
2013-04-05,0.6268420793228726,0.034877952848674676
2013-04-08,0.6295324726242828,0.0026903933014101877
2013-04-09,0.5817758953536648,-0.047756577270617995
2013-04-10,0.5939370821307185,0.01216118677705369
2013-04-11,0.6309341244477423,0.03699704231702383
2013-04-12,0.6265751292214641,-0.0043589952262782505
2013-04-15,0.679814804647848,0.05323967542638397
2013-04-16,0.5624451221013451,-0.11736968254650293
2013-04-17,0.6298177664514358,0.06737264435009072
2013-04-18,0.6855158468494863,0.055698080398050465
2013-04-22,0.6993400084766135,0.013824161627127185
2013-04-23,0.631030660274989,-0.06830934820162449
2013-04-25,0.6992482991462005,0.06821763887121146
2013-04-26,0.5973494062870254,-0.10189889285917508
2013-04-29,0.6659983523377204,0.06864894605069505
2013-04-30,0.6291300937492595,-0.03686825858846088
2013-05-02,0.6920873281001739,0.06295723435091438
2013-05-03,0.5944402003047153,-0.09764712779545859
2013-05-06,0.6599018934997397,0.06546169319502437
2013-05-07,0.6993240009412944,0.03942210744155472
2013-05-08,0.63362905729634,-0.06569494364495443
2013-05-09,0.6008846655190092,-0.032744391777330795
2013-05-10,0.699219294990964,0.09833462947195482
2013-05-13,0.5722105782159513,-0.1270087167750127
2013-05-14,0.6317641419432571,0.0595535637273058
2013-05-15,0.6239109933188134,-0.007853148624443751
2013-05-16,0.6894980005788345,0.06558700726002109
2013-05-17,0.6328564430428062,-0.056641557536028286
2013-05-20,0.5946195772077523,-0.038236865835053924
2013-05-21,0.5948824935531991,0.00026291634544683973
2013-05-22,0.6114676600385596,0.01658516648536046
2013-05-23,0.5501476763342221,-0.061319983704337444
2013-05-24,0.6294045273565836,0.07925685102236146
2013-05-27,0.684530446243957,0.05512591888737339
2013-05-28,0.6325290109558618,-0.0520014352880952
2013-05-29,0.629491311840851,-0.003037699115010728
2013-05-30,0.6927172834233858,0.06322597158253473
2013-05-31,0.5727740978710472,-0.11994318555233863
2013-06-03,0.5913024926867957,0.018528394815748528
2013-06-04,0.627155948698883,0.03585345601208734
2013-06-05,0.6309785013728448,0.00382255267396181
2013-06-06,0.6300874414212648,-0.0008910599515800088
2013-06-07,0.6202845334977515,-0.009802907923513349
2013-06-10,0.6269497706452256,0.0066652371474741345
2013-06-11,0.5926988369630961,-0.0342509336821295
2013-06-12,0.6265421306132755,0.03384329365017935
2013-06-13,0.6278132204316493,0.0012710898183738717
2013-06-14,0.6952456293515928,0.06743240891994351
2013-06-17,0.6320364144910305,-0.0632092148605623
2013-06-18,0.6066059226780374,-0.025430491812993172
2013-06-19,0.6315551426838687,0.02494922000583133
2013-06-20,0.5125717946840106,-0.1189833479998581
2013-06-21,0.6268403328449759,0.11426853816096527
2013-06-24,0.5923152130831313,-0.03452511976184458
2013-06-25,0.6228642362256103,0.03054902314247898
2013-06-26,0.5948585716944388,-0.02800566453117148
2013-06-27,0.6745367087602079,0.0796781370657691
2013-06-28,0.6175744022107144,-0.056962306549493524
2013-07-01,0.6922849084623106,0.07471050625159625
2013-07-02,0.5978711907097313,-0.09441371775257934
2013-07-03,0.5887899265127053,-0.009081264197025929
2013-07-04,0.6985557498518521,0.10976582333914675
2013-07-05,0.6517650218722989,-0.04679072797955319
2013-07-08,0.6250542682663629,-0.026710753605936
2013-07-09,0.6978147163671641,0.07276044810080118
2013-07-10,0.5945787346371362,-0.1032359817300279
2013-07-11,0.6501969026349274,0.05561816799779118
2013-07-12,0.6300788389134651,-0.020118063721462298
2013-07-15,0.6913407693139331,0.06126193040046801
2013-07-16,0.6240358259820334,-0.06730494333189962
2013-07-17,0.6319477739535362,0.007911947971502742
2013-07-18,0.699190473194951,0.0672426992414148
2013-07-19,0.6154453272713966,-0.08374514592355442
2013-07-22,0.63025564157189,0.014810314300493399
2013-07-23,0.638983572970077,0.008727931398187061
2013-07-24,0.5823720989323725,-0.0566114740377045
2013-07-25,0.591489013324678,0.009116914392305442
2013-07-26,0.5941650543076135,0.0026760409829355014
2013-07-29,0.5943091724736752,0.00014411816606174632
2013-07-30,0.5927759732764235,-0.0015331991972517
2013-07-31,0.6275608453349564,0.03478487205853287
2013-08-01,0.5115478919225012,-0.11601295341245521
2013-08-02,0.5265642098612852,0.015016317938783996
2013-08-05,0.6293936043441467,0.10282939448286155
2013-08-06,0.5224591116955748,-0.10693449264857191
2013-08-07,0.6095215127304786,0.08706240103490381
2013-08-08,0.6976001754908019,0.08807866276032328
2013-08-12,0.6295448894065521,-0.06805528608424982
2013-08-13,0.6574974617360351,0.027952572329483005
2013-08-14,0.6416137881985284,-0.015883673537506637
2013-08-16,0.5110423007938192,-0.13057148740470925
2013-08-19,0.5111494267575777,0.00010712596375850314
2013-08-20,0.5112434393734326,9.40126158549548e-05
2013-08-21,0.5110423007774856,-0.00020113859594705907
2013-08-22,0.5110444972950398,2.1965175541760473e-06
2013-08-23,0.5117267315002276,0.0006822342051878705
2013-08-26,0.6261640021435255,0.1144372706432979
2013-08-27,0.5110455651228167,-0.11511843702070879
2013-08-28,0.5110423007774871,-3.2643453296010705e-06
2013-08-29,0.5138186041086631,0.0027763033311759555
2013-08-30,0.5110424050940019,-0.002776199014661196
2013-09-02,0.656782933762049,0.1457405286680471
2013-09-03,0.5110423007774856,-0.1457406329845634
2013-09-04,0.5110480452565014,5.744479015801218e-06
2013-09-05,0.5110555959146381,7.5506581367346115e-06
2013-09-06,0.5110732892004748,1.7693285836672956e-05
2013-09-10,0.5110459148275563,-2.7374372918442802e-05
2013-09-11,0.6168313034091003,0.10578538858154396
2013-09-12,0.5879079804976257,-0.02892332291147459
2013-09-13,0.6294353347054885,0.0415273542078628
2013-09-16,0.511042847816426,-0.11839248688906256
2013-09-17,0.6302447448230432,0.11920189700661721
2013-09-18,0.6344626357360408,0.004217890912997624
2013-09-19,0.5110426597524722,-0.12341997598356858
2013-09-20,0.5110423008559668,-3.588965054035498e-07
2013-09-23,0.5110567892578235,1.4488401856693756e-05
2013-09-24,0.5732421703848313,0.06218538112700778
2013-09-25,0.6132475481972965,0.04000537781246527
2013-09-26,0.6312966894837426,0.01804914128644608
2013-09-27,0.5939522183492679,-0.0373444711344747
2013-09-30,0.5916476047374108,-0.002304613611857076
2013-10-01,0.6300959097509702,0.038448305013559336
2013-10-03,0.6869115107856624,0.05681560103469219
2013-10-04,0.6304312882584034,-0.05648022252725893
2013-10-07,0.6300595854976598,-0.00037170276074360853
2013-10-08,0.6937867281004673,0.06372714260280743
2013-10-09,0.6188882817964743,-0.074898446303993
2013-10-10,0.632268175771974,0.013379893975499768
2013-10-11,0.6370386507806179,0.004770475008643915
2013-10-14,0.6361929546186631,-0.0008456961619548453
2013-10-15,0.591707805868596,-0.04448514875006715
2013-10-17,0.5943636562955875,0.0026558504269915684
2013-10-18,0.6701999236493328,0.07583626735374527
2013-10-21,0.6326715807816665,-0.037528342867666264
2013-10-22,0.6308097242918255,-0.0018618564898410517
2013-10-23,0.6269809650101882,-0.003828759281637284
2013-10-24,0.6207466596146988,-0.0062343053954894145
2013-10-25,0.6280577422155182,0.007311082600819474
2013-10-28,0.5944810042073781,-0.033576738008140095
2013-10-29,0.6071751435444706,0.012694139337092403
2013-10-30,0.6379925314082995,0.030817387863828927
2013-10-31,0.6987614388424161,0.06076890743411667
2013-11-01,0.6326133968376337,-0.06614804200478241
2013-11-05,0.6077789919324119,-0.02483440490522182
2013-11-06,0.5945374827817673,-0.013241509150644593
2013-11-07,0.5898370194722262,-0.004700463309541103
2013-11-08,0.6080928473178019,0.018255827845575667
2013-11-11,0.6031656648379878,-0.004927182479814052
2013-11-12,0.5941351165398508,-0.009030548298136987
2013-11-13,0.6266691637971904,0.03253404725733955
2013-11-14,0.6383366460957651,0.011667482298574727
2013-11-18,0.6929177987430987,0.05458115264733354
2013-11-19,0.6347699945236801,-0.058147804219418564
2013-11-20,0.5937031597028156,-0.041066834820864484
2013-11-21,0.5852645576598214,-0.008438602042994181
2013-11-22,0.6241091516338239,0.03884459397400242
2013-11-25,0.6958671018047544,0.07175795017093056
2013-11-26,0.594426681500028,-0.10144042030472644
2013-11-27,0.629743679553987,0.03531699805395905
2013-11-28,0.6375642162779346,0.007820536723947558
2013-11-29,0.6983673929582722,0.060803176680337634
2013-12-02,0.699666227535906,0.0012988345776338006
2013-12-03,0.6303093790984013,-0.06935684843750467
2013-12-04,0.6147231310504205,-0.01558624804798081
2013-12-05,0.6405909465450107,0.025867815494590163
2013-12-06,0.651698459427829,0.011107512882818305
2013-12-09,0.6980820684831391,0.04638360905531014
2013-12-10,0.6271579269720975,-0.07092414151104165
2013-12-11,0.627148101604685,-9.825367412452657e-06
2013-12-12,0.5937202039299407,-0.0334278976747443
2013-12-13,0.592938461899681,-0.0007817420302597133
2013-12-16,0.6284360948592406,0.035497632959559544
2013-12-17,0.5969814855054351,-0.03145460935380551
2013-12-18,0.6968157843299452,0.09983429882451011
2013-12-19,0.5927282453118524,-0.10408753901809276
2013-12-20,0.6961548171778542,0.10342657186600179
2013-12-23,0.6324517221153664,-0.06370309506248784
2013-12-24,0.6026557985245797,-0.029795923590786644
2013-12-26,0.6324973647204768,0.029841566195897062
2013-12-27,0.653444040313511,0.020946675593034203
2013-12-30,0.5949121770137288,-0.058531863299782216
2013-12-31,0.6340527336709842,0.039140556657255465
2014-01-02,0.5333373119887299,-0.10071542168225434
2014-01-03,0.6290906058829275,0.09575329389419762
2014-01-06,0.6074845226721595,-0.021606083210768068
2014-01-07,0.5944703160202648,-0.013014206651894678
2014-01-08,0.6338858209100924,0.03941550488982759
2014-01-09,0.6300604428758262,-0.0038253780342661914
2014-01-10,0.6290383768085084,-0.0010220660673178061
2014-01-13,0.6983831362883719,0.06934475947986352
2014-01-14,0.6279363413258385,-0.07044679496253337
2014-01-15,0.6986343872448958,0.07069804591905726
2014-01-16,0.630811615101611,-0.0678227721432848
2014-01-17,0.5941388717115842,-0.036672743390026796
2014-01-20,0.6989172752070902,0.10477840349550605
2014-01-21,0.6340110674918796,-0.0649062077152106
2014-01-22,0.6441958643005122,0.010184796808632601
2014-01-23,0.6332299489790647,-0.010965915321447528
2014-01-24,0.5927945826273506,-0.040435366351714075
2014-01-27,0.5153923204171181,-0.0774022622102325
2014-01-28,0.6245193275077546,0.1091270070906365
2014-01-29,0.603574289034835,-0.02094503847291962
2014-01-30,0.6257299966564139,0.022155707621578924
2014-01-31,0.6346323622833298,0.00890236562691582
2014-02-03,0.5934257957889463,-0.04120656649438348
2014-02-04,0.5968756908758118,0.003449895086865551
2014-02-05,0.6319399018194072,0.03506421094359535
2014-02-06,0.6304496127077918,-0.001490289111615417
2014-02-07,0.6347782679265774,0.004328655218785671
2014-02-10,0.6273166655557257,-0.007461602370851694
2014-02-11,0.6331723361555341,0.005855670599808405
2014-02-12,0.6362581118045921,0.003085775649057987
2014-02-13,0.5935540014595023,-0.04270411034508981
2014-02-14,0.635096764904319,0.041542763444816666
2014-02-18,0.6992861666271748,0.06418940172285581
2014-02-19,0.6497610742212897,-0.049525092405885096
2014-02-20,0.5938482320082864,-0.0559128422130033
2014-02-21,0.6985468855101603,0.1046986535018739
2014-02-24,0.6989110594081486,0.0003641738979882625
2014-02-25,0.6341927721572268,-0.06471828725092177
2014-02-26,0.6985770375126492,0.06438426535542241
2014-02-28,0.6994420227066716,0.0008649851940223385
2014-03-03,0.5945810154615561,-0.10486100724511549
2014-03-04,0.6942179116577587,0.09963689619620264
2014-03-05,0.6364160031792202,-0.0578019084785385
2014-03-06,0.6993779038982576,0.0629619007190374
2014-03-07,0.696703499065212,-0.002674404833045596
2014-03-10,0.6591539501399999,-0.03754954892521212
2014-03-11,0.6263795881066585,-0.03277436203334139
2014-03-12,0.6309282570664583,0.004548668959799773
2014-03-13,0.6280655537018726,-0.002862703364585717
2014-03-14,0.6508839943664625,0.022818440664589934
2014-03-18,0.6310328215034451,-0.019851172863017408
2014-03-19,0.632934097152448,0.001901275649002887
2014-03-20,0.6170543524483724,-0.015879744704075605
2014-03-21,0.6375075669742942,0.02045321452592186
2014-03-24,0.6988697921263152,0.061362225152020944
2014-03-25,0.6524583945881364,-0.0464113975381788
2014-03-26,0.6327258722407745,-0.01973252234736189
2014-03-27,0.636803910674853,0.004078038434078501
2014-03-28,0.6404581354821595,0.003654224807306483
2014-03-31,0.6310729569006616,-0.0093851785814979
2014-04-01,0.6328087664716943,0.0017358095710326982
2014-04-02,0.6371197443869449,0.004310977915250591
2014-04-03,0.6174154949406372,-0.019704249446307665
2014-04-04,0.5944579024986788,-0.022957592441958385
2014-04-07,0.6294568803152488,0.03499897781657002
2014-04-09,0.6980969516797262,0.06864007136447736
2014-04-10,0.6320202478909517,-0.0660767037887745
2014-04-11,0.6281789572825442,-0.0038412906084074327
2014-04-15,0.5939464818679085,-0.0342324754146357
2014-04-16,0.5943719353450293,0.0004254534771207519
2014-04-17,0.6987357530902315,0.1043638177452022
2014-04-21,0.6945981642071956,-0.0041375888830359475
2014-04-22,0.6322441552963486,-0.06235400891084697
2014-04-23,0.636187934998434,0.00394377970208537
2014-04-25,0.594383812099509,-0.04180412289892499
2014-04-28,0.6270023287568413,0.032618516657332286
2014-04-29,0.594509211548995,-0.0324931172078462
2014-04-30,0.6208688094520995,0.026359597903104492
2014-05-02,0.6305074198834713,0.009638610431371708
2014-05-05,0.6308660280952886,0.00035860821181732394
2014-05-06,0.6342686092652615,0.0034025811699729402
2014-05-07,0.5944610752426067,-0.0398075340226548
2014-05-08,0.6314371761558912,0.036976100913284515
2014-05-09,0.5110612206350849,-0.12037595552080638
2014-05-12,0.5117121131795657,0.0006508925444808078
2014-05-13,0.5486362692292763,0.036924156049710666
2014-05-14,0.6297706784616267,0.08113440923235038
2014-05-15,0.6315536375886847,0.0017829591270579481
2014-05-16,0.5110423007774856,-0.12051133681119908
2014-05-19,0.6114499137122713,0.10040761293478573
2014-05-20,0.6295377255292425,0.018087811816971167
2014-05-21,0.6284455913794578,-0.001092134149784707
2014-05-22,0.6333312118111042,0.00488562043164642
2014-05-23,0.699187174176263,0.06585596236515878
2014-05-26,0.5110423034411585,-0.18814487073510444
2014-05-27,0.575600158134284,0.06455785469312547
2014-05-28,0.6329079932760101,0.057307835141726104
2014-05-29,0.5942283502156859,-0.03867964306032423
2014-05-30,0.5386479502878314,-0.05558039992785446
2014-06-02,0.6430456765302024,0.10439772624237098
2014-06-03,0.6669892574811767,0.023943580950974264
2014-06-04,0.6301292795397441,-0.03685997794143259
2014-06-05,0.6840594874566,0.05393020791685588
2014-06-06,0.6974676364789263,0.013408149022326343
2014-06-09,0.6369569595034374,-0.06051067697548884
2014-06-10,0.6304130921121177,-0.006543867391319735
2014-06-11,0.6125435377021788,-0.01786955440993887
2014-06-12,0.633375268899136,0.020831731196957137
2014-06-13,0.590579845438222,-0.04279542346091403
2014-06-16,0.6283047942574389,0.03772494881921695
2014-06-17,0.6975561126273295,0.06925131836989062
2014-06-18,0.5872533793358973,-0.11030273329143225
2014-06-19,0.6241458203861974,0.036892441050300095
2014-06-20,0.6153135317108435,-0.008832288675353905
2014-06-23,0.6290016106259407,0.013688078915097268
2014-06-24,0.6993438326649672,0.07034222203902651
2014-06-25,0.6306138477412959,-0.06872998492367133
2014-06-26,0.5943810718085253,-0.03623277593277063
2014-06-27,0.6327569812812898,0.03837590947276448
2014-06-30,0.6992727533701663,0.06651577208887649
2014-07-01,0.635732576323913,-0.06354017704625325
2014-07-02,0.6987194719304298,0.06298689560651682
2014-07-03,0.6305051789570097,-0.06821429297342008
2014-07-04,0.6322428972809122,0.0017377183239024596
2014-07-07,0.6368977313114336,0.00465483403052136
2014-07-08,0.5155735611897667,-0.12132417012166685
2014-07-09,0.5761514723029784,0.06057791111321165
2014-07-10,0.5110423007974048,-0.0651091715055736
2014-07-11,0.5149536473116485,0.003911346514243741
2014-07-14,0.6298925216212679,0.11493887430961935
2014-07-15,0.6636797842298364,0.03378726260856857
2014-07-16,0.6960108709451357,0.03233108671529927
2014-07-17,0.6500098208553452,-0.046001050089790496
2014-07-18,0.6321901506126225,-0.017819670242722685
2014-07-21,0.6341393327125001,0.0019491820998776
2014-07-22,0.6992315999794684,0.06509226726696826
2014-07-23,0.6354960289025758,-0.06373557107689254
2014-07-24,0.6571986936924533,0.02170266478987748
2014-07-25,0.6202590766274324,-0.03693961706502091
2014-07-28,0.5952712975496612,-0.024987779077771166
2014-07-30,0.6689316373027165,0.0736603397530553
2014-07-31,0.5944973442299755,-0.07443429307274108
2014-08-01,0.5705488873520879,-0.023948456877887603
2014-08-04,0.6950666600446739,0.12451777269258602
2014-08-05,0.6320711361660658,-0.06299552387860807
2014-08-06,0.5943048481458554,-0.037766288020210426
2014-08-07,0.6270399649702971,0.032735116824441746
2014-08-08,0.627950516240697,0.0009105512703998508
2014-08-11,0.6384832847297575,0.010532768489060484
2014-08-12,0.6765919761117786,0.03810869138202111
2014-08-13,0.6324480343213964,-0.04414394179038217
2014-08-14,0.6908440703145746,0.05839603599317822
2014-08-18,0.6994508870468404,0.00860681673226582
2014-08-19,0.6359259106937423,-0.06352497635309817
2014-08-20,0.5991109066271972,-0.03681500406654503
2014-08-21,0.6322180412017891,0.03310713457459191
2014-08-22,0.6346083243476973,0.0023902831459081675
2014-08-25,0.6293606349746893,-0.005247689373008013
2014-08-26,0.6286060163669046,-0.0007546186077846961
2014-08-27,0.6364387807011745,0.007832764334269937
2014-08-28,0.6339315396007434,-0.0025072411004311013
2014-09-01,0.6987776730785741,0.06484613347783064
2014-09-02,0.6993408771535864,0.0005632040750123135
2014-09-03,0.636387321414955,-0.06295355573863137
2014-09-04,0.6290209974548562,-0.007366323960098842
2014-09-05,0.6292906542904457,0.000269656835589549
2014-09-08,0.6987445791170395,0.06945392482659374
2014-09-09,0.630095791915343,-0.06864878720169643
2014-09-10,0.5944784167074972,-0.0356173752078458
2014-09-11,0.6276970403064158,0.033218623598918584
2014-09-12,0.6343266361492261,0.00662959584281031
2014-09-15,0.6149077079254888,-0.019418928223737364
2014-09-16,0.5936999332922955,-0.021207774633193233
2014-09-17,0.6376747579633519,0.0439748246710564
2014-09-18,0.6084924441162292,-0.029182313847122776
2014-09-19,0.6319629453782872,0.023470501262058074
2014-09-22,0.6857214677042671,0.053758522325979885
2014-09-23,0.5930371414031128,-0.09268432630115431
2014-09-24,0.6284613279327433,0.03542418652963053
2014-09-25,0.5932241455943212,-0.0352371823384221
2014-09-26,0.5353405207379941,-0.05788362485632714
2014-09-29,0.6299550977970363,0.0946145770590422
2014-09-30,0.6304341252062222,0.0004790274091859281
2014-10-01,0.6294132899162418,-0.0010208352899804263
2014-10-07,0.5947903186568455,-0.034622971259396285
2014-10-08,0.6292049822792919,0.034414663622446384
2014-10-09,0.698842203200649,0.06963722092135716
2014-10-10,0.5937173345992622,-0.10512486860138681
2014-10-13,0.6527422195192035,0.05902488491994129
2014-10-14,0.5942853486115967,-0.05845687090760687
2014-10-16,0.5578765468276101,-0.03640880178398653
2014-10-17,0.643370563958939,0.08549401713132887
2014-10-20,0.6376426506246339,-0.0057279133343051125
2014-10-21,0.6369716388324277,-0.0006710117922061887
2014-10-22,0.6377494239024968,0.0007777850700690925
2014-10-27,0.5980651247357819,-0.0396842991667149
2014-10-28,0.6459891049593502,0.04792398022356836
2014-10-29,0.6381456550671399,-0.007843449892210308
2014-10-30,0.6989846608723256,0.06083900580518564
2014-10-31,0.6986798010164224,-0.00030485985590322784
2014-11-03,0.6320413644788906,-0.06663843653753176
2014-11-05,0.6333741668650711,0.0013328023861804983
2014-11-07,0.6300234857398462,-0.0033506811252248525
2014-11-10,0.6307217093143982,0.0006982235745519594
2014-11-11,0.633578758766166,0.0028570494517677902
2014-11-12,0.6348111153669538,0.0012323566007877984
2014-11-13,0.5988521502163517,-0.03595896515060204
2014-11-14,0.644023613811091,0.045171463594739225
2014-11-17,0.6952910838369215,0.05126747002583054
2014-11-18,0.6314676976136147,-0.06382338622330685
2014-11-19,0.5945477711560102,-0.036919926457604446
2014-11-20,0.6336490629742139,0.039101291818203654
2014-11-21,0.6994701236554368,0.06582106068122295
2014-11-24,0.6981426759874885,-0.001327447667948345
2014-11-25,0.5945894130705741,-0.10355326291691436
2014-11-26,0.6323644918133665,0.0377750787427924
2014-11-27,0.6336085888487335,0.0012440970353669867
2014-11-28,0.6993677127363895,0.06575912388765603
2014-12-01,0.596375506506044,-0.10299220623034555
2014-12-02,0.6274356702502251,0.03106016374418108
2014-12-03,0.633498478155092,0.006062807904866907
2014-12-04,0.6314436694409317,-0.0020548087141603055
2014-12-05,0.5977800109556103,-0.03366365848532138
2014-12-08,0.5939876768929484,-0.003792334062661884
2014-12-09,0.5940727456874062,8.50687944577988e-05
2014-12-10,0.6494139621838784,0.05534121649647217
2014-12-11,0.5948048350348215,-0.05460912714905686
2014-12-12,0.5944730591166202,-0.0003317759182013269
2014-12-15,0.6039053464886638,0.009432287372043602
2014-12-16,0.5906436035917522,-0.013261742896911621
2014-12-17,0.6249527141715422,0.034309110579790025
2014-12-18,0.6272284893148661,0.002275775143323888
2014-12-19,0.6388011348252427,0.011572645510376622
2014-12-22,0.6990893164173992,0.06028818159215654
2014-12-23,0.59453662544463,-0.1045526909727692
2014-12-24,0.5942419348964068,-0.00029469054822328644
2014-12-26,0.63201563011207,0.037773695215663206
2014-12-29,0.648278173475209,0.016262543363139037
2014-12-30,0.6317580371165241,-0.016520136358684878
2014-12-31,0.6895871888809795,0.057829151764455355
2015-01-02,0.6994036783428794,0.009816489461899947
2015-01-05,0.6290925037063272,-0.07031117463655223
2015-01-06,0.5112121656351847,-0.11788033807114251
2015-01-07,0.6277511158028289,0.11653895016764426
2015-01-08,0.684837275344981,0.057086159542152015
2015-01-09,0.6308593855895803,-0.05397788975540063
2015-01-12,0.6339253163164933,0.0030659307269129688
2015-01-13,0.600293131776062,-0.033632184540431265
2015-01-14,0.6276212221805834,0.027328090404521332
2015-01-15,0.5111464917570089,-0.11647473042357448
2015-01-16,0.6301922980353003,0.11904580627829142
2015-01-19,0.6371329924575899,0.006940694422289617
2015-01-20,0.6977339631874182,0.060600970729828285
2015-01-21,0.6359693444892653,-0.06176461869815286
2015-01-22,0.6353732195164788,-0.0005961249727864937
2015-01-23,0.6384821402426349,0.0031089207261560947
2015-01-27,0.6408667665255925,0.002384626282957547
2015-01-28,0.6303235079350584,-0.010543258590534066
2015-01-29,0.6518684230392744,0.021544915104215967
2015-01-30,0.5298620420443848,-0.12200638099488958
2015-02-02,0.6280279309563307,0.09816588891194589
2015-02-03,0.5943429010513209,-0.03368502990500977
2015-02-04,0.5947822207447169,0.00043931969339594534
2015-02-05,0.6246709811333192,0.02988876038860233
2015-02-06,0.6188907053354757,-0.005780275797843459
2015-02-09,0.5818460481984434,-0.03704465713703231
2015-02-10,0.5112272508252123,-0.07061879737323118
2015-02-11,0.6340370205666317,0.12280976974141944
2015-02-12,0.6286822356259665,-0.005354784940665214
2015-02-13,0.6991743321486917,0.07049209652272526
2015-02-16,0.6311961995698246,-0.06797813257886709
2015-02-18,0.6991517496027058,0.06795555003288112
2015-02-19,0.6310943017088564,-0.06805744789384938
2015-02-20,0.5945155551146111,-0.036578746594245315
2015-02-23,0.5942809541783274,-0.00023460093628369094
2015-02-24,0.6307140362046262,0.0364330820262988
2015-02-25,0.6303638758643602,-0.0003501603402660258
2015-02-26,0.5943518377288591,-0.03601203813550102
2015-02-27,0.6979188095754929,0.10356697184663377
2015-03-02,0.6379736694799906,-0.059945140095502336
2015-03-03,0.6358553653912596,-0.002118304088730927
2015-03-04,0.5111926367520091,-0.12466272863925054
2015-03-05,0.6260705818893886,0.11487794513737948
2015-03-09,0.5798454686164219,-0.046225113272966634
2015-03-10,0.5939498783357187,0.014104409719296718
2015-03-11,0.6278704435377502,0.03392056520203157
2015-03-12,0.6901091842735664,0.062238740735816145
2015-03-13,0.5115331277230447,-0.17857605655052167
2015-03-16,0.6292847790790626,0.11775165135601784
2015-03-17,0.6343449082007241,0.0050601291216615385
2015-03-18,0.5949360906051534,-0.03940881759557069
2015-03-19,0.5790717885009493,-0.015864302104204087
2015-03-20,0.5939283332654973,0.014856544764548008
2015-03-23,0.6030619411026581,0.009133607837160773
2015-03-24,0.6290558069064642,0.025993865803806138
2015-03-25,0.6105803720936047,-0.018475434812859515
2015-03-26,0.5728834171568418,-0.03769695493676295
2015-03-27,0.5965624353822925,0.02367901822545071
2015-03-30,0.688715064153231,0.09215262877093855
2015-03-31,0.6300599119683911,-0.058655152184839965
2015-04-01,0.6976451462780516,0.06758523430966057
2015-04-06,0.6641712713805222,-0.0334738748975294
2015-04-07,0.6304760020742799,-0.03369526930624234
2015-04-08,0.6375088406938736,0.007032838619593695
2015-04-09,0.6331562762910525,-0.0043525644028210575
2015-04-10,0.631575697908305,-0.0015805783827474995
2015-04-13,0.6386667342433635,0.007091036335058476
2015-04-16,0.5825482816120543,-0.05611845263130921
2015-04-17,0.5921657845493657,0.00961750293731145
2015-04-20,0.554470073909741,-0.037695710639624735
2015-04-21,0.6110699243253015,0.05659985041556048
2015-04-22,0.5588211552769519,-0.05224876904834963
2015-04-23,0.551246419335178,-0.007574735941773825
2015-04-24,0.5887252004975206,0.0374787811623426
2015-04-27,0.5905890455190207,0.0018638450215000546
2015-04-28,0.689046552191463,0.09845750667244235
2015-04-29,0.6242384624742308,-0.06480808971723229
2015-04-30,0.5998498656259325,-0.024388596848298305
2015-05-04,0.6979940543199581,0.09814418869402564
2015-05-05,0.6302385637109088,-0.06775549060904928
2015-05-06,0.5111022522376802,-0.11913631147322856
2015-05-07,0.5958192637691734,0.08471701153149314
2015-05-08,0.6649009850499042,0.06908172128073087
2015-05-11,0.6964515698368304,0.031550584786926184
2015-05-12,0.5111742699508677,-0.18527729988596275
2015-05-13,0.5115194577826556,0.0003451878317879409
2015-05-14,0.6249031010882424,0.11338364330558681
2015-05-15,0.6350835820951416,0.010180481006899167
2015-05-18,0.6992799658608821,0.06419638376574055
2015-05-19,0.6300609006300039,-0.06921906523087828
2015-05-20,0.6718121755603457,0.04175127493034181
2015-05-21,0.6307778208880166,-0.041034354672329076
2015-05-22,0.6360408599636319,0.005263039075615317
2015-05-25,0.5941492307047912,-0.04189162925884071
2015-05-26,0.5994688852378905,0.0053196545330993494
2015-05-27,0.6274118191056965,0.027942933867805997
2015-05-28,0.6291546817015436,0.0017428625958471056
2015-05-29,0.6982840530883838,0.06912937138684017
2015-06-01,0.631301523969893,-0.06698252911849079
2015-06-02,0.5110817559584697,-0.12021976801142331
2015-06-03,0.5575130536210928,0.046431297662623106
2015-06-04,0.6291425209724067,0.07162946735131392
2015-06-05,0.6287276491573868,-0.0004148718150199793
2015-06-08,0.5944282080697375,-0.03429944108764926
2015-06-09,0.6276200257060376,0.03319181763630008
2015-06-10,0.6985701710518425,0.0709501453458049
2015-06-11,0.5111581677707415,-0.18741200328110097
2015-06-12,0.6317719374659249,0.12061376969518334
2015-06-15,0.6309301741070101,-0.0008417633589147266
2015-06-16,0.6321259851539298,0.0011958110469196814
2015-06-17,0.6332065733663825,0.0010805882124527155
2015-06-18,0.6994386275978173,0.06623205423143474
2015-06-19,0.6395081546142682,-0.05993047298354903
2015-06-22,0.6991359026940969,0.059627748079828624
2015-06-23,0.6348802483905341,-0.06425565430356273
2015-06-24,0.6193160656889921,-0.015564182701542029
2015-06-25,0.6960200156075423,0.07670394991855023
2015-06-26,0.6296356303180323,-0.06638438528951007
2015-06-29,0.592745746962076,-0.03688988335595622
2015-06-30,0.6981998874862727,0.10545414052419666
2015-07-01,0.6996603971156049,0.0014605096293321962
2015-07-02,0.6301953302840901,-0.06946506683151477
2015-07-03,0.6915721161163926,0.06137678583230244
2015-07-06,0.5186205161913324,-0.17295159992506015
2015-07-07,0.6292454442832149,0.11062492809188251
2015-07-08,0.5798522473791128,-0.049393196904102155
2015-07-09,0.614787649568579,0.034935402189466225
2015-07-10,0.6353666488399793,0.020578999271400278
2015-07-13,0.6949185976726966,0.059551948832717305
2015-07-14,0.6310466364613138,-0.06387196121138283
2015-07-15,0.6990713132539448,0.06802467679263102
2015-07-16,0.6997489049416228,0.000677591687678003
2015-07-17,0.6321600814362928,-0.06758882350533002
2015-07-20,0.6299813576484112,-0.0021787237878815313
2015-07-21,0.5938664438005883,-0.03611491384782295
2015-07-22,0.6962155674463918,0.10234912364580351
2015-07-23,0.5949356187276877,-0.10127994871870405
2015-07-24,0.5943294605302791,-0.0006061581974086128
2015-07-27,0.5807450809160509,-0.013584379614228204
2015-07-28,0.6215439634023753,0.04079888248632435
2015-07-29,0.6366604389575037,0.015116475555128406
2015-07-30,0.6378804052801007,0.0012199663225970214
2015-07-31,0.6993470742164736,0.06146666893637287
2015-08-03,0.6391905088401948,-0.06015656537627878
2015-08-04,0.622311924435351,-0.0168785844048438
2015-08-05,0.6386845813601041,0.016372656924753093
2015-08-06,0.6344183448324131,-0.004266236527690981
2015-08-07,0.6292744640878631,-0.005143880744549967
2015-08-10,0.6068510221337082,-0.02242344195415491
2015-08-11,0.5943608233307724,-0.012490198802935781
2015-08-12,0.593832347595013,-0.0005284757357594261
2015-08-13,0.6303972248561434,0.036564877261130335
2015-08-14,0.6962512647709693,0.06585403991482597
2015-08-17,0.5963289009945802,-0.09992236377638908
2015-08-18,0.6245519255960952,0.028223024601514934
2015-08-19,0.6318882229616828,0.007336297365587607
2015-08-20,0.593438418676834,-0.03844980428484879
2015-08-21,0.6232234853094472,0.029785066632613155
2015-08-24,0.5110423007774856,-0.11218118453196158
2015-08-25,0.5110423007775309,4.529709940470639e-14
2015-08-26,0.5143933315499973,0.0033510307724664568
2015-08-27,0.5131642085571574,-0.0012291229928399483
2015-08-28,0.53875570334485,0.025591494787692626
2015-08-31,0.6209751934084371,0.08221949006358709
2015-09-01,0.5172651574013398,-0.10371003600709727
2015-09-02,0.5115777037745236,-0.005687453626816219
2015-09-03,0.6024615436160838,0.09088383984156023
2015-09-04,0.5250463587467736,-0.0774151848693102
2015-09-07,0.5358821901645336,0.010835831417760011
2015-09-08,0.5110629679715206,-0.024819222193013024
2015-09-09,0.5405955244420609,0.029532556470540317
2015-09-10,0.5233434651575717,-0.017252059284489252
2015-09-11,0.6106784251377709,0.08733495998019924
2015-09-14,0.6662512610738686,0.05557283593609763
2015-09-15,0.6125223807692681,-0.053728880304600435
2015-09-16,0.6385913276381838,0.0260689468689157
2015-09-18,0.6334342410955562,-0.005157086542627587
2015-09-21,0.6058642930810344,-0.02756994801452184
2015-09-22,0.5111516607377583,-0.09471263234327609
2015-09-23,0.5111979724987987,4.631176104041845e-05
2015-09-24,0.6294582372713089,0.11826026477251017
2015-09-28,0.5921113546503377,-0.03734688262097119
2015-09-29,0.5110423007781633,-0.08106905387217445
2015-09-30,0.6080667416994467,0.09702444092128348
2015-10-01,0.6235420660084131,0.015475324308966365
2015-10-05,0.6933110891659214,0.06976902315750833
2015-10-06,0.6329971780660573,-0.06031391109986417
2015-10-07,0.6454656884093697,0.012468510343312422
2015-10-08,0.5945304841106277,-0.05093520429874199
2015-10-09,0.6339583421941188,0.03942785808349114
2015-10-12,0.594049840007432,-0.039908502186686845
2015-10-13,0.6284733952946913,0.034423555287259266
2015-10-14,0.6289972164553225,0.0005238211606312104
2015-10-15,0.6992707952717427,0.07027357881642027
2015-10-16,0.6516098085580225,-0.04766098671372021
2015-10-19,0.6362505247375433,-0.015359283820479241
2015-10-20,0.6292876888768828,-0.006962835860660488
2015-10-21,0.6289518357482884,-0.00033585312859440997
2015-10-23,0.6368915247049283,0.007939688956639879
2015-10-26,0.5941289229327131,-0.042762601772215136
2015-10-27,0.6298352030350546,0.03570628010234145
2015-10-28,0.6269224977804456,-0.0029127052546089605
2015-10-29,0.5944879565851637,-0.032434541195281885
2015-10-30,0.5943803232633552,-0.00010763332180852014
2015-11-02,0.6275572429235697,0.03317691966021452
2015-11-03,0.6316448072377913,0.004087564314221526
2015-11-04,0.5953467502541544,-0.03629805698363686
2015-11-05,0.5942811659589151,-0.0010655842952392858
2015-11-06,0.6293209853656501,0.03503981940673495
2015-11-09,0.5347834293428856,-0.09453755602276448
2015-11-10,0.5690237640128669,0.03424033466998133
2015-11-13,0.6280655465860809,0.05904178257321402
2015-11-16,0.672574606532475,0.04450905994639409
2015-11-17,0.6338820017235121,-0.03869260480896297
2015-11-18,0.5941359164280665,-0.039746085295445543
2015-11-19,0.6968680670238294,0.1027321505957629
2015-11-20,0.6311864526472309,-0.06568161437659847
2015-11-23,0.6298968121387861,-0.0012896405084448226
2015-11-24,0.6284372776300101,-0.0014595345087760059
2015-11-26,0.6989756044112625,0.07053832678125238
2015-11-27,0.6403865135290988,-0.058589090882163686
2015-11-30,0.6307364621256059,-0.009650051403492954
2015-12-01,0.6350253623316136,0.004288900206007695
2015-12-02,0.5972055185059605,-0.037819843825653066
2015-12-03,0.5947615184539753,-0.0024440000519851957
2015-12-04,0.592080708074885,-0.0026808103790902926
2015-12-07,0.5968535685793013,0.004772860504416276
2015-12-08,0.609586704990856,0.012733136411554713
2015-12-09,0.5941535801657194,-0.01543312482513659
2015-12-10,0.6773570854940306,0.08320350532831122
2015-12-11,0.5942209418035984,-0.08313614369043221
2015-12-14,0.6851684364135111,0.0909474946099127
2015-12-15,0.6808786311267767,-0.004289805286734394
2015-12-16,0.6404476394469637,-0.04043099167981301
2015-12-17,0.6909498332204088,0.050502193773445114
2015-12-18,0.59429992917074,-0.09664990404966878
2015-12-21,0.698385891414879,0.10408596224413891
2015-12-22,0.595060055276487,-0.10332583613839197
2015-12-23,0.6981620233084669,0.10310196803197991
2015-12-24,0.6303844785046029,-0.067777544803864
2015-12-28,0.6993269209616709,0.06894244245706804
2015-12-29,0.6334042453037312,-0.06592267565793974
2015-12-30,0.5959380445945421,-0.037466200709189046
2015-12-31,0.6987132106031415,0.10277516600859937
2016-01-04,0.5910846757898538,-0.10762853481328771
2016-01-05,0.6066416112959188,0.015556935506064962
2016-01-06,0.5946967463399544,-0.011944864955964363
2016-01-07,0.5617314147431298,-0.032965331596824576
2016-01-08,0.6349014602483138,0.07317004550518402
2016-01-11,0.6261268913446816,-0.008774568903632263
2016-01-12,0.5943584314482172,-0.031768459896464374
2016-01-13,0.513237988227193,-0.08112044322102419
2016-01-14,0.5111094671474263,-0.0021285210797666876
2016-01-15,0.5194828045317589,0.008373337384332546
2016-01-18,0.5420492484846556,0.022566443952896753
2016-01-19,0.6575368554261722,0.11548760694151661
2016-01-20,0.5110423007841223,-0.14649455464204997
2016-01-21,0.5125533486806855,0.0015110478965632002
2016-01-22,0.5309401164741406,0.01838676779345516
2016-01-25,0.6326355398299469,0.10169542335580628
2016-01-27,0.6294836088495778,-0.003151930980369144
2016-01-28,0.6285778655929245,-0.0009057432566532686
2016-01-29,0.6529354780616958,0.024357612468771328
2016-02-01,0.622603068267658,-0.03033240979403784
2016-02-02,0.5927591041000525,-0.029843964167605486
2016-02-03,0.6143738204951326,0.021614716395080058
2016-02-04,0.6318690725885471,0.017495252093414515
2016-02-05,0.6992505266373157,0.06738145404876861
2016-02-08,0.593335937356213,-0.10591458928110264
2016-02-09,0.6265906065744851,0.033254669218272026
2016-02-10,0.5924194676785277,-0.034171138895957354
2016-02-11,0.5110423047245136,-0.08137716295401409
2016-02-12,0.5112402358557598,0.00019793113124622064
2016-02-15,0.5322139182528496,0.020973682397089743
2016-02-16,0.5110824532317144,-0.021131465021135165
2016-02-17,0.5111930367280813,0.00011058349636683396
2016-02-18,0.6034818582973666,0.0922888215692853
2016-02-19,0.6415153548548594,0.038033496557492885
2016-02-22,0.6394843652154446,-0.0020309896394148375
2016-02-23,0.5826758069872899,-0.05680855822815467
2016-02-24,0.592215098289627,0.009539291302337105
2016-02-25,0.5943902858541286,0.002175187564501524
2016-02-26,0.6367037919898235,0.042313506135694956
2016-02-29,0.511042300777488,-0.1256614912123355
2016-03-01,0.5111376811779825,9.538040049450469e-05
2016-03-02,0.5197049663963098,0.00856728521832728
2016-03-03,0.6234604903079671,0.10375552391165732
2016-03-04,0.6317380620668026,0.008277571758835478
2016-03-08,0.6298103331224721,-0.0019277289443304646
2016-03-09,0.6866411419184416,0.05683080879596947
2016-03-10,0.5941169003042032,-0.09252424161423844
2016-03-11,0.6318705440182818,0.03775364371407863
2016-03-14,0.6336444033406965,0.0017738593224146948
2016-03-15,0.5943899743743335,-0.039254428966363
2016-03-16,0.633360757817594,0.03897078344326055
2016-03-17,0.628915402251192,-0.0044453555664020206
2016-03-18,0.6991343511956608,0.07021894894446878
2016-03-21,0.6996333951207853,0.0004990439251244538
2016-03-22,0.6311495781171871,-0.06848381700359818
2016-03-23,0.6308625995206156,-0.0002869785965714522
2016-03-28,0.5899954750590247,-0.04086712446159091
2016-03-29,0.6277234889667361,0.03772801390771141
2016-03-30,0.6980239643980988,0.07030047543136264
2016-03-31,0.6308510657649301,-0.06717289863316867
2016-04-01,0.6273320513134982,-0.003519014451431879
2016-04-04,0.639721255414143,0.012389204100644813
2016-04-05,0.5781174970941989,-0.061603758319944135
2016-04-06,0.632803515614601,0.05468601852040211
2016-04-07,0.5940133378776938,-0.03879017773690718
2016-04-08,0.6322212183521597,0.03820788047446588
2016-04-11,0.5290558741657615,-0.10316534418639822
2016-04-12,0.6779873723144094,0.14893149814864792
2016-04-13,0.6954912246761906,0.017503852361781203
2016-04-18,0.6362939012516068,-0.059197323424583836
2016-04-20,0.6281387248520102,-0.00815517639959662
2016-04-21,0.6245151365019549,-0.0036235883500552735
2016-04-22,0.6293513582394648,0.00483622173750986
2016-04-25,0.6069763993690209,-0.02237495887044383
2016-04-26,0.6779438154998376,0.0709674161308167
2016-04-27,0.6720042486451343,-0.005939566854703315
2016-04-28,0.5928726321847877,-0.07913161646034661
2016-04-29,0.6296968921263912,0.03682425994160354
2016-05-02,0.6277357341386202,-0.0019611579877710783
2016-05-03,0.5714016515364856,-0.05633408260213457
2016-05-04,0.6270333896609847,0.055631738124499064
2016-05-05,0.6335701111573764,0.006536721496391729
2016-05-06,0.6303417278896578,-0.003228383267718571
2016-05-09,0.6964836798616915,0.06614195197203365
2016-05-10,0.6336601748464186,-0.0628235050152729
2016-05-11,0.6178870035590984,-0.015773171287320142
2016-05-12,0.6425477508884394,0.024660747329340982
2016-05-13,0.594320531934146,-0.04822721895429338
2016-05-16,0.6318927410515551,0.037572209117409106
2016-05-17,0.634864677605399,0.002971936553843868
2016-05-18,0.6284121261739768,-0.006452551431422204
2016-05-19,0.5942076128495696,-0.034204513324407215
2016-05-20,0.5963860700224778,0.0021784571729082103
2016-05-23,0.5910078588399714,-0.005378211182506365
2016-05-24,0.6336457873673852,0.04263792852741377
2016-05-25,0.6832157698494172,0.04956998248203204
2016-05-26,0.6943613305528101,0.011145560703392898
2016-05-27,0.6995619251499379,0.005200594597127739
2016-05-30,0.6345000298121046,-0.06506189533783324
2016-05-31,0.5979402021768156,-0.03655982763528898
2016-06-01,0.6345269278420727,0.036586725665257
2016-06-02,0.6979260612897067,0.06339913344763404
2016-06-03,0.6322451660352111,-0.06568089525449561
2016-06-06,0.6235054745488408,-0.008739691486370327
2016-06-07,0.6414242376448582,0.017918763096017476
2016-06-08,0.6326189502159528,-0.008805287428905406
2016-06-09,0.59447730318338,-0.038141647032572834
2016-06-10,0.6273318225241753,0.03285451934079531
2016-06-13,0.6271016429273425,-0.00023017959683280242
2016-06-14,0.6301054945258886,0.0030038515985461034
2016-06-15,0.6993684140744553,0.06926291954856667
2016-06-16,0.6221561666642907,-0.07721224741016453
2016-06-17,0.6350490438487648,0.012892877184474072
2016-06-20,0.6575323591549209,0.022483315306156104
2016-06-21,0.6109904109015009,-0.04654194825342006
2016-06-22,0.6282359453349962,0.017245534433495302
2016-06-23,0.6992523766090212,0.07101643127402502
2016-06-24,0.5110456238810814,-0.18820675272793974
2016-06-27,0.5987178393437994,0.08767221546271797
2016-06-28,0.6474362089297553,0.04871836958595588
2016-06-29,0.668205909536119,0.02076970060636374
2016-06-30,0.6446074493138757,-0.023598460222243323
2016-07-01,0.6364574388448931,-0.00815001046898256
2016-07-04,0.636948994292199,0.0004915554473058359
2016-07-05,0.5962160504930964,-0.04073294379910253
2016-07-07,0.6314140462348806,0.03519799574178417
2016-07-08,0.628323516818634,-0.0030905294162466568
2016-07-11,0.6898840052618762,0.061560488443242245
2016-07-12,0.6375075227255368,-0.05237648253633942
2016-07-13,0.6307877761827452,-0.006719746542791616
2016-07-14,0.6973530207515966,0.06656524456885138
2016-07-15,0.6293103283786592,-0.06804269237293736
2016-07-18,0.5949248583946591,-0.03438546998400005
2016-07-19,0.6329518895617937,0.03802703116713457
2016-07-20,0.694780019075253,0.061828129513459285
2016-07-21,0.5944753208469147,-0.10030469822833832
2016-07-22,0.6349923007160733,0.04051697986915859
2016-07-25,0.6917622494912201,0.05676994877514685
2016-07-26,0.5964619466308918,-0.09530030286032831
2016-07-27,0.6316442423509219,0.035182295720030066
2016-07-28,0.6555182592073049,0.023874016856383018
2016-07-29,0.6085621082911551,-0.0469561509161498
2016-08-01,0.6300348883273548,0.02147278003619968
2016-08-02,0.6289948318087851,-0.001040056518569643
2016-08-03,0.5942879092166613,-0.03470692259212382
2016-08-04,0.6268658310483545,0.03257792183169317
2016-08-05,0.6990241532562068,0.07215832220785234
2016-08-08,0.6358808451842504,-0.06314330807195645
2016-08-09,0.5971022057818306,-0.03877863940241977
2016-08-10,0.5935552522401975,-0.0035469535416331466
2016-08-11,0.6326339414411186,0.03907868920092117
2016-08-16,0.6356365200496996,0.003002578608580997
2016-08-17,0.6289801125768102,-0.006656407472889425
2016-08-18,0.6424786226699961,0.013498510093185923
2016-08-19,0.6293746383863148,-0.013103984283681314
2016-08-22,0.6094013511571948,-0.01997328722911995
2016-08-23,0.6308427200098975,0.021441368852702647
2016-08-24,0.6346296578954045,0.0037869378855069913
2016-08-25,0.5944806449544022,-0.04014901294100226
2016-08-26,0.6054589397901973,0.010978294835795044
2016-08-29,0.6336858232914927,0.02822688350129543
2016-08-30,0.6985426272031986,0.0648568039117059
2016-08-31,0.6442946192210312,-0.054248007982167445
2016-09-01,0.6300339208438421,-0.014260698377189018
2016-09-02,0.6355817674317605,0.005547846587918404
2016-09-06,0.6988801930521032,0.06329842562034271
2016-09-07,0.5980998155371473,-0.10078037751495594
2016-09-08,0.6579370133014476,0.0598371977643003
2016-09-09,0.5943751188205969,-0.0635618944808507
2016-09-12,0.5874561002033843,-0.006919018617212558
2016-09-14,0.6323431301000589,0.04488702989667459
2016-09-15,0.6341332255763354,0.0017900954762765098
2016-09-16,0.6323512256326059,-0.0017819999437295175
2016-09-19,0.6351072162399213,0.0027559906073153506
2016-09-20,0.5985896867246165,-0.036517529515304736
2016-09-21,0.6302463586478525,0.03165667192323596
2016-09-22,0.6392048341640282,0.008958475516175679
2016-09-23,0.5958636433426814,-0.0433411908213468
2016-09-26,0.5938718311106834,-0.001991812231997958
2016-09-27,0.6073198936022917,0.013448062491608237
2016-09-28,0.6502180451248829,0.042898151522591244
2016-09-29,0.5136306621960817,-0.13658738292880124
2016-09-30,0.6307720209579235,0.11714135876184184
2016-10-03,0.6976700323009923,0.06689801134306883
2016-10-04,0.6365575368194512,-0.061112495481541185
2016-10-05,0.5957350003023596,-0.04082253651709156
2016-10-06,0.5947477840826636,-0.0009872162196959966
2016-10-07,0.628625110524788,0.03387732644212438
2016-10-10,0.6363240417794391,0.0076989312546511535
2016-10-13,0.592953291973215,-0.04337074980622413
2016-10-14,0.6320528497426812,0.039099557769466164
2016-10-17,0.5941513299289755,-0.03790151981370571
2016-10-18,0.6932475202357066,0.09909619030673111
2016-10-19,0.6123737619885956,-0.08087375824711096
2016-10-20,0.6370950847616121,0.02472132277301653
2016-10-21,0.6303528482110523,-0.0067422365505598325
2016-10-24,0.6337380891827095,0.003385240971657155
2016-10-25,0.625611581566685,-0.008126507616024514
2016-10-26,0.5942751318394897,-0.03133644972719529
2016-10-27,0.6295963313041476,0.03532119946465795
2016-10-28,0.6329410953301076,0.0033447640259599565
2016-11-01,0.6283918367929023,-0.004549258537205225
2016-11-02,0.6081353241250517,-0.020256512667850668
2016-11-03,0.6280708052440417,0.019935481118990017
2016-11-04,0.5944657378045332,-0.03360506743950853
2016-11-07,0.6977682800507723,0.10330254224623914
2016-11-08,0.635131498464062,-0.06263678158671027
2016-11-09,0.5110423007774856,-0.12408919768657645
2016-11-10,0.6258945942585448,0.11485229348105919
2016-11-11,0.5141152557443942,-0.11177933851415056
2016-11-15,0.5112885328412238,-0.002826722903170431
2016-11-16,0.5145057074113322,0.0032171745701083942
2016-11-17,0.627255568354514,0.11274986094318185
2016-11-18,0.6297244041916312,0.0024688358371172114
2016-11-21,0.5128515846496486,-0.11687281954198259
2016-11-22,0.6275535705172333,0.11470198586758462
2016-11-23,0.6325150803117369,0.004961509794503605
2016-11-24,0.5943786616588238,-0.03813641865291306
2016-11-25,0.6920145497594952,0.09763588810067136
2016-11-28,0.654784066023572,-0.03723048373592319
2016-11-29,0.6322127435801206,-0.02257132244345139
2016-11-30,0.6979730443161078,0.06576030073598726
2016-12-01,0.5959130857681562,-0.10205995854795169
2016-12-02,0.5938111565638167,-0.002101929204339492
2016-12-05,0.6489120481854772,0.05510089162166054
2016-12-06,0.6334711187877043,-0.015440929397772862
2016-12-07,0.5941607581202493,-0.03931036066745508
2016-12-08,0.6972083458551989,0.1030475877349496
2016-12-09,0.6341823726178432,-0.0630259732373557
2016-12-12,0.5941054990656249,-0.04007687355221823
2016-12-13,0.6366783097235578,0.042572810657932836
2016-12-14,0.5951621331323169,-0.04151617659124085
2016-12-15,0.6280329294006544,0.03287079626833744
2016-12-16,0.605518028902034,-0.02251490049862037
2016-12-19,0.6250149365415718,0.01949690763953782
2016-12-20,0.625493889103976,0.00047895256240415574
2016-12-21,0.5986135010605316,-0.026880388043444392
2016-12-22,0.5943651021012344,-0.004248398959297184
2016-12-23,0.6303787824835961,0.036013680382361746
2016-12-26,0.5943374834504267,-0.03604129903316944
2016-12-27,0.6972542540010652,0.10291677055063853
2016-12-28,0.6309641366740047,-0.06629011732706047
2016-12-29,0.6993167304487853,0.06835259377478053
2016-12-30,0.6998097041267414,0.0004929736779560878
2017-01-02,0.6299329929548003,-0.06987671117194105
2017-01-03,0.6317543441585591,0.0018213512037588142
2017-01-04,0.6314994009876131,-0.00025494317094598706
2017-01-05,0.699111557611484,0.06761215662387088
2017-01-06,0.6133908522680213,-0.08572070534346277
2017-01-09,0.62757586947262,0.014185017204598749
2017-01-10,0.680117750303176,0.052541880830556
2017-01-11,0.6995592366426775,0.01944148633950149
2017-01-12,0.6352239771549084,-0.06433525948776908
2017-01-13,0.6042924190160429,-0.0309315581388655
2017-01-16,0.6326956901330134,0.028403271116970497
2017-01-17,0.6292019695231788,-0.0034937206098346607
2017-01-18,0.6330085769304874,0.0038066074073086487
2017-01-19,0.6338822842507502,0.0008737073202628176
2017-01-20,0.5941918701331599,-0.039690414117590334
2017-01-23,0.6979321495426741,0.10374027940951425
2017-01-24,0.6997736351264129,0.0018414855837387556
2017-01-25,0.6996617960432615,-0.00011183908315137714
2017-01-27,0.6405378132091676,-0.059123982834093924
2017-01-30,0.6308403409047577,-0.009697472304409871
2017-01-31,0.5943676215544778,-0.03647271935027996
2017-02-01,0.6840487787928161,0.08968115723833836
2017-02-02,0.6327232640843338,-0.051325514708482345
2017-02-03,0.6329145475530135,0.0001912834686796927
2017-02-06,0.6376883237177109,0.00477377616469743
2017-02-07,0.6121532941712099,-0.025535029546500998
2017-02-08,0.6298944173216359,0.017741123150425975
2017-02-09,0.6306689569818924,0.0007745396602565346
2017-02-10,0.633170624205192,0.0025016672232995862
2017-02-13,0.6316414787780676,-0.0015291454271243454
2017-02-14,0.6271421863628406,-0.004499292415227063
2017-02-15,0.5944692818556605,-0.03267290450718008
2017-02-16,0.6849322231632596,0.09046294130759913
2017-02-17,0.6985074112913278,0.013575188128068127
2017-02-20,0.6996296960449551,0.0011222847536273006
2017-02-21,0.6345179184205665,-0.06511177762438858
2017-02-22,0.6339963867371701,-0.0005215316833964145
2017-02-23,0.63268861735181,-0.0013077693853600358
2017-02-27,0.5954387828493991,-0.03724983450241093
2017-02-28,0.6288565675503404,0.033417784700941255
2017-03-01,0.6969820250406212,0.06812545749028087
2017-03-02,0.5945648846928303,-0.10241714034779092
2017-03-03,0.6307099122330396,0.03614502754020932
2017-03-06,0.6984706572751918,0.06776074504215213
2017-03-07,0.6231466947589546,-0.07532396251623719
2017-03-08,0.62777172946959,0.004625034710635467
2017-03-09,0.6318312996717501,0.004059570202160079
2017-03-10,0.6312940479676614,-0.0005372517040886926
2017-03-14,0.6259819435060503,-0.005312104461611122
2017-03-15,0.6323210664389756,0.006339122932925267
2017-03-16,0.6649487251579566,0.03262765871898099
2017-03-17,0.6405286405644006,-0.024420084593555935
2017-03-20,0.5987807770575443,-0.04174786350685633
2017-03-21,0.6298609092016266,0.03108013214408234
2017-03-22,0.6288587466780752,-0.001002162523551453
2017-03-23,0.6945971653036147,0.06573841862553953
2017-03-24,0.6353132992695051,-0.05928386603410962
2017-03-27,0.5946512764181247,-0.04066202285138043
2017-03-28,0.639384495772914,0.044733219354789355
2017-03-29,0.6363262080410598,-0.0030582877318542367
2017-03-30,0.6537778313532463,0.017451623312186526
2017-03-31,0.6319582601392028,-0.021819571214043543
2017-04-03,0.6379338872855015,0.005975627146298734
2017-04-05,0.6352736652704862,-0.0026602220150152567
2017-04-06,0.6311498172678843,-0.004123848002601904
2017-04-07,0.6267047594914836,-0.004445057776400696
2017-04-10,0.6033154086740856,-0.023389350817398014
2017-04-11,0.698162814687194,0.09484740601310837
2017-04-12,0.6235522005967571,-0.0746106140904369
2017-04-13,0.5944747450940842,-0.029077455502672933
2017-04-17,0.630183771833714,0.035709026739629834
2017-04-18,0.5968106229671268,-0.033373148866587155
2017-04-19,0.6310202688618209,0.03420964589469411
2017-04-20,0.6512220441189487,0.02020177525712774
2017-04-21,0.598504262929025,-0.05271778118992365
2017-04-24,0.699130951548253,0.10062668861922797
2017-04-25,0.6641009508879105,-0.03503000066034245
2017-04-26,0.6359610343278937,-0.028139916560016798
2017-04-27,0.6306619519559162,-0.005299082371977515
2017-04-28,0.6089026994409468,-0.021759252514969463
2017-05-02,0.6310864331670826,0.0221837337261358
2017-05-03,0.6284157546086627,-0.002670678558419848
2017-05-04,0.6378650974545312,0.009449342845868514
2017-05-05,0.5943728365363246,-0.04349226091820668
2017-05-08,0.6354752133967678,0.04110237686044327
2017-05-09,0.6320911361858154,-0.003384077210952463
2017-05-10,0.6992564500034443,0.06716531381762891
2017-05-11,0.6383654127078312,-0.06089103729561307
2017-05-12,0.6215846285136445,-0.016780784194186715
2017-05-15,0.6350499146782285,0.013465286164583978
2017-05-16,0.6987185006412747,0.06366858596304625
2017-05-17,0.634102710389012,-0.06461579025226272
2017-05-18,0.6279473992086173,-0.006155311180394696
2017-05-19,0.6294305064305212,0.0014831072219039232
2017-05-22,0.6398028694636999,0.010372363033178678
2017-05-23,0.5947373228197661,-0.04506554664393381
2017-05-24,0.599012701155596,0.004275378335829916
2017-05-25,0.6983501844319853,0.09933748327638925
2017-05-26,0.6997459598468944,0.001395775414909095
2017-05-29,0.6341456224994372,-0.06560033734745718
2017-05-30,0.6435141702931001,0.009368547793662918
2017-05-31,0.6315666228196484,-0.011947547473451725
2017-06-01,0.6312442212124738,-0.00032240160717456057
2017-06-02,0.6362586637121135,0.005014442499639671
2017-06-05,0.6339930083077623,-0.0022656554043511967
2017-06-06,0.5948469595235469,-0.03914604878421535
2017-06-07,0.6351857944352731,0.040338834911726185
2017-06-08,0.6134602162218897,-0.02172557821338339
2017-06-09,0.6338489986933156,0.020388782471425837
2017-06-12,0.619311256246771,-0.0145377424465446
2017-06-13,0.6299669747843466,0.010655718537575631
2017-06-14,0.6334099377697513,0.003442962985404696
2017-06-15,0.6020189600548557,-0.03139097771489563
2017-06-16,0.632549195746229,0.030530235691373364
2017-06-19,0.6493353656020338,0.016786169855804722
2017-06-20,0.6315738855093526,-0.017761480092681192
2017-06-21,0.6301047181498375,-0.0014691673595150778
2017-06-22,0.6299816161325343,-0.00012310201730314496
2017-06-23,0.5944997010430698,-0.03548191508946452
2017-06-27,0.5940175537369814,-0.0004821473060884207
2017-06-28,0.6239236694400758,0.029906115703094427
2017-06-29,0.6314769766511014,0.0075533072110255395
2017-06-30,0.6350356723845477,0.00355869573344636
2017-07-03,0.6395327634011634,0.004497091016615662
2017-07-04,0.6302512178308862,-0.009281545570277161
2017-07-05,0.6342586099994456,0.004007392168559387
2017-07-06,0.6353646303173965,0.0011060203179509287
2017-07-07,0.6313465196147174,-0.004018110702679101
2017-07-10,0.6385370608324459,0.007190541217728441
2017-07-11,0.6333740032161184,-0.0051630576163275155
2017-07-12,0.6351309292217802,0.0017569260056617964
2017-07-13,0.6955453605629827,0.0604144313412025
2017-07-14,0.6309494737475226,-0.06459588681546002
2017-07-17,0.6349280794588759,0.0039786057113532225
2017-07-18,0.6265358347608393,-0.008392244698036566
2017-07-19,0.6978252240477045,0.07128938928686523
2017-07-20,0.6027748303249851,-0.0950503937227194
2017-07-21,0.634196863979204,0.03142203365421892
2017-07-24,0.6400029437107911,0.005806079731587088
2017-07-25,0.6239191871568661,-0.01608375655392502
2017-07-26,0.6659661392129221,0.04204695205605602
2017-07-27,0.6297263874824977,-0.036239751730424485
2017-07-28,0.6298748684966691,0.0001484810141714199
2017-07-31,0.682255573496415,0.0523807049997459
2017-08-01,0.6355257948043607,-0.0467297786920543
2017-08-02,0.5971373627546236,-0.038388432049737076
2017-08-03,0.5944809674960982,-0.002656395258525346
2017-08-04,0.6965337889038389,0.10205282140774063
2017-08-07,0.6316797599382111,-0.06485402896562775
2017-08-08,0.5943928807674187,-0.03728687917079243
2017-08-09,0.5945610124053915,0.0001681316379728015
2017-08-10,0.6016729956375124,0.007111983232120922
2017-08-11,0.6259125579780107,0.02423956234049829
2017-08-14,0.6754306312532149,0.04951807327520419
2017-08-16,0.6981992624383988,0.022768631185183907
2017-08-17,0.6426093866997507,-0.05558987573864815
2017-08-18,0.6269412539316006,-0.015668132768150045
2017-08-21,0.5942985407682929,-0.03264271316330769
2017-08-22,0.6410926182501121,0.046794077481819185
2017-08-23,0.6991612374250409,0.05806861917492878
2017-08-24,0.6347451172659019,-0.064416120159139
2017-08-28,0.6377852274091457,0.0030401101432437905
2017-08-29,0.5940888456519656,-0.04369638175718005
2017-08-30,0.6409293713975757,0.04684052574561004
2017-08-31,0.6349075514538158,-0.006021819943759832
2017-09-01,0.6469501575105935,0.01204260605677765
2017-09-04,0.59436855587472,-0.05258160163587344
2017-09-05,0.6354238583135473,0.04105530243882727
2017-09-06,0.6290697973105268,-0.006354061003020495
2017-09-07,0.63302175544317,0.003951958132643152
2017-09-08,0.6320403255805943,-0.0009814298625756557
2017-09-11,0.6579072440403323,0.025866918459737986
2017-09-12,0.6550885982295165,-0.002818645810815812
2017-09-13,0.6299597704618226,-0.025128827767693873
2017-09-14,0.6320726326209637,0.0021128621591410823
2017-09-15,0.6306834915109293,-0.0013891411100344087
2017-09-18,0.6378026280175163,0.0071191365065870205
2017-09-19,0.6303927952803627,-0.0074098327371535655
2017-09-20,0.6310013526320631,0.0006085573517004006
2017-09-21,0.6287837015808782,-0.002217651051184988
2017-09-22,0.59213907145503,-0.03664463012584818
2017-09-25,0.593971865984832,0.0018327945298020065
2017-09-26,0.6295963686035104,0.035624502618678444
2017-09-27,0.5454439559433097,-0.08415241266020068
2017-09-28,0.6315420861845729,0.08609813024126312
2017-09-29,0.6325378763424674,0.0009957901578945272
2017-10-03,0.6520627988499343,0.019524922507466957
2017-10-04,0.6358765390831865,-0.016186259766747813
2017-10-05,0.6152494868268663,-0.020627052256320222
2017-10-06,0.6991776319840352,0.08392814515716884
2017-10-09,0.6334773721387158,-0.06570025984531935
2017-10-10,0.635082444723046,0.0016050725843301805
2017-10-11,0.5986444327730218,-0.03643801195002416
2017-10-12,0.6989010116882421,0.10025657891522033
2017-10-13,0.6867191705593989,-0.01218184112884324
2017-10-16,0.6373114569352906,-0.04940771362410834
2017-10-17,0.6326997477973199,-0.00461170913797071
2017-10-18,0.6289903662755119,-0.0037093815218079973
2017-10-19,0.5945937461367121,-0.03439662013879974
2017-10-23,0.6330019450300114,0.03840819889329927
2017-10-24,0.6341938263583627,0.0011918813283513519
2017-10-25,0.6365413995327556,0.002347573174392825
2017-10-26,0.6902810134785822,0.0537396139458266
2017-10-27,0.6152430595978254,-0.07503795388075674
2017-10-30,0.6357281304659685,0.020485070868143107
2017-10-31,0.6233932758299546,-0.012334854636013914
2017-11-01,0.6987833377732329,0.07539006194327824
2017-11-02,0.6313602778321975,-0.06742305994103537
2017-11-03,0.6349628744664395,0.0036025966342420057
2017-11-06,0.6306864168971532,-0.004276457569286296
2017-11-07,0.5937755087811295,-0.03691090811602371
2017-11-08,0.5951752319826212,0.0013997232014917316
2017-11-09,0.6276236217135787,0.03244838973095743
2017-11-10,0.6313087795415716,0.0036851578279929464
2017-11-13,0.5944107315371019,-0.03689804800446972
2017-11-14,0.6198932351920636,0.02548250365496174
2017-11-15,0.5947133718149672,-0.025179863377096434
2017-11-16,0.6992649333549732,0.104551561540006
2017-11-17,0.6647871268386432,-0.034477806516330034
2017-11-20,0.6337083444475988,-0.031078782391044335
2017-11-21,0.6353912005041806,0.0016828560565818051
2017-11-22,0.6333254761038236,-0.0020657244003570163
2017-11-23,0.6318186884358273,-0.0015067876679962788
2017-11-24,0.6367596171946608,0.004940928758833452
2017-11-27,0.6350085766155846,-0.0017510405790761574
2017-11-28,0.6292733826192324,-0.00573519399635225
2017-11-29,0.6308967539253374,0.0016233713061050148
2017-11-30,0.5939341661746448,-0.03696258775069261
2017-12-01,0.5926446382063728,-0.0012895279682719751
2017-12-04,0.628979899225848,0.03633526101947515
2017-12-05,0.6292824340153148,0.0003025347894668462
2017-12-06,0.5974057110931055,-0.03187672292220933
2017-12-07,0.6991282049221392,0.10172249382903376
2017-12-08,0.6996335481223934,0.0005053432002541935
2017-12-11,0.637066214314268,-0.0625673338081254
2017-12-12,0.5943174881763446,-0.042748726137923465
2017-12-13,0.6238740672091704,0.029556579032825825
2017-12-14,0.6314665932893204,0.007592526080150042
2017-12-15,0.6382200846247872,0.006753491335466766
2017-12-18,0.5110423007778992,-0.12717778384688794
2017-12-19,0.670823529773888,0.1597812289959888
2017-12-20,0.6055647364080878,-0.0652587933658002
2017-12-21,0.6260433425725915,0.0204786061645037
2017-12-22,0.6655713256059206,0.03952798303332905
2017-12-26,0.6350904634400308,-0.030480862165889744
2017-12-27,0.6212351820170561,-0.013855281422974763
2017-12-28,0.629542541363802,0.00830735934674598
2017-12-29,0.6848586727688865,0.0553161314050844
2018-01-02,0.6265758850993154,-0.05828278766957107
2018-01-03,0.6299447029506964,0.0033688178513809897
2018-01-04,0.644499581950345,0.01455487899964858
2018-01-05,0.6384605351969271,-0.0060390467534178205
2018-01-08,0.668205258177551,0.029744722980623917
2018-01-09,0.6335900643699386,-0.034615193807612465
2018-01-10,0.6307972540195734,-0.0027928103503651602
2018-01-11,0.633607910547422,0.0028106565278486206
2018-01-12,0.6331792888215985,-0.0004286217258235858
2018-01-15,0.6370767932460007,0.003897504424402287
2018-01-16,0.595837855020715,-0.04123893822528579
2018-01-17,0.6985129253397333,0.10267507031901835
2018-01-18,0.6603539812629305,-0.03815894407680276
2018-01-19,0.698300804608569,0.03794682334563848
2018-01-22,0.699543806480101,0.0012430018715319235
2018-01-23,0.699726052446456,0.00018224596635507684
2018-01-24,0.6322098417560237,-0.06751621069043234
2018-01-25,0.6293445650880556,-0.0028652766679680974
2018-01-29,0.669368924321994,0.040024359233938434
2018-01-30,0.5945233201979458,-0.07484560412404817
2018-01-31,0.6279484292853631,0.03342510908741725
2018-02-01,0.5309554564723816,-0.09699297281298147
2018-02-02,0.5158486150001631,-0.015106841472218524
2018-02-05,0.5768152872767943,0.06096667227663122
2018-02-06,0.5110837722371527,-0.06573151503964159
2018-02-07,0.5157012796523093,0.004617507415156541
2018-02-08,0.5803492862450919,0.06464800659278258
2018-02-09,0.6145861846454455,0.0342368984003536
2018-02-12,0.6382246492782704,0.02363846463282493
2018-02-14,0.5944272058720597,-0.04379744340621072
2018-02-15,0.6330201748058344,0.03859296893377473
2018-02-16,0.593061473900121,-0.03995870090571341
2018-02-19,0.5909944887223492,-0.0020669851777718184
2018-02-20,0.6280077149802992,0.037013226257950005
2018-02-21,0.6348971981043882,0.006889483124088991
2018-02-22,0.6292781307384637,-0.005619067365924435
2018-02-23,0.699427884322595,0.07014975358413122
2018-02-26,0.699672147517533,0.000244263194938088
2018-02-27,0.598903871741882,-0.10076827577565106
2018-02-28,0.6263235499674593,0.027419678225577337
2018-03-01,0.628130434950191,0.001806884982731738
2018-03-05,0.5943043936979263,-0.03382604125226474
2018-03-06,0.5804095251663834,-0.01389486853154287
2018-03-07,0.5938465987071443,0.013437073540760847
2018-03-08,0.6333593257777751,0.039512727070630804
2018-03-09,0.6195899333085444,-0.013769392469230701
2018-03-12,0.6975635358896517,0.0779736025811073
2018-03-13,0.6310481275401828,-0.0665154083494689
2018-03-14,0.6291151033352973,-0.0019330242048855029
2018-03-15,0.6010495560879477,-0.028065547247349554
2018-03-16,0.5913818648890401,-0.009667691198907646
2018-03-19,0.5940667243193409,0.0026848594303008344
2018-03-20,0.6840897371606767,0.09002301284133574
2018-03-21,0.632740540035413,-0.051349197125263646
2018-03-22,0.6015168031509118,-0.031223736884501196
2018-03-23,0.6268723996105904,0.025355596459678553
2018-03-26,0.6946301300954933,0.06775773048490297
2018-03-27,0.6373893267786094,-0.05724080331688397
2018-03-28,0.6256025263554813,-0.011786800423128074
2018-04-02,0.6992723830246387,0.07366985666915737
2018-04-03,0.6894279367255685,-0.00984444629907022
2018-04-04,0.593690080080324,-0.09573785664524448
2018-04-05,0.6879857830567875,0.0942957029764635
2018-04-06,0.6328389131164052,-0.055146869940382315
2018-04-09,0.6861542175591822,0.05331530444277699
2018-04-10,0.6346321930888632,-0.05152202447031895
2018-04-11,0.6325556702967512,-0.002076522792112012
2018-04-12,0.6823201064823761,0.04976443618562487
2018-04-13,0.6336367443527476,-0.04868336212962843
2018-04-16,0.6545580761269124,0.020921331774164775
2018-04-17,0.6338735887233182,-0.020684487403594187
2018-04-18,0.6027641521582331,-0.031109436565085136
2018-04-19,0.6348805590442267,0.0321164068859936
2018-04-20,0.6317142527863507,-0.0031663062578759504
2018-04-23,0.6308989937691669,-0.0008152590171838225
2018-04-24,0.6396869000621167,0.008787906292949788
2018-04-25,0.6156107788119238,-0.024076121250192872
2018-04-26,0.6381479716728431,0.022537192860919264
2018-04-27,0.6646069334920073,0.026458961819164184
2018-04-30,0.6487250718964062,-0.01588186159560112
2018-05-02,0.5999211988937134,-0.04880387300269273
2018-05-03,0.6161727761755355,0.016251577281822027
2018-05-04,0.5944629482876085,-0.02170982788792697
2018-05-07,0.6992676232178664,0.10480467493025791
2018-05-08,0.6338175627334458,-0.06545006048442059
2018-05-09,0.6598377333122791,0.026020170578833324
2018-05-10,0.5995010420668395,-0.06033669124543961
2018-05-11,0.6993031995463036,0.09980215747946408
2018-05-14,0.6323740601380845,-0.0669291394082191
2018-05-15,0.6300165955725191,-0.0023574645655654036
2018-05-16,0.6268257966389312,-0.0031907989335878684
2018-05-17,0.5943893226049394,-0.03243647403399186
2018-05-18,0.5942853123567271,-0.00010401024821227178
2018-05-21,0.59431029339515,2.4981038422855484e-05
2018-05-22,0.6328619198677923,0.03855162647264232
2018-05-23,0.5944124621012693,-0.038449457766522976
2018-05-24,0.6467213483893625,0.05230888628809316
2018-05-25,0.6995124654062979,0.052791117016935396
2018-05-28,0.6689506197557694,-0.03056184565052844
2018-05-29,0.5977358838586602,-0.07121473589710925
2018-05-30,0.6276469273505968,0.02991104349193663
2018-05-31,0.6802920851915306,0.05264515784093382
2018-06-01,0.6213052511219115,-0.05898683406961913
2018-06-04,0.5872239842298794,-0.03408126689203206
2018-06-05,0.6238943019944004,0.03667031776452101
2018-06-06,0.6994368532028397,0.07554255120843922
2018-06-07,0.6582548430449638,-0.041182010157875815
2018-06-08,0.6311225493325678,-0.027132293712396005
2018-06-11,0.6331172211751582,0.0019946718425903898
2018-06-12,0.6372630547421232,0.004145833566964963
2018-06-13,0.6350367679295426,-0.0022262868125806357
2018-06-14,0.6281119302813467,-0.006924837648195847
2018-06-15,0.6316880730381398,0.003576142756793077
2018-06-18,0.6252269482583851,-0.00646112477975469
2018-06-19,0.5942439755911055,-0.030982972667279562
2018-06-20,0.6661829460720224,0.07193897048091691
2018-06-21,0.597133056424497,-0.06904988964752545
2018-06-22,0.6987896395517926,0.10165658312729564
2018-06-25,0.5951496820978246,-0.10363995745396803
2018-06-26,0.6311919974879291,0.036042315390104496
2018-06-27,0.5942676593455556,-0.0369243381423735
2018-06-28,0.5944410750317715,0.000173415686215872
2018-06-29,0.6985463324156947,0.10410525738392329
2018-07-02,0.5946187649899451,-0.1039275674257496
2018-07-03,0.6352603157126622,0.040641550722717024
2018-07-04,0.6860553945387603,0.05079507882609813
2018-07-05,0.6260695613618968,-0.05998583317686346
2018-07-06,0.6329297422915678,0.006860180929671
2018-07-09,0.6379064533581651,0.00497671106659725
2018-07-10,0.6724194084988369,0.034512955140671764
2018-07-11,0.6324960905657862,-0.039923317933050706
2018-07-12,0.6376177122806252,0.0051216217148390975
2018-07-13,0.6294727604456644,-0.00814495183496089
2018-07-16,0.5943347806631066,-0.03513797978255773
2018-07-17,0.6988515935034622,0.10451681284035552
2018-07-18,0.5965476096695705,-0.10230398383389161
2018-07-19,0.6153920372826587,0.018844427613088133
2018-07-20,0.6628399430564906,0.047447905773831955
2018-07-23,0.6992162347716979,0.03637629171520729
2018-07-24,0.6371406907757896,-0.06207554399590831
2018-07-25,0.6317098309995839,-0.005430859776205721
2018-07-26,0.6405953676989061,0.008885536699322238
2018-07-27,0.6871458824183792,0.046550514719473024
2018-07-30,0.6352889720454885,-0.05185691037289064
2018-07-31,0.6374530336166053,0.0021640615711168154
2018-08-01,0.6300612432459484,-0.007391790370656959
2018-08-02,0.5941739203420592,-0.035887322903889185
2018-08-03,0.6984591482131037,0.10428522787104455
2018-08-06,0.6345415625151998,-0.06391758569790396
2018-08-07,0.6313823986840619,-0.003159163831137901
2018-08-08,0.6407908047562655,0.009408406072203612
2018-08-09,0.6337621175769619,-0.007028687179303605
2018-08-10,0.6006270233542214,-0.033135094222740524
2018-08-13,0.6276221237459579,0.02699510039173658
2018-08-14,0.6961477227792139,0.06852559903325595
2018-08-16,0.6287343194573185,-0.06741340332189538
2018-08-17,0.6518027209620574,0.023068401504738878
2018-08-20,0.6975320858015213,0.04572936483946388
2018-08-21,0.6347661303545299,-0.06276595544699137
2018-08-23,0.6332950645298512,-0.0014710658246787078
2018-08-24,0.6290182947894041,-0.004276769740447106
2018-08-27,0.6992630976959111,0.07024480290650703
2018-08-28,0.6366768376619063,-0.0625862600340048
2018-08-29,0.5980177399992586,-0.038659097662647746
2018-08-30,0.6298182229047312,0.03180048290547266
2018-08-31,0.6308841359648178,0.0010659130600866318
2018-09-03,0.5774251076664749,-0.053459028298342925
2018-09-04,0.594117754049092,0.016692646382617027
2018-09-05,0.6279131616533525,0.033795407604260586
2018-09-06,0.6328625112760133,0.004949349622660804
2018-09-07,0.6329915467407081,0.00012903546469478222
2018-09-10,0.5935717112689156,-0.03941983547179251
2018-09-11,0.571055194218838,-0.022516517050077622
2018-09-12,0.6324625626863389,0.061407368467500945
2018-09-14,0.6986365255950049,0.06617396290866595
2018-09-17,0.594077459312717,-0.10455906628228784
2018-09-18,0.594464347559555,0.00038688824683796863
2018-09-19,0.5945577001114195,9.335255186448954e-05
2018-09-21,0.5110423007774856,-0.08351539933393393
2018-09-24,0.5183758657696356,0.007333564992149988
2018-09-25,0.5136752711094366,-0.004700594660199009
2018-09-26,0.5462049995369969,0.0325297284275603
2018-09-27,0.5915343421101038,0.045329342573106945
2018-09-28,0.5898009432421414,-0.0017333988679624213
2018-10-01,0.5485362168591714,-0.04126472638296996
2018-10-03,0.5822656009422389,0.03372938408306747
2018-10-04,0.5224180919690654,-0.05984750897317348
2018-10-05,0.5110762475688292,-0.011341844400236223
2018-10-08,0.5292239197953347,0.018147672226505485
2018-10-09,0.5852799237411369,0.056056003945802235
2018-10-10,0.6967150386726376,0.11143511493150071
2018-10-11,0.5110709313919753,-0.18564410728066227
2018-10-12,0.566686324547367,0.05561539315539166
2018-10-15,0.6302397885727709,0.06355346402540385
2018-10-16,0.6417432556878042,0.011503467115033361
2018-10-17,0.5112649960264933,-0.13047825966131088
2018-10-19,0.5346864128681135,0.023421416841620135
2018-10-22,0.5126503527489824,-0.022036060119131062
2018-10-23,0.5973957592641471,0.08474540651516471
2018-10-24,0.619253476284268,0.021857717020120848
2018-10-25,0.6264232802659645,0.007169803981696532
2018-10-26,0.5944196631804133,-0.03200361708555122
2018-10-29,0.5158290921530487,-0.07859057102736455
2018-10-30,0.6242972894521115,0.10846819729906276
2018-10-31,0.5110443357053409,-0.11325295374677058
2018-11-01,0.5909793724165922,0.07993503671125124
2018-11-02,0.6716713035720346,0.08069193115544249
2018-11-05,0.6284510658086868,-0.043220237763347824
2018-11-06,0.6305057494777587,0.0020546836690719106
2018-11-07,0.636239955181004,0.005734205703245232
2018-11-09,0.6294639112328347,-0.006776043948169219
2018-11-12,0.5938793663529305,-0.035584544879904256
2018-11-13,0.6971649774557034,0.1032856111027729
2018-11-14,0.6199792255867503,-0.07718575186895305
2018-11-15,0.6356120806221612,0.015632855035410897
2018-11-16,0.6617025022585483,0.026090421636387084
2018-11-19,0.6389665596756858,-0.02273594258286249
2018-11-20,0.5942964931061121,-0.04467006656957373
2018-11-21,0.5946179400426639,0.0003214469365517836
2018-11-22,0.5944448388613987,-0.00017310118126523388
2018-11-26,0.6420951449576636,0.04765030609626497
2018-11-27,0.6974783615269998,0.0553832165693362
2018-11-28,0.6357662090953071,-0.0617121524316927
2018-11-29,0.6777705745895471,0.042004365494240026
2018-11-30,0.6323575583348274,-0.04541301625471972
2018-12-03,0.6309077871574562,-0.0014497711773712174
2018-12-04,0.630277968394278,-0.000629818763178247
2018-12-05,0.621389891090108,-0.008888077304169961
2018-12-06,0.5912508180753172,-0.030139073014790796
2018-12-07,0.6586091637787921,0.06735834570347488
2018-12-10,0.5490183331945552,-0.10959083058423691
2018-12-11,0.5110647749179511,-0.03795355827660407
2018-12-12,0.6099557128018419,0.0988909378838908
2018-12-13,0.6341928151672886,0.02423710236544674
2018-12-14,0.6326372832505422,-0.0015555319167464
2018-12-17,0.661953592133068,0.029316308882525788
2018-12-18,0.658658047964118,-0.0032955441689500597
2018-12-19,0.6606578631714933,0.001999815207375355
2018-12-20,0.604667973815307,-0.05598988935618632
2018-12-21,0.5876934658665994,-0.016974507948707585
2018-12-24,0.5934132485706971,0.005719782704097676
2018-12-26,0.5141423071513253,-0.07927094141937185
2018-12-27,0.6392534463641821,0.12511113921285688
2018-12-28,0.652658659559767,0.013405213195584853
2018-12-31,0.63209604482179,-0.020562614737976936
2019-01-02,0.594006820823298,-0.03808922399849202
2019-01-03,0.5942484305415282,0.00024160971823017352
2019-01-04,0.6332215962616571,0.03897316572012888
2019-01-07,0.6358464340630894,0.0026248378014323004
2019-01-08,0.6334559945177229,-0.0023904395453664407
2019-01-09,0.6327639383568409,-0.0006920561608820819
2019-01-10,0.6152474666154909,-0.01751647174134996
2019-01-11,0.6275124543480972,0.012264987732606314
2019-01-14,0.5946170525347891,-0.03289540181330808
2019-01-15,0.6983946560184284,0.10377760348363929
2019-01-16,0.6330079810278829,-0.06538667499054551
2019-01-17,0.6318932320559695,-0.0011147489719134374
2019-01-18,0.6309981765019487,-0.0008950555540208072
2019-01-21,0.6380221644089445,0.007023987906995877
2019-01-22,0.6280953190512006,-0.009926845357743908
2019-01-23,0.5944775146026379,-0.03361780444856277
2019-01-24,0.6330174019663387,0.03853988736370084
2019-01-25,0.5915784362131923,-0.04143896575314643
2019-01-28,0.5940047131896039,0.002426276976411623
2019-01-29,0.6284678117158443,0.03446309852624041
2019-01-30,0.6252549293918329,-0.0032128823240114013
2019-01-31,0.6984838110205424,0.07322888162870944
2019-02-01,0.6309001976938928,-0.06758361332664953
2019-02-04,0.6312704439840042,0.00037024629011139787
2019-02-05,0.6333261677293155,0.0020557237453112664
2019-02-06,0.6991275509145302,0.06580138318521467
2019-02-07,0.6324319723295142,-0.06669557858501596
2019-02-08,0.5940532707915059,-0.038378701538008264
2019-02-11,0.6111574492482401,0.017104178456734176
2019-02-12,0.6035285743386664,-0.007628874909573757
2019-02-14,0.6150680277091579,0.01153945337049156
2019-02-15,0.6283327185298959,0.013264690820738001
2019-02-18,0.5944551226432481,-0.03387759588664785
2019-02-19,0.6281094064786584,0.03365428383541036
2019-02-20,0.6992502196760004,0.071140813197342
2019-02-21,0.655400551497467,-0.04384966817853342
2019-02-22,0.632635925667531,-0.02276462582993599
2019-02-25,0.6993871273018704,0.06675120163433934
2019-02-26,0.6257073808588455,-0.07367974644302488
2019-02-27,0.5975131143667347,-0.028194266492110764
2019-02-28,0.5980145199835085,0.000501405616773809
2019-03-01,0.6377284194168481,0.03971389943333958
2019-03-05,0.6967906556227906,0.05906223620594253
2019-03-06,0.6385196959403665,-0.05827095968242413
2019-03-07,0.6318969776165092,-0.006622718323857302
2019-03-08,0.6307857317199687,-0.001111245896540547
2019-03-11,0.699389355592038,0.06860362387206931
2019-03-12,0.6996866796550089,0.000297324062970894
2019-03-13,0.6351865940434956,-0.06450008561151321
2019-03-14,0.6311650852656223,-0.004021508777873328
2019-03-15,0.647504436435438,0.016339351169815663
2019-03-18,0.6321584429165921,-0.015345993518845913
2019-03-19,0.6368888006956158,0.004730357779023753
2019-03-20,0.6291908697312104,-0.007697930964405408
2019-03-22,0.5944861791150395,-0.034704690616170875
2019-03-25,0.6196067480959311,0.025120568980891544
2019-03-26,0.6992823722258525,0.07967562412992146
2019-03-27,0.5951535347624619,-0.10412883746339063
2019-03-28,0.6993492231940324,0.10419568843157045
2019-04-01,0.6383394861187203,-0.0610097370753121
2019-04-02,0.6363136757065109,-0.0020258104122093945
2019-04-03,0.5945252090868908,-0.0417884666196201
2019-04-04,0.5962853287123308,0.001760119625439982
2019-04-05,0.6373245385323587,0.041039209820027955
2019-04-08,0.5942417007231577,-0.04308283780920097
2019-04-09,0.674877733006568,0.08063603228341021
2019-04-10,0.5954279076548776,-0.07944982535169032
2019-04-11,0.6327838077085756,0.03735590005369793
2019-04-12,0.6358094722880389,0.003025664579463294
2019-04-15,0.6359015116297468,9.203934170798345e-05
2019-04-16,0.6935599558461601,0.05765844421641331
2019-04-18,0.5947979956569817,-0.09876196018917849
2019-04-22,0.593059327924356,-0.0017386677326256539
2019-04-23,0.6270800526204081,0.03402072469605211
2019-04-24,0.6991908752418532,0.07211082262144508
2019-04-25,0.5943407935196553,-0.1048500817221979
2019-04-26,0.699272318840646,0.1049315253209907
2019-04-30,0.6303461745289929,-0.06892614431165311
2019-05-02,0.6284662821261479,-0.0018798924028450292
2019-05-03,0.6300489481469811,0.0015826660208332344
2019-05-06,0.6288473609397771,-0.0012015872072039802
2019-05-07,0.5915006693578971,-0.037346691581879976
2019-05-08,0.5936059838809542,0.002105314523057067
2019-05-09,0.6264349318466175,0.03282894796566327
2019-05-10,0.6282166339065595,0.001781702059941992
2019-05-13,0.5938674673444736,-0.034349166562085864
2019-05-14,0.6217947883365388,0.027927320992065185
2019-05-15,0.5937364442004903,-0.028058344136048463
2019-05-16,0.6975861768187739,0.10384973261828356
2019-05-17,0.699388318675953,0.0018021418571790848
2019-05-20,0.5110453776568988,-0.18834294101905413
2019-05-21,0.5616089115043835,0.05056353384748469
2019-05-22,0.6319747224467086,0.07036581094232508
2019-05-23,0.5110423007788002,-0.12093242166790841
2019-05-24,0.513078198474777,0.002035897695976785
2019-05-27,0.6239031325395088,0.11082493406473182
2019-05-28,0.6310310795207962,0.007127946981287381
2019-05-29,0.6206475818255781,-0.010383497695218069
2019-05-30,0.6993009614191972,0.07865337959361907
2019-05-31,0.625304654996222,-0.07399630642297517
2019-06-03,0.6981963415710973,0.07289168657487533
2019-06-04,0.6284481315333506,-0.06974821003774678
2019-06-06,0.5747279483667169,-0.05372018316663363
2019-06-07,0.6307558696091797,0.05602792124246281
2019-06-10,0.6345184936227819,0.003762624013602167
2019-06-11,0.6345594369181328,4.094329535087038e-05
2019-06-12,0.6001146321857705,-0.03444480473236222
2019-06-13,0.6305014998184649,0.03038686763269438
2019-06-14,0.5944881812604734,-0.0360133185579915
2019-06-17,0.5894892512550053,-0.0049989300054681385
2019-06-18,0.632175923633734,0.042686672378728696
2019-06-19,0.6300815955930483,-0.0020943280406856557
2019-06-20,0.6928059131015842,0.06272431750853591
2019-06-21,0.5943956191736086,-0.09841029392797562
2019-06-24,0.6283375586209701,0.03394193944736146
2019-06-25,0.6984581007000707,0.07012054207910068
2019-06-26,0.6972512683282535,-0.0012068323718172902
2019-06-27,0.6308221460490394,-0.06642912227921405
2019-06-28,0.5950920947449653,-0.03573005130407414
2019-07-01,0.6385771186770619,0.043485023932096634
2019-07-02,0.6338076265617707,-0.004769492115291207
2019-07-03,0.6322849419187865,-0.0015226846429842178
2019-07-04,0.6341638424589447,0.0018789005401582681
2019-07-05,0.5940076536019946,-0.04015618885695016
2019-07-08,0.5772595649711674,-0.016748088630827218
2019-07-09,0.6295577439539557,0.052298178982788324
2019-07-10,0.6266665582277112,-0.002891185726244472
2019-07-11,0.637959720309135,0.011293162081423724
2019-07-12,0.620604288515853,-0.017355431793281917
2019-07-15,0.6338731981112562,0.013268909595403167
2019-07-16,0.6986534598294212,0.06478026171816498
2019-07-17,0.6343133968963088,-0.06434006293311234
2019-07-18,0.5943952085351711,-0.039918188361137696
2019-07-19,0.5797490994303386,-0.01464610910483255
2019-07-22,0.6152238918113266,0.03547479238098805
2019-07-23,0.6273999593433125,0.012176067531985857
2019-07-24,0.6208577229823863,-0.006542236360926212
2019-07-25,0.6287693296196272,0.007911606637240887
2019-07-26,0.633465042107339,0.004695712487711834
2019-07-29,0.5943951270091558,-0.03906991509818325
2019-07-30,0.5936216187064384,-0.000773508302717385
2019-07-31,0.6693973989965798,0.07577578029014143
2019-08-01,0.5566800415007715,-0.11271735749580825
2019-08-02,0.5251357511621951,-0.03154429033857642
2019-08-05,0.5956258043339105,0.07049005317171542
2019-08-06,0.5627430645586557,-0.0328827397752548
2019-08-07,0.5889557628247002,0.026212698266044443
2019-08-08,0.5965977298403641,0.007641967015663886
2019-08-09,0.6324075678807674,0.035809838040403275
2019-08-13,0.5598003773952027,-0.07260719048556463
2019-08-14,0.6270833365992335,0.06728295920403082
2019-08-16,0.6301427271094641,0.0030593905102305197
2019-08-19,0.6304796325693325,0.0003369054598684196
2019-08-20,0.6159360637082962,-0.014543568861036249
2019-08-21,0.5944691519858258,-0.021466911722470394
2019-08-22,0.5923519186764813,-0.002117233309344546
2019-08-23,0.5163699508500788,-0.07598196782640254
2019-08-26,0.5110423007814804,-0.005327650068598366
2019-08-27,0.631481828185498,0.12043952740401764
2019-08-28,0.6196980208035768,-0.011783807381921196
2019-08-29,0.611338386642059,-0.00835963416151786
2019-08-30,0.6297317247630961,0.01839333812103716
2019-09-03,0.5856264099651712,-0.0441053147979249
2019-09-04,0.6475130577964522,0.06188664783128095
2019-09-05,0.6304408727659545,-0.017072185030497677
2019-09-06,0.6993408995413176,0.06890002677536311
2019-09-09,0.6595874342933873,-0.03975346524793033
2019-09-11,0.6354832751322341,-0.02410415916115316
2019-09-12,0.5946681049405877,-0.04081517019164638
2019-09-13,0.6986827657716694,0.10401466083108168
2019-09-16,0.6283674541600331,-0.07031531161163629
2019-09-17,0.5862652145369965,-0.04210223962303661
2019-09-18,0.6331320262254109,0.046866811688414334
2019-09-19,0.5940840948642361,-0.03904793136117479
2019-09-20,0.5110423007774856,-0.0830417940867505
2019-09-23,0.5110423031891181,2.4116325603174005e-09
2019-09-24,0.6281586160457382,0.11711631285662005
2019-09-25,0.5940427993516701,-0.034115816694068046
2019-09-26,0.6990738104074614,0.10503101105579127
2019-09-27,0.6233457033481977,-0.0757281070592637
2019-09-30,0.6275924443396547,0.004246740991456943
2019-10-01,0.5111624354463237,-0.116430008893331
2019-10-03,0.6261666199023046,0.11500418445598093
2019-10-04,0.5284550134254051,-0.09771160647689947
2019-10-07,0.5890069323328916,0.06055191890748646
2019-10-09,0.6365378097688685,0.04753087743597695
2019-10-10,0.61368010941631,-0.02285770035255852
2019-10-11,0.6301101870974259,0.01643007768111593
2019-10-14,0.6315236918255904,0.001413504728164483
2019-10-15,0.6974288655036813,0.0659051736780909
2019-10-16,0.6358042875329033,-0.06162457797077803
2019-10-17,0.6991574680407387,0.06335318050783545
2019-10-18,0.6994418493259343,0.0002843812851955896
2019-10-22,0.5974478908684588,-0.1019939584574755
2019-10-23,0.6313544543184597,0.03390656345000087
2019-10-24,0.5959372041077282,-0.0354172502107315
2019-10-25,0.62816748877764,0.032230284669911735
2019-10-29,0.6982306747784548,0.07006318600081485
2019-10-30,0.6367215694308269,-0.06150910534762788
2019-10-31,0.6337186253789445,-0.0030029440518823947
2019-11-01,0.6326433365464059,-0.0010752888325386012
2019-11-04,0.6357834046962154,0.003140068149809494
2019-11-05,0.6175474916627391,-0.01823591303347627
2019-11-06,0.6319931332951287,0.014445641632389594
2019-11-07,0.6361405085354543,0.0041473752403256015
2019-11-08,0.5942580439478987,-0.04188246458755562
2019-11-11,0.6309849485695024,0.03672690462160366
2019-11-13,0.5952748615678158,-0.03571008700168654
2019-11-14,0.6332731592726903,0.037998297704874506
2019-11-15,0.632575671089975,-0.0006974881827153112
2019-11-18,0.6299093439754164,-0.0026663271145586087
2019-11-19,0.6361034698681399,0.006194125892723501
2019-11-20,0.6374426127609427,0.0013391428928027915
2019-11-21,0.6008703656319276,-0.03657224712901508
2019-11-22,0.5997091596486144,-0.0011612059833132626
2019-11-25,0.6973673080270789,0.09765814837846454
2019-11-26,0.597051172510206,-0.1003161355168729
2019-11-27,0.6407374859571002,0.04368631344689422
2019-11-28,0.6359090261634494,-0.004828459793650874
2019-11-29,0.5944968517648753,-0.04141217439857403
2019-12-02,0.6053766710637226,0.010879819298847293
2019-12-03,0.5949610722275023,-0.010415598836220341
2019-12-04,0.6908205254788629,0.09585945325136058
2019-12-05,0.6114453240359623,-0.07937520144290056
2019-12-06,0.5944085765231003,-0.017036747512861994
2019-12-09,0.6315733218218504,0.037164745298750135
2019-12-10,0.594382510333739,-0.03719081148811143
2019-12-11,0.6406846611333538,0.04630215079961475
2019-12-12,0.6370806523472465,-0.0036040087861072267
2019-12-13,0.6989160445401432,0.06183539219289669
2019-12-16,0.5975294491694955,-0.10138659537064776
2019-12-17,0.6993983090485639,0.10186885987906846
2019-12-18,0.6360983460551708,-0.06329996299339313
2019-12-19,0.6362725938105283,0.0001742477553574595
2019-12-20,0.6334551876153375,-0.0028174061951907747
2019-12-23,0.6304145947111726,-0.0030405929041649182
2019-12-24,0.5990052013566156,-0.03140939335455695
2019-12-26,0.5944386450255946,-0.004566556331020988
2019-12-27,0.6992466640810641,0.10480801905546944
2019-12-30,0.6326919397253234,-0.06655472435574061
2019-12-31,0.5944307847606172,-0.03826115496470628
2020-01-01,0.6324268386843779,0.03799605392376071
2020-01-02,0.6990614922626418,0.06663465357826392
2020-01-03,0.628157854184815,-0.07090363807782685
2020-01-06,0.5895905377516817,-0.03856731643313327
2020-01-07,0.6317308820450234,0.04214034429334168
2020-01-08,0.5968584636525146,-0.034872418392508764
2020-01-09,0.6900313316369221,0.09317286798440749
2020-01-10,0.6340222982194932,-0.05600903341742891
2020-01-13,0.645453660532468,0.011431362312974813
2020-01-14,0.6347774633543621,-0.010676197178105862
2020-01-15,0.6295715506696281,-0.0052059126847340265
2020-01-16,0.6325683318796048,0.0029967812099767066
2020-01-17,0.6311844966418076,-0.0013838352377971708
2020-01-20,0.5191819206470194,-0.11200257599478824
2020-01-21,0.6282417573351796,0.10905983668816022
2020-01-22,0.5942791348999176,-0.033962622435262046
2020-01-23,0.6867501383619845,0.09247100346206694
2020-01-24,0.6978988619634696,0.011148723601485111
2020-01-27,0.5944151203712703,-0.10348374159219931
2020-01-28,0.5945205012731787,0.00010538090190836957
2020-01-29,0.6378137608366585,0.04329325956347985
2020-01-30,0.5944621275759404,-0.043351633260718114
2020-01-31,0.5930201807029496,-0.001441946872990818
2020-02-03,0.5116223764063015,-0.08139780429664811
2020-02-04,0.5352375088122144,0.023615132405912953
2020-02-05,0.6665838382869274,0.13134632947471292
2020-02-06,0.6354379683985976,-0.03114586988832979
2020-02-07,0.6025848702614466,-0.03285309813715098
2020-02-10,0.5947592200906621,-0.007825650170784515
2020-02-11,0.6387617068318768,0.044002486741214764
2020-02-12,0.6770450233252462,0.03828331649336936
2020-02-13,0.6254819850281189,-0.05156303829712727
2020-02-14,0.5953910218122985,-0.030090963215820388
2020-02-17,0.5945693573270904,-0.0008216644852081512
2020-02-18,0.6267587922626663,0.03218943493557591
2020-02-19,0.6416270679659679,0.014868275703301626
2020-02-20,0.6257810275678606,-0.01584604039810733
2020-02-24,0.5750530039777753,-0.050728023590085325
2020-02-25,0.5953197054133047,0.020266701435529444
2020-02-26,0.6050864653654169,0.00976675995211218
2020-02-27,0.6275103104159384,0.02242384505052153
2020-02-28,0.5110423022518479,-0.11646800816409053
2020-03-02,0.5110423007777147,-1.4741331488821174e-09
2020-03-03,0.5131390696101206,0.0020967688324058376
2020-03-04,0.5110477478563247,-0.002091321753795894
2020-03-05,0.6279306058250609,0.11688285796873621
2020-03-06,0.5110426391881351,-0.1168879666369258
2020-03-09,0.5110423007774856,-3.3841064950301813e-07
2020-03-11,0.5110787960379684,3.649526048277174e-05
2020-03-12,0.5110423007774856,-3.649526048277174e-05
2020-03-13,0.20744405593855048,-0.3035982448389351
2020-03-16,0.5110423007774856,0.3035982448389351
2020-03-17,0.5110423007774856,0.0
2020-03-18,0.5110423007774856,0.0
2020-03-19,0.5110423007774856,0.0
2020-03-20,0.5110423007774856,0.0
2020-03-23,0.5110423007774856,0.0
2020-03-24,0.5110423007774856,0.0
2020-03-25,0.5110423007774856,0.0
2020-03-26,0.5110423007774856,0.0
2020-03-27,0.5110423007774856,0.0
2020-03-30,0.5110423007774856,0.0
2020-03-31,0.5110423007774856,0.0
2020-04-01,0.511042300777491,5.440092820663267e-15
2020-04-03,0.5110423007775049,1.3877787807814457e-14
2020-04-07,0.5110423007774856,-1.9317880628477724e-14
2020-04-08,0.5110423007774856,0.0
2020-04-09,0.5110423007778688,3.8324898810060404e-13
2020-04-13,0.5121897987073876,0.001147497929518737
2020-04-15,0.5110423007774856,-0.001147497929901986
2020-04-16,0.5110423810424474,8.026496178814568e-08
2020-04-17,0.5110423007776879,-8.02647595055106e-08
2020-04-20,0.5112441451958909,0.00020184441820303434
2020-04-21,0.511042301212622,-0.0002018439832689456
2020-04-22,0.5110423190626865,1.785006453758342e-08
2020-04-23,0.5116343872333755,0.0005920681706890196
2020-04-24,0.5111810512141514,-0.0004533360192241487
2020-04-27,0.556496984755204,0.04531593354105268
2020-04-28,0.5647939229151142,0.008296938159910172
2020-04-29,0.5367622243268382,-0.028031698588276033
2020-04-30,0.5110441999187595,-0.025718024408078688
2020-05-04,0.5110423007774856,-1.8991412739088886e-06
2020-05-05,0.511042303628555,2.8510693805827714e-09
2020-05-06,0.5110534150190067,1.1111390451734593e-05
2020-05-07,0.6199746646907738,0.10892124967176708
2020-05-08,0.6240277233422294,0.0040530586514556655
2020-05-11,0.5110498804676956,-0.11297784287453383
2020-05-12,0.5116633453287416,0.0006134648610459648
2020-05-13,0.5139444824162088,0.0022811370874672443
2020-05-14,0.5110423102979511,-0.0029021721182577176
2020-05-15,0.6210500341828936,0.11000772388494251
2020-05-18,0.5110423007774868,-0.11000773340540682
2020-05-19,0.5111292546017897,8.695382430290444e-05
2020-05-20,0.5203228478205775,0.009193593218787766
2020-05-21,0.6261905131877433,0.10586766536716585
2020-05-22,0.5457886151897041,-0.0804018979980392
2020-05-26,0.5144015420407269,-0.03138707314897726
2020-05-27,0.5110423008648277,-0.0033592411758991414
2020-05-28,0.5606283653672576,0.04958606450242986
2020-05-29,0.511461826819203,-0.04916653854805453
2020-06-01,0.5110423125227868,-0.0004195142964162901
2020-06-02,0.524319417141021,0.013277104618234281
2020-06-03,0.6140768395000689,0.08975742235904782
2020-06-04,0.6072816265649178,-0.006795212935151063
2020-06-05,0.6313801794390342,0.02409855287411644
2020-06-08,0.511607298732031,-0.1197728807070032
2020-06-09,0.5110467440873225,-0.0005605546447084997
2020-06-10,0.6301506220297349,0.1191038779424124
2020-06-11,0.5643161519903636,-0.06583447003937137
2020-06-12,0.5110423007774856,-0.053273851212877976
2020-06-15,0.5111529746416466,0.00011067386416097058
2020-06-16,0.5110423007819959,-0.00011067385965068954
2020-06-17,0.560590798731539,0.04954849794954319
2020-06-18,0.5150887925411488,-0.04550200619039024
2020-06-19,0.5202342731708908,0.005145480629741961
2020-06-22,0.6279287459582629,0.1076944727873721
2020-06-23,0.6881153697357526,0.060186623777489734
2020-06-24,0.5186565137942593,-0.16945885594149335
2020-06-25,0.6065993718887805,0.08794285809452129
2020-06-26,0.6364823933665582,0.02988302147777766
2020-06-29,0.6255398888523288,-0.0109425045142294
2020-06-30,0.597024091172831,-0.028515797679497856
2020-07-01,0.6986431372317211,0.10161904605889016
2020-07-02,0.6958820342978627,-0.0027611029338584503
2020-07-03,0.6373359492190976,-0.05854608507876502
2020-07-06,0.6413027461376105,0.0039667969185128715
2020-07-07,0.6316347859230139,-0.009667960214596594
2020-07-08,0.5940888677138438,-0.03754591820917008
2020-07-09,0.6960493580853221,0.10196049037147825
2020-07-10,0.6281712813278314,-0.06787807675749069
2020-07-13,0.6317096482004221,0.0035383668725906814
2020-07-14,0.5907157002218473,-0.04099394797857481
2020-07-15,0.5114125967703408,-0.07930310345150648
2020-07-16,0.5662352990535533,0.05482270228321251
2020-07-17,0.6817514311786791,0.11551613212512579
2020-07-20,0.638155382694517,-0.0435960484841621
2020-07-21,0.6535542619888196,0.015398879294302614
2020-07-22,0.5892529038030287,-0.06430135818579086
2020-07-23,0.697059193937286,0.10780629013425724
2020-07-24,0.6297561806538217,-0.06730301328346433
2020-07-27,0.5944581860093007,-0.03529799464452099
2020-07-28,0.6983083044835381,0.10385011847423742
2020-07-29,0.5970047722249396,-0.10130353225859845
2020-07-30,0.5898251135652711,-0.00717965865966852
2020-07-31,0.597293239763954,0.007468126198682867
2020-08-03,0.5835159259838579,-0.013777313780096057
2020-08-04,0.6777989033457903,0.09428297736193236
2020-08-05,0.629962563043907,-0.04783634030188333
2020-08-06,0.6340868184514163,0.004124255407509381
2020-08-07,0.63170553588459,-0.002381282566826348
2020-08-10,0.6351429613940163,0.003437425509426273
2020-08-11,0.6369392927956614,0.001796331401645146
2020-08-12,0.6297326396840859,-0.007206653111575534
2020-08-13,0.6296391701971613,-9.346948692456891e-05
2020-08-14,0.5756339553020677,-0.05400521489509358
2020-08-17,0.6329688954678196,0.05733494016575191
2020-08-18,0.6991333003673118,0.06616440489949216
2020-08-19,0.6555536953228571,-0.04357960504445468
2020-08-20,0.6284981399109464,-0.027055555411910737
2020-08-21,0.6662232275968237,0.037725087685877345
2020-08-24,0.6969175692812958,0.03069434168447205
2020-08-25,0.6312654871790869,-0.06565208210220885
2020-08-26,0.6377654444157045,0.0064999572366175595
2020-08-27,0.6395495619215585,0.0017841175058540548
2020-08-28,0.6494312158087898,0.009881653887231279
2020-08-31,0.511042300783464,-0.1383889150253258
2020-09-01,0.5615700483783214,0.05052774759485734
2020-09-02,0.6406214934610233,0.0790514450827019
2020-09-03,0.6292957462036952,-0.011325747257328045
2020-09-04,0.5521498402959051,-0.07714590590779014
2020-09-07,0.6291122736622091,0.07696243336630404
2020-09-08,0.6161155238862172,-0.012996749775991967
2020-09-09,0.6035596052904113,-0.012555918595805848
2020-09-10,0.696687831620098,0.09312822632968665
2020-09-11,0.6329942212687001,-0.06369361035139787
2020-09-14,0.5881432597548684,-0.04485096151383172
2020-09-15,0.6385196018671139,0.05037634211224551
2020-09-16,0.6990254135693523,0.060505811702238455
2020-09-17,0.6287471054235525,-0.07027830814579983
2020-09-18,0.5993744359563316,-0.029372669467220947
2020-09-21,0.5231431152285485,-0.07623132072778305
2020-09-22,0.5451586405222688,0.022015525293720306
2020-09-23,0.5114794063833322,-0.03367923413893659
2020-09-24,0.5110579445285244,-0.0004214618548078475
2020-09-25,0.5123497179032345,0.0012917733747100923
2020-09-28,0.5976558535587453,0.08530613565551082
2020-09-29,0.6060712552370752,0.008415401678329881
2020-09-30,0.63157319904686,0.025501943809784877
2020-10-01,0.6909270387917005,0.05935383974484043
2020-10-05,0.6340811283113605,-0.056845910480339934
2020-10-06,0.6871544163359639,0.053073288024603316
2020-10-07,0.6472937550766268,-0.03986066125933707
2020-10-08,0.6365013746005623,-0.010792380476064456
2020-10-09,0.6570405316444404,0.020539157043878098
2020-10-12,0.6308511958538628,-0.026189335790577584
2020-10-13,0.6305018016385016,-0.00034939421536128723
2020-10-14,0.6307706541268198,0.0002688524883182053
2020-10-15,0.5110423155540094,-0.1197283385728104
2020-10-16,0.630356156983692,0.1193138414296826
2020-10-19,0.6394936852351196,0.009137528251427662
2020-10-20,0.6318918320683391,-0.007601853166780526
2020-10-21,0.5569305569341482,-0.07496127513419093
2020-10-22,0.6269414437694736,0.07001088683532541
2020-10-23,0.6347963222534311,0.007854878483957495
2020-10-26,0.5929768020010335,-0.041819520252397546
2020-10-27,0.6678278054141653,0.07485100341313178
2020-10-28,0.5858522390595778,-0.08197556635458747
2020-10-29,0.6265183589326061,0.04066611987302826
2020-10-30,0.619914916538339,-0.006603442394267134
2020-11-02,0.6300266415740475,0.010111725035708563
2020-11-03,0.6990177795909828,0.06899113801693524
2020-11-04,0.699240261048752,0.00022248145776926354
2020-11-05,0.6825603857133136,-0.016679875335438465
2020-11-06,0.6992622216991405,0.016701835985826974
2020-11-09,0.6937989327384034,-0.0054632889607371116
2020-11-10,0.6736917565578792,-0.020107176180524267
2020-11-11,0.6296830332692223,-0.044008723288656904
2020-11-12,0.6268926908691528,-0.0027903424000694788
2020-11-13,0.6355515030139952,0.008658812144842432
2020-11-17,0.6589915901714475,0.023440087157452272
2020-11-18,0.6961497612774312,0.03715817110598374
2020-11-19,0.5916505603448283,-0.1044992009326029
2020-11-20,0.6316168030453301,0.03996624270050175
2020-11-23,0.6327334579195691,0.0011166548742390647
2020-11-24,0.6674668679142854,0.0347334099947163
2020-11-25,0.523874152585213,-0.14359271532907247
2020-11-26,0.5329310728698069,0.009056920284593928
2020-11-27,0.6290757353220053,0.09614466245219844
2020-12-01,0.6340509775919809,0.004975242269975588
2020-12-02,0.6299368942397368,-0.004114083352244169
2020-12-03,0.6577788849431857,0.02784199070344895
2020-12-04,0.6995200645706862,0.04174117962750046
2020-12-07,0.6997520126750051,0.0002319481043189242
2020-12-08,0.6328474775912741,-0.06690453508373095
2020-12-09,0.699126368444895,0.06627889085362082
2020-12-10,0.6286609231513567,-0.07046544529353826
2020-12-11,0.6307314292205366,0.0020705060691799115
2020-12-14,0.6330473798405868,0.002315950620050189
2020-12-15,0.6304389268496253,-0.002608452990961463
2020-12-16,0.638682256839529,0.008243329989903625
2020-12-17,0.6351496450557101,-0.0035326117838188065
2020-12-18,0.6318672463150441,-0.003282398740666048
2020-12-21,0.5110423007774862,-0.12082494553755785
2020-12-22,0.5112299026789514,0.00018760190146516198
2020-12-23,0.6537429048028648,0.14251300212391338
2020-12-24,0.691375034311489,0.03763212950862416
2020-12-28,0.6986771148397424,0.00730208052825343
2020-12-29,0.6349429889374539,-0.06373412590228844
2020-12-30,0.6333265857250585,-0.001616403212395423
2020-12-31,0.6311463914634162,-0.0021801942616422876
2021-01-01,0.6343253413971126,0.0031789499336963845
2021-01-04,0.6311004804622485,-0.003224860934864071
2021-01-05,0.6974008170295833,0.0663003365673348
2021-01-06,0.6011618517452301,-0.09623896528435327
2021-01-07,0.6029520850713807,0.001790233326150581
2021-01-08,0.6954592123283232,0.09250712725694255
2021-01-11,0.6388361867957482,-0.05662302553257503
2021-01-12,0.6955172010804692,0.056681014284721054
2021-01-13,0.6304262755843101,-0.06509092549615914
2021-01-14,0.6316530925710425,0.0012268169867324374
2021-01-15,0.5927944505061233,-0.03885864206491918
2021-01-18,0.5940532436796603,0.0012587931735369429
2021-01-19,0.6982045872502372,0.10415134357057687
2021-01-20,0.6997727933865643,0.0015682061363271327
2021-01-21,0.5935351290265318,-0.10623766436003246
2021-01-22,0.5932515433635113,-0.000283585663020558
2021-01-25,0.5579685373636387,-0.03528300599987255
2021-01-27,0.5307166224501367,-0.027251914913501984
2021-01-28,0.5683266507189825,0.03761002826884574
2021-01-29,0.5110720570379801,-0.057254593681002386
2021-02-01,0.5110423007774856,-2.9756260494506748e-05
2021-02-02,0.5113855574602116,0.00034325668272605636
2021-02-03,0.512311208779256,0.0009256513190443183
2021-02-04,0.6028254293338188,0.09051422055456282
2021-02-05,0.6311298291714975,0.02830439983767874
2021-02-08,0.6481587666344786,0.017028937462981064
2021-02-09,0.6301869167731174,-0.017971849861361133
2021-02-10,0.6297533863363638,-0.00043353043675364855
2021-02-11,0.6963445958957792,0.06659120955941544
2021-02-12,0.6301893396797694,-0.06615525621600982
2021-02-15,0.6439236923832489,0.013734352703479447
2021-02-16,0.6302429290662971,-0.013680763316951783
2021-02-17,0.6073224242481026,-0.02292050481819452
2021-02-18,0.5945120389226641,-0.012810385325438434
2021-02-19,0.5949787221250591,0.0004666832023949574
2021-02-22,0.5216856611445682,-0.07329306098049093
2021-02-23,0.6230496749574498,0.10136401381288163
2021-02-24,0.5110423007774944,-0.11200737417995543
2021-02-25,0.6323430914855853,0.12130079070809097
2021-02-26,0.511042478629621,-0.12130061285596427
2021-03-01,0.5556715883086989,0.04462910967907785
2021-03-02,0.6202139768515612,0.06454238854286232
2021-03-03,0.5800710417347239,-0.04014293511683731
2021-03-04,0.5830807771185107,0.0030097353837867935
2021-03-05,0.595125727326601,0.012044950208090266
2021-03-08,0.6302786229271764,0.03515289560057544
2021-03-09,0.6321397231658791,0.0018611002387026732
2021-03-10,0.6356141318936183,0.0034744087277391866
2021-03-12,0.5158747811229822,-0.11973935077063602
2021-03-15,0.5119080426554725,-0.003966738467509723
2021-03-16,0.5884315391516545,0.07652349649618195
2021-03-17,0.5855266974701105,-0.0029048416815439237
2021-03-18,0.5119063553900555,-0.07362034208005508
2021-03-19,0.5110423017287843,-0.0008640536612711802
2021-03-22,0.6264720010977404,0.11542969936895608
2021-03-23,0.6324741134740095,0.006002112376269131
2021-03-24,0.5896103723740485,-0.04286374109996105
2021-03-25,0.5867793152398527,-0.002831057134195736
2021-03-26,0.6328131974072034,0.046033882167350715
2021-03-30,0.6895357042263285,0.05672250681912505
2021-03-31,0.5941425565654067,-0.09539314766092177
2021-04-01,0.6391163995477724,0.04497384298236573
2021-04-05,0.5112438221855884,-0.12787257736218405
2021-04-06,0.625103835346672,0.11386001316108363
2021-04-07,0.6402013078394615,0.015097472492789477
2021-04-08,0.6317868206550827,-0.00841448718437876
2021-04-09,0.6278762505299224,-0.003910570125160384
2021-04-12,0.5110483450556997,-0.11682790547422262
2021-04-13,0.5204196372490854,0.009371292193385616
2021-04-15,0.5909205387223743,0.07050090147328891
2021-04-16,0.6317378844487156,0.040817345726341325
2021-04-19,0.5401453003023665,-0.09159258414634908
2021-04-20,0.5113504009480181,-0.028794899354348424
2021-04-22,0.5176690577278505,0.0063186567798324544
2021-04-23,0.6194204191949229,0.10175136146707231
2021-04-26,0.6374417389488883,0.01802131975396548
2021-04-27,0.6990555129522513,0.06161377400336299
2021-04-28,0.6997199220461732,0.0006644090939218472
2021-04-29,0.6306193828774578,-0.06910053916871539
2021-04-30,0.5231996123507685,-0.10741977052668927
2021-05-03,0.5131222777032013,-0.010077334647567215
2021-05-04,0.5559698706308289,0.04284759292762763
2021-05-05,0.6354205708774823,0.07945070024665335
2021-05-06,0.642951216610279,0.007530645732796715
2021-05-07,0.6386852642380125,-0.004265952372266457
2021-05-10,0.6384070758425947,-0.00027818839541782214
2021-05-11,0.6182805282930985,-0.020126547549496165
2021-05-12,0.5943925117725438,-0.023888016520554722
2021-05-14,0.6219920838865325,0.02759957211398867
2021-05-17,0.6986451918671657,0.07665310798063318
2021-05-18,0.6412772817884576,-0.05736791007870812
2021-05-19,0.6276200404119563,-0.013657241376501261
2021-05-20,0.5944763986315199,-0.033143641780436384
2021-05-21,0.6968794562782038,0.10240305764668389
2021-05-24,0.632843924048637,-0.06403553222956682
2021-05-25,0.6348206115933295,0.0019766875446924903
2021-05-26,0.6369650945652892,0.0021444829719596825
2021-05-27,0.6335280691071602,-0.0034370254581289617
2021-05-28,0.6379397473857221,0.004411678278561926
2021-05-31,0.6965240168816123,0.05858426949589013
2021-06-01,0.6303017640818441,-0.06622225279976812
2021-06-02,0.6301927510589083,-0.00010901302293586657
2021-06-03,0.638503711266374,0.00831096020746569
2021-06-04,0.6295218435810345,-0.008981867685339484
2021-06-07,0.6367205631705589,0.007198719589524449
2021-06-08,0.6304093831672403,-0.0063111800033186505
2021-06-09,0.5938968806462093,-0.036512502521031
2021-06-10,0.6407352447578565,0.04683836411164721
2021-06-11,0.6367470477832498,-0.003988196974606728
2021-06-14,0.6300547241049493,-0.006692323678300416
2021-06-15,0.6361493753961012,0.006094651291151831
2021-06-16,0.5965598362887568,-0.03958953910734442
2021-06-17,0.626575363066783,0.030015526778026214
2021-06-18,0.6058931472624276,-0.020682215804355364
2021-06-21,0.5383130272156345,-0.06758012004679315
2021-06-22,0.6317955809578698,0.09348255374223535
2021-06-23,0.5893012287917772,-0.04249435216609265
2021-06-24,0.64266742218179,0.053366193390012806
2021-06-25,0.6362458685055711,-0.006421553676218883
2021-06-28,0.5965598242538954,-0.039686044251675656
2021-06-29,0.6168605697736429,0.020300745519747476
2021-06-30,0.6270445231184502,0.010183953344807262
2021-07-01,0.5998133386953028,-0.027231184423147314
2021-07-02,0.6341815260155786,0.0343681873202758
2021-07-05,0.6408420649997993,0.0066605389842206986
2021-07-06,0.6297502581936272,-0.011091806806172166
2021-07-07,0.6452282393261581,0.01547798113253096
2021-07-08,0.5943520545829093,-0.05087618474324884
2021-07-09,0.627830260478501,0.033478205895591695
2021-07-12,0.6267374825185482,-0.0010927779599527732
2021-07-13,0.6380786057890625,0.011341123270514286
2021-07-14,0.6340924491629666,-0.003986156626095916
2021-07-15,0.6435750745548027,0.009482625391836086
2021-07-16,0.631518323497784,-0.012056751057018644
2021-07-19,0.6272722564739409,-0.004246067023843114
2021-07-20,0.6098614720391853,-0.017410784434755633
2021-07-22,0.6980689843675425,0.08820751232835722
2021-07-23,0.6328898278363871,-0.06517915653115536
2021-07-26,0.629421800772306,-0.003468027064081114
2021-07-27,0.5945484064322116,-0.0348733943400944
2021-07-28,0.6281458367244408,0.03359743029222917
2021-07-29,0.6365610099338109,0.00841517320937013
2021-07-30,0.6298300975664954,-0.006730912367315489
2021-08-02,0.6374161229611542,0.007586025394658802
2021-08-03,0.6989537681354537,0.06153764517429949
2021-08-04,0.6674147634475627,-0.03153900468789106
2021-08-05,0.632712373103842,-0.03470239034372069
2021-08-06,0.6107397227869964,-0.021972650316845588
2021-08-09,0.631204240435375,0.020464517648378644
2021-08-10,0.6310589373118393,-0.00014530312353577823
2021-08-11,0.6302979327734533,-0.000761004538386012
2021-08-12,0.6767552414669532,0.046457308693499955
2021-08-13,0.6996221136435333,0.022866872176580122
2021-08-16,0.6338492186431375,-0.06577289500039585
2021-08-17,0.6440042836440933,0.010155065000955865
2021-08-18,0.5957570747796909,-0.04824720886440248
2021-08-20,0.6119540898912234,0.016197015111532487
2021-08-23,0.6449792060842146,0.0330251161929912
2021-08-24,0.6425714708708854,-0.002407735213329154
2021-08-25,0.6321846929023434,-0.010386777968542038
2021-08-26,0.6321073600866811,-7.733281566224548e-05
2021-08-27,0.6351866788786186,0.0030793187919374576
2021-08-30,0.6992763857674875,0.06408970688886895
2021-08-31,0.6997258650428037,0.00044947927531613363
2021-09-01,0.5961612110141351,-0.10356465402866855
2021-09-02,0.6993957110232639,0.10323450000912882
2021-09-03,0.6420712069799073,-0.05732450404335665
2021-09-06,0.6351378770559647,-0.006933329923942577
2021-09-07,0.6297178674010494,-0.005420009654915292
2021-09-08,0.6300848551186501,0.0003669877176006864
2021-09-09,0.637506240687924,0.007421385569273964
2021-09-13,0.6303039481272396,-0.007202292560684498
2021-09-14,0.6336877570019839,0.0033838088747443207
2021-09-15,0.6988908593840246,0.06520310238204075
2021-09-16,0.6983659567484826,-0.0005249026355420572
2021-09-17,0.5956070696939072,-0.10275888705457537
2021-09-20,0.6156464109165097,0.020039341222602536
2021-09-21,0.6496172530420643,0.03397084212555457
2021-09-22,0.6310201733287848,-0.018597079713279507
2021-09-23,0.6985796502795615,0.06755947695077669
2021-09-24,0.6329065207587384,-0.06567312952082305
2021-09-27,0.6284882541546908,-0.004418266604047649
2021-09-28,0.5714243633018072,-0.05706389085288355
2021-09-29,0.6283211375131104,0.056896774211303125
2021-09-30,0.5949132153495189,-0.03340792216359145
2021-10-01,0.6268282476483182,0.03191503229879933
2021-10-04,0.6542867751389102,0.027458527490591966
2021-10-05,0.6992594385180846,0.04497266337917438
2021-10-06,0.5944856118075367,-0.10477382671054791
2021-10-07,0.6385833998781888,0.04409778807065212
2021-10-08,0.6383477013176959,-0.00023569856049288074
2021-10-11,0.6325121484699706,-0.0058355528477253005
2021-10-12,0.6427552924871449,0.0102431440171743
2021-10-13,0.6464723809788577,0.0037170884917128166
2021-10-14,0.6778835651685211,0.03141118418966338
2021-10-18,0.6379859498211439,-0.039897615347377235
2021-10-19,0.593735131646541,-0.04425081817460286
2021-10-20,0.5944031442912773,0.00066801264473626
2021-10-21,0.586172447296176,-0.008230696995101261
2021-10-22,0.6022049487109994,0.016032501414823375
2021-10-25,0.6277797272660671,0.025574778555067734
2021-10-26,0.6962657307482716,0.06848600348220446
2021-10-27,0.6180259734629161,-0.07823975728535548
2021-10-28,0.5828018292213442,-0.03522414424157194
2021-10-29,0.5872296272413758,0.004427798020031681
2021-11-01,0.6827234738721125,0.09549384663073668
2021-11-02,0.6204191684974943,-0.062304305374618174
2021-11-03,0.5950013680898512,-0.025417800407643187
2021-11-04,0.6349434867855713,0.039942118695720175
2021-11-08,0.6305710280026827,-0.004372458782888611
2021-11-09,0.6295692915100013,-0.0010017364926814265
2021-11-10,0.6292461797646389,-0.00032311174536237
2021-11-11,0.5971604484777661,-0.032085731286872865
2021-11-12,0.6973080307783015,0.10014758230053544
2021-11-15,0.6314912832098646,-0.06581674756843692
2021-11-16,0.5945589951150195,-0.036932288094845056
2021-11-17,0.6265299051841227,0.03197091006910313
2021-11-18,0.5937512097652389,-0.032778695418883785
2021-11-22,0.5130962704596028,-0.08065493930563605
2021-11-23,0.511901868395699,-0.0011944020639038655
2021-11-24,0.56396307693546,0.05206120853976104
2021-11-25,0.6873174546064234,0.12335437767096336
2021-11-26,0.5123672394200205,-0.17495021518640286
2021-11-29,0.5112484459162963,-0.0011187935037242358
2021-11-30,0.5112978794167214,4.94335004251889e-05
2021-12-01,0.6316904424652298,0.12039256304850832
2021-12-02,0.6979412178081483,0.06625077534291857
2021-12-03,0.5942132230183965,-0.10372799478975181
2021-12-06,0.5762638251635464,-0.01794939785485017
2021-12-07,0.5988591861768392,0.022595361013292847
2021-12-08,0.6749265549971736,0.07606736882033438
2021-12-09,0.6325977839102348,-0.04232877108693878
2021-12-10,0.6304200010871197,-0.002177782823115093
2021-12-13,0.5862579434732806,-0.04416205761383907
2021-12-14,0.6279804666727359,0.04172252319945524
2021-12-15,0.5946683629587504,-0.03331210371398552
2021-12-16,0.6473948396064121,0.052726476647661724
2021-12-17,0.5875813336841099,-0.05981350592230217
2021-12-20,0.5110466653419887,-0.07653466834212119
2021-12-21,0.5806301752846579,0.06958350994266915
2021-12-22,0.6908222270901818,0.11019205180552394
2021-12-23,0.6386682599902105,-0.05215396709997133
2021-12-24,0.5938466117873771,-0.04482164820283341
2021-12-27,0.6152524781451387,0.02140586635776165
2021-12-28,0.6564426591381616,0.04119018099302285
2021-12-29,0.6302967850440268,-0.026145874094134824
2021-12-30,0.6301749557772495,-0.00012182926677728467
2021-12-31,0.699414949618721,0.0692399938414715
2022-01-03,0.6992619099532447,-0.00015303966547630665
2022-01-04,0.6983346697096184,-0.0009272402436262261
2022-01-05,0.6925462669662154,-0.005788402743403087
2022-01-06,0.6289091054518757,-0.06363716151433962
2022-01-07,0.6319501365967216,0.003041031144845885
2022-01-10,0.6984872868256522,0.06653715022893059
2022-01-11,0.6374001569765289,-0.061087129849123345
2022-01-12,0.6394406989007926,0.002040541924263728
2022-01-13,0.6348857593693709,-0.00455493953142172
2022-01-14,0.6296902131984348,-0.005195546170936094
2022-01-17,0.670303715561993,0.04061350236355821
2022-01-18,0.5942974950275528,-0.07600622053444017
2022-01-19,0.5944134277330436,0.00011593270549081769
2022-01-20,0.5927449368745586,-0.0016684908584849723
2022-01-21,0.623086445509122,0.030341508634563308
2022-01-24,0.5110474521175068,-0.11203899339161516
2022-01-25,0.5110423016848387,-5.150432668132865e-06
2022-01-27,0.5141953354515896,0.0031530337667509123
2022-01-28,0.5462002510884383,0.03200491563684871
2022-01-31,0.622647382825418,0.0764471317369797
2022-02-01,0.5112861181568027,-0.11136126466861529
2022-02-02,0.6373357621652125,0.1260496440084098
2022-02-03,0.59228967431501,-0.045046087850202476
2022-02-04,0.6199675908575292,0.027677916542519165
2022-02-07,0.5244584527099196,-0.09550913814760953
2022-02-08,0.6043246618702162,0.07986620916029652
2022-02-09,0.6957935202539106,0.09146885838369445
2022-02-10,0.6332655581257645,-0.06252796212814615
2022-02-11,0.6096138150997494,-0.023651743026015026
2022-02-14,0.5110461180871264,-0.09856769701262302
2022-02-15,0.5110486770981519,2.559011025526914e-06
2022-02-16,0.6207613198353853,0.10971264273723336
2022-02-17,0.621564151535168,0.0008028316997826801
2022-02-18,0.6290162687844768,0.007452117249308832
2022-02-21,0.6249495477903816,-0.004066720994095219
2022-02-22,0.5866202795986745,-0.03832926819170712
2022-02-23,0.596118564535769,0.009498284937094481
2022-02-24,0.5110423007774856,-0.08507626375828337
2022-02-25,0.5110777535533806,3.545277589500628e-05
2022-02-28,0.5110423310294498,-3.54225239307393e-05
2022-03-02,0.56822107829989,0.057178747270440144
2022-03-03,0.5444112848188504,-0.02380979348103962
2022-03-04,0.5112399925172625,-0.033171292301587885
2022-03-07,0.5110430801530372,-0.0001969123642252546
2022-03-08,0.5116903600827089,0.0006472799296716181
2022-03-09,0.5110455610894901,-0.000644798993218787
2022-03-10,0.5131154963330706,0.0020699352435805674
2022-03-11,0.5989392583073927,0.08582376197432207
2022-03-14,0.6906543630425088,0.09171510473511613
2022-03-15,0.5762728029296404,-0.11438156011286837
2022-03-16,0.6132497339230576,0.036976930993417145
2022-03-17,0.5616169782768381,-0.0516327556462195
2022-03-21,0.5825157765493721,0.020898798272534047
2022-03-22,0.5725409448279517,-0.00997483172142044
2022-03-23,0.5817715918430213,0.009230647015069593
2022-03-24,0.5964661254888358,0.014694533645814523
2022-03-25,0.5943231909431367,-0.0021429345456991378
2022-03-28,0.6309250708487147,0.03660187990557806
2022-03-29,0.6373462491151112,0.006421178266396432
2022-03-30,0.6386577515017526,0.001311502386641461
2022-03-31,0.6281418490514723,-0.010515902450280334
2022-04-01,0.6979148731393515,0.06977302408787922
2022-04-04,0.6956212289152064,-0.0022936442241451305
2022-04-05,0.5947433132220594,-0.10087791569314697
2022-04-06,0.6274706688842023,0.03272735566214291
2022-04-07,0.6023758407082329,-0.02509482817596942
2022-04-08,0.6339790602292231,0.03160321952099021
2022-04-11,0.6181597092708762,-0.015819350958346967
2022-04-12,0.6259271809175833,0.0077674716467071026
2022-04-13,0.5948684386465405,-0.031058742271042772
2022-04-18,0.5557658628125832,-0.039102575833957265
2022-04-19,0.5116956904879675,-0.04407017232461574
2022-04-20,0.6133491656750546,0.10165347518708712
2022-04-21,0.6955117768563674,0.08216261118131285
2022-04-22,0.6223004910840098,-0.07321128577235769
2022-04-25,0.6246593155347095,0.0023588244506997924
2022-04-26,0.6760472858092629,0.05138797027455333
2022-04-27,0.6282507532797832,-0.047796532529479685
2022-04-28,0.627426565150352,-0.0008241881294311915
2022-04-29,0.5904184487988403,-0.03700811635151169
2022-05-02,0.5952229539011394,0.004804505102299128
2022-05-04,0.511958579373187,-0.08326437452795243
2022-05-05,0.5120808022394094,0.00012222286622243228
2022-05-06,0.5209245070326056,0.008843704793196183
2022-05-09,0.5887512900591587,0.0678267830265531
2022-05-10,0.6266583630353886,0.03790707297622986
2022-05-11,0.5707889430817303,-0.05586941995365824
2022-05-12,0.5153961547538753,-0.05539278832785499
2022-05-13,0.5110951884923243,-0.004300966261551076
2022-05-16,0.6071914171463425,0.09609622865401823
2022-05-17,0.5672512610301164,-0.039940156116226144
2022-05-18,0.6255078967209274,0.058256635690811076
2022-05-19,0.5110424148729295,-0.11446548184799799
2022-05-20,0.5123827829453308,0.0013403680724013434
2022-05-23,0.6182568048528895,0.10587402190755868
2022-05-24,0.5944460082451589,-0.023810796607730556
2022-05-25,0.5941863846118803,-0.00025962363327858284
2022-05-26,0.592819107744447,-0.0013672768674333202
2022-05-27,0.6401679149432223,0.04734880719877532
2022-05-30,0.6902899798900755,0.05012206494685312
2022-05-31,0.6281190566979769,-0.062170923192098604
2022-06-01,0.6266819984126293,-0.00143705828534757
2022-06-02,0.6986873135824574,0.07200531516982811
2022-06-03,0.593802493097977,-0.10488482048448045
2022-06-06,0.6292108975174286,0.0354084044194517
2022-06-07,0.6258950061564461,-0.003315891360982537
2022-06-08,0.5940955782822869,-0.031799427874159236
2022-06-09,0.6880216368774248,0.09392605859513792
2022-06-10,0.5366499453570669,-0.1513716915203579
2022-06-13,0.5110423107517184,-0.02560763460534854
2022-06-14,0.6265883889776939,0.11554607822597551
2022-06-15,0.6286519517854656,0.002063562807771757
2022-06-16,0.5110423033490952,-0.11760964843637045
2022-06-17,0.610479345664686,0.0994370423155908
2022-06-20,0.6306792275643928,0.020199881899706784
2022-06-21,0.6537050860753468,0.023025858510954067
2022-06-22,0.5865389617859313,-0.06716612428941549
2022-06-23,0.5854736374576202,-0.0010653243283111902
2022-06-24,0.6371418311015221,0.05166819364390196
2022-06-27,0.699116770970454,0.06197493986893188
2022-06-28,0.6344938748330939,-0.06462289613736005
2022-06-29,0.595964291685049,-0.03852958314804489
2022-06-30,0.6284625440998232,0.03249825241477411
2022-07-01,0.6209250154945993,-0.007537528605223831
2022-07-04,0.6961346866321064,0.0752096711375071
2022-07-05,0.6195015631445586,-0.0766331234875478
2022-07-06,0.6990747612264714,0.07957319808191277
2022-07-07,0.6386412789231366,-0.060433482303334785
2022-07-08,0.6405958889793866,0.0019546100562499724
2022-07-11,0.6207870273045195,-0.019808861674867062
2022-07-12,0.6087431757399244,-0.012043851564595087
2022-07-13,0.5940151865632495,-0.01472798917667495
2022-07-14,0.6260746459130517,0.032059459349802255
2022-07-15,0.6363501908985085,0.010275544985456797
2022-07-18,0.6985134860852834,0.06216329518677488
2022-07-19,0.6968148140167294,-0.001698672068554008
2022-07-20,0.6406561872417068,-0.05615862677502259
2022-07-21,0.6822716023281197,0.041615415086412866
2022-07-22,0.6402643779006505,-0.04200722442746918
2022-07-25,0.6275018500177513,-0.012762527882899222
2022-07-26,0.5943414987854011,-0.03316035123235017
2022-07-27,0.6990823215446172,0.10474082275921615
2022-07-28,0.6992532460962558,0.0001709245516385849
2022-07-29,0.6805159647421487,-0.018737281354107127
2022-08-01,0.6825056636257518,0.0019896988836031193
2022-08-02,0.6306896398915194,-0.05181602373423244
2022-08-03,0.6315967286761425,0.0009070887846230891
2022-08-04,0.6202360427609694,-0.01136068591517303
2022-08-05,0.6316268293601455,0.011390786599176028
2022-08-08,0.6991993768160301,0.06757254745588459
2022-08-10,0.6319206247943356,-0.06727875202169442
2022-08-11,0.6516089350514378,0.01968831025710216
2022-08-12,0.633157200144602,-0.018451734906835826
2022-08-16,0.6372359698186894,0.004078769674087379
2022-08-17,0.6755739811761509,0.03833801135746151
2022-08-18,0.6327497779596979,-0.04282420321645297
2022-08-19,0.5942661319426883,-0.0384836460170096
2022-08-22,0.5933498024278,-0.0009163295148882922
2022-08-23,0.6673078452091912,0.07395804278139118
2022-08-24,0.6549184895551912,-0.012389355654000012
2022-08-25,0.5943406326975954,-0.06057785685759576
2022-08-26,0.632069395589417,0.03772876289182159
2022-08-29,0.5898523226236144,-0.04221707296580257
2022-08-30,0.6387430614222813,0.0488907387986669
2022-09-01,0.6081005134069521,-0.030642548015329174
2022-09-02,0.6299076342811294,0.021807120874177244
2022-09-05,0.6991706160617299,0.06926298178060053
2022-09-06,0.630388023203344,-0.06878259285838595
2022-09-07,0.6002841307931697,-0.030103892410174304
2022-09-08,0.64283052101184,0.04254639021867035
2022-09-09,0.6619063551119825,0.019075834100142464
2022-09-12,0.6396126644610243,-0.02229369065095821
2022-09-13,0.6370857410703085,-0.0025269233907158073
2022-09-14,0.5832199502852753,-0.053865790785033174
2022-09-15,0.5940296652274538,0.010809714942178528
2022-09-16,0.5898597833163425,-0.0041698819111113394
2022-09-19,0.6316078768008593,0.0417480934845168
2022-09-20,0.637963641448376,0.006355764647516748
2022-09-21,0.6272243966122073,-0.010739244836168726
2022-09-22,0.6267500852054262,-0.00047431140678111383
2022-09-23,0.5914889175638494,-0.03526116764157683
2022-09-26,0.55785545570473,-0.03363346185911931
2022-09-27,0.6066987313955834,0.04884327569085334
2022-09-28,0.6223972946456915,0.0156985632501081
2022-09-29,0.5918694156098772,-0.03052787903581433
2022-09-30,0.5123914119626909,-0.07947800364718627
2022-10-03,0.5683144641589234,0.0559230521962325
2022-10-04,0.5286278607187551,-0.03968660344016828
2022-10-06,0.6332540343591044,0.10462617364034932
2022-10-07,0.6299158589552801,-0.003338175403824306
2022-10-10,0.5944258355825197,-0.035490023372760415
2022-10-11,0.5909484848316001,-0.0034773507509195944
2022-10-12,0.6935684139029666,0.10261992907136652
2022-10-13,0.6189295901371099,-0.07463882376585673
2022-10-14,0.6994448823485987,0.08051529221148879
2022-10-17,0.6995318493667004,8.696701810173568e-05
2022-10-18,0.6440784411566804,-0.05545340821001998
2022-10-19,0.632632494289715,-0.011445946866965429
2022-10-20,0.6901656739468719,0.057533179657156874
2022-10-21,0.6314147926429182,-0.05875088130395367
2022-10-24,0.6377994245409903,0.006384631898072035
2022-10-25,0.594186359147455,-0.043613065393535266
2022-10-27,0.6354958949409932,0.04130953579353824
2022-10-28,0.63414308599893,-0.0013528089420632439
2022-10-31,0.6980453220232679,0.06390223602433787
2022-11-01,0.6385902159018412,-0.05945510612142668
2022-11-02,0.5972547190905606,-0.04133549681128057
2022-11-03,0.6098083891517279,0.012553670061167255
2022-11-04,0.6431299232722707,0.03332153412054284
2022-11-07,0.633246090802051,-0.009883832470219733
2022-11-09,0.5962225277733372,-0.03702356302871379
2022-11-10,0.626457639207021,0.030235111433683848
2022-11-11,0.6283855239767081,0.0019278847696870827
2022-11-14,0.6306614658612347,0.002275941884526622
2022-11-15,0.6344704973555734,0.003809031494338644
2022-11-16,0.6321464508147183,-0.0023240465408550515
2022-11-17,0.628509720146498,-0.003636730668220345
2022-11-18,0.6267438214514546,-0.0017658986950433997
2022-11-21,0.5947958704694909,-0.03194795098196368
2022-11-22,0.6457554373721458,0.05095956690265491
2022-11-23,0.6410101454318908,-0.00474529194025497
2022-11-24,0.6991642463110468,0.05815410087915596
2022-11-25,0.6342395212209738,-0.06492472509007297
2022-11-28,0.6587794357257598,0.024539914504785987
2022-11-29,0.6402390458960594,-0.01854038982970041
2022-11-30,0.6993480151485566,0.0591089692524972
2022-12-01,0.6396079109119905,-0.05974010423656606
2022-12-02,0.6263784693204607,-0.013229441591529834
2022-12-05,0.6308696033834603,0.004491134062999613
2022-12-06,0.6285401444386687,-0.0023294589447916403
2022-12-07,0.6089275355243626,-0.01961260891430605
2022-12-08,0.6343828471879638,0.025455311663601154
2022-12-09,0.5943408985680046,-0.04004194861995913
2022-12-12,0.6205182542121802,0.02617735564417556
2022-12-13,0.6925205302409175,0.07200227602873732
2022-12-14,0.6354204236605916,-0.05710010658032594
2022-12-15,0.5941859658652645,-0.041234457795327084
2022-12-16,0.6254684234694586,0.031282457604194125
2022-12-19,0.6994049270834773,0.07393650361401871
2022-12-20,0.629799181873175,-0.06960574521030238
2022-12-21,0.5939495087593427,-0.03584967311383225
2022-12-22,0.5940877455736244,0.00013823681428171142
2022-12-23,0.5777857371036577,-0.016302008469966767
2022-12-26,0.6398655618449367,0.062079824741279044
2022-12-27,0.6337567492952865,-0.006108812549650233
2022-12-28,0.6307197587000539,-0.003036990595232547
2022-12-29,0.6893997477257762,0.058679989025722246
2022-12-30,0.5944680902958035,-0.09493165742997267
2023-01-02,0.6462693720953616,0.05180128179955812
2023-01-03,0.6518054456954614,0.005536073600099778
2023-01-04,0.5944075332401364,-0.057397912455324995
2023-01-05,0.6006155111343292,0.0062079778941928065
2023-01-06,0.5942080736653801,-0.006407437468949118
2023-01-09,0.6989573978583766,0.10474932419299654
2023-01-10,0.5945272880433717,-0.10443010981500489
2023-01-11,0.6289167016939516,0.0343894136505799
2023-01-12,0.6284499149644712,-0.00046678672948041733
2023-01-13,0.6348419384496432,0.006392023485171983
2023-01-16,0.5948423724598921,-0.039999565989751074
2023-01-17,0.6993597774926684,0.10451740503277629
2023-01-18,0.6937011393130976,-0.005658638179570796
2023-01-19,0.6301566042764816,-0.06354453503661606
2023-01-20,0.59643834934282,-0.03371825493366154
2023-01-23,0.6378843337133969,0.041445984370576894
2023-01-24,0.6302856768869227,-0.007598656826474204
2023-01-25,0.5942834862824757,-0.03600219060444698
2023-01-27,0.5858408868733445,-0.00844259940913128
2023-01-30,0.6219379346430651,0.03609704776972067
2023-01-31,0.630487677019832,0.008549742376766867
2023-02-01,0.5110423007774945,-0.11944537624233753
2023-02-02,0.6210745331713997,0.11003223239390525
2023-02-03,0.6016304498118707,-0.019444083359528963
2023-02-06,0.6274790757778571,0.02584862596598636
2023-02-07,0.6256378893355055,-0.00184118644235165
2023-02-08,0.6994067226458903,0.07376883331038486
2023-02-09,0.6325024914177235,-0.0669042312281668
2023-02-10,0.6303537027251376,-0.0021487886925859456
2023-02-13,0.6006093128968828,-0.02974438982825478
2023-02-14,0.6947272823504381,0.09411796945355533
2023-02-15,0.6979716801793071,0.0032443978288689834
2023-02-16,0.6328890185775307,-0.06508266160177645
2023-02-17,0.6273808478957521,-0.005508170681778557
2023-02-20,0.5945892981055597,-0.03279154979019239
2023-02-21,0.6128482234971301,0.01825892539157037
2023-02-22,0.5936764865762469,-0.019171736920883142
2023-02-23,0.6263887192953422,0.03271223271909529
2023-02-24,0.5959603086201125,-0.030428410675229722
2023-02-27,0.6269118430831104,0.03095153446299792
2023-02-28,0.617527368033019,-0.009384475050091434
2023-03-01,0.6990907599105919,0.08156339187757289
2023-03-02,0.5946856407809621,-0.1044051191296298
2023-03-03,0.6969889106315459,0.1023032698505838
2023-03-06,0.637014096854458,-0.05997481377708791
2023-03-08,0.6495778286705501,0.01256373181609216
2023-03-09,0.5939962389672676,-0.05558158970328253
2023-03-10,0.6276429176049524,0.03364667863768478
2023-03-13,0.5569908178812015,-0.07065209972375086
2023-03-14,0.5885579769349554,0.031567159053753846
2023-03-15,0.5904567383655746,0.001898761430619178
2023-03-16,0.6298301649624486,0.03937342659687404
2023-03-17,0.6339830610920405,0.00415289612959191
2023-03-20,0.6246528915575349,-0.009330169534505606
2023-03-21,0.6399622446047548,0.01530935304721992
2023-03-22,0.6342661875174171,-0.005696057087337669
2023-03-23,0.627338144709519,-0.00692804280789816
2023-03-24,0.5944875156999095,-0.032850629009609444
2023-03-27,0.6315501025242971,0.03706258682438757
2023-03-28,0.6115557237011144,-0.019994378823182668
2023-03-29,0.6974074615954868,0.08585173789437239
2023-03-31,0.6992828657860314,0.0018754041905445495
2023-04-03,0.6336606926982198,-0.0656221730878116
2023-04-05,0.6994570252166006,0.0657963325183808
2023-04-06,0.6365875540060338,-0.06286947121056674
2023-04-10,0.6334069866345338,-0.003180567371500076
2023-04-11,0.6376272829211616,0.004220296286627789
2023-04-12,0.6402262175289802,0.0025989346078186815
2023-04-13,0.6322468527117527,-0.007979364817227497
2023-04-17,0.5928033419828609,-0.03944351072889185
2023-04-18,0.596924364614074,0.004121022631213167
2023-04-19,0.6288734747372576,0.03194911012318358
2023-04-20,0.6318125542171333,0.002939079479875706
2023-04-21,0.6311764950450153,-0.0006360591721180642
2023-04-24,0.6368349456227786,0.005658450577763374
2023-04-25,0.6337223545366335,-0.0031125910861451445
2023-04-26,0.6340167001265471,0.0002943455899135916
2023-04-27,0.6979908008861696,0.06397410075962251
2023-04-28,0.6989432970093501,0.0009524961231804907
2023-05-02,0.6362846607718637,-0.06265863623748635
2023-05-03,0.6297727423784532,-0.006511918393410587
2023-05-04,0.699029599442697,0.06925685706424389
2023-05-05,0.6285753881643027,-0.07045421127839435
2023-05-08,0.6994339056716237,0.07085851750732097
2023-05-09,0.6317832097003157,-0.06765069597130802
2023-05-10,0.6349256831859219,0.0031424734856062564
2023-05-11,0.628382069333964,-0.006543613851957897
2023-05-12,0.6313637325294096,0.002981663195445572
2023-05-15,0.6345699756342639,0.0032062431048542894
2023-05-16,0.5943658463389626,-0.04020412929530126
2023-05-17,0.5945633493588264,0.00019750301986376506
2023-05-18,0.5945313930059005,-3.195635292585486e-05
2023-05-19,0.6343538948015515,0.039822501795650944
2023-05-22,0.6987823885177933,0.06442849371624182
2023-05-23,0.6343691857057105,-0.06441320281208274
2023-05-24,0.6278655375170482,-0.0065036481886623365
2023-05-25,0.632931308684298,0.005065771167249822
2023-05-26,0.699476275065815,0.06654496638151697
2023-05-29,0.6359839715827785,-0.06349230348303647
2023-05-30,0.6337029903816975,-0.0022809812010810004
2023-05-31,0.6239651277937178,-0.009737862587979706
2023-06-01,0.60023172373461,-0.023733404059107843
2023-06-02,0.6344395971632786,0.0342078734286686
2023-06-05,0.634697778749969,0.00025818158669044244
2023-06-06,0.6323785499903772,-0.002319228759591785
2023-06-07,0.6545750239607607,0.02219647397038349
2023-06-08,0.6004231159395321,-0.0541519080212286
2023-06-09,0.5965623957615105,-0.003860720178021637
2023-06-12,0.6341520806572609,0.03758968489575043
2023-06-13,0.6965915088128316,0.062439428155570686
2023-06-14,0.6350912867573456,-0.061500222055486
2023-06-15,0.5986888807243569,-0.03640240603298872
2023-06-16,0.6988578122547432,0.10016893153038631
2023-06-19,0.595986973549672,-0.10287083870507119
2023-06-20,0.6331149437957934,0.037127970246121356
2023-06-21,0.6347153848585629,0.0016004410627695753
2023-06-22,0.59938724455245,-0.035328140306112976
2023-06-23,0.5975949924135897,-0.0017922521388602508
2023-06-26,0.6333036731958661,0.0357086807822764
2023-06-27,0.6657448944929263,0.032441221297060174
2023-06-28,0.6432450779492711,-0.022499816543655182
2023-06-30,0.6990926949158051,0.05584761696653395
2023-07-03,0.6903677816420127,-0.008724913273792323
2023-07-04,0.6351753638735212,-0.055192417768491486
2023-07-05,0.6328591802224519,-0.0023161836510693368
2023-07-06,0.6969075412687776,0.06404836104632572
2023-07-07,0.6167980941391481,-0.08010944712962953
2023-07-10,0.632607148219316,0.01580905408016786
2023-07-11,0.6367907209366401,0.004183572717324169
2023-07-12,0.5975317343682605,-0.03925898656837967
2023-07-13,0.6325149293264134,0.03498319495815294
2023-07-14,0.6447957733475758,0.012280844021162363
2023-07-17,0.694350254996394,0.04955448164881826
2023-07-18,0.6333388128240073,-0.06101144217238674
2023-07-19,0.6358857166688792,0.002546903844871884
2023-07-20,0.6989747389469115,0.06308902227803237
2023-07-21,0.6286059892910901,-0.0703687496558214
2023-07-24,0.6105875792021885,-0.018018410088901593
2023-07-25,0.6314404874074345,0.02085290820524599
2023-07-26,0.6371181990227318,0.005677711615297287
2023-07-27,0.5943722384240243,-0.0427459605987075
2023-07-28,0.6294407870796124,0.03506854865558806
2023-07-31,0.6535939255496879,0.024153138470075497
2023-08-01,0.6303015789550397,-0.023292346594648183
2023-08-02,0.593550512331356,-0.03675106662368366
2023-08-03,0.6214295430598262,0.0278790307284702
2023-08-04,0.6434773792004862,0.02204783614065997
2023-08-07,0.636317552843748,-0.007159826356738175
2023-08-08,0.6286978468993436,-0.00761970594440442
2023-08-09,0.6328789609203453,0.004181114021001742
2023-08-10,0.6246957754224886,-0.008183185497856793
2023-08-11,0.594446598356426,-0.03024917706606256
2023-08-14,0.6301218003393796,0.0356752019829536
2023-08-16,0.6456946775251473,0.01557287718576772
2023-08-17,0.5999563638036643,-0.04573831372148296
2023-08-18,0.6277385333322162,0.027782169528551837
2023-08-21,0.6523570237659406,0.024618490433724438
2023-08-22,0.6324523458044046,-0.019904677961536055
2023-08-23,0.6349446053796418,0.0024922595752372434
2023-08-24,0.5951254766446319,-0.03981912873500992
2023-08-25,0.6276389723306822,0.03251349568605033
2023-08-28,0.6340186843500811,0.006379712019398909
2023-08-29,0.6335373888634092,-0.0004812954866719732
2023-08-30,0.6305005657839564,-0.003036823079452744
2023-08-31,0.594887541435057,-0.03561302434889946
2023-09-01,0.698997487397278,0.104109945962221
2023-09-04,0.6376664622383499,-0.061331025158928076
2023-09-05,0.634592266628772,-0.00307419560957789
2023-09-06,0.6326760282530546,-0.0019162383757174162
2023-09-07,0.6986989174610713,0.06602288920801669
2023-09-08,0.6356974686193398,-0.06300144884173142
2023-09-11,0.6992372592414049,0.06353979062206505
2023-09-12,0.620712419811403,-0.07852483943000188
2023-09-13,0.6473491523911844,0.026636732579781386
2023-09-14,0.633208240915699,-0.014140911475485352
2023-09-15,0.6360809738115564,0.0028727328958573217
2023-09-18,0.6299962526122298,-0.00608472119932657
2023-09-20,0.61881176175578,-0.011184490856449791
2023-09-21,0.5943106433274714,-0.0245011184283086
2023-09-22,0.6208955987535933,0.026584955426121937
2023-09-25,0.6307701731228282,0.00987457436923489
2023-09-26,0.6318046953210341,0.0010345221982058783
2023-09-27,0.6349935706689666,0.0031888753479324405
2023-09-28,0.5939303705474357,-0.04106320012153086
2023-09-29,0.6359975567235123,0.04206718617607663
2023-10-03,0.5961386282797512,-0.039858928443761155
2023-10-04,0.6266630021571405,0.030524373877389377
2023-10-05,0.6371186524774429,0.010455650320302379
2023-10-06,0.6367187238537793,-0.0003999286236636701
2023-10-09,0.6285858228048525,-0.008132901048926722
2023-10-10,0.6992769417130864,0.07069111890823387
2023-10-11,0.6387872007132499,-0.060489740999836505
2023-10-12,0.6312584173550732,-0.007528783358176749
2023-10-13,0.6072544648692263,-0.024003952485846858
2023-10-16,0.6306193305302628,0.02336486566103646
2023-10-17,0.6354210016751771,0.004801671144914366
2023-10-18,0.5944569751330359,-0.04096402654214126
2023-10-19,0.6224882710049361,0.02803129587190023
2023-10-20,0.6294375120722038,0.006949241067267686
2023-10-23,0.5941191540309185,-0.03531835804128525
2023-10-25,0.5942182655772655,9.911154634700825e-05
2023-10-26,0.5934399826823634,-0.0007782828949021159
2023-10-27,0.6990696673557395,0.10562968467337608
2023-10-30,0.6348787945859821,-0.06419087276975743
2023-10-31,0.5946079087758994,-0.040270885810082646
2023-11-01,0.6055636591462774,0.010955750370377992
2023-11-02,0.6391951021602619,0.03363144301398446
2023-11-03,0.6366314296352439,-0.0025636725250179904
2023-11-06,0.6611098681275932,0.02447843849234932
2023-11-07,0.632173893057656,-0.02893597506993717
2023-11-08,0.6343073188729467,0.002133425815290635
2023-11-09,0.6165665279861241,-0.017740790886822566
2023-11-10,0.6399378342649844,0.023371306278860304
2023-11-13,0.6328958200214467,-0.007042014243537675
2023-11-15,0.6376466705530743,0.004750850531627604
2023-11-16,0.6327696967217866,-0.004876973831287712
2023-11-17,0.6288088680867531,-0.003960828635033553
2023-11-20,0.6299267806798173,0.001117912593064263
2023-11-21,0.636542065822291,0.00661528514247367
2023-11-22,0.632869489464432,-0.003672576357859003
2023-11-23,0.6313358507614882,-0.0015336387029437626
2023-11-24,0.6320121624893708,0.000676311727882517
2023-11-28,0.6366779112659905,0.004665748776619738
2023-11-29,0.6991736553357698,0.06249574406977931
2023-11-30,0.6332586628079938,-0.065914992527776
2023-12-01,0.6817007156902728,0.048442052882278985
2023-12-04,0.5887066420516982,-0.09299407363857459
2023-12-05,0.6366724011851371,0.04796575913343892
2023-12-06,0.6366099528381468,-6.244834699031809e-05
2023-12-07,0.6303975560132419,-0.006212396824904931
2023-12-08,0.6344760121184109,0.004078456105168993
2023-12-11,0.6330381836440389,-0.001437828474372016
2023-12-12,0.595800553711651,-0.03723762993238788
2023-12-13,0.6306680335890299,0.034867479877378926
2023-12-14,0.656379270134562,0.02571123654553209
2023-12-15,0.699059390511288,0.04268012037672597
2023-12-18,0.6308486550992493,-0.0682107354120387
2023-12-19,0.6322264636007624,0.0013778085015131447
2023-12-20,0.5720810579348937,-0.06014540566586868
2023-12-21,0.6660393994185796,0.09395834148368587
2023-12-22,0.635122115031553,-0.030917284387026567
2023-12-26,0.6438591773520118,0.008737062320458788
2023-12-27,0.6992669497897717,0.05540777243775985
2023-12-28,0.6419497580345982,-0.05731719175517347
2023-12-29,0.6304320085187496,-0.011517749515848608
2024-01-01,0.6313173400388034,0.000885331520053767
2024-01-02,0.6244452986057495,-0.006872041433053866
2024-01-03,0.5944645143012861,-0.02998078430446338
2024-01-04,0.6392207646509391,0.044756250349653026
2024-01-05,0.6348837431869258,-0.00433702146401338
2024-01-08,0.5942058358136968,-0.04067790737322896
2024-01-09,0.637298077801145,0.04309224198744821
2024-01-10,0.638091977530836,0.0007938997296910166
2024-01-11,0.6326070366501938,-0.0054849408806422195
2024-01-12,0.6975237988098593,0.06491676215966546
2024-01-15,0.6383862697106256,-0.05913752909923364
2024-01-16,0.6285967007653265,-0.009789568945299143
2024-01-17,0.5125686854595733,-0.11602801530575313
2024-01-18,0.62402512142961,0.11145643597003663
2024-01-19,0.6383798281464257,0.014354706716815713
2024-01-23,0.5178420996835522,-0.12053772846287347
2024-01-24,0.6351523757282642,0.117310276044712
2024-01-25,0.6152789928859368,-0.019873382842327425
2024-01-29,0.6964437277365694,0.08116473485063258
2024-01-30,0.5944056783900279,-0.10203804934654148
2024-01-31,0.6987097006586154,0.10430402226858748
2024-02-01,0.6282364461866314,-0.07047325447198394
2024-02-02,0.6304460987117643,0.0022096525251328325
2024-02-05,0.5948570469987693,-0.03558905171299498
2024-02-06,0.6624303809052934,0.06757333390652409
2024-02-07,0.6248477723022433,-0.03758260860305007
2024-02-08,0.5936406479495994,-0.031207124352643945
2024-02-09,0.6333389293651555,0.03969828141555609
2024-02-12,0.5944958695031082,-0.03884305986204728
2024-02-13,0.6351622746664639,0.040666405163355734
2024-02-14,0.6771960574766805,0.042033782810216636
2024-02-15,0.6348902783086021,-0.04230577916807843
2024-02-16,0.6375751233060934,0.0026848449974913313
2024-02-19,0.6349848687883083,-0.002590254517785162
2024-02-20,0.6598157652351262,0.024830896446817907
2024-02-21,0.5945314355390106,-0.06528432969611564
2024-02-22,0.6230518450499175,0.028520409510906952
2024-02-23,0.6281708875158718,0.005119042465954293
2024-02-26,0.6282326332627973,6.174574692552337e-05
2024-02-27,0.6841539183641184,0.055921285101321105
2024-02-28,0.5944143964576891,-0.08973952190642931
2024-02-29,0.6312034412901864,0.03678904483249723
2024-03-01,0.6954531901420143,0.06424974885182799
2024-03-04,0.6360407655699776,-0.05941242457203677
2024-03-05,0.6288487571841701,-0.007192008385807469
2024-03-06,0.691262770726241,0.06241401354207088
2024-03-07,0.6338672980425681,-0.057395472683672843
2024-03-11,0.5944251836276976,-0.039442114414870555
2024-03-12,0.6296991084149542,0.03527392478725666
2024-03-13,0.5588975884638212,-0.07080151995113304
2024-03-14,0.6793287517336289,0.12043116326980774
2024-03-15,0.6284314316989973,-0.050897320034631655
2024-03-18,0.6314088593196974,0.0029774276207000794
2024-03-19,0.5936893634207183,-0.03771949589897905
2024-03-20,0.6302747565561586,0.03658539313544029
2024-03-21,0.6388574192225362,0.008582662666377638
2024-03-22,0.6844083390648154,0.0455509198422791
2024-03-26,0.6286465485861968,-0.05576179047861851
2024-03-27,0.642748040978317,0.014101492392120107
2024-03-28,0.6657208503515871,0.022972809373270175
2024-04-01,0.6377294481360369,-0.027991402215550187
2024-04-02,0.631642117847284,-0.006087330288752968
2024-04-03,0.6298597630825724,-0.0017823547647115578
2024-04-04,0.6309401154829829,0.0010803524004104892
2024-04-05,0.6316823006870003,0.0007421852040173649
2024-04-08,0.6725135649939835,0.04083126430698325
2024-04-09,0.6117425037975872,-0.0607710611963963
2024-04-10,0.6363935068999726,0.024651003102385438
2024-04-12,0.59425543056218,-0.04213807633779265
2024-04-15,0.6261285385786569,0.031873108016476914
2024-04-16,0.6278175005074524,0.0016889619287955293
2024-04-18,0.5933219003889075,-0.03449560011854491
2024-04-19,0.6452118969218702,0.05188999653296267
2024-04-22,0.637679410640342,-0.00753248628152825
2024-04-23,0.6471560910286304,0.009476680388288417
2024-04-24,0.6337992971964678,-0.013356793832162595
2024-04-25,0.6976287452148517,0.06382944801838397
2024-04-26,0.5945066379683743,-0.10312210724647741
2024-04-29,0.6993731564315152,0.10486651846314088
2024-04-30,0.6295156682319112,-0.06985748819960402
2024-05-02,0.638805079595936,0.009289411364024835
2024-05-03,0.5881215121570826,-0.05068356743885338
2024-05-06,0.6033309457441339,0.015209433587051291
2024-05-07,0.5944953567560244,-0.008835588988109544
2024-05-08,0.6298887915635378,0.035393434807513446
2024-05-09,0.5931395636484837,-0.036749227915054083
2024-05-10,0.635325270615522,0.04218570696703827
2024-05-13,0.6307655999553683,-0.004559670660153725
2024-05-14,0.6753860428886702,0.04462044293330192
2024-05-15,0.6306463183988075,-0.04473972448986274
2024-05-16,0.6224218970571038,-0.008224421341703647
2024-05-17,0.6337573638267219,0.011335466769618052
2024-05-21,0.6789807752523028,0.04522341142558095
2024-05-22,0.6350212503060174,-0.04395952494628541
2024-05-23,0.6969986825561645,0.06197743225014707
2024-05-24,0.6319779088117339,-0.0650207737444306
2024-05-27,0.6247866927064429,-0.007191216105290943
2024-05-28,0.6148097273939628,-0.009976965312480157
2024-05-29,0.6271848359798341,0.01237510858587132
2024-05-30,0.5983212280688172,-0.028863607911016942
2024-05-31,0.6319248143317726,0.033603586262955454
2024-06-03,0.5110424356227253,-0.12088237870904728
2024-06-04,0.5110423007774856,-1.348452397520461e-07
2024-06-05,0.5110423007774856,0.0
2024-06-06,0.6201752284644548,0.10913292768696925
2024-06-07,0.6273786778978638,0.007203449433409004
2024-06-10,0.630048640882261,0.002669962984397145
2024-06-11,0.630671242708908,0.0006226018266469735
2024-06-12,0.6341943511718149,0.003523108462906932
2024-06-13,0.6540556197957221,0.019861268623907247
2024-06-14,0.6349765324981097,-0.01907908729761243
2024-06-18,0.6359356928644904,0.0009591603663806625
2024-06-19,0.6218511157953951,-0.014084577069095272
2024-06-20,0.6329633078030082,0.011112192007613153
2024-06-21,0.595364606791747,-0.03759870101126128
2024-06-24,0.6548418991455331,0.05947729235378618
2024-06-25,0.6995035210641258,0.04466162191859269
2024-06-26,0.6992867992399268,-0.00021672182419907315
2024-06-27,0.6993563069671831,6.950772725633492e-05
2024-06-28,0.629753055767603,-0.06960325119958011
2024-07-01,0.6978439985770115,0.06809094280940853
2024-07-02,0.6255037638221406,-0.07234023475487095
2024-07-03,0.6383558711931591,0.012852107371018495
2024-07-04,0.6328674457869686,-0.005488425406190434
2024-07-05,0.6353099816931819,0.002442535906213239
2024-07-08,0.6321484815945749,-0.0031615000986069397
2024-07-09,0.671621878063783,0.03947339646920811
2024-07-10,0.6169300353622895,-0.05469184270149352
2024-07-11,0.6296784273880944,0.012748392025804911
2024-07-12,0.6499812669323964,0.02030283954430201
2024-07-15,0.6363769546354962,-0.01360431229690029
2024-07-16,0.6336164051173832,-0.002760549518112998
2024-07-18,0.698582997316075,0.06496659219869183
2024-07-19,0.5929830383238307,-0.10559995899224428
2024-07-22,0.6292297084549641,0.03624667013113336
2024-07-23,0.5601583270202245,-0.06907138143473956
2024-07-24,0.6283179080933329,0.06815958107310838
2024-07-25,0.61322419992531,-0.015093708168022912
2024-07-26,0.6903923323556559,0.07716813243034593
2024-07-29,0.6302469587059254,-0.060145373649730494
2024-07-30,0.6318133844727825,0.0015664257668570603
2024-07-31,0.6373044171112495,0.005491032638467064
2024-08-01,0.634695260776562,-0.0026091563346875013
2024-08-02,0.6274501960250057,-0.007245064751556285
2024-08-05,0.511043793624851,-0.11640640240015476
2024-08-06,0.5149946094278202,0.0039508158029691876
2024-08-07,0.6180838252842438,0.10308921585642361
2024-08-08,0.5969097821052672,-0.02117404317897653
2024-08-09,0.6374285052176878,0.04051872311242055
2024-08-12,0.629435645911905,-0.007992859305782751
2024-08-13,0.5944064037959581,-0.035029242115946935
2024-08-14,0.6314134975952747,0.03700709379931655
2024-08-16,0.6844472097214375,0.05303371212616281
2024-08-19,0.6343535076011534,-0.05009370212028408
2024-08-20,0.6368769254800637,0.0025234178789103057
2024-08-21,0.6564907550346117,0.019613829554548046
2024-08-22,0.6341635818430484,-0.0223271731915633
2024-08-23,0.6326443122787352,-0.0015192695643132526
2024-08-26,0.6862621651056233,0.053617852826888135
2024-08-27,0.6334113245072901,-0.052850840598333226
2024-08-28,0.6327122976793108,-0.0006990268279792877
2024-08-29,0.676192482297195,0.043480184617884166
2024-08-30,0.6352658029418172,-0.04092667935537775
2024-09-02,0.6338767599831328,-0.0013890429586844721
2024-09-03,0.631989715815651,-0.001887044167481755
2024-09-04,0.5996870927799981,-0.0323026230356529
2024-09-05,0.6051419193289376,0.005454826548939473
2024-09-06,0.5941288985695181,-0.011013020759419456
2024-09-09,0.6558056248464631,0.06167672627694498
2024-09-10,0.6335485232343067,-0.022257101612156438
2024-09-11,0.6082148905493746,-0.02533363268493205
2024-09-12,0.6565842598507635,0.04836936930138891
2024-09-13,0.6301570598774913,-0.026427199973272253
2024-09-16,0.6331319515563132,0.0029748916788219226
2024-09-17,0.6339505018666793,0.0008185503103661507
2024-09-18,0.6289707854190503,-0.004979716447629068
2024-09-19,0.6314851487320977,0.0025143633130474408
2024-09-20,0.6910447166710103,0.059559567938912594
2024-09-23,0.6424495858545017,-0.04859513081650857
2024-09-24,0.63211048043127,-0.010339105423231687
2024-09-25,0.6570553651669949,0.02494488473572487
2024-09-26,0.6995238904875526,0.04246852532055767
2024-09-27,0.6305342710488611,-0.06898961943869153
2024-09-30,0.5937653222780279,-0.03676894877083314
2024-10-01,0.6297311717029432,0.03596584942491532
2024-10-03,0.512001907354352,-0.11772926434859121
2024-10-04,0.5114377896991504,-0.0005641176552015903
2024-10-07,0.546532564681059,0.035094774981908605
2024-10-08,0.689561809049057,0.1430292443679979
2024-10-09,0.630013257925634,-0.059548551123422944
2024-10-10,0.631940319528915,0.001927061603281044
2024-10-11,0.6307672583474133,-0.0011730611815017333
2024-10-14,0.6953398341046302,0.06457257575721687
2024-10-15,0.6009056688031927,-0.09443416530143744
2024-10-16,0.627414135448426,0.02650846664523321
2024-10-17,0.5933575473380406,-0.034056588110385366
2024-10-18,0.6898836015580857,0.09652605422004512
2024-10-21,0.5952089463702803,-0.09467465518780538
2024-10-22,0.5938809177426263,-0.001328028627654021
2024-10-23,0.6287232986431303,0.034842380900503955
2024-10-24,0.6298299913985104,0.001106692755380112
2024-10-25,0.5942229865799855,-0.03560700481852486
2024-10-28,0.6306558584422908,0.03643287186230526
2024-10-29,0.6327038157622493,0.002047957319958549
2024-10-30,0.6273564949162678,-0.005347320845981551
2024-10-31,0.5947524831742482,-0.032604011742019545
2024-11-01,0.6362204742137589,0.04146799103951071
2024-11-04,0.5880420741446832,-0.0481784000690757
2024-11-05,0.6929006925902776,0.10485861844559441
2024-11-06,0.6962578436001374,0.0033571510098597823
2024-11-07,0.5940791675201349,-0.10217867608000253
2024-11-08,0.6281967962432289,0.034117628723093985
2024-11-11,0.6301570243354924,0.001960228092263483
2024-11-12,0.5927971430738443,-0.03735988126164802
2024-11-13,0.5938785759444283,0.0010814328705839316
2024-11-14,0.62852223466807,0.034643658723641724
2024-11-18,0.5952307522523821,-0.03329148241568791
2024-11-19,0.6306895603024992,0.03545880805011714
2024-11-21,0.5947118716007388,-0.035977688701760435
2024-11-22,0.6192550776212817,0.02454320602054294
2024-11-25,0.6313051425413877,0.012050064920105963
2024-11-26,0.6047764546679071,-0.026528687873480616
2024-11-27,0.6335412332223119,0.028764778554404846
2024-11-28,0.5928400147982901,-0.04070121842402186
2024-11-29,0.6992235744500215,0.10638355965173141
2024-12-02,0.6511933720593789,-0.048030202390642596
2024-12-03,0.6445851100296132,-0.006608262029765721
2024-12-04,0.6307677282325393,-0.013817381797073813
2024-12-05,0.5135574831041897,-0.11721024512834965
2024-12-06,0.6300162017236899,0.11645871861950019
2024-12-09,0.6295338898091274,-0.00048231191456249434
2024-12-10,0.6305204308057372,0.000986540996609775
2024-12-11,0.6333973968802434,0.002876966074506271
2024-12-12,0.6282205552361302,-0.00517684164411325
2024-12-13,0.5110429605071849,-0.11717759472894529
2024-12-16,0.6258444964787616,0.11480153597157672
2024-12-17,0.5939347050592889,-0.0319097914194727
2024-12-18,0.6200499628794687,0.02611525782017976
2024-12-19,0.624090030665405,0.004040067785936352
2024-12-20,0.5861757971231324,-0.037914233542272635
2024-12-23,0.6359862962455043,0.0498104991223719
2024-12-24,0.6296964838824759,-0.006289812363028391
2024-12-26,0.6311707099769693,0.001474226094493436
2024-12-27,0.6348136548531172,0.0036429448761479133
2024-12-30,0.5948381686953258,-0.03997548615779145
2024-12-31,0.6297211375627931,0.034882968867467334
2025-01-01,0.6349426392529861,0.005221501690192976
2025-01-02,0.6945503646423334,0.05960772538934733
2025-01-03,0.5944182426770337,-0.10013212196529975
2025-01-06,0.5849975719485899,-0.00942067072844377
2025-01-07,0.6352835103681826,0.050285938419592724
2025-01-08,0.6297656125788164,-0.005517897789366288
2025-01-09,0.5944827566252023,-0.03528285595361402
2025-01-10,0.60689566134368,0.012412904718477669
2025-01-13,0.5917985391706939,-0.015097122172986088
2025-01-14,0.6359569935914792,0.044158454420785254
2025-01-15,0.6328768036877972,-0.0030801899036819735
2025-01-16,0.6404709196354615,0.007594115947664348
2025-01-17,0.6266107369367488,-0.013860182698712697
2025-01-20,0.6348631832114393,0.008252446274690461
2025-01-21,0.5826440187094959,-0.052219164501943416
2025-01-22,0.6357160563636505,0.05307203765415458
2025-01-23,0.6337778014635425,-0.0019382549001080163
2025-01-24,0.6263849786173843,-0.007392822846158165
2025-01-27,0.6013077318909106,-0.025077246726473712
2025-01-28,0.6319789357788554,0.030671203887944865
2025-01-29,0.6993207523535406,0.06734181657468519
2025-01-30,0.6368713631854309,-0.062449389168109715
2025-01-31,0.6994692705346898,0.06259790734925885
2025-02-01,0.6303134390357865,-0.06915583149890325
2025-02-03,0.6277771956467261,-0.002536243389060444
2025-02-04,0.6967471781461497,0.06896998249942365
2025-02-05,0.609481616304095,-0.0872655618420547
2025-02-06,0.5950466440166549,-0.014434972287440173
2025-02-07,0.6277450211895684,0.03269837717291357
2025-02-10,0.5944704866771999,-0.0332745345123685
2025-02-11,0.5939338934439395,-0.0005365932332603851
2025-02-12,0.6279689963139145,0.03403510286997491
2025-02-13,0.629604748909525,0.0016357525956105512
2025-02-14,0.5928419812147595,-0.0367627676947655
2025-02-17,0.6371027838946036,0.04426080267984411
2025-02-18,0.6296525826099134,-0.0074502012846902055
2025-02-19,0.6294524515274612,-0.000200131082452204
2025-02-20,0.6155409914163325,-0.01391146011112876
2025-02-21,0.6268166858924451,0.011275694476112652
2025-02-24,0.6282303724272338,0.0014136865347886829
2025-02-25,0.631346286056102,0.0031159136288682054
2025-02-27,0.631726050433544,0.00037976437744202673
2025-02-28,0.5891297621416421,-0.042596288291901874
2025-03-03,0.6297965902763342,0.040666828134692024
2025-03-04,0.6056072148476221,-0.024189375428712023
2025-03-05,0.6988173165755406,0.09321010172791844
2025-03-06,0.6320674176910722,-0.06674989888446836
2025-03-07,0.6310058443557247,-0.0010615733353475099
2025-03-10,0.6278563709524501,-0.0031494734032746496
2025-03-11,0.661368899681279,0.03351252872882893
2025-03-12,0.6298440551104576,-0.031524844570821386
2025-03-13,0.5958246776887753,-0.03401937742168226
2025-03-17,0.697377779797186,0.10155310210841062
2025-03-18,0.6993958779816644,0.0020180981844784007
2025-03-19,0.6351359243560979,-0.06425995362556647
2025-03-20,0.6989111963096382,0.06377527195354027
2025-03-21,0.6996258060664383,0.0007146097568001553
2025-03-24,0.6973116203154907,-0.0023141857509476615
2025-03-25,0.6307540594901337,-0.06655756082535691
2025-03-26,0.5944793279704488,-0.036274731519684966
2025-03-27,0.6954612377340126,0.1009819097635638
2025-03-28,0.6279613987470927,-0.06749983898691991
2025-04-01,0.5332922845237726,-0.09466911422332003
2025-04-02,0.6896486330176891,0.15635634849391644
2025-04-03,0.6082206644372773,-0.08142796858041179
2025-04-04,0.5938993055800308,-0.014321358857246502
2025-04-07,0.5110551715069549,-0.08284413407307589
2025-04-08,0.5112425334822714,0.00018736197531654675
2025-04-09,0.6249762157757196,0.11373368229344816
2025-04-11,0.6426955770838271,0.017719361308107473
2025-04-15,0.5207882825202402,-0.12190729456358684
2025-04-16,0.6400779874180372,0.119289704897797
2025-04-17,0.605837474546557,-0.03424051287148022
2025-04-21,0.6900399852681596,0.08420251072160256
2025-04-22,0.6332862285378605,-0.05675375673029903
2025-04-23,0.6352741989485895,0.0019879704107289564
2025-04-24,0.6289366310278468,-0.006337567920742693
2025-04-25,0.5369948149131581,-0.09194181611468866
2025-04-28,0.6866653894003891,0.14967057448723098
2025-04-29,0.6317851519223929,-0.0548802374779962
2025-04-30,0.6301639326139912,-0.0016212193084017557
2025-05-02,0.6301966031641304,3.2670550139224375e-05
2025-05-05,0.6363468463315313,0.006150243167400871
2025-05-06,0.5982279759057607,-0.03811887042577056
2025-05-07,0.6543596346996956,0.05613165879393489
2025-05-08,0.5948090465458387,-0.05955058815385694
2025-05-09,0.6256302022907304,0.03082115574489175
2025-05-12,0.5117192359981626,-0.1139109662925678
2025-05-13,0.5505257228474849,0.03880648684932231
2025-05-14,0.6321605114778017,0.08163478863031681
2025-05-15,0.5112631953638908,-0.12089731611391097
2025-05-16,0.6298441414473714,0.11858094608348069
2025-05-19,0.6284358338370514,-0.0014083076103200698
2025-05-20,0.5927514821907732,-0.035684351646278145
2025-05-21,0.6333426758913937,0.040591193700620476
2025-05-22,0.6085861394260994,-0.0247565364652943
2025-05-23,0.6992868540801108,0.09070071465401142
2025-05-26,0.6415879476574501,-0.057698906422660734
2025-05-27,0.617310892530147,-0.02427705512730305
2025-05-28,0.6198590669940081,0.0025481744638610193
2025-05-29,0.6336298457114434,0.013770778717435372
2025-05-30,0.6280999470382376,-0.0055298986732058575
2025-06-02,0.6291113639119559,0.0010114168737183071
2025-06-03,0.5943712194813381,-0.03474014443061779
2025-06-04,0.6360390632468104,0.04166784376547228
2025-06-05,0.6323909708632823,-0.0036480923835280343
2025-06-06,0.6986625819873272,0.0662716111240449
2025-06-09,0.6396286432383892,-0.05903393874893803
2025-06-10,0.630769095048768,-0.008859548189621202
2025-06-11,0.633461105575842,0.002692010527074018
2025-06-12,0.594364565991716,-0.039096539584125956
2025-06-13,0.5941915010234698,-0.00017306496824620599
2025-06-16,0.6992924399645739,0.10510093894110406
2025-06-17,0.5981987320865219,-0.10109370787805205
2025-06-18,0.6282470351029785,0.030048303016456668
2025-06-19,0.6308445867787027,0.0025975516757241746
2025-06-20,0.6968777507255716,0.06603316394686887
2025-06-23,0.6281326143860995,-0.0687451363394721
2025-06-24,0.634638604820022,0.006505990433922526
2025-06-25,0.6842664307395389,0.049627825919516866
2025-06-26,0.6992329652525155,0.014966534512976692
2025-06-27,0.6360685093312414,-0.06316445592127418
2025-06-30,0.5952398874669289,-0.040828621864312464
2025-07-01,0.6328297862799852,0.0375898988130563
2025-07-02,0.5978752210181326,-0.03495456526185259
2025-07-03,0.6221358618263052,0.024260640808172584
2025-07-04,0.633970130458354,0.011834268632048839
2025-07-07,0.6325654474897233,-0.0014046829686307216
2025-07-08,0.6609843682494928,0.028418920759769484
2025-07-09,0.6304553695936684,-0.03052899865582437
2025-07-10,0.5947824819000567,-0.035672887693611766
2025-07-11,0.6057651645386875,0.01098268263863078
2025-07-14,0.6275841220713195,0.021818957532632077
2025-07-15,0.6845232091028136,0.056939087031494084
2025-07-16,0.6330900686207669,-0.051433140482046724
2025-07-17,0.5964868540771147,-0.03660321454365223
2025-07-18,0.5948400075405942,-0.0016468465365204743
2025-07-21,0.6365598431478969,0.04171983560730275
2025-07-22,0.6137797362347144,-0.022780106913182552
2025-07-23,0.6478899292335523,0.034110192998837885
2025-07-24,0.5945406616687962,-0.05334926756475611
2025-07-25,0.5942700933708901,-0.00027056829790605974
2025-07-28,0.6182649595332317,0.023994866162341588
2025-07-29,0.6983559262068132,0.08009096667358151
2025-07-30,0.6335148041793357,-0.0648411220274775
2025-07-31,0.6224720684914679,-0.011042735687867844
2025-08-01,0.5944504506853506,-0.028021617806117227
2025-08-04,0.69773778956157,0.10328733887621933
2025-08-05,0.6286637611690798,-0.0690740283924901
2025-08-06,0.6272346056632911,-0.001429155505788704
2025-08-07,0.62911926127816,0.0018846556148688354
2025-08-08,0.5943914506697043,-0.034727810608455645
2025-08-11,0.6991983997203344,0.10480694905063004
2025-08-12,0.6284724212226288,-0.07072597849770557
2025-08-13,0.6370996255135248,0.008627204290896029
2025-08-14,0.6326020304548375,-0.004497595058687298
2025-08-18,0.6402750693299544,0.007673038875116833
2025-08-19,0.6608358481569525,0.02056077882699814
2025-08-20,0.6394368178382477,-0.021399030318704826
2025-08-21,0.6337589520564401,-0.005677865781807623
2025-08-22,0.5943523623464213,-0.03940658971001876
2025-08-25,0.6362802571298769,0.0419278947834556
2025-08-26,0.5942662879506888,-0.04201396917918809
2025-08-28,0.5942868119183193,2.0523967630525775e-05
2025-08-29,0.6277538386068697,0.033467026688550394
2025-09-01,0.6979648960736772,0.07021105746680745
2025-09-02,0.629661898266517,-0.0683029978071602
2025-09-03,0.6465742294530259,0.016912331186508922
2025-09-04,0.6227852763365076,-0.023788953116518297
2025-09-05,0.6307187657269155,0.007933489390407944
2025-09-08,0.6329678252902194,0.0022490595633039012
2025-09-09,0.6359377073093085,0.0029698820190890984
2025-09-10,0.6366760882161183,0.0007383809068097769
2025-09-11,0.6339663501639387,-0.0027097380521796666
2025-09-12,0.6357753329556537,0.0018089827917150414
2025-09-15,0.6300494870874656,-0.00572584586818814
2025-09-16,0.6989117876197909,0.06886230053232534
2025-09-17,0.6392844844916644,-0.059627303128126474
2025-09-18,0.6362565895437675,-0.003027894947896903
2025-09-19,0.6213900127325684,-0.014866576811199073
2025-09-22,0.6274135344249143,0.006023521692345879
2025-09-23,0.6295257237654438,0.00211218934052948
2025-09-24,0.6284325900465412,-0.001093133718902628
2025-09-25,0.5945995065577854,-0.0338330834887558
2025-09-26,0.5943260553782675,-0.00027345117951782516
2025-09-29,0.6255746506003553,0.031248595222087783
2025-09-30,0.6276047777709535,0.0020301271705981394
2025-10-01,0.6993753759744177,0.07177059820346421
2025-10-03,0.6786159672687092,-0.02075940870570847
2025-10-06,0.6996338916318965,0.02101792436318728
2025-10-07,0.633428522620727,-0.06620536901116947
2025-10-08,0.6286053382963003,-0.004823184324426744
2025-10-09,0.6798857859671211,0.05128044767082085
2025-10-10,0.6891895218078788,0.00930373584075772
2025-10-13,0.630438666743762,-0.058750855064116814
2025-10-14,0.602454879635954,-0.027983787107808022
2025-10-15,0.698883623532143,0.09642874389618894
2025-10-16,0.6998134588704485,0.0009298353383055957
2025-10-17,0.6973297652657491,-0.002483693604699466
2025-10-20,0.6374860943572938,-0.059843670908455326
2025-10-21,0.632902428056827,-0.004583666300466804
2025-10-23,0.6389575896640803,0.00605516160725339
2025-10-24,0.5965968933400638,-0.04236069632401651
2025-10-27,0.6969392798279478,0.10034238648788396
2025-10-28,0.6298202784705624,-0.06711900135738535
2025-10-29,0.6397313412965746,0.009911062826012174
2025-10-30,0.6073704449471778,-0.03236089634939676
2025-10-31,0.5950409593549031,-0.012329485592274758
2025-11-03,0.6328379213016986,0.03779696194679549
2025-11-04,0.5946369133854352,-0.03820100791626335
2025-11-06,0.6245330172692248,0.029896103883789604
2025-11-07,0.62970785477512,0.005174837505895202
2025-11-10,0.6364185961904334,0.006710741415313359
2025-11-11,0.6331073627954902,-0.0033112333949432138
2025-11-12,0.6379829684838366,0.0048756056883464405
2025-11-13,0.6306746625292736,-0.007308305954562999
2025-11-14,0.6477775041857082,0.01710284165643461
2025-11-17,0.6381370088547432,-0.009640495330965004
2025-11-18,0.598773175671648,-0.03936383318309522
2025-11-19,0.6936738717764427,0.09490069610479468
2025-11-20,0.636327450852727,-0.05734642092371567
2025-11-21,0.628861437392624,-0.007466013460103005
2025-11-24,0.5951485845781539,-0.03371285281447012
2025-11-25,0.6021621950985968,0.0070136105204429144
2025-11-26,0.6741273460089636,0.07196515091036682
2025-11-27,0.6319563382848046,-0.04217100772415905
2025-11-28,0.6314399267354475,-0.0005164115493571098
2025-12-01,0.6078739349842165,-0.023565991751230975
2025-12-02,0.6274742749844029,0.0196003400001864
2025-12-03,0.6289961519245083,0.0015218769401054155
2025-12-04,0.6331330179167685,0.0041368659922601525
2025-12-05,0.6986930949232685,0.06556007700650002
2025-12-08,0.5945949210862654,-0.10409817383700304
2025-12-09,0.6264119713163021,0.03181705023003667
2025-12-10,0.6183256144138518,-0.008086356902450298
2025-12-11,0.6787068339174471,0.06038121950359532
2025-12-12,0.6493262706902413,-0.029380563227205836
2025-12-15,0.6241622584403869,-0.02516401224985443
2025-12-16,0.6115706058284299,-0.012591652611956938
2025-12-17,0.6263977771049953,0.01482717127656541
2025-12-18,0.6307168512983117,0.004319074193316341
2025-12-19,0.637828869962413,0.007112018664101272
2025-12-22,0.6980810340005291,0.060252164038116174
2025-12-23,0.6328611936479744,-0.06521984035255468
2025-12-24,0.6307464467339461,-0.0021147469140283537
2025-12-26,0.6235198428581272,-0.00722660387581886
2025-12-29,0.5983935092840607,-0.025126333574066573
2025-12-30,0.6317176488662377,0.03332413958217706
2025-12-31,0.6992889278333182,0.06757127896708048
