Date,Target_Position,Trade_Size
2010-01-05,0.4172953367144278,0.4172953367144278
2010-01-06,0.41715266522055355,-0.00014267149387425793
2010-01-07,0.4148730618487091,-0.002279603371844463
2010-01-08,0.41228043917606233,-0.0025926226726467605
2010-01-11,0.41666429337272337,0.004383854196661041
2010-01-12,0.3742271979347908,-0.04243709543793256
2010-01-13,0.4173256747354074,0.04309847680061657
2010-01-14,0.46188921302644653,0.04456353829103915
2010-01-15,0.4169920236119434,-0.04489718941450316
2010-01-18,0.4179488069417078,0.0009567833297643991
2010-01-19,0.3917820702604144,-0.02616673668129338
2010-01-20,0.41430942378165736,0.022527353521242965
2010-01-21,0.3630503954198179,-0.05125902836183949
2010-01-22,0.36305495851979014,4.563099972265672e-06
2010-01-25,0.36207354378287443,-0.000981414736915709
2010-01-27,0.3630549902814857,0.0009814464986112603
2010-01-28,0.36304823506164996,-6.755219835730131e-06
2010-01-29,0.3630549866722196,6.751610569621924e-06
2010-02-01,0.4917265836471232,0.1286715969749036
2010-02-02,0.5113464827602279,0.01961989911310469
2010-02-03,0.4446360580581916,-0.06671042470203625
2010-02-04,0.46976400398173485,0.025127945923543227
2010-02-05,0.5051836994657354,0.035419695484000535
2010-02-08,0.4759723092247784,-0.02921139024095698
2010-02-09,0.42012146973644926,-0.05585083948832914
2010-02-10,0.3959257572863395,-0.024195712450109763
2010-02-11,0.46064743943834047,0.06472168215200097
2010-02-15,0.41027925678905236,-0.05036818264928811
2010-02-16,0.45926152081148497,0.04898226402243261
2010-02-17,0.4669498686176778,0.007688347806192819
2010-02-18,0.39357261385380754,-0.07337725476387025
2010-02-19,0.39236996334755736,-0.0012026505062501802
2010-02-22,0.41794960077776894,0.025579637430211577
2010-02-23,0.41780322199312026,-0.00014637878464868193
2010-02-24,0.41569899126567306,-0.0021042307274471983
2010-02-25,0.41501561274933857,-0.0006833785163344874
2010-02-26,0.29605853267640997,-0.1189570800729286
2010-03-02,0.3994916204763193,0.10343308779990934
2010-03-03,0.44027284269282113,0.04078122221650182
2010-03-04,0.4094488649120744,-0.030823977780746747
2010-03-05,0.4108452020588168,0.0013963371467424213
2010-03-08,0.46451242982271496,0.05366722776389815
2010-03-09,0.40517141072169605,-0.05934101910101891
2010-03-10,0.41344071529082416,0.00826930456912811
2010-03-11,0.4132724121764331,-0.00016830311439103296
2010-03-12,0.41280097224248063,-0.00047143993395248884
2010-03-15,0.4109713225322269,-0.0018296497102537335
2010-03-16,0.4641626609803534,0.05319133844812651
2010-03-17,0.6023684342122876,0.13820577323193417
2010-03-18,0.6848922805145228,0.0825238463022352
2010-03-19,0.6874081122919667,0.0025158317774439665
2010-03-22,0.6402032169539901,-0.04720489533797667
2010-03-23,0.6885623665805249,0.04835914962653487
2010-03-25,0.7721527490367065,0.08359038245618156
2010-03-26,0.7465288498879882,-0.02562389914871832
2010-03-29,0.6807433868286213,-0.06578546305936683
2010-03-30,0.6392012528226978,-0.04154213400592355
2010-03-31,0.6810210073311934,0.04181975450849562
2010-04-01,0.774915180728847,0.0938941733976536
2010-04-05,0.7728825633133491,-0.0020326174154978727
2010-04-06,0.6817775571101343,-0.09110500620321482
2010-04-07,0.6806479029383348,-0.0011296541717995545
2010-04-08,0.6410566032867475,-0.03959129965158725
2010-04-09,0.7742613261343445,0.133204722847597
2010-04-12,0.6813299346334694,-0.09293139150087515
2010-04-13,0.6799411587600533,-0.001388775873416015
2010-04-15,0.5411667527423428,-0.13877440601771052
2010-04-16,0.6306470950117677,0.08948034226942492
2010-04-19,0.5778236690238048,-0.05282342598796297
2010-04-20,0.6507070457919666,0.07288337676816181
2010-04-21,0.6396884058657791,-0.011018639926187457
2010-04-22,0.5808290495306038,-0.05885935633517536
2010-04-23,0.7702742036889314,0.18944515415832763
2010-04-26,0.7171859135085945,-0.053088290180336895
2010-04-27,0.6828517666445639,-0.03433414686403058
2010-04-28,0.594404022472069,-0.0884477441724949
2010-04-29,0.7150003146175362,0.12059629214546719
2010-04-30,0.682484907223674,-0.03251540739386216
2010-05-03,0.5970505720596073,-0.08543433516406673
2010-05-04,0.46619815617758764,-0.13085241588201968
2010-05-05,0.4865215416544092,0.020323385476821554
2010-05-06,0.4962106010216447,0.00968905936723552
2010-05-07,0.5260724480242571,0.029861847002612407
2010-05-10,0.4207398535712199,-0.10533259445303722
2010-05-11,0.45585100598395095,0.03511115241273105
2010-05-12,0.41893989183861835,-0.0369111141453326
2010-05-13,0.4174222590286307,-0.0015176328099876235
2010-05-14,0.41360625436488874,-0.0038160046637419898
2010-05-17,0.45828895343938114,0.044682699074492405
2010-05-18,0.42833168234755914,-0.029957271091822002
2010-05-19,0.49734928461964023,0.06901760227208109
2010-05-20,0.4233679850346295,-0.0739812995850107
2010-05-21,0.4766713774087084,0.053303392374078884
2010-05-24,0.4633507594346231,-0.013320617974085291
2010-05-25,0.5443242550888349,0.08097349565421175
2010-05-26,0.44539314398536317,-0.09893111110347169
2010-05-27,0.3958452240757686,-0.04954791990959456
2010-05-28,0.5042385009435866,0.10839327686781797
2010-05-31,0.46532621951013714,-0.038912281433449436
2010-06-01,0.4026187736502493,-0.06270744585988786
2010-06-02,0.45412110627499197,0.051502332624742686
2010-06-03,0.5146978872759107,0.060576781000918734
2010-06-04,0.4674577307894038,-0.04724015648650692
2010-06-07,0.3896584352069171,-0.07779929558248666
2010-06-08,0.37922642238835425,-0.010432012818562875
2010-06-09,0.4166285679765794,0.03740214558822513
2010-06-10,0.526058749853457,0.10943018187687764
2010-06-11,0.5277622479980025,0.0017034981445455122
2010-06-14,0.6782628225466504,0.15050057454864785
2010-06-15,0.6027707767848259,-0.07549204576182444
2010-06-16,0.6030017566553603,0.00023097987053433133
2010-06-17,0.6701567768950935,0.06715502023973319
2010-06-18,0.5997665016556583,-0.0703902752394352
2010-06-21,0.6793786269511839,0.07961212529552564
2010-06-22,0.5627372901808242,-0.1166413367703597
2010-06-23,0.6833151242181945,0.12057783403737032
2010-06-24,0.6808621108360543,-0.0024530133821402123
2010-06-25,0.6413537854303912,-0.03950832540566307
2010-06-28,0.7648163554475373,0.12346257001714611
2010-06-29,0.6226511287429305,-0.14216522670460685
2010-06-30,0.43719848045792364,-0.18545264828500685
2010-07-01,0.6128205629927357,0.17562208253481204
2010-07-02,0.6838180947411532,0.0709975317484175
2010-07-05,0.6891394781552016,0.0053213834140484195
2010-07-06,0.7760507408288159,0.08691126267361426
2010-07-07,0.5949910912724434,-0.18105964955637244
2010-07-08,0.7754516743990038,0.18046058312656033
2010-07-09,0.7750662622745501,-0.0003854121244536435
2010-07-12,0.7722559705076294,-0.002810291766920714
2010-07-13,0.7616259678028672,-0.01063000270476222
2010-07-14,0.6810260753629264,-0.08059989243994081
2010-07-15,0.6818005325370705,0.0007744571741441497
2010-07-16,0.7050689919513252,0.023268459414254705
2010-07-19,0.6815492522659821,-0.023519739685343155
2010-07-20,0.6811290468813431,-0.00042020538463893864
2010-07-21,0.7737039110913088,0.09257486420996563
2010-07-22,0.7738871369425954,0.00018322585128660585
2010-07-23,0.6831330568095169,-0.09075408013307851
2010-07-26,0.6509136509588159,-0.03221940585070093
2010-07-27,0.6846230873073196,0.03370943634850365
2010-07-28,0.6424343618237626,-0.04218872548355701
2010-07-29,0.6867786922671323,0.04434433044336972
2010-07-30,0.5943123993662113,-0.09246629290092101
2010-08-02,0.7733269368869754,0.17901453752076413
2010-08-03,0.6878651248649144,-0.08546181202206105
2010-08-04,0.7170459978684934,0.029180873003579078
2010-08-05,0.6652964119893366,-0.05174958587915679
2010-08-06,0.6825637270564318,0.017267315067095113
2010-08-09,0.7745031305204308,0.09193940346399909
2010-08-10,0.6501046094142362,-0.12439852110619465
2010-08-11,0.5940260692288893,-0.05607854018534686
2010-08-12,0.631729790542781,0.03770372131389166
2010-08-13,0.7584707519381158,0.12674096139533475
2010-08-16,0.5969722257727439,-0.16149852616537186
2010-08-17,0.634402095617043,0.03742986984429908
2010-08-18,0.7746388600082584,0.14023676439121546
2010-08-19,0.774002126049303,-0.000636733958955471
2010-08-20,0.68087718228717,-0.09312494376213298
2010-08-23,0.6834714874679975,0.002594305180827483
2010-08-24,0.6409890114366905,-0.04248247603130695
2010-08-25,0.6442721076600616,0.0032830962233710848
2010-08-26,0.6909278574614948,0.046655749801433166
2010-08-27,0.5972372692663203,-0.0936905881951745
2010-08-30,0.6362114020956017,0.038974132829281416
2010-08-31,0.6356582840268672,-0.0005531180687344817
2010-09-01,0.7747357516933879,0.13907746766652074
2010-09-02,0.6896460564393069,-0.08508969525408105
2010-09-03,0.6853974954681936,-0.004248560971113258
2010-09-06,0.7666647360907316,0.08126724062253798
2010-09-07,0.7356427090862763,-0.031022027004455333
2010-09-08,0.6805204620766433,-0.055122247009632974
2010-09-09,0.7660509246978418,0.08553046262119846
2010-09-13,0.7196603165763374,-0.046390608121504306
2010-09-14,0.7115732061117572,-0.008087110464580216
2010-09-15,0.7721106953322581,0.06053748922050084
2010-09-16,0.6653562464996652,-0.10675444883259289
2010-09-17,0.7737381255051644,0.10838187900549923
2010-09-20,0.770816969137891,-0.002921156367273414
2010-09-21,0.6856067750215117,-0.08521019411637931
2010-09-22,0.6778404690367558,-0.007766305984755917
2010-09-23,0.6604428206514463,-0.01739764838530944
2010-09-24,0.7741016356792051,0.11365881502775876
2010-09-27,0.6839255153334026,-0.09017612034580247
2010-09-28,0.6789010927009471,-0.005024422632455505
2010-09-29,0.6406903346765233,-0.03821075802442386
2010-09-30,0.7024249628341066,0.06173462815758335
2010-10-01,0.7359806726770985,0.03355570984299194
2010-10-04,0.6804006741090103,-0.05557999856808826
2010-10-05,0.6789296987228585,-0.0014709753861518182
2010-10-06,0.7325995599840244,0.05366986126116591
2010-10-07,0.6394571260567132,-0.09314243392731114
2010-10-08,0.6809843569173606,0.04152723086064736
2010-10-11,0.6835958648438577,0.002611507926497114
2010-10-12,0.6141781408946626,-0.0694177239491951
2010-10-13,0.3422951796008099,-0.2718829612938527
2010-10-14,0.38350838605837556,0.041213206457565654
2010-10-15,0.45112780207365455,0.06761941601527899
2010-10-18,0.45068293165194756,-0.00044487042170698876
2010-10-19,0.5043675583468101,0.05368462669486257
2010-10-20,0.6238978341861008,0.11953027583929066
2010-10-21,0.7375025200459118,0.11360468585981098
2010-10-22,0.5925168659545588,-0.144985654091353
2010-10-25,0.6917833896762381,0.09926652372167932
2010-10-26,0.5959690529664743,-0.0958143367097638
2010-10-27,0.5982100689486232,0.002241015982148875
2010-10-28,0.5893391956920683,-0.00887087325655489
2010-10-29,0.6251059627512713,0.03576676705920301
2010-11-01,0.7227259458082584,0.09761998305698716
2010-11-02,0.687127780549665,-0.035598165258593495
2010-11-03,0.6934454881254571,0.0063177075757921974
2010-11-04,0.7693167877341632,0.07587129960870609
2010-11-08,0.6378342203349056,-0.13148256739925768
2010-11-09,0.6824385866803379,0.0446043663454323
2010-11-10,0.6412094505194896,-0.04122913616084822
2010-11-11,0.6137619052217673,-0.02744754529772231
2010-11-12,0.4977408161726739,-0.11602108904909342
2010-11-15,0.49278897550817086,-0.004951840664503049
2010-11-16,0.470200872477764,-0.02258810303040687
2010-11-18,0.46247139915144386,-0.007729473326320124
2010-11-19,0.5153888891177841,0.05291748996634027
2010-11-22,0.44432222950133005,-0.07106665961645409
2010-11-23,0.477750335659919,0.03342810615858893
2010-11-24,0.5002651782152667,0.022514842555347747
2010-11-25,0.5137906826627118,0.013525504447445047
2010-11-26,0.4877796393732631,-0.0260110432894487
2010-11-29,0.4470690719889211,-0.04071056738434198
2010-11-30,0.4292883987920989,-0.017780673196822194
2010-12-01,0.4380705482237668,0.008782149431667885
2010-12-02,0.4219129591948858,-0.01615758902888098
2010-12-03,0.41523489424620297,-0.006678064948682838
2010-12-06,0.39676218583916817,-0.0184727084070348
2010-12-07,0.41520228233781514,0.018440096498646974
2010-12-08,0.38711405893036305,-0.028088223407452095
2010-12-09,0.4661444975124635,0.07903043858210046
2010-12-10,0.41113609688351815,-0.05500840062894535
2010-12-13,0.3748389986817586,-0.03629709820175958
2010-12-14,0.46992608510720846,0.09508708642544988
2010-12-15,0.39174121380143023,-0.07818487130577823
2010-12-16,0.45573809490637335,0.06399688110494312
2010-12-20,0.46933071352243466,0.013592618616061314
2010-12-21,0.5280301992926265,0.05869948577019185
2010-12-22,0.44502531669831386,-0.08300488259431266
2010-12-23,0.459303558711524,0.014278242013210152
2010-12-24,0.5104048344389227,0.0511012757273987
2010-12-27,0.467536202927911,-0.04286863151101172
2010-12-28,0.46962574950146796,0.0020895465735569774
2010-12-29,0.6822780831357572,0.21265233363428926
2010-12-30,0.6819343625950706,-0.0003437205406866539
2010-12-31,0.6777598616833254,-0.004174500911745205
2011-01-03,0.6240387718006353,-0.05372108988269009
2011-01-04,0.5925732105346541,-0.03146556126598121
2011-01-05,0.5648766667948291,-0.027696543739824997
2011-01-06,0.5435810356527321,-0.021295631142096982
2011-01-07,0.43630881075432315,-0.10727222489840893
2011-01-10,0.4951295449050592,0.058820734150736076
2011-01-11,0.49596704463441954,0.0008374997293603137
2011-01-12,0.4325016277227825,-0.06346541691163704
2011-01-13,0.4780584824623568,0.045556854739574326
2011-01-14,0.49685150613298645,0.018793023670629627
2011-01-17,0.4238183745690277,-0.07303313156395874
2011-01-18,0.468484478275458,0.044666103706430316
2011-01-19,0.3968607208418261,-0.07162375743363192
2011-01-20,0.436945703462761,0.040084982620934906
2011-01-21,0.4205155465379204,-0.016430156924840622
2011-01-24,0.42725332556570683,0.006737779027786439
2011-01-25,0.3971727453257772,-0.030080580239929655
2011-01-27,0.45597413473562026,0.058801389409843086
2011-01-28,0.47877679952751606,0.0228026647918958
2011-01-31,0.47424406512373785,-0.004532734403778216
2011-02-01,0.4965899885871009,0.02234592346336306
2011-02-02,0.48194033377285855,-0.014649654814242352
2011-02-03,0.4374964094640895,-0.044443924308769034
2011-02-04,0.48856345945536805,0.051067049991278535
2011-02-07,0.463635485998458,-0.024927973456910058
2011-02-08,0.5007682585474542,0.03713277254899622
2011-02-09,0.5068695714394871,0.006101312892032862
2011-02-10,0.4500648995866787,-0.05680467185280835
2011-02-11,0.4592281072783102,0.00916320769163148
2011-02-14,0.39238837955987305,-0.06683972771843716
2011-02-15,0.37972934250138435,-0.012659037058488698
2011-02-16,0.41314242228928216,0.033413079787897815
2011-02-17,0.3747184828349378,-0.03842393945434436
2011-02-18,0.37856851888764576,0.0038500360527079502
2011-02-21,0.3671634405666703,-0.011405078320975481
2011-02-22,0.3952723701812024,0.028108929614532152
2011-02-23,0.43767875349568974,0.04240638331448732
2011-02-24,0.4721371034363522,0.034458349940662436
2011-02-25,0.43938933583015816,-0.03274776760619402
2011-02-28,0.41657032487442713,-0.022819010955731023
2011-03-01,0.32377007444463934,-0.09280025042978779
2011-03-03,0.3204743672672701,-0.003295707177369267
2011-03-04,0.3258047129999688,0.005330345732698749
2011-03-07,0.38522823680618373,0.059423523806214906
2011-03-08,0.5160923361356097,0.13086409932942594
2011-03-09,0.4672578154265917,-0.04883452070901795
2011-03-10,0.4594545360739668,-0.0078032793526249256
2011-03-11,0.3741682537164854,-0.08528628235748142
2011-03-14,0.34840965130749185,-0.025758602408993525
2011-03-15,0.3787632423985741,0.030353591091082266
2011-03-16,0.4551078039935249,0.07634456159495079
2011-03-17,0.3903818965847282,-0.06472590740879669
2011-03-18,0.3882999965307307,-0.0020819000539974986
2011-03-21,0.3939952456349301,0.005695249104199385
2011-03-22,0.43486537520540913,0.04087012957047903
2011-03-23,0.5282673125391644,0.09340193733375524
2011-03-24,0.6413639606673364,0.113096648128172
2011-03-25,0.4862138904094846,-0.15515007025785177
2011-03-28,0.6592757647700991,0.1730618743606145
2011-03-29,0.7607733270550356,0.10149756228493656
2011-03-30,0.7732451622134697,0.012471835158434086
2011-03-31,0.6802211762508061,-0.09302398596266359
2011-04-01,0.6789274113888245,-0.0012937648619816278
2011-04-04,0.7729262799940932,0.09399886860526874
2011-04-05,0.6802472831140718,-0.09267899688002146
2011-04-06,0.6791896932925273,-0.001057589821544469
2011-04-07,0.6793896125136656,0.0001999192211382672
2011-04-08,0.599075806194604,-0.0803138063190616
2011-04-11,0.6402923404269437,0.04121653423233973
2011-04-13,0.38571730184781317,-0.25457503857913055
2011-04-15,0.442604896706697,0.05688759485888384
2011-04-18,0.4667844592115591,0.024179562504862084
2011-04-19,0.6834837617544787,0.21669930254291958
2011-04-20,0.757543550382787,0.07405978862830831
2011-04-21,0.6920555527238511,-0.06548799765893587
2011-04-25,0.6830142446357045,-0.009041308088146627
2011-04-26,0.6803024015446335,-0.0027118430910709757
2011-04-27,0.6441528976298638,-0.036149503914769676
2011-04-28,0.5959589571756359,-0.04819394045422798
2011-04-29,0.6182097285319476,0.022250771356311705
2011-05-02,0.5911443188183897,-0.027065409713557864
2011-05-03,0.4872808408154106,-0.10386347800297907
2011-05-04,0.48953062001836456,0.0022497792029539387
2011-05-05,0.47120835734869126,-0.018322262669673295
2011-05-06,0.5583081030229864,0.08709974567429513
2011-05-09,0.5031727914771589,-0.055135311545827514
2011-05-10,0.5024138955807776,-0.0007588958963812287
2011-05-11,0.5033842591142331,0.0009703635334554761
2011-05-12,0.46115734487207083,-0.042226914242162294
2011-05-13,0.45753533301395133,-0.0036220118581195004
2011-05-16,0.4665682207915694,0.00903288777761807
2011-05-17,0.46899950885829306,0.002431288066723658
2011-05-18,0.40942692225256877,-0.05957258660572429
2011-05-19,0.42406241669823713,0.014635494445668362
2011-05-20,0.4350854050299347,0.01102298833169757
2011-05-23,0.3958154942538498,-0.03926991077608488
2011-05-24,0.4217983899514473,0.025982895697597486
2011-05-25,0.3983025871298396,-0.02349580282160768
2011-05-26,0.46839112927048154,0.07008854214064192
2011-05-27,0.4677277019159117,-0.0006634273545698677
2011-05-30,0.41678542224205045,-0.050942279673861224
2011-06-01,0.36850332923804396,-0.04828209300400649
2011-06-02,0.46081633056133053,0.09231300132328657
2011-06-03,0.43431822318006136,-0.026498107381269176
2011-06-06,0.4724409719731701,0.03812274879310873
2011-06-07,0.5267863902624861,0.054345418289315994
2011-06-08,0.4678424721987189,-0.0589439180637672
2011-06-09,0.46804005695439505,0.00019758475567616118
2011-06-10,0.4446401274583831,-0.02339992949601194
2011-06-13,0.4705674824597455,0.025927355001362395
2011-06-14,0.4732427114333134,0.0026752289735679224
2011-06-15,0.3941244750812093,-0.07911823635210413
2011-06-16,0.4115687081900311,0.017444233108821816
2011-06-17,0.39733578054444413,-0.014232927645586979
2011-06-20,0.502194963028549,0.10485918248410492
2011-06-21,0.42431009375840806,-0.07788486927014099
2011-06-22,0.41885925400160606,-0.005450839756801995
2011-06-23,0.43814147166051176,0.019282217658905698
2011-06-24,0.37361854689735485,-0.06452292476315691
2011-06-27,0.34480772987615127,-0.028810817021203583
2011-06-28,0.6022264754370512,0.25741874556089994
2011-06-29,0.6820744963065453,0.07984802086949405
2011-06-30,0.6811695945070495,-0.0009049017994957609
2011-07-01,0.5505539915171346,-0.13061560298991493
2011-07-04,0.664583768715291,0.11402977719815643
2011-07-05,0.5744507793069334,-0.09013298940835757
2011-07-06,0.6004113282475761,0.025960548940642703
2011-07-07,0.6767218472051962,0.07631051895762009
2011-07-08,0.56414027077483,-0.11258157643036626
2011-07-11,0.6379888833445002,0.07384861256967024
2011-07-12,0.5748315189738722,-0.06315736437062802
2011-07-13,0.7680717911593367,0.19324027218546447
2011-07-15,0.685642800281068,-0.0824289908782686
2011-07-18,0.6843603801245739,-0.0012824201564941573
2011-07-19,0.7753986553665437,0.09103827524196983
2011-07-20,0.5935244254995888,-0.1818742298669549
2011-07-21,0.6308750469734958,0.037350621473907
2011-07-22,0.7725134721228232,0.14163842514932734
2011-07-25,0.7614808278999775,-0.011032644222845667
2011-07-26,0.5822221661989982,-0.17925866170097926
2011-07-27,0.5965295659356069,0.014307399736608661
2011-07-28,0.5025860963097155,-0.0939434696258914
2011-07-29,0.503085770635677,0.000499674325961541
2011-08-01,0.6388507989518796,0.13576502831620252
2011-08-02,0.47368323898567416,-0.1651675599662054
2011-08-03,0.4996579764992222,0.025974737513548063
2011-08-04,0.4686704679405945,-0.030987508558627697
2011-08-05,0.5762525172638243,0.10758204932322979
2011-08-08,0.5502758644239716,-0.025976652839852732
2011-08-09,0.5532843817537082,0.0030085173297366152
2011-08-10,0.4720679048040307,-0.08121647694967749
2011-08-11,0.41918794206146226,-0.052879962742568454
2011-08-12,0.48650591990532177,0.06731797784385951
2011-08-16,0.4869532042683561,0.00044728436303431707
2011-08-17,0.4657548092053081,-0.021198395063047992
2011-08-18,0.4926442735606719,0.026889464355363824
2011-08-19,0.5057751638887306,0.013130890328058642
2011-08-22,0.47788530229254844,-0.02788986159618212
2011-08-23,0.4543464639268667,-0.02353883836568177
2011-08-24,0.45907594857977885,0.004729484652912175
2011-08-25,0.4653514641799458,0.0062755156001669254
2011-08-26,0.4913590769864623,0.026007612806516534
2011-08-29,0.42354838919912097,-0.06781068778734134
2011-08-30,0.3901904072318758,-0.033357981967245154
2011-09-02,0.3915408986794989,0.0013504914476231145
2011-09-05,0.4245919197893078,0.0330510211098089
2011-09-06,0.36355932126190227,-0.06103259852740556
2011-09-07,0.3945578165841291,0.030998495322226816
2011-09-08,0.4130339713468217,0.018476154762692598
2011-09-09,0.3657529194214909,-0.047281051925330775
2011-09-12,0.398566550113471,0.03281363069198007
2011-09-13,0.3981914196309839,-0.0003751304824870516
2011-09-14,0.3741261552778644,-0.02406526435311951
2011-09-15,0.3370715758316968,-0.037054579446167635
2011-09-16,0.35935391700644115,0.02228234117474437
2011-09-19,0.4202041185863051,0.06085020157986393
2011-09-20,0.4832234500833231,0.06301933149701805
2011-09-21,0.4600627092613426,-0.023160740821980552
2011-09-22,0.41831803688912617,-0.04174467237221641
2011-09-23,0.4478165014869502,0.029498464597824015
2011-09-26,0.46505423145121866,0.017237729964268478
2011-09-27,0.39519691594478973,-0.06985731550642893
2011-09-28,0.41004644973058124,0.014849533785791513
2011-09-29,0.36668645696411284,-0.0433599927664684
2011-09-30,0.41079847377932055,0.04411201681520771
2011-10-03,0.45989012045450595,0.049091646675185396
2011-10-04,0.4861797070184912,0.02628958656398528
2011-10-05,0.48154143804550664,-0.004638268972984583
2011-10-07,0.4037636624401716,-0.07777777560533505
2011-10-10,0.37753544778109005,-0.02622821465908154
2011-10-11,0.37771467412191895,0.00017922634082889743
2011-10-12,0.43106756067100127,0.05335288654908232
2011-10-13,0.5094760823564456,0.07840852168544432
2011-10-14,0.6084280643118785,0.09895198195543287
2011-10-17,0.5296549024344428,-0.07877316187743566
2011-10-18,0.5670855872131033,0.03743068477866052
2011-10-19,0.6631577902382525,0.09607220302514918
2011-10-20,0.5965180339858438,-0.0666397562524087
2011-10-21,0.5648441168947234,-0.03167391709112044
2011-10-24,0.5918479071248777,0.027003790230154312
2011-10-25,0.37916801138338635,-0.21267989574149132
2011-10-28,0.34171891914565977,-0.03744909223772658
2011-10-31,0.5077565070442647,0.1660375878986049
2011-11-01,0.4889010915641983,-0.018855415480066362
2011-11-02,0.45009447916926637,-0.03880661239493194
2011-11-03,0.6740477663819419,0.2239532872126755
2011-11-04,0.7553524146594239,0.08130464827748207
2011-11-08,0.6830149166902151,-0.07233749796920885
2011-11-09,0.6219077070104914,-0.06110720967972372
2011-11-11,0.6070354872159243,-0.014872219794567099
2011-11-14,0.520215801784089,-0.08681968543183527
2011-11-15,0.5286786691303379,0.008462867346248903
2011-11-16,0.46343270147785354,-0.06524596765248436
2011-11-17,0.49164366735154863,0.028210965873695093
2011-11-18,0.5020521683534236,0.010408501001874959
2011-11-21,0.5295921749551048,0.02754000660168121
2011-11-22,0.493411301018793,-0.03618087393631181
2011-11-23,0.5766232590727904,0.08321195805399745
2011-11-25,0.4902667952365447,-0.08635646383624573
2011-11-28,0.47038474953411435,-0.01988204570243035
2011-11-29,0.45414036958334436,-0.016244379950769994
2011-11-30,0.4601088108942055,0.005968441310861161
2011-12-01,0.3858310700661636,-0.07427774082804195
2011-12-02,0.4198960921492789,0.03406502208311535
2011-12-05,0.5998560206788249,0.179959928529546
2011-12-07,0.5973041546149684,-0.0025518660638564894
2011-12-08,0.37317915338802343,-0.224125001226945
2011-12-09,0.4015658449221325,0.028386691534109054
2011-12-12,0.4408733303364434,0.039307485414310894
2011-12-13,0.4196641143601332,-0.021209215976310203
2011-12-14,0.43307520896712526,0.01341109460699208
2011-12-15,0.43739781225004876,0.004322603282923498
2011-12-16,0.47701046146711223,0.03961264921706348
2011-12-19,0.4685699088047714,-0.008440552662340839
2011-12-20,0.49655608624191866,0.027986177437147264
2011-12-21,0.4210011925068216,-0.07555489373509705
2011-12-22,0.40015233330998445,-0.020848859196837155
2011-12-23,0.38165238152762065,-0.0184999517823638
2011-12-27,0.40526138438264786,0.023609002855027206
2011-12-28,0.3913839468210505,-0.013877437561597372
2011-12-29,0.3905734181293383,-0.0008105286917121646
2011-12-30,0.395323002589404,0.004749584460065681
2012-01-03,0.38670463813986666,-0.008618364449537341
2012-01-04,0.40458692916239736,0.017882291022530694
2012-01-05,0.4683191040541133,0.06373217489171595
2012-01-06,0.38638244417971435,-0.08193665987439896
2012-01-09,0.465193625939238,0.07881118175952367
2012-01-10,0.5203802845667448,0.05518665862750677
2012-01-11,0.4688536984509818,-0.051526586115762996
2012-01-12,0.4640871849159901,-0.00476651353499169
2012-01-13,0.4669222516226914,0.0028350667067013058
2012-01-16,0.48296495864977396,0.016042707027082548
2012-01-17,0.6805466352142372,0.19758167656446324
2012-01-18,0.5955443636148924,-0.08500227159934481
2012-01-19,0.679518997705867,0.08397463409097461
2012-01-20,0.6013076191639739,-0.07821137854189308
2012-01-23,0.5967538083956955,-0.004553810768278432
2012-01-24,0.6747398119370805,0.07798600354138507
2012-01-25,0.6876676285544244,0.012927816617343879
2012-01-27,0.6814402720043483,-0.006227356550076113
2012-01-30,0.5536170682334001,-0.12782320377094825
2012-01-31,0.6400295511589584,0.08641248292555836
2012-02-01,0.608131447319955,-0.03189810383900338
2012-02-02,0.6806884690774938,0.07255702175753875
2012-02-03,0.7703516944574443,0.08966322537995053
2012-02-06,0.6817273366407567,-0.08862435781668765
2012-02-07,0.5624890724281797,-0.119238264212577
2012-02-08,0.6806702345114516,0.1181811620832719
2012-02-09,0.766840515695883,0.08617028118443137
2012-02-10,0.678033129728447,-0.08880738596743598
2012-02-13,0.6817286449178676,0.003695515189420573
2012-02-14,0.7720631644779499,0.09033451956008232
2012-02-15,0.7730030969422699,0.0009399324643200035
2012-02-16,0.6792702187403618,-0.09373287820190812
2012-02-17,0.6844870038055524,0.005216785065190632
2012-02-21,0.7644718655207986,0.07998486171524621
2012-02-22,0.583680876049184,-0.18079098947161465
2012-02-23,0.6257873686999748,0.042106492650790805
2012-02-24,0.43896373583216064,-0.18682363286781412
2012-02-27,0.4936813127251475,0.05471757689298684
2012-02-28,0.487867536232715,-0.005813776492432476
2012-02-29,0.4731081177877723,-0.014759418444942718
2012-03-01,0.5980326516316755,0.12492453384390323
2012-03-02,0.6290413554294905,0.03100870379781495
2012-03-05,0.5818000923350979,-0.04724126309439258
2012-03-06,0.5561172551695499,-0.025682837165547978
2012-03-07,0.5931538913568615,0.03703663618731157
2012-03-09,0.5396638719494707,-0.05349001940739073
2012-03-12,0.539923195803162,0.0002593238536912068
2012-03-13,0.7507429397606242,0.21081974395746228
2012-03-14,0.6955223750204416,-0.055220564740182665
2012-03-15,0.5612420162197994,-0.13428035880064215
2012-03-16,0.4874440778866345,-0.07379793833316489
2012-03-19,0.533318270729323,0.04587419284268851
2012-03-20,0.6163328433989843,0.08301457266966128
2012-03-21,0.5013983615120929,-0.11493448188689137
2012-03-22,0.4774134707088778,-0.023984890803215142
2012-03-23,0.49729582880310597,0.01988235809422817
2012-03-26,0.48868066442063063,-0.008615164382475338
2012-03-27,0.44756047429520496,-0.04112019012542567
2012-03-28,0.4677916400297276,0.02023116573452266
2012-03-29,0.3976379798884789,-0.07015366014124874
2012-03-30,0.5248702960192502,0.1272323161307713
2012-04-02,0.6114636846734628,0.08659338865421262
2012-04-03,0.6139124577106116,0.0024487730371488547
2012-04-04,0.46760847086735746,-0.14630398684325419
2012-04-09,0.3928258934824342,-0.07478257738492328
2012-04-10,0.4203057261521507,0.027479832669716542
2012-04-11,0.4185007313827167,-0.0018049947694340207
2012-04-12,0.4506275703873235,0.03212683900460678
2012-04-13,0.4157814248275189,-0.03484614555980459
2012-04-16,0.4316527912912716,0.0158713664637527
2012-04-17,0.43514726578874097,0.0034944744974693687
2012-04-18,0.471440951181309,0.036293685392568054
2012-04-19,0.4701195784520528,-0.0013213727292561983
2012-04-20,0.42793650379868453,-0.04218307465336829
2012-04-23,0.392249900475837,-0.03568660332284751
2012-04-24,0.4205102795605666,0.02826037908472956
2012-04-25,0.4192169413954208,-0.0012933381651457632
2012-04-26,0.4015787388492794,-0.0176382025461414
2012-04-27,0.4206696208351152,0.019090881985835806
2012-04-30,0.46758234430920026,0.04691272347408504
2012-05-02,0.41733783685621073,-0.05024450745298953
2012-05-03,0.3952530983124104,-0.02208473854380033
2012-05-04,0.42585991825203845,0.03060681993962805
2012-05-07,0.47715440285268884,0.05129448460065039
2012-05-08,0.49512892735636094,0.017974524503672096
2012-05-09,0.4227257615619095,-0.07240316579445144
2012-05-10,0.42333982039998685,0.0006140588380773582
2012-05-11,0.42522062531628513,0.0018808049162982732
2012-05-14,0.4214606206475553,-0.0037600046687298327
2012-05-15,0.4487522813596022,0.027291660712046917
2012-05-16,0.45562688851357624,0.006874607153974033
2012-05-17,0.4235694662742455,-0.032057422239330724
2012-05-18,0.4600699508061933,0.03650048453194776
2012-05-22,0.46753466150448897,0.0074647106982956846
2012-05-23,0.41614581205615,-0.05138884944833899
2012-05-24,0.41448277451739013,-0.0016630375387598484
2012-05-25,0.41991529628765667,0.005432521770266541
2012-05-28,0.46749502131743964,0.04757972502978297
2012-05-29,0.47301841070308026,0.00552338938564062
2012-05-30,0.4154385619479384,-0.05757984875514188
2012-05-31,0.39302370881037874,-0.022414853137559643
2012-06-01,0.39454430137371066,0.001520592563331924
2012-06-04,0.4245171058825945,0.029972804508883844
2012-06-05,0.4180538781513764,-0.006463227731218102
2012-06-06,0.43718383607691846,0.019129957925542063
2012-06-07,0.4591135834223019,0.021929747345383444
2012-06-08,0.4267947856294513,-0.03231879779285063
2012-06-11,0.3495157566025703,-0.077279029026881
2012-06-12,0.35929403538514454,0.009778278782574257
2012-06-13,0.5964962345533332,0.2372021991681887
2012-06-14,0.42712795716747004,-0.1693682773858632
2012-06-15,0.55384035494029,0.12671239777282
2012-06-18,0.34163397431465875,-0.2122063806256313
2012-06-19,0.6441979935642327,0.30256401924957393
2012-06-20,0.6061348454870926,-0.03806314807714006
2012-06-21,0.6788359189106454,0.07270107342355281
2012-06-22,0.5644241607047453,-0.1144117582059001
2012-06-25,0.5591072989519787,-0.005316861752766577
2012-06-26,0.6052923097204254,0.04618501076844661
2012-06-27,0.6099766383340889,0.004684328613663524
2012-06-28,0.6878806941357467,0.07790405580165782
2012-06-29,0.7579889775119101,0.07010828337616337
2012-07-02,0.6817680364433958,-0.07622094106851429
2012-07-03,0.6813152242262518,-0.0004528122171439941
2012-07-04,0.6835226156435944,0.002207391417342608
2012-07-05,0.7695861608850934,0.08606354524149895
2012-07-06,0.6803547066814897,-0.08923145420360368
2012-07-09,0.6794445404804627,-0.0009101662010270184
2012-07-10,0.773535113525709,0.09409057304524637
2012-07-11,0.6812210295754059,-0.09231408395030316
2012-07-12,0.6788218850350463,-0.00239914454035961
2012-07-13,0.6844175801125599,0.005595695077513674
2012-07-16,0.5954349844566338,-0.08898259565592614
2012-07-17,0.6065060959425144,0.01107111148588058
2012-07-18,0.6371349850518692,0.030628889109354795
2012-07-19,0.6925868248481929,0.05545183979632373
2012-07-20,0.5956385185869006,-0.09694830626129225
2012-07-23,0.5941733860577713,-0.001465132529129387
2012-07-24,0.6412521003990701,0.047078714341298844
2012-07-25,0.6356199079365797,-0.00563219246249036
2012-07-26,0.4722988643844223,-0.16332104355215743
2012-07-27,0.5078575189671158,0.03555865458269353
2012-07-30,0.7103400757085875,0.20248255674147164
2012-07-31,0.6862882655410768,-0.02405181016751068
2012-08-01,0.7062813960338719,0.019993130492795053
2012-08-02,0.6859354758769292,-0.0203459201569427
2012-08-03,0.6838391368694687,-0.002096339007460424
2012-08-06,0.7693555156819752,0.08551637881250651
2012-08-07,0.774218472532786,0.004862956850810729
2012-08-08,0.6815926404286514,-0.09262583210413455
2012-08-09,0.668145934006114,-0.013446706422537424
2012-08-10,0.6826791229331335,0.014533188927019491
2012-08-13,0.7725694383623345,0.089890315429201
2012-08-14,0.7743020031995524,0.0017325648372179536
2012-08-16,0.6547654336424787,-0.1195365695570737
2012-08-17,0.6821067660292508,0.027341332386772055
2012-08-21,0.7735702628629966,0.09146349683374577
2012-08-22,0.6814863665983271,-0.09208389626466951
2012-08-23,0.6821796882724371,0.0006933216741100701
2012-08-24,0.6803890048875416,-0.0017906833848955195
2012-08-27,0.6430492592303563,-0.03733974565718534
2012-08-29,0.5932793245349509,-0.04976993469540536
2012-08-30,0.6563806265249721,0.06310130199002117
2012-08-31,0.5933306350048646,-0.06304999152010748
2012-09-03,0.49858489637067865,-0.09474573863418595
2012-09-04,0.6755731689643403,0.17698827259366162
2012-09-05,0.5002420830720695,-0.17533108589227075
2012-09-06,0.5084754406894558,0.008233357617386305
2012-09-07,0.7172562012403932,0.20878076055093742
2012-09-10,0.6934664805699496,-0.023789720670443604
2012-09-11,0.7733167269520953,0.07985024638214566
2012-09-12,0.7723888741953847,-0.0009278527567105899
2012-09-13,0.6827447472461331,-0.08964412694925161
2012-09-14,0.4006036769772949,-0.2821410702688382
2012-09-17,0.6752101577291484,0.2746064807518535
2012-09-18,0.6788168449770364,0.0036066872478880407
2012-09-20,0.6736978998458248,-0.005118945131211583
2012-09-21,0.5917768087255031,-0.08192109112032175
2012-09-24,0.6720345578184004,0.08025774909289729
2012-09-25,0.6815127016679471,0.009478143849546705
2012-09-26,0.680646248157319,-0.0008664535106280846
2012-09-27,0.6734661094069246,-0.00718013875039436
2012-09-28,0.697232820235816,0.02376671082889137
2012-10-01,0.6889679012490695,-0.008264918986746528
2012-10-03,0.6878459624311873,-0.00112193881788214
2012-10-04,0.7728769727693394,0.08503101033815208
2012-10-05,0.06861743625718142,-0.704259536512158
2012-10-08,0.6324491949809633,0.5638317587237819
2012-10-09,0.6903493837987691,0.05790018881780579
2012-10-10,0.6782348400856961,-0.012114543713072967
2012-10-11,0.767280094928966,0.08904525484326986
2012-10-12,0.6832142212890493,-0.08406587363991669
2012-10-15,0.6875362394248032,0.004322018135753947
2012-10-16,0.5954090395366114,-0.09212719988819185
2012-10-17,0.6371439243839155,0.04173488484730414
2012-10-18,0.7748662795477593,0.1377223551638438
2012-10-19,0.629880976575855,-0.14498530297190437
2012-10-22,0.7752690390832063,0.14538806250735137
2012-10-23,0.6075779707797696,-0.16769106830343672
2012-10-25,0.6935936835443803,0.08601571276461073
2012-10-29,0.6303759590967932,-0.06321772444758711
2012-10-30,0.5991856278610239,-0.03119033123576931
2012-10-31,0.6653072654909987,0.0661216376299748
2012-11-01,0.7128440754065292,0.04753680991553044
2012-11-02,0.6976181210021293,-0.015225954404399888
2012-11-05,0.6880904700974532,-0.00952765090467611
2012-11-06,0.7617903170963691,0.07369984699891596
2012-11-07,0.7742089020450763,0.012418584948707179
2012-11-08,0.6461631833768257,-0.12804571866825065
2012-11-09,0.5939252931253323,-0.05223789025149339
2012-11-12,0.6319708265024445,0.03804553337711225
2012-11-15,0.6309123023668767,-0.0010585241355678399
2012-11-16,0.47451044139715276,-0.15640186096972392
2012-11-19,0.5033921730874255,0.028881731690272694
2012-11-20,0.49190699381306047,-0.011485179274364987
2012-11-21,0.5579200400850168,0.06601304627195637
2012-11-22,0.5042242555563311,-0.05369578452868573
2012-11-23,0.49998531304733396,-0.0042389425089971455
2012-11-26,0.5022950022354208,0.0023096891880868275
2012-11-27,0.7744494641410117,0.2721544619055909
2012-11-29,0.7738118602749191,-0.0006376038660925731
2012-11-30,0.7737243933019855,-8.746697293360306e-05
2012-12-03,0.6794316737764945,-0.09429271952549101
2012-12-04,0.7188052834717704,0.039373609695275924
2012-12-05,0.6860591638536117,-0.032746119618158764
2012-12-06,0.6585692708907012,-0.02748989296291049
2012-12-07,0.6692933271259274,0.01072405623522621
2012-12-10,0.6844021517137712,0.015108824587843794
2012-12-11,0.6809937777399352,-0.0034083739738359764
2012-12-12,0.650305410911682,-0.030688366828253155
2012-12-13,0.6421833643829942,-0.008122046528687865
2012-12-14,0.7705441191543505,0.12836075477135633
2012-12-17,0.6841063260862309,-0.0864377930681196
2012-12-18,0.6850161812788768,0.0009098551926458587
2012-12-19,0.6932199912846593,0.00820381000578252
2012-12-20,0.6810578848308839,-0.012162106453775356
2012-12-21,0.5927091190599656,-0.08834876577091832
2012-12-24,0.6366391677219734,0.04393004866200778
2012-12-26,0.7758025237428723,0.1391633560208989
2012-12-27,0.5951662564582672,-0.18063626728460513
2012-12-28,0.7282081019411315,0.13304184548286435
2012-12-31,0.6884184323782062,-0.03978966956292529
2013-01-02,0.6824703411788552,-0.005948091199351024
2013-01-03,0.6868906827550274,0.004420341576172215
2013-01-04,0.6811134235377215,-0.0057772592173058746
2013-01-07,0.638554410166148,-0.04255901337157353
2013-01-08,0.6842755387144899,0.04572112854834187
2013-01-09,0.6421003573871854,-0.04217518132730447
2013-01-10,0.6651581345637014,0.023057777176516026
2013-01-11,0.6422749714603525,-0.022883163103348925
2013-01-14,0.7744676324770402,0.1321926610166877
2013-01-15,0.686796038582021,-0.08767159389501922
2013-01-16,0.6415325648740376,-0.04526347370798334
2013-01-17,0.7731181538259672,0.1315855889519295
2013-01-18,0.6907842318536994,-0.08233392197226774
2013-01-21,0.6864854728704225,-0.004298758983276918
2013-01-22,0.6465450214490894,-0.03994045142133307
2013-01-23,0.684014830507904,0.037469809058814585
2013-01-24,0.6663156130414526,-0.017699217466451422
2013-01-25,0.7750060070937612,0.10869039405230863
2013-01-28,0.6863003179942361,-0.08870568909952514
2013-01-29,0.6818276577829692,-0.00447266021126691
2013-01-30,0.6881097876878074,0.0062821299048382295
2013-01-31,0.6836013901411804,-0.004508397546627019
2013-02-01,0.5968188841367338,-0.08678250600444659
2013-02-04,0.6026513758475688,0.005832491710834997
2013-02-05,0.6363839012822942,0.03373252543472538
2013-02-06,0.6455262432935981,0.009142342011303928
2013-02-07,0.5017921204303337,-0.14373412286326437
2013-02-08,0.49870884948644706,-0.0030832709438866623
2013-02-11,0.5024634438580331,0.0037545943715860397
2013-02-12,0.5539920752145971,0.05152863135656405
2013-02-13,0.5031527887167909,-0.050839286497806224
2013-02-14,0.4738749974388541,-0.029277791277936838
2013-02-15,0.502009916959644,0.028134919520789947
2013-02-18,0.5053633925490209,0.0033534755893768198
2013-02-19,0.560465917523313,0.05510252497429213
2013-02-20,0.503576955495254,-0.05688896202805893
2013-02-21,0.47379948400431054,-0.029777471490943508
2013-02-22,0.42273808319376033,-0.05106140081055022
2013-02-25,0.4220769786147258,-0.0006611045790345105
2013-02-26,0.4031849905086146,-0.0188919881061112
2013-02-27,0.42303602769464704,0.019851037186032428
2013-02-28,0.5464263757782812,0.1233903480836342
2013-03-01,0.4255500762636346,-0.12087629951464662
2013-03-04,0.42261665880637145,-0.0029334174572631655
2013-03-05,0.46816236993266785,0.045545711126296407
2013-03-06,0.4244567592567538,-0.04370561067591405
2013-03-07,0.5288837359046927,0.10442697664793893
2013-03-08,0.6826345298293095,0.15375079392461677
2013-03-11,0.4672271671957724,-0.2154073626335371
2013-03-12,0.4441317557283298,-0.023095411467442595
2013-03-13,0.42987682355015316,-0.014254932178176638
2013-03-14,0.34107886226627415,-0.08879796128387901
2013-03-15,0.4123014899781816,0.07122262771190746
2013-03-18,0.4102416177945589,-0.0020598721836226908
2013-03-19,0.3914529344394528,-0.01878868335510614
2013-03-20,0.3969526128679035,0.005499678428450727
2013-03-21,0.40179560282420074,0.004842989956297228
2013-03-22,0.4219377166312582,0.020142113807057438
2013-03-25,0.39767234836508636,-0.024265368266171816
2013-03-26,0.43563086918217037,0.03795852081708401
2013-03-28,0.422868683859078,-0.012762185323092368
2013-04-01,0.42293073586851015,6.205200943215639e-05
2013-04-02,0.4677657097239719,0.04483497385546176
2013-04-03,0.3960113632440529,-0.07175434647991902
2013-04-04,0.3985390968309929,0.0025277335869400286
2013-04-05,0.42109669137434863,0.022557594543355708
2013-04-08,0.4217521363799048,0.0006554450055561434
2013-04-09,0.4003359218420851,-0.021416214537819667
2013-04-10,0.4128257885385288,0.012489866696443697
2013-04-11,0.4201583423820905,0.007332553843561684
2013-04-12,0.4161711841067662,-0.0039871582753243096
2013-04-15,0.4258721203073438,0.009700936200577603
2013-04-16,0.4230360844548505,-0.002836035852493257
2013-04-17,0.4683126211086567,0.045276536653806154
2013-04-18,0.675033891252756,0.20672127014409936
2013-04-22,0.6815783512510626,0.006544459998306551
2013-04-23,0.6004952042966535,-0.0810831469544091
2013-04-25,0.6815374139699849,0.08104220967333142
2013-04-26,0.5661549520358911,-0.11538246193409385
2013-04-29,0.6454160787146289,0.07926112667873786
2013-04-30,0.5989667169178361,-0.04644936179679282
2013-05-02,0.6778606626834776,0.07889394576564146
2013-05-03,0.5635530006679613,-0.11430766201551623
2013-05-06,0.6376183353652422,0.07406533469728083
2013-05-07,0.6817276534903799,0.04410931812513774
2013-05-08,0.6843588591766937,0.002631205686313809
2013-05-09,0.6477885551030277,-0.036570304073666016
2013-05-10,0.7658011888671058,0.11801263376407811
2013-05-13,0.6010271722181957,-0.16477401664891012
2013-05-14,0.6849318734864089,0.08390470126821326
2013-05-15,0.7131268455599636,0.028194972073554703
2013-05-16,0.764286249145696,0.051159403585732344
2013-05-17,0.6829255125639168,-0.08136073658177922
2013-05-20,0.6394775581381724,-0.04344795442574434
2013-05-21,0.6410387168147613,0.001561158676588903
2013-05-22,0.6561195581371795,0.01508084132241816
2013-05-23,0.5371196395104626,-0.11899991862671688
2013-05-24,0.6334883355687642,0.09636869605830156
2013-05-27,0.7624590771859259,0.1289707416171617
2013-05-28,0.6871939638916248,-0.07526511329430108
2013-05-29,0.6837609138605982,-0.0034330500310265633
2013-05-30,0.7565074288921508,0.0727465150315526
2013-05-31,0.587418357133178,-0.1690890717589728
2013-06-03,0.5975405754602372,0.010122218327059174
2013-06-04,0.6356687084014402,0.038128132941202986
2013-06-05,0.6391067843440406,0.0034380759426003715
2013-06-06,0.6373142598144774,-0.0017925245295631331
2013-06-07,0.6307098730462507,-0.006604386768226722
2013-06-10,0.5001009595903327,-0.13060891345591796
2013-06-11,0.4750952216211626,-0.02500573796917016
2013-06-12,0.5022866389531342,0.027191417331971612
2013-06-13,0.5042258566818963,0.0019392177287621548
2013-06-14,0.5596697237353667,0.055443867053470375
2013-06-17,0.502152957641384,-0.05751676609398271
2013-06-18,0.48217076908460427,-0.019982188556779745
2013-06-19,0.5003115685759997,0.01814079949139541
2013-06-20,0.48036163733886134,-0.01994993123713834
2013-06-21,0.42279660368305333,-0.05756503365580801
2013-06-24,0.39946143108454746,-0.02333517259850587
2013-06-25,0.42275322211883465,0.02329179103428719
2013-06-26,0.39896233846123674,-0.023790883657597905
2013-06-27,0.44902636242570987,0.050064023964473126
2013-06-28,0.49447809517943236,0.045451732753722496
2013-07-01,0.5256122752632907,0.03113418008385832
2013-07-02,0.4423647003816179,-0.08324757488167278
2013-07-03,0.4406146230002669,-0.0017500773813510229
2013-07-04,0.5281966140269027,0.08758199102663577
2013-07-05,0.48765683448460073,-0.040539779542301924
2013-07-08,0.4655429124176739,-0.022113922066926806
2013-07-09,0.5269906146733725,0.061447702255698566
2013-07-10,0.4408577469354041,-0.08613286773796841
2013-07-11,0.6337486876604507,0.1928909407250466
2013-07-12,0.6026528254239018,-0.03109586223654892
2013-07-15,0.6732839753601702,0.0706311499362684
2013-07-16,0.5958709899549984,-0.07741298540517172
2013-07-17,0.6040800279944047,0.008209038039406313
2013-07-18,0.682166549347411,0.07808652135300631
2013-07-19,0.5898789907709423,-0.09228755857646875
2013-07-22,0.601906371554905,0.012027380783962704
2013-07-23,0.6085722459559773,0.006665874401072247
2013-07-24,0.6346616626502217,0.02608941669424447
2013-07-25,0.5940572125969859,-0.040604450053235874
2013-07-26,0.469576431027543,-0.12448078156944287
2013-07-29,0.47151851227699026,0.0019420812494472806
2013-07-30,0.4724458015291384,0.0009272892521481335
2013-07-31,0.49588014340489134,0.02343434187575294
2013-08-01,0.503461209988735,0.007581066583843665
2013-08-02,0.48512908924193554,-0.018332120746799463
2013-08-05,0.49576328156070554,0.010634192318769997
2013-08-06,0.5241573574975069,0.028394075936801377
2013-08-07,0.5004214251036774,-0.02373593239382954
2013-08-08,0.5598678345626001,0.059446409458922767
2013-08-12,0.5000261882895201,-0.059841646273080085
2013-08-13,0.4451101185587263,-0.05491606973079377
2013-08-14,0.4123992399765976,-0.03271087858212868
2013-08-16,0.46383915551111377,0.051439915534516156
2013-08-19,0.4844822669917266,0.02064311148061282
2013-08-20,0.4796131488528955,-0.004869118138831063
2013-08-21,0.4994900529583082,0.01987690410541265
2013-08-22,0.4538964870842874,-0.04559356587402075
2013-08-23,0.4246138508736255,-0.029282636210661905
2013-08-26,0.40225961706693625,-0.022354233806689272
2013-08-27,0.48409259312409897,0.08183297605716272
2013-08-28,0.4768290384328898,-0.007263554691209151
2013-08-29,0.4175349470624531,-0.05929409137043673
2013-08-30,0.38620531241460065,-0.03132963464785243
2013-09-02,0.3767341636522987,-0.009471148762301929
2013-09-03,0.4355828031710024,0.05884863951870367
2013-09-04,0.3813176860674689,-0.05426511710353349
2013-09-05,0.33474859469748935,-0.046569091369979554
2013-09-06,0.3013958582704783,-0.03335273642701103
2013-09-10,0.31486551254475137,0.013469654274273046
2013-09-11,0.583714896662279,0.2688493841175277
2013-09-12,0.550831076602561,-0.032883820059718016
2013-09-13,0.5950345382598061,0.04420346165724509
2013-09-16,0.35272981971902706,-0.24230471854077906
2013-09-17,0.5975380258717226,0.2448082061526955
2013-09-18,0.5844732660189593,-0.01306475985276323
2013-09-19,0.3052949548809879,-0.2791783111379714
2013-09-20,0.34632120989928417,0.041026255018296265
2013-09-23,0.386904080705954,0.040582870806669835
2013-09-24,0.5190031781903155,0.1320990974843615
2013-09-25,0.6631558978129074,0.1441527196225919
2013-09-26,0.6856458670401815,0.022489969227274087
2013-09-27,0.6433889698263349,-0.04225689721384662
2013-09-30,0.5917391358088323,-0.05164983401750256
2013-10-01,0.6333169434310382,0.041577807622205865
2013-10-03,0.7646652391131709,0.1313482956821327
2013-10-04,0.6853975606456643,-0.0792676784675066
2013-10-07,0.6844403068011439,-0.0009572538445203893
2013-10-08,0.7429767581953838,0.05853645139423991
2013-10-09,0.6770377686655765,-0.06593898952980726
2013-10-10,0.6847736298945425,0.007735861228965968
2013-10-11,0.6902658449694087,0.005492215074866191
2013-10-14,0.6861528074822227,-0.004113037487185944
2013-10-15,0.6374341689035933,-0.04871863857862946
2013-10-17,0.6402708507769246,0.0028366818733313037
2013-10-18,0.7431351647031045,0.1028643139261799
2013-10-21,0.6835422875849704,-0.0595928771181341
2013-10-22,0.6820285618786429,-0.0015137257063274623
2013-10-23,0.6754917118223038,-0.006536850056339083
2013-10-24,0.670078842190363,-0.005412869631940875
2013-10-25,0.6800096135368584,0.009930771346495448
2013-10-28,0.6406650573809501,-0.03934455615590826
2013-10-29,0.6615730030234106,0.020907945642460457
2013-10-30,0.6927140773823626,0.03114107435895197
2013-10-31,0.7738135432787854,0.0810994658964228
2013-11-01,0.6832718873825258,-0.09054165589625962
2013-11-05,0.6549924025425299,-0.028279484839995872
2013-11-06,0.641752878975951,-0.01323952356657887
2013-11-07,0.6409157935682194,-0.0008370854077316414
2013-11-08,0.6096151980416227,-0.0313005955265967
2013-11-11,0.6080268222681806,-0.0015883757734420634
2013-11-12,0.6006791933380862,-0.007347628930094441
2013-11-13,0.6360219800854571,0.0353427867473709
2013-11-14,0.6465379757801911,0.010515995694734048
2013-11-18,0.7707652040148893,0.12422722823469823
2013-11-19,0.6893871277418674,-0.08137807627302196
2013-11-20,0.5943725989959543,-0.0950145287459131
2013-11-21,0.4697796647268359,-0.12459293426911838
2013-11-22,0.49855860232901517,0.028778937602179255
2013-11-25,0.71344094616721,0.21488234383819482
2013-11-26,0.5969615688279227,-0.11647937733928726
2013-11-27,0.635661379747806,0.03869981091988328
2013-11-28,0.643198163528142,0.007536783780335954
2013-11-29,0.7756176283923958,0.13241946486425382
2013-12-02,0.7755985264625408,-1.910192985499215e-05
2013-12-03,0.6837216498155004,-0.09187687664704036
2013-12-04,0.6673588822850919,-0.01636276753040855
2013-12-05,0.6971381234134385,0.029779241128346623
2013-12-06,0.7129192927424536,0.015781169329015077
2013-12-09,0.7729821727539861,0.06006288001153248
2013-12-10,0.677287316184234,-0.09569485656975207
2013-12-11,0.6775951182330544,0.00030780204882041584
2013-12-12,0.6420872968391674,-0.035507821393886974
2013-12-13,0.5928308787418224,-0.049256418097345045
2013-12-16,0.630929470143013,0.03809859140119065
2013-12-17,0.47154254790104044,-0.1593869222419726
2013-12-18,0.7739053556005974,0.3023628076995569
2013-12-19,0.5937055481684614,-0.18019980743213593
2013-12-20,0.7726533251553236,0.17894777698686215
2013-12-23,0.685810576247455,-0.08684274890786858
2013-12-24,0.6546161604697337,-0.031194415777721307
2013-12-26,0.6880092740801819,0.033393113610448166
2013-12-27,0.7085953157763283,0.020586041696146418
2013-12-30,0.6425989125142112,-0.06599640326211709
2013-12-31,0.6837724311813972,0.04117351866718599
2014-01-02,0.5078627538833664,-0.17590967729803075
2014-01-03,0.6337420644249375,0.1258793105415711
2014-01-06,0.6099214870198959,-0.02382057740504162
2014-01-07,0.4722272855095226,-0.13769420151037332
2014-01-08,0.5050063859285385,0.03277910041901594
2014-01-09,0.501374989111156,-0.0036313968173825595
2014-01-10,0.5005989187946602,-0.0007760703164957361
2014-01-13,0.7746896303727968,0.2740907115781366
2014-01-14,0.6833199243996609,-0.09136970597313587
2014-01-15,0.7742222557662296,0.09090233136656867
2014-01-16,0.6818302114620719,-0.0923920443041577
2014-01-17,0.6436020541056178,-0.03822815735645413
2014-01-20,0.7750172433710935,0.13141518926547568
2014-01-21,0.6891413586149457,-0.08587588475614771
2014-01-22,0.7027576006572408,0.013616242042295057
2014-01-23,0.6831845505025063,-0.01957305015473454
2014-01-24,0.5820584057722923,-0.10112614473021397
2014-01-27,0.4897395025181125,-0.0923189032541798
2014-01-28,0.5024410238469952,0.012701521328882692
2014-01-29,0.4828564660163787,-0.019584557830616467
2014-01-30,0.5012276423316387,0.01837117631526003
2014-01-31,0.5058423594120011,0.004614717080362318
2014-02-03,0.47575675582863725,-0.030085603583363818
2014-02-04,0.40493760214546054,-0.0708191536831767
2014-02-05,0.4239003745231424,0.018962772377681847
2014-02-06,0.4221098736026176,-0.0017905009205247957
2014-02-07,0.42392029509230766,0.0018104214896900728
2014-02-10,0.4190900937665534,-0.004830201325754291
2014-02-11,0.42251260969679083,0.0034225159302374575
2014-02-12,0.4220217589365361,-0.0004908507602547352
2014-02-13,0.39664362614910503,-0.025378132787431062
2014-02-14,0.4232072898325706,0.026563663683465577
2014-02-18,0.5290822243751871,0.10587493454261654
2014-02-19,0.48277795605289936,-0.04630426832228779
2014-02-20,0.392212960294245,-0.09056499575865434
2014-02-21,0.5280031006088545,0.13579014031460945
2014-02-24,0.6814356336012173,0.1534325329923628
2014-02-25,0.6049076137703635,-0.07652801983085378
2014-02-26,0.6811171470756249,0.07620953330526137
2014-02-28,0.6816815415322005,0.0005643944565756343
2014-03-03,0.5643116431051136,-0.1173698984270869
2014-03-04,0.6773882794573443,0.11307663635223064
2014-03-05,0.6067609201643938,-0.0706273592929505
2014-03-06,0.6813556551039068,0.07459473493951307
2014-03-07,0.678687678594674,-0.0026679765092327834
2014-03-10,0.7246123166883819,0.04592463809370784
2014-03-11,0.6754130557323571,-0.04919926095602478
2014-03-12,0.681470736523566,0.006057680791208941
2014-03-13,0.6785017412626445,-0.0029689952609215364
2014-03-14,0.7197156607475848,0.04121391948494024
2014-03-18,0.6824445123174478,-0.0372711484301369
2014-03-19,0.685459189516884,0.0030146771994361554
2014-03-20,0.6679718077796443,-0.017487381737239738
2014-03-21,0.6951465224033458,0.02717471462370158
2014-03-24,0.7745331349829965,0.07938661257965063
2014-03-25,0.7207898100642167,-0.053743324918779756
2014-03-26,0.6851402349468676,-0.03564957511734912
2014-03-27,0.6901253708870161,0.0049851359401484885
2014-03-28,0.694718296807959,0.0045929259209429585
2014-03-31,0.6806844595488639,-0.014033837259095128
2014-04-01,0.6831913061863566,0.0025068466374926768
2014-04-02,0.6879211971986139,0.004729891012257292
2014-04-03,0.6628642957835156,-0.02505690141509831
2014-04-04,0.6391853401671966,-0.023678955616318942
2014-04-07,0.6812205969800853,0.042035256812888666
2014-04-09,0.772789782998133,0.09156918601804764
2014-04-10,0.6828145084149716,-0.08997527458316135
2014-04-11,0.677788473948453,-0.005026034466518614
2014-04-15,0.6407082595831077,-0.037080214365345254
2014-04-16,0.6436590240092885,0.0029507644261808075
2014-04-17,0.7748862399852438,0.1312272159759552
2014-04-21,0.7692461164263455,-0.005640123558898202
2014-04-22,0.6851125129945665,-0.084133603431779
2014-04-23,0.6866452967749712,0.0015327837804046673
2014-04-25,0.6412682438533168,-0.04537705292165439
2014-04-28,0.6802067140614765,0.03893847020815966
2014-04-29,0.5954803571765229,-0.08472635688495356
2014-04-30,0.6278252983133685,0.032344941136845606
2014-05-02,0.6367063475731883,0.008881049259819807
2014-05-05,0.6365342136484144,-0.00017213392477388734
2014-05-06,0.6376079752005137,0.0010737615520992616
2014-05-07,0.5998342109456041,-0.037773764254909636
2014-05-08,0.6355644654296903,0.03573025448408618
2014-05-09,0.3538483500173889,-0.28171611541230135
2014-05-12,0.2900412860513581,-0.06380706396603081
2014-05-13,0.47723785228428395,0.18719656623292585
2014-05-14,0.6756675310050435,0.19842967872075956
2014-05-15,0.6740055036990366,-0.0016620273060069524
2014-05-16,0.274725926861109,-0.39927957683792753
2014-05-19,0.6408231517091517,0.3660972248480427
2014-05-20,0.6772161188751404,0.03639296716598872
2014-05-21,0.6776065075377307,0.0003903886625902242
2014-05-22,0.6835869911391912,0.005980483601460529
2014-05-23,0.7114026677019905,0.027815676562799263
2014-05-26,0.3423363627246558,-0.36906630497733467
2014-05-27,0.596665636271546,0.2543292735468902
2014-05-28,0.6830870362210179,0.08642139994947184
2014-05-29,0.6330860697658474,-0.05000096645517049
2014-05-30,0.537850167043395,-0.0952359027224523
2014-06-02,0.7243647499049705,0.1865145828615754
2014-06-03,0.7346029197183034,0.01023816981333292
2014-06-04,0.6819507850496083,-0.052652134668695116
2014-06-05,0.7640315653076349,0.08208078025802668
2014-06-06,0.7709069701271954,0.006875404819560504
2014-06-09,0.6861394715505713,-0.08476749857662413
2014-06-10,0.6758095828407802,-0.010329888709791124
2014-06-11,0.6583829701698227,-0.017426612670957464
2014-06-12,0.6823209175590064,0.023937947389183645
2014-06-13,0.6340115215299899,-0.048309396029016516
2014-06-16,0.6814378360335532,0.04742631450356338
2014-06-17,0.7676617453189348,0.0862239092853816
2014-06-18,0.6296200631040018,-0.13804168221493307
2014-06-19,0.677279977752851,0.04765991464884922
2014-06-20,0.6687738977070955,-0.008506080045755482
2014-06-23,0.6847179777091671,0.015944080002071592
2014-06-24,0.7755523276792999,0.09083434997013284
2014-06-25,0.6836736412543636,-0.09187868642493635
2014-06-26,0.5945379213148575,-0.08913571993950609
2014-06-27,0.6367992900384839,0.0422613687236264
2014-06-30,0.7753269540256584,0.13852766398717453
2014-07-01,0.6906408710873397,-0.0846860829383187
2014-07-02,0.7734751608602455,0.08283428977290574
2014-07-03,0.6811839744629021,-0.09229118639734335
2014-07-04,0.68218440613181,0.0010004316689078419
2014-07-07,0.677376064925079,-0.004808341206731015
2014-07-08,0.46007671854502424,-0.21729934638005471
2014-07-09,0.47676922030485136,0.016692501759827116
2014-07-10,0.464620976920872,-0.012148243383979351
2014-07-11,0.5328563666360251,0.06823538971515308
2014-07-14,0.6377972480576377,0.10494088142161262
2014-07-15,0.67535742948959,0.03756018143195228
2014-07-16,0.7738467818030361,0.09848935231344613
2014-07-17,0.7158370194083107,-0.05800976239472544
2014-07-18,0.687029917911818,-0.028807101496492682
2014-07-21,0.6894469126636168,0.0024169947517987955
2014-07-22,0.7746029832192574,0.08515607055564056
2014-07-23,0.6888081326966629,-0.0857948505225945
2014-07-24,0.7178806642231457,0.029072531526482814
2014-07-25,0.6692745364341197,-0.048606127789025955
2014-07-28,0.6427869695227835,-0.026487566911336247
2014-07-30,0.7294806571006169,0.08669368757783347
2014-07-31,0.6426760279525459,-0.08680462914807108
2014-08-01,0.579058150338974,-0.06361787761357185
2014-08-04,0.7724295596481773,0.19337140930920327
2014-08-05,0.6865997374780398,-0.08582982217013746
2014-08-06,0.6445102350596162,-0.042089502418423574
2014-08-07,0.6303999852893265,-0.01411024977028974
2014-08-08,0.4995125311673673,-0.13088745412195918
2014-08-11,0.6450819955171206,0.14556946434975332
2014-08-12,0.7495594442696923,0.1044774487525717
2014-08-13,0.6882167473257079,-0.06134269694398442
2014-08-14,0.7649083443315524,0.07669159700584449
2014-08-18,0.7744889048747029,0.009580560543150485
2014-08-19,0.6861336797410469,-0.08835522513365601
2014-08-20,0.6465355239908496,-0.03959815575019732
2014-08-21,0.6847835199944943,0.0382479960036447
2014-08-22,0.6883391083906212,0.0035555883961269075
2014-08-25,0.6808687453404706,-0.007470363050150586
2014-08-26,0.6834204003655298,0.002551655025059163
2014-08-27,0.6914291900412819,0.008008789675752137
2014-08-28,0.6870717755677644,-0.004357414473517451
2014-09-01,0.7740012551002787,0.08692947953251429
2014-09-02,0.7739960860109744,-5.169089304368768e-06
2014-09-03,0.6886877941496705,-0.08530829186130384
2014-09-04,0.6794786446046428,-0.009209149545027717
2014-09-05,0.6802128400362351,0.000734195431592255
2014-09-08,0.7735897883907099,0.09337694835447485
2014-09-09,0.6796175171290879,-0.093972271261622
2014-09-10,0.6401664330330366,-0.03945108409605136
2014-09-11,0.6806987781481618,0.04053234511512527
2014-09-12,0.6879865115551951,0.007287733407033259
2014-09-15,0.6659356958883493,-0.022050815666845747
2014-09-16,0.5961886969900112,-0.06974699889833813
2014-09-17,0.6410410602775872,0.044852363287576025
2014-09-18,0.6662999923582718,0.025258932080684526
2014-09-19,0.6858029634236946,0.01950297106542287
2014-09-22,0.7520590199963683,0.06625605657267364
2014-09-23,0.5939561603355837,-0.15810285966078452
2014-09-24,0.632581830608361,0.0386256702727773
2014-09-25,0.5858849700050903,-0.04669686060327072
2014-09-26,0.5519207966749732,-0.03396417333011714
2014-09-29,0.6369480695682025,0.08502727289322931
2014-09-30,0.6365400172891574,-0.0004080522790450569
2014-10-01,0.6351627459583548,-0.0013772713308026763
2014-10-07,0.4768886930799057,-0.15827405287844903
2014-10-08,0.5033361569225944,0.026447463842688645
2014-10-09,0.7147630672157694,0.21142691029317506
2014-10-10,0.472553425606747,-0.24220964160902242
2014-10-13,0.5176274223500515,0.045073996743304534
2014-10-14,0.46949515284316107,-0.04813226950689048
2014-10-16,0.4673103246825724,-0.002184828160588681
2014-10-17,0.5221750596014989,0.05486473491892652
2014-10-20,0.5074120622671872,-0.014762997334311745
2014-10-21,0.5047457410965618,-0.002666321170625374
2014-10-22,0.6104052887383276,0.10565954764176577
2014-10-27,0.5729298960963316,-0.03747539264199595
2014-10-28,0.6223367829838379,0.049406886887506274
2014-10-29,0.6091252666849699,-0.013211516298867965
2014-10-30,0.6813494156767419,0.07222414899177199
2014-10-31,0.6799168421610913,-0.0014325735156506259
2014-11-03,0.5986394403680554,-0.08127740179303589
2014-11-05,0.6026173244721622,0.003977884104106821
2014-11-07,0.5990901009717119,-0.003527223500450316
2014-11-10,0.6813427157039467,0.08225261473223477
2014-11-11,0.6858990045177199,0.004556288813773235
2014-11-12,0.6851911267868919,-0.0007078777308280326
2014-11-13,0.644965592374647,-0.04022553441224486
2014-11-14,0.7014822946651039,0.05651670229045691
2014-11-17,0.7701242490891623,0.0686419544240584
2014-11-18,0.6821503289772405,-0.08797392011192184
2014-11-19,0.6405188634075394,-0.0416314655697011
2014-11-20,0.6878885983304331,0.04736973492289376
2014-11-21,0.7749499587724825,0.08706136044204937
2014-11-24,0.7720245277654346,-0.002925431007047896
2014-11-25,0.6402960877822144,-0.13172843998322026
2014-11-26,0.686055025024971,0.04575893724275659
2014-11-27,0.686781735577105,0.0007267105521340245
2014-11-28,0.7734348846328557,0.08665314905575072
2014-12-01,0.6403861087919326,-0.13304877584092312
2014-12-02,0.6790913469805839,0.03870523818865135
2014-12-03,0.687521773716403,0.008430426735819063
2014-12-04,0.6822762510267321,-0.005245522689670934
2014-12-05,0.6433542996885293,-0.038921951338202754
2014-12-08,0.595002487794561,-0.04835181189396831
2014-12-09,0.5998073609449696,0.004804873150408562
2014-12-10,0.6508418752252967,0.051034514280327126
2014-12-11,0.6017649258316075,-0.04907694939368923
2014-12-12,0.601979705361695,0.0002147795300875277
2014-12-15,0.4808500674513525,-0.12112963791034248
2014-12-16,0.47809878750433743,-0.002751279947015073
2014-12-17,0.50550107706448,0.027402289560142568
2014-12-18,0.5055732409361267,7.216387164665772e-05
2014-12-19,0.508928911681739,0.0033556707456123824
2014-12-22,0.7149411278035652,0.20601221612182619
2014-12-23,0.5965072023399655,-0.11843392546359977
2014-12-24,0.4714872168126288,-0.12501998552733667
2014-12-26,0.5023379676801079,0.03085075086747907
2014-12-29,0.5167904948820373,0.014452527201929466
2014-12-30,0.5005761359088878,-0.01621435897314949
2014-12-31,0.5526615849543122,0.05208544904542434
2015-01-02,0.6827324488446119,0.13007086389029976
2015-01-05,0.6006379328483239,-0.08209451599628803
2015-01-06,0.4368900361336616,-0.16374789671466228
2015-01-07,0.42064064196093603,-0.016249394172725584
2015-01-08,0.5212780410835143,0.10063739912257824
2015-01-09,0.46962581587227814,-0.051652225211236136
2015-01-12,0.4703270177609745,0.0007012018886963789
2015-01-13,0.4451667588650628,-0.025160258895911725
2015-01-14,0.4657888901530214,0.02062213128795859
2015-01-15,0.3186969782043602,-0.14709191194866117
2015-01-16,0.59908016900433,0.2803831907999698
2015-01-19,0.6078536605845111,0.008773491580181036
2015-01-20,0.6799719939862567,0.07211833340174567
2015-01-21,0.6058802317656605,-0.07409176222059621
2015-01-22,0.6030034987201113,-0.0028767330455492512
2015-01-23,0.6892540115716101,0.08625051285149887
2015-01-27,0.6948171953302077,0.005563183758597545
2015-01-28,0.6790792997927799,-0.01573789553742777
2015-01-29,0.6744004392013605,-0.00467886059141942
2015-01-30,0.4765341823079857,-0.19786625689337478
2015-02-02,0.6809880614696596,0.2044538791616739
2015-02-03,0.6418203625380944,-0.03916769893156524
2015-02-04,0.6427563989351123,0.000936036397017892
2015-02-05,0.6779740106034732,0.035217611668360904
2015-02-06,0.6676168852583287,-0.010357125345144436
2015-02-09,0.5110718329996755,-0.15654505225865323
2015-02-10,0.48374788728149243,-0.027323945718183085
2015-02-11,0.639246216979889,0.1554983296983966
2015-02-12,0.6324494767143356,-0.006796740265553436
2015-02-13,0.7754328553273672,0.14298337861303156
2015-02-16,0.6855735102486861,-0.0898593450786811
2015-02-18,0.7749166626248264,0.08934315237614032
2015-02-19,0.6831699530712319,-0.09174670955359454
2015-02-20,0.6424449422619984,-0.04072501080923341
2015-02-23,0.5940568734437436,-0.04838806881825486
2015-02-24,0.6337223322182622,0.03966545877451866
2015-02-25,0.685910018046298,0.05218768582803579
2015-02-26,0.5964206148725815,-0.08948940317371656
2015-02-27,0.7738152753930214,0.17739466052043995
2015-03-02,0.6917301267250545,-0.0820851486679669
2015-03-03,0.6803675624863409,-0.011362564238713624
2015-03-04,0.3931719013864915,-0.2871956610998494
2015-03-05,0.6768612676841584,0.28368936629766695
2015-03-09,0.5882065338277772,-0.08865473385638123
2015-03-10,0.5959706164296589,0.007764082601881661
2015-03-11,0.6333093407405059,0.03733872431084706
2015-03-12,0.657365022777577,0.02405568203707109
2015-03-13,0.48719701838848206,-0.17016800438909496
2015-03-16,0.5030895433047432,0.01589252491626114
2015-03-17,0.6395226249805069,0.13643308167576373
2015-03-18,0.5980780752899413,-0.04144454969056566
2015-03-19,0.4695248826538145,-0.1285531926361268
2015-03-20,0.47384070781678467,0.004315825162970188
2015-03-23,0.48198361229651226,0.008142904479727597
2015-03-24,0.5019300662825665,0.01994645398605427
2015-03-25,0.4820165959303055,-0.019913470352261042
2015-03-26,0.4037070917647273,-0.07830950416557819
2015-03-27,0.4213048975837337,0.017597805819006385
2015-03-30,0.46541956357920305,0.04411466599546937
2015-03-31,0.4201089202272871,-0.04531064335191598
2015-04-01,0.467206805847175,0.047097885619887925
2015-04-06,0.5007857735721915,0.03357896772501645
2015-04-07,0.46937275018985625,-0.0314130233823352
2015-04-08,0.47464092144962705,0.005268171259770804
2015-04-09,0.6045337427705086,0.1298928213208816
2015-04-10,0.6037341914219737,-0.0007995513485349326
2015-04-13,0.6075909207801719,0.003856729358198141
2015-04-16,0.42857331597172593,-0.17901760480844592
2015-04-17,0.3839409952383316,-0.04463232073339435
2015-04-20,0.3928126693636912,0.008871674125359608
2015-04-21,0.4103416946227294,0.01752902525903821
2015-04-22,0.4059298057384391,-0.004411888884290283
2015-04-23,0.39172237831142265,-0.014207427427016472
2015-04-24,0.3978300633846167,0.006107685073194036
2015-04-27,0.39931739073041544,0.0014873273457987612
2015-04-28,0.46654538923421046,0.06722799850379502
2015-04-29,0.418042111474629,-0.048503277759581465
2015-04-30,0.4027288902023131,-0.01531322127231588
2015-05-04,0.4678841454160551,0.06515525521374199
2015-05-05,0.41925992500477355,-0.04862422041128156
2015-05-06,0.47671420668689246,0.05745428168211891
2015-05-07,0.42030967873230635,-0.056404527954586114
2015-05-08,0.43060555368299436,0.010295874950688011
2015-05-11,0.41451258054404916,-0.0160929731389452
2015-05-12,0.43662482573033795,0.022112245186288793
2015-05-13,0.3981314000125955,-0.03849342571774245
2015-05-14,0.4168690215687914,0.018737621556195905
2015-05-15,0.4213505371372611,0.004481515568469707
2015-05-18,0.5282634284251194,0.1069128912878583
2015-05-19,0.46792158625186386,-0.060341842173255555
2015-05-20,0.5052987341971545,0.03737714794529068
2015-05-21,0.4672191878356082,-0.03807954636154637
2015-05-22,0.46952333579750133,0.002304147961893155
2015-05-25,0.4398956400406883,-0.02962769575681301
2015-05-26,0.44559428064006595,0.005698640599377636
2015-05-27,0.4683040428221047,0.02270976218203874
2015-05-28,0.4695058035444522,0.0012017607223475113
2015-05-29,0.5273354042324037,0.057829600687951455
2015-06-01,0.6018833011637815,0.07454789693137787
2015-06-02,0.40367283022584377,-0.19821047093793775
2015-06-03,0.3957522959718554,-0.007920534253988365
2015-06-04,0.42242033897523074,0.02666804300337533
2015-06-05,0.4215412987943987,-0.0008790401808320136
2015-06-08,0.3994967609553464,-0.022044537839052303
2015-06-09,0.4220311594925904,0.022534398537243983
2015-06-10,0.4451848822528812,0.023153722760290818
2015-06-11,0.4877971139824596,0.0426122317295784
2015-06-12,0.424464883471596,-0.06333223051086362
2015-06-15,0.42221940865374374,-0.0022454748178522554
2015-06-16,0.42217746976621423,-4.193888752951347e-05
2015-06-17,0.421511222093914,-0.0006662476723002242
2015-06-18,0.4675037566945363,0.045992534600622303
2015-06-19,0.47804579742613057,0.01054204073159426
2015-06-22,0.6822470239460556,0.20420122651992506
2015-06-23,0.6065966646807781,-0.07565035926527752
2015-06-24,0.5908159663468446,-0.015780698333933474
2015-06-25,0.679157774104122,0.0883418077572774
2015-06-26,0.6001654629179792,-0.0789923111861428
2015-06-29,0.5644558084343693,-0.035709654483609965
2015-06-30,0.6815761980655916,0.11712038963122229
2015-07-01,0.6822168917229969,0.0006406936574053779
2015-07-02,0.6014568686384586,-0.08076002308453833
2015-07-03,0.6305230573554864,0.02906618871702782
2015-07-06,0.36750656420965966,-0.26301649314582676
2015-07-07,0.6788008121841311,0.31129424797447147
2015-07-08,0.6258906926024663,-0.052910119581664805
2015-07-09,0.6694364893353923,0.04354579673292602
2015-07-10,0.6934297969777139,0.02399330764232155
2015-07-13,0.7715786057390926,0.07814880876137875
2015-07-14,0.6854621591808934,-0.08611644655819928
2015-07-15,0.7749351586841217,0.08947299950322829
2015-07-16,0.774569360582372,-0.000365798101749637
2015-07-17,0.6829486045552041,-0.0916207560271679
2015-07-20,0.6796578377395542,-0.0032907668156498815
2015-07-21,0.6411051372577051,-0.03855270048184911
2015-07-22,0.7730023597421922,0.1318972224844871
2015-07-23,0.6409816560946373,-0.13202070364755492
2015-07-24,0.6424937100381504,0.0015120539435130587
2015-07-27,0.5871459897692323,-0.0553477202689181
2015-07-28,0.4962139651210107,-0.09093202464822159
2015-07-29,0.6448660910307632,0.14865212590975252
2015-07-30,0.6442192570097547,-0.0006468340210085133
2015-07-31,0.7759395690034419,0.13172031199368717
2015-08-03,0.6984487034252082,-0.0774908655782337
2015-08-04,0.6767696767880371,-0.02167902663717103
2015-08-05,0.696524057074068,0.019754380286030826
2015-08-06,0.6901842993345668,-0.006339757739501128
2015-08-07,0.6833431511426467,-0.0068411481919201655
2015-08-10,0.658674841495463,-0.024668309647183695
2015-08-11,0.5966423530621141,-0.062032488433348854
2015-08-12,0.4737155250388778,-0.12292682802323629
2015-08-13,0.5030703722028134,0.02935484716393555
2015-08-14,0.7746131441676893,0.271542771964876
2015-08-17,0.5967709733617648,-0.17784217080592457
2015-08-18,0.628081697406161,0.031310724044396276
2015-08-19,0.6878765394527506,0.05979484204658958
2015-08-20,0.4697033917067822,-0.2181731477459684
2015-08-21,0.4876284418983665,0.017925050191584302
2015-08-24,0.5859097920794062,0.09828135018103967
2015-08-25,0.5444204304008868,-0.041489361678519354
2015-08-26,0.5472585405491177,0.002838110148230877
2015-08-27,0.4652696744504333,-0.08198886609868439
2015-08-28,0.42015512820310397,-0.04511454624732936
2015-08-31,0.4073529160644645,-0.012802212138639468
2015-09-01,0.47681763212879075,0.06946471606432625
2015-09-02,0.4818598102548657,0.0050421781260749365
2015-09-03,0.44395411441746513,-0.037905695837400555
2015-09-04,0.46791714480388746,0.023963030386422335
2015-09-07,0.47686096626987456,0.0089438214659871
2015-09-08,0.4455978381253266,-0.03126312814454796
2015-09-09,0.40323267213756103,-0.042365165987765574
2015-09-10,0.3988493135844736,-0.004383358553087413
2015-09-11,0.41146188251814214,0.012612568933668522
2015-09-14,0.45725045048420515,0.04578856796606301
2015-09-15,0.40665655226306713,-0.05059389822113802
2015-09-16,0.4785180155207094,0.07186146325764226
2015-09-18,0.46813194502272065,-0.01038607049798873
2015-09-21,0.41392760059960776,-0.054204344423112893
2015-09-22,0.3842083711208337,-0.029719229478774034
2015-09-23,0.38770186468832435,0.0034934935674906242
2015-09-24,0.4643824158020044,0.07668055111368005
2015-09-28,0.3787547979819272,-0.08562761782007722
2015-09-29,0.38121035320946883,0.0024555552275416503
2015-09-30,0.4558608274323974,0.07465047422292859
2015-10-01,0.46429176283143403,0.00843093539903661
2015-10-05,0.52327611757446,0.05898435474302599
2015-10-06,0.6026069772302998,0.07933085965583975
2015-10-07,0.6133100987065113,0.010703121476211552
2015-10-08,0.5634522379581606,-0.049857860748350746
2015-10-09,0.6033866125077403,0.03993437454957971
2015-10-12,0.5636096508637789,-0.039776961643961384
2015-10-13,0.6007457412151861,0.03713609035140719
2015-10-14,0.6022189713714754,0.0014732301562893069
2015-10-15,0.682327477862202,0.08010850649072665
2015-10-16,0.628067387935589,-0.05426008992661302
2015-10-19,0.608182730868998,-0.01988465706659104
2015-10-20,0.6813314072725868,0.0731486764035888
2015-10-21,0.6815086023981417,0.00017719512555491868
2015-10-23,0.6889211790616138,0.007412576663472059
2015-10-26,0.6402879000903735,-0.04863327897124026
2015-10-27,0.6848096370826345,0.04452173699226103
2015-10-28,0.6818283389078593,-0.0029812981747752154
2015-10-29,0.5964494286179258,-0.0853789102899335
2015-10-30,0.5987061320795246,0.0022567034615987858
2015-11-02,0.6362386643313582,0.03753253225183362
2015-11-03,0.6386301235044438,0.002391459173085586
2015-11-04,0.6008172015122691,-0.037812921992174675
2015-11-05,0.47521330925749805,-0.1256038922547711
2015-11-06,0.5028476127906895,0.027634303533191407
2015-11-09,0.4680051613511498,-0.03484245143953968
2015-11-10,0.47843841118998787,0.010433249838838088
2015-11-13,0.5066684190707856,0.02823000788079777
2015-11-16,0.5524293463870943,0.04576092731630865
2015-11-17,0.5054593489075767,-0.04696999747951758
2015-11-18,0.4750301463443468,-0.030429202563229896
2015-11-19,0.5602439286380267,0.08521378229367993
2015-11-20,0.5018386812316582,-0.05840524740636854
2015-11-23,0.4198346021010793,-0.08200407913057889
2015-11-24,0.4189557418064772,-0.0008788602946021018
2015-11-26,0.4676388064479459,0.04868306464146871
2015-11-27,0.4797337329846949,0.012094926536748984
2015-11-30,0.47132260261544484,-0.008411130369250064
2015-12-01,0.47205220743469245,0.000729604819247609
2015-12-02,0.44317466526783095,-0.028877542166861503
2015-12-03,0.3937978772902544,-0.04937678797757655
2015-12-04,0.39665494931555334,0.0028570720252989457
2015-12-07,0.398950073475979,0.0022951241604256545
2015-12-08,0.40933703112192,0.010386957645940997
2015-12-09,0.4029251678432681,-0.006411863278651897
2015-12-10,0.45211248507403085,0.04918731723076275
2015-12-11,0.399824419276263,-0.052288065797767846
2015-12-14,0.46671980764426985,0.06689538836800685
2015-12-15,0.45703466407539867,-0.00968514356887118
2015-12-16,0.4260918741193158,-0.03094278995608285
2015-12-17,0.5262624389517144,0.10017056483239861
2015-12-18,0.39322799287266236,-0.13303444607905207
2015-12-21,0.5286635981711434,0.13543560529848103
2015-12-22,0.3926807297038478,-0.13598286846729557
2015-12-23,0.527888243357853,0.13520751365400518
2015-12-24,0.46944517070734104,-0.05844307265051196
2015-12-28,0.5278312951860467,0.058386124478705614
2015-12-29,0.6038850911695287,0.07605379598348205
2015-12-30,0.4402821554290405,-0.16360293574048823
2015-12-31,0.6809974656769018,0.2407153102478613
2016-01-04,0.4419489505443143,-0.23904851513258746
2016-01-05,0.39864540179485936,-0.04330354874945497
2016-01-06,0.3935960507813542,-0.005049351013505177
2016-01-07,0.40128507834927496,0.007689027567920781
2016-01-08,0.42613667817032747,0.024851599821052506
2016-01-11,0.4202664694820899,-0.005870208688237566
2016-01-12,0.3995191654660824,-0.020747304016007495
2016-01-13,0.46044755282024097,0.060928387354158564
2016-01-14,0.46479010697854056,0.004342554158299594
2016-01-15,0.481512436332384,0.016722329353843435
2016-01-18,0.5180962765293454,0.036583840196961426
2016-01-19,0.4530965429486634,-0.064999733580682
2016-01-20,0.4887659764276634,0.03566943347899998
2016-01-21,0.4829543296655652,-0.0058116467620982215
2016-01-22,0.42108541637955255,-0.06186891328601263
2016-01-25,0.4232268180330743,0.0021414016535217795
2016-01-27,0.4205329769873342,-0.0026938410457401085
2016-01-28,0.418585378341817,-0.00194759864551719
2016-01-29,0.5092278045028039,0.09064242616098689
2016-02-01,0.46181317178189657,-0.047414632720907346
2016-02-02,0.3927129805819577,-0.06910019119993888
2016-02-03,0.4122990755542723,0.019586094972314616
2016-02-04,0.4207555413148004,0.008456465760528109
2016-02-05,0.5285881774062938,0.1078326360914934
2016-02-08,0.39392616979366785,-0.13466200761262598
2016-02-09,0.41899291291250534,0.025066743118837498
2016-02-10,0.4028355074370269,-0.016157405475478448
2016-02-11,0.546483435890416,0.14364792845338914
2016-02-12,0.5458266383217327,-0.0006567975686833094
2016-02-15,0.4410152774214284,-0.10481136090030435
2016-02-16,0.47271635545536583,0.03170107803393746
2016-02-17,0.44244658347656995,-0.03026977197879588
2016-02-18,0.4121792367873918,-0.030267346689178132
2016-02-19,0.42957893181930684,0.01739969503191502
2016-02-22,0.42316515325015686,-0.006413778569149986
2016-02-23,0.39450405333629,-0.02866109991386684
2016-02-24,0.39716117876284396,0.0026571254265539412
2016-02-25,0.39773216020206176,0.0005709814392177992
2016-02-26,0.420878646667608,0.023146486465546234
2016-02-29,0.44504877225240513,0.024170125584797142
2016-03-01,0.3694077200282497,-0.07564105222415546
2016-03-02,0.33728370564390214,-0.03212401438434753
2016-03-03,0.6013389997836078,0.2640552941397057
2016-03-04,0.6015936046947693,0.0002546049111614712
2016-03-08,0.5994752649929065,-0.0021183397018628147
2016-03-09,0.6746550130989012,0.0751797481059947
2016-03-10,0.5631468553045414,-0.11150815779435974
2016-03-11,0.6030215912223761,0.039874735917834636
2016-03-14,0.6039229472414207,0.000901356019044619
2016-03-15,0.5654526673407642,-0.038470279900656545
2016-03-16,0.6063396231208663,0.04088695578010215
2016-03-17,0.602460232112881,-0.003879391007985289
2016-03-18,0.6823048317941242,0.07984459968124313
2016-03-21,0.7748488537027383,0.0925440219086141
2016-03-22,0.6824551900863445,-0.09239366361639378
2016-03-23,0.6813426755213725,-0.001112514564971967
2016-03-28,0.6343606256927246,-0.046982049828647954
2016-03-29,0.6816936676264826,0.04733304193375809
2016-03-30,0.7736272682427379,0.09193360061625522
2016-03-31,0.6823582386884623,-0.09126902955427552
2016-04-01,0.6790100089736094,-0.003348229714852935
2016-04-04,0.6905064521389562,0.011496443165346815
2016-04-05,0.6199811632777208,-0.07052528886123544
2016-04-06,0.6883005566516869,0.06831939337396609
2016-04-07,0.5958230961255087,-0.09247746052617822
2016-04-08,0.6343227552506261,0.038499659125117436
2016-04-11,0.5277583209936021,-0.106564434257024
2016-04-12,0.7593795746697649,0.23162125367616282
2016-04-13,0.7703669452751911,0.010987370605426205
2016-04-18,0.688099716232041,-0.08226722904315009
2016-04-20,0.6782538004542714,-0.00984591577776961
2016-04-21,0.6740908935224156,-0.0041629069318558365
2016-04-22,0.6797953733637611,0.005704479841345478
2016-04-25,0.6555030559347603,-0.02429231742900073
2016-04-26,0.7610323173428535,0.10552926140809316
2016-04-27,0.7280428404627513,-0.03298947688010223
2016-04-28,0.6397255436492877,-0.08831729681346356
2016-04-29,0.6841763665660952,0.044450822916807464
2016-05-02,0.6822221380866852,-0.0019542284794099585
2016-05-03,0.5659794564712728,-0.1162426816154124
2016-05-04,0.6318388224318001,0.06585936596052733
2016-05-05,0.638436397742934,0.006597575311133919
2016-05-06,0.6347019369761147,-0.0037344607668193808
2016-05-09,0.7733307916558979,0.13862885467978325
2016-05-10,0.6888251614764039,-0.08450563017949397
2016-05-11,0.6719994733609118,-0.01682568811549212
2016-05-12,0.6973414590672774,0.02534198570636559
2016-05-13,0.5953029292507768,-0.10203852981650063
2016-05-16,0.6883493292986786,0.09304640004790188
2016-05-17,0.6915421268439524,0.0031927975452737956
2016-05-18,0.6828631387522014,-0.00867898809175105
2016-05-19,0.5969640315769744,-0.08589910717522697
2016-05-20,0.5999492612856017,0.002985229708627246
2016-05-23,0.5955330195647948,-0.004416241720806902
2016-05-24,0.6403331945118571,0.04480017494706234
2016-05-25,0.7636231356201352,0.12328994110827807
2016-05-26,0.7715166015610427,0.007893465940907562
2016-05-27,0.7742622328702128,0.002745631309170049
2016-05-30,0.6835750807228445,-0.09068715214736833
2016-05-31,0.6425699939118398,-0.041005086811004676
2016-06-01,0.6868273380588713,0.04425734414703153
2016-06-02,0.772764651065909,0.08593731300703766
2016-06-03,0.6836102020768046,-0.0891544489891044
2016-06-06,0.6750776966038974,-0.008532505472907181
2016-06-07,0.6970980691996815,0.022020372595784155
2016-06-08,0.6826997110264501,-0.01439835817323143
2016-06-09,0.6405208468943442,-0.04217886413210592
2016-06-10,0.6806382499734838,0.04011740307913958
2016-06-13,0.682129897881408,0.0014916479079242206
2016-06-14,0.6860302495217884,0.003900351640380384
2016-06-15,0.7755071166230929,0.08947686710130454
2016-06-16,0.676653120621581,-0.0988539960015119
2016-06-17,0.6916039790943458,0.014950858472764783
2016-06-20,0.7455151269911267,0.053911147896780864
2016-06-21,0.6646143764965307,-0.080900750494596
2016-06-22,0.6823555429745733,0.01774116647804269
2016-06-23,0.7202179276404713,0.037862384665897975
2016-06-24,0.5509223633788429,-0.1692955642616284
2016-06-27,0.6248865670681539,0.073964203689311
2016-06-28,0.6578209293091913,0.03293436224103741
2016-06-29,0.7382571539882408,0.08043622467904943
2016-06-30,0.7027811741530331,-0.03547597983520767
2016-07-01,0.689633212103498,-0.013147962049535056
2016-07-04,0.6867380971954334,-0.0028951149080646
2016-07-05,0.6415665095261118,-0.04517158766932161
2016-07-07,0.6845259402563022,0.04295943073019037
2016-07-08,0.6805603655154224,-0.003965574740879774
2016-07-11,0.7647531940527416,0.08419282853731913
2016-07-12,0.6879419134043003,-0.07681128064844123
2016-07-13,0.6805995623947572,-0.007342351009543169
2016-07-14,0.7718164553982073,0.09121689300345015
2016-07-15,0.6789161535001003,-0.09290030189810705
2016-07-18,0.6400776995710723,-0.03883845392902796
2016-07-19,0.6857730155089597,0.04569531593788745
2016-07-20,0.7672026155266285,0.08142960001766875
2016-07-21,0.6408136358002835,-0.126388979726345
2016-07-22,0.6894883857039928,0.04867474990370935
2016-07-25,0.7700682294657514,0.08057984376175853
2016-07-26,0.64274397572382,-0.12732425374193135
2016-07-27,0.6837439837976661,0.04100000807384607
2016-07-28,0.7115427758577471,0.027798792060080957
2016-07-29,0.6596251782543322,-0.051917597603414856
2016-08-01,0.6818551423387905,0.02222996408445832
2016-08-02,0.680903901239975,-0.0009512410988155029
2016-08-03,0.64431106910269,-0.036592832137285036
2016-08-04,0.6342675963862426,-0.010043472716447344
2016-08-05,0.7740391180181349,0.13977152163189221
2016-08-08,0.6853229771678012,-0.08871614085033364
2016-08-09,0.6421278425837625,-0.043195134584038675
2016-08-10,0.593810883948128,-0.048316958635634566
2016-08-11,0.6362128116948947,0.042401927746766765
2016-08-16,0.6919514350460364,0.05573862335114166
2016-08-17,0.6844350723309428,-0.007516362715093594
2016-08-18,0.7004396657170959,0.01600459338615312
2016-08-19,0.682380316566845,-0.01805934915025098
2016-08-22,0.6626081579495926,-0.019772158617252344
2016-08-23,0.6879451636815591,0.02533700573196651
2016-08-24,0.6887729907130233,0.0008278270314642233
2016-08-25,0.5970453415270908,-0.09172764918593257
2016-08-26,0.6114867906828853,0.014441449155794484
2016-08-29,0.6381176707928983,0.026630880110013022
2016-08-30,0.7735923219294795,0.1354746511365812
2016-08-31,0.7008091320784516,-0.07278318985102783
2016-09-01,0.6807548122297006,-0.020054319848751057
2016-09-02,0.6874304024405515,0.006675590210850957
2016-09-06,0.7730706481505129,0.08564024570996132
2016-09-07,0.6396415943191637,-0.13342905383134918
2016-09-08,0.7085642708269512,0.0689226765077875
2016-09-09,0.6371845067923821,-0.07137976403456903
2016-09-12,0.5858182647143794,-0.05136624207800278
2016-09-14,0.6903299507670025,0.10451168605262318
2016-09-15,0.69303135123022,0.0027014004632174293
2016-09-16,0.6884404702004027,-0.004590881029817306
2016-09-19,0.6896229722815751,0.0011825020811724318
2016-09-20,0.6499769046290029,-0.03964606765257217
2016-09-21,0.6867990769620318,0.03682217233302887
2016-09-22,0.6930977564320321,0.00629867947000029
2016-09-23,0.6440549905347975,-0.04904276589723455
2016-09-26,0.5962840448663201,-0.047770945668477394
2016-09-27,0.6129268630924078,0.016642818226087708
2016-09-28,0.6401166120797869,0.027189748987379025
2016-09-29,0.50680850808811,-0.13330810399167692
2016-09-30,0.5049195717292682,-0.0018889363588417973
2016-10-03,0.713950068833812,0.2090304971045438
2016-10-04,0.6386046944536581,-0.07534537438015387
2016-10-05,0.5963187256529888,-0.04228596880066926
2016-10-06,0.5967087560324249,0.0003900303794360793
2016-10-07,0.49889726016105873,-0.09781149587136617
2016-10-10,0.6380647317926735,0.1391674716316148
2016-10-13,0.4745438659607641,-0.16352086583190945
2016-10-14,0.5043144081547021,0.029770542193937988
2016-10-17,0.47535675614807515,-0.02895765200662692
2016-10-18,0.558427762729689,0.08307100658161382
2016-10-19,0.4074782967952845,-0.15094946593440445
2016-10-20,0.4772150689341849,0.0697367721389004
2016-10-21,0.47122447952018653,-0.005990589413998382
2016-10-24,0.4731025226332292,0.0018780431130426822
2016-10-25,0.4655084077701741,-0.0075941148630551125
2016-10-26,0.39512571832066673,-0.07038268944950737
2016-10-27,0.4193906994246127,0.02426498110394598
2016-10-28,0.4203393266362917,0.0009486272116789873
2016-11-01,0.41771777806262483,-0.0026215485736668653
2016-11-02,0.4168704145213882,-0.0008473635412366565
2016-11-03,0.42210688191334994,0.005236467391961763
2016-11-04,0.39997683397358563,-0.022130047939764308
2016-11-07,0.46806650321323123,0.0680896692396456
2016-11-08,0.420635334440849,-0.04743116877238224
2016-11-09,0.4776693519262637,0.0570340174854147
2016-11-10,0.3945067990677893,-0.0831625528584744
2016-11-11,0.4940350176923072,0.09952821862451788
2016-11-15,0.54623132530822,0.052196307615912874
2016-11-16,0.5315704966750925,-0.014660828633127565
2016-11-17,0.42692279083779944,-0.10464770583729305
2016-11-18,0.42361022154437544,-0.0033125692934239948
2016-11-21,0.5449669247080744,0.12135670316369895
2016-11-22,0.4252595211677843,-0.11970740354029008
2016-11-23,0.42379944872020486,-0.0014600724475794524
2016-11-24,0.39870949963104096,-0.0250899490891639
2016-11-25,0.4669729416808305,0.06826344204978951
2016-11-28,0.44052687849352856,-0.026446063187301916
2016-11-29,0.42063518768084135,-0.019891690812687213
2016-11-30,0.4669308264266275,0.04629563874578613
2016-12-01,0.39357203794559226,-0.07335878848103522
2016-12-02,0.39461898413701385,0.0010469461914215938
2016-12-05,0.4331677935119758,0.03854880937496197
2016-12-06,0.41932247132727574,-0.013845322184700082
2016-12-07,0.3936969518013083,-0.025625519525967422
2016-12-08,0.5272840508437876,0.13358709904247928
2016-12-09,0.46884690847036703,-0.05843714237342057
2016-12-12,0.44057573052861204,-0.028271177941754988
2016-12-13,0.4721454870485009,0.03156975651988886
2016-12-14,0.4414957830232214,-0.0306497040252795
2016-12-15,0.4684951310561754,0.026999348032954007
2016-12-16,0.4530472236438731,-0.015447907412302286
2016-12-19,0.41543242335141706,-0.03761480029245606
2016-12-20,0.41609149359177605,0.0006590702403589943
2016-12-21,0.3986164303309461,-0.017475063260829926
2016-12-22,0.39966546752258697,0.0010490371916408447
2016-12-23,0.42370989969588596,0.02404443217329899
2016-12-26,0.40007464849658986,-0.023635251199296103
2016-12-27,0.46783763553325114,0.06776298703666128
2016-12-28,0.4204123637099423,-0.04742527182330886
2016-12-29,0.467535691632907,0.0471233279229647
2016-12-30,0.528570095731262,0.06103440409835503
2017-01-02,0.4684029091946241,-0.06016718653663794
2017-01-03,0.4697651130281355,0.0013622038335114328
2017-01-04,0.4698091797323288,4.4066704193268524e-05
2017-01-05,0.681978674596385,0.21216949486405617
2017-01-06,0.5845177203125673,-0.09746095428381762
2017-01-09,0.6010275781051353,0.016509857792567972
2017-01-10,0.6615653120478007,0.06053773394266537
2017-01-11,0.681614463916513,0.020049151868712367
2017-01-12,0.6032970772671293,-0.0783173866493837
2017-01-13,0.5755082236725706,-0.027788853594558738
2017-01-16,0.6851472489945223,0.10963902532195169
2017-01-17,0.6810077412038964,-0.004139507790625885
2017-01-18,0.6860828006764927,0.005075059472596344
2017-01-19,0.6849617443776526,-0.001121056298840184
2017-01-20,0.6421319121161879,-0.04282983226146464
2017-01-23,0.77432126839467,0.13218935627848205
2017-01-24,0.7751620004714557,0.0008407320767856996
2017-01-25,0.7735668969346201,-0.0015951035368355626
2017-01-27,0.6921874193612444,-0.08137947757337571
2017-01-30,0.6789728280539167,-0.013214591307327717
2017-01-31,0.6391981268428236,-0.039774701211093055
2017-02-01,0.7564564144362624,0.11725828759343881
2017-02-02,0.6830212405956938,-0.07343517384056863
2017-02-03,0.6848898650541078,0.0018686244584139589
2017-02-06,0.688725771762688,0.00383590670858025
2017-02-07,0.6601679025347125,-0.02855786922797554
2017-02-08,0.6810849404776407,0.020917037942928207
2017-02-09,0.6816348203153477,0.0005498798377070457
2017-02-10,0.685912657518913,0.004277837203565227
2017-02-13,0.6832503462191115,-0.002662311299801434
2017-02-14,0.6764059501871503,-0.006844396031961186
2017-02-15,0.6420729608497631,-0.034332989337387265
2017-02-16,0.7575647680243266,0.11549180717456353
2017-02-17,0.7741200865240265,0.016555318499699934
2017-02-20,0.7747688060775544,0.0006487195535278545
2017-02-21,0.6863681739931909,-0.08840063208436344
2017-02-22,0.6856600236919415,-0.0007081503012494883
2017-02-23,0.6815911436398014,-0.0040688800521400115
2017-02-27,0.6407152408451522,-0.040875902794649255
2017-02-28,0.681624358539041,0.04090911769388883
2017-03-01,0.7702300632954341,0.08860570475639307
2017-03-02,0.6404095797251004,-0.1298204835703337
2017-03-03,0.6844160018690062,0.04400642214390582
2017-03-06,0.7736885740443741,0.08927257217536788
2017-03-07,0.6770275849765813,-0.09666098906779275
2017-03-08,0.6807238688117699,0.0036962838351886074
2017-03-09,0.6864516166841677,0.005727747872397715
2017-03-10,0.6849633457731737,-0.0014882709109939052
2017-03-14,0.6703583654500544,-0.014604980323119299
2017-03-15,0.6808090586253233,0.01045069317526881
2017-03-16,0.7222444909940726,0.04143543236874936
2017-03-17,0.6830426550959748,-0.03920183589809778
2017-03-20,0.6440562625092675,-0.03898639258670733
2017-03-21,0.6811135225317956,0.03705726002252807
2017-03-22,0.683358808296078,0.002245285764282401
2017-03-23,0.7700019780268734,0.08664316973079544
2017-03-24,0.6873456693522739,-0.0826563086745995
2017-03-27,0.6432539084579141,-0.044091760894359844
2017-03-28,0.6972446867096938,0.05399077825177967
2017-03-29,0.6908821182503355,-0.006362568459358231
2017-03-30,0.7175822014895996,0.026700083239264094
2017-03-31,0.6850798611207517,-0.032502340368847915
2017-04-03,0.6914769115784077,0.006397050457656039
2017-04-05,0.68771950031193,-0.0037574112664777726
2017-04-06,0.6822695444048338,-0.005449955907096182
2017-04-07,0.6784232388148439,-0.0038463055899898846
2017-04-10,0.6547286857202148,-0.02369455309462909
2017-04-11,0.7734241712143791,0.11869548549416431
2017-04-12,0.6747150548536716,-0.09870911636070756
2017-04-13,0.5941508229544594,-0.08056423189921214
2017-04-17,0.6322095782837629,0.03805875532930347
2017-04-18,0.5993372689586407,-0.032872309325122195
2017-04-19,0.636697646389204,0.03736037743056331
2017-04-20,0.6530468424516634,0.016349196062459437
2017-04-21,0.6014143359559662,-0.05163250649569728
2017-04-24,0.7753138639899557,0.17389952803398956
2017-04-25,0.729146987534409,-0.046166876455546735
2017-04-26,0.6878438688882379,-0.04130311864617109
2017-04-27,0.6800974253327623,-0.007746443555475602
2017-04-28,0.6583659344611472,-0.021731490871615078
2017-05-02,0.683130374130244,0.024764439669096805
2017-05-03,0.6863706290947967,0.0032402549645527134
2017-05-04,0.6887932887132563,0.002422659618459555
2017-05-05,0.6420229709423837,-0.046770317770872594
2017-05-08,0.691701466400136,0.04967849545775227
2017-05-09,0.6871534327600443,-0.004548033640091709
2017-05-10,0.7744462964815322,0.08729286372148792
2017-05-11,0.6926319712519501,-0.0818143252295821
2017-05-12,0.6733691486684488,-0.019262822583501316
2017-05-15,0.6881079068986025,0.014738758230153692
2017-05-16,0.773483456813079,0.08537554991447649
2017-05-17,0.6859488755783558,-0.08753458123472313
2017-05-18,0.6808599568250912,-0.005088918753264671
2017-05-19,0.6827334417036821,0.0018734848785909586
2017-05-22,0.689431952350037,0.006698510646354849
2017-05-23,0.6445293614226247,-0.04490259092741222
2017-05-24,0.6005846505350457,-0.04394471088757901
2017-05-25,0.7742866218537076,0.17370197131866183
2017-05-26,0.7744797839591175,0.00019316210540998302
2017-05-29,0.6862142295018478,-0.08826555445726969
2017-05-30,0.7019117068223918,0.01569747732054394
2017-05-31,0.6829682370568689,-0.018943469765522858
2017-06-01,0.6833587664391433,0.00039052938227435163
2017-06-02,0.6898957783128578,0.006537011873714471
2017-06-05,0.6835569056653054,-0.006338872647552396
2017-06-06,0.6399585069072987,-0.04359839875800664
2017-06-07,0.6868611544150081,0.04690264750770934
2017-06-08,0.6675323241988788,-0.0193288302161293
2017-06-09,0.6870176533857902,0.019485329186911482
2017-06-12,0.6723622748771249,-0.014655378508665384
2017-06-13,0.6853959711758394,0.013033696298714537
2017-06-14,0.6874725592338076,0.002076588057968176
2017-06-15,0.6545113084620288,-0.032961250771778805
2017-06-16,0.6905525028223916,0.036041194360362794
2017-06-19,0.7112077653387218,0.02065526251633021
2017-06-20,0.6866203620661699,-0.024587403272551822
2017-06-21,0.6859403003069691,-0.0006800617592008784
2017-06-22,0.6850938704227229,-0.0008464298842462137
2017-06-23,0.599970039417595,-0.08512383100512788
2017-06-27,0.6008697170231265,0.000899677605531557
2017-06-28,0.6342094440579992,0.033339727034872646
2017-06-29,0.6408444058179745,0.006634961759975355
2017-06-30,0.644643009688157,0.003798603870182493
2017-07-03,0.6985126828974704,0.05386967320931335
2017-07-04,0.6886127928023691,-0.009899890095101282
2017-07-05,0.6906973567259507,0.002084563923581584
2017-07-06,0.6896578262554626,-0.0010395304704881037
2017-07-07,0.6855428032208188,-0.004115023034643728
2017-07-10,0.692261572484955,0.006718769264136171
2017-07-11,0.6823569009303915,-0.009904671554563538
2017-07-12,0.6843693925803455,0.0020124916499539847
2017-07-13,0.7687360529245726,0.08436666034422713
2017-07-14,0.6802822897959009,-0.0884537631286717
2017-07-17,0.6864980069649671,0.006215717169066215
2017-07-18,0.6783708311239623,-0.008127175841004752
2017-07-19,0.7725913854680245,0.09422055434406218
2017-07-20,0.6527825572412151,-0.11980882822680938
2017-07-21,0.6874235121878066,0.03464095494659147
2017-07-24,0.692344549024154,0.00492103683634737
2017-07-25,0.6812202871402108,-0.01112426188394322
2017-07-26,0.7322393436545607,0.0510190565143499
2017-07-27,0.6801933543965747,-0.05204598925798598
2017-07-28,0.6808317628548517,0.0006384084582770067
2017-07-31,0.7533859942995168,0.07255423144466511
2017-08-01,0.6846882583158397,-0.06869773598367712
2017-08-02,0.6407939051699325,-0.04389435314590717
2017-08-03,0.641267957773696,0.00047405260376354175
2017-08-04,0.7718278870811965,0.1305599293075005
2017-08-07,0.6833617563046246,-0.08846613077657195
2017-08-08,0.6440743755542689,-0.03928738075035565
2017-08-09,0.597033826897058,-0.04704054865721097
2017-08-10,0.6086348772245236,0.011601050327465612
2017-08-11,0.502714291815507,-0.10592058540901661
2017-08-14,0.6906688219291259,0.18795453011361896
2017-08-16,0.7146897223277161,0.024020900398590173
2017-08-17,0.6535085557275414,-0.0611811666001747
2017-08-18,0.6323651737975613,-0.02114338192998011
2017-08-21,0.47386541053248743,-0.15849976326507387
2017-08-22,0.515113419745254,0.04124800921276661
2017-08-23,0.7151017598733735,0.1999883401281195
2017-08-24,0.6420221505352814,-0.0730796093380921
2017-08-28,0.6396640045070572,-0.0023581460282242617
2017-08-29,0.47089532686255164,-0.16876867764450554
2017-08-30,0.6472114692742078,0.17631614241165616
2017-08-31,0.6929290898660522,0.045717620591844366
2017-09-01,0.7018615527639908,0.008932462897938587
2017-09-04,0.6434828895472298,-0.058378663216760995
2017-09-05,0.6917048960829156,0.04822200653568587
2017-09-06,0.684119140288157,-0.00758575579475862
2017-09-07,0.6887692172583996,0.004650076970242556
2017-09-08,0.6058301706915138,-0.08293904656688578
2017-09-11,0.6354948219900782,0.029664651298564437
2017-09-12,0.716499261606156,0.08100443961607773
2017-09-13,0.680520693410017,-0.03597856819613898
2017-09-14,0.6841529538141182,0.0036322604041012507
2017-09-15,0.6826556774779965,-0.0014972763361217334
2017-09-18,0.6911589360377158,0.00850325855971934
2017-09-19,0.6825785147227889,-0.008580421314926978
2017-09-20,0.6833963228730076,0.0008178081502187018
2017-09-21,0.680110965517385,-0.00328535735562252
2017-09-22,0.5948040468031505,-0.08530691871423457
2017-09-25,0.47215199358335724,-0.12265205321979322
2017-09-26,0.5006416785426222,0.02848968495926496
2017-09-27,0.4719754910160845,-0.028666187526537712
2017-09-28,0.5058464198315363,0.03387092881545184
2017-09-29,0.5054505812502623,-0.0003958385812740106
2017-10-03,0.5218022787497973,0.016351697499535023
2017-10-04,0.5039401099801462,-0.017862168769651188
2017-10-05,0.4882489515427815,-0.015691158437364683
2017-10-06,0.7762439383383053,0.2879949867955238
2017-10-09,0.6914512819369485,-0.0847926564013568
2017-10-10,0.6901815469473042,-0.0012697349896443333
2017-10-11,0.6497190375240259,-0.040462509423278226
2017-10-12,0.7752482761694064,0.12552923864538046
2017-10-13,0.7596260398399269,-0.015622236329479455
2017-10-16,0.6907902606278925,-0.06883577921203443
2017-10-17,0.6850610278300742,-0.00572923279781834
2017-10-18,0.6789035543406462,-0.006157473489427967
2017-10-19,0.6410613040592394,-0.03784225028140675
2017-10-23,0.6865411224563398,0.04547981839710036
2017-10-24,0.6887885142098199,0.002247391753480099
2017-10-25,0.6896801484915845,0.0008916342817646417
2017-10-26,0.760281092757931,0.07060094426634644
2017-10-27,0.6685461863612817,-0.09173490639664927
2017-10-30,0.6885942612747463,0.02004807491346461
2017-10-31,0.6751823001122144,-0.01341196116253196
2017-11-01,0.7736762535819762,0.09849395346976186
2017-11-02,0.682988087050435,-0.09068816653154121
2017-11-03,0.6880412081720059,0.005053121121570858
2017-11-06,0.6806464084396995,-0.00739479973230639
2017-11-07,0.6417123657647233,-0.03893404267497613
2017-11-08,0.6446450857010418,0.0029327199363184953
2017-11-09,0.6854084152435868,0.04076332954254491
2017-11-10,0.686432990662024,0.0010245754184372569
2017-11-13,0.5972740913862974,-0.08915889927572662
2017-11-14,0.6245303361162445,0.027256244729947143
2017-11-15,0.47460007828502526,-0.14993025783121927
2017-11-16,0.7155149452883649,0.24091486700333964
2017-11-17,0.6765073136255145,-0.03900763166285037
2017-11-20,0.6378495109568412,-0.03865780266867336
2017-11-21,0.6941317212898164,0.0562822103329752
2017-11-22,0.6905827603162332,-0.0035489609735831484
2017-11-23,0.6882429661068776,-0.0023397942093555946
2017-11-24,0.693163662255557,0.004920696148679404
2017-11-27,0.692795730385645,-0.0003679318699120193
2017-11-28,0.6841927780330471,-0.008602952352597892
2017-11-29,0.6847759457137109,0.0005831676806637986
2017-11-30,0.5979088846948112,-0.08686706101889974
2017-12-01,0.4747750752752401,-0.12313380941957108
2017-12-04,0.5054177702374881,0.03064269496224803
2017-12-05,0.5022781723909824,-0.0031395978465057484
2017-12-06,0.47850664930451847,-0.023771523086463908
2017-12-07,0.5610237053544656,0.08251705604994708
2017-12-08,0.7765289636518167,0.21550525829735112
2017-12-11,0.6915676313887381,-0.08496133226307856
2017-12-12,0.5945943053270557,-0.09697332606168241
2017-12-13,0.49500980077520074,-0.09958450455185497
2017-12-14,0.6345176485765642,0.1395078478013635
2017-12-15,0.6847960371781876,0.05027838860162337
2017-12-18,0.398427632916991,-0.2863684042611966
2017-12-19,0.7544286844699334,0.35600105155294237
2017-12-20,0.6538960424632747,-0.10053264200665868
2017-12-21,0.6006101572844383,-0.05328588517883637
2017-12-22,0.6454867158365893,0.044876558552151
2017-12-26,0.6054717635150898,-0.04001495232149954
2017-12-27,0.5922464030895931,-0.013225360425496713
2017-12-28,0.6011450064150871,0.00889860332549397
2017-12-29,0.7578480798154432,0.15670307340035616
2018-01-02,0.6802337009065056,-0.07761437890893763
2018-01-03,0.6869339507909706,0.006700249884465048
2018-01-04,0.7043092128305394,0.01737526203956874
2018-01-05,0.6938685851150649,-0.010440627715474493
2018-01-08,0.7355762641644024,0.041707679049337476
2018-01-09,0.6862173839734836,-0.04935888019091872
2018-01-10,0.682770894836114,-0.0034464891373696682
2018-01-11,0.6867487247971831,0.0039778299610691015
2018-01-12,0.6849733442055944,-0.00177538059158866
2018-01-15,0.6841609928666653,-0.0008123513389290959
2018-01-16,0.6404472750737115,-0.043713717792953855
2018-01-17,0.7727301053959389,0.13228283032222743
2018-01-18,0.7237202037407791,-0.04900990165515984
2018-01-19,0.7719516707723659,0.04823146703158687
2018-01-22,0.7733484014123495,0.0013967306399835788
2018-01-23,0.7733437793211975,-4.622091152040042e-06
2018-01-24,0.6812439027742184,-0.09209987654697904
2018-01-25,0.6782334550726412,-0.0030104477015772124
2018-01-29,0.7264343176666086,0.048200862593967386
2018-01-30,0.6385817419803972,-0.08785257568621141
2018-01-31,0.6758074202296218,0.037225678249224625
2018-02-01,0.40303931135811477,-0.27276810887150704
2018-02-02,0.4793971656844931,0.07635785432637832
2018-02-05,0.5189427253593759,0.039545559674882824
2018-02-06,0.5125534227415948,-0.006389302617781145
2018-02-07,0.5021810722919657,-0.01037235044962903
2018-02-08,0.5923409831369837,0.09015991084501795
2018-02-09,0.496270205482821,-0.09607077765416266
2018-02-12,0.5077451971476032,0.01147499166478222
2018-02-14,0.47286031346959917,-0.034884883678004075
2018-02-15,0.5033890718114715,0.030528758341872353
2018-02-16,0.47251585124078016,-0.030873220570691362
2018-02-19,0.4721764204920049,-0.00033943074877523793
2018-02-20,0.5016229872111615,0.029446566719156575
2018-02-21,0.5065913634277047,0.004968376216543224
2018-02-22,0.5016334329101574,-0.004957930517547338
2018-02-23,0.5609299648920084,0.05929653198185103
2018-02-26,0.5603514426710653,-0.0005785222209431229
2018-02-27,0.3961152646206424,-0.1642361780504229
2018-02-28,0.41575100129059067,0.01963573666994828
2018-03-01,0.41692419826557325,0.0011731969749825821
2018-03-05,0.397236207415601,-0.019687990849972248
2018-03-06,0.3995485455072607,0.0023123380916597047
2018-03-07,0.40019161682694887,0.0006430713196881599
2018-03-08,0.4251122174949259,0.024920600667977022
2018-03-09,0.41577345851936565,-0.009338758975560246
2018-03-12,0.5283678975851325,0.11259443906576683
2018-03-13,0.47143524320465124,-0.05693265438048123
2018-03-14,0.46966929936975377,-0.0017659438348974765
2018-03-15,0.39737866527134563,-0.07229063409840814
2018-03-16,0.397980093530037,0.0006014282586913611
2018-03-19,0.39983584472116024,0.001855751191123245
2018-03-20,0.4611899882123624,0.06135414349120216
2018-03-21,0.4230342408141741,-0.03815574739818828
2018-03-22,0.40273976153988794,-0.02029447927428618
2018-03-23,0.4222720758552083,0.019532314315320376
2018-03-26,0.46721959152603754,0.04494751567082922
2018-03-27,0.4244594513283055,-0.042760140197732055
2018-03-28,0.4173572794705556,-0.007102171857749862
2018-04-02,0.4676704918345996,0.05031321236404396
2018-04-03,0.5172362829520608,0.04956579111746123
2018-04-04,0.39452446395796353,-0.12271181899409728
2018-04-05,0.5222611425202319,0.1277366785622684
2018-04-06,0.47054862780485684,-0.05171251471537508
2018-04-09,0.5179985966614501,0.04744996885659325
2018-04-10,0.4712481776865189,-0.04675041897493121
2018-04-11,0.46860568881133063,-0.0026424888751882536
2018-04-12,0.6650229140950067,0.19641722528367606
2018-04-13,0.6040701948468414,-0.060952719248165255
2018-04-16,0.639811732286206,0.03574153743936459
2018-04-17,0.6030964334370806,-0.03671529884912539
2018-04-18,0.5742669722275455,-0.028829461209535112
2018-04-19,0.6072623819753601,0.032995409747814564
2018-04-20,0.6039019644230066,-0.0033604175523535007
2018-04-23,0.6016514527065905,-0.0022505117164161037
2018-04-24,0.6942845308260748,0.09263307811948429
2018-04-25,0.6668596656745616,-0.02742486515151321
2018-04-26,0.6938938087125394,0.027034143037977798
2018-04-27,0.7300443346597438,0.03615052594720447
2018-04-30,0.7007679918671109,-0.029276342792632915
2018-05-02,0.645621813299357,-0.055146178567753945
2018-05-03,0.6637891285350216,0.018167315235664616
2018-05-04,0.6424441091403484,-0.021345019394673148
2018-05-07,0.7748136673074729,0.13236955816712448
2018-05-08,0.6874761819741344,-0.08733748533333852
2018-05-09,0.7132051040769051,0.02572892210277067
2018-05-10,0.6476297804731229,-0.06557532360378215
2018-05-11,0.7741827681260758,0.12655298765295286
2018-05-14,0.6842245039510205,-0.08995826417505526
2018-05-15,0.6806270110450338,-0.0035974929059867655
2018-05-16,0.6791351432549938,-0.001491867790039958
2018-05-17,0.5940569124434995,-0.08507823081149435
2018-05-18,0.5982462005752275,0.004189288131728031
2018-05-21,0.6012768868393196,0.003030686264092086
2018-05-22,0.6401999597087424,0.03892307286942287
2018-05-23,0.4753905870080275,-0.16480937270071494
2018-05-24,0.6578137314459308,0.1824231444379033
2018-05-25,0.7153774545988769,0.05756372315294611
2018-05-28,0.7314367349028793,0.016059280304002388
2018-05-29,0.5988070235932957,-0.13262971130958356
2018-05-30,0.6315675122432248,0.03276048864992909
2018-05-31,0.75376980978026,0.12220229753703515
2018-06-01,0.6735415811915487,-0.08022822858871126
2018-06-04,0.5873077301121565,-0.08623385107939219
2018-06-05,0.6283951967269394,0.04108746661478291
2018-06-06,0.7762461647314122,0.14785096800447273
2018-06-07,0.7230903458375664,-0.053155818893845797
2018-06-08,0.6849759186447967,-0.038114427192769695
2018-06-11,0.6871564581391567,0.0021805394943600342
2018-06-12,0.6909410009959244,0.0037845428567676587
2018-06-13,0.6893868474781456,-0.0015541535177787669
2018-06-14,0.6805379655634615,-0.008848881914684137
2018-06-15,0.6848788259530809,0.00434086038961945
2018-06-18,0.675059223711243,-0.009819602241837866
2018-06-19,0.6444725350933856,-0.030586688617857405
2018-06-20,0.7262804173078596,0.08180788221447399
2018-06-21,0.6481395374289809,-0.07814087987887874
2018-06-22,0.7751108406316622,0.12697130320268135
2018-06-25,0.644878904561696,-0.1302319360699662
2018-06-26,0.6861522338204478,0.04127332925875171
2018-06-27,0.4717820248995483,-0.21437020892089947
2018-06-28,0.47486967208194447,0.0030876471823961804
2018-06-29,0.7148450337507888,0.2399753616688443
2018-07-02,0.47186947625110437,-0.2429755574996844
2018-07-03,0.6415061229347838,0.16963664668367945
2018-07-04,0.7594855636095083,0.11797944067472443
2018-07-05,0.6303949953810221,-0.1290905682284862
2018-07-06,0.6900726634723835,0.059677668091361435
2018-07-09,0.6934433642233329,0.0033707007509493625
2018-07-10,0.7401485947794558,0.04670523055612297
2018-07-11,0.6842234074658907,-0.055925187313565106
2018-07-12,0.6901446400418293,0.005921232575938573
2018-07-13,0.6771266597718958,-0.013017980269933505
2018-07-16,0.6404191057268221,-0.03670755404507364
2018-07-17,0.7739752451811286,0.13355613945430644
2018-07-18,0.642736821466191,-0.13123842371493755
2018-07-19,0.6679658639899853,0.02522904252379421
2018-07-20,0.7283050214828583,0.060339157492873
2018-07-23,0.7744549497036902,0.04614992822083197
2018-07-24,0.6909130448132448,-0.08354190489044544
2018-07-25,0.6839654673585936,-0.006947577454651133
2018-07-26,0.6962756175265423,0.012310150167948675
2018-07-27,0.7590361947149729,0.06276057718843053
2018-07-30,0.6864592245976512,-0.07257697011732167
2018-07-31,0.6897850723900997,0.0033258477924484886
2018-08-01,0.678453317152734,-0.011331755237365626
2018-08-02,0.6399765602271665,-0.03847675692556751
2018-08-03,0.773568479649458,0.13359191942229143
2018-08-06,0.6869315205159251,-0.08663695913353286
2018-08-07,0.6835357431501666,-0.0033957773657584678
2018-08-08,0.6957960646449657,0.012260321494799054
2018-08-09,0.6834152829053585,-0.012380781739607216
2018-08-10,0.6483096734421412,-0.03510560946321728
2018-08-13,0.680909194459312,0.032599521017170785
2018-08-14,0.7712664900338848,0.09035729557457284
2018-08-16,0.6823165313458055,-0.08894995868807931
2018-08-17,0.7125623387953035,0.030245807449498008
2018-08-20,0.772294772810144,0.05973243401484052
2018-08-21,0.6872828138313624,-0.08501195897878167
2018-08-23,0.6857501189830817,-0.001532694848280669
2018-08-24,0.6802240457599354,-0.005526073223146244
2018-08-27,0.7730859085273872,0.09286186276745179
2018-08-28,0.6832578929008276,-0.08982801562655962
2018-08-29,0.6428667485362785,-0.04039114436454916
2018-08-30,0.6814964860915914,0.03862973755531296
2018-08-31,0.6811174933972809,-0.0003789926943105204
2018-09-03,0.6316913487137409,-0.04942614468354001
2018-09-04,0.5935720997478781,-0.03811924896586283
2018-09-05,0.6319042231391997,0.03833212339132164
2018-09-06,0.6358726176882191,0.003968394549019427
2018-09-07,0.687804257118433,0.05193163943021384
2018-09-10,0.5937685915470983,-0.09403566557133469
2018-09-11,0.5820448636361353,-0.011723727910962989
2018-09-12,0.6408604886797069,0.05881562504357163
2018-09-14,0.7146218968201337,0.07376140814042675
2018-09-17,0.5990568512131871,-0.11556504560694658
2018-09-18,0.4745773825790533,-0.12447946863413378
2018-09-19,0.4724723307965126,-0.0021050517825407233
2018-09-21,0.5209843254530708,0.048511994656558255
2018-09-24,0.5287606362275318,0.007776310774460948
2018-09-25,0.5029896156770757,-0.025771020550456103
2018-09-26,0.46243284455861017,-0.04055677111846551
2018-09-27,0.4675035661827158,0.005070721624105656
2018-09-28,0.4141726436015736,-0.05333092258114225
2018-10-01,0.42276869292197056,0.008596049320396981
2018-10-03,0.4277268699721349,0.004958177050164325
2018-10-04,0.54536244927122,0.11763557929908514
2018-10-05,0.5589496695238549,0.013587220252634924
2018-10-08,0.47809647919118536,-0.08085319033266958
2018-10-09,0.4076133661678299,-0.07048311302335547
2018-10-10,0.44348523381031246,0.03587186764248257
2018-10-11,0.49374598583845775,0.050260752028145284
2018-10-12,0.4301442253655904,-0.06360176047286736
2018-10-15,0.4210116620410265,-0.009132563324563858
2018-10-16,0.42142611166962085,0.00041444962859432666
2018-10-17,0.4288442442594247,0.007418132589803839
2018-10-19,0.4475963693726853,0.01875212511326063
2018-10-22,0.45334306155910886,0.005746692186423541
2018-10-23,0.4164654012675222,-0.03687766029158668
2018-10-24,0.419323668246895,0.0028582669793728033
2018-10-25,0.4200820148938769,0.0007583466469819333
2018-10-26,0.39802243551473504,-0.02205957937914188
2018-10-29,0.4136189105743986,0.01559647505966355
2018-10-30,0.40361252681870163,-0.010006383755696957
2018-10-31,0.38512157823130044,-0.01849094858740119
2018-11-01,0.44411746862007834,0.058995890388777894
2018-11-02,0.5111536732876599,0.06703620466758159
2018-11-05,0.4662193816619228,-0.044934291625737144
2018-11-06,0.4678872786319807,0.001667896970057925
2018-11-07,0.472444591912759,0.004557313280778297
2018-11-09,0.46589326541645604,-0.006551326496302967
2018-11-12,0.4406855732757112,-0.025207692140744864
2018-11-13,0.5271225715136948,0.08643699823798362
2018-11-14,0.46099738650029387,-0.06612518501340092
2018-11-15,0.47214879238600055,0.011151405885706678
2018-11-16,0.4964525319626914,0.024303739576690853
2018-11-19,0.6086214559323742,0.11216892396968275
2018-11-20,0.439060423904528,-0.16956103202784617
2018-11-21,0.44052785477526485,0.0014674308707368633
2018-11-22,0.44198493103900116,0.0014570762637363122
2018-11-26,0.4813132790878933,0.039328348048892126
2018-11-27,0.6810010629448312,0.19968778385693792
2018-11-28,0.6086301150258433,-0.0723709479189879
2018-11-29,0.6583080639643097,0.04967794893846644
2018-11-30,0.6832399098737314,0.024931845909421657
2018-12-03,0.683050345745913,-0.00018956412781845344
2018-12-04,0.6818848668361105,-0.0011654789098024532
2018-12-05,0.6721064263668157,-0.009778440469294769
2018-12-06,0.589744158209044,-0.0823622681577717
2018-12-07,0.684465733148633,0.09472157493958899
2018-12-10,0.4824043123068474,-0.20206142084178563
2018-12-11,0.513604387264382,0.031200074957534574
2018-12-12,0.6768145233033259,0.16321013603894396
2018-12-13,0.6900876274095727,0.013273104106246825
2018-12-14,0.6880489039303904,-0.002038723479182325
2018-12-17,0.7248795671251015,0.036830663194711066
2018-12-18,0.7265740672389208,0.0016945001138193305
2018-12-19,0.7167344942713959,-0.009839572967524912
2018-12-20,0.6477999499371636,-0.0689345443342323
2018-12-21,0.5790168791721909,-0.0687830707649727
2018-12-24,0.5746211817024736,-0.004395697469717352
2018-12-26,0.4754106765631796,-0.09921050513929397
2018-12-27,0.7015053681731751,0.2260946916099955
2018-12-28,0.7113428462641498,0.009837478090974683
2018-12-31,0.6796541494143925,-0.03168869684975728
2019-01-02,0.6445396971583194,-0.035114452256073125
2019-01-03,0.5967514788201511,-0.047788218338168265
2019-01-04,0.6376796014510171,0.04092812263086598
2019-01-07,0.695041733251446,0.05736213180042893
2019-01-08,0.6910433671088206,-0.003998366142625387
2019-01-09,0.6878799353586446,-0.0031634317501760822
2019-01-10,0.6705099535698616,-0.017369981788782907
2019-01-11,0.629793259778297,-0.04071669379156462
2019-01-14,0.597380982938387,-0.03241227683990999
2019-01-15,0.7747165447282998,0.17733556178991272
2019-01-16,0.6884113429407166,-0.08630520178758316
2019-01-17,0.6859265727360921,-0.0024847702046244535
2019-01-18,0.6848021091336538,-0.0011244636024383414
2019-01-21,0.6921237637242835,0.007321654590629723
2019-01-22,0.6795240875850743,-0.012599676139209204
2019-01-23,0.6446726788612025,-0.034851408723871824
2019-01-24,0.6881312435639169,0.043458564702714364
2019-01-25,0.5959600258716314,-0.09217121769228542
2019-01-28,0.47468497537354853,-0.1212750504980829
2019-01-29,0.5025240537292205,0.027839078355671953
2019-01-30,0.5002761458148154,-0.0022479079144051006
2019-01-31,0.7753842501329063,0.27510810431809096
2019-02-01,0.6848267919791393,-0.09055745815376703
2019-02-04,0.6851596868723185,0.00033289489317922527
2019-02-05,0.6877358918664557,0.0025762049941371323
2019-02-06,0.7740160429609563,0.0862801510945006
2019-02-07,0.6821356118759179,-0.0918804310850384
2019-02-08,0.6420311140467234,-0.04010449782919445
2019-02-11,0.6630417614420084,0.02101064739528502
2019-02-12,0.605332295352527,-0.057709466089481465
2019-02-14,0.48924838008750654,-0.11608391526502043
2019-02-15,0.5003834853001089,0.011135105212602359
2019-02-18,0.4737904997504044,-0.026592985549704518
2019-02-19,0.5022036920246649,0.02841319227426048
2019-02-20,0.5607675630594096,0.0585638710347447
2019-02-21,0.43695195865298814,-0.12381560440642142
2019-02-22,0.41924859299631434,-0.017703365656673797
2019-02-25,0.6831159560974995,0.2638673631011852
2019-02-26,0.6003838579531272,-0.08273209814437232
2019-02-27,0.47824729860029785,-0.12213655935282935
2019-02-28,0.4740799952418114,-0.004167303358486474
2019-03-01,0.6964135650974272,0.22233356985561586
2019-03-05,0.7728715906907461,0.07645802559331882
2019-03-06,0.69350794296099,-0.07936364772975602
2019-03-07,0.6843950880920192,-0.009112854868970843
2019-03-08,0.6837431533900287,-0.0006519347019905419
2019-03-11,0.7743748507330254,0.0906316973429967
2019-03-12,0.7735732159336957,-0.000801634799329709
2019-03-13,0.6838860025128994,-0.08968721342079622
2019-03-14,0.6833229135223818,-0.0005630889905176018
2019-03-15,0.7050184092944598,0.021695495772077966
2019-03-18,0.6818928562242368,-0.023125553070223015
2019-03-19,0.6883482423929995,0.006455386168762733
2019-03-20,0.676580175338558,-0.011768067054441556
2019-03-22,0.6387435674236058,-0.037836607914952136
2019-03-25,0.6714262612774383,0.03268269385383249
2019-03-26,0.7750559147115195,0.10362965343408115
2019-03-27,0.6415538455796145,-0.133502069131905
2019-03-28,0.7747085467164179,0.1331547011368034
2019-04-01,0.692316819336326,-0.08239172738009182
2019-04-02,0.6861179738999549,-0.00619884543637117
2019-04-03,0.6393262910728673,-0.046791682827087566
2019-04-04,0.6429546604690344,0.0036283693961670638
2019-04-05,0.6892384851523348,0.04628382468330039
2019-04-08,0.6407806722120787,-0.048457812940256084
2019-04-09,0.7367982009427387,0.09601752873066005
2019-04-10,0.6434363824658608,-0.09336181847687797
2019-04-11,0.6893660385752814,0.04592965610942068
2019-04-12,0.6915502597441273,0.002184221168845868
2019-04-15,0.6902403892064063,-0.0013098705377210251
2019-04-16,0.7643643039156289,0.07412391470922264
2019-04-18,0.6393048700276285,-0.12505943388800045
2019-04-22,0.5923232295501492,-0.046981640477479325
2019-04-23,0.6304253652976647,0.03810213574751553
2019-04-24,0.7753112229121243,0.1448858576144596
2019-04-25,0.6440203074495423,-0.13129091546258198
2019-04-26,0.7748685301581066,0.13084822270856433
2019-04-30,0.6829173986866184,-0.09195113147148826
2019-05-02,0.682125384622876,-0.0007920140637424078
2019-05-03,0.68515302485255,0.0030276402296740557
2019-05-06,0.6343006636618973,-0.05085236119065273
2019-05-07,0.6000420719005949,-0.034258591761302415
2019-05-08,0.4748392241108284,-0.12520284778976648
2019-05-09,0.5019888646331103,0.027149640522281915
2019-05-10,0.5028231129463974,0.0008342483132870449
2019-05-13,0.4757785628278798,-0.027044550118517585
2019-05-14,0.5041293007901508,0.028350737962271055
2019-05-15,0.474777452476224,-0.029351848313926843
2019-05-16,0.5553621538054867,0.08058470132926271
2019-05-17,0.5387994684484524,-0.016562685357034312
2019-05-20,0.37722767334686297,-0.16157179510158942
2019-05-21,0.5704819051911041,0.19325423184424112
2019-05-22,0.6713684374296508,0.10088653223854671
2019-05-23,0.43257782091152513,-0.23879061651812566
2019-05-24,0.36076841445521596,-0.07180940645630918
2019-05-27,0.5979785245468393,0.23721011009162335
2019-05-28,0.60148580802593,0.0035072834790906837
2019-05-29,0.5920023809997079,-0.009483427026222069
2019-05-30,0.6817605849780952,0.0897582039783873
2019-05-31,0.597484394218195,-0.08427619075990023
2019-06-03,0.6808249125196965,0.08334051830150147
2019-06-04,0.6793863631617022,-0.0014385493579942565
2019-06-06,0.6078277637884549,-0.07155859937324727
2019-06-07,0.6856901077672675,0.07786234397881253
2019-06-10,0.6905755420557858,0.004885434288518287
2019-06-11,0.688499569342052,-0.0020759727137337203
2019-06-12,0.6501430577841132,-0.038356511557938844
2019-06-13,0.6849071050295849,0.03476404724547166
2019-06-14,0.5948222463948323,-0.09008485863475257
2019-06-17,0.47155877164726673,-0.12326347474756555
2019-06-18,0.6404615705484934,0.16890279890122667
2019-06-19,0.63749451939547,-0.0029670511530234256
2019-06-20,0.7120157690225503,0.07452124962708029
2019-06-21,0.5985337537800625,-0.1134820152424878
2019-06-24,0.6354928216622333,0.03695906788217085
2019-06-25,0.7149075690231135,0.07941474736088017
2019-06-26,0.7125199966209839,-0.002387572402129612
2019-06-27,0.632898982844464,-0.07962101377651987
2019-06-28,0.59658679702793,-0.03631218581653395
2019-07-01,0.6981861480413295,0.10159935101339945
2019-07-02,0.6892383946131957,-0.008947753428133809
2019-07-03,0.6871663067773178,-0.002072087835877867
2019-07-04,0.6861797122375076,-0.0009865945398102038
2019-07-05,0.5929739317654334,-0.09320578047207417
2019-07-08,0.46959531917142705,-0.1233786125940064
2019-07-09,0.5043864003501438,0.034791081178716765
2019-07-10,0.5022765074391938,-0.002109892910949984
2019-07-11,0.5092432494598191,0.006966742020625305
2019-07-12,0.49543535173719866,-0.013807897722620477
2019-07-15,0.5049917602657612,0.009556408528562543
2019-07-16,0.5601400300982009,0.0551482698324397
2019-07-17,0.5014940818052097,-0.05864594829299119
2019-07-18,0.4709740802203305,-0.03052000158487922
2019-07-19,0.3981269811904376,-0.07284709902989289
2019-07-22,0.4143953260257262,0.016268344835288606
2019-07-23,0.42166875425034483,0.007273428224618628
2019-07-24,0.4178437214548858,-0.003825032795459038
2019-07-25,0.4226573226961187,0.004813601241232923
2019-07-26,0.424001082439062,0.0013437597429432624
2019-07-29,0.3989992319972215,-0.0250018504418405
2019-07-30,0.3999824919499322,0.0009832599527107022
2019-07-31,0.43247469178762005,0.03249219983768786
2019-08-01,0.47473289736699054,0.04225820557937049
2019-08-02,0.4731225384801695,-0.0016103588868210394
2019-08-05,0.4363401075216876,-0.03678243095848188
2019-08-06,0.44509579280256595,0.008755685280878334
2019-08-07,0.39959723739712444,-0.04549855540544151
2019-08-08,0.43363293842584544,0.034035701028721
2019-08-09,0.4177730914575018,-0.01585984696834364
2019-08-13,0.39197741103025363,-0.02579568042724817
2019-08-14,0.4193802135383678,0.027402802508114166
2019-08-16,0.4190106948039738,-0.0003695187343940032
2019-08-19,0.4186112252106158,-0.000399469593358015
2019-08-20,0.4081087268904833,-0.010502498320132503
2019-08-21,0.39628011289357074,-0.01182861399691254
2019-08-22,0.40413901935866614,0.007858906465095405
2019-08-23,0.45523526452722696,0.05109624516856082
2019-08-26,0.36879552852670255,-0.0864397360005244
2019-08-27,0.46966512657589626,0.10086959804919371
2019-08-28,0.4610563724741093,-0.008608754101786964
2019-08-29,0.4058432814502042,-0.05521309102390509
2019-08-30,0.4690816082482354,0.06323832679803121
2019-09-03,0.3968076322202002,-0.0722739760280352
2019-09-04,0.43434276293744795,0.03753513071724773
2019-09-05,0.42078864255500137,-0.013554120382446577
2019-09-06,0.4675899745317833,0.046801331976781935
2019-09-09,0.4969494542864695,0.029359479754686224
2019-09-11,0.4721536248859597,-0.02479582940050984
2019-09-12,0.44230330082404373,-0.029850324061915956
2019-09-13,0.5278192698647386,0.08551596904069486
2019-09-16,0.4680529360582836,-0.05976633380645502
2019-09-17,0.3948486985978445,-0.07320423746043908
2019-09-18,0.42148111200811655,0.02663241341027206
2019-09-19,0.39821307635566894,-0.023268035652447616
2019-09-20,0.32301250488718214,-0.0752005714684868
2019-09-23,0.30895453445088805,-0.014057970436294087
2019-09-24,0.5973238669817127,0.28836933253082464
2019-09-25,0.5628870240299256,-0.03443684295178706
2019-09-26,0.6815058673489984,0.1186188433190728
2019-09-27,0.593916795578193,-0.08758907177080544
2019-09-30,0.6756958307467309,0.0817790351685379
2019-10-01,0.4263727461130472,-0.2493230846336837
2019-10-03,0.6519729851975891,0.22560023908454185
2019-10-04,0.5187668385546571,-0.13320614664293196
2019-10-07,0.579737438871822,0.06097060031716495
2019-10-09,0.7192079845457964,0.13947054567397432
2019-10-10,0.6678850441346792,-0.05132294041111718
2019-10-11,0.6858561741637373,0.017971130029058147
2019-10-14,0.6873929968957619,0.0015368227320246008
2019-10-15,0.7736318180976511,0.0862388212018892
2019-10-16,0.6922448664236998,-0.08138695167395138
2019-10-17,0.7752825649590356,0.08303769853533582
2019-10-18,0.7748317887599613,-0.00045077619907429867
2019-10-22,0.6441617390066932,-0.13067004975326812
2019-10-23,0.6833820515622904,0.039220312555597214
2019-10-24,0.6430149094305904,-0.04036714213170001
2019-10-25,0.6811140236443797,0.03809911421378931
2019-10-29,0.7731569305612529,0.09204290691687322
2019-10-30,0.6893010137327975,-0.08385591682845539
2019-10-31,0.685194761014538,-0.004106252718259484
2019-11-01,0.6847301320252676,-0.0004646289892704658
2019-11-04,0.6876469654265505,0.0029168334012829034
2019-11-05,0.6673572122930977,-0.020289753133452715
2019-11-06,0.6831564923247548,0.015799280031657092
2019-11-07,0.6864118139799222,0.003255321655167398
2019-11-08,0.639930808890419,-0.04648100508950326
2019-11-11,0.68274809040468,0.04281728151426101
2019-11-13,0.6432795220768137,-0.03946856832786627
2019-11-14,0.6889445293972689,0.0456650073204552
2019-11-15,0.6875475249082197,-0.001397004489049225
2019-11-18,0.6846541671423889,-0.002893357765830773
2019-11-19,0.6919610083179781,0.007306841175589218
2019-11-20,0.6896392879881494,-0.0023217203298286915
2019-11-21,0.6472328397554539,-0.04240644823269557
2019-11-22,0.6496861268257277,0.002453287070273813
2019-11-25,0.7733659161476482,0.12367978932192047
2019-11-26,0.6422971541809864,-0.13106876196666173
2019-11-27,0.6957882696792119,0.053491115498225494
2019-11-28,0.6851901085336395,-0.010598161145572438
2019-11-29,0.6405737362981484,-0.044616372235491086
2019-12-02,0.6513176290517164,0.010743892753568018
2019-12-03,0.6442797121167693,-0.007037916934947153
2019-12-04,0.7622441279485594,0.11796441583179018
2019-12-05,0.6594606054182928,-0.10278352253026668
2019-12-06,0.5962502522384666,-0.06321035317982615
2019-12-09,0.6347686284120515,0.03851837617358489
2019-12-10,0.5988954884570745,-0.035873139954976985
2019-12-11,0.6490792561168867,0.05018376765981214
2019-12-12,0.6416544343292682,-0.007424821787618496
2019-12-13,0.775013192214777,0.13335875788550888
2019-12-16,0.6466112889633873,-0.12840190325138978
2019-12-17,0.7744854006029861,0.12787411163959883
2019-12-18,0.6885502062620861,-0.08593519434090002
2019-12-19,0.6888848069808146,0.00033460071872848385
2019-12-20,0.6856925492920596,-0.0031922576887549736
2019-12-23,0.6802137178328402,-0.0054788314592193466
2019-12-24,0.6447066514841687,-0.03550706634867151
2019-12-26,0.643332263980674,-0.0013743875034947228
2019-12-27,0.7749137476173895,0.1315814836367155
2019-12-30,0.684469386161993,-0.09044436145539647
2019-12-31,0.6427248826331474,-0.04174450352884562
2020-01-01,0.6884268797228096,0.04570199708966216
2020-01-02,0.7748314568598407,0.08640457713703109
2020-01-03,0.6810715122006155,-0.09375994465922521
2020-01-06,0.4687497144119764,-0.21232179778863908
2020-01-07,0.6367641292599971,0.16801441484802077
2020-01-08,0.4738716439414774,-0.16289248531851974
2020-01-09,0.7677848567886221,0.29391321284714467
2020-01-10,0.6893350007366369,-0.07844985605198518
2020-01-13,0.704598007549539,0.015263006812902158
2020-01-14,0.6881682639881436,-0.016429743561395482
2020-01-15,0.6824223232205444,-0.005745940767599156
2020-01-16,0.6864265680089349,0.004004244788390454
2020-01-17,0.6806332793659315,-0.005793288643003325
2020-01-20,0.4913969820906249,-0.18923629727530666
2020-01-21,0.6327719198142164,0.14137493772359155
2020-01-22,0.5978214280383187,-0.03495049177589771
2020-01-23,0.7014044674476099,0.10358303940929114
2020-01-24,0.7733941388339012,0.07198967138629131
2020-01-27,0.4707721145349215,-0.30262202429897966
2020-01-28,0.47250091896829916,0.0017288044333776398
2020-01-29,0.5050294334903929,0.03252851452209371
2020-01-30,0.472032920466609,-0.03299651302378387
2020-01-31,0.4639605243973358,-0.00807239606927318
2020-02-03,0.5308459020517082,0.06688537765437241
2020-02-04,0.47569497754267837,-0.055150924509029864
2020-02-05,0.544070578502744,0.06837560096006562
2020-02-06,0.6381819669242844,0.09411138842154043
2020-02-07,0.4742947688855109,-0.1638871980387735
2020-02-10,0.4703922553202286,-0.0039025135652823173
2020-02-11,0.42376405469014083,-0.04662820063008777
2020-02-12,0.65835780912651,0.23459375443636915
2020-02-13,0.597942366423427,-0.06041544270308297
2020-02-14,0.4428446981791032,-0.1550976682443238
2020-02-17,0.3933023361455083,-0.04954236203359491
2020-02-18,0.4171709240244942,0.02386858787898588
2020-02-19,0.47989978649816367,0.06272886247366949
2020-02-20,0.4663681642371052,-0.013531622261058474
2020-02-24,0.39809731296449424,-0.06827085127261096
2020-02-25,0.3998445044053497,0.0017471914408554445
2020-02-26,0.4082168219965266,0.008372317591176903
2020-02-27,0.4218032335586592,0.013586411562132583
2020-02-28,0.5534221633826575,0.1316189298239983
2020-03-02,0.5556184739784247,0.0021963105957671925
2020-03-03,0.487524945167206,-0.06809352881121866
2020-03-04,0.48502855530623534,-0.0024963898609706714
2020-03-05,0.417140433166019,-0.06788812214021633
2020-03-06,0.5035279007170111,0.08638746755099214
2020-03-09,0.5621096573016416,0.058581756584630496
2020-03-11,0.5620991394709832,-1.0517830658418603e-05
2020-03-12,0.5621096573016416,1.0517830658418603e-05
2020-03-13,0.22209217305908158,-0.34001748424256006
2020-03-16,0.5621096573016416,0.34001748424256006
2020-03-17,0.5621096573016416,0.0
2020-03-18,0.5621096573016416,0.0
2020-03-19,0.5337097365188869,-0.028399920782754773
2020-03-20,0.48382433771839073,-0.04988539880049614
2020-03-23,0.5621096573016416,0.07828531958325091
2020-03-24,0.49958633478923653,-0.06252332251240511
2020-03-25,0.45827052296711623,-0.041315811822120296
2020-03-26,0.4328480596920692,-0.025422463275047047
2020-03-27,0.4275961066398124,-0.005251953052256786
2020-03-30,0.44353475210543236,0.01593864546561996
2020-03-31,0.41782544989782844,-0.025709302207603923
2020-04-01,0.4337034210067201,0.015877971108891664
2020-04-03,0.44014275162162897,0.006439330614908867
2020-04-07,0.3822608687870953,-0.05788188283453366
2020-04-08,0.37986813458968594,-0.002392734197409374
2020-04-09,0.36199882636116265,-0.017869308228523284
2020-04-13,0.3623826484284929,0.0003838220673302306
2020-04-15,0.36499745762753577,0.002614809199042889
2020-04-16,0.3435931535025497,-0.021404304124986062
2020-04-17,0.3058294364562463,-0.037763717046303436
2020-04-20,0.3112902741763466,0.005460837720100309
2020-04-21,0.35308976712164675,0.041799492945300165
2020-04-22,0.3307746616579511,-0.02231510546369564
2020-04-23,0.31959874041234004,-0.011175921245611065
2020-04-24,0.3428921016650992,0.02329336125275916
2020-04-27,0.3344360564625303,-0.00845604520256893
2020-04-28,0.32410494179724947,-0.010331114665280805
2020-04-29,0.2996692823028876,-0.024435659494361883
2020-04-30,0.32454004792418223,0.024870765621294644
2020-05-04,0.3563016943135544,0.03176164638937218
2020-05-05,0.37262860435286715,0.016326910039312748
2020-05-06,0.3663623556366448,-0.0062662487162223335
2020-05-07,0.41644066877649355,0.05007831313984873
2020-05-08,0.3811712643705253,-0.03526940440596826
2020-05-11,0.38597665206448645,0.004805387693961161
2020-05-12,0.37701898450517635,-0.0089576675593101
2020-05-13,0.350127068062679,-0.026891916442497332
2020-05-14,0.40252963056260166,0.052402562499922645
2020-05-15,0.3943951607030107,-0.008134469859590931
2020-05-18,0.5127501232334359,0.11835496253042521
2020-05-19,0.490533717705769,-0.02221640552766696
2020-05-20,0.44460327219061446,-0.04593044551515452
2020-05-21,0.4609747484458446,0.01637147625523011
2020-05-22,0.44301440300985817,-0.017960345435986402
2020-05-26,0.4991576936840348,0.056143290674176616
2020-05-27,0.4446719996080448,-0.054485694075989966
2020-05-28,0.4046428880297416,-0.040029111578303245
2020-05-29,0.3796257587325911,-0.025017129297150498
2020-06-01,0.34616322568452523,-0.033462533048065846
2020-06-02,0.38647970411819327,0.040316478433668035
2020-06-03,0.5718215560999602,0.18534185198176695
2020-06-04,0.5488361010550521,-0.02298545504490812
2020-06-05,0.530188767810887,-0.01864733324416512
2020-06-08,0.3535874059142994,-0.1766013618965876
2020-06-09,0.38283216631222133,0.029244760397921954
2020-06-10,0.5922759988885377,0.20944383257631632
2020-06-11,0.4453423425343903,-0.14693365635414735
2020-06-12,0.41355153992307403,-0.03179080261131628
2020-06-15,0.4431365318896226,0.02958499196654857
2020-06-16,0.43138987202096857,-0.01174665986865403
2020-06-17,0.4535811151111734,0.022191243090204815
2020-06-18,0.4116248153916591,-0.041956299719514256
2020-06-19,0.41851483216459506,0.006890016772935936
2020-06-22,0.618901475209732,0.20038664304513698
2020-06-23,0.5055118611761532,-0.11338961403357883
2020-06-24,0.420051295441384,-0.08546056573476923
2020-06-25,0.6490130713791123,0.22896177593772837
2020-06-26,0.6903928898347509,0.04137981845563854
2020-06-29,0.6767897862309914,-0.013603103603759492
2020-06-30,0.6455410452919126,-0.031248740939078812
2020-07-01,0.7745214443604697,0.12898039906855707
2020-07-02,0.7702439311771828,-0.004277513183286841
2020-07-03,0.6908181824681274,-0.07942574870905539
2020-07-06,0.6941083725140873,0.003290190045959873
2020-07-07,0.6808695348135616,-0.013238837700525696
2020-07-08,0.6385831985200615,-0.04228633629350009
2020-07-09,0.770556814431665,0.1319736159116035
2020-07-10,0.679298897198763,-0.091257917232902
2020-07-13,0.6803443545238241,0.0010454573250611165
2020-07-14,0.556614733554997,-0.12372962096882711
2020-07-15,0.4301667679452148,-0.12644796560978222
2020-07-16,0.6057845103137199,0.17561774236850514
2020-07-17,0.75700039353216,0.15121588321844004
2020-07-20,0.691400883864812,-0.06559950966734795
2020-07-21,0.7036253700375734,0.012224486172761395
2020-07-22,0.6315130272244066,-0.07211234281316681
2020-07-23,0.7717849514645881,0.14027192424018153
2020-07-24,0.6793617992789995,-0.09242315218558861
2020-07-27,0.6392147292064465,-0.040147070072553026
2020-07-28,0.7717637712353963,0.1325490420289498
2020-07-29,0.6434398051694445,-0.12832396606595176
2020-07-30,0.6380851354901285,-0.005354669679316082
2020-07-31,0.6438500592670622,0.005764923776933717
2020-08-03,0.5817105733543806,-0.06213948591268159
2020-08-04,0.7546375497737242,0.17292697641934363
2020-08-05,0.6841331681728025,-0.07050438160092176
2020-08-06,0.6887702483015565,0.004637080128754079
2020-08-07,0.6856274952444047,-0.003142753057151837
2020-08-10,0.6898058788117221,0.0041783835673173675
2020-08-11,0.691868706819383,0.0020628280076608885
2020-08-12,0.6819578038133263,-0.009910903006056682
2020-08-13,0.6804681583875155,-0.0014896454258107594
2020-08-14,0.6126043647650373,-0.06786379362247819
2020-08-17,0.6885299376700931,0.07592557290505575
2020-08-18,0.7744708889244339,0.08594095125434087
2020-08-19,0.720533451069168,-0.053937437855265946
2020-08-20,0.6817220490125487,-0.03881140205661926
2020-08-21,0.7332015918429833,0.051479542830434544
2020-08-24,0.7715544508772603,0.03835285903427699
2020-08-25,0.682800871719676,-0.0887535791575843
2020-08-26,0.689766228220532,0.006965356500856057
2020-08-27,0.701751923204861,0.011985694984328998
2020-08-28,0.6846941398453251,-0.017057783359535894
2020-08-31,0.44532086653955116,-0.23937327330577396
2020-09-01,0.5737703231703393,0.1284494566307881
2020-09-02,0.6981005062424607,0.1243301830721214
2020-09-03,0.6801454120299415,-0.017955094212519174
2020-09-04,0.5414745681652878,-0.13867084386465367
2020-09-07,0.6334523019718135,0.09197773380652563
2020-09-08,0.6193943291191093,-0.01405797285270416
2020-09-09,0.6080245395002317,-0.01136978961887758
2020-09-10,0.7738245040164378,0.16579996451620604
2020-09-11,0.6876732286319667,-0.0861512753844711
2020-09-14,0.6349515709741289,-0.05272165765783776
2020-09-15,0.6954616161707123,0.06051004519658343
2020-09-16,0.7743842711728685,0.07892265500215612
2020-09-17,0.6824494202817245,-0.09193485089114395
2020-09-18,0.6208555823032551,-0.0615938379784694
2020-09-21,0.4977922005794997,-0.12306338172375542
2020-09-22,0.5061482876296965,0.008356087050196859
2020-09-23,0.515798339254657,0.009650051624960465
2020-09-24,0.5345881855589558,0.018789846304298807
2020-09-25,0.48864955021098566,-0.04593863534797016
2020-09-28,0.5101376928868143,0.02148814267582866
2020-09-29,0.4835120000621714,-0.026625692824642944
2020-09-30,0.5003608975723002,0.016848897510128802
2020-10-01,0.7680707200783384,0.26770982250603825
2020-10-05,0.6889101946023729,-0.07916052547596553
2020-10-06,0.7609087094315655,0.07199851482919262
2020-10-07,0.70635084898244,-0.05455786044912547
2020-10-08,0.6894149749029004,-0.01693587407953967
2020-10-09,0.7197810778894653,0.030366102986564947
2020-10-12,0.6809873650826196,-0.03879371280684574
2020-10-13,0.6817527082979453,0.0007653432153257311
2020-10-14,0.6691199470538204,-0.012632761244124935
2020-10-15,0.43354878852202694,-0.23557115853179345
2020-10-16,0.6847222862666318,0.25117349774460485
2020-10-19,0.6966996537292338,0.011977367462602029
2020-10-20,0.6841814307641523,-0.012518222965081538
2020-10-21,0.5530231311905476,-0.1311582995736047
2020-10-22,0.6798417197154957,0.1268185885249481
2020-10-23,0.6876365073846518,0.007794787669156089
2020-10-26,0.6395009835089458,-0.048135523875705966
2020-10-27,0.7317328083184069,0.09223182480946113
2020-10-28,0.5841489860708375,-0.14758382224756939
2020-10-29,0.6313328301171167,0.04718384404627918
2020-10-30,0.6279860230582412,-0.0033468070588754673
2020-11-02,0.6370968209520231,0.009110797893781886
2020-11-03,0.7145117898943559,0.0774149689423328
2020-11-04,0.7748942122809421,0.0603824223865862
2020-11-05,0.7601259209301036,-0.01476829135083857
2020-11-06,0.7734711956666238,0.013345274736520252
2020-11-09,0.76351419392486,-0.009957001741763838
2020-11-10,0.738314960464017,-0.025199233460842962
2020-11-11,0.6749611335628992,-0.0633538269011178
2020-11-12,0.6751238708657543,0.00016273730285509824
2020-11-13,0.688148499470884,0.013024628605129651
2020-11-17,0.7196566948185505,0.03150819534766658
2020-11-18,0.7618422744820861,0.04218557966353553
2020-11-19,0.6231254797417352,-0.13871679474035092
2020-11-20,0.6830251124738267,0.059899632732091534
2020-11-23,0.6841961123490184,0.0011709998751917583
2020-11-24,0.6885928961871554,0.004396783838136908
2020-11-25,0.4174710253251391,-0.2711218708620163
2020-11-26,0.47411606653728333,0.056645041212144254
2020-11-27,0.6811181958874647,0.20700212935018136
2020-12-01,0.6872166734324557,0.006098477544991043
2020-12-02,0.681237200949322,-0.005979472483133685
2020-12-03,0.7253490184526321,0.04411181750331006
2020-12-04,0.7746513685421427,0.04930235008951056
2020-12-07,0.774388197324099,-0.0002631712180436452
2020-12-08,0.6825773756550366,-0.0918108216690624
2020-12-09,0.772742508018341,0.09016513236330437
2020-12-10,0.6777771705679729,-0.09496533745036806
2020-12-11,0.6799857783951399,0.0022086078271669196
2020-12-14,0.6837387273485639,0.00375294895342404
2020-12-15,0.6802226120624577,-0.0035161152861061806
2020-12-16,0.6918080192228175,0.011585407160359829
2020-12-17,0.6864004027601458,-0.005407616462671738
2020-12-18,0.6766946354223613,-0.009705767337784499
2020-12-21,0.45704741972041923,-0.21964721570194207
2020-12-22,0.42964664818871723,-0.027400771531702006
2020-12-23,0.7447566670225445,0.3151100188338273
2020-12-24,0.7676288497305688,0.02287218270802427
2020-12-28,0.7735959504676964,0.005967100737127584
2020-12-29,0.6868332959472168,-0.0867626545204796
2020-12-30,0.684278858115849,-0.002554437831367773
2020-12-31,0.682299611284487,-0.0019792468313619693
2021-01-01,0.6866840272920466,0.004384416007559566
2021-01-04,0.6805473374269465,-0.006136689865100076
2021-01-05,0.7717909819095186,0.09124364448257205
2021-01-06,0.645104852079502,-0.1266861298300166
2021-01-07,0.6513938683180899,0.006289016238587908
2021-01-08,0.7700936189592842,0.11869975064119431
2021-01-11,0.6906410320333088,-0.07945258692597534
2021-01-12,0.7693315284007023,0.07869049636739345
2021-01-13,0.6789673442486718,-0.09036418415203051
2021-01-14,0.6804704343997293,0.00150309015105754
2021-01-15,0.6386351392546887,-0.041835295145040585
2021-01-18,0.6416678651075896,0.0030327258529008194
2021-01-19,0.7744131140780558,0.13274524897046625
2021-01-20,0.7746053913973665,0.00019227731931070746
2021-01-21,0.6334955541053235,-0.14110983729204296
2021-01-22,0.6090250414147361,-0.02447051269058742
2021-01-25,0.4697902329389599,-0.13923480847577624
2021-01-27,0.5321397996530127,0.06234956671405284
2021-01-28,0.5635444972168818,0.0314046975638691
2021-01-29,0.5206100280418071,-0.04293446917507471
2021-02-01,0.444076500321274,-0.07653352772053312
2021-02-02,0.3924503679526868,-0.05162613236858721
2021-02-03,0.38081112996112215,-0.011639237991564633
2021-02-04,0.6442416362368484,0.26343050627572623
2021-02-05,0.6823820064476727,0.03814037021082428
2021-02-08,0.706993784016836,0.02461177756916333
2021-02-09,0.6805325902698852,-0.026461193746950773
2021-02-10,0.680590081132696,5.749086281081617e-05
2021-02-11,0.7714221614909837,0.09083208035828771
2021-02-12,0.6814371021773509,-0.08998505931363288
2021-02-15,0.7012095320751318,0.01977242989778094
2021-02-16,0.6809439730716658,-0.02026555900346605
2021-02-17,0.6540231720855271,-0.026920800986138693
2021-02-18,0.6379541559070357,-0.016069016178491324
2021-02-19,0.5390852370202145,-0.09886891888682126
2021-02-22,0.4723769540343341,-0.06670828298588038
2021-02-23,0.538585416234136,0.06620846219980192
2021-02-24,0.44463981837724514,-0.09394559785689088
2021-02-25,0.6268824197494675,0.1822426013722223
2021-02-26,0.5384037684186527,-0.08847865133081478
2021-03-01,0.532971302969999,-0.005432465448653723
2021-03-02,0.55823527424067,0.025263971270671037
2021-03-03,0.5437730704864313,-0.014462203754238678
2021-03-04,0.5958136779155319,0.05204060742910055
2021-03-05,0.5959982979082942,0.00018461999276231378
2021-03-08,0.6335689517089442,0.037570653800650056
2021-03-09,0.6880531016743835,0.054484149965439266
2021-03-10,0.6851266402389501,-0.002926461435433403
2021-03-12,0.4631376901530234,-0.22198895008592667
2021-03-15,0.46782131355176954,0.004683623398746117
2021-03-16,0.5282226915374942,0.0604013779857247
2021-03-17,0.4465841978752517,-0.08163849366224252
2021-03-18,0.5008271748515273,0.05424297697627556
2021-03-19,0.4406398979194621,-0.06018727693206516
2021-03-22,0.498277832420569,0.05763793450110688
2021-03-23,0.6362735840800474,0.13799575165947842
2021-03-24,0.471281455483513,-0.1649921285965344
2021-03-25,0.4722582155543799,0.0009767600708668889
2021-03-26,0.5067489115457455,0.034490695991365616
2021-03-30,0.7676656573776686,0.26091674583192304
2021-03-31,0.46808298887765226,-0.2995826685000163
2021-04-01,0.6335663066620174,0.16548331778436515
2021-04-05,0.4391402751393454,-0.19442603152267202
2021-04-06,0.4135203655549099,-0.025619909584435496
2021-04-07,0.6288311749378394,0.21531080938292946
2021-04-08,0.6061860438092147,-0.02264513112862465
2021-04-09,0.6005420248194532,-0.005644018989761523
2021-04-12,0.48179272412413265,-0.11874930069532053
2021-04-13,0.42056161580525797,-0.06123110831887468
2021-04-15,0.4018653049086623,-0.01869631089659568
2021-04-16,0.4148118877826634,0.012946582874001134
2021-04-19,0.4530049793350365,0.03819309155237305
2021-04-20,0.46533416637453506,0.01232918703949859
2021-04-22,0.4229384418416171,-0.042395724532917956
2021-04-23,0.41793513039108926,-0.0050033114505278475
2021-04-26,0.4240744155680026,0.006139285176913367
2021-04-27,0.5288085106084064,0.10473409504040376
2021-04-28,0.6820353412590665,0.15322683065066012
2021-04-29,0.5918006379690262,-0.09023470329004035
2021-04-30,0.38243684504931097,-0.20936379291971519
2021-05-03,0.38144846246582376,-0.0009883825834872129
2021-05-04,0.37894399898355746,-0.0025044634822662948
2021-05-05,0.47598374216354983,0.09703974317999237
2021-05-06,0.48089534777121096,0.004911605607661129
2021-05-07,0.6131476504635845,0.1322523026923736
2021-05-10,0.6099538659748459,-0.003193784488738638
2021-05-11,0.5883281245792649,-0.021625741395581044
2021-05-12,0.4412103817168334,-0.14711774286243146
2021-05-14,0.46398127403497,0.022770892318136615
2021-05-17,0.681766548198221,0.217785274163251
2021-05-18,0.6135217150038462,-0.0682448331943748
2021-05-19,0.597718080279937,-0.01580363472390922
2021-05-20,0.6421318513179065,0.04441377103796951
2021-05-21,0.7721474447021516,0.13001559338424507
2021-05-24,0.68379756443376,-0.08834988026839152
2021-05-25,0.6980317937224748,0.014234229288714761
2021-05-26,0.6904872526569741,-0.007544541065500732
2021-05-27,0.6860003806649926,-0.0044868719919815
2021-05-28,0.6912695804783531,0.005269199813360492
2021-05-31,0.7712784160748969,0.08000883559654381
2021-06-01,0.680733011286883,-0.09054540478801387
2021-06-02,0.6810939707120095,0.0003609594251264836
2021-06-03,0.6921486701576921,0.011054699445682603
2021-06-04,0.6803525565116842,-0.011796113646007855
2021-06-07,0.6899875592429163,0.009635002731232079
2021-06-08,0.6802876635644495,-0.009699895678466852
2021-06-09,0.639295059319732,-0.04099260424471751
2021-06-10,0.6973600144217343,0.05806495510200238
2021-06-11,0.6914807750328417,-0.005879239388892676
2021-06-14,0.6810160170904912,-0.010464757942350467
2021-06-15,0.6869308198447044,0.005914802754213189
2021-06-16,0.6431166062079714,-0.04381421363673299
2021-06-17,0.6783959586552725,0.03527935244730107
2021-06-18,0.535155772733012,-0.1432401859222605
2021-06-21,0.5137653040342468,-0.021390468698765153
2021-06-22,0.6838553768210949,0.17009007278684807
2021-06-23,0.6362964012920845,-0.04755897552901034
2021-06-24,0.7015343983404452,0.06523799704836064
2021-06-25,0.6871436980592676,-0.014390700281177615
2021-06-28,0.6433651338576806,-0.04377856420158699
2021-06-29,0.6708470935539189,0.027481959696238345
2021-06-30,0.6292129800811225,-0.04163411347279644
2021-07-01,0.6045175759597491,-0.024695404121373388
2021-07-02,0.6392737189663797,0.03475614300663066
2021-07-05,0.6978844870001291,0.058610768033749316
2021-07-06,0.6835146372277411,-0.014369849772387977
2021-07-07,0.6969630404893286,0.013448403261587472
2021-07-08,0.5958938071714164,-0.10106923331791218
2021-07-09,0.6337465264844265,0.03785271931301015
2021-07-12,0.6346111880450999,0.0008646615606733299
2021-07-13,0.6953420290609635,0.06073084101586368
2021-07-14,0.6880118879061893,-0.007330141154774261
2021-07-15,0.7003242567734126,0.012312368867223311
2021-07-16,0.6832946152556325,-0.01702964151778008
2021-07-19,0.6311498621850082,-0.05214475307062427
2021-07-20,0.6171225112383276,-0.014027350946680617
2021-07-22,0.774870770050423,0.15774825881209542
2021-07-23,0.6881083485030697,-0.08676242154735336
2021-07-26,0.6835058851518929,-0.004602463351176755
2021-07-27,0.5957200656126787,-0.08778581953921427
2021-07-28,0.6338117876175379,0.03809172200485922
2021-07-29,0.6414903449880579,0.007678557370520034
2021-07-30,0.6337597244004062,-0.0077306205876517264
2021-08-02,0.6934426753748012,0.05968295097439502
2021-08-03,0.7740000086446369,0.08055733326983572
2021-08-04,0.7333231240084216,-0.04067688463621533
2021-08-05,0.679934532738338,-0.05338859127008355
2021-08-06,0.6585519074981886,-0.021382625240149444
2021-08-09,0.6822043842690205,0.02365247677083193
2021-08-10,0.6820960882184958,-0.00010829605052475877
2021-08-11,0.6811779542480002,-0.0009181339704955604
2021-08-12,0.7461656595989441,0.06498770535094389
2021-08-13,0.774201732704112,0.02803607310516787
2021-08-16,0.684759538818615,-0.08944219388549701
2021-08-17,0.6940282277833821,0.00926868896476718
2021-08-18,0.6396347029225502,-0.05439352486083193
2021-08-20,0.6615513571211667,0.021916654198616548
2021-08-23,0.7065768747041563,0.04502551758298956
2021-08-24,0.6994408480835471,-0.007136026620609193
2021-08-25,0.6848895685400954,-0.0145512795434517
2021-08-26,0.6855160531755576,0.0006264846354622211
2021-08-27,0.6878704805602123,0.0023544273846546337
2021-08-30,0.773217287012892,0.08534680645267978
2021-08-31,0.7734502288581563,0.000232941845264234
2021-09-01,0.638111138198296,-0.13533909065986027
2021-09-02,0.773025495887934,0.134914357689638
2021-09-03,0.6941568777865301,-0.07886861810140389
2021-09-06,0.6858513444407146,-0.008305533345815519
2021-09-07,0.6784802074425126,-0.007371136998202021
2021-09-08,0.6794060419299609,0.0009258344874483182
2021-09-09,0.6958891040389596,0.016483062108998747
2021-09-13,0.6813567049447549,-0.014532399094204784
2021-09-14,0.6860022341618615,0.004645529217106592
2021-09-15,0.7740572869347774,0.08805505277291592
2021-09-16,0.7716269301644968,-0.002430356770280584
2021-09-17,0.6368570537132828,-0.13476987645121397
2021-09-20,0.6610755816902795,0.02421852797699664
2021-09-21,0.713599634429353,0.05252405273907357
2021-09-22,0.6835869787469949,-0.030012655682358114
2021-09-23,0.7732613422302448,0.08967436348324986
2021-09-24,0.6826538196633198,-0.09060752256692495
2021-09-27,0.6721672027183188,-0.010486616945001082
2021-09-28,0.5925657781901034,-0.07960142452821539
2021-09-29,0.6795549848668574,0.08698920667675403
2021-09-30,0.6426665071995619,-0.03688847766729553
2021-10-01,0.6290955305697782,-0.013570976629783682
2021-10-04,0.7171596295860736,0.08806409901629542
2021-10-05,0.7748366667458535,0.0576770371597799
2021-10-06,0.6431133411090013,-0.13172332563685218
2021-10-07,0.6951214335531545,0.052008092444153164
2021-10-08,0.6934693798197443,-0.0016520537334101526
2021-10-11,0.6837833637190096,-0.009686016100734718
2021-10-12,0.7003085818411576,0.016525218122148022
2021-10-13,0.7009104908458154,0.0006019090046577302
2021-10-14,0.74597176484755,0.04506127400173465
2021-10-18,0.6846351278494459,-0.0613366369981041
2021-10-19,0.6359022801889566,-0.04873284766048935
2021-10-20,0.6387328172272525,0.002830537038295944
2021-10-21,0.62656360364026,-0.012169213586992522
2021-10-22,0.64929864191637,0.02273503827611001
2021-10-25,0.6823430570287441,0.033044415112374104
2021-10-26,0.7715775188980311,0.08923446186928696
2021-10-27,0.6675645124301499,-0.10401300646788114
2021-10-28,0.5873556507326877,-0.08020886169746222
2021-10-29,0.5929812528837648,0.005625602151077103
2021-11-01,0.7048286396183973,0.11184738673463246
2021-11-02,0.622853242991636,-0.08197539662676123
2021-11-03,0.5981073601487036,-0.024745882842932443
2021-11-04,0.6413389401764258,0.043231580027722205
2021-11-08,0.6333166908455166,-0.008022249330909226
2021-11-09,0.6327228792466542,-0.0005938115988624038
2021-11-10,0.6320003494608883,-0.0007225297857658131
2021-11-11,0.600706493363649,-0.031293856097239336
2021-11-12,0.7745494284122038,0.17384293504855475
2021-11-15,0.6867206001859097,-0.08782882822629401
2021-11-16,0.5950155692325056,-0.0917050309534041
2021-11-17,0.6304285195765675,0.03541295034406189
2021-11-18,0.4637340593834251,-0.16669446019314244
2021-11-22,0.5236015761366982,0.05986751675327312
2021-11-23,0.5141600699395356,-0.009441506197162663
2021-11-24,0.4812013841485658,-0.03295868579096978
2021-11-25,0.43316082345732887,-0.04804056069123691
2021-11-26,0.4996098866739852,0.06644906321665633
2021-11-29,0.4979854038292557,-0.0016244828447294912
2021-11-30,0.49883966374507094,0.0008542599158152253
2021-12-01,0.42815296477068665,-0.07068669897438429
2021-12-02,0.4673424499884426,0.03918948521775595
2021-12-03,0.3956435214150568,-0.07169892857338578
2021-12-06,0.3976950191942384,0.002051497779181566
2021-12-07,0.440147143201958,0.04245212400771964
2021-12-08,0.4580277025822116,0.01788055938025357
2021-12-09,0.4727245704303774,0.014696867848165818
2021-12-10,0.4699554467565334,-0.0027691236738440206
2021-12-13,0.3886910700860128,-0.08126437667052061
2021-12-14,0.4158238384717795,0.027132768385766726
2021-12-15,0.39403280023628445,-0.021791038235495053
2021-12-16,0.4086466903521065,0.014613890115822037
2021-12-17,0.4034236683834648,-0.005223021968641717
2021-12-20,0.4979545713230792,0.09453090293961441
2021-12-21,0.41806200398351195,-0.07989256733956723
2021-12-22,0.46549597150628513,0.04743396752277318
2021-12-23,0.422942754419076,-0.04255321708720916
2021-12-24,0.39294651810692405,-0.029996236312151925
2021-12-27,0.4364772923339613,0.04353077422703727
2021-12-28,0.4949096041068328,0.058432311772871504
2021-12-29,0.4708340602826816,-0.024075543824151224
2021-12-30,0.4706511819650448,-0.00018287831763680318
2021-12-31,0.5284839004977476,0.05783271853270283
2022-01-03,0.6820332060309646,0.153549305533217
2022-01-04,0.6808494637495673,-0.001183742281397282
2022-01-05,0.6741271901409743,-0.00672227360859301
2022-01-06,0.5994864581426915,-0.0746407319982828
2022-01-07,0.6025522170753319,0.0030657589326403833
2022-01-10,0.6808567731473164,0.0783045560719845
2022-01-11,0.609278078769137,-0.07157869437817943
2022-01-12,0.6109758117966723,0.0016977330275352864
2022-01-13,0.6058436011866024,-0.005132210610069854
2022-01-14,0.6802626523567641,0.07441905117016168
2022-01-17,0.7261545563474054,0.04589190399064136
2022-01-18,0.6407772631597561,-0.0853772931876493
2022-01-19,0.6425410595204554,0.0017637963606992324
2022-01-20,0.6354961004049395,-0.007044959115515836
2022-01-21,0.5955313384126596,-0.03996476199227994
2022-01-24,0.5044682632794459,-0.09106307513321366
2022-01-25,0.48098597578205016,-0.023482287497395782
2022-01-27,0.5052495248858193,0.024263549103769155
2022-01-28,0.4892267465794016,-0.01602277830641774
2022-01-31,0.4578513903395667,-0.031375356239834895
2022-02-01,0.4745375605743639,0.016686170234797237
2022-02-02,0.7218616117845345,0.24732405121017054
2022-02-03,0.5933831242868588,-0.12847848749767565
2022-02-04,0.6197709403512602,0.026387816064401437
2022-02-07,0.45415333041017536,-0.16561760994108488
2022-02-08,0.4930401569890829,0.03888682657890752
2022-02-09,0.7117369971988984,0.2186968402098155
2022-02-10,0.6339936939036568,-0.0777433032952416
2022-02-11,0.44361181507335345,-0.19038187883030333
2022-02-14,0.5107649214143557,0.06715310634100224
2022-02-15,0.3824203934793692,-0.12834452793498652
2022-02-16,0.4141952307396022,0.031774837260233
2022-02-17,0.4125188699858867,-0.0016763607537154668
2022-02-18,0.41735740109863834,0.004838531112751621
2022-02-21,0.41525787555105653,-0.002099525547581804
2022-02-22,0.3924860648555524,-0.022771810695504158
2022-02-23,0.3919366405652796,-0.0005494242902727708
2022-02-24,0.5019866814736628,0.11005004090838316
2022-02-25,0.467799181581359,-0.03418749989230374
2022-02-28,0.4369619978513367,-0.03083718373002231
2022-03-02,0.4439570792800866,0.006995081428749883
2022-03-03,0.4574395045355949,0.013482425255508301
2022-03-04,0.48991339126035105,0.03247388672475615
2022-03-07,0.5014517923835093,0.011538401123158293
2022-03-08,0.4809434379719508,-0.020508354411558516
2022-03-09,0.42979164032840755,-0.05115179764354327
2022-03-10,0.3932198248267037,-0.03657181550170385
2022-03-11,0.3935636736321703,0.0003438488054666178
2022-03-14,0.4653658939538272,0.0718022203216569
2022-03-15,0.36820622007146103,-0.09715967388236618
2022-03-16,0.4108072903273222,0.042601070255861184
2022-03-17,0.49894372108513785,0.08813643075781563
2022-03-21,0.40291322037516153,-0.09603050070997632
2022-03-22,0.5611795704521645,0.15826635007700296
2022-03-23,0.5574941627621751,-0.003685407689989373
2022-03-24,0.5669579662598765,0.009463803497701373
2022-03-25,0.43879706137073926,-0.12816090488913723
2022-03-28,0.6031808530190168,0.16438379164827754
2022-03-29,0.6111554707578873,0.007974617738870537
2022-03-30,0.6115954208666682,0.00043995010878083995
2022-03-31,0.5997657364130089,-0.011829684453659284
2022-04-01,0.6810040711928339,0.081238334779825
2022-04-04,0.6796669738626124,-0.0013370973302214706
2022-04-05,0.6385920666031011,-0.04107490725951135
2022-04-06,0.678490991321818,0.03989892471871692
2022-04-07,0.6511546033011228,-0.027336388020695157
2022-04-08,0.6880318387318448,0.036877235430721966
2022-04-11,0.670317962584784,-0.01771387614706077
2022-04-12,0.6798314676126161,0.009513505027832103
2022-04-13,0.6341898432024281,-0.04564162441018804
2022-04-18,0.517241732161897,-0.11694811104053116
2022-04-19,0.49494055248526925,-0.022301179676627703
2022-04-20,0.6435378927628201,0.1485973402775509
2022-04-21,0.7107011735230061,0.06716328076018596
2022-04-22,0.6279322050750286,-0.08276896844797754
2022-04-25,0.49989365203010777,-0.1280385530449208
2022-04-26,0.6925008712491305,0.19260721921902274
2022-04-27,0.5003522806177441,-0.19214859063138645
2022-04-28,0.6302302528073673,0.12987797218962327
2022-04-29,0.46496613720203045,-0.16526411560533688
2022-05-02,0.4579930763834931,-0.006973060818537324
2022-05-04,0.5069179416380103,0.04892486525451717
2022-05-05,0.49876572941282105,-0.008152212225189248
2022-05-06,0.511352161810393,0.012586432397571956
2022-05-09,0.48953029017793986,-0.021821871632453138
2022-05-10,0.49374658696823115,0.004216296790291285
2022-05-11,0.47783772211810605,-0.015908864850125104
2022-05-12,0.5464197709140156,0.06858204879590957
2022-05-13,0.5077312301894704,-0.038688540724545195
2022-05-16,0.42780943865448273,-0.07992179153498769
2022-05-17,0.4186835668629272,-0.009125871791555551
2022-05-18,0.4047150095664367,-0.013968557296490491
2022-05-19,0.4644830131844767,0.05976800361804002
2022-05-20,0.3979885932683982,-0.06649441991607852
2022-05-23,0.4164144749373581,0.01842588166895992
2022-05-24,0.39485096681238235,-0.02156350812497576
2022-05-25,0.39455171814016443,-0.0002992486722179222
2022-05-26,0.4039776413698793,0.009425923229714861
2022-05-27,0.4798507866795926,0.07587314530971329
2022-05-30,0.5228210674571531,0.04297028077756049
2022-05-31,0.465412088637321,-0.05740897881983209
2022-06-01,0.4648957703445228,-0.0005163182927981902
2022-06-02,0.5271898261953705,0.062294055850847685
2022-06-03,0.4376859031534348,-0.08950392304193566
2022-06-06,0.46666537469138014,0.028979471537945334
2022-06-07,0.4652873083160127,-0.001378066375367415
2022-06-08,0.433937601591826,-0.03134970672418674
2022-06-09,0.39366419242696293,-0.04027340916486305
2022-06-10,0.3970230637543512,0.0033588713273882687
2022-06-13,0.49145062758410435,0.09442756382975315
2022-06-14,0.42337032370453836,-0.06808030387956598
2022-06-15,0.42167564961789583,-0.0016946740866425336
2022-06-16,0.5436881799516574,0.12201253033376158
2022-06-17,0.42787151712858007,-0.11581666282307734
2022-06-20,0.42398776938458294,-0.0038837477439971346
2022-06-21,0.44561039563716326,0.021622626252580324
2022-06-22,0.39491522533881873,-0.05069517029834453
2022-06-23,0.41452968931865786,0.019614463979839125
2022-06-24,0.42498104019370264,0.010451350875044785
2022-06-27,0.4676950547867022,0.04271401459299956
2022-06-28,0.4180220384096333,-0.04967301637706889
2022-06-29,0.3943220721328635,-0.02369996627676979
2022-06-30,0.41677390818148996,0.02245183604862644
2022-07-01,0.41565500714773085,-0.001118901033759112
2022-07-04,0.5272439609199311,0.11158895377220024
2022-07-05,0.46321168683186686,-0.06403227408806422
2022-07-06,0.5281856853629922,0.06497399853112529
2022-07-07,0.611429877295987,0.08324419193299482
2022-07-08,0.6104084223118937,-0.0010214549840932285
2022-07-11,0.5899280292944832,-0.02048039301741056
2022-07-12,0.4497576491996725,-0.1401703800948107
2022-07-13,0.44007806580976117,-0.009679583389911317
2022-07-14,0.4664975656743849,0.02641949986462372
2022-07-15,0.6106625281606279,0.14416496248624305
2022-07-18,0.6813306013218979,0.07066807316127
2022-07-19,0.6797644701021894,-0.0015661312197084998
2022-07-20,0.611844167654568,-0.06792030244762148
2022-07-21,0.6633479255510676,0.051503757896499636
2022-07-22,0.6940814492245333,0.030733523673465712
2022-07-25,0.6767825915439332,-0.017298857680600133
2022-07-26,0.6406991777478063,-0.036083413796126895
2022-07-27,0.7748420347481084,0.13414285700030215
2022-07-28,0.7741147606563391,-0.0007272740917693143
2022-07-29,0.7488407185434328,-0.025274042112906292
2022-08-01,0.751953625056647,0.0031129065132141642
2022-08-02,0.6794616815983163,-0.07249194345833065
2022-08-03,0.6809554238063026,0.0014937422079862595
2022-08-04,0.6651313364457322,-0.015824087360570394
2022-08-05,0.6825332579179055,0.017401921472173343
2022-08-08,0.7740612698724306,0.09152801195452509
2022-08-10,0.6828987934735066,-0.09116247639892405
2022-08-11,0.7117719403949777,0.028873146921471138
2022-08-12,0.6843552285094107,-0.027416711885567047
2022-08-16,0.6895115984372945,0.005156369927883819
2022-08-17,0.743671744764544,0.054160146327249525
2022-08-18,0.6810417099340434,-0.06263003483050056
2022-08-19,0.6392814398426729,-0.04176027009137051
2022-08-22,0.6399610214747401,0.000679581632067161
2022-08-23,0.7547565056208395,0.11479548414609941
2022-08-24,0.7086536740783694,-0.04610283154247008
2022-08-25,0.6432122551718412,-0.06544141890652821
2022-08-26,0.6867744605642283,0.04356220539238709
2022-08-29,0.5806810027371404,-0.1060934578270879
2022-08-30,0.6824141954718937,0.10173319273475334
2022-09-01,0.6100073516300458,-0.07240684384184792
2022-09-02,0.6331480660684452,0.02314071443839938
2022-09-05,0.7757669982588425,0.14261893219039734
2022-09-06,0.6854616191702622,-0.09030537908858038
2022-09-07,0.6018991264732155,-0.08356249269704663
2022-09-08,0.6997711686645285,0.09787204219131296
2022-09-09,0.7329188678937336,0.03314769922920513
2022-09-12,0.6953445782737241,-0.03757428962000953
2022-09-13,0.6867555314585255,-0.008589046815198564
2022-09-14,0.6311708191120045,-0.05558471234652107
2022-09-15,0.6404770162488844,0.009306197136879968
2022-09-16,0.5915588552659767,-0.04891816098290769
2022-09-19,0.6354798869043514,0.043921031638374686
2022-09-20,0.6956382219092627,0.0601583350049113
2022-09-21,0.6830011345242397,-0.012637087385023005
2022-09-22,0.6293513496651032,-0.05364978485913652
2022-09-23,0.4685212892993909,-0.1608300603657123
2022-09-26,0.46773219963338697,-0.0007890896660039393
2022-09-27,0.48934230474528034,0.021610105111893374
2022-09-28,0.495480418057407,0.0061381133121266584
2022-09-29,0.46974363040728007,-0.025736787650126935
2022-09-30,0.46973644404670495,-7.1863605751176785e-06
2022-10-03,0.4673157848713705,-0.002420659175334461
2022-10-04,0.4402463668426502,-0.02706941802872026
2022-10-06,0.5021182829668274,0.06187191612417714
2022-10-07,0.41702816504787066,-0.08509011791895671
2022-10-10,0.39356570556804205,-0.023462459479828612
2022-10-11,0.3952567030285168,0.0016909974604747413
2022-10-12,0.4643843059949085,0.0691276029663917
2022-10-13,0.4121820422570398,-0.05220226373786868
2022-10-14,0.4677072248876671,0.05552518263062728
2022-10-17,0.5289984298716474,0.061291204983980274
2022-10-18,0.4809120360511318,-0.04808639382051555
2022-10-19,0.6050459943484463,0.1241339582973145
2022-10-20,0.6739325100161184,0.06888651566767212
2022-10-21,0.6022558269452345,-0.07167668307088393
2022-10-24,0.6063937571386027,0.004137930193368167
2022-10-25,0.5631185176474476,-0.04327523949115508
2022-10-27,0.6073909242759354,0.04427240662848786
2022-10-28,0.6053056843126526,-0.0020852399632828034
2022-10-31,0.6803077352524903,0.0750020509398377
2022-11-01,0.606224575186332,-0.07408316006615834
2022-11-02,0.5647802961030335,-0.04144427908329851
2022-11-03,0.6595603685974679,0.09478007249443443
2022-11-04,0.701437730194771,0.04187736159730304
2022-11-07,0.6840370650117479,-0.01740066518302308
2022-11-09,0.6419367561870124,-0.04210030882473548
2022-11-10,0.6779372356395946,0.036000479452582224
2022-11-11,0.690646606676767,0.012709371037172401
2022-11-14,0.6827897960443039,-0.00785681063246313
2022-11-15,0.6869573961309433,0.004167600086639411
2022-11-16,0.6846397706540852,-0.0023176254768580984
2022-11-17,0.6806103670451431,-0.004029403608942106
2022-11-18,0.6779672361841287,-0.00264313086101442
2022-11-21,0.6436170798788666,-0.03435015630526206
2022-11-22,0.7052695976773367,0.06165251779847003
2022-11-23,0.7025728805796134,-0.0026967170977232335
2022-11-24,0.7743998611258178,0.0718269805462044
2022-11-25,0.6860173614916838,-0.08838249963413403
2022-11-28,0.7275643709710078,0.04154700947932399
2022-11-29,0.6944701075864629,-0.03309426338454491
2022-11-30,0.7732222112073533,0.07875210362089047
2022-12-01,0.6911511559740133,-0.08207105523334002
2022-12-02,0.6767824235588447,-0.014368732415168672
2022-12-05,0.6830051788135044,0.006222755254659762
2022-12-06,0.6805641002672626,-0.0024410785462418705
2022-12-07,0.6604894787895598,-0.02007462147770278
2022-12-08,0.6877274326320306,0.027237953842470852
2022-12-09,0.6442835702428832,-0.043443862389147436
2022-12-12,0.6244908952254212,-0.019792675017461958
2022-12-13,0.767928269459505,0.14343737423408376
2022-12-14,0.688545508630669,-0.079382760828836
2022-12-15,0.5960387061833716,-0.09250680244729736
2022-12-16,0.6328889053535066,0.03685019917013499
2022-12-19,0.7153842881058501,0.08249538275234347
2022-12-20,0.6354030508031587,-0.07998123730269135
2022-12-21,0.6011262794363681,-0.03427677136679064
2022-12-22,0.4742380986784721,-0.12688818075789599
2022-12-23,0.4702714467117063,-0.003966651966765822
2022-12-26,0.5381978491307677,0.06792640241906145
2022-12-27,0.5050935895655426,-0.033104259565225114
2022-12-28,0.5020292579888183,-0.003064331576724366
2022-12-29,0.5527616991335601,0.05073244114474185
2022-12-30,0.47144478515974403,-0.08131691397381607
2023-01-02,0.5137051626074134,0.04226037744766936
2023-01-03,0.5120676107283102,-0.001637551879103194
2023-01-04,0.39585866737041076,-0.11620894335789944
2023-01-05,0.40036071608785934,0.004502048717448581
2023-01-06,0.39802812123478765,-0.00233259485307169
2023-01-09,0.4678297063199294,0.06980158508514173
2023-01-10,0.39647093782231113,-0.07135876849761824
2023-01-11,0.4206070410333483,0.024136103211037152
2023-01-12,0.4206209856242579,1.3944590909642507e-05
2023-01-13,0.42217639727388023,0.001555411649622307
2023-01-16,0.39624666621268717,-0.025929731061193062
2023-01-17,0.5292343436721939,0.13298767745950674
2023-01-18,0.523686393801464,-0.005547949870729929
2023-01-19,0.4684933974837366,-0.055192996317727394
2023-01-20,0.39424855814849635,-0.07424483933524023
2023-01-23,0.47616472796798437,0.08191616981948802
2023-01-24,0.4676044650669673,-0.00856026290101708
2023-01-25,0.3961538420131649,-0.0714506230538024
2023-01-27,0.3993352136127055,0.0031813715995406278
2023-01-30,0.42285067401881615,0.023515460406110633
2023-01-31,0.42217562197982544,-0.0006750520389907089
2023-02-01,0.4769005787310001,0.05472495675117467
2023-02-02,0.41653540400090416,-0.06036517473009595
2023-02-03,0.42522673567456154,0.008691331673657376
2023-02-06,0.4177185847943728,-0.0075081508801887464
2023-02-07,0.41687406957649203,-0.0008445152178807591
2023-02-08,0.4674243041233973,0.05055023454690527
2023-02-09,0.47278243698918065,0.005358132865783349
2023-02-10,0.4167081991048738,-0.05607423788430688
2023-02-13,0.3984337717110475,-0.018274427393826287
2023-02-14,0.5253350821875318,0.12690131047648429
2023-02-15,0.527273843319565,0.0019387611320331732
2023-02-16,0.47009264202267825,-0.0571812012968867
2023-02-17,0.4663466222896692,-0.0037460197330090317
2023-02-20,0.44286109998048245,-0.023485522309186768
2023-02-21,0.45443628549716725,0.011575185516684794
2023-02-22,0.39838496364009823,-0.056051321857069014
2023-02-23,0.42002637238562957,0.021641408745531332
2023-02-24,0.4004985761994797,-0.01952779618614986
2023-02-27,0.4219838511131052,0.021485274913625507
2023-02-28,0.41620654739893354,-0.005777303714171678
2023-03-01,0.4687960592299224,0.052589511830988867
2023-03-02,0.39889958382574786,-0.06989647540417454
2023-03-03,0.46714613932939025,0.06824655550364239
2023-03-06,0.4765942689420761,0.009448129612685874
2023-03-08,0.4822338717728064,0.005639602830730284
2023-03-09,0.3933246578192467,-0.08890921395355972
2023-03-10,0.4185032061186927,0.02517854829944599
2023-03-13,0.398885188699409,-0.019618017419283706
2023-03-14,0.3997492416002154,0.0008640529008064335
2023-03-15,0.3995763091311543,-0.0001729324690611378
2023-03-16,0.4234120603327245,0.02383575120157022
2023-03-17,0.4244212324273293,0.0010091720946048266
2023-03-20,0.41930573308215746,-0.005115499345171859
2023-03-21,0.4281128071403413,0.008807074058183817
2023-03-22,0.4229448710950483,-0.005167936045292976
2023-03-23,0.4181833665511713,-0.0047615045438770265
2023-03-24,0.39748035568642526,-0.02070301086474602
2023-03-27,0.42182589456908215,0.024345538882656892
2023-03-28,0.4089007230074623,-0.012925171561619875
2023-03-29,0.4670833525911061,0.05818262958364384
2023-03-31,0.5285818230040081,0.06149847041290202
2023-04-03,0.4716934742200072,-0.05688834878400095
2023-04-05,0.6824240537892451,0.2107305795692379
2023-04-06,0.6091731827195445,-0.07325087106970063
2023-04-10,0.604810382383193,-0.004362800336351502
2023-04-11,0.6087955201756915,0.003985137792498539
2023-04-12,0.611839356300918,0.003043836125226518
2023-04-13,0.6004112285160227,-0.011428127784895326
2023-04-17,0.5633755279081449,-0.03703570060787775
2023-04-18,0.5683276857024652,0.004952157794320233
2023-04-19,0.602262205492865,0.03393451979039985
2023-04-20,0.6059209357324443,0.0036587302395792998
2023-04-21,0.6054400240692231,-0.00048091166322117296
2023-04-24,0.6104551810765235,0.005015157007300375
2023-04-25,0.6072827894821526,-0.0031723915943708825
2023-04-26,0.6883062700957148,0.08102348061356213
2023-04-27,0.7734576161172959,0.08515134602158114
2023-04-28,0.7737365654079944,0.0002789492906984936
2023-05-02,0.6881483735301119,-0.08558819187788247
2023-05-03,0.6800690948845073,-0.008079278645604648
2023-05-04,0.7727997028970609,0.09273060801255362
2023-05-05,0.6802243722597953,-0.09257533063726564
2023-05-08,0.7742817605353566,0.09405738827556132
2023-05-09,0.6830019039051809,-0.09127985663017568
2023-05-10,0.6875692663512039,0.00456736244602296
2023-05-11,0.6803525789255163,-0.007216687425687596
2023-05-12,0.6832841031905862,0.002931524265069929
2023-05-15,0.685185683881003,0.0019015806904167931
2023-05-16,0.6406096093391949,-0.04457607454180812
2023-05-17,0.6427523225365119,0.00214271319731707
2023-05-18,0.6437367632905123,0.000984440754000393
2023-05-19,0.6906729565909622,0.04693619330044985
2023-05-22,0.7746743424608767,0.08400138586991457
2023-05-23,0.6890667033624885,-0.0856076390983882
2023-05-24,0.6819574879201801,-0.00710921544230847
2023-05-25,0.6874459153279429,0.005488427407762786
2023-05-26,0.7742399513161944,0.08679403598825153
2023-05-29,0.685844585673492,-0.08839536564270234
2023-05-30,0.6822566214238563,-0.0035879642496357
2023-05-31,0.6728815559664612,-0.009375065457395193
2023-06-01,0.6493502215474577,-0.023531334419003458
2023-06-02,0.6890123867482221,0.03966216520076438
2023-06-05,0.6882922107416358,-0.0007201760065862484
2023-06-06,0.685769476687798,-0.0025227340538378495
2023-06-07,0.7087432858073612,0.02297380911956326
2023-06-08,0.6461113286808678,-0.06263195712649339
2023-06-09,0.6449086140482124,-0.0012027146326554217
2023-06-12,0.6897000634212676,0.044791449373055126
2023-06-13,0.7719046534235534,0.08220459000228586
2023-06-14,0.6859998691693681,-0.08590478425418535
2023-06-15,0.6466170676156976,-0.039382801553670466
2023-06-16,0.77362404986035,0.12700698224465246
2023-06-19,0.6423336590568143,-0.13129039080353577
2023-06-20,0.6855415275649008,0.043207868508086555
2023-06-21,0.6849123831302024,-0.0006291444346984143
2023-06-22,0.6458330099767967,-0.039079373153405705
2023-06-23,0.5977381895060269,-0.04809482047076985
2023-06-26,0.6912231224494367,0.09348493294340987
2023-06-27,0.733254259791745,0.042031137342308234
2023-06-28,0.6983362403171414,-0.0349180194746036
2023-06-30,0.7732609885042467,0.07492474818710537
2023-07-03,0.7621073647359781,-0.011153623768268672
2023-07-04,0.6838974062653378,-0.07820995847064027
2023-07-05,0.6809551819874313,-0.002942224277906469
2023-07-06,0.7696972056836754,0.08874202369624407
2023-07-07,0.6658607190657101,-0.1038364866179653
2023-07-10,0.6855441718381128,0.019683452772402688
2023-07-11,0.6876117217593428,0.0020675499212300386
2023-07-12,0.6442540237925777,-0.04335769796676514
2023-07-13,0.6865260550839366,0.042272031291358925
2023-07-14,0.7015255185893798,0.014999463505443233
2023-07-17,0.768149567049772,0.06662404846039216
2023-07-18,0.6846047704464323,-0.08354479660333969
2023-07-19,0.6877004521551024,0.0030956817086701394
2023-07-20,0.7734034794917535,0.08570302733665103
2023-07-21,0.6801982731054661,-0.09320520638628738
2023-07-24,0.6617407067238894,-0.018457566381576695
2023-07-25,0.6860457402995715,0.024305033575682145
2023-07-26,0.6893807234138795,0.00333498311430791
2023-07-27,0.642017591791096,-0.047363131622783494
2023-07-28,0.6849022012819305,0.0428846094908345
2023-07-31,0.7164812983302992,0.0315790970483687
2023-08-01,0.6826958753980041,-0.03378542293229503
2023-08-02,0.5947463834193263,-0.08794949197867785
2023-08-03,0.6281331874358236,0.033386804016497296
2023-08-04,0.6516760490559875,0.023542861620163946
2023-08-07,0.6410926235068055,-0.010583425549182013
2023-08-08,0.6335471312444907,-0.0075454922623148235
2023-08-09,0.6360738292342956,0.0025266979898048714
2023-08-10,0.6283642908972331,-0.007709538337062449
2023-08-11,0.5996087555635436,-0.028755535333689464
2023-08-14,0.6370535026999703,0.03744474713642665
2023-08-16,0.6484073741502877,0.01135387145031741
2023-08-17,0.6061138274973876,-0.04229354665290008
2023-08-18,0.636905331000708,0.030791503503320383
2023-08-21,0.6644449301884996,0.027539599187791586
2023-08-22,0.6395730323340387,-0.024871897854460867
2023-08-23,0.6384837761319591,-0.0010892562020796692
2023-08-24,0.5985511661277103,-0.03993261000424875
2023-08-25,0.501567487583719,-0.09698367854399126
2023-08-28,0.5059359435260381,0.0043684559423190494
2023-08-29,0.503057469166769,-0.002878474359269134
2023-08-30,0.4947649127237246,-0.008292556443044385
2023-08-31,0.47385069722322654,-0.020914215500498046
2023-09-01,0.6833948711158212,0.20954417389259467
2023-09-04,0.6121162468348726,-0.07127862428094855
2023-09-05,0.6074852567838095,-0.004630990051063155
2023-09-06,0.6033634875838725,-0.004121769199937009
2023-09-07,0.680899165125952,0.07753567754207957
2023-09-08,0.6052992996284078,-0.07559986549754427
2023-09-11,0.6805291073549348,0.07522980772652699
2023-09-12,0.5926255334626171,-0.08790357389231762
2023-09-13,0.619104161751568,0.026478628288950867
2023-09-14,0.6023440403742398,-0.016760121377328185
2023-09-15,0.6877858062518676,0.08544176587762775
2023-09-18,0.6804931890232374,-0.007292617228630172
2023-09-20,0.6705317213234214,-0.009961467699815985
2023-09-21,0.6442116228769348,-0.02632009844648664
2023-09-22,0.6240993983361454,-0.020112224540789425
2023-09-25,0.6350712110403206,0.010971812704175243
2023-09-26,0.636847323086545,0.0017761120462244095
2023-09-27,0.6374568918528574,0.0006095687663123517
2023-09-28,0.4713200366478808,-0.16613685520497656
2023-09-29,0.6404997273849636,0.16917969073708283
2023-10-03,0.4737812940427961,-0.16671843334216752
2023-10-04,0.5007242426757315,0.026942948632935337
2023-10-05,0.5080878796208222,0.00736363694509079
2023-10-06,0.6430975435028772,0.13500966388205493
2023-10-09,0.5003896908296465,-0.14270785267323072
2023-10-10,0.7149041025963982,0.2145144117667518
2023-10-11,0.6980492443639265,-0.016854858232471792
2023-10-12,0.6867126521171486,-0.011336592246777855
2023-10-13,0.6611352990577659,-0.02557735305938269
2023-10-16,0.6884559426318476,0.027320643574081704
2023-10-17,0.6894274840338149,0.000971541401967313
2023-10-18,0.594519817376651,-0.09490766665716388
2023-10-19,0.6264727816901017,0.03195296431345063
2023-10-20,0.4998647023743941,-0.12660807931570756
2023-10-23,0.4755675271644567,-0.024297175209937405
2023-10-25,0.4000960814380475,-0.07547144572640924
2023-10-26,0.40321999165525085,0.003123910217203374
2023-10-27,0.46947171865367066,0.0662517269984198
2023-10-30,0.4243418798911665,-0.04512983876250415
2023-10-31,0.39787763345203575,-0.026464246439130756
2023-11-01,0.4063736125102838,0.00849597905824806
2023-11-02,0.4274425758835449,0.021068963373261085
2023-11-03,0.42419964368754187,-0.0032429321960030233
2023-11-06,0.49855127103102864,0.07435162734348677
2023-11-07,0.47304417744336935,-0.02550709358765929
2023-11-08,0.47329967681267315,0.0002554993693038021
2023-11-09,0.46085032013513066,-0.012449356677542489
2023-11-10,0.4807439107724114,0.019893590637280745
2023-11-13,0.47258160743524935,-0.008162303337162058
2023-11-15,0.6108897127937033,0.13830810535845395
2023-11-16,0.602918182610358,-0.007971530183345288
2023-11-17,0.5994507041843073,-0.003467478426050663
2023-11-20,0.6016012007865408,0.0021504966022334315
2023-11-21,0.6089097182367558,0.007308517450214991
2023-11-22,0.6042641532232321,-0.004645565013523645
2023-11-23,0.603095572742123,-0.0011685804811091272
2023-11-24,0.6046307399226295,0.0015351671805065026
2023-11-28,0.6084898196612695,0.00385907973863997
2023-11-29,0.681233148603172,0.0727433289419025
2023-11-30,0.6841456189999358,0.002912470396763789
2023-12-01,0.7363728216874007,0.052227202687464946
2023-12-04,0.5952252805104514,-0.14114754117694928
2023-12-05,0.6856845606756239,0.09045928016517246
2023-12-06,0.6860316046333677,0.0003470439577437645
2023-12-07,0.679460409602244,-0.006571195031123689
2023-12-08,0.6850763375805299,0.005615927978285917
2023-12-11,0.681273924148426,-0.003802413432103857
2023-12-12,0.6397633989757046,-0.04151052517272147
2023-12-13,0.6818296088611492,0.04206620988544463
2023-12-14,0.7173502300277304,0.03552062116658117
2023-12-15,0.7734381677329031,0.05608793770517273
2023-12-18,0.680835925982844,-0.09260224175005904
2023-12-19,0.6805424779362287,-0.0002934480466153522
2023-12-20,0.6014054747760514,-0.07913700316017724
2023-12-21,0.7415701712414134,0.140164696465362
2023-12-22,0.6889666307900639,-0.05260354045134952
2023-12-26,0.7010258387527756,0.012059207962711649
2023-12-27,0.7741940633476209,0.07316822459484529
2023-12-28,0.696677820178936,-0.07751624316868488
2023-12-29,0.6814113323868081,-0.015266487792127914
2024-01-01,0.6819394166114442,0.0005280842246361273
2024-01-02,0.6732829083227161,-0.008656508288728104
2024-01-03,0.6411541439944582,-0.03212876432825784
2024-01-04,0.6954458921920564,0.05429174819759819
2024-01-05,0.6861456385428835,-0.009300253649172974
2024-01-08,0.6424861889606536,-0.04365944958222989
2024-01-09,0.6998754384502014,0.05738924948954782
2024-01-10,0.6956922968802547,-0.004183141569946702
2024-01-11,0.6871783788428266,-0.00851391803742807
2024-01-12,0.7721584064732815,0.08498002763045487
2024-01-15,0.6887366816291475,-0.08342172484413402
2024-01-16,0.6756390764801031,-0.013097605149044345
2024-01-17,0.45773217574968705,-0.21790690073041608
2024-01-18,0.6286530680594135,0.1709208923097264
2024-01-19,0.633375411916101,0.004722343856687572
2024-01-23,0.5515445813286078,-0.08183083058749319
2024-01-24,0.6724005655584333,0.12085598422982546
2024-01-25,0.6220758505581122,-0.050324715000321096
2024-01-29,0.7745240802610529,0.1524482297029407
2024-01-30,0.5958192543175559,-0.17870482594349701
2024-01-31,0.77541849228069,0.17959923796313415
2024-02-01,0.6843090421102966,-0.0911094501703934
2024-02-02,0.6842433163220785,-6.572578821817388e-05
2024-02-05,0.6432606575467078,-0.04098265877537066
2024-02-06,0.7226329995915747,0.07937234204486687
2024-02-07,0.6707513068499649,-0.05188169274160981
2024-02-08,0.6430520348068355,-0.027699272043129386
2024-02-09,0.6884696959070508,0.04541766110021528
2024-02-12,0.5954884962759881,-0.09298119963106266
2024-02-13,0.6924337358215642,0.0969452395455761
2024-02-14,0.7554881575629149,0.06305442174135067
2024-02-15,0.6898852493246914,-0.06560290823822346
2024-02-16,0.6924820010326208,0.00259675170792939
2024-02-19,0.6876383572869338,-0.004843643745687021
2024-02-20,0.7138203773281863,0.026182020041252474
2024-02-21,0.640324922695023,-0.07349545463316332
2024-02-22,0.6745968909053277,0.03427196821030476
2024-02-23,0.6845094130999916,0.009912522194663875
2024-02-26,0.6807906941775724,-0.003718718922419151
2024-02-27,0.7485526203757494,0.067761926198177
2024-02-28,0.6445418992967497,-0.10401072107899978
2024-02-29,0.6878147401641995,0.04327284086744987
2024-03-01,0.7709379022231648,0.0831231620589653
2024-03-04,0.6895128285705128,-0.08142507365265206
2024-03-05,0.6806459557089709,-0.008866872861541863
2024-03-06,0.7654167178455935,0.0847707621366226
2024-03-07,0.6842012883747778,-0.08121542947081573
2024-03-11,0.6413425461479116,-0.04285874222686614
2024-03-12,0.6819403092594769,0.040597763111565266
2024-03-13,0.5672646993206141,-0.11467560993886283
2024-03-14,0.7000245160826732,0.13275981676205917
2024-03-15,0.6344284694295993,-0.06559604665307395
2024-03-18,0.6363679903320548,0.001939520902455527
2024-03-19,0.4743560497524181,-0.16201194057963675
2024-03-20,0.503465672419974,0.0291096226675559
2024-03-21,0.6455602018777272,0.14209452945775325
2024-03-22,0.7020764201802057,0.05651621830247844
2024-03-26,0.6337549994803557,-0.06832142069984992
2024-03-27,0.6479847442112876,0.01422974473093186
2024-03-28,0.7428654071229914,0.09488066291170383
2024-04-01,0.693233687840553,-0.04963171928243848
2024-04-02,0.6858472357050754,-0.007386452135477506
2024-04-03,0.6831550900607795,-0.0026921456442959846
2024-04-04,0.6827711608176036,-0.0003839292431758734
2024-04-05,0.6850901960513954,0.002319035233791844
2024-04-08,0.7335706821243393,0.04848048607294386
2024-04-09,0.6651308158147791,-0.06843986630956023
2024-04-10,0.686538318173808,0.021407502359028885
2024-04-12,0.6410861255070013,-0.04545219266680667
2024-04-15,0.6290633404243946,-0.01202278508260668
2024-04-16,0.4971810973169093,-0.1318822431074853
2024-04-18,0.4697651346668141,-0.027415962650095216
2024-04-19,0.5330171163968157,0.06325198173000163
2024-04-22,0.6962105611482046,0.16319344475138886
2024-04-23,0.7163573900810233,0.020146828932818717
2024-04-24,0.691459801473485,-0.024897588607538323
2024-04-25,0.7747265209435087,0.08326671947002373
2024-04-26,0.6445127818945173,-0.13021373904899136
2024-04-29,0.7752184010670904,0.13070561917257306
2024-04-30,0.6830829369187676,-0.09213546414832274
2024-05-02,0.6908917494039558,0.007808812485188166
2024-05-03,0.641186323835315,-0.04970542556864077
2024-05-06,0.6017573518083261,-0.03942897202698892
2024-05-07,0.5968372254231596,-0.004920126385166479
2024-05-08,0.633984968016041,0.03714774259288134
2024-05-09,0.4748205773315735,-0.15916439068446747
2024-05-10,0.5076515975786724,0.032831020247098885
2024-05-13,0.5022049658645951,-0.005446631714077332
2024-05-14,0.5413694987935898,0.03916453292899469
2024-05-15,0.5004547831253349,-0.040914715668254886
2024-05-16,0.6765803864560398,0.17612560333070493
2024-05-17,0.689619516576559,0.01303913012051916
2024-05-21,0.7535788296599917,0.06395931308343272
2024-05-22,0.6899183311736885,-0.06366049848630317
2024-05-23,0.7718381389685973,0.08191980779490882
2024-05-24,0.6825845573161945,-0.08925358165240282
2024-05-27,0.673781693365053,-0.008802863951141493
2024-05-28,0.6664467087846362,-0.0073349845804168146
2024-05-29,0.6802131942399644,0.013766485455328215
2024-05-30,0.6494669144990095,-0.030746279740954896
2024-05-31,0.685001172578389,0.03553425807937949
2024-06-03,0.3390472585960302,-0.3459539139823588
2024-06-04,0.49554230521062587,0.15649504661459568
2024-06-05,0.4542947551255184,-0.04124755008510744
2024-06-06,0.6461081544642523,0.19181339933873387
2024-06-07,0.687937767445896,0.04182961298164367
2024-06-10,0.6818054367828821,-0.006132330663013885
2024-06-11,0.6834106685317455,0.0016052317488634005
2024-06-12,0.688019943746563,0.004609275214817465
2024-06-13,0.7183756238179912,0.030355680071428304
2024-06-14,0.689199247359531,-0.029176376458460274
2024-06-18,0.6898472691198987,0.0006480217603677119
2024-06-19,0.6731379061009947,-0.016709363018904022
2024-06-20,0.6846622552601165,0.011524349159121816
2024-06-21,0.6420779816654321,-0.04258427359468442
2024-06-24,0.7227269593922118,0.0806489777267797
2024-06-25,0.7751752500225509,0.05244829063033918
2024-06-26,0.7745937174997656,-0.0005815325227853663
2024-06-27,0.7744412533907229,-0.0001524641090426826
2024-06-28,0.6810161550265427,-0.09342509836418023
2024-07-01,0.7728489195727474,0.0918327645462047
2024-07-02,0.6803712500955058,-0.09247766947724156
2024-07-03,0.692063206982126,0.01169195688662017
2024-07-04,0.6842322137018411,-0.007830993280284915
2024-07-05,0.6922077769965826,0.007975563294741583
2024-07-08,0.6840833736613875,-0.008124403335195152
2024-07-09,0.7370007993610925,0.052917425699705034
2024-07-10,0.6663861880351021,-0.07061461132599045
2024-07-11,0.6818790363866739,0.01549284835157183
2024-07-12,0.7097787229613776,0.027899686574703653
2024-07-15,0.689863937195416,-0.019914785765961507
2024-07-16,0.6861031825456374,-0.0037607546497786526
2024-07-18,0.7727598904401016,0.08665670789446422
2024-07-19,0.6377119250268891,-0.1350479654132125
2024-07-22,0.6811932783806081,0.04348135335371894
2024-07-23,0.5678436220930535,-0.11334965628755456
2024-07-24,0.6826633136722071,0.11481969157915362
2024-07-25,0.6691681337849498,-0.013495179887257347
2024-07-26,0.7641505146650456,0.0949823808800958
2024-07-29,0.6811115473844411,-0.08303896728060445
2024-07-30,0.682919555867883,0.0018080084834418697
2024-07-31,0.6901076600732182,0.007188104205335222
2024-08-01,0.6854962420720823,-0.0046114180011359585
2024-08-02,0.6478395323601585,-0.03765670971192381
2024-08-05,0.5657172559983292,-0.08212227636182923
2024-08-06,0.5631006258167213,-0.0026166301816079596
2024-08-07,0.6325732853812877,0.06947265956456639
2024-08-08,0.6023417729308884,-0.030231512450399234
2024-08-09,0.6439951766498139,0.04165340371892545
2024-08-12,0.6335343317408899,-0.01046084490892396
2024-08-13,0.5985114959555482,-0.03502283578534171
2024-08-14,0.6383272244263017,0.03981572847075354
2024-08-16,0.7638154672421492,0.12548824281584747
2024-08-19,0.6922225287250391,-0.07159293851711013
2024-08-20,0.6934351406425753,0.0012126119175361882
2024-08-21,0.723276831549715,0.02984169090713973
2024-08-22,0.6898901674879594,-0.03338666406175561
2024-08-23,0.6876209668632018,-0.0022692006247575502
2024-08-26,0.7588698232120075,0.07124885634880562
2024-08-27,0.6872875259184844,-0.07158229729352306
2024-08-28,0.6855122891014712,-0.0017752368170131927
2024-08-29,0.7468459563367522,0.061333667235281
2024-08-30,0.6883651768832142,-0.05848077945353802
2024-09-02,0.6865963500943538,-0.001768826788860367
2024-09-03,0.6819840764273096,-0.004612273667044198
2024-09-04,0.6448974607414677,-0.03708661568584193
2024-09-05,0.650719831625584,0.005822370884116301
2024-09-06,0.6442390103500292,-0.006480821275554827
2024-09-09,0.7237816647350488,0.07954265438501962
2024-09-10,0.6888052338900158,-0.03497643084503299
2024-09-11,0.6087967160099802,-0.0800085178800356
2024-09-12,0.7293468543589763,0.12055013834899608
2024-09-13,0.6824983520354331,-0.046848502323543206
2024-09-16,0.686439145882229,0.003940793846795909
2024-09-17,0.6877493889889936,0.0013102431067646414
2024-09-18,0.6812959242743409,-0.00645346471465269
2024-09-19,0.6836708497254697,0.0023749254511287177
2024-09-20,0.7649297139865262,0.08125886426105655
2024-09-23,0.6952474139267152,-0.06968230005981102
2024-09-24,0.6796972205708837,-0.01555019335583152
2024-09-25,0.720181912046649,0.04048469147576539
2024-09-26,0.7732038577575086,0.0530219457108595
2024-09-27,0.6784955785642693,-0.09470827919323921
2024-09-30,0.6399661747241302,-0.03852940384013914
2024-10-01,0.6789128620032071,0.03894668727907691
2024-10-03,0.48992898541762353,-0.18898387658558358
2024-10-04,0.4694596462015156,-0.02046933921610794
2024-10-07,0.46264298517487107,-0.0068166610266445216
2024-10-08,0.5573091403383781,0.09466615516350702
2024-10-09,0.5019572653304399,-0.055351875007938145
2024-10-10,0.5039439987697644,0.0019867334393244285
2024-10-11,0.502845190849411,-0.0010988079203533285
2024-10-14,0.7097083082487193,0.2068631173993083
2024-10-15,0.47729459188486534,-0.232413716363854
2024-10-16,0.49845660603704345,0.02116201415217811
2024-10-17,0.4729311978504817,-0.025525408186561738
2024-10-18,0.5544005700074187,0.081469372156937
2024-10-21,0.47276128850669996,-0.08163928150071875
2024-10-22,0.4739652898269666,0.0012040013202666566
2024-10-23,0.5025374494601611,0.028572159633194483
2024-10-24,0.4214058032889475,-0.0811316461712136
2024-10-25,0.3994264051963016,-0.021979398092645874
2024-10-28,0.4229260518473789,0.02349964665107729
2024-10-29,0.423015191683605,8.913983622610422e-05
2024-10-30,0.419684769219908,-0.0033304224636970248
2024-10-31,0.3988540947453275,-0.02083067447458048
2024-11-01,0.424117657080247,0.025263562334919498
2024-11-04,0.39927631667667685,-0.024841340403570167
2024-11-05,0.4674261264523383,0.06814980977566143
2024-11-06,0.46677527306198074,-0.0006508533903575309
2024-11-07,0.3958571668963605,-0.07091810616562022
2024-11-08,0.41961737348102734,0.02376020658466682
2024-11-11,0.4207174771230797,0.0011001036420523747
2024-11-12,0.3988812200442835,-0.021836257078796217
2024-11-13,0.40031074914691583,0.001429529102632332
2024-11-14,0.4252034880531759,0.024892738906260092
2024-11-18,0.4036002828102119,-0.021603205242964052
2024-11-19,0.4242196407501968,0.020619357939984928
2024-11-21,0.400394641829655,-0.023824998920541796
2024-11-22,0.4357838319401509,0.035389190110495905
2024-11-25,0.47249278670676215,0.036708954766611235
2024-11-26,0.4515138025656838,-0.02097898414107835
2024-11-27,0.4706576411749838,0.019143838609300023
2024-11-28,0.39281254210635885,-0.07784509906862497
2024-11-29,0.5287670600316775,0.13595451792531865
2024-12-02,0.4880676660701548,-0.04069939396152272
2024-12-03,0.4802744990486742,-0.007793167021480585
2024-12-04,0.46521824589145544,-0.015056253157218757
2024-12-05,0.3445020026206136,-0.12071624327084185
2024-12-06,0.6005376018194936,0.25603559919887997
2024-12-09,0.6015316596519694,0.0009940578324758587
2024-12-10,0.6027014845716194,0.0011698249196500088
2024-12-11,0.606444444019106,0.0037429594474865935
2024-12-12,0.5987101038958929,-0.007734340123213168
2024-12-13,0.3586277808742136,-0.24008232302167926
2024-12-16,0.5987178800854327,0.2400900992112191
2024-12-17,0.4422012864529561,-0.1565165936324766
2024-12-18,0.4116489085113172,-0.030552377941638897
2024-12-19,0.49779621539171676,0.08614730688039957
2024-12-20,0.47321515135360737,-0.02458106403810939
2024-12-23,0.5094808577474769,0.0362657063938695
2024-12-24,0.5035179476424635,-0.005962910105013375
2024-12-26,0.5041207003672908,0.000602752724827349
2024-12-27,0.5049803184039928,0.0008596180367019812
2024-12-30,0.4743333304432526,-0.030646987960740224
2024-12-31,0.5028125340452536,0.028479203602001013
2025-01-01,0.5060515397768868,0.00323900573163316
2025-01-02,0.7738425506950477,0.26779101091816093
2025-01-03,0.46880183611821163,-0.30504071457683607
2025-01-06,0.3939477832796947,-0.07485405283851693
2025-01-07,0.4239481392206925,0.030000355940997814
2025-01-08,0.41925744492077255,-0.004690694299919973
2025-01-09,0.396495601495561,-0.022761843425211536
2025-01-10,0.4054425368021833,0.008946935306622272
2025-01-13,0.4146096247237112,0.009167087921527928
2025-01-14,0.4279534818169993,0.013343857093288114
2025-01-15,0.4248207438656747,-0.0031327379513246267
2025-01-16,0.4289710246348593,0.004150280769184611
2025-01-17,0.4197990913200025,-0.009171933314856828
2025-01-20,0.4224845930565624,0.002685501736559903
2025-01-21,0.39748474226833863,-0.024999850788223754
2025-01-22,0.4253940891624132,0.027909346894074594
2025-01-23,0.42305926487422996,-0.002334824288183268
2025-01-24,0.4183650565500979,-0.004694208324132032
2025-01-27,0.40506722928792127,-0.013297827262176654
2025-01-28,0.4228911481226943,0.017823918834773023
2025-01-29,0.4680329333353902,0.045141785212695906
2025-01-30,0.42279453817205714,-0.045238395163333056
2025-01-31,0.5282935812588252,0.10549904308676805
2025-02-01,0.4680865499971177,-0.06020703126170751
2025-02-03,0.46766284230704447,-0.0004237076900732162
2025-02-04,0.5263406016507157,0.058677759343671254
2025-02-05,0.44555466225580426,-0.08078593939491147
2025-02-06,0.438435381079182,-0.00711928117662225
2025-02-07,0.4650676125260559,0.026632231446873877
2025-02-10,0.44188856534429594,-0.02317904718175995
2025-02-11,0.3954775435623683,-0.04641102178192763
2025-02-12,0.41965315172134066,0.02417560815897235
2025-02-13,0.41984637954528337,0.00019322782394270988
2025-02-14,0.39748012212472317,-0.0223662574205602
2025-02-17,0.42977897134053133,0.03229884921580817
2025-02-18,0.4207964937844244,-0.008982477556106927
2025-02-19,0.42015518638017185,-0.0006413074042525557
2025-02-20,0.4131761201535441,-0.00697906622662775
2025-02-21,0.4202335878690006,0.007057467715456511
2025-02-24,0.4235956421083951,0.0033620542393945074
2025-02-25,0.4249052347115844,0.0013095926031893024
2025-02-27,0.42339293405115136,-0.0015123006604330635
2025-02-28,0.4047617763386276,-0.01863115771252377
2025-03-03,0.4247153637076975,0.019953587369069936
2025-03-04,0.4086198105002128,-0.016095553207484736
2025-03-05,0.4687438089607202,0.06012399846050742
2025-03-06,0.4208516258007957,-0.047892183159924495
2025-03-07,0.4198245134366477,-0.0010271123641480417
2025-03-10,0.41809593883073176,-0.0017285746059159113
2025-03-11,0.44501474796334584,0.026918809132614074
2025-03-12,0.41876412527884216,-0.026250622684503677
2025-03-13,0.39636722768745386,-0.0223968975913883
2025-03-17,0.46672969448921714,0.07036246680176328
2025-03-18,0.5281629291336096,0.06143323464439249
2025-03-19,0.47107076306020046,-0.05709216607340917
2025-03-20,0.6815167619208423,0.21044599886064186
2025-03-21,0.6816781391494945,0.00016137722865217086
2025-03-24,0.6783707960256053,-0.0033073431238891393
2025-03-25,0.5959325967650274,-0.08243819926057794
2025-03-26,0.5627200621599302,-0.03321253460509721
2025-03-27,0.6779722810724347,0.11525221891250448
2025-03-28,0.5975663327417905,-0.08040594833064418
2025-04-01,0.48736903153206235,-0.11019730120972815
2025-04-02,0.6770485779551149,0.18967954642305251
2025-04-03,0.5785763571869518,-0.09847222076816309
2025-04-04,0.4580068056238762,-0.12056955156307558
2025-04-07,0.513844729330213,0.05583792370633678
2025-04-08,0.45850680932433524,-0.05533792000587773
2025-04-09,0.47893709599261536,0.020430286668280118
2025-04-11,0.4332847662401814,-0.04565232975243394
2025-04-15,0.4669144530514337,0.03362968681125228
2025-04-16,0.6836723244600672,0.2167578714086335
2025-04-17,0.6908920737814855,0.007219749321418334
2025-04-21,0.765275136832671,0.07438306305118547
2025-04-22,0.6855716377737799,-0.07970349905889107
2025-04-23,0.687603207724626,0.0020315699508460794
2025-04-24,0.678071726588375,-0.009531481136251019
2025-04-25,0.5416151104111362,-0.1364566161772388
2025-04-28,0.7626498420661991,0.22103473165506293
2025-04-29,0.6844951389916062,-0.07815470307459293
2025-04-30,0.6828976784299325,-0.001597460561673647
2025-05-02,0.6822082215251325,-0.0006894569048000454
2025-05-05,0.6884554660850023,0.006247244559869802
2025-05-06,0.6450083781321475,-0.04344708795285479
2025-05-07,0.7058316595004737,0.060823281368326154
2025-05-08,0.6412141457824148,-0.0646175137180589
2025-05-09,0.6556905599490581,0.014476414166643359
2025-05-12,0.36637067603870965,-0.28931988391034846
2025-05-13,0.539004282075418,0.1726336060367083
2025-05-14,0.6681629185476949,0.129158636472277
2025-05-15,0.341799259737335,-0.32636365881035995
2025-05-16,0.6795833720768999,0.3377841123395649
2025-05-19,0.6781572635495514,-0.0014261085273484797
2025-05-20,0.639145634897498,-0.03901162865205343
2025-05-21,0.68696509258571,0.04781945768821205
2025-05-22,0.6607604922321436,-0.02620460035356642
2025-05-23,0.7753070490570575,0.11454655682491388
2025-05-26,0.6974050994116119,-0.07790194964544561
2025-05-27,0.6691499803361042,-0.028255119075507706
2025-05-28,0.6750815881654154,0.005931607829311236
2025-05-29,0.6896684944858117,0.014586906320396276
2025-05-30,0.6837927992173668,-0.0058756952684448915
2025-06-02,0.6845288907264843,0.0007360915091174647
2025-06-03,0.5961623863887464,-0.08836650433773785
2025-06-04,0.6421338671813992,0.045971480792652786
2025-06-05,0.6892853947008734,0.04715152751947416
2025-06-06,0.7744355590534483,0.08515016435257494
2025-06-09,0.6937238922242902,-0.08071166682915809
2025-06-10,0.6871564440251202,-0.0065674481991699896
2025-06-11,0.6838826367731078,-0.0032738072520124284
2025-06-12,0.6438509417952595,-0.04003169497784831
2025-06-13,0.5962610621833057,-0.04758987961195382
2025-06-16,0.7759075544721384,0.17964649228883278
2025-06-17,0.6499455384599181,-0.12596201601222035
2025-06-18,0.631495116765963,-0.018450421693955055
2025-06-19,0.6352090546045778,0.0037139378386147337
2025-06-20,0.77259249355728,0.13738343895270222
2025-06-23,0.6823181496739141,-0.09027434388336586
2025-06-24,0.6905843788588856,0.008266229184971441
2025-06-25,0.7556192308871945,0.06503485202830894
2025-06-26,0.7740471942262147,0.018427963339020192
2025-06-27,0.6855142367311374,-0.08853295749507728
2025-06-30,0.6394364730604869,-0.04607776367065053
2025-07-01,0.6828329195513851,0.043396446490898244
2025-07-02,0.6445477708342645,-0.03828514871712063
2025-07-03,0.675004503664747,0.030456732830482447
2025-07-04,0.6889025288089896,0.013898025144242654
2025-07-07,0.6866151878592087,-0.0022873409497808916
2025-07-08,0.7305249315735666,0.04390974371435785
2025-07-09,0.6829757474042402,-0.04754918416932641
2025-07-10,0.6436612614722089,-0.03931448593203124
2025-07-11,0.6084297722992174,-0.03523148917299157
2025-07-14,0.6327762967578967,0.024346524458679353
2025-07-15,0.6999535348331647,0.06717723807526799
2025-07-16,0.6360623234484631,-0.06389121138470155
2025-07-17,0.5996588470050861,-0.03640347644337705
2025-07-18,0.47397692730120344,-0.12568191970388265
2025-07-21,0.6427240362636831,0.16874710896247969
2025-07-22,0.6238385714738339,-0.018885464789849205
2025-07-23,0.6511111268188515,0.0272725553450176
2025-07-24,0.5984427798604394,-0.05266834695841216
2025-07-25,0.47491391530007493,-0.12352886456036444
2025-07-28,0.49539216824946364,0.02047825294938871
2025-07-29,0.5613267053197021,0.06593453707023844
2025-07-30,0.5050414576426486,-0.05628524767705345
2025-07-31,0.4957866310991058,-0.009254826543542816
2025-08-01,0.47533933186788785,-0.020447299231217964
2025-08-04,0.46777810847251755,-0.007561223395370298
2025-08-05,0.420888015495545,-0.04689009297697255
2025-08-06,0.42072136688451484,-0.00016664861103016237
2025-08-07,0.42043511750605583,-0.00028624937845900256
2025-08-08,0.39990759156675504,-0.020527525939300795
2025-08-11,0.46852509729127517,0.06861750572452013
2025-08-12,0.42041663951940456,-0.048108457771870616
2025-08-13,0.42473847161675077,0.004321832097346212
2025-08-14,0.4212091607922838,-0.003529310824466947
2025-08-18,0.47825095667604745,0.057041795883763624
2025-08-19,0.49652831022260885,0.018277353546561403
2025-08-20,0.6135071615346759,0.11697885131206703
2025-08-21,0.6027728596727213,-0.010734301861954565
2025-08-22,0.4400740380112675,-0.16269882166145383
2025-08-25,0.4709683261604982,0.03089428814923073
2025-08-26,0.3927928188220906,-0.07817550733840761
2025-08-28,0.39625887255644254,0.003466053734351937
2025-08-29,0.4200966093686793,0.023837736812236776
2025-09-01,0.4673447892798354,0.047248179911156096
2025-09-02,0.4186253594263955,-0.04871942985343991
2025-09-03,0.4829523843517581,0.06432702492536257
2025-09-04,0.47626655258957956,-0.006685831762178518
2025-09-05,0.47108251162503145,-0.005184040964548109
2025-09-08,0.47290815603922115,0.0018256444141896977
2025-09-09,0.47443930331625916,0.0015311472770380141
2025-09-10,0.610567014034548,0.13612771071828889
2025-09-11,0.6077193430024818,-0.00284767103206629
2025-09-12,0.6077825783733911,6.32353709093536e-05
2025-09-15,0.6021031044444451,-0.005679473928945966
2025-09-16,0.6813664138721947,0.0792633094277495
2025-09-17,0.6113978858804363,-0.06996852799175834
2025-09-18,0.6059541490684373,-0.005443736811999056
2025-09-19,0.6719108614598245,0.06595671239138723
2025-09-22,0.6803384481453781,0.008427586685553656
2025-09-23,0.6836852705788233,0.0033468224334451957
2025-09-24,0.6828662422067159,-0.0008190283721074554
2025-09-25,0.595882143416877,-0.08698409878983893
2025-09-26,0.4727932574702862,-0.12308888594659073
2025-09-29,0.4994551076968189,0.02666185022653267
2025-09-30,0.5016533959694462,0.002198288272627358
2025-10-01,0.5608533314387513,0.05919993546930502
2025-10-03,0.69375438736346,0.1329010559247087
2025-10-06,0.7762946995531242,0.08254031218966429
2025-10-07,0.6902877735866955,-0.08600692596642878
2025-10-08,0.6848561935350914,-0.005431580051604046
2025-10-09,0.7514675017789891,0.06661130824389772
2025-10-10,0.7638377041737703,0.012370202394781149
2025-10-13,0.68394611615914,-0.07989158801463025
2025-10-14,0.6534811234906276,-0.030464992668512436
2025-10-15,0.7749049001684187,0.12142377667779114
2025-10-16,0.7747362780570808,-0.00016862211133794602
2025-10-17,0.7718223351245312,-0.0029139429325495403
2025-10-20,0.6879089401153784,-0.08391339500915285
2025-10-21,0.6820972423315426,-0.005811697783835834
2025-10-23,0.6839659402485968,0.0018686979170542406
2025-10-24,0.6419179702582802,-0.04204796999031657
2025-10-27,0.7716851879946044,0.12976721773632416
2025-10-28,0.6809444331217926,-0.09074075487281175
2025-10-29,0.6920206322756259,0.011076199153833288
2025-10-30,0.6544391233813429,-0.03758150889428302
2025-10-31,0.6432286887183687,-0.011210434662974222
2025-11-03,0.686529383966878,0.043300695248509324
2025-11-04,0.6448954040267507,-0.0416339799401273
2025-11-06,0.6283980671335758,-0.016497336893174896
2025-11-07,0.6342251089545201,0.00582704182094429
2025-11-10,0.642172681629014,0.007947572674493864
2025-11-11,0.6902032121153678,0.04803053048635386
2025-11-12,0.6950525940724603,0.004849381957092502
2025-11-13,0.6842640597161415,-0.01078853435631888
2025-11-14,0.7159601101846943,0.03169605046855284
2025-11-17,0.6899523140635315,-0.026007796121162774
2025-11-18,0.6480320122324297,-0.04192030183110185
2025-11-19,0.7684898975641132,0.12045788533168356
2025-11-20,0.6887924459550064,-0.0796974516091068
2025-11-21,0.6802016549972237,-0.008590790957782701
2025-11-24,0.6432914909966416,-0.03691016400058211
2025-11-25,0.6536332834425653,0.010341792445923703
2025-11-26,0.7490895286647882,0.09545624522222285
2025-11-27,0.6839863352041243,-0.06510319346066384
2025-11-28,0.6825014136729547,-0.0014849215311696362
2025-12-01,0.6603554446706068,-0.022145969002347887
2025-12-02,0.6821605448514979,0.0218051001808911
2025-12-03,0.6853767500121846,0.003216205160686658
2025-12-04,0.6898121392565035,0.004435389244318966
2025-12-05,0.774668836023065,0.08485669676656149
2025-12-08,0.5956586589348528,-0.1790101770882122
2025-12-09,0.633376270106896,0.0377176111720432
2025-12-10,0.626926127131581,-0.0064501429753149875
2025-12-11,0.6938992773870244,0.06697315025544337
2025-12-12,0.7097112348407977,0.015811957453773284
2025-12-15,0.6261517711620415,-0.08355946367875622
2025-12-16,0.6172670753550771,-0.008884695806964382
2025-12-17,0.6341983370180139,0.016931261662936792
2025-12-18,0.5025954639346817,-0.13160287308333218
2025-12-19,0.6428333647106961,0.1402379007760144
2025-12-22,0.7740117419684076,0.13117837725771153
2025-12-23,0.6874768214445377,-0.08653492052386991
2025-12-24,0.6850631726375609,-0.002413648806976809
2025-12-26,0.6767584742116328,-0.00830469842592807
2025-12-29,0.6006491715043021,-0.07610930270733074
2025-12-30,0.6367449980561868,0.0360958265518847
2025-12-31,0.774549841889707,0.1378048438335202
