State_0,State_1,State_2,State_3,State_4,Date
1.695822463632571e-19,1.0,1.9889882891446285e-110,0.0,1.4285774476049121e-101,2010-01-05
0.016763574856343316,0.9381954398182796,0.04444553788053227,0.0,0.00059544744484487,2010-01-06
0.0010890861512278718,0.8991847582091029,0.09893243145244172,0.0,0.0007937241872274932,2010-01-07
0.009728816457029719,0.75735905124208,0.2321504060516963,0.0,0.0007617262491940356,2010-01-08
0.0058683483066313885,0.9715638070086409,0.021941211890287204,0.0,0.0006266327944405999,2010-01-11
6.05484321461619e-08,0.00862835306411197,0.6263444386364745,0.0,0.36502714775098116,2010-01-12
0.007931524623771505,0.9787221096367094,0.0017779870505084392,0.0,0.011568378689010856,2010-01-13
0.8935288340559033,0.058889554841674074,0.044354709432890924,0.0,0.003226901669531631,2010-01-14
0.018724040528951304,0.9216959296332773,0.05944724203934369,0.0,0.00013278779842775586,2010-01-15
0.01989656227462903,0.9754211261278635,0.0036330362283048803,0.0,0.0010492753692026853,2010-01-18
3.818780235800749e-07,5.867927676677777e-15,0.9965940368977347,0.0,0.00340558122423603,2010-01-19
0.0058545648074417945,0.9261173659690525,0.06706633880627771,0.0,0.0009617304172279816,2010-01-20
9.530724507465972e-46,2.1405027999084628e-276,0.0014126399713479268,0.0,0.9985873600286523,2010-01-21
2.8691333996448944e-22,7.891865905872497e-11,5.20426733959014e-07,0.0,0.9999994794943476,2010-01-22
0.0013309675721410764,0.3201833715099746,0.5399025660669137,0.0,0.13858309485097056,2010-01-25
4.887811911550106e-75,0.0,2.581258411206035e-07,0.0,0.9999997418741606,2010-01-27
5.834121215457434e-09,0.008635171826349704,3.318727557700749e-07,0.0,0.9913644904667747,2010-01-28
4.866275988714731e-15,3.5804929867589403e-06,1.165422740169872e-11,0.0,0.9999964194953543,2010-01-29
6.180204044344307e-06,0.23516681195255118,2.1774030382766095e-05,0.0,0.7648052338130239,2010-02-01
2.6783381697857155e-24,5.43003376730312e-35,0.00017455814557246338,0.0,0.9998254418544308,2010-02-02
0.04984042426309153,3.4258482327413374e-134,4.390167764243716e-33,0.0,0.9501595757369079,2010-02-03
5.0972284532693377e-23,4.39523962592366e-108,0.1392732249402723,0.0,0.8607267750597286,2010-02-04
3.832969558542935e-42,1.3006329545130267e-110,0.0010365519086094313,0.0,0.9989634480913898,2010-02-05
1.3801282247644845e-13,1.5511222999399632e-06,1.2011277793920655e-14,0.0,0.9999984488775504,2010-02-08
0.08516694177818039,0.21130410517725526,0.00029625831659699144,0.0,0.7032326947279673,2010-02-09
7.960137761848444e-07,0.0034424430586333923,0.48359644398310303,0.0,0.5129603169444902,2010-02-10
0.8551475679036089,8.037825458320878e-54,3.773336976062636e-15,0.0,0.1448524320963853,2010-02-11
0.0003546466878368152,0.5797550523703341,0.40791642522546023,0.0,0.011973875716369093,2010-02-15
0.7792451571838239,2.458076307972239e-13,3.040144927635515e-08,0.0,0.2207548124144773,2010-02-16
0.9836492952998824,8.597399825155212e-28,8.771800093767793e-10,0.0,0.016350703822942333,2010-02-17
0.0034046546574444327,0.036939749852744785,0.957834050926645,0.0,0.0018215445631720988,2010-02-18
9.35042651996836e-08,1.4429353622674139e-05,0.9643428209292434,0.0,0.035642656212871236,2010-02-19
0.00256941194847902,0.9860789401931432,0.007362591675170978,0.0,0.0039890561832108574,2010-02-22
0.01777938150833934,0.9697886298864491,0.011913875468379314,0.0,0.0005181131368278093,2010-02-23
0.004493806820873759,0.9213909490636645,0.07364568171575642,0.0,0.0004695623997119427,2010-02-24
0.018742992042570777,0.9204857164939301,0.06017604961716276,0.0,0.0005952418463296645,2010-02-25
2.2590505427555302e-07,1.1600972328582146e-14,2.1560613767072587e-16,0.0,0.9999997740949282,2010-02-26
0.47036549601571204,3.672347825437587e-87,9.77513178996871e-24,0.0,0.5296345039842862,2010-03-02
0.7834808021790296,1.5694307114288594e-81,7.566161254075113e-16,0.0,0.21651919782097048,2010-03-03
0.006116687323186727,0.9459998394290641,0.04678681679321344,0.0,0.0010966564545421714,2010-03-04
0.016854296805145885,0.9566890336321742,0.025929830565049782,0.0,0.0005268389976340234,2010-03-05
0.9871753838676144,0.0051427714714110204,0.002932564862473389,0.0,0.004749279798500158,2010-03-08
0.012291383078003974,0.6925106055646626,0.2947389186729407,0.0,0.00045909268439302937,2010-03-09
0.036856487580272684,0.9439667078778965,0.01883120081986321,0.0,0.00034560372196914646,2010-03-10
0.03285789144632364,0.9551177177335717,0.011598993546332252,0.0,0.00042539727376666043,2010-03-11
0.040872541899889536,0.8967135567201489,0.062065851818860936,0.0,0.0003480495610955157,2010-03-12
0.006761855216117168,0.9173669243727388,0.07521871119534038,0.0,0.0006525092158006545,2010-03-15
0.9915941349216789,3.203628512690824e-49,4.813633112565164e-13,0.0,0.008405865077840092,2010-03-16
0.06110017861153941,0.915436928840695,0.0004517683615132337,0.0,0.023011124186258634,2010-03-17
0.04380498801385494,0.932515613934043,0.02333147897656987,0.0,0.0003479190755284613,2010-03-18
0.10841130877419879,0.8537077968949912,0.03745879740966753,0.0,0.0004220969211407756,2010-03-19
4.332351786872725e-09,2.9844123018473173e-24,0.9960815195822195,0.0,0.003918476085432374,2010-03-22
0.05932660092083793,0.9252021272604403,0.014834803624090065,0.0,0.0006364681946288177,2010-03-23
0.9684109084631761,0.017598955665672537,0.00317278678257295,0.0,0.010817349088580053,2010-03-25
0.6853956299859755,0.24244907994875398,0.07112556840708516,0.0,0.0010297216581923996,2010-03-26
0.0005025088152625743,0.9915128822701812,0.0004402313966464215,0.0,0.007544377517903951,2010-03-29
8.02406672997116e-06,3.610199805625209e-05,0.9920215037833093,0.0,0.007934370151897952,2010-03-30
0.001468924813596228,0.9205162864583256,0.07699010049689868,0.0,0.0010246882311818236,2010-03-31
0.9961661078471206,4.781437727024653e-16,0.00011149312124643482,0.0,0.003722399031628954,2010-04-01
0.9948142701099062,4.393556955702989e-74,3.723235903319429e-16,0.0,0.005185729890090005,2010-04-05
0.03236703083172877,0.9098240797749477,0.0576798901405707,0.0,0.00012899925275109027,2010-04-06
0.015116561296313431,0.9590766121643255,0.025253516371107784,0.0,0.0005533101682466502,2010-04-07
2.8403038661166086e-13,4.423686734795317e-43,0.9901240218834222,0.0,0.009875978116300721,2010-04-08
0.9938807119112886,6.909762427526824e-29,1.6031877877346792e-08,0.0,0.0061192720568379756,2010-04-09
0.0008216098290090503,0.9374793893639792,0.06142717827855435,0.0,0.00027182252845557917,2010-04-12
0.0020116777924222566,0.9040944986991677,0.09329090484880216,0.0,0.0006029186596013926,2010-04-13
4.2860118531176427e-10,3.6227056415163014e-06,0.5494498994455836,0.0,0.45054647742017667,2010-04-15
0.006776641797658959,0.9145709709343885,0.07542629782233821,0.0,0.0032260894456105516,2010-04-16
7.335256974276035e-14,3.810236188379872e-29,0.7149496344111429,0.0,0.285050365588783,2010-04-19
0.16538966293666832,0.8172462394671842,0.012151798525527896,0.0,0.0052122990706248125,2010-04-20
0.06694109328118422,0.9039405525008278,0.028831538019221208,0.0,0.00028681619876879457,2010-04-21
3.9772644436553594e-06,0.44361338981828224,1.0227712984679816e-05,0.0,0.5563724052042824,2010-04-22
0.9528903051016665,2.6498492231898347e-10,0.0020919902831987515,0.0,0.04501770435014346,2010-04-23
0.34735288051350627,0.5993290531637705,0.05212661805794515,0.0,0.001191448264773224,2010-04-26
0.02129590543015419,0.872643899169684,0.10571369306995956,0.0,0.00034650233019734597,2010-04-27
2.1331954940264375e-22,2.0772653862379312e-111,0.8806982813374704,0.0,0.11930171866252716,2010-04-28
0.9916199399359138,2.284349154272387e-11,0.0004596454107893151,0.0,0.007920414630446617,2010-04-29
0.683579233605689,0.274779602826867,0.040780764178708434,0.0,0.0008603993887412072,2010-04-30
1.3373556496972433e-08,2.2741694037188968e-29,0.9974450613435384,0.0,0.002554925282908711,2010-05-03
1.0507128390550725e-16,6.765987061401241e-35,0.8549732374636226,0.0,0.14502676253638314,2010-05-04
5.78196326345242e-07,0.7976324052747733,0.032879027483684806,0.0,0.16948798904521073,2010-05-05
1.1973387560787388e-06,0.36295548688573864,0.38268846138154416,0.0,0.2543548543939555,2010-05-06
5.334197424746315e-14,1.9745069883738486e-11,0.3156776019420372,0.0,0.6843223980381681,2010-05-07
2.953746651103315e-07,0.0,2.4579785115169693e-95,0.0,0.9999997046253252,2010-05-10
2.2919416394496185e-09,5.548642289402818e-17,0.6910634790214302,0.0,0.3089365186866185,2010-05-11
0.0039377384647048125,0.9774478634279714,0.0017398500607697018,0.0,0.016874548046562236,2010-05-12
0.01792639462552437,0.9772263690080936,0.00323506894149617,0.0,0.0016121674248827133,2010-05-13
3.796277235252969e-21,9.72849700617553e-59,0.7940428075742373,0.0,0.20595719242576266,2010-05-14
6.700084871723425e-16,0.0003187948846262372,4.318137552238707e-06,0.0,0.9996768869778117,2010-05-17
8.661877400357032e-05,0.7162950296475552,0.0014333330952497351,0.0,0.2821850184831854,2010-05-18
3.6559042856207945e-66,0.0,5.542447097714011e-07,0.0,0.999999445755276,2010-05-19
0.0734189273778068,0.8708279496467553,0.001723743386596751,0.0,0.05402937958885293,2010-05-20
3.3343067051020533e-09,0.11660023879713574,0.0009245783306491686,0.0,0.882475179537917,2010-05-21
1.3066231844223723e-08,0.017716034382878675,1.0670638803941583e-06,0.0,0.9822828854870158,2010-05-24
5.978941644787658e-61,3.5828991633402848e-298,2.1722368144273426e-06,0.0,0.9999978277631957,2010-05-25
0.005270299637136999,5.893330146328203e-216,1.235219586004757e-42,0.0,0.9947297003628526,2010-05-26
0.014610809815764155,1.1758270798433133e-62,1.1271222902913923e-22,0.0,0.9853891901842494,2010-05-27
0.7961970260748118,1.634856619511526e-43,1.5544141921537552e-11,0.0,0.20380297390964602,2010-05-28
0.01346665158549609,0.9797195961474042,0.003916365338148097,0.0,0.0028973869289483658,2010-05-31
1.1454837316422958e-39,1.957610710361206e-233,0.013693121201346503,0.0,0.9863068787986535,2010-06-01
0.8534588818644159,7.614030589367418e-20,3.3468787733603704e-07,0.0,0.1465407834476928,2010-06-02
0.8900251070995863,1.5248360334289554e-99,1.0105468556812528e-23,0.0,0.10997489290041472,2010-06-03
0.07130306267937733,0.9230212614808418,0.003973286310147229,0.0,0.0017023895296312303,2010-06-04
6.1535650281189745e-28,6.218614294914056e-94,0.5992415095637009,0.0,0.4007584904362988,2010-06-07
4.2579443024131073e-11,1.1180347949515418e-07,0.12444447807274775,0.0,0.8755554100811999,2010-06-08
0.0011893810464205254,0.9529580022740405,0.0019596194767757943,0.0,0.043892997202769006,2010-06-09
0.9565733002977803,5.231926637707549e-90,1.4896780740678439e-18,0.0,0.04342669970222874,2010-06-10
0.996741941940667,1.366188489148291e-08,0.00010194912387305206,0.0,0.003156095273566618,2010-06-11
0.9749754798389807,4.640536509911187e-102,2.634004459354871e-18,0.0,0.025024520161008597,2010-06-14
0.02766532878373251,0.969553137469029,0.002296291995281484,0.0,0.000485241751949394,2010-06-15
0.04138595550592322,0.924606135591378,0.033680843667337625,0.0,0.0003270652353722607,2010-06-16
0.9233331328334063,0.005099392537635075,0.00035770045042058117,0.0,0.071209774178524,2010-06-17
0.0018956765715546868,0.955043959288156,0.04238368955134097,0.0,0.0006766745889621766,2010-06-18
0.9747619377547422,1.5130388953826465e-86,8.695881510616058e-21,0.0,0.025238062245262583,2010-06-21
0.0002786400636246313,3.3428154191211257e-14,0.9964514617590446,0.0,0.003269898177293803,2010-06-22
0.030222371477147396,0.9152470065487193,0.05403395493701953,0.0,0.0004966670371112484,2010-06-23
0.002886395124624455,0.9532491036800439,0.04225742721651429,0.0,0.0016070739788205573,2010-06-24
1.4230394754941913e-07,4.264610380975426e-28,0.9955545246967624,0.0,0.00444533299928441,2010-06-25
0.9893725588869361,4.8902879286986595e-51,6.387190866067512e-11,0.0,0.010627441049190832,2010-06-28
1.5485879770978318e-15,4.2933846620360304e-54,0.9911505563798606,0.0,0.008849443620131122,2010-06-29
0.02318938345514988,4.310526657338436e-08,1.22434962913646e-08,0.0,0.9768105611961032,2010-06-30
3.420208714260211e-10,3.1195126379491327e-28,0.7701148543051348,0.0,0.2298851453528682,2010-07-01
0.0027930850895132374,0.909652587298021,0.08548659460282057,0.0,0.002067733009643152,2010-07-02
0.057711323933674355,0.8452287739985834,0.09660309108794574,0.0,0.00045681097978894175,2010-07-05
0.9964471819969477,2.538274429566515e-24,2.0934515406794832e-07,0.0,0.0035526086578969085,2010-07-06
3.9875497933909964e-07,3.7178319173209464e-26,0.998354404846223,0.0,0.0016451963988162812,2010-07-07
0.9903359908655999,1.1709205915771107e-17,1.347190979480391e-07,0.0,0.009663874415288893,2010-07-08
0.9975547675671114,8.265439369341137e-37,2.02806680872534e-08,0.0,0.0024452121522073053,2010-07-09
0.9750315233655216,0.013317937853334665,0.010522695326242613,0.0,0.001127843454914034,2010-07-12
0.8792453099053891,0.017023733327401255,0.10229509465581003,0.0,0.0014358621114151718,2010-07-13
4.624605540015914e-05,0.9754267438278722,0.022375205336479603,0.0,0.0021518047802290092,2010-07-14
0.019555348479149345,0.8993037108015501,0.08078058410268593,0.0,0.0003603566165870667,2010-07-15
0.2648364266995503,0.6152293767405361,0.11863709575640526,0.0,0.0012971008034992505,2010-07-16
0.010983325853033379,0.9159171277400651,0.07268531766238406,0.0,0.00041422874451956253,2010-07-19
0.0006820402577517466,0.9114035864338301,0.08692111693752289,0.0,0.000993256370904004,2010-07-20
0.9845318749004318,1.7084842814024772e-05,0.012135494328219877,0.0,0.003315545928534207,2010-07-21
0.9930101431029735,0.00019293870416505493,0.0002218071275829487,0.0,0.006575111065253113,2010-07-22
0.03380608342435079,0.9352664091522949,0.030812133016351533,0.0,0.00011537440701535699,2010-07-23
0.0014485671389839305,0.22454380629413587,0.7708756992771093,0.0,0.0031319272897883063,2010-07-26
0.03868242566268419,0.9265667647372854,0.0343845244565462,0.0,0.0003662851434632084,2010-07-27
0.0002677400126851482,8.493828370728931e-06,0.996865061753523,0.0,0.0028587044054203927,2010-07-28
0.055371797590044756,0.8966423157487255,0.04766139336822148,0.0,0.00032449329301129337,2010-07-29
2.985052008832867e-05,4.5949437826360575e-07,0.9968261785664329,0.0,0.0031435114190846414,2010-07-30
0.9844493298985485,5.778285483450389e-22,2.713940608959289e-09,0.0,0.015550667387513244,2010-08-02
0.0526291708151064,0.909923644510216,0.037312043632523315,0.0,0.00013514104214265753,2010-08-03
0.395169489501474,0.585612739956562,0.01697522657621539,0.0,0.002242543965736528,2010-08-04
0.015176802822518478,0.5123887227162529,0.4712848868853716,0.0,0.0011495875758414436,2010-08-05
0.016793706898324448,0.8979746766791461,0.08486785442150016,0.0,0.0003637620010252689,2010-08-06
0.9969377425932697,1.4838197493213337e-15,2.332712878787615e-05,0.0,0.0030389302779639713,2010-08-09
0.012316327881638606,0.21481085564935473,0.7719037893267593,0.0,0.0009690271422193733,2010-08-10
4.819668974618173e-05,5.720932344738201e-07,0.997115694210962,0.0,0.0028355370060734863,2010-08-11
0.0058537756010672,0.9179242598842557,0.07491875999560886,0.0,0.0013032045190689155,2010-08-12
0.8448196766465126,0.14266534259942817,0.00562760779774836,0.0,0.006887372956283803,2010-08-13
0.00027048046715504184,0.04728760679894162,0.9488441073297311,0.0,0.0035978054041931914,2010-08-16
0.02966300803335299,0.8780414324627428,0.09192011950615787,0.0,0.0003754399977191091,2010-08-17
0.993944173337032,1.219035961126271e-43,2.1699759209241573e-10,0.0,0.006055826445994491,2010-08-18
0.9955026232225185,3.273523092134993e-50,7.365766547375558e-10,0.0,0.00449737604090691,2010-08-19
0.022130333895970963,0.920369626964317,0.057395488070988473,0.0,0.00010455106869562804,2010-08-20
0.06515913968797847,0.8928947981674556,0.04164894629363546,0.0,0.0002971158509173111,2010-08-23
0.0002504505911211483,0.00019723423872371692,0.9965714661023216,0.0,0.0029808490678177296,2010-08-24
2.6205197066031663e-05,1.1422829941400976e-14,0.9970625752126197,0.0,0.002911219590308169,2010-08-25
0.10353406529729772,0.8408648848050093,0.055102753066654755,0.0,0.0004982968310289485,2010-08-26
3.4627785139752415e-14,2.1362219593370543e-55,0.9816934624429898,0.0,0.018306537556987634,2010-08-27
0.0008314962472940144,0.9821849435897249,0.010274359827046765,0.0,0.006709200335923875,2010-08-30
0.0009553827027768018,0.9374420347996022,0.06001371334494114,0.0,0.0015888691526755926,2010-08-31
0.9876374861757543,7.002525855473019e-60,2.040438760118114e-12,0.0,0.012362513822195968,2010-09-01
0.04457846622622278,0.9378272182382433,0.017483324113052288,0.0,0.00011099142250385792,2010-09-02
0.02483969237221119,0.892185958412108,0.08262873474708858,0.0,0.0003456144686035433,2010-09-03
0.943445021078289,1.27690784770029e-108,1.9479470231301153e-23,0.0,0.05655497892171312,2010-09-06
0.5616924949219132,0.41415581327467266,0.021456428411867106,0.0,0.0026952633915629737,2010-09-07
0.012401152799533133,0.9523115543514971,0.034812536049356316,0.0,0.00047475679962343626,2010-09-08
0.9833101645929654,1.153027464852426e-06,0.012752745607918382,0.0,0.003935936771663529,2010-09-09
0.7573220948478977,1.5054517719215933e-178,1.063339963306016e-34,0.0,0.24267790515210208,2010-09-13
0.3950569266993863,0.5310699377548725,0.0030033867382380152,0.0,0.07086974880751123,2010-09-14
0.992420075343912,3.23326581009956e-37,1.929003747931593e-09,0.0,0.007579922727073463,2010-09-15
4.866927534880995e-05,0.6621669324964543,0.332077536673536,0.0,0.005706861554653821,2010-09-16
0.9961567503554644,1.5811243432072759e-22,9.459027737331454e-07,0.0,0.00384230374175103,2010-09-17
0.9863391839665774,2.1520092688027507e-99,4.893791560757011e-20,0.0,0.01366081603340091,2010-09-20
0.06307813677729762,0.9324379147760246,0.0037432835694413084,0.0,0.000740664877231517,2010-09-21
3.963734558289585e-05,0.9597503493401506,0.03341768099245889,0.0,0.0067923323217995565,2010-09-22
0.0003719878887268995,0.5067416487074972,0.48806943785707996,0.0,0.004816925546668944,2010-09-23
0.9955944170805091,3.921782906538034e-19,7.58389243110191e-07,0.0,0.004404824530261284,2010-09-24
0.031434563173404505,0.9572214265960894,0.011236075574656185,0.0,0.0001079346558462832,2010-09-27
0.008597766898849307,0.9230992127045329,0.06767089994166771,0.0,0.0006321204549653293,2010-09-28
1.704417686292768e-05,0.16978142843063304,0.8007987525677456,0.0,0.02940277482477321,2010-09-29
0.39314239018135655,0.5534032358179096,0.003430262434888415,0.0,0.05002411156583034,2010-09-30
0.8164364671986218,1.1854467500560551e-137,6.399817068661779e-27,0.0,0.18356353280137971,2010-10-01
0.004780491176799319,0.9881902407803987,0.004391587989212204,0.0,0.002637680053603654,2010-10-04
0.0014257233579236899,0.9409037452463924,0.056753496234177615,0.0,0.0009170351615071998,2010-10-05
0.6182950828432625,0.36748314907095353,0.004274536181385147,0.0,0.009947231904416398,2010-10-06
4.1838955590590896e-09,9.981045835905405e-23,0.9963204764053821,0.0,0.003679519410713624,2010-10-07
0.0002448632427338564,0.9408144478023603,0.056487957890656,0.0,0.002452731064234905,2010-10-08
0.03784393759645262,0.9561724064701999,0.0020507904323581005,0.0,0.0039328655010026714,2010-10-11
1.1517265729013875e-05,0.001010274269757726,0.9882008799215831,0.0,0.0107773285429546,2010-10-12
0.07272304035757299,1.7319018356476788e-236,1.8713960465279116e-43,0.0,0.927276959642416,2010-10-13
3.4246286614007334e-11,2.1120822586596988e-06,0.020284294791736723,0.0,0.979713593091741,2010-10-14
1.9364885009486727e-26,4.515908175307285e-84,0.043961997166095154,0.0,0.9560380028339037,2010-10-15
4.156059912101222e-08,0.0323408719105599,2.8156105919574502e-06,0.0,0.967656270918268,2010-10-18
2.6599882137333016e-10,2.0342807175960657e-42,0.19114197864931717,0.0,0.8088580210846917,2010-10-19
3.149037605682151e-05,0.852054536878613,0.09542886918001652,0.0,0.05248510356531043,2010-10-20
0.696382553137042,3.0686038449840362e-43,4.698707576543626e-21,0.0,0.3036174468629681,2010-10-21
0.00014719691039021153,8.863752442848959e-06,0.9713876730191917,0.0,0.02845626631797559,2010-10-22
0.07267918019565228,0.9211530947570584,0.00476820735593338,0.0,0.0013995176913375131,2010-10-25
0.013891580034700582,2.0984220470983888e-05,0.9832303163419882,0.0,0.0028571194028122696,2010-10-26
2.2646406988193423e-09,1.1900178355501266e-19,0.9950242609216727,0.0,0.0049757368137092585,2010-10-27
3.8583115915000485e-05,5.4644216754940786e-05,0.914392660759189,0.0,0.08551411190811535,2010-10-28
0.0016660903242561246,0.9230767221991059,0.0009222203070826721,0.0,0.0743349671695714,2010-10-29
0.563692157012939,0.2761047588468714,2.054323549005323e-06,0.0,0.16020102981664422,2010-11-01
0.03049395183535191,0.9211618002024208,0.04758111616597038,0.0,0.0007631317962812998,2010-11-02
0.1032925025950849,0.8876054871763984,0.00853372107618558,0.0,0.0005682891523519111,2010-11-03
0.984807014498296,1.592538355416004e-33,9.77082276487144e-17,0.0,0.015192985501690695,2010-11-04
0.042864804710215025,2.5129192405557867e-30,0.9125330945316288,0.0,0.04460210075815274,2010-11-08
0.029562256835041073,0.9638308690524687,0.005599827511119725,0.0,0.0010070466013779203,2010-11-09
0.030271718964117823,0.017720128811921917,0.9486580757597552,0.0,0.0033500764641980797,2010-11-10
1.6375746826939503e-14,6.637532294232008e-56,0.9832501344342225,0.0,0.016749865565737317,2010-11-11
4.543019710405772e-26,1.835600137358274e-80,0.7530555593277756,0.0,0.24694444067220836,2010-11-12
0.5153253747377396,0.23452735991385035,0.00039356725878290737,0.0,0.24975369808962783,2010-11-15
6.737151232293655e-43,1.8785792772256722e-258,0.0002697476857745727,0.0,0.9997302523142024,2010-11-16
4.2100441222040314e-14,5.88126199281808e-13,5.890145337022619e-11,0.0,0.9999999999404849,2010-11-18
3.7336581369132114e-28,5.382317133510062e-120,0.018258000191231298,0.0,0.9817419998087458,2010-11-19
0.35160313956206835,1.7079962558073636e-51,5.089647643272299e-22,0.0,0.648396860437913,2010-11-22
3.8988867646789063e-20,1.231036424486787e-05,9.013246483259242e-07,0.0,0.9999867883111255,2010-11-23
3.7270908823123544e-17,5.0954330115059813e-23,0.003242863628365976,0.0,0.9967571363716292,2010-11-24
2.3982986633114952e-14,8.646757089459605e-35,0.1030238861865289,0.0,0.8969761138134411,2010-11-25
3.9589447966014087e-16,8.089423501744249e-17,0.0001261592758109338,0.0,0.9998738407241958,2010-11-26
0.06240371529792991,0.01342067674929986,1.8813844964089002e-08,0.0,0.9241755891389025,2010-11-29
6.4097966583110495e-06,0.0009241662556981712,3.19490989027193e-07,0.0,0.999069104456646,2010-11-30
0.5966639241382582,1.7857795722433657e-70,5.63057444750943e-19,0.0,0.4033360758617461,2010-12-01
0.08550252620726101,0.9081073178048285,0.0009270890813379639,0.0,0.0054630669065977855,2010-12-02
0.002141221101337581,0.9049848548046059,0.0922903353513852,0.0,0.0005835887426981221,2010-12-03
0.0363018415234954,0.15819427025542102,0.7344703279300542,0.0,0.07103356029104761,2010-12-06
0.0024455896463098595,0.9126268764026877,0.08390395837926815,0.0,0.0010235755717355889,2010-12-07
2.0403928351102904e-08,3.4354231994844075e-09,0.9878919114194444,0.0,0.01210806474118999,2010-12-08
8.67116562929748e-48,5.957135363744493e-254,0.0005081258515684404,0.0,0.9994918741484426,2010-12-09
0.0005083674146596271,1.6398177700169292e-40,5.885847416586849e-20,0.0,0.9994916325853399,2010-12-10
2.4048412798428488e-06,0.026815604609517398,1.5113294401461955e-08,0.0,0.9731819754359361,2010-12-13
0.01834883160221106,0.9575950144564077,0.0007377169785129252,0.0,0.02331843696288675,2010-12-14
1.0365364956421486e-05,0.00842517527959569,0.9791369525062411,0.0,0.012427506849229003,2010-12-15
0.03556623544103262,0.7697785354575484,9.57913040531546e-06,0.0,0.19464564997098885,2010-12-16
0.00041469547919913185,0.9774116284590186,0.01379149559979696,0.0,0.008382180462007185,2010-12-20
0.9955983621710898,2.615572452240651e-12,0.0001016351524744633,0.0,0.004300002673820822,2010-12-21
0.01758090340717865,0.1501290960061254,0.8304951692239348,0.0,0.0017948313627597645,2010-12-22
0.14516532039308833,0.21109379973935985,0.6414506604297008,0.0,0.0022902194378245444,2010-12-23
0.8385473097531203,1.0155119299055437e-53,5.915603393848409e-05,0.0,0.16139353421292024,2010-12-24
0.00498945101412166,0.9442376413546734,0.049957312660280945,0.0,0.0008155949709047992,2010-12-27
0.043103954189637264,0.8808582639544833,0.0756925279846263,0.0,0.0003452538712805229,2010-12-28
0.9964689707039878,2.214862112920084e-24,2.2120655251133277e-07,0.0,0.003530808089457048,2010-12-29
0.996966719961907,2.630651612874581e-13,0.001082414523717363,0.0,0.0019508655141368561,2010-12-30
0.9530258786737242,0.02094817526389779,0.025117826967962126,0.0,0.0009081190944050348,2010-12-31
0.30855167673856027,0.6320777872689882,0.058931260795999266,0.0,0.0004392751964777041,2011-01-03
0.018064040427569917,0.7619428115598577,0.21924556066786696,0.0,0.0007475873447102779,2011-01-04
1.5964596438172765e-08,1.3465282005868053e-23,0.9962391499630736,0.0,0.0037608340723361295,2011-01-05
2.395421566697147e-05,2.966121418074536e-11,0.9877581720347943,0.0,0.012217873719854815,2011-01-06
3.7352782286360222e-37,1.2067533628851736e-111,0.09317981492273446,0.0,0.9068201850772737,2011-01-07
4.320862233224216e-43,5.807685654604658e-183,0.0012789101907188898,0.0,0.9987210898093026,2011-01-10
1.2544441132087719e-14,9.519988017939827e-05,1.2048454883826343e-08,0.0,0.999904788071341,2011-01-11
2.7878823715928873e-12,1.3324962599373184e-10,3.9553472498046266e-25,0.0,0.9999999998639737,2011-01-12
7.828916361992318e-24,1.8552214932792866e-85,0.1596634841888169,0.0,0.8403365158112042,2011-01-13
3.882873774627004e-37,6.410159664358324e-39,4.2812147074448805e-09,0.0,0.9999999957187811,2011-01-14
0.0009334457829530839,0.9445484794911035,0.009539426593457563,0.0,0.044978648132464744,2011-01-17
0.9936977740820171,2.135325638715432e-08,1.218296245904341e-06,0.0,0.0063009862684886755,2011-01-18
4.5947585004394576e-05,6.15843825519765e-05,0.9939010230902249,0.0,0.005991444942228573,2011-01-19
0.45060457489590605,5.236397616826639e-07,0.04409155272324445,0.0,0.5053033487411358,2011-01-20
0.011433794791909906,0.9169135940421879,0.06750625877184302,0.0,0.004146352394072185,2011-01-21
0.3245844435614712,0.6717119884183487,0.0010808526964216614,0.0,0.0026227153237256026,2011-01-24
1.7356486574589044e-11,1.869121604350146e-25,0.8791101897509116,0.0,0.12088981023170058,2011-01-25
1.8742964521734386e-25,4.3145532460869905e-197,0.003528103411574298,0.0,0.9964718965884706,2011-01-27
7.98178343842753e-27,2.0122341855661846e-56,0.0007806528986432723,0.0,0.99921934710137,2011-01-28
1.13477388904619e-06,2.575248979010435e-05,0.0013363832573777981,0.0,0.9986367294789515,2011-01-31
1.3506124751265175e-28,1.1177592280076885e-176,0.0007566697503084198,0.0,0.999243330249736,2011-02-01
0.11792374198291852,0.0516794902187055,0.03923228889247719,0.0,0.7911644789059059,2011-02-02
0.42646495638042586,3.3365933017413264e-89,1.8186339247552228e-22,0.0,0.5735350436195888,2011-02-03
8.438966354475877e-47,1.8963373923478815e-101,3.2217729164726556e-06,0.0,0.9999967782270746,2011-02-04
0.09425241835683337,0.08509876777818694,0.410405960676514,0.0,0.4102428531884473,2011-02-07
7.565655892435442e-29,1.4404252401057725e-221,0.00024979096647048985,0.0,0.9997502090335656,2011-02-08
1.88590674807193e-14,0.00015303887002961309,0.0005960519623498974,0.0,0.9992509091675977,2011-02-09
8.727005266899597e-06,0.8419606611766247,0.030255541792753422,0.0,0.12777507002537813,2011-02-10
0.0001645740082474261,4.91723935998422e-38,9.143666533469198e-21,0.0,0.9998354259917528,2011-02-11
0.013988442619705914,5.676091933102298e-200,7.421087292497414e-48,0.0,0.9860115573802879,2011-02-14
2.9127444504639494e-05,0.28354309561911006,2.6469791683668336e-05,0.0,0.71640130714471,2011-02-15
0.014928015523659402,0.9473325198576775,0.03382096812274137,0.0,0.003918496495897497,2011-02-16
0.7826206060607709,0.0031598323554369342,9.307607050096782e-07,0.0,0.21421863082308845,2011-02-17
8.650001099010186e-26,2.160697308488592e-52,0.003469081160826616,0.0,0.996530918839165,2011-02-18
0.0015172480306750434,1.1968722553006788e-10,1.9639290088875371e-10,0.0,0.9984827516532011,2011-02-21
5.958277977274105e-07,0.07585468613283895,0.26064859815077523,0.0,0.6634961198885323,2011-02-22
6.452746252268041e-05,0.8915524706628465,0.0782873933723306,0.0,0.030095608502268705,2011-02-23
1.4469494142626098e-65,1.3470174741512847e-232,8.779338206614434e-05,0.0,0.999912206617945,2011-02-24
2.2232689550211645e-06,0.0343446965825151,4.78008758853215e-08,0.0,0.9656530323476809,2011-02-25
1.4731721168503966e-21,1.233522445813927e-09,9.190683922406052e-19,0.0,0.9999999987664978,2011-02-28
0.0003176097019154861,2.790757867699083e-233,2.980328819890468e-71,0.0,0.999682390298058,2011-03-01
0.0008489037123552422,2.978202081062346e-09,0.0004910350704936608,0.0,0.9986600582389916,2011-03-03
0.012642746848817516,7.847687476484631e-06,0.0775701417115478,0.0,0.9097792637521056,2011-03-04
8.52452942968796e-10,0.09054750948805275,0.016306639808452244,0.0,0.8931458498510765,2011-03-07
0.8941612254012162,1.373543735951467e-26,7.153781665160905e-08,0.0,0.10583870306092608,2011-03-08
0.0004172759855942794,0.9832788088043634,0.0027306157692067717,0.0,0.013573299440880553,2011-03-09
0.0013237267005259173,0.7076979198485047,0.2890829446374398,0.0,0.0018954088135346256,2011-03-10
9.350806076871371e-08,0.7454284650654188,0.10204209351999555,0.0,0.1525293479065707,2011-03-11
0.7068765873463518,1.504484238304837e-118,4.366737892015712e-21,0.0,0.293123412653687,2011-03-14
3.1103803021831116e-18,0.00017422664709003957,3.187436059562866e-05,0.0,0.9997938989922938,2011-03-15
0.7812308068860295,0.0006637902380930029,9.454346431617127e-06,0.0,0.21809594852940548,2011-03-16
3.6028677565565666e-07,0.7503955741736883,0.06672541034000824,0.0,0.18287865519956664,2011-03-17
3.135712747533006e-19,1.3144009974383618e-124,0.2329446921545787,0.0,0.7670553078454022,2011-03-18
0.018451956992147887,1.0042069615656976e-08,0.80380936225051,0.0,0.1777386707153061,2011-03-21
0.3115076218597899,0.6794753440321949,0.0006537841447885979,0.0,0.00836324996321414,2011-03-22
0.9940721875761862,2.8483731531475563e-43,3.124192371496298e-11,0.0,0.005927812392549812,2011-03-23
0.6546751519236806,0.3373225701762322,0.007021556169681668,0.0,0.0009807217303798958,2011-03-24
0.18454899147328457,6.980941762731584e-18,1.0867941324081525e-20,0.0,0.8154510085266881,2011-03-25
0.8654281634509918,1.10805827853951e-05,0.0027801777341810874,0.0,0.13178057823200356,2011-03-28
0.881569843127088,1.1098085114708609e-05,3.228493307369e-05,0.0,0.1183867738547438,2011-03-29
0.9921929426320032,0.0020612821129738766,0.0005053375589966098,0.0,0.005240437696020466,2011-03-30
0.013793746202299825,0.977060529223267,3.1357767283263535e-05,0.0,0.009114366807094917,2011-03-31
0.01157354133653932,0.9164297971191274,0.07154871530866863,0.0,0.00044794623561775275,2011-04-01
0.9950972521658801,6.328018865562312e-29,1.8795013044210428e-11,0.0,0.004902747815326708,2011-04-04
0.002368393199637574,0.9818139333394085,0.015443311866327,0.0,0.00037436159457290624,2011-04-05
0.00030365361240556536,0.9423229796023913,0.05571532054641187,0.0,0.0016580462387892243,2011-04-06
0.031287947554025114,0.872085300144411,0.09617887587833626,0.0,0.0004478764232735496,2011-04-07
2.818051962806689e-07,0.01111660469574105,0.8308262229679881,0.0,0.15805689053102956,2011-04-08
0.00013243923430551757,0.8139614470528428,0.17338491049359286,0.0,0.012521203219271044,2011-04-11
0.00016592515599341587,4.318637047057409e-255,6.472328092102324e-48,0.0,0.9998340748439553,2011-04-13
4.9271148926813754e-14,1.2247783153389043e-33,0.5394360555034726,0.0,0.4605639444964262,2011-04-15
1.0466047396082207e-29,1.3418444776739823e-37,1.83950735674202e-05,0.0,0.9999816049264864,2011-04-18
0.0049768109056672425,0.9658779715948979,0.005282325219897152,0.0,0.023862892279517385,2011-04-19
0.8905298771682176,2.3886789529204203e-19,2.0813702002981943e-15,0.0,0.10947012283174733,2011-04-20
0.07687299020250762,0.9156016351413239,0.006527278703456792,0.0,0.000998095952734272,2011-04-21
0.009116617092975423,0.9196581795074135,0.07090545298733401,0.0,0.00031975041223130654,2011-04-25
1.8950288682927084e-05,0.9169878912028131,0.011651559515703083,0.0,0.07134159899278418,2011-04-26
8.551118268169326e-05,1.0969823149354596e-11,0.9940137918258306,0.0,0.005900696980499313,2011-04-27
8.972417240105422e-08,2.6941423160277903e-36,0.9938032577285464,0.0,0.006196652547271278,2011-04-28
1.2414864849459353e-06,0.6838666511404711,0.24355363542864908,0.0,0.07257847194434836,2011-04-29
5.693495895736081e-08,1.1665842709634126e-27,0.9895325448592034,0.0,0.010467398205796632,2011-05-02
1.7958342042676034e-38,1.0999104545383434e-142,0.12943837639370256,0.0,0.8705616236063278,2011-05-03
0.00010081681363052799,0.6175221549716068,0.23889971169763813,0.0,0.14347731651716725,2011-05-04
3.1357765268283982e-15,4.681501464585247e-24,0.6775410130853382,0.0,0.3224589869146244,2011-05-05
0.9492966742506473,1.1698555667193962e-45,4.112041761755496e-16,0.0,0.05070332574932756,2011-05-06
0.00029363702810204117,0.9884482365665053,0.008184826372155273,0.0,0.0030733000332896225,2011-05-09
0.00021449400424718905,0.9680799077822532,0.028532419382800614,0.0,0.0031731788307322014,2011-05-10
0.05683986678165175,0.9329271194316844,0.009810050711628404,0.0,0.0004229630749843184,2011-05-11
1.567704949503226e-11,9.10146441016501e-09,0.8843840606565039,0.0,0.11561593022635819,2011-05-12
1.630152449174247e-06,1.3144407556196724e-05,1.3251118018396138e-11,0.0,0.9999852254267183,2011-05-13
2.3666174508431458e-05,3.4785252915166586e-13,0.8337300681340098,0.0,0.16624626569113485,2011-05-16
1.2925879827435411e-10,2.0363642079669158e-11,0.8241964763792781,0.0,0.17580352347109182,2011-05-17
0.004600171595006354,0.4441324558727282,0.5432589982390345,0.0,0.008008374293187279,2011-05-18
0.08508410468420231,0.8194194624574642,0.09482627167306067,0.0,0.0006701611852184751,2011-05-19
0.4565549679864831,0.39683858900176894,1.2571228734940877e-05,0.0,0.14659387178302039,2011-05-20
8.66165405540436e-17,6.529436541010782e-51,0.8931587121189385,0.0,0.10684128788101863,2011-05-23
0.01402551876220934,0.9555393714419846,0.029089903516360805,0.0,0.0013452062794629684,2011-05-24
1.708071254585342e-05,1.0346122524259877e-07,0.9966814141320034,0.0,0.0033014016942304117,2011-05-25
0.9906513695017675,1.8789669640722565e-05,2.618512203557889e-06,0.0,0.009327222316336613,2011-05-26
0.9978928461196831,7.606108305223243e-41,3.477028026582725e-10,0.0,0.0021071535326194664,2011-05-27
0.016305856441231763,0.9226035089116744,0.0609435849723138,0.0,0.00014704967473604626,2011-05-30
0.1771018359720272,2.599646025341514e-08,7.362281186586488e-11,0.0,0.8228981379579102,2011-06-01
0.0006645893013668964,0.8474974630891796,0.11956177579386018,0.0,0.03227617181557718,2011-06-02
1.780763937195132e-06,1.4212068444675085e-05,0.8978903373012215,0.0,0.10209366986635608,2011-06-03
0.06843230591703589,0.8878185063558329,0.0390869773433707,0.0,0.004662210383810051,2011-06-06
0.9804415229565189,5.344168325819612e-13,0.010561057637394938,0.0,0.008997419405593893,2011-06-07
0.003944952325506444,0.9225840365786312,0.07318841193746285,0.0,0.00028259915837881903,2011-06-08
0.030076414694693777,0.8729784688221471,0.09649837287100833,0.0,0.00044674361215256376,2011-06-09
0.0003448276394697051,0.06660324178240255,0.92829319612858,0.0,0.004758734449567103,2011-06-10
0.004420606123621096,0.9461884971288926,0.048626292417171355,0.0,0.0007646043303495053,2011-06-13
0.07685835625890292,0.8943693107799173,0.02844558436813751,0.0,0.00032674859301276424,2011-06-14
1.13752625314622e-06,1.34908851715223e-16,0.9967524522720141,0.0,0.0032464102017107804,2011-06-15
5.487502912286397e-05,0.6195751895929305,0.37365970956446126,0.0,0.00671022581353131,2011-06-16
0.00012158900764769162,3.6228838945048908e-12,0.9965702343340068,0.0,0.003308176654777196,2011-06-17
5.538321187239698e-40,7.52799747273576e-74,1.2329487147881645e-05,0.0,0.9999876705129032,2011-06-20
0.004174644286484843,0.9534230759839943,0.0022761657703875143,0.0,0.04012611395908907,2011-06-21
0.20364516325745816,0.3400383808647281,0.4517685265565261,0.0,0.004547929321254784,2011-06-22
0.9821699807280111,6.318023353656682e-11,4.70637510051611e-05,0.0,0.017782955457746902,2011-06-23
0.14487836572901705,1.5769528893910571e-254,8.552564030539987e-54,0.0,0.8551216342709504,2011-06-24
0.02173035575667321,4.2696808301621146e-44,5.660068058934833e-12,0.0,0.9782696442377117,2011-06-27
0.00999334008951245,0.9553539008938106,0.0047409742966058295,0.0,0.029911784720077335,2011-06-28
0.9945269676672732,1.9569504189928818e-08,9.849048759466161e-05,0.0,0.0053745222756314305,2011-06-29
0.9968634471819438,0.0014522945744034179,0.0006394558033754078,0.0,0.001044802440283153,2011-06-30
8.617568197302857e-05,7.62427343216155e-51,0.8201839302368535,0.0,0.17972989408113682,2011-07-01
0.8656437661972028,0.03644861035780121,0.08635730690634813,0.0,0.011550316538687731,2011-07-04
0.031039087730094842,0.15015685141643306,0.8173458218378635,0.0,0.0014582390155760694,2011-07-05
0.019400639462109782,0.877937234625624,0.1021406856046855,0.0,0.0005214403075819397,2011-07-06
0.949309667054786,2.0723707142177223e-111,1.0373090960067173e-23,0.0,0.05069033294521605,2011-07-07
1.1999379497814916e-11,6.966814437441082e-49,0.990387656669058,0.0,0.009612343318925812,2011-07-08
0.000361011608797034,0.0018261305609848198,0.9936059162627576,0.0,0.00420694156748198,2011-07-11
4.760145460378803e-10,0.11857941020728509,0.1779627659042242,0.0,0.7034578234124228,2011-07-12
0.9487556568721053,8.00445631213447e-14,2.6289032758671073e-06,0.0,0.05124171422449441,2011-07-13
0.0018808831752179002,0.9704155001015656,0.026909916840361665,0.0,0.0007936998828002716,2011-07-15
0.007577327275172678,0.9054782219881915,0.08657891333593759,0.0,0.0003655374007088198,2011-07-18
0.9929806265766253,2.880114733610657e-06,0.00013377245584212286,0.0,0.0068827208528009975,2011-07-19
8.503114652307064e-09,2.4678524622116366e-51,0.9892849108448551,0.0,0.010715080652076919,2011-07-20
0.00305594567378215,0.87301081811555,0.12323459667034045,0.0,0.0006986395403564305,2011-07-21
0.991884268665528,3.4282585855328306e-22,2.4493149247642255e-12,0.0,0.008115731332074778,2011-07-22
0.9843391387021313,0.00013052734108554766,0.0001072399467546437,0.0,0.015423094010043945,2011-07-25
3.927576865384493e-27,9.561398480721408e-115,0.673748537110561,0.0,0.3262514628894878,2011-07-26
0.000337316889189894,2.2299028169833485e-05,0.9762831803100218,0.0,0.023357203772607672,2011-07-27
0.0007796602596846227,0.9265934397403549,0.06074305200061302,0.0,0.01188384799940118,2011-07-28
0.001965173147268458,0.9492244927755376,0.04692955779030931,0.0,0.0018807762868997692,2011-07-29
0.025548320552212306,0.9713667249066861,0.0012703228412600713,0.0,0.0018146316998116693,2011-08-01
3.5677200005560397e-06,0.0002450252577323124,0.9886299231659806,0.0,0.01112148385625124,2011-08-02
0.0006021559668567063,0.8839857418182774,0.10832483303812734,0.0,0.007087269176732559,2011-08-03
1.2304527742689202e-15,2.2610222521597023e-47,0.9583597056044701,0.0,0.04164029439551098,2011-08-04
6.128014670918229e-24,1.479319397753164e-07,1.6222001681913395e-08,0.0,0.9999998358461105,2011-08-05
2.569680992644731e-32,1.2397824791647546e-10,3.516751456037902e-11,0.0,0.9999999998408384,2011-08-08
4.183720490226244e-45,1.3230339566831633e-77,2.1987170098665084e-20,0.0,1.0,2011-08-09
0.03938005470816899,0.0005045931578332936,3.980663189102452e-11,0.0,0.9601153520941829,2011-08-10
0.00011706547379144442,0.9212096979270774,0.032308507835454726,0.0,0.04636472876364478,2011-08-11
8.261481605040348e-26,3.570664282514565e-194,0.00017025628478910246,0.0,0.9998297437152288,2011-08-12
2.478987312701924e-13,2.945243112348784e-76,0.0021931942011178054,0.0,0.997806805798683,2011-08-16
2.4267232243176848e-05,0.28233784491062863,2.0916281290321674e-05,0.0,0.7176169715758816,2011-08-17
8.001113111444548e-48,2.049914985866708e-308,3.2482085674455244e-06,0.0,0.999996751791446,2011-08-18
2.1028791602692557e-20,4.733516529636152e-06,1.9369455126533368e-07,0.0,0.9999950727888942,2011-08-19
0.00113399286877843,1.008859418304013e-10,1.3210022410071693e-10,0.0,0.9988660068982832,2011-08-22
1.2003928961197993e-06,0.009898158836784517,5.044143810939835e-10,0.0,0.9901006402659356,2011-08-23
5.279715713990943e-11,4.6430872674027076e-08,0.1556876883330539,0.0,0.8443122651832443,2011-08-24
2.0555196279870383e-12,1.330751518599965e-68,0.3655417439724919,0.0,0.6344582560254663,2011-08-25
3.9607807298244134e-35,5.24049846633097e-57,1.140364577290689e-05,0.0,0.9999885963542215,2011-08-26
0.0005236023185363975,5.730413825033769e-199,7.62561227845511e-67,0.0,0.9994763976814965,2011-08-29
0.0001713132206452627,0.006426695851233136,2.4147437016447335e-12,0.0,0.9934019909256999,2011-08-30
9.338762870908098e-06,4.901398721331436e-22,5.535165288240765e-11,0.0,0.99999066118182,2011-09-02
5.183009076871869e-05,0.9159197212400457,0.029123954527838503,0.0,0.05490449414134809,2011-09-05
3.576137086271225e-06,2.9076287775668877e-16,4.272609628600006e-12,0.0,0.9999964238586752,2011-09-06
0.3396836936984679,5.002707541426711e-07,6.84572009520698e-08,0.0,0.6603157375735433,2011-09-07
0.005192071248985789,0.955151311504392,0.00041698496229879156,0.0,0.039239632284321195,2011-09-08
1.8324647559382455e-26,1.0237748676879416e-141,0.4643915512691469,0.0,0.5356084487308143,2011-09-09
1.9100525130748732e-16,3.515499753464157e-06,9.023249112839216e-05,0.0,0.9999062520091075,2011-09-12
8.683688506398715e-12,0.0002559651218389933,6.502531596993362e-07,0.0,0.9997433846163312,2011-09-13
1.4625640014859142e-05,2.3543623436540362e-06,4.1071024938092166e-14,0.0,0.9999830199975647,2011-09-14
1.7778135375005528e-11,3.6477704302406557e-06,1.3244726533377304e-15,0.0,0.9999963522117835,2011-09-15
0.031309839382257995,0.002746833753112274,0.04231945804554593,0.0,0.9236238688190683,2011-09-16
6.022940281633888e-06,1.5037841889333138e-09,0.8060283235286326,0.0,0.19396565202731186,2011-09-19
0.6955448594215221,2.825188407067964e-113,4.323505532326621e-30,0.0,0.3044551405784681,2011-09-20
0.002748768538028862,0.9523514695001747,0.04181422797251513,0.0,0.0030855339893310807,2011-09-21
4.325599183457604e-80,5.2874500777847926e-256,1.625335774965383e-07,0.0,0.9999998374663751,2011-09-22
2.4779823079053376e-14,0.001068744637014515,5.433287553324365e-05,0.0,0.998876922487459,2011-09-23
1.0382378704232776e-15,1.3821202870869506e-05,3.0027970648378945e-06,0.0,0.9999831760000993,2011-09-26
0.017544347631652493,7.6064938213854315e-59,1.5098304098826979e-30,0.0,0.9824556523683259,2011-09-27
1.3963236636346518e-06,3.283536117774552e-22,0.24382727296676066,0.0,0.7561713307096083,2011-09-28
0.0007959371940053504,6.689473776476257e-60,1.3165619238632872e-19,0.0,0.9992040628059425,2011-09-29
2.493674549808195e-15,3.2380928755738586e-08,0.006273438166091795,0.0,0.9937265294529973,2011-09-30
3.6332052235842525e-11,0.0024447813629400717,0.0003432727796284085,0.0,0.9972119458211333,2011-10-03
8.452057967776594e-30,9.785069796994557e-13,5.3497057484803795e-09,0.0,0.9999999946492153,2011-10-04
1.0259392062674777e-06,0.000219973152851003,0.0483675428662178,0.0,0.951411458041776,2011-10-05
2.0955463551142667e-08,2.3842831753159596e-06,3.412242322779504e-20,0.0,0.9999975947613897,2011-10-07
0.149889416769447,6.512467941386476e-108,1.851005603716496e-26,0.0,0.8501105832304845,2011-10-10
0.0016774480149313322,4.193028048946757e-07,0.1402585086028279,0.0,0.8580636240793733,2011-10-11
0.09044554407059027,2.3709437106070007e-75,3.254987704127761e-32,0.0,0.9095544559293121,2011-10-12
0.00019313271827686964,1.5741367641685196e-22,0.6727071265021665,0.0,0.3270997407794824,2011-10-13
0.7430224151110075,1.8161594722430066e-72,8.65272874865668e-12,0.0,0.25697758488034056,2011-10-14
0.0021659998766255326,0.01990273271958657,0.8471130543337154,0.0,0.13081821307011232,2011-10-17
1.5104645739879262e-06,0.6336600169389004,0.01568198429224941,0.0,0.35065648830419444,2011-10-18
0.8886775572814555,7.737353611993674e-35,3.1215263090120695e-17,0.0,0.11132244271863338,2011-10-19
1.2162168127778679e-05,0.8655010474379289,0.09980956138797792,0.0,0.03467722900589673,2011-10-20
5.8245296221350665e-08,1.0580074645904419e-20,0.9883372479959592,0.0,0.011662693758778276,2011-10-21
0.06515312219253248,0.9302682284568755,0.00011121894714646006,0.0,0.004467430403393386,2011-10-24
3.7419856694071754e-06,9.191340231826919e-08,2.029140362337774e-18,0.0,0.9999961661008736,2011-10-25
1.1578527861854075e-10,1.2072088285043415e-08,8.233553473087976e-27,0.0,0.999999987812089,2011-10-28
0.001310036354685157,3.76278026492642e-05,0.8471984446869953,0.0,0.1514538911557601,2011-10-31
9.008633195701838e-08,0.6108637723889927,0.1540551344005286,0.0,0.23508100312407484,2011-11-01
0.0006366460499863684,0.06468036549095917,0.05880550262002352,0.0,0.8758774858390169,2011-11-02
0.0003826530691360427,0.9237042239420165,0.002819986491163576,0.0,0.07309313649768476,2011-11-03
0.859541099085455,0.00011250160054685595,0.07757064971650478,0.0,0.06277574959741826,2011-11-04
0.016187994952172127,0.9527105880360105,0.030396023064517063,0.0,0.0007053939473965216,2011-11-08
2.7720940188909836e-16,3.887827188517205e-88,0.9139830689107695,0.0,0.0860169310892122,2011-11-09
3.139210599473932e-05,0.8543770623525053,0.1250021714829854,0.0,0.02058937405851842,2011-11-11
2.8036782231498946e-05,8.182517437269257e-42,0.8072780274818032,0.0,0.19269393573600513,2011-11-14
5.262158468620788e-16,7.460085758659495e-20,0.5042591411857776,0.0,0.49574085881431945,2011-11-15
3.4290496568420327e-06,0.46648988452497764,0.35691608974015115,0.0,0.17659059668517516,2011-11-16
1.065592590705802e-25,3.263908405154402e-92,0.5803083393198689,0.0,0.41969166068006697,2011-11-17
2.859696630140557e-06,0.6268006045314409,0.06704185210945053,0.0,0.30615468366252274,2011-11-18
2.453564355742017e-37,1.549201295775832e-144,0.04340006144496828,0.0,0.9565999385550712,2011-11-21
0.0036550822391196876,0.8500339288497293,4.808399816200566e-05,0.0,0.1462629049129076,2011-11-22
4.3283869469794565e-34,2.4162943492930135e-27,6.079005212107915e-06,0.0,0.9999939209947715,2011-11-23
0.00016199950981215776,0.8554931093510565,0.0025164874523050736,0.0,0.14182840368672925,2011-11-25
0.2608070849081607,2.3105863100149796e-105,1.6191150376323274e-39,0.0,0.7391929150918439,2011-11-28
2.659118762333827e-09,2.437641954261579e-31,0.8426346222765837,0.0,0.15736537506424175,2011-11-29
0.04589637002891837,4.295328460631397e-27,9.719453054241517e-06,0.0,0.9540939105180569,2011-11-30
1.1036345349946081e-05,4.213493259382698e-06,1.0731321285539083e-18,0.0,0.9999847501613669,2011-12-01
0.00028155583386598506,4.9146211432200745e-104,1.6057093654578387e-37,0.0,0.9997184441661854,2011-12-02
0.0019518074115163788,0.9382589868149306,0.03314885579866259,0.0,0.026640349974853456,2011-12-05
0.00737576005844637,0.9879942161444465,0.0017611581862386969,0.0,0.0028688656108089724,2011-12-07
3.3182606375041296e-32,1.4999477194076824e-80,0.2229707763621605,0.0,0.7770292236377637,2011-12-08
1.3703512758472438e-11,0.011056365938567885,0.0008630165950124457,0.0,0.9880806174526535,2011-12-09
4.713143127140426e-53,0.0,6.682780574116422e-10,0.0,0.9999999993317488,2011-12-12
0.012185421313824791,5.481429414771478e-32,1.1859418737383976e-08,0.0,0.9878145668268484,2011-12-13
1.8477772986224667e-09,0.07897283620940272,0.00830102135282005,0.0,0.9127261405900428,2011-12-14
2.5790751783678594e-08,0.054448920424916475,0.0019334967267324106,0.0,0.9436175570575347,2011-12-15
4.126789570211154e-54,4.950275732834534e-68,5.1845113154652865e-14,0.0,1.0,2011-12-16
8.038944432245643e-07,0.5046190313798792,0.027538646503450132,0.0,0.4678415182221465,2011-12-19
5.081396454624363e-23,1.0598795574596437e-137,0.055715346927590434,0.0,0.9442846530723518,2011-12-20
4.3048672894667435e-09,2.4575007060194776e-21,5.634517169735832e-38,0.0,0.9999999956951342,2011-12-21
2.8176290125049615e-05,1.789568959189835e-154,3.050858437611173e-18,0.0,0.9999718237099489,2011-12-22
0.00010162070506772336,3.318701670758506e-17,0.5314829527604007,0.0,0.4684154265346375,2011-12-23
0.04701843135593646,0.46121578823457504,0.00010073067004129378,0.0,0.49166504973934244,2011-12-27
3.4342140126343893e-08,1.5920271636233694e-20,0.9546529680466198,0.0,0.04534699761122558,2011-12-28
4.336593017990965e-08,1.5841255048027358e-05,0.962394753468956,0.0,0.037589361910067974,2011-12-29
1.1484202559303925e-05,0.01629653312699006,0.7786541445225471,0.0,0.2050378381479306,2011-12-30
0.1536321620523564,2.2060730943780203e-148,1.448691220272959e-45,0.0,0.8463678379477526,2012-01-03
0.0039821336797111724,0.5711595762145445,0.35243551394152767,0.0,0.07242277616427938,2012-01-04
0.008862833062280126,0.939313647228091,0.050276448801657374,0.0,0.0015470709080316108,2012-01-05
2.404000617300182e-08,0.1257608170637493,3.8733199220378756e-05,0.0,0.8742004256970383,2012-01-06
0.00025272393490864226,0.8963277901105868,0.028658321967655002,0.0,0.07476116398686615,2012-01-09
0.9355002509434848,1.583475364041762e-92,1.942584350962644e-27,0.0,0.06449974905647769,2012-01-10
0.05611157107074461,0.9137813533942831,0.029707329250228606,0.0,0.00039974628465050383,2012-01-11
3.089514402739213e-05,0.8972261118006986,0.0966999918814295,0.0,0.0060430011737409575,2012-01-12
0.01706764486514583,0.9757658484059946,0.0004915817709495326,0.0,0.006674924957805578,2012-01-13
0.4432924156474428,0.11212095047352999,0.43302796105039776,0.0,0.011558672828547315,2012-01-16
0.9899541765543391,2.6682133311959433e-55,1.6627471759321454e-18,0.0,0.010045823445600222,2012-01-17
0.00851058383304622,0.8342219381359756,0.15686648561207217,0.0,0.00040099241888729163,2012-01-18
0.9838871956573192,0.0021132650626300587,7.654507307143166e-05,0.0,0.0139229942069176,2012-01-19
0.02575463895580127,0.9716545768928985,0.0015481244778581867,0.0,0.0010426596733902529,2012-01-20
0.09158042741302665,0.6003042838575966,0.30690325991297107,0.0,0.0012120288164946531,2012-01-23
0.9570650179219607,6.2769090300360416e-24,1.451631413532558e-13,0.0,0.04293498207792773,2012-01-24
0.07136014279171739,0.9238991699163219,0.00427004719099302,0.0,0.00047064010097943644,2012-01-25
0.06837007356164417,0.9293981502653579,0.0003682224632385583,0.0,0.0018635537098622024,2012-01-27
1.2377234782281014e-23,6.021880922077548e-73,0.6975824675444704,0.0,0.3024175324556321,2012-01-30
0.7746518978500756,3.244649184777522e-49,1.028900412651395e-22,0.0,0.2253481021498915,2012-01-31
0.12427346038594489,0.4471836005394857,0.00033302945363016234,0.0,0.4282099096208886,2012-02-01
0.022829916183281142,0.9528804871874601,0.0011376996872253678,0.0,0.023151896942145193,2012-02-02
0.978560220930535,8.473566368625312e-10,8.301671679644204e-07,0.0,0.021438948054981515,2012-02-03
0.03259104554758535,0.9662169561999172,0.0005520378024291467,0.0,0.0006399604501709518,2012-02-06
1.7852492431977867e-06,1.8431485442443318e-66,0.6091453141929187,0.0,0.3908529005577925,2012-02-07
0.02396786606709759,0.9542123906910983,0.0007192026269710126,0.0,0.021100540614844884,2012-02-08
0.9657970175892392,1.848751362284914e-42,1.4943078650284106e-07,0.0,0.034202832980043806,2012-02-09
2.2779380915392983e-06,0.9429372122313662,0.04351778769557361,0.0,0.01354272213504198,2012-02-10
0.0031934135326283073,0.9816696861250269,0.012794862997667661,0.0,0.002342037344671854,2012-02-13
0.9753422273816006,8.393522111060316e-06,0.020685732816995716,0.0,0.003963646279279002,2012-02-14
0.9917137656451726,1.0517215295958717e-57,2.9039100159909843e-21,0.0,0.008286234354837012,2012-02-15
0.009674047694183877,0.9331330582444841,0.057020796816516825,0.0,0.0001720972447927749,2012-02-16
0.0468985442583031,0.950596235119194,0.0007724524811858377,0.0,0.0017327681412929172,2012-02-17
0.9967362012319008,1.2167487434200999e-12,0.00014094053832621573,0.0,0.003122858228507552,2012-02-21
5.079459792078895e-25,5.54470097016574e-85,0.8249122891443254,0.0,0.1750877108556586,2012-02-22
7.752226813106713e-05,0.9072229435526931,0.07392386189830503,0.0,0.018775672280835227,2012-02-23
2.7876839085709233e-11,3.1660393165157696e-05,0.20507407682451725,0.0,0.7948942627543626,2012-02-24
8.240798381540446e-69,0.0,2.427171716561171e-09,0.0,0.999999997572786,2012-02-27
0.6494781478899285,1.9271119835723054e-33,6.189979231616642e-16,0.0,0.35052185211013137,2012-02-28
4.530989341167833e-05,0.08429499869958698,0.000769620569201133,0.0,0.9148900708377916,2012-02-29
2.1671753661843177e-06,0.6340376451699072,0.11933504945673948,0.0,0.24662513819795567,2012-03-01
0.002194206048902619,0.9735657390969034,0.0021201591601736963,0.0,0.022119895694012175,2012-03-02
1.0734002748241405e-12,1.8539040317774642e-34,0.987557293083784,0.0,0.012442706915035741,2012-03-05
1.3456582485295472e-31,7.682784957143247e-12,7.272730120034747e-12,0.0,0.9999999999849933,2012-03-06
0.00027543412149692083,0.9317423815117291,0.006697786283283902,0.0,0.06128439808343139,2012-03-07
0.5268579861888132,4.195519736948325e-13,6.100240716787242e-13,0.0,0.47314201381010695,2012-03-09
0.12882126369028485,9.58622277343644e-16,0.00028422108620641313,0.0,0.870894515223515,2012-03-12
0.8630912942043433,4.743499024995413e-12,2.5438566654451867e-07,0.0,0.1369084514053146,2012-03-13
0.20863190238411639,0.783932986204862,0.002277034689681285,0.0,0.0051580767213986415,2012-03-14
7.0468190330185e-17,2.673240707112714e-65,0.9808348004964542,0.0,0.019165199503463473,2012-03-15
1.1496231904987732e-18,1.5486723818547222e-12,0.0011666024471857863,0.0,0.9988333975511803,2012-03-16
1.2108225659455802e-13,7.387905652313893e-58,0.3435392103650026,0.0,0.6564607896348819,2012-03-19
0.007529716939100491,0.9769495842881274,0.00409586726659876,0.0,0.011424831506219792,2012-03-20
0.8755428447168081,2.2969653439624083e-97,1.545219434140844e-22,0.0,0.12445715528314973,2012-03-21
4.199229288326651e-50,4.3484794191309374e-153,0.00016083599334119935,0.0,0.9998391640067235,2012-03-22
0.0004227214809263638,0.2620520408350717,2.987766249887737e-07,0.0,0.7375249389073536,2012-03-23
5.679107204008551e-23,1.6804512315553057e-116,0.20530372961666385,0.0,0.7946962703833248,2012-03-26
0.00011781205507497853,0.05249077292933819,3.3749967942149977e-08,0.0,0.947391381265646,2012-03-27
4.412157300531131e-06,0.0005353944010827554,0.7205278224125052,0.0,0.27893237102909973,2012-03-28
0.007353142260099978,0.011166312796982436,0.9619761156209811,0.0,0.01950442932187794,2012-03-29
0.9479628157660348,1.78573436924988e-92,3.4597745273244233e-28,0.0,0.052037184233881977,2012-03-30
0.06880927698361834,0.9233783897335124,0.007249040675364447,0.0,0.0005632926074657851,2012-04-02
0.1148805143984059,0.878470251198919,0.005855297009674032,0.0,0.0007939373929845071,2012-04-03
0.00530084329298689,0.9036481774656495,0.08982167853249616,0.0,0.0012293007089507063,2012-04-04
6.212484153073366e-11,1.893555851168757e-21,0.9311357574045995,0.0,0.0688642425333409,2012-04-09
0.030853175549414687,0.9300004436816762,0.038490403953605964,0.0,0.000655976815275672,2012-04-10
0.00011326977147288868,0.9493863690209018,0.047688239461225655,0.0,0.002812121746358096,2012-04-11
0.9961743167365171,0.00014720833051078285,0.00028938800486919073,0.0,0.003389086927998476,2012-04-12
1.4397439008866476e-15,8.408359536368237e-06,0.028945499187044647,0.0,0.9710460924534792,2012-04-13
0.7613138626872079,3.301832508343413e-06,0.04120119601117197,0.0,0.19748163946922218,2012-04-16
0.0050760045047683194,0.6057638329279073,1.2575371488109362e-07,0.0,0.3891600368135804,2012-04-17
0.05189668432085756,0.9038789667558924,0.04031538163801256,0.0,0.003908967285312589,2012-04-18
0.05509003720188896,0.9408773064751046,0.0033303043828854656,0.0,0.000702351940197795,2012-04-19
1.354210228376117e-07,0.8238641245166035,0.10147800414219449,0.0,0.0746577359202061,2012-04-20
1.8597923425179322e-20,6.356357135644876e-33,0.32427385012991033,0.0,0.6757261498701093,2012-04-23
0.02851907822917065,0.9529900983447135,0.008256063983824715,0.0,0.010234759442326734,2012-04-24
4.427785260706669e-05,0.937531681710521,0.057706210206137344,0.0,0.004717830230665798,2012-04-25
0.0578902979807452,0.004365434724052889,0.9346777967689186,0.0,0.0030664705262021023,2012-04-26
0.001690460842605176,0.9672601859069624,0.027645569707311562,0.0,0.003403783543058539,2012-04-27
0.9969519021171415,4.384072641969998e-17,3.077058281198457e-07,0.0,0.0030477901771116165,2012-04-30
0.00374131208776137,0.9542709134156583,0.04184973045342061,0.0,0.00013804404320549445,2012-05-02
0.000980592061855595,0.11557144116380365,0.86843911520684,0.0,0.015008851567388131,2012-05-03
5.100880441218733e-22,3.8907671334467286e-56,0.8855867370964868,0.0,0.11441326290346392,2012-05-04
1.2025386366928872e-06,1.0316217083931012e-58,4.443526733508009e-11,0.0,0.9999987974170336,2012-05-07
1.9638198056426095e-38,3.2578108842103003e-171,0.0023597619324389574,0.0,0.9976402380675752,2012-05-08
0.00012202025018507745,0.9038013554486906,0.037381617212483606,0.0,0.05869500708872019,2012-05-09
4.993342971282234e-06,0.9251931347531036,0.009558629463087014,0.0,0.0652432424408953,2012-05-10
6.003902452899371e-06,0.8702396490493154,0.10565404792246863,0.0,0.02410029912576502,2012-05-11
6.719812522651378e-06,0.8662320551325853,0.0939529008570526,0.0,0.039808324197929415,2012-05-14
0.6486999631663255,1.0510633602841405e-61,9.160854255380781e-08,0.0,0.35129994522523483,2012-05-15
1.3921316230160604e-07,0.27493681480188314,0.00474912147394487,0.0,0.7203139245110133,2012-05-16
0.0007238510936570278,0.9298756716074721,0.0022232681024314067,0.0,0.06717720919655035,2012-05-17
2.787307519947053e-05,2.2111555893114572e-91,5.107670305037219e-10,0.0,0.9999721264140439,2012-05-18
4.0173315800549366e-14,2.4869602104598747e-136,2.2128201083392876e-05,0.0,0.9999778717987701,2012-05-22
0.00046976379152411605,0.9218872978420232,0.043320542901909016,0.0,0.03432239546452444,2012-05-23
0.0675385768573278,1.027696834073346e-13,2.8447055191243932e-15,0.0,0.9324614231424708,2012-05-24
0.006043230367380358,0.9671549498802703,0.019477892626514556,0.0,0.007323927125843356,2012-05-25
0.9955781359420821,6.440923432465383e-35,1.0127317204500903e-10,0.0,0.00442186395672533,2012-05-28
0.035830949763115946,0.9269535811539736,0.03711698405220426,0.0,9.848503068996563e-05,2012-05-29
0.0009569392187458788,0.8875993859577382,0.10994221207845004,0.0,0.0015014627451220939,2012-05-30
0.002394535107757446,3.3279218683374504e-12,0.9897423695863234,0.0,0.007863095302605556,2012-05-31
1.3742029140669302e-17,2.3018745113713403e-45,0.9690846754214261,0.0,0.03091532457861637,2012-06-01
0.0182266458782935,5.160195847914522e-08,0.10649193526495286,0.0,0.8752813672548774,2012-06-04
0.012622394265049837,0.9665851234987476,0.007002990279193532,0.0,0.013789491956940016,2012-06-05
0.44228028854716683,3.9940928126265565e-180,2.1946976013068015e-46,0.0,0.5577197114527223,2012-06-06
0.07282265653141977,0.90389618936317,6.585863312923222e-05,0.0,0.023215295472247374,2012-06-07
0.00018982176360224406,0.9597454569241975,0.0003355202826380547,0.0,0.03972920102956178,2012-06-08
0.0004702922313515198,0.00026425081931744483,0.8745525021404835,0.0,0.1247129548088142,2012-06-11
0.05126761455193708,5.000548789113279e-133,3.9191609080892495e-19,0.0,0.948732385447954,2012-06-12
0.010351126771375042,0.9598142956092817,0.016656780847339816,0.0,0.013177796772070939,2012-06-13
1.495495779136911e-10,5.769558466369098e-13,0.975641676869394,0.0,0.02435832298045048,2012-06-14
0.9840220895381272,1.7258323585080873e-68,3.1958869115619446e-17,0.0,0.015977910461811014,2012-06-15
1.7653105612616087e-25,1.554610069271385e-105,0.022387173605629924,0.0,0.9776128263942966,2012-06-18
0.7626592375662741,2.756323622936707e-26,4.138326411383113e-06,0.0,0.23733662410724402,2012-06-19
0.048543821254138635,0.9343724365121848,0.015825537859172758,0.0,0.0012582043745230258,2012-06-20
0.963399814575983,6.569535576542386e-56,1.6833405313650387e-08,0.0,0.03660016859065598,2012-06-21
0.0018307702014239782,2.0018471410753416e-09,0.9927735039582019,0.0,0.005395723838464258,2012-06-22
2.1240187680885664e-06,5.1074034639389155e-05,0.9353876259509002,0.0,0.0645591759955798,2012-06-25
0.03349161370299061,0.9167929559810545,0.049195519584064165,0.0,0.0005199107319452509,2012-06-26
0.08210478200985785,0.8930120312190911,0.024524090454199038,0.0,0.0003590963168752315,2012-06-27
0.06170400536991126,0.8733809347840383,0.06452188119641053,0.0,0.0003931786496137077,2012-06-28
0.9128177156736621,4.2332124518520666e-106,2.8361090098341516e-32,0.0,0.08718228432623477,2012-06-29
0.028719926429975767,0.9228711592311422,0.047962906594418236,0.0,0.0004460077445103331,2012-07-02
0.018615892790230883,0.9569487080646629,0.024020902077114246,0.0,0.00041449706790635404,2012-07-03
0.04254281803397726,0.9311754623995235,0.025881170130628853,0.0,0.0004005494357880747,2012-07-04
0.957418429109357,0.001374110888402533,0.03792440421750565,0.0,0.003283055784822965,2012-07-05
0.015155216241493942,0.9215935821311512,0.06311594045764365,0.0,0.000135261169744464,2012-07-06
0.000910571614627068,0.898997591404696,0.09815574524423414,0.0,0.0019360917363754366,2012-07-09
0.991689553760459,9.774785212074776e-47,2.3810017410139483e-11,0.0,0.008310446215667672,2012-07-10
0.0022281833333922503,0.936949368642025,0.0603387328004969,0.0,0.00048371522403298586,2012-07-11
4.1914639091963736e-05,0.9181748429429093,0.03473680174775852,0.0,0.047046440670243835,2012-07-12
0.005773296350986961,0.9290472366744287,0.0645602415852706,0.0,0.0006192253894039819,2012-07-13
0.0005976783367296606,4.8817290594284865e-05,0.9966023493876882,0.0,0.002751154985033275,2012-07-16
0.07559559900614601,9.300388229312497e-05,0.9180927799997195,0.0,0.006218617111876777,2012-07-17
0.03567305925346402,0.9572913631219971,0.006406028113526234,0.0,0.000629549510908202,2012-07-18
0.09357033560192832,0.8830283687824712,0.022936061833947335,0.0,0.0004652337815427054,2012-07-19
0.0012748750445773572,0.00046901962461391505,0.9946457868422058,0.0,0.0036103184886582033,2012-07-20
1.201384160100806e-10,5.520321980023647e-20,0.9090679498433926,0.0,0.09093205003654747,2012-07-23
0.04868063171215904,0.8963653512814821,0.053881150118688485,0.0,0.0010728668877475422,2012-07-24
0.0042476819609053515,0.8969745934124463,0.09817467443012169,0.0,0.00060305019662387,2012-07-25
4.944974577036794e-16,4.0667811434668226e-98,0.8962849667121943,0.0,0.10371503328779834,2012-07-26
0.1108817939490027,0.8193030531511764,7.586301359799365e-06,0.0,0.06980756659855487,2012-07-27
0.968290428919784,2.4943429153397526e-71,1.567335327397942e-20,0.0,0.03170957108025483,2012-07-30
0.0023412231958807434,0.9894025915375165,0.000272821442562782,0.0,0.007983363823976063,2012-07-31
0.25941802142293513,0.5959665574716959,0.1432728805553105,0.0,0.001342540550061532,2012-08-01
0.029808379949384713,0.876190229489358,0.09359900531085018,0.0,0.00040238525051625455,2012-08-02
0.0026873065383274065,0.9128820140052382,0.08381715813465537,0.0,0.0006135213218436293,2012-08-03
0.9304625404099276,0.05052929505553837,0.00016242056360060264,0.0,0.01884574397093261,2012-08-06
0.9957375830226834,6.224930476977449e-06,7.979133769982451e-06,0.0,0.004248212913153504,2012-08-07
0.01744802390719605,0.9478335636593772,0.03459678190004219,0.0,0.00012163053329222491,2012-08-08
0.007159087558030176,0.6285450497819051,0.36254502242952463,0.0,0.0017508402305511505,2012-08-09
0.026019792697629437,0.9021070333627043,0.07158020537257133,0.0,0.0002929685671592612,2012-08-10
0.9766595935198648,3.962975306537513e-05,0.020059407607453755,0.0,0.003241369119531598,2012-08-13
0.9949378806339801,9.055659842485687e-05,0.0034213785825005045,0.0,0.0015501841851323485,2012-08-14
0.06623157363234176,0.09126646405055867,0.841378564521571,0.0,0.0011233977955868992,2012-08-16
0.0088861991135846,0.9477182116301958,0.042409128416248186,0.0,0.0009864608399950403,2012-08-17
0.9912611577222423,2.7756987127769974e-36,1.0836196555465981e-07,0.0,0.008738733915793629,2012-08-21
0.021518075236577786,0.8987918076753932,0.07954647605420337,0.0,0.00014364103374055157,2012-08-22
0.00982938855193009,0.954875893714041,0.034814708073701156,0.0,0.0004800096604174199,2012-08-23
0.012181908603886349,0.8926028587372196,0.09430955245760013,0.0,0.000905680201381091,2012-08-24
0.00023686912180865147,2.8486118269972478e-08,0.9972489617190529,0.0,0.002514140673041505,2012-08-27
1.050308684700135e-09,8.05546212075909e-40,0.991856803211401,0.0,0.008143195738276302,2012-08-29
0.5491467291482381,0.0006084597560008614,0.009394255576263258,0.0,0.4408505555194703,2012-08-30
1.4221696655627076e-06,2.0024345166098675e-06,0.9311736090913079,0.0,0.06882296630457797,2012-08-31
0.017127551542565282,0.805911997156826,0.17514554745290437,0.0,0.0018149038477093188,2012-09-03
0.4963969216487704,0.43051986892148786,0.07078852197742383,0.0,0.002294687452355857,2012-09-04
0.0003182172822572573,0.8425885011397426,0.1548513510751556,0.0,0.002241930502754036,2012-09-05
0.12478326270229864,0.8101654281838483,0.06426829710771946,0.0,0.0007830120060216759,2012-09-06
0.6741926086453095,1.9512945507320807e-11,3.4605312685052217e-10,0.0,0.32580739098914735,2012-09-07
0.0938679206787938,0.8768748128216924,0.027037227871352668,0.0,0.0022200386281722878,2012-09-10
0.9741990872418876,5.3620170052206e-31,0.0008555348495875595,0.0,0.024945377908463455,2012-09-11
0.9673377041901249,0.02754358893361956,0.0034764308758253623,0.0,0.001642276000405016,2012-09-12
0.0720131958833206,0.8670927598405223,0.060753703441623494,0.0,0.00014034083442397415,2012-09-13
0.1119546610444332,1.543670704474076e-23,2.4762640503808224e-19,0.0,0.8880453389555879,2012-09-14
0.0209496313622368,0.954058691813577,0.0006682527644701009,0.0,0.024323424059697,2012-09-17
0.03140428048700302,0.8636916177676386,0.10431004596277334,0.0,0.0005940557826779617,2012-09-18
0.0004992779204142912,0.8630682176508935,0.13458528309480758,0.0,0.001847221333875321,2012-09-20
0.38971508861881615,2.029344222561318e-103,1.4063275363144324e-35,0.0,0.6102849113811065,2012-09-21
0.007729540554413889,0.79179557279334,0.189840454891235,0.0,0.010634431760955075,2012-09-24
0.02460637336418571,0.919780185157978,0.055014660904334475,0.0,0.0005987805734003171,2012-09-25
0.02271903700097941,0.8917652560413669,0.08517531666726601,0.0,0.0003403902903766374,2012-09-26
0.010542934070575124,0.7347589647417186,0.25368261931374686,0.0,0.0010154818739350276,2012-09-27
0.1485087704651438,0.8494975503990835,0.0004314556263828992,0.0,0.0015622235093610893,2012-09-28
0.08304830946591271,0.8747572824192738,0.04185483069797742,0.0,0.00033957741679270764,2012-10-01
0.08397324895401753,0.8536791811543143,0.06194664914016755,0.0,0.0004009207515418976,2012-10-03
0.996556660408183,0.00011070475592964286,0.0001080052513244397,0.0,0.0032246295845025853,2012-10-04
0.0,0.0,0.0,1.0,1.0794119328025838e-81,2012-10-05
2.2694512804712577e-94,2.2304075634586673e-144,0.9281139200812012,0.0,0.0718860799188947,2012-10-08
0.065652522035889,0.9201697515537677,0.012736058431285828,0.0,0.0014416679790856441,2012-10-09
0.00087029491172825,0.8035963157972812,0.19135811473441136,0.0,0.004175274556519162,2012-10-10
0.9480428517127439,0.0011659669171917545,2.2002483941172614e-05,0.0,0.05076917888608314,2012-10-11
0.0002583783783371661,0.920457742014099,0.07725019530603718,0.0,0.002033684301580239,2012-10-12
0.04059403267781833,0.9254934480608663,0.03362633122863511,0.0,0.0002861880326242326,2012-10-15
3.7287223381038004e-06,5.712811181103621e-20,0.995784747252073,0.0,0.004211524025657146,2012-10-16
0.0505546127837982,0.9068547407520979,0.042050541842848274,0.0,0.0005401046211476225,2012-10-17
0.992445772506401,1.5247059553717435e-05,1.2473990551372865e-05,0.0,0.007526506443535358,2012-10-18
0.0009819039628591799,0.8944201188594262,0.10426272022528377,0.0,0.00033525695245392555,2012-10-19
0.9929025550306331,2.1921379384057513e-15,0.0011789079956663825,0.0,0.005918536973641434,2012-10-22
0.025440909009043305,0.23994126028357377,0.7334970777355114,0.0,0.0011207529718011832,2012-10-23
0.09735504011639583,0.8415222088980625,0.060658520723610436,0.0,0.0004642302619448696,2012-10-25
0.0008162057169279756,0.8718400397977678,0.12515488234747701,0.0,0.002188872137814777,2012-10-29
9.76010696068421e-11,5.591345107880887e-13,0.9660043723693827,0.0,0.03399562753250765,2012-10-30
0.3585316764743251,0.5693427960842415,0.07009948405146715,0.0,0.0020260433899684516,2012-10-31
0.9688456156150166,5.801876379860389e-06,0.028223381951682926,0.0,0.002925200556949186,2012-11-01
0.11239826886750072,0.8835275822458493,0.003507129616562452,0.0,0.0005670192700407041,2012-11-02
0.052323020468771825,0.8936426869562869,0.053764442863155196,0.0,0.00026984971180773505,2012-11-05
0.8860199620525966,1.0648207076772645e-05,0.10876863260325952,0.0,0.005200757137069455,2012-11-06
0.9952214744278327,3.029541746757854e-05,0.002371690206577233,0.0,0.002376539948063614,2012-11-07
0.021007823209703253,0.10355162372858737,0.8744161511813382,0.0,0.0010244018803130875,2012-11-08
1.9896621462905987e-06,2.8752708240561786e-07,0.9952500552929174,0.0,0.004747667517944057,2012-11-09
0.012688378132184274,0.9113265617965268,0.07532717816446316,0.0,0.0006578819067290223,2012-11-12
0.00025218993435603904,0.8411942713696116,0.15520914009650935,0.0,0.0033443985995998677,2012-11-15
2.211365284999034e-08,2.296461223266822e-08,0.9817173619052074,0.0,0.018282593016507833,2012-11-16
0.023721351817085835,0.8863757747804273,0.08935598797776215,0.0,0.0005468854247940735,2012-11-19
0.10103650878458038,0.2599815689114859,0.6292754406665259,0.0,0.009706481637430018,2012-11-20
0.9402243754212761,0.052440678379355316,0.00200316110512849,0.0,0.00533178509431231,2012-11-21
0.07209856498344568,0.889805675923933,0.03794604493647217,0.0,0.00014971415621274273,2012-11-22
0.022550456580152742,0.914630857982289,0.062483042995408536,0.0,0.00033564244212907465,2012-11-23
0.06925293169062668,0.8701218353929965,0.060243777170277006,0.0,0.00038145574601834557,2012-11-26
0.9899181020083141,4.5159274937159693e-57,3.225553994188917e-15,0.0,0.010081897991690621,2012-11-27
0.9914635349902164,1.0724956882433906e-87,6.327798354219434e-20,0.0,0.008536465009829736,2012-11-29
0.9989772727517608,4.89909284071551e-11,2.1852872075236298e-05,0.0,0.0010008743272432246,2012-11-30
0.016567907639915443,0.9248995579134069,0.05842000655660291,0.0,0.00011252789004276795,2012-12-03
0.4273641356880895,0.43931633268713516,0.13156740430445846,0.0,0.0017521273203073054,2012-12-04
0.07266147701293205,0.8736614261891581,0.05340554653944366,0.0,0.0002715502583731272,2012-12-05
0.0004325908323937712,0.8591744833347948,0.00029960745129068523,0.0,0.14009331838155076,2012-12-06
0.00279760392788525,0.695415650165562,0.29794817460493755,0.0,0.0038385713016973167,2012-12-07
0.05027967690998352,0.8707888338657906,0.0785593827172188,0.0,0.00037210650702030316,2012-12-10
1.954015214607048e-05,0.9690685121223561,0.014684911918400592,0.0,0.01622703580709204,2012-12-11
0.06689762010461324,0.08861133043069784,0.8412388685961636,0.0,0.0032521808684436108,2012-12-12
8.535819271001482e-05,4.206397262600745e-13,0.9973700589927064,0.0,0.0025445828142096048,2012-12-13
0.9537431276588515,0.0007599416076691182,0.04181799835727214,0.0,0.0036789323762869857,2012-12-14
0.017068226518164545,0.9013804771587696,0.08132995914730681,0.0,0.00022133717573541217,2012-12-17
0.01079590560758254,0.9848139069144728,0.0002871136793272875,0.0,0.004103073798535069,2012-12-18
0.10049144495540911,0.882781675660193,0.016215889050359072,0.0,0.0005109903339490294,2012-12-19
0.004557267501804593,0.9217102262818982,0.07334180016499739,0.0,0.0003907060512143591,2012-12-20
2.3430813556794435e-06,2.6546239249474087e-14,0.9830506129647705,0.0,0.01694704395393877,2012-12-21
0.06626573996904839,0.8571194561940091,0.07611715321635365,0.0,0.0004976506205810771,2012-12-24
0.9971516397445181,3.257791718931712e-07,0.00021845878577824059,0.0,0.0026295756904749766,2012-12-26
2.105039535261826e-05,5.169731216156015e-38,0.9932294679383552,0.0,0.0067494816663828784,2012-12-27
0.4550360554325502,0.5232170994811618,0.01974493547878062,0.0,0.002001909607489861,2012-12-28
0.059433514434979455,0.86021947996422,0.07999155819521964,0.0,0.00035544740561707216,2012-12-31
0.05184693920132338,0.9256311860152959,0.00012696788357820986,0.0,0.022394906899875923,2013-01-02
0.08032234944716164,0.8713663498102873,0.04784831865113229,0.0,0.0004629820914144211,2013-01-03
0.05581606904399738,0.8776283172902316,0.06618372528161283,0.0,0.00037188838422242115,2013-01-04
0.00045750037565864623,8.535704663831473e-21,0.9941230406692865,0.0,0.005419458955070573,2013-01-07
0.06314839950020545,0.8890571197426138,0.04740574130997334,0.0,0.0003887394472491094,2013-01-08
0.002437944467116316,0.015595338266110113,0.9790571647899982,0.0,0.002909552476827852,2013-01-09
0.08030475679320971,0.38457414778287724,0.5321523219905696,0.0,0.00296877343322994,2013-01-10
0.0018901609172591364,4.0889358537257934e-23,0.9803588370274062,0.0,0.01775100205533863,2013-01-11
0.9955882345392094,9.348542757697546e-19,2.5753166179731665e-08,0.0,0.004411739707679109,2013-01-14
0.081066627911646,0.9140624721004007,0.004733266780746219,0.0,0.00013763320718868975,2013-01-15
7.498795589255165e-06,1.208575030004212e-11,0.9969302066832358,0.0,0.00306229450913378,2013-01-16
0.9798312945197387,0.006570943556500392,0.00759171412712198,0.0,0.006006047796575545,2013-01-17
0.09101419968676065,0.8874947286409431,0.021339489832187496,0.0,0.00015158184002666945,2013-01-18
0.09277664787694648,0.8544158588503175,0.052388442999603754,0.0,0.000419050273209272,2013-01-21
0.0021035497164768107,0.12214308245045116,0.8728267079580865,0.0,0.0029266598749855812,2013-01-22
0.03753485286749188,0.8904071556064709,0.07150825968605683,0.0,0.0005497318398963369,2013-01-23
0.001798220660700111,0.5204209307441092,0.47578408212119816,0.0,0.0019967664739743204,2013-01-24
0.9969496623532994,2.09752353738455e-13,1.622176239206454e-05,0.0,0.00303411588419534,2013-01-25
0.0507322417288251,0.8955635477294575,0.053589080432142576,0.0,0.00011513010948593604,2013-01-28
0.0005132284892846041,0.9165883281434156,0.08183538396828843,0.0,0.0010630593989085085,2013-01-29
0.05651903986205412,0.8792910388246246,0.06384693086984965,0.0,0.000342990443467163,2013-01-30
0.015885673355985015,0.8923964826878278,0.09127464109084202,0.0,0.00044320286535582,2013-01-31
0.00030343990604703906,5.6757020118370524e-05,0.996464821231897,0.0,0.003174981841932666,2013-02-01
0.03508713577630814,9.180594631968039e-05,0.9612450023939473,0.0,0.0035760558835218836,2013-02-04
0.01586613171847158,0.8914777418933411,0.09159432114763004,0.0,0.0010618052406003017,2013-02-05
0.3519165611494345,0.0012478627880768835,0.642279316083341,0.0,0.004556259979083887,2013-02-06
0.00627747118126691,0.8818280123238648,0.11129716363302498,0.0,0.0005973528617453112,2013-02-07
0.00019026422265205157,0.7683418631904506,0.22909692318335018,0.0,0.0023709494035075323,2013-02-08
0.03950499369195332,0.7731723841192125,0.18663391186204586,0.0,0.0006887103267647724,2013-02-11
0.8854186281658999,0.022835827944032973,0.08856534255246183,0.0,0.0031802013375664853,2013-02-12
0.03448411279700653,0.9395518335325576,0.025846331667337137,0.0,0.00011772200312576364,2013-02-13
0.001134734414785904,0.00016646783137296462,0.9961409961183573,0.0,0.00255780163543101,2013-02-14
0.013636553304573881,0.8830229285567293,0.10295867153535031,0.0,0.0003818466033110788,2013-02-15
0.05987409035190764,0.8901593115890596,0.04966253346012498,0.0,0.0003040645988195441,2013-02-18
0.993344117103119,0.0004967380728178479,0.0018924524528386856,0.0,0.004266692371302681,2013-02-19
0.38596947795425135,0.19500951931243693,0.417907857836054,0.0,0.0011131448972807577,2013-02-20
6.669404663314451e-11,2.2152300076855116e-20,0.983410417192514,0.0,0.01658958274070713,2013-02-21
0.029646861032406036,0.8895234372359816,0.0804610907418594,0.0,0.00036861098967808635,2013-02-22
0.01670710907072296,0.947109832641277,0.035862466352384936,0.0,0.0003205919355296699,2013-02-25
1.841255855549674e-15,2.327574996939229e-56,0.982841495196315,0.0,0.017158504803738355,2013-02-26
0.026017811758004793,0.9698098323113525,0.0018244868773300762,0.0,0.002347869053207616,2013-02-27
8.640203322481256e-35,7.659307829615053e-171,0.0021442110515515565,0.0,0.9978557889483626,2013-02-28
0.016400405706301247,0.9678847221206702,0.0017975620816687691,0.0,0.013917310091404648,2013-03-01
0.005710589768833546,0.8830060535685295,0.11046169471777298,0.0,0.0008216619448150891,2013-03-04
0.9917267934088417,7.934349950291491e-44,1.612119079490185e-12,0.0,0.008273206589488297,2013-03-05
0.11166409478096391,0.8757549527249469,0.012351671884855331,0.0,0.00022928060920743949,2013-03-06
0.9926035652466164,2.3102585036500725e-27,6.832556000007155e-06,0.0,0.007389602197422255,2013-03-07
0.9979907505253185,7.936520434527469e-38,2.1600478111549945e-11,0.0,0.002009249453158305,2013-03-08
0.03147899009649958,0.9096287620144916,0.058775342030369264,0.0,0.00011690585860422729,2013-03-11
0.004198691595885659,0.1758824013376199,0.8172684427703056,0.0,0.002650464296095799,2013-03-12
4.7587067253362225e-05,0.000478671309018637,0.9877165014704533,0.0,0.011757240153217365,2013-03-13
0.0016015528717791309,1.6464720539870324e-06,1.0574878241604597e-08,0.0,0.9983967900812497,2013-03-14
3.113313656387072e-05,0.003900665478963808,0.5660712278106844,0.0,0.42999697357370054,2013-03-15
0.0046989224171749226,0.7764512420146256,0.2074790617906977,0.0,0.011370773777525149,2013-03-18
3.2093184175756964e-22,3.833777096006626e-111,0.5684200419386249,0.0,0.43157995806143895,2013-03-19
4.589249173287007e-06,3.444177656960214e-12,0.9772780858642299,0.0,0.022717324883148683,2013-03-20
1.5956831420822107e-07,0.0015541252873698796,0.5485108245243838,0.0,0.44993489061985126,2013-03-21
0.0036564793289183997,0.9350135859644352,0.05573715067417702,0.0,0.005592784032557314,2013-03-22
0.0002164540675493169,4.442983745741629e-39,0.7958155129094545,0.0,0.20396803302299538,2013-03-25
0.4602477171467951,0.053438381784246314,0.4731102099879584,0.0,0.01320369108099292,2013-03-26
0.05050725081794768,0.921379273631416,0.00022645270483413838,0.0,0.027887022845861226,2013-03-28
0.06175975274980207,0.9178926639437935,0.01979001656280383,0.0,0.0005575667436451158,2013-04-01
0.9957547171107557,3.899613820185688e-09,0.00020406666488857278,0.0,0.004041212324751999,2013-04-02
1.073834329700296e-11,7.26350019578301e-26,0.9956544585930739,0.0,0.004345541396250158,2013-04-03
1.0278589572886801e-14,1.3631709471742707e-41,0.967131600258691,0.0,0.0328683997413386,2013-04-04
0.00569893783423771,0.8680369936073501,0.12559021727810535,0.0,0.000673851280210619,2013-04-05
0.02626947271122749,0.8817984923279956,0.09154765188364593,0.0,0.0003843830770926512,2013-04-08
1.52594876073405e-10,5.536598650674516e-26,0.845367660669014,0.0,0.1546323391784056,2013-04-09
0.0063991074984014774,0.6803860802731793,6.548767201658227e-07,0.0,0.31321415735163943,2013-04-10
0.022437715199408643,0.9624027914321556,0.001295863191814247,0.0,0.013863630176698186,2013-04-11
6.85559028575687e-05,0.9189905198184706,0.06200254841819947,0.0,0.0189383758604438,2013-04-12
0.8932297719665572,5.2476594542485245e-14,5.215526943225363e-05,0.0,0.1067180727639954,2013-04-15
0.2720568608869491,2.0241363916129915e-173,1.1990853143003107e-36,0.0,0.7279431391130277,2013-04-16
0.003881221759288756,0.9702627943774162,0.01857856674808036,0.0,0.007277417115303551,2013-04-17
0.9234264585256322,5.681050298148676e-109,8.75515202088037e-22,0.0,0.07657354147446636,2013-04-18
0.9965799884471154,6.069203423995828e-14,2.9002038970740356e-05,0.0,0.0033910095138196834,2013-04-22
0.01902244490566874,0.9434241025524327,0.03739351080263565,0.0,0.0001599417392021299,2013-04-23
0.9961074469038335,2.3048954501265498e-30,2.2184276663761063e-10,0.0,0.0038925528743482493,2013-04-25
0.002358240522551343,0.07052643304000294,0.924972456825385,0.0,0.0021428696120570864,2013-04-26
0.5224809802412376,0.45250092416772525,0.022844634921925903,0.0,0.0021734606690677065,2013-04-29
0.0011538239164717932,0.9812047368321377,0.000818502435405989,0.0,0.01682293681600495,2013-04-30
0.9582069727923884,8.069124187713404e-56,3.5495965773861893e-12,0.0,0.04179302720402273,2013-05-02
3.3549378823747674e-06,1.524652043981046e-11,0.9967166494298801,0.0,0.003279995616939962,2013-05-03
0.4466916144719712,0.5036392430916624,0.04774830580250929,0.0,0.0019208366337773513,2013-05-06
0.9965081085474076,5.217049638095008e-34,2.587603968792326e-09,0.0,0.00349188886508951,2013-05-07
0.04151451117209245,0.949940171344417,0.008308605580431892,0.0,0.00023671190295747145,2013-05-08
0.03999235776879011,0.05956210725013692,0.8979737816327987,0.0,0.002471753348160611,2013-05-09
0.9958480941442764,3.698959354369855e-15,0.00023900893421299692,0.0,0.003912896921547215,2013-05-10
2.0209003216950734e-26,1.4605033799944742e-146,0.731048435130519,0.0,0.26895156486945176,2013-05-13
0.028846360414765595,0.9409127230826474,0.02757956285945053,0.0,0.002661353643094593,2013-05-14
0.5973738677153356,6.892451034205421e-182,4.305756904442285e-41,0.0,0.4026261322845742,2013-05-15
0.9273229318618867,3.7458711039873498e-06,0.03878835236260873,0.0,0.03388496990432481,2013-05-16
0.03298619734334445,0.953334880945162,0.013461780524046752,0.0,0.00021714118746520147,2013-05-17
0.0003453478466078096,0.016992178326431247,0.9737067553586256,0.0,0.008955718468376242,2013-05-20
7.083900778384894e-05,0.020871007349548134,0.9719032687805045,0.0,0.007154884862080403,2013-05-21
0.0028748124080430577,0.4616704201933609,0.5313013775389349,0.0,0.004153389859717418,2013-05-22
9.760430938116284e-22,5.236523162758799e-34,0.4673651899794748,0.0,0.5326348100206377,2013-05-23
0.006864056432962771,0.970460009882159,0.0066211900395273466,0.0,0.01605474364530062,2013-05-24
0.918211083404368,2.0389945755167602e-50,8.208627399901323e-18,0.0,0.08178891659560349,2013-05-27
0.023920149721947392,0.9726949010280881,0.002241758171410894,0.0,0.001143191078460331,2013-05-28
0.008664340966024489,0.9315194013572027,0.05946755677516538,0.0,0.0003487009016229954,2013-05-29
0.9453110865636896,1.8202312252229967e-18,0.03664933666013557,0.0,0.018039576776177013,2013-05-30
8.991225414522853e-30,8.237957324292508e-122,0.7377833012952805,0.0,0.2622166987047131,2013-05-31
3.91038544667335e-07,2.1056447180298707e-11,0.9592232467886874,0.0,0.04077636215175238,2013-06-03
0.0005899053744905596,0.8941459439858516,0.10341545808960499,0.0,0.0018486925500978495,2013-06-04
0.019641179242490335,0.940554359372005,0.039490647946568445,0.0,0.0003138134388882726,2013-06-05
0.00039673636100858063,0.9785243186045816,0.017815804287653735,0.0,0.003263140746734847,2013-06-06
2.5422163968366197e-07,0.8592706996075198,0.07266490679502025,0.0,0.06806413937592694,2013-06-07
0.006699367902103887,0.8780819951460417,0.11020499234064098,0.0,0.005013644611212864,2013-06-10
9.2242544320423e-12,1.9538035909282227e-18,0.9759124418052914,0.0,0.024087558185376497,2013-06-11
0.0014961652281745112,0.8730917485564553,0.12424288986075104,0.0,0.001169196354638407,2013-06-12
0.000189331663887682,0.9248272884863089,0.06815182174338845,0.0,0.006831558106413976,2013-06-13
0.9749227386236774,7.00898298070722e-22,1.8822806671309923e-14,0.0,0.025077261376286065,2013-06-14
0.020375900050588123,0.9756408080811473,0.0001308973407602571,0.0,0.0038523945276063435,2013-06-17
0.001067750908720035,0.33092585255784196,0.6648777307056308,0.0,0.003128665827694617,2013-06-18
0.025978117776129062,0.9381301529367297,0.03555116729931782,0.0,0.0003405619878075127,2013-06-19
5.6924496983514304e-36,1.0896592245611794e-118,0.018279640586067306,0.0,0.9817203594138755,2013-06-20
0.009916117932188835,0.942350913037825,0.009416168663671709,0.0,0.0383168003662346,2013-06-21
5.8957688594592556e-09,4.708492692495871e-10,0.9713275735815883,0.0,0.0286724200517518,2013-06-24
0.00023384488779465382,0.9303038423055618,0.0010457602398579369,0.0,0.06841655256685594,2013-06-25
0.005656265109523539,2.590895761587177e-07,0.9889514602498233,0.0,0.005392015551084958,2013-06-26
0.855825161452013,0.014939030904526023,2.859420463354075e-08,0.0,0.12923577904929598,2013-06-27
0.5638365434692948,1.558587066733666e-96,5.497534113011878e-35,0.0,0.43616345653077027,2013-06-28
0.9592526524335299,2.734118494687161e-27,9.70580350366018e-08,0.0,0.04074725050840528,2013-07-01
0.0034394046076138577,0.08594333737468787,0.9066459866303699,0.0,0.003971271387306528,2013-07-02
9.961604247923573e-08,6.378584489746221e-10,0.9291951432023197,0.0,0.0708047565437407,2013-07-03
0.9924400009296294,1.291103695851568e-07,4.3961100808383766e-06,0.0,0.0075554738498654905,2013-07-04
0.30860736124339505,0.6759634708846424,0.015050362469562761,0.0,0.0003788054024449986,2013-07-05
6.448694263040814e-05,0.8417824133870845,0.15461830674665314,0.0,0.0035347929236368525,2013-07-08
0.983969565791549,0.002360777322244813,0.006888045501928691,0.0,0.006781611384307217,2013-07-09
1.0522806879661236e-05,1.9329312528465602e-13,0.9983561470247775,0.0,0.001633330168096054,2013-07-10
0.7364956573602539,2.901684166209098e-07,5.0000176359845e-11,0.0,0.2635040524212765,2013-07-11
0.07081308992227556,0.8800403308625805,1.5361668424105448e-05,0.0,0.04913121754661248,2013-07-12
0.924154725581364,2.7093651704404248e-05,0.06793276709557468,0.0,0.007885413671292975,2013-07-15
2.2358807497212578e-05,0.8330202357043076,0.15511411689099824,0.0,0.011843288597176312,2013-07-16
0.024047148730148807,0.9564748146589989,0.018281962706422614,0.0,0.0011960739045329559,2013-07-17
0.9958010591108105,2.333319546719406e-12,7.580180534062693e-07,0.0,0.0041981828688743795,2013-07-18
0.12257326564012457,0.21739891332886793,0.6590427046094373,0.0,0.000985116421647601,2013-07-19
0.014795338057413673,0.9350283449620681,0.049723006068714666,0.0,0.0004533109117335252,2013-07-22
0.11884396311752927,0.8745545124540581,0.00585155614117238,0.0,0.0007499682872716176,2013-07-23
9.835303373827012e-09,0.0028756486680502355,0.8483669635136413,0.0,0.14875737798303093,2013-07-24
1.913943608124443e-11,2.1324758750315518e-18,0.9614533182842506,0.0,0.038546681696514595,2013-07-25
0.0011166491955952884,1.4522633147537742e-11,0.9909143081419407,0.0,0.007969042647835115,2013-07-26
2.6834774504312912e-05,2.2717079901820535e-05,0.9950650631974547,0.0,0.004885384948239477,2013-07-29
2.432059148965339e-14,2.640956536194168e-39,0.9768343311369148,0.0,0.023165668862969516,2013-07-30
0.0005333939386137059,0.9166828493803274,0.07604479620599726,0.0,0.006738960474981548,2013-07-31
4.621258463514179e-09,0.003403633712233073,0.0011587799784542742,0.0,0.9954375816879705,2013-08-01
1.8524681074568744e-10,1.3407536930447826e-22,0.1855090219255438,0.0,0.8144909778892838,2013-08-02
0.008966860703109947,0.9578703726297894,0.019806659620350206,0.0,0.013356107046638793,2013-08-05
1.5777118248922678e-39,5.009817010493242e-166,0.13644722567385,0.0,0.8635527743260606,2013-08-06
0.00023340487032546785,0.6743603898838507,0.2088258388617963,0.0,0.11658036638400882,2013-08-07
0.9873829578123755,6.501343574224437e-26,3.5148708330201107e-06,0.0,0.012613527316771846,2013-08-08
0.00601858803813245,0.977545934159903,4.055847860019385e-05,0.0,0.016394919323289944,2013-08-12
0.7751351059274273,6.564253965896173e-71,9.93217029040348e-19,0.0,0.2248648940725172,2013-08-13
0.16571297042575045,0.8263169872419008,0.0006647374188901601,0.0,0.007305304913483017,2013-08-14
8.127312118120555e-111,0.0,1.9588566050685364e-10,0.0,0.9999999998040039,2013-08-16
8.073845947739758e-24,5.544828796757856e-31,0.0012803087384402213,0.0,0.9987196912615206,2013-08-19
3.8877878792372555e-08,0.0011204521766810722,0.0007961111475647912,0.0,0.9980833977979332,2013-08-20
3.4685400507132286e-64,0.0,8.309717088429467e-18,0.0,1.0,2013-08-21
1.1625386407091633e-05,4.6677079029271283e-119,4.366159436270155e-36,0.0,0.9999883746136673,2013-08-22
0.001553655327644412,0.0032557691643753514,3.136767766905116e-09,0.0,0.9951905723711868,2013-08-23
0.001021914819367845,0.9534936043010339,0.005429001886484108,0.0,0.04005547899313913,2013-08-26
3.631331243615718e-67,1.1820496475055314e-289,3.901359698706918e-05,0.0,0.9999609864030694,2013-08-27
1.2360219689971545e-35,2.6881764624584378e-15,1.366737478452515e-23,0.0,1.0,2013-08-28
0.014693986627348344,1.5250708587281097e-61,5.9553626450190405e-30,0.0,0.9853060133726848,2013-08-29
5.520179118533431e-07,1.4486540545024257e-10,3.9643657112061156e-14,0.0,0.9999994478372788,2013-08-30
0.7713533633594402,1.0505298398475521e-43,1.354840034414792e-13,0.0,0.22864663664053606,2013-09-02
2.985498518208282e-132,0.0,2.2461845626467113e-19,0.0,1.0,2013-09-03
3.0403485462808482e-05,2.9526868606508796e-37,7.027748686706638e-26,0.0,0.9999695965145193,2013-09-04
7.035484627404041e-05,1.8237985555065534e-08,7.447891085241242e-20,0.0,0.999929626915648,2013-09-05
0.0001640105733753364,2.1072978067405734e-10,2.9574906968770122e-15,0.0,0.9998359892158935,2013-09-06
1.9127882207536422e-05,0.0,3.883150071216148e-86,0.0,0.999980872117835,2013-09-10
0.00036800547579265026,0.8801274229774902,0.0006369044883638291,0.0,0.11886766705842677,2013-09-11
8.6367846201704e-12,2.4576045393476884e-32,0.9186548522722817,0.0,0.08134514771905267,2013-09-12
0.010090745079016928,0.9278029163656013,0.06091020290004105,0.0,0.0011961356553249671,2013-09-13
1.9587014541168752e-11,1.8244862556030147e-26,6.537853951244148e-06,0.0,0.999993462126439,2013-09-16
0.05956267151346274,0.870379116868835,0.04126549463825288,0.0,0.028792716979499547,2013-09-17
0.059039402756858636,0.934992125679506,0.00014613169847229218,0.0,0.005822339865272414,2013-09-18
1.8999272898234846e-06,4.7334371308422995e-32,1.1435567169048955e-38,0.0,0.9999981000726025,2013-09-19
1.3389520876055847e-35,5.855368992118601e-25,9.383137315347301e-10,0.0,0.9999999990616288,2013-09-20
2.3847899806384885e-20,1.8047956958758654e-10,0.00017315781069193132,0.0,0.9998268420089161,2013-09-23
0.009282229723429333,0.4557460143519266,0.06848406973635054,0.0,0.46648768618832287,2013-09-24
5.390156548014974e-06,0.8367598149057965,0.020851295892606547,0.0,0.1423834990450264,2013-09-25
0.02139470979439047,0.946032659876281,0.031473158054720576,0.0,0.0010994722746901328,2013-09-26
2.3255750119184834e-08,1.9618787116931408e-39,0.9908920902198791,0.0,0.009107886524331869,2013-09-27
4.937433273783315e-14,1.2811536538819974e-25,0.9633487126232584,0.0,0.036651287376671,2013-09-30
0.010354009413564628,0.975276892329322,9.189828208448265e-05,0.0,0.014277199974982693,2013-10-01
0.9308132116175339,2.0764115901912578e-58,9.143379186366874e-25,0.0,0.06918678838238583,2013-10-03
0.0036498516827667016,0.972350407888974,0.023438052927995702,0.0,0.0005616875001743219,2013-10-04
0.0003563868626969788,0.9806031517361284,0.014591159998185154,0.0,0.004449301403034029,2013-10-07
0.9503543486428538,4.7574849833865935e-08,0.03804236734633598,0.0,0.011603236435889354,2013-10-08
0.5707904410666449,7.588191789199785e-98,2.9737703209363384e-18,0.0,0.42920955893332613,2013-10-09
0.02841478926296464,0.9546783308458795,0.014826270515531618,0.0,0.0020806093754785677,2013-10-10
0.10242800064310552,0.8882344889915124,4.729131952246359e-05,0.0,0.00929021904563804,2013-10-11
0.09709893663657886,0.860055850520335,0.042406160755304595,0.0,0.0004390520877377481,2013-10-14
0.000122137688437557,1.1198145925501775e-08,0.9637923845507855,0.0,0.03608546656244176,2013-10-15
1.1747287652173836e-05,2.5602629984569007e-11,0.9957828880480257,0.0,0.0042053646387505235,2013-10-17
0.8423647214379897,1.3302787297284354e-143,6.91432327500077e-35,0.0,0.1576352785619079,2013-10-18
0.035757804246203166,0.9424473531252426,0.020615896668499088,0.0,0.0011789459599965014,2013-10-21
0.03319281555876991,0.8966677189978823,0.06984359295787326,0.0,0.0002958724854475862,2013-10-22
9.327988266105434e-06,0.9250623653876483,0.0582743456275105,0.0,0.01665396099654299,2013-10-23
4.155848014954084e-06,0.9046409263890975,0.013079117171995917,0.0,0.08227580059091696,2013-10-24
0.007826964937409283,0.8959727109458016,0.09522986618790735,0.0,0.0009704579286643566,2013-10-25
1.47792145386462e-05,2.9529518430402756e-14,0.9971785170759131,0.0,0.0028067037093776124,2013-10-28
0.5087969640166256,6.147434954192256e-72,8.674537100525524e-25,0.0,0.491203035983234,2013-10-29
0.11101115856642556,0.8768958384631591,0.008335129103282383,0.0,0.0037578738672852923,2013-10-30
0.9935244402379704,2.7255967447700322e-27,1.4064124653682212e-05,0.0,0.006461495637330593,2013-10-31
0.038479350434262836,0.9304767667414652,0.030951083465132017,0.0,9.27993589377849e-05,2013-11-01
0.00029450364542187463,0.3707649122188152,0.6234800904540324,0.0,0.005460493681812383,2013-11-05
0.0003326292725723729,5.621243999120258e-10,0.9971357722085447,0.0,0.00253159795668302,2013-11-06
1.496889268190843e-05,0.23444630305944866,0.6052775634383027,0.0,0.1602611646095093,2013-11-07
0.00029391312204711187,0.39396881033321535,0.5939380361876074,0.0,0.011799240357065397,2013-11-08
9.917043443150236e-06,0.2748162212585977,0.7066600627660375,0.0,0.018513798931767942,2013-11-11
2.4242290173293636e-09,3.9837137335145865e-25,0.9930780323294985,0.0,0.006921965246311874,2013-11-12
0.0003765412410635351,0.8821941211843392,0.11522870914249131,0.0,0.0022006284321998797,2013-11-13
0.11224850940352192,0.8835873720876235,5.227206637720126e-05,0.0,0.004111846442365703,2013-11-14
0.9626023586964491,1.0388070683433649e-60,1.4524269294837971e-21,0.0,0.037397641303483165,2013-11-18
0.07316656215380557,0.8897441339733987,0.0368433332349387,0.0,0.0002459706377755759,2013-11-19
1.2517621588083927e-10,1.2157138793108677e-16,0.9879155352717571,0.0,0.01208446460298446,2013-11-20
2.2904816331914492e-23,3.123472296925981e-91,0.8870621671605033,0.0,0.11293783283958511,2013-11-21
0.007825726204770744,0.8079533375704718,0.17433707490906894,0.0,0.00988386131583669,2013-11-22
0.9782119714019888,3.1843878861457826e-65,3.699742057180293e-20,0.0,0.021788028597881974,2013-11-25
3.772022957392129e-05,9.069257124891555e-05,0.9963473480212472,0.0,0.0035242391777065047,2013-11-26
0.031479494103689915,0.872714064591506,0.09534192591006033,0.0,0.0004645153945218219,2013-11-27
0.10188996223927103,0.8843754987296837,0.013080628030854682,0.0,0.0006539110004164492,2013-11-28
0.9914451236882155,3.1456580387836084e-53,1.5039841406272742e-12,0.0,0.008554876310350264,2013-11-29
0.9980829575056167,3.552835650661523e-13,0.0005339008298572311,0.0,0.0013831416640503935,2013-12-02
0.02953575377834511,0.8931813900005137,0.07712424290383306,0.0,0.00015861331728247904,2013-12-03
0.0009505691797321793,0.5524655944870752,0.4442754758569955,0.0,0.002308360476276292,2013-12-04
0.1577946227601664,0.8307159124395952,9.048078801391504e-06,0.0,0.011480416721605524,2013-12-05
0.35612379887953854,0.539231315703077,0.10314886269182445,0.0,0.0014960227254587886,2013-12-06
0.9899350025041541,9.952621186386874e-13,3.677585124191439e-10,0.0,0.010064997127156406,2013-12-09
0.0025158167452872184,0.8850037099827349,0.11220801158362664,0.0,0.0002724616882720843,2013-12-10
0.010486302582753224,0.8628064642147238,0.12594226508492404,0.0,0.0007649681177411434,2013-12-11
1.1982597302526248e-05,2.0007245340441e-06,0.9880893095394361,0.0,0.011896707138926904,2013-12-12
9.04645866090528e-05,0.0004906601867352771,0.977867992693045,0.0,0.02155088253367137,2013-12-13
0.01913685560308902,0.872508490106221,0.10788055806659987,0.0,0.0004740962238840042,2013-12-16
0.024057043560319902,3.1438927304246715e-05,0.9727273980288064,0.0,0.0031841194835644368,2013-12-17
0.9832330107740748,9.232905716823915e-54,8.293947885410308e-13,0.0,0.01676698922494753,2013-12-18
3.079157961969075e-09,3.654923408311352e-46,0.9762639067172207,0.0,0.02373609020345864,2013-12-19
0.9797347465949748,1.6684926679982018e-63,5.635548969087375e-19,0.0,0.020265253405155323,2013-12-20
0.03205605839944033,0.9447099001548379,0.023100815989852426,0.0,0.00013322545575136856,2013-12-23
0.0714319721498383,0.018501559924202795,0.9070631564947064,0.0,0.0030033114311798256,2013-12-24
0.04938566118329736,0.8963242777025936,0.053940700015275275,0.0,0.000349361098708404,2013-12-26
0.34146916582190695,0.6290804888324489,0.028181753797608126,0.0,0.001268591548072291,2013-12-27
0.004279448311347746,9.269315159289906e-06,0.9926882107572281,0.0,0.003023071616195028,2013-12-30
0.08629931403880071,0.8326338645245327,0.08056109660923273,0.0,0.0005057248276265976,2013-12-31
4.732335119845768e-16,1.1943539539594285e-18,0.26645728373423444,0.0,0.7335427162659156,2014-01-02
0.008125144682619424,0.9321904965352771,0.054933188139091656,0.0,0.0047511706427905325,2014-01-03
0.020035391444040453,0.2978522186771017,0.6800031584135754,0.0,0.0021092314650797586,2014-01-06
0.0007177131234098388,0.0025234145470190536,0.9918427147558831,0.0,0.004916157573542042,2014-01-07
0.08220607285808543,0.8398517175681086,0.07745265508880532,0.0,0.0004895544849484874,2014-01-08
0.02414650039297168,0.9021989689341949,0.07337969619225827,0.0,0.00027483448062962687,2014-01-09
0.00013351275033895605,0.9779454558655452,0.006702960447397876,0.0,0.015218070936883614,2014-01-10
0.9915284475385928,4.313051490774277e-53,3.968154727029784e-16,0.0,0.008471552461541229,2014-01-13
0.004243396141445619,0.9012895303960844,0.09424217708224347,0.0,0.00022489638003606185,2014-01-14
0.992858224440506,1.1692734795792101e-28,1.1512311042569372e-08,0.0,0.0071417640471266005,2014-01-15
0.043532217247528,0.8665421347966782,0.08974465067959611,0.0,0.0001809972761654893,2014-01-16
5.356897997290768e-06,0.0001921339734805995,0.9928351350752639,0.0,0.006967374053154108,2014-01-17
0.9930918672226504,3.963858975370867e-05,0.0027964578496567417,0.0,0.004072036338143313,2014-01-20
0.06524675186859395,0.8914953969409743,0.043144135869321414,0.0,0.00011371532118004021,2014-01-21
0.20788432483588343,0.7620471595516424,0.028514608425914585,0.0,0.001553907186781535,2014-01-22
0.07253953634687102,0.8495235850453401,0.07756445225735561,0.0,0.0003724263504242431,2014-01-23
5.247811823233847e-06,0.04170658246595564,0.9172016684230141,0.0,0.041086501299249886,2014-01-24
3.829699455257633e-13,6.11377818270821e-22,0.051988958711548565,0.0,0.9480110412882128,2014-01-27
0.0005429511123702601,0.9294074385742787,0.021414686278952384,0.0,0.048634924034215266,2014-01-28
0.09076568089719984,2.8496792487978123e-05,0.900888891846476,0.0,0.008316930463765247,2014-01-29
0.0006792812169429704,0.8575377051606253,0.1386992670801815,0.0,0.0030837465421838088,2014-01-30
0.07894118011915462,0.8695989622577031,0.05106420211653874,0.0,0.0003956555064468312,2014-01-31
3.55016076208389e-10,1.4085892556377912e-16,0.9846006391281628,0.0,0.0153993605169538,2014-02-03
0.06432243643770982,1.3561862300457427e-07,0.8805837947541686,0.0,0.055093633189701965,2014-02-04
0.01841658357398145,0.9722725570586297,0.008234784023336434,0.0,0.0010760753439533078,2014-02-05
0.002729575787252388,0.984459445564103,0.008360343589099454,0.0,0.004450635059647961,2014-02-06
0.060006195630208765,0.9283494609350633,0.011266564956457942,0.0,0.0003777784784605534,2014-02-07
0.04036617546110563,0.7806107340626559,0.17842407239147515,0.0,0.0005990180849838161,2014-02-10
0.06060157876832389,0.8823674013257434,0.056706879169508145,0.0,0.00032414073627241055,2014-02-11
0.10108814127161496,0.8503771003048368,0.04806445429221877,0.0,0.0004703041313353945,2014-02-12
1.6192677800893412e-14,2.0487661533305135e-62,0.9861328811308133,0.0,0.013867118869122865,2014-02-13
0.06305154408066681,0.9337479701978341,0.0004501750472696218,0.0,0.0027503106744491256,2014-02-14
0.9963078610362832,1.432476427517285e-16,1.1476055993130162e-08,0.0,0.003692127487518302,2014-02-18
0.29233584652025585,0.6679216813322985,0.039382231107251184,0.0,0.00036024104031929176,2014-02-19
8.211681984266932e-05,1.152419651601842e-08,0.9894639109384923,0.0,0.010453960717315271,2014-02-20
0.9923938965741794,2.9638634311522908e-21,2.749004947110123e-06,0.0,0.007603354420719482,2014-02-21
0.9911156855522377,1.0181248099408465e-08,0.007241488462367556,0.0,0.0016428158040941734,2014-02-24
0.062339661859450904,0.904885083917848,0.03266796423392116,0.0,0.00010728998891414218,2014-02-25
0.9897870592993322,5.768321186447921e-08,0.006249579337656626,0.0,0.003963303679759265,2014-02-26
0.9967880665886434,9.037164888015425e-19,0.0007783524672190197,0.0,0.002433580944330997,2014-02-28
4.235530526676511e-05,3.862765239173194e-06,0.9983059819756867,0.0,0.0016477999539141529,2014-03-03
0.969483394195251,4.780560038502825e-70,2.3867350847425264e-12,0.0,0.0305166058024396,2014-03-04
0.08424195949747858,0.9031941775289478,0.012206940187096768,0.0,0.0003569227864826563,2014-03-05
0.9967933436552452,5.935239459456315e-22,1.2471192010613454e-07,0.0,0.003206531632899727,2014-03-06
0.9826387247825678,3.3863745552043854e-115,4.323172338902959e-26,0.0,0.01736127521745705,2014-03-07
0.618295100411943,0.0013347434449059912,0.37204591496781414,0.0,0.008324241175390809,2014-03-10
0.0015247961670016791,0.8671843537498454,0.13071192287700908,0.0,0.0005789272060977385,2014-03-11
0.018576373944885167,0.9422860444045223,0.03880988529042721,0.0,0.00032769636007137884,2014-03-12
0.00023494543529431117,0.9237035928438524,0.07267691295490453,0.0,0.0033845487658303226,2014-03-13
0.5749672537926491,1.7504668790092015e-08,0.3729627718929558,0.0,0.05206995680960901,2014-03-14
0.006003606451592201,0.9828954903818238,0.01018142734935478,0.0,0.0009194758171377785,2014-03-18
0.06340526324655243,0.8678101878122226,0.06841612707777114,0.0,0.0003684218633126124,2014-03-19
0.0033597668217554273,0.6084101935779161,0.38642382738610365,0.0,0.0018062122144266457,2014-03-20
0.18080205475727365,0.6554384114822651,0.16270384328642418,0.0,0.0010556904742365948,2014-03-21
0.9941041438917918,5.559441214764799e-45,7.014216180429409e-12,0.0,0.005895856101419297,2014-03-24
0.5506873933188285,2.7014428466854943e-06,0.4466021145887227,0.0,0.002707790649520447,2014-03-25
0.04175330687303615,0.9242816355433984,0.033791499142005646,0.0,0.00017355844159020023,2014-03-26
0.08643401983069028,0.9099259363086143,0.002233902899123872,0.0,0.0014061409613693105,2014-03-27
0.1380542894662374,0.8598673434873348,0.001169521460000196,0.0,0.0009088455863945217,2014-03-28
0.012607265886092555,0.963613507993588,0.023416239847542587,0.0,0.0003629862727070608,2014-03-31
0.04152953100125761,0.9278293218854133,0.03019707384164083,0.0,0.0004440732715255513,2014-04-01
0.10191968930447268,0.8716736611331517,0.02592681908207768,0.0,0.0004798304802510028,2014-04-02
0.00548952574143203,0.6150204057664312,0.3764459968077252,0.0,0.0030440716846047468,2014-04-03
0.0003769208286159036,3.271731858500696e-13,0.9960846590826231,0.0,0.0035384200884734595,2014-04-04
0.006541902596638571,0.9390683225790641,0.053017107317175974,0.0,0.00137266750719537,2014-04-07
0.9900137741312256,1.5374753842562057e-21,1.1072213545460318e-11,0.0,0.009986225857912498,2014-04-09
0.04173533191505623,0.9048478540506334,0.05328367700175434,0.0,0.00013313703243949203,2014-04-10
0.01157994020603839,0.8870627234065102,0.10098849714807424,0.0,0.00036883923933870883,2014-04-11
9.692649302916241e-06,5.4823326254441986e-08,0.9908016177358762,0.0,0.009188634791378396,2014-04-15
5.356124871417368e-06,1.9142482285289404e-07,0.9958959919187561,0.0,0.004098460531363929,2014-04-16
0.9933947229246662,1.3875870001965865e-46,2.881310181590822e-14,0.0,0.0066052770755151225,2014-04-17
0.9406862330293041,0.026712801301137925,0.03124282818074588,0.0,0.001358137488654014,2014-04-21
0.047775418545541314,0.8935098843435103,0.05858887568018072,0.0,0.00012582143076593193,2014-04-22
0.08816683400257636,0.8855287189663118,0.02596586641565533,0.0,0.0003385806156725104,2014-04-23
1.6134304584479712e-07,1.4863339911745057e-24,0.996049941242295,0.0,0.003949897414854593,2014-04-25
0.019277843893574183,0.8330176094408599,0.14709062606521153,0.0,0.000613920600247583,2014-04-28
7.276310279789173e-05,7.143874905242538e-13,0.9973847005407671,0.0,0.0025425363556149856,2014-04-29
1.5576883809087007e-06,0.9027942217042519,0.017194617191048398,0.0,0.08000960341638892,2014-04-30
0.02396156939431061,0.9155944219475144,0.059918671190318684,0.0,0.0005253374677989629,2014-05-02
0.016863396432160605,0.9455062305509314,0.03731374514305925,0.0,0.0003166278740059215,2014-05-05
0.07323224026839512,0.8760988832337672,0.050281814660799305,0.0,0.00038706183693631795,2014-05-06
2.0420008700688944e-06,9.697733005411328e-14,0.996969099598663,0.0,0.0030288584004146517,2014-05-07
0.03676579335134243,0.9037642254286418,0.05909181233218979,0.0,0.0003781688878798299,2014-05-08
0.00010013608071973608,0.0,1.247293893323027e-73,0.0,0.9998998639192892,2014-05-09
0.0035450789437286184,5.485339463083234e-222,1.417788037953228e-41,0.0,0.996454921056447,2014-05-12
0.00946029188086216,0.2982439885789556,4.599019124368007e-08,0.0,0.692295673550034,2014-05-13
0.01597709352491255,0.9324660875643456,0.04493494403927124,0.0,0.006621874871539903,2014-05-14
0.01998553751600718,0.9559155398138405,0.023545560696478875,0.0,0.0005533619737198979,2014-05-15
2.124672150965691e-85,1.541076589966754e-49,3.7192115064490615e-77,0.0,1.0,2014-05-16
0.008664619738491992,0.8226549020177188,5.201897372852295e-05,0.0,0.16862845927018696,2014-05-19
0.002107113124572042,0.9774860142277162,0.008873499715803066,0.0,0.011533372931969665,2014-05-20
0.0011100495496780848,0.925789254508867,0.07225017794401936,0.0,0.0008505179972136313,2014-05-21
0.04299149985293521,0.9377825150706064,0.018858274885591546,0.0,0.00036771019075485445,2014-05-22
0.9957838583288117,7.512582605691245e-11,1.7136420873132005e-07,0.0,0.004215970231892041,2014-05-23
6.7230707775450795e-21,2.2184607626956632e-08,2.1698380278661267e-12,0.0,0.9999999778133317,2014-05-26
0.00014182541229453536,0.2188031020678197,0.4572860890885636,0.0,0.32376898343131594,2014-05-27
0.06464747698886325,0.8676443006865374,0.06553710494277591,0.0,0.0021711173817954683,2014-05-28
9.185621196030464e-11,2.4929444358093553e-32,0.9941923134213779,0.0,0.005807686486783509,2014-05-29
3.484353076411755e-08,0.22963688590712727,0.0004295215376724266,0.0,0.7699335577117017,2014-05-30
0.6986469440682997,2.971666446999637e-39,1.2972381690715032e-17,0.0,0.30135305593168366,2014-06-02
0.5618349291657555,0.4134944538009676,0.0017903283839803875,0.0,0.022880288649289413,2014-06-03
0.02283780952101124,0.9078630442814886,0.06903040429277228,0.0,0.00026874190490836544,2014-06-04
0.9157173917602749,3.73961215686407e-09,2.4202986309944318e-06,0.0,0.08428018420127709,2014-06-05
0.9866830258022684,5.785558080371993e-09,6.785683349774879e-09,0.0,0.013316961626269429,2014-06-06
0.08795730151341459,0.9103131344746119,6.772508238293232e-05,0.0,0.0016618389297924049,2014-06-09
0.0009560407909407997,0.9825757230665098,0.014631609729977466,0.0,0.0018366264125922224,2014-06-10
0.00030302799236664105,0.5230305347567952,0.4619237132586268,0.0,0.01474272399205457,2014-06-11
0.04959536275724435,0.9204088557215936,0.02940131613332614,0.0,0.0005944653879322597,2014-06-12
2.5473460854809844e-17,3.3791670812343175e-81,0.9505874612449008,0.0,0.04941253875519804,2014-06-13
0.020018568131421898,0.8674108122486651,0.11163478257245149,0.0,0.0009358370474011522,2014-06-16
0.9871513052854148,4.2807911260912644e-54,3.832057435678696e-13,0.0,0.012848694714055725,2014-06-17
1.1693667927607064e-09,8.18557952001972e-09,0.9108314174173953,0.0,0.08916857322743775,2014-06-18
0.0007739334790232978,0.8288942069341275,0.1606518459028621,0.0,0.009680013683796644,2014-06-19
0.010586581242918988,0.5390032870726197,0.4488888922292821,0.0,0.0015212394551165135,2014-06-20
0.0006159284072710561,0.9437262511248281,0.05427406075242338,0.0,0.0013837597155069192,2014-06-23
0.9966129979353859,4.5836002424908815e-20,1.6715075712063356e-07,0.0,0.003386834913785517,2014-06-24
0.049181063189245415,0.8448692132125316,0.10572293861503909,0.0,0.00022678498318730542,2014-06-25
1.1643965480165866e-06,1.8866827429415898e-10,0.9960149255588385,0.0,0.003983909855924564,2014-06-26
0.0532938372260464,0.8924654004371863,0.053755314860266315,0.0,0.00048544747629514624,2014-06-27
0.9962368744196518,8.457335458537108e-30,2.1667719664285417e-10,0.0,0.0037631253634715965,2014-06-30
0.08717419533938978,0.8754478539445669,0.03722983429476299,0.0,0.00014811642143880551,2014-07-01
0.9932859230084021,9.44224460518255e-06,3.7551876800040545e-05,0.0,0.006667082870246148,2014-07-02
0.02381628956221781,0.9149964344859517,0.061077978249211906,0.0,0.00010929770261912947,2014-07-03
0.02028029592502537,0.9759204157703398,0.0024133491296412764,0.0,0.0013859391747807366,2014-07-04
0.10222094071086613,0.8647771973003463,0.03248866204086898,0.0,0.0005131999480147161,2014-07-07
2.1616409020217793e-36,8.540812124792095e-186,0.05415504526661394,0.0,0.9458449547332755,2014-07-08
0.00038672063207153255,0.003899047921746913,0.7716798976534175,0.0,0.22403433379289334,2014-07-09
2.350454880890434e-27,1.6670563525743368e-10,5.771477363480822e-16,0.0,0.9999999998331077,2014-07-10
1.0181972158932164e-19,1.3704888258224767e-54,0.04674618744873728,0.0,0.9532538125510481,2014-07-11
0.010892461677689542,0.9513478276984458,0.030780151926194647,0.0,0.006979558697605446,2014-07-14
0.4809120432049851,0.5142908884237498,0.0003419938856337431,0.0,0.004455074485744595,2014-07-15
0.9789494238593893,3.6814202759394286e-05,1.6685626973393723e-07,0.0,0.02101359508146863,2014-07-16
0.35770545349071303,0.48698010864895214,0.15436895817665966,0.0,0.0009454796838384403,2014-07-17
0.02227859895514601,0.96719514368942,0.009790109037985627,0.0,0.0007361483175625918,2014-07-18
0.06203672882743782,0.9046908275594245,0.03299207700418811,0.0,0.00028036660910183434,2014-07-21
0.9960182576683453,1.028517006419434e-17,1.8213554113147437e-06,0.0,0.003979920976341972,2014-07-22
0.07558920701755056,0.902472862131852,0.02178588039631358,0.0,0.00015205045437534777,2014-07-23
0.40137074138829615,0.5594485465744097,0.037702517794726595,0.0,0.0014781942424501552,2014-07-24
0.0004825803563032967,0.7050195485715416,0.29260073819918014,0.0,0.0018971328730604015,2014-07-25
0.0021533832280201466,0.015750876170629285,0.9791940817924354,0.0,0.0029016588088155494,2014-07-28
0.5734010771339741,0.4017642685289088,0.015717992560802238,0.0,0.009116661776513959,2014-07-30
5.5639360507516735e-06,3.3783045662816746e-15,0.9973946129356659,0.0,0.0025998231284567134,2014-07-31
6.663229050127601e-11,4.758447815584905e-05,0.7111205744120603,0.0,0.2888318410432855,2014-08-01
0.9717648852584005,0.0034089402257916385,0.00010051385631939776,0.0,0.024725660659307744,2014-08-04
0.02489577379621738,0.9688745825253953,4.80549147654632e-05,0.0,0.0061815887636491405,2014-08-05
1.1525386329096698e-05,8.449866580509654e-07,0.9950793351910471,0.0,0.004908294435770259,2014-08-06
0.0028548661961543204,0.8828431865788666,0.11313263677418478,0.0,0.0011693104505715616,2014-08-07
0.0003506470232123864,0.9251019345803003,0.06903435408797297,0.0,0.00551306430844162,2014-08-08
0.11477468588999705,0.8732456700561534,0.01093932466954356,0.0,0.0010403193845155655,2014-08-11
0.688926886223056,0.29470841454263474,9.222092908270059e-06,0.0,0.01635547714142833,2014-08-12
0.034204092014023794,0.9385021002584385,0.02711356286941533,0.0,0.00018024485798749738,2014-08-13
0.8784046042101462,0.10670327115477492,0.012240133440852995,0.0,0.002651991194215982,2014-08-14
0.9971796709813096,9.757255713001734e-42,3.981115422557592e-09,0.0,0.002820325037395795,2014-08-18
0.0903355529889895,0.8715904727976526,0.0379365415580624,0.0,0.00013743265520307218,2014-08-19
0.04272374293541984,0.0033231738229955172,0.9513021769673827,0.0,0.0026509062743195156,2014-08-20
0.036363339737595035,0.9263287145341144,0.03695611127759636,0.0,0.0003518344505838348,2014-08-21
0.07952819276368453,0.8673776028794139,0.05263871470855135,0.0,0.0004554896483952956,2014-08-22
0.01246165872816192,0.9169378591591395,0.07025349043638003,0.0,0.0003469916764624582,2014-08-25
0.10889548366291485,0.6189052633610125,0.27111135528063046,0.0,0.0010878976955464336,2014-08-26
0.10620274801185241,0.840828043057239,0.052375892512079504,0.0,0.000593316418697612,2014-08-27
0.06868447489932093,0.8800106069866726,0.05090996692771492,0.0,0.00039495118622064805,2014-08-28
0.9913324529201398,0.002496097874597075,0.0015763008569524535,0.0,0.004595148348517239,2014-09-01
0.9942881057090185,0.0010012374231082347,0.0037780938376152434,0.0,0.0009325630303848473,2014-09-02
0.08913447760201063,0.8877242113690391,0.023013532986537757,0.0,0.0001277780422003246,2014-09-03
0.015126642629150828,0.8998104772213936,0.08475192253568418,0.0,0.00031095761392774913,2014-09-04
0.01018762042951503,0.9218280731260835,0.06753538858520251,0.0,0.0004489178593180421,2014-09-05
0.9932381645136026,0.0001555340973300941,0.00023584137563020422,0.0,0.006370460013652008,2014-09-08
0.02248511329994759,0.9077037371526159,0.0696551938098195,0.0,0.000155955737538923,2014-09-09
0.001928498584175191,7.923186395232929e-05,0.9927124963466417,0.0,0.005279773205221645,2014-09-10
0.016703591604545345,0.8594044552527464,0.12334489407818892,0.0,0.0005470590643073677,2014-09-11
0.07011862318054064,0.8865529942691875,0.04300602819772271,0.0,0.00032235435246021267,2014-09-12
0.0047419441808992146,0.5531963867666545,0.43687146416613415,0.0,0.005190204886192026,2014-09-15
2.8989016591204665e-13,1.1881916875725157e-56,0.9878769753312249,0.0,0.012123024668481138,2014-09-16
0.1081757173381689,0.8694603557542205,0.021608947676449424,0.0,0.0007549792310646725,2014-09-17
0.5157689676814309,2.3857578633457444e-154,4.069771992773083e-27,0.0,0.4842310323184305,2014-09-18
0.03663545037078339,0.923413315946202,0.037476089295344156,0.0,0.002475144387849922,2014-09-19
0.8759314552914659,8.378249004396255e-06,0.10969489748904653,0.0,0.01436526897034481,2014-09-22
4.84158724463286e-18,1.2693733201277383e-76,0.9799556639313776,0.0,0.020044336068468394,2014-09-23
0.001863015371762186,0.9256490248608307,0.0709391747664897,0.0,0.001548785000993443,2014-09-24
9.15415034314409e-11,3.4827233938172773e-19,0.9821906313758126,0.0,0.01780936853284956,2014-09-25
0.1285825000986698,2.4349351150762716e-07,4.332439001137156e-05,0.0,0.8713739320176138,2014-09-26
0.011519724434903202,0.9476553352886208,0.03540981141717632,0.0,0.005415128859233749,2014-09-29
0.0013918699471188436,0.9827537658780199,0.013643363409236617,0.0,0.0022110007654804887,2014-09-30
0.02298052612170787,0.8880784560046823,0.08853920092670906,0.0,0.0004018169469321383,2014-10-01
1.2642295472084733e-06,0.09637134366784371,0.862626136241256,0.0,0.04100125586124857,2014-10-07
0.02129699782489172,0.8874802013911857,0.0907096501681616,0.0,0.000513150615556054,2014-10-08
0.9939581254738656,2.329940249752412e-27,1.0191572308389212e-10,0.0,0.006041874424247876,2014-10-09
3.7085521600151077e-06,8.770632110737613e-06,0.9880639868379049,0.0,0.011923533977647923,2014-10-10
0.5023484602984347,0.26533472788495227,0.17843434317396806,0.0,0.053882468642863036,2014-10-13
0.0063339718038681785,0.00021650143814411647,0.9802600025561566,0.0,0.013189524201813175,2014-10-14
4.187210458581892e-15,2.549616155058599e-14,0.5597362508667934,0.0,0.4402637491333445,2014-10-16
0.35717816309470546,0.5104425630722413,0.04254562273906702,0.0,0.08983365109384675,2014-10-17
0.10957724443956439,0.8819433492032763,0.000149019417437471,0.0,0.00833038693991738,2014-10-20
0.08870521867147844,0.9057993961740584,0.005030871633213566,0.0,0.0004645135213911986,2014-10-21
0.10511108096902401,0.8824483113596399,0.010785698203643777,0.0,0.0016549094678615422,2014-10-22
0.11387342399774512,5.961140561283229e-30,0.7829073091032354,0.0,0.10321926689892831,2014-10-27
0.24535487202877806,0.7044890592307793,0.047921350395313804,0.0,0.0022347183450312355,2014-10-28
0.10605476498843017,0.8882605373725302,0.005050528515463623,0.0,0.0006341691236505309,2014-10-29
0.9947120383390048,1.6946404103584768e-33,1.4676625275438723e-07,0.0,0.005287814894606457,2014-10-30
0.9930985884878135,3.612277749790096e-84,2.835836958002388e-21,0.0,0.0069014115123286,2014-10-31
0.042201911478839324,0.9040357576894326,0.05364770421578271,0.0,0.00011462661610109039,2014-11-03
0.06134289578807798,0.885731757756622,0.05261767186845691,0.0,0.000307674586796119,2014-11-05
0.022481533126177438,0.9064672195096393,0.07057334910469337,0.0,0.00047789825959684444,2014-11-07
0.01921853178193647,0.9352987489633984,0.0449170839736878,0.0,0.0005656352808885227,2014-11-10
0.060757488487765514,0.8931869202629286,0.045687623383874956,0.0,0.00036796786528802214,2014-11-11
0.08377519993048672,0.8605230049583192,0.05530750933577215,0.0,0.0003942857752516223,2014-11-12
0.012993504592732467,0.08373219973144393,0.8999682231905802,0.0,0.00330607248544662,2014-11-13
0.21788976158531087,0.7268699630028927,0.054336931942575266,0.0,0.0009033434692830612,2014-11-14
0.9547556647748956,0.013485117133360291,0.02673364347593897,0.0,0.00502557461602002,2014-11-17
0.03274747952098605,0.9156017137716896,0.05154525467626752,0.0,0.000105552031095973,2014-11-18
0.0007850972725115501,5.129606269959484e-05,0.9961634035853687,0.0,0.0030002030792132535,2014-11-19
0.06941167974680298,0.8703818690036282,0.05970776795993631,0.0,0.0004986832896428969,2014-11-20
0.9972716920757004,4.5223958032001196e-13,2.2114227578412148e-05,0.0,0.002706193696073643,2014-11-21
0.9843384595980177,6.168023593506815e-06,0.013353166559401872,0.0,0.0023022058188276844,2014-11-24
1.7365869366454447e-05,8.172436554890095e-08,0.9984681998592113,0.0,0.0015143525471114031,2014-11-25
0.04915903831231496,0.8933456802028995,0.057138299031628745,0.0,0.00035698245302147894,2014-11-26
0.05823730996305335,0.9010844854265009,0.04040308121679003,0.0,0.00027512339368043753,2014-11-27
0.9967390111256126,9.787214307719192e-12,1.015148596078867e-06,0.0,0.0032599737160416615,2014-11-28
0.01547852621996224,0.0034608691409829797,0.9799356489615698,0.0,0.0011249556772611764,2014-12-01
0.012989059287541039,0.8630803392449292,0.12333462175297763,0.0,0.0005959797146109636,2014-12-02
0.0708891741567325,0.8617251937862177,0.06699284368429319,0.0,0.00039278837272632017,2014-12-03
0.010476545590419405,0.9811994694991195,0.007424768201933405,0.0,0.0008992167085247435,2014-12-04
0.03119026175539205,0.0005406286991183342,0.9654326337376422,0.0,0.002836475807642846,2014-12-05
8.602740356452165e-11,1.1598678187112908e-48,0.9913159228705112,0.0,0.008684077043238963,2014-12-08
1.456475039989781e-10,2.6493971679559115e-45,0.9923326165460593,0.0,0.007667383308092273,2014-12-09
0.46513851310783927,0.16503848031384466,0.3665928103242911,0.0,0.0032301962538696916,2014-12-10
0.0006864882374497534,0.007458051820733143,0.9888306780544076,0.0,0.0030247818872749838,2014-12-11
1.1713362928900902e-06,9.230897035310532e-18,0.9971142901056191,0.0,0.0028845385581332357,2014-12-12
0.09366937045245473,2.0068637632998073e-05,0.8983007134975353,0.0,0.008009847412465515,2014-12-15
3.692784635382677e-17,1.4287198645256334e-40,0.9513494624048634,0.0,0.04865053759524668,2014-12-16
2.0371750094469385e-05,0.891319495296177,0.08242529471785459,0.0,0.026234838235710847,2014-12-17
0.09219142774361373,0.8226649027298817,5.995264510716745e-07,0.0,0.08514306999996163,2014-12-18
0.11751306172081294,0.8760925896556461,0.004469565775605054,0.0,0.001924782848066733,2014-12-19
0.9952658574324431,1.0673608451737072e-09,3.3831378123883954e-07,0.0,0.00473380318626603,2014-12-22
5.3781702700532215e-05,0.003076151581900256,0.9933413428463721,0.0,0.003528723869224116,2014-12-23
1.5993394332998224e-10,1.2311727108857225e-30,0.9943546696369197,0.0,0.0056453302030252586,2014-12-24
0.025154556108634145,0.9551137695575579,0.018545194122477942,0.0,0.0011864802111232978,2014-12-26
0.2581871256454499,0.7273182529733213,0.013545455974439067,0.0,0.0009491654070155919,2014-12-29
0.04302849092755731,0.8941732831445371,0.06254631776643481,0.0,0.0002519081615646293,2014-12-30
0.9051663148237299,0.00020761640281333947,0.08959407222220243,0.0,0.005031996551387596,2014-12-31
0.9969298138570708,5.814714258657846e-54,3.9528046623577956e-13,0.0,0.003070186142436706,2015-01-02
0.0052252211095173045,0.9300564677512807,0.06456628601780648,0.0,0.00015202512156938384,2015-01-05
1.2722994551507635e-53,2.5348597770414263e-251,0.0020301280936653927,0.0,0.9979698719065406,2015-01-06
0.0008734147627731899,0.9497628469762588,0.030085736680382443,0.0,0.01927800158065068,2015-01-07
0.9073420497125554,0.01966059215771072,3.87065695051173e-07,0.0,0.07299697106414062,2015-01-08
0.011110856205483525,0.9799511344951835,0.0008005795516562441,0.0,0.008137429747834398,2015-01-09
0.045091658990736944,0.9488068682766894,0.005397827127865065,0.0,0.0007036456048255085,2015-01-12
0.013716670659074563,0.12194566077745757,0.8607259470938822,0.0,0.0036117214694182413,2015-01-13
0.0019378546304587986,0.9005231924832633,0.09678183342506479,0.0,0.0007571194610731363,2015-01-14
0.0005513637783379187,1.2910836889133307e-07,1.1876733237603e-20,0.0,0.9994485071134974,2015-01-15
0.01579874088375893,0.9600100599570416,0.010854823513007398,0.0,0.013336375646182754,2015-01-16
0.11029259973783233,0.8481921389419319,0.04087087019746132,0.0,0.0006443911227121227,2015-01-19
0.9880926050786474,2.3454944142524375e-72,5.031583038834293e-18,0.0,0.011907394921252187,2015-01-20
0.08179941621083839,0.8975199303156237,0.020526053475447868,0.0,0.00015459999790524534,2015-01-21
0.0777103620498452,0.8933354914882699,0.028639180785953018,0.0,0.0003149656760063547,2015-01-22
0.11042704833112867,0.8861637699054479,0.0022074372538482528,0.0,0.0012017445096034467,2015-01-23
0.14599269947365448,0.8513237142398926,0.00038629338392708534,0.0,0.002297292902534911,2015-01-27
0.0026322818228666726,0.9741782906825978,0.021824958638008374,0.0,0.001364468856362769,2015-01-28
0.3294131084734538,0.6334180061590237,0.03035116512650663,0.0,0.006817720241140442,2015-01-29
4.0359866091231656e-25,4.0933602438258025e-145,0.22492283547556902,0.0,0.7750771645245961,2015-01-30
0.0043099093421972365,0.9333277278587313,0.049216193802377094,0.0,0.013146168996786986,2015-02-02
0.0005872146191956667,1.0169388563997401e-05,0.9942207667785982,0.0,0.005181849213803536,2015-02-03
0.0032125364881544164,5.683190451521203e-10,0.9935575625819846,0.0,0.003229900361476126,2015-02-04
7.370561312784067e-06,0.9398551001288021,0.009445609473672274,0.0,0.05069191983641353,2015-02-05
0.001594314259388451,0.6654562944525348,0.33050415283783646,0.0,0.0024452384503738677,2015-02-06
7.499572360141697e-08,4.112570980421138e-06,0.8462000175592843,0.0,0.15379579487389197,2015-02-09
0.0009460928097256831,1.2319842616114252e-06,7.225809601029009e-05,0.0,0.998980417110044,2015-02-10
0.07164478652921889,0.9104893227642467,0.00175310065099772,0.0,0.016112790055455104,2015-02-11
0.012342089315727977,0.9604302299111518,1.006778711600235e-05,0.0,0.0272176129861483,2015-02-12
0.9957123873427645,4.840530501994255e-08,8.011532295237085e-06,0.0,0.004279552719479028,2015-02-13
0.016716702376483265,0.9544924576354574,0.028697017221655814,0.0,9.382276642104541e-05,2015-02-16
0.9944738973017836,2.367107400424917e-05,0.002500882659404711,0.0,0.003001548964958925,2015-02-18
0.0041456175376451705,0.9902791140221765,0.004517280826846685,0.0,0.001057987613370945,2015-02-19
0.00022429968033239487,7.264234796829961e-09,0.9971183169029421,0.0,0.0026573761524345896,2015-02-20
1.8830334452702596e-08,2.02900498887448e-30,0.994820963724801,0.0,0.005179017444713602,2015-02-23
0.02689642885080898,0.9126889648875482,0.05992969666495625,0.0,0.00048490959663266076,2015-02-24
0.018929248938129035,0.9263878419190764,0.05407962630464946,0.0,0.0006032828382808049,2015-02-25
2.804658488022029e-08,5.688062665982545e-32,0.9956681027645804,0.0,0.004331869188867863,2015-02-26
0.9890709313027637,8.788131857745392e-48,1.1279734405368033e-17,0.0,0.010929068697254345,2015-02-27
0.10732281279201408,0.8883211302354507,4.470708429713326e-05,0.0,0.004311349888019425,2015-03-02
0.0751519787994345,0.9144372797539798,0.00990048275430265,0.0,0.0005102586921527249,2015-03-03
6.272877387796708e-16,7.649829586975924e-130,0.0017967299977938026,0.0,0.9982032700024107,2015-03-04
0.0031851022712628,0.9481798862281339,0.007052213594720331,0.0,0.041582797906077294,2015-03-05
3.3996810253949687e-22,3.4030115729014937e-87,0.8222962994435824,0.0,0.17770370055661472,2015-03-09
0.0007794027485573933,0.001189162793698576,0.9873979052728774,0.0,0.010633529184714434,2015-03-10
0.013752202466866084,0.8725701059804016,0.11319100248015751,0.0,0.000486689072769684,2015-03-11
0.8663696121131566,0.12495258857079555,0.004448394551091345,0.0,0.004229404765029445,2015-03-12
4.9562263425898353e-26,1.591128475031044e-201,0.005866084276954366,0.0,0.9941339157230802,2015-03-13
0.014129477844833241,0.9318118862788167,0.044238579672937525,0.0,0.009820056203356041,2015-03-16
0.06079819054552627,0.9313268379136638,2.6748703012961483e-05,0.0,0.007848222838005701,2015-03-17
0.004247049948708313,8.347585598014605e-06,0.993048494363034,0.0,0.0026961081025994125,2015-03-18
8.220631386112822e-08,4.8623735271017775e-27,0.8130495294493127,0.0,0.1869503883445646,2015-03-19
0.0002020902013041918,1.3215750788337758e-08,0.9901503187551753,0.0,0.009647577827860306,2015-03-20
0.04817380705089137,0.09593339245374084,0.8533328374550236,0.0,0.002559963040452646,2015-03-23
0.0046766547014467355,0.9323433174269299,0.062085120604847346,0.0,0.0008949072669193455,2015-03-24
0.12988548608951656,0.06671400325063305,0.800599814065813,0.0,0.002800696593852846,2015-03-25
7.819922444449895e-25,8.302030694447277e-62,0.7390898231763028,0.0,0.2609101768235544,2015-03-26
0.00031536852751118096,0.6866723417625222,0.036095277899722854,0.0,0.27691701181015227,2015-03-27
0.9403587784748567,2.66719853628908e-54,8.981882850689126e-17,0.0,0.05964122152521606,2015-03-30
0.007490052052672498,0.9515663067702894,0.04015027061326652,0.0,0.0007933705638410996,2015-03-31
0.987622527460139,2.7880277564841157e-27,2.9141905184316925e-09,0.0,0.012377469625754884,2015-04-01
0.48361436879691994,0.5140048097674634,0.0005242744748629026,0.0,0.001856546960900817,2015-04-06
0.002092524684221724,0.9782773236675196,0.01898476895579773,0.0,0.0006453826924609893,2015-04-07
0.09937869466907472,0.8897634535159732,0.010358580629119206,0.0,0.0004992711856682168,2015-04-08
0.033434182304481065,0.9640576477810516,0.000647914149017847,0.0,0.0018602557654491922,2015-04-09
0.05048934458565199,0.8679059269986594,0.08120964476915689,0.0,0.0003950836465719667,2015-04-10
0.1132226943072759,0.8818873644012186,0.004236748181563667,0.0,0.0006531931097968618,2015-04-13
7.916017530064789e-08,0.1731260738675723,0.6061864517119423,0.0,0.2206873952601167,2015-04-16
1.07697963033342e-09,1.84403354766767e-40,0.9695417003559585,0.0,0.03045829856688618,2015-04-17
9.507025680762708e-27,7.926322755935599e-140,0.5190240255047481,0.0,0.48097597449505436,2015-04-20
3.992804986819095e-06,0.6695090657561577,0.23481059724876185,0.0,0.09567634418994263,2015-04-21
3.167710890739329e-05,0.39790951240463046,8.612264836855674e-06,0.0,0.6020501982215362,2015-04-22
5.139611080035147e-05,1.0721794047082493e-07,0.48038052845446966,0.0,0.5195679682170076,2015-04-23
1.3169834160715991e-10,1.2215056909925462e-27,0.9284218002742898,0.0,0.07157819959401514,2015-04-24
4.481084607865984e-12,6.267279730468009e-71,0.9506974153648899,0.0,0.04930258463066325,2015-04-27
0.9420772935424535,1.4485152394576728e-05,6.035748755505048e-05,0.0,0.057847863817487355,2015-04-28
0.0006122289573521167,0.8131430095001411,0.18472500594965782,0.0,0.0015197555929967446,2015-04-29
0.0005246175747164782,0.1492701887017286,0.8460105853060452,0.0,0.004194608417324768,2015-04-30
0.9894691749874688,3.1568655014330635e-40,1.6836995002421238e-16,0.0,0.010530825012569715,2015-05-04
0.010645131902748895,0.9459043516808244,0.043284991403728226,0.0,0.0001655250127118315,2015-05-05
7.682837814763843e-55,1.8255544876358e-281,0.0007165057267456551,0.0,0.9992834942734388,2015-05-06
3.038647553861208e-06,0.6948701335232669,0.01615588651121892,0.0,0.28897094131814766,2015-05-07
0.814315799822221,5.5433310140340465e-06,1.9963939294978094e-09,0.0,0.18567865485022061,2015-05-08
0.9813053529293636,8.10072564690148e-21,6.099808319516766e-12,0.0,0.018694647064431694,2015-05-11
2.68221018638468e-44,5.309144005123882e-279,0.00157722044244624,0.0,0.9984227795577021,2015-05-12
1.5607780874354363e-05,0.003949830553984923,1.131865193079427e-11,0.0,0.9960345616537822,2015-05-13
0.0009877143094815452,0.9318131572585027,0.021545124550654538,0.0,0.04565400388136199,2015-05-14
0.06408269407417501,0.9253511587996573,0.010012432097005261,0.0,0.0005537150293239632,2015-05-15
0.9962750475646649,2.0510718569000647e-26,2.267677602047716e-10,0.0,0.0037249522083704334,2015-05-18
0.003486089190176845,0.9619943814705011,0.03424066267817797,0.0,0.0002788666612830368,2015-05-19
0.6043962049226582,0.3759300227713431,0.0172223992780245,0.0,0.002451373028029639,2015-05-20
0.023086312295266285,0.9247805358121016,0.05194597392048542,0.0,0.00018717797233281747,2015-05-21
0.0785295434993209,0.9094992578904325,0.011575842671512434,0.0,0.0003953559386950602,2015-05-22
7.63450150250624e-07,9.157061819743305e-21,0.9932449983065615,0.0,0.006754238243320608,2015-05-25
0.026465360057525908,0.06013101278308282,0.9107824754010736,0.0,0.002621151758509006,2015-05-26
0.04178264957356806,0.7793123810646015,0.17822568210512624,0.0,0.0006792872568060907,2015-05-27
0.0017694100122732542,0.9429756105909503,0.05457584441609403,0.0,0.0006791349806414959,2015-05-28
0.9910040353813457,2.990186822521049e-35,2.776813147296995e-12,0.0,0.008995964616017751,2015-05-29
0.024401066581167613,0.935178096975959,0.040317028011935804,0.0,0.00010380843109227831,2015-06-01
4.941421124119683e-45,6.387285953663024e-291,0.00047154586638507,0.0,0.9995284541334268,2015-06-02
1.1443016728924171e-11,1.4446461494293036e-23,0.5553919869438599,0.0,0.4446080130445716,2015-06-03
0.0011000397017338292,0.9644656401917018,0.02510678273840972,0.0,0.009327537368075794,2015-06-04
0.002278501042570761,0.9309940323808882,0.065514525514507,0.0,0.0012129410621655825,2015-06-05
4.531299813298607e-07,2.092060030956127e-24,0.9965798777173338,0.0,0.0034196691524882375,2015-06-08
0.021215681272984364,0.8443989406914941,0.13376646941445622,0.0,0.0006189086209631605,2015-06-09
0.9925183560393958,1.4585598144497492e-35,3.4705490993426664e-11,0.0,0.007481643925717327,2015-06-10
1.4355937646006172e-36,7.66908519689634e-264,0.0013847763528004318,0.0,0.9986152236470344,2015-06-11
0.03092242126894738,0.9465187958251035,0.014940789411654241,0.0,0.007617993494482897,2015-06-12
0.0034223876416397117,0.9919730482402745,0.0017582985565895023,0.0,0.002846265561407038,2015-06-15
0.024685049462285658,0.9665552412620022,0.004507356149617078,0.0,0.004252353126236881,2015-06-16
0.03502128899745554,0.9596566166511572,0.003980033051425258,0.0,0.0013420612997423005,2015-06-17
0.9971096781342055,3.1292038860765637e-09,1.1533843123337769e-05,0.0,0.0028787848933249684,2015-06-18
0.12524183902494423,0.8690981466576526,0.005503016503021463,0.0,0.00015699781435297164,2015-06-19
0.9955125725337902,8.963366032749392e-37,4.571570893083109e-13,0.0,0.00448742746558388,2015-06-22
0.06611937289927396,0.9129457220223132,0.020783335448792965,0.0,0.0001515696297207534,2015-06-23
0.01233624256551436,0.6436296957486002,0.3426494187662984,0.0,0.0013846429197612723,2015-06-24
0.9683995637293811,4.195578414127819e-06,0.02397912072501728,0.0,0.0076171199671379594,2015-06-25
0.0103950129983843,0.9300448467368427,0.05940008599053931,0.0,0.00016005427433645483,2015-06-26
1.4501926876602774e-06,7.859677129112266e-05,0.9763570331456618,0.0,0.023562919890547943,2015-06-29
0.9865556486177397,0.00024593562437752117,0.008686211543661681,0.0,0.004512204214206822,2015-06-30
0.9982879915676705,1.160031574572593e-12,1.2272782392116437e-06,0.0,0.0017107811530178883,2015-07-01
0.07417096080779126,0.7611600255191375,0.16440204186623633,0.0,0.00026697180705951965,2015-07-02
0.9070283052818198,0.045192431113974016,0.044565159129845995,0.0,0.003214104474319042,2015-07-03
0.0401086305471806,1.2988079951830132e-99,3.833774840349875e-07,0.0,0.9598909860754812,2015-07-06
0.0047951838440112695,0.9578453772106557,0.027491950274215807,0.0,0.009867488671172734,2015-07-07
1.4382948142087586e-11,2.237977051081403e-12,0.8223773153219316,0.0,0.17762268466139775,2015-07-08
0.005266542309142413,0.5470658243370498,0.44304850462923573,0.0,0.0046191287247559455,2015-07-09
0.0783579186050782,0.8918011445733778,0.029299968067313404,0.0,0.0005409687543567471,2015-07-10
0.9725323545825877,0.001036406290151202,2.1787301095789896e-06,0.0,0.026429060397039576,2015-07-13
0.02471940520365206,0.9273718018320515,0.047752872500887486,0.0,0.0001559204632989419,2015-07-14
0.995109072568147,1.2740812314685947e-15,0.00013921545170502054,0.0,0.0047517119802644005,2015-07-15
0.998751462710323,3.407814974618258e-14,1.244860126235469e-05,0.0,0.0012360886883650635,2015-07-16
0.03954580821194659,0.9149128222124153,0.0454572492805496,0.0,8.412029522388389e-05,2015-07-17
0.018410230807129196,0.9166324693535401,0.06467761250012947,0.0,0.0002796873393018345,2015-07-20
6.463499277899158e-07,6.204616173771104e-07,0.9898646643362241,0.0,0.010134068852170693,2015-07-21
0.980056276171326,2.0646742915163983e-55,2.5669559955320384e-12,0.0,0.019943723826302086,2015-07-22
0.0034124072393700174,6.683907778167817e-05,0.9948436515680411,0.0,0.0016771021150036763,2015-07-23
1.7896605126047723e-05,1.5769831020407803e-19,0.9953603138594956,0.0,0.004621789535523009,2015-07-24
1.009182074107752e-21,7.79973170211162e-106,0.8330479535925451,0.0,0.16695204640755196,2015-07-27
0.009048138175057119,0.7176006378834099,0.2705627729306518,0.0,0.0027884510108861253,2015-07-28
0.09726318683874985,0.8725301952443668,0.029723398320637,0.0,0.0004832195963418681,2015-07-29
0.10873676663700174,0.8729672851311607,0.017767847982026647,0.0,0.0005281002497306784,2015-07-30
0.9966302239353596,4.29231691584614e-17,9.938404242116702e-09,0.0,0.0033697661264364357,2015-07-31
0.19503525077670322,0.6589618631103112,0.1456214608255911,0.0,0.000381425287427357,2015-08-03
0.0006429195051490945,0.7678949542075959,0.22655556519601583,0.0,0.004906561091235265,2015-08-04
0.11784906308191292,0.868812582174335,0.01276366486234634,0.0,0.0005746898812617822,2015-08-05
0.0751312216708683,0.8747111278687244,0.04977447794354295,0.0,0.0003831725170716478,2015-08-06
0.020956560537044082,0.8901182935905285,0.08852350553926026,0.0,0.00040164033331228954,2015-08-07
0.00019098692870928418,0.3689808145261995,0.615183212163089,0.0,0.015644986382182133,2015-08-10
1.7318820255961069e-06,5.0064081270199766e-21,0.99577164609742,0.0,0.00422662202065002,2015-08-11
1.1150548102485227e-11,4.9051925493255134e-46,0.9894595156840039,0.0,0.010540484304625581,2015-08-12
0.00981047666784622,0.9537779990802068,0.03576836823985967,0.0,0.0006431560119951361,2015-08-13
0.9802452094209662,2.281392849697494e-44,4.2854979184981434e-19,0.0,0.01975479057923498,2015-08-14
0.0013888274512133894,0.04810542133397147,0.9471360844077054,0.0,0.0033696668072009657,2015-08-17
0.010333001603395812,0.7935653784690141,0.19461187281559267,0.0,0.001489747111927057,2015-08-18
0.016572639107152974,0.9751873314618341,0.007598695959432824,0.0,0.0006413334716355358,2015-08-19
8.180575104576788e-13,4.662283032149586e-25,0.9847515015008529,0.0,0.015248498498178789,2015-08-20
5.025896077020287e-05,0.8164331518337029,0.169142670127786,0.0,0.014373919077731768,2015-08-21
2.5292554363102494e-145,0.0,4.276184242793984e-22,0.0,1.0,2015-08-24
1.042813686336291e-24,4.4010750839574296e-13,8.197761559749395e-24,0.0,0.9999999999995453,2015-08-25
5.1535719990572615e-12,1.1259541773708631e-07,0.04004945082667931,0.0,0.9599504365727989,2015-08-26
0.0009749157544606526,0.0161397713487348,9.708093118072125e-12,0.0,0.9828853128873026,2015-08-27
0.013593679204326718,0.20938894664251836,7.424684867827718e-05,0.0,0.7769431273045722,2015-08-28
0.0007416075324910732,0.8023311918079984,0.1609455933463486,0.0,0.035981607313165916,2015-08-31
1.9194989413284497e-27,8.362727106101298e-44,0.07437204033506523,0.0,0.9256279596650432,2015-09-01
2.0650336997165416e-14,3.600752371521218e-106,0.006398831869547156,0.0,0.9936011681304961,2015-09-02
0.47896544048059914,0.007686124734088077,3.871199834035884e-07,0.0,0.5133480476654252,2015-09-03
8.549023902907984e-30,1.292968785926032e-115,0.16736852977691793,0.0,0.8326314702231767,2015-09-04
2.419663357118571e-16,1.0199951379363756e-75,0.29687221915921713,0.0,0.7031277808410017,2015-09-07
0.00010938411130822937,9.922374817699172e-18,1.7712412578214447e-18,0.0,0.9998906158887113,2015-09-08
0.011880633082602222,0.22746102472446314,5.515192639675351e-08,0.0,0.7606582870409597,2015-09-09
2.285518436679376e-06,0.0632198433358972,0.05629955672724825,0.0,0.8804783144183868,2015-09-10
0.008007844172995991,0.7636376187725408,0.0769964055591599,0.0,0.15135813149542585,2015-09-11
0.8198679750549284,0.002509702186649571,7.125747397794993e-06,0.0,0.177615197010829,2015-09-14
0.0018601641311421988,0.5003421238344846,0.49070941139867025,0.0,0.007088300635637069,2015-09-15
0.11208542553730493,0.8847596684707141,0.0017822595782983606,0.0,0.0013726464134599875,2015-09-16
0.04658730625930906,0.946093990192607,4.4031029787147364e-05,0.0,0.00727467251837553,2015-09-18
0.1206661489020241,8.4688377253531245e-16,0.8607797363659319,0.0,0.01855411473207811,2015-09-21
9.856841028990296e-41,1.8987305406425542e-239,0.0013070079965116952,0.0,0.9986929920036482,2015-09-22
0.0008231601516926283,6.597308591670652e-29,1.704726834205046e-06,0.0,0.9991751351215648,2015-09-23
0.007371070870927379,0.9722988968281173,0.003479650159691674,0.0,0.016850382141385463,2015-09-24
2.8622991169386953e-09,3.92372633281963e-60,0.9688911811548957,0.0,0.031108815982696866,2015-09-28
3.8761848901145755e-12,3.1863025000014e-19,9.443977562188916e-14,0.0,0.9999999999959073,2015-09-29
0.05018326105899123,0.7291696749190847,2.6327674890422133e-06,0.0,0.22064443125450725,2015-09-30
0.15514286800969343,0.37590311822485756,0.4548324435115001,0.0,0.014121570254157095,2015-10-01
0.9646839051001201,1.5989806960890292e-81,2.5150772733010205e-23,0.0,0.035316094899998866,2015-10-05
0.030462495022859023,0.964766751412295,0.004439425272725724,0.0,0.00033132829198005795,2015-10-06
0.253965700411997,0.6624071338318109,0.08260326933919296,0.0,0.0010238964170933638,2015-10-07
0.0001679874540242554,1.0820820613638813e-12,0.9974239099975185,0.0,0.002408102547410035,2015-10-08
0.04771006169587528,0.9477183630820787,0.0014417194889736655,0.0,0.0031298557330765946,2015-10-09
1.5205582791471494e-05,3.6949136621712816e-24,0.9920245251816984,0.0,0.007960269235469455,2015-10-12
0.01884965178159198,0.8744665117621967,0.1061654002668771,0.0,0.0005184361892831733,2015-10-13
0.027626595205650122,0.8635807537331205,0.10822598244160012,0.0,0.0005666686195300086,2015-10-14
0.9958706849153863,3.268325405820168e-05,0.0007566023017789116,0.0,0.0033400295288357872,2015-10-15
0.30140811614201457,0.6956870710283994,0.0011514477407181033,0.0,0.0017533650889107978,2015-10-16
0.08693715886605526,0.8907359721693109,0.02201896481765102,0.0,0.00030790414682661056,2015-10-19
0.012363888088477033,0.9151109969753766,0.07222375457917869,0.0,0.0003013603570592231,2015-10-20
0.009637709689083188,0.9144681453566648,0.07528827318781679,0.0,0.000605871766208398,2015-10-21
0.09363487480013373,0.8892651051214975,0.016666072078947464,0.0,0.0004339479994804629,2015-10-23
0.0008506564872065615,1.4613837600921424e-23,0.991083130211349,0.0,0.008066213301490929,2015-10-26
0.045298986419449336,0.83713937697169,0.11627447262304343,0.0,0.0012871639859944753,2015-10-27
0.0003875339044855662,0.8882312551964265,0.10956913134215865,0.0,0.0018120795569932318,2015-10-28
5.379344096243915e-05,1.9325882498993328e-13,0.9971735090978074,0.0,0.002772697460839475,2015-10-29
0.0001929840585954824,0.00016164284682360663,0.9953408923729253,0.0,0.004304480721824465,2015-10-30
0.01593554115349411,0.8581023952561507,0.1252767434125257,0.0,0.0006853201780142642,2015-11-02
0.030067405317108442,0.9287333936390526,0.04087174139708057,0.0,0.00032745964660858964,2015-11-03
0.01039878044205106,6.421831866151666e-11,0.9840770915752834,0.0,0.005524127918609882,2015-11-04
6.34882836814361e-08,2.7007073828050505e-27,0.994823393965537,0.0,0.005176542546110913,2015-11-05
0.013122006973486195,0.9148855058959743,0.07123331996506738,0.0,0.0007591671654974486,2015-11-06
9.95194136928942e-08,4.090254812081209e-53,0.28374023050010344,0.0,0.7162596699805394,2015-11-09
1.0653864207982681e-14,2.891130833984801e-44,0.6929614457032323,0.0,0.3070385542969042,2015-11-10
0.027407600033035464,0.8446102173174749,0.12480582775132484,0.0,0.003176354897941409,2015-11-13
0.8539096991157692,2.4880090148978493e-07,0.002310546689929104,0.0,0.1437795053931809,2015-11-16
0.04735039631451447,0.9414712414635675,0.010305271523489912,0.0,0.0008730906983268889,2015-11-17
6.6996653690583286e-12,3.7478905520750156e-33,0.9930875975947889,0.0,0.006912402398412403,2015-11-18
0.983490469839209,3.017326064147753e-05,1.8483873502554722e-07,0.0,0.01647917206143332,2015-11-19
0.007772081392552068,0.9806744309258459,0.011211024686017042,0.0,0.0003424629953761773,2015-11-20
0.02422743154653037,0.8975142845621287,0.07796320145974356,0.0,0.0002950824315670052,2015-11-23
0.016672573848227925,0.8797069124542323,0.10313059184760237,0.0,0.0004899218500488498,2015-11-24
0.9926515363684053,3.378742094436053e-05,0.004496291189119274,0.0,0.002818385021304437,2015-11-26
0.1359518542110973,0.8627681593420758,0.0008988169062023322,0.0,0.00038116954076481855,2015-11-27
0.046464314890249894,0.8565137857372047,0.09661473868967059,0.0,0.00040716068266461516,2015-11-30
0.090548414386454,0.8469220181049674,0.06208887968276751,0.0,0.0004406878260150647,2015-12-01
0.025285623382005365,0.0012744143789941975,0.9708471321026824,0.0,0.0025928301363887514,2015-12-02
0.0009473195120719769,0.014266019989722488,0.977955494591783,0.0,0.006831165906396334,2015-12-03
0.0004897351096746549,0.0007753014255794243,0.9663065850215273,0.0,0.03242837844329091,2015-12-04
0.024271323645741125,0.00010343692762161151,0.9706114301700906,0.0,0.005013809256738125,2015-12-07
9.87454832351543e-05,0.4218146851698262,0.572277476839836,0.0,0.005809092507136264,2015-12-08
8.689026799641177e-10,2.401532410134945e-38,0.9932987025879574,0.0,0.006701296543263829,2015-12-09
0.6837556160478422,0.30885767896183025,0.0005284745716570612,0.0,0.00685823041857865,2015-12-10
4.9820360651070645e-09,2.198529801877013e-23,0.9941037612544225,0.0,0.0058962337635855185,2015-12-11
0.9214931606478798,3.7006661224147266e-35,0.0002135684016606392,0.0,0.07829327095044795,2015-12-14
0.7336004224444138,0.257116978806803,0.004301190791773014,0.0,0.004981407957008759,2015-12-15
0.13825408705246314,0.8576305963471329,0.0038023368484802317,0.0,0.00031297975194525315,2015-12-16
0.951821834162806,0.000573445348035621,9.077848959029177e-07,0.0,0.047603812704084224,2015-12-17
5.235254681947398e-07,1.3389750127057641e-18,0.9950466023725094,0.0,0.0049528741021516295,2015-12-18
0.9915429718956084,4.643736860682741e-34,1.2994910374781307e-07,0.0,0.008456898155226879,2015-12-21
0.00260291691999084,0.005392233764580158,0.9905175629420165,0.0,0.0014872863734656456,2015-12-22
0.9895157857401453,0.0006848825413095612,0.0009195045978879629,0.0,0.008879827120544467,2015-12-23
0.05492672412770803,0.821968400546812,0.12286677410206064,0.0,0.00023810122319571774,2015-12-24
0.9964897810929857,4.517429145984588e-16,7.628661559446109e-05,0.0,0.0034339322914816125,2015-12-28
0.06655994673044908,0.8710727844132282,0.06223003543803954,0.0,0.00013723341846506233,2015-12-29
0.01406236956169559,3.103646706518394e-05,0.9828265451175217,0.0,0.0030800488536556567,2015-12-30
0.9906497105719303,1.6518362026726236e-06,0.005926784414881488,0.0,0.003421853177162953,2015-12-31
1.4761035126623065e-23,1.0475389383971085e-95,0.956620906258034,0.0,0.04337909374174118,2016-01-04
0.11573852024076414,0.005147245653654928,0.873811391132669,0.0,0.005302842972814442,2016-01-05
0.0011519318053689054,0.0024172884912844316,0.9937206391316412,0.0,0.0027101405715836413,2016-01-06
5.124365651436445e-22,1.926000625567503e-70,0.6058074380144428,0.0,0.3941925619855166,2016-01-07
0.0703740487559425,0.9072215393271658,0.019642691785331158,0.0,0.0027617201313831284,2016-01-08
2.880333343614614e-05,0.8776715110548398,0.11602233638674807,0.0,0.006277349225195377,2016-01-11
3.1545590147963986e-06,2.354944158497253e-22,0.9957398471016415,0.0,0.00425699833950723,2016-01-12
2.615015894410385e-07,0.018288081297225714,1.298101375052937e-07,0.0,0.9817115273910864,2016-01-13
4.107009228978647e-09,7.822537366758754e-05,0.0006904822755260582,0.0,0.9992312882437138,2016-01-14
4.1324759603702177e-17,8.141937072633755e-102,0.10087609656081886,0.0,0.8991239034391191,2016-01-15
2.9762865476542765e-10,6.4932429680494006e-09,0.3705773799425916,0.0,0.6294226132665989,2016-01-18
0.7747523581700521,0.0009277656841107977,3.885242730358634e-06,0.0,0.22431599090298776,2016-01-19
4.563230732793001e-34,4.423056871243892e-11,1.5804319337796404e-11,0.0,0.9999999999399733,2016-01-20
4.3903050350040695e-08,4.181559978210396e-30,0.01805908531558521,0.0,0.9819408707814223,2016-01-21
0.10531206530708186,2.2823000434139798e-11,2.06913812881824e-14,0.0,0.894687934669893,2016-01-22
0.09792080789218724,0.8200405914948838,0.055450483391429564,0.0,0.026588117221504535,2016-01-25
0.136918681017372,0.5636418585545492,0.29761547573370584,0.0,0.0018239846943066344,2016-01-27
0.015677038607752644,0.8864410998341394,0.09739622350773695,0.0,0.00048563805024331205,2016-01-28
0.7509901480074676,3.1761439460317466e-130,1.485674324003742e-27,0.0,0.24900985199257228,2016-01-29
0.10849113934191021,0.4693904013021795,0.4148138983574801,0.0,0.007304560998608788,2016-02-01
5.951166567496274e-15,6.990406613741608e-49,0.9766327203433446,0.0,0.023367279656484285,2016-02-02
2.0077045508898663e-05,0.6440777368234205,0.31075102967748264,0.0,0.04515115645371737,2016-02-03
0.018868419346293585,0.9753344365917962,0.001974596770072706,0.0,0.0038225472917558707,2016-02-04
0.9961191988407317,9.886856321486923e-17,8.463396847998543e-08,0.0,0.0038807165253911275,2016-02-05
1.6453881586543387e-14,7.2407374446131e-34,0.9835267030886194,0.0,0.016473296911290305,2016-02-08
0.0003958043529013719,0.9338095465710979,0.04018528917116557,0.0,0.025609359904947147,2016-02-09
7.583313549283291e-07,0.0033050903632285667,0.9678295157581409,0.0,0.028864635547477275,2016-02-10
1.5540855058104807e-82,0.0,4.717274261528632e-08,0.0,0.9999999528272394,2016-02-11
1.980317289818384e-11,0.0016485996573354718,9.31382051466211e-08,0.0,0.9983513071844402,2016-02-12
0.11205384533368959,6.849748052784831e-68,5.825152711075319e-30,0.0,0.8879461546660963,2016-02-15
2.6119044283825193e-28,1.8899556781422394e-196,0.00047987927870582573,0.0,0.9995201207212189,2016-02-16
1.8332793012014338e-08,0.0012554990602670487,7.240529582041867e-11,0.0,0.9987444825345613,2016-02-17
0.02396501001788632,0.7322391178049422,6.465410666531998e-06,0.0,0.2437894067663435,2016-02-18
0.24830830614131802,0.6218476989385714,0.10636343260230607,0.0,0.02348056231770011,2016-02-19
0.14356191771892152,0.8165559412880558,0.03924060038979839,0.0,0.0006415406033198705,2016-02-22
7.845360405475917e-23,6.377638035859745e-115,0.8561228926332921,0.0,0.14387710736688603,2016-02-23
6.515244648652672e-08,9.231157621299827e-11,0.9701309252881077,0.0,0.029869009467349165,2016-02-24
3.3435698673287005e-05,3.69252783509694e-18,0.9960521743560912,0.0,0.0039143899451224914,2016-02-25
0.0855048888069807,0.9112192916401709,0.0012796441087836207,0.0,0.001996175444197361,2016-02-26
4.049445092559937e-39,4.0788992095004225e-15,2.6557104101063408e-20,0.0,1.0,2016-02-29
0.0005048145546836864,4.205331599887857e-271,8.37180306883087e-70,0.0,0.9994951854452604,2016-03-01
0.045847827453584886,9.164113566709364e-07,7.999707589287475e-12,0.0,0.9541512561271734,2016-03-02
0.5943692483747147,0.0009759725058211454,2.5135950126786854e-07,0.0,0.4046545277597999,2016-03-03
0.023519370515264728,0.9530993470069263,0.02181072531852794,0.0,0.0015705571593729482,2016-03-04
0.005257375817759112,0.9521083077881047,0.041431401937270844,0.0,0.001202914456729119,2016-03-08
0.9293775585545945,4.929429089541805e-43,1.0583265234113532e-05,0.0,0.07061185818033727,2016-03-09
9.87350439809039e-05,6.798274901401212e-06,0.9926276174716392,0.0,0.00726684920935153,2016-03-10
0.017849184961032338,0.9712538941401874,0.010148755142833867,0.0,0.0007481657558509451,2016-03-11
0.04681402129207639,0.9358865718319919,0.016690064825981062,0.0,0.0006093420497465382,2016-03-14
3.3301294108654835e-08,6.671393101251148e-27,0.9961238783777115,0.0,0.003876088321102935,2016-03-15
0.04750444350420567,0.9416931919763516,0.003409335363194889,0.0,0.007393029156195156,2016-03-16
0.03338386711837516,0.8819609783690681,0.0678744707123834,0.0,0.016780683800218316,2016-03-17
0.9955043409357082,2.5057419415385265e-15,4.5320523616419634e-08,0.0,0.004495613743697441,2016-03-18
0.9981456230891071,5.095599782126893e-42,3.4369628720431105e-11,0.0,0.0018543768763897382,2016-03-21
0.008187271906300388,0.9780663042998132,0.01357507464553422,0.0,0.00017134914827889318,2016-03-22
0.03941202651955898,0.8804868923215261,0.07964906301629142,0.0,0.00045201814245032925,2016-03-23
2.8529477017871903e-16,3.85684567323399e-67,0.9436033990956384,0.0,0.05639660090451401,2016-03-28
0.005668248249023866,0.8932090693417554,0.10007515105805793,0.0,0.0010475313510331296,2016-03-29
0.9896274783990507,6.9200496532399744e-37,5.269765337827109e-15,0.0,0.010372521600740304,2016-03-30
0.01197742240799218,0.9589573004541309,0.02886760464026748,0.0,0.00019767249761961058,2016-03-31
0.003958083677171703,0.8871153320110421,0.1080023458608314,0.0,0.0009242384507695356,2016-04-01
0.12990232457752784,0.8624057819169537,0.007128561262564251,0.0,0.0005633322428536512,2016-04-04
3.7271054977414235e-25,1.1048529243607043e-118,0.8016445673670762,0.0,0.19835543263276978,2016-04-05
0.06257429402066582,0.8687427732092015,0.06739378774267785,0.0,0.0012891450274055364,2016-04-06
4.869336783367548e-08,4.427161450430073e-42,0.9916224985917305,0.0,0.008377452714846422,2016-04-07
0.05253749365967327,0.879644771268631,0.0674559394473757,0.0,0.00036179562416221154,2016-04-08
0.09533944058210281,4.5155542699519866e-14,3.2060584014892374e-13,0.0,0.9046605594174905,2016-04-11
0.8707274397125657,0.0012240763738309778,0.02726832760897439,0.0,0.10078015630464657,2016-04-12
0.9762225873741979,1.1764647660250305e-21,4.4855248258046474e-13,0.0,0.02377741262553383,2016-04-13
0.07767838952735104,0.9203322907380412,0.0009781415030063606,0.0,0.001011178231612037,2016-04-18
0.055273112050164275,0.7611810672502659,0.18246609811421086,0.0,0.00107972258516774,2016-04-20
0.02003975993819179,0.7687080944202923,0.20791994792173418,0.0,0.003332197719835092,2016-04-21
0.02798741183769732,0.8719727183059457,0.09960239870040094,0.0,0.00043747115573178466,2016-04-22
0.001178429658268097,0.340439108707132,0.6554053145366612,0.0,0.0029771470978540034,2016-04-25
0.8833503882508815,1.2109127646666076e-98,2.6346970871784478e-17,0.0,0.11664961174907199,2016-04-26
0.7389604495992902,0.004227274687098061,0.24899804566982048,0.0,0.007814230043771919,2016-04-27
1.859410078920589e-18,5.886101208707149e-56,0.9779895433918513,0.0,0.02201045660815846,2016-04-28
0.002396266838117003,0.9621556801142052,0.03211974936719814,0.0,0.0033283036805359526,2016-04-29
0.004442435880589133,0.8963474126519928,0.09848643895883542,0.0,0.0007237125087036522,2016-05-02
1.161478041639224e-08,5.738634267433721e-08,0.7213804953304418,0.0,0.27861943566859954,2016-05-03
0.004717213431299607,0.8815384026011879,0.11072083325750362,0.0,0.0030235507098936775,2016-05-04
0.046161764136643024,0.9358153038874528,0.017377302119503828,0.0,0.0006456298566110125,2016-05-05
0.020400732393154285,0.9208278917608285,0.0584699041660509,0.0,0.0003014716799281111,2016-05-06
0.9814752998802148,2.4493298271885926e-80,9.173738845167254e-19,0.0,0.018524700119984458,2016-05-09
0.04747188457231357,0.9333515081117668,0.019030490573724742,0.0,0.00014611674228581342,2016-05-10
9.279478533361558e-05,0.6573817755937003,0.333484919096324,0.0,0.009040510524618912,2016-05-11
0.17031012765458906,0.8239759516429009,0.004805056161580071,0.0,0.0009088645410078672,2016-05-12
2.8231614613738403e-07,4.958746047964217e-11,0.9952933794828464,0.0,0.004706338151453396,2016-05-13
0.016132040455171793,0.9804973845535657,0.001028421294878614,0.0,0.0023421536965729994,2016-05-16
0.06737793861435154,0.9095661727793624,0.022604438104604885,0.0,0.00045145050183549156,2016-05-17
0.004803956173381244,0.9131258312587831,0.08167920749064499,0.0,0.0003910050773231546,2016-05-18
4.848040242368975e-10,2.376721422563582e-41,0.9939444713354739,0.0,0.006055528179612356,2016-05-19
0.004932659265354005,0.0381939969888748,0.9540384691035028,0.0,0.0028348746421096665,2016-05-20
0.0035857686028406494,4.90937427926629e-32,0.9476057350563704,0.0,0.04880849634094457,2016-05-23
0.06636685878500653,0.8792404621634399,0.053833328192075765,0.0,0.0005593508595164694,2016-05-24
0.9112529685823294,5.063720345724614e-104,1.9816960130075038e-29,0.0,0.08874703141771938,2016-05-25
0.9702424594274809,1.5159633092962684e-24,3.0052885199631167e-14,0.0,0.02975754057234337,2016-05-26
0.9977672993722005,5.94336287033053e-25,1.3228547328345102e-07,0.0,0.002232568342213934,2016-05-27
0.06344531920826661,0.9100973415477509,0.026364550727388154,0.0,9.278851674109839e-05,2016-05-30
0.032636151572733606,0.0017986344736235752,0.9622770885267065,0.0,0.003288125426933637,2016-05-31
0.08729130189848448,0.8427449636122815,0.06948032772038029,0.0,0.00048340676879921475,2016-06-01
0.9853372459900932,6.620181672957469e-14,0.00851778090534078,0.0,0.006144973104611732,2016-06-02
0.05333839208210012,0.8774885640993213,0.06902748443170079,0.0,0.00014555938686349888,2016-06-03
0.041157514748152255,0.6743566032074324,0.28354803964776504,0.0,0.0009378423967333421,2016-06-06
0.1525722788017362,0.8450819860768103,0.0011474089472536875,0.0,0.0011983261744159378,2016-06-07
0.055239641714986944,0.8826325976649558,0.06182050676294316,0.0,0.0003072538570466333,2016-06-08
6.199700184728514e-06,2.3543687588240907e-16,0.9971536581233789,0.0,0.002840142176355112,2016-06-09
0.0002530989847433525,0.9021021435195742,0.09486189726017583,0.0,0.002782860235619027,2016-06-10
0.002166191713468523,0.8882953110593146,0.1076018365650643,0.0,0.001936660661944798,2016-06-13
0.021721828647389634,0.9105782963809722,0.06737014494394976,0.0,0.00032973002770423054,2016-06-14
0.99674304721779,5.462577927058401e-13,2.831689995221386e-07,0.0,0.003256669612479672,2016-06-15
1.758747023064099e-05,0.7599624262693754,0.23748820097693973,0.0,0.0025317852832801046,2016-06-16
0.07370900390838499,0.8963614647285524,0.02945851162327399,0.0,0.00047101973971872674,2016-06-17
0.7753198048506134,9.609877757730973e-78,1.6067861195312838e-09,0.0,0.22468019354281715,2016-06-20
0.09803558990510577,0.18567774059310943,0.7067246449618251,0.0,0.009562024539772956,2016-06-21
0.003949762953430853,0.9120151995325836,0.08309606995360008,0.0,0.0009389675602948597,2016-06-22
0.9960978773267222,2.9078504831559856e-11,7.034095652096212e-05,0.0,0.003831781687646733,2016-06-23
9.088491545646668e-22,1.7785646499532684e-05,1.4195882083352656e-05,0.0,0.9999680184712927,2016-06-24
0.3011576733179382,3.242875355772426e-05,0.36775118889581243,0.0,0.3310587090327934,2016-06-27
0.2668368034606014,0.689698511810116,0.037929922010224305,0.0,0.0055347627190288715,2016-06-28
0.5442885087799795,0.4511417886532682,0.0019342406729602087,0.0,0.0026354618936491646,2016-06-29
0.19824952209988425,0.800261616554904,0.00035768669212049375,0.0,0.0011311746531528128,2016-06-30
0.0869076741192413,0.8965405772450842,0.016229653075312118,0.0,0.00032209556042594865,2016-07-01
0.10253689463536853,0.8654454214784043,0.0314290559034183,0.0,0.000588627982640633,2016-07-04
0.015896708879740883,0.001319269985489823,0.9801585153049825,0.0,0.002625505829944614,2016-07-05
0.0604165308453964,0.8349205006262594,0.10419044901659037,0.0,0.0004725195119396605,2016-07-07
0.013905016401652382,0.8842972804625329,0.10143391849281679,0.0,0.0003637846429108864,2016-07-08
0.9465455651249466,4.688717122723289e-10,6.352653386264425e-09,0.0,0.05345442805360369,2016-07-11
0.09726699139766862,0.8956172274196516,0.006711948125154626,0.0,0.00040383305765896965,2016-07-12
0.02941775567110564,0.9068907920093303,0.06343711650437643,0.0,0.00025433581524337,2016-07-13
0.977320223905799,0.0003400566501730163,0.019284596445409176,0.0,0.0030551229984131403,2016-07-14
0.0026511370848398717,0.9435041834012343,0.05368656922108497,0.0,0.00015811029278644064,2016-07-15
0.004354171823908897,0.0007502626185972031,0.9916078130054953,0.0,0.003287752551825973,2016-07-18
0.04952429263836907,0.908495828927633,0.041595370376024635,0.0,0.0003845080577626687,2016-07-19
0.9562206351280408,1.2712020044278123e-09,0.036666898480670326,0.0,0.007112465119990519,2016-07-20
6.654994759473616e-05,8.727757621791666e-24,0.9969936882149087,0.0,0.0029397618376341885,2016-07-21
0.070569921847434,0.9036278963419432,0.02544244463797691,0.0,0.00035973717263882636,2016-07-22
0.956486447267548,1.8588499185498757e-73,1.4848312148646373e-11,0.0,0.04351355271770786,2016-07-25
0.0102899408245553,0.02491591165876856,0.9619001439077024,0.0,0.002894003608890591,2016-07-26
0.01691134450353802,0.9678736868589697,0.014412016945616503,0.0,0.0008029516918389304,2016-07-27
0.3698491571500651,0.6043026117194797,0.024439040520059272,0.0,0.0014091906105794332,2016-07-28
0.08325493645220286,0.1473473420879026,0.7660783160067819,0.0,0.0033194054529382447,2016-07-29
0.0005865056167467763,0.9763332603104878,0.019903065607047406,0.0,0.003177168465930877,2016-08-01
0.008611572009362557,0.9180590232562851,0.07296686361296165,0.0,0.0003625411211853131,2016-08-02
1.0097288067853843e-07,1.0169429855984767e-33,0.9949039008984469,0.0,0.005095998128706129,2016-08-03
0.29497163217132905,0.04442835491282574,0.6544267323738289,0.0,0.006173280542241692,2016-08-04
0.9949211224659446,5.18364297119838e-26,3.970154669101924e-11,0.0,0.005078877494196544,2016-08-05
0.09435494961380114,0.8589384497783432,0.046475577358737474,0.0,0.00023102324910113275,2016-08-08
0.007160427110898915,0.05185428869456663,0.9379661036332921,0.0,0.0030191805612062475,2016-08-09
7.57990943156365e-12,7.265804521757804e-60,0.9861478297322135,0.0,0.013852170260238321,2016-08-10
0.045795393256858434,0.9104781021793522,0.043371450730705044,0.0,0.00035505383291518363,2016-08-11
0.0686963175217342,0.9272194523690482,0.0035219678138863402,0.0,0.0005622622951267144,2016-08-16
0.013222138227779047,0.9042621119036386,0.08217640608189805,0.0,0.0003393437868074307,2016-08-17
0.17620355166384374,0.8046649473786959,0.018379451930645423,0.0,0.0007520490267986731,2016-08-18
0.06179473755652748,0.7751160779883784,0.16251558726656656,0.0,0.000573597188481408,2016-08-19
0.010872627105302889,0.37627551487174504,0.6110759652520703,0.0,0.001775892770665425,2016-08-22
0.04191453449255365,0.8727467120752539,0.08486660523897964,0.0,0.0004721481931530488,2016-08-23
0.08953660606604168,0.8390103156933075,0.07099663787669581,0.0,0.0004564403641507868,2016-08-24
2.7885083352864773e-05,3.242077827537594e-17,0.9971446288533519,0.0,0.0028274860631997143,2016-08-25
0.03533865944921051,0.1983927576387544,0.7639485907143879,0.0,0.002319992197697158,2016-08-26
0.04438526731952633,0.94364914848735,0.01153128046210323,0.0,0.0004343037308949627,2016-08-29
0.9923725762549793,8.019751927836088e-46,1.0334263262154306e-13,0.0,0.007627423744719698,2016-08-30
0.19971630380118566,0.7854275262186634,0.01459163258048822,0.0,0.00026453739945328026,2016-08-31
0.024321829652641277,0.9009212353838219,0.0745001775647251,0.0,0.0002567573988873416,2016-09-01
0.07865374170293482,0.896439078375457,0.02454814036344237,0.0,0.0003590395579741928,2016-09-02
0.9941591922942141,1.1848290145619535e-34,9.517119703375425e-12,0.0,0.00584080769625171,2016-09-06
0.03501252128937009,1.7229135746326753e-10,0.961399359949297,0.0,0.0035881185889776257,2016-09-07
0.4369799749099265,0.4774273287712926,0.08380573059229922,0.0,0.0017869657265429486,2016-09-08
6.2110942429219714e-06,6.032238711664527e-16,0.9959323830535173,0.0,0.004061405852163446,2016-09-09
1.3921343697654133e-05,0.6350128769110521,0.002066488211271368,0.0,0.36290671353414883,2016-09-12
0.04508734868816507,0.9076147394156131,0.04560322181647807,0.0,0.0016946900796568458,2016-09-14
0.08083954261101854,0.8504560252208989,0.06827955938414441,0.0,0.00042487278386446956,2016-09-15
0.02391354988067913,0.9677901422074449,0.007169528065572412,0.0,0.001126779846172383,2016-09-16
0.07472934232364671,0.8946408908548749,0.03031849484255636,0.0,0.00031127197911010116,2016-09-19
0.034115637041350746,0.014480632259129902,0.9485015752158932,0.0,0.0029021554836732044,2016-09-20
0.02440968653992625,0.9068035994247625,0.06840033686833354,0.0,0.0003863771669450419,2016-09-21
0.1223830762651904,0.8737191865412738,0.0017027769245024096,0.0,0.0021949602689022778,2016-09-22
0.013190723447688183,2.2309859908403895e-05,0.9839181474288229,0.0,0.0028688192636479363,2016-09-23
2.3135695673200633e-09,5.532790712527601e-34,0.9899313949884874,0.0,0.01006860269799788,2016-09-26
0.04264797968020196,0.22898408296812994,0.7257899705627736,0.0,0.002577966788930713,2016-09-27
0.3007020170448324,0.6580906806491315,0.04005799988920335,0.0,0.0011493024166931852,2016-09-28
6.206368795845611e-31,2.282249822398865e-169,0.030934622386145427,0.0,0.9690653776137247,2016-09-29
0.015933050372515373,0.965765707661677,0.009221490461084829,0.0,0.009079751504928126,2016-09-30
0.9877542363434042,3.457074316180704e-09,6.960579829340409e-09,0.0,0.012245753238825431,2016-10-03
0.09579588853610775,0.873266515367235,0.03075038908059426,0.0,0.00018720701617959043,2016-10-04
0.013566867344376055,2.8583065237916137e-12,0.9815633122497567,0.0,0.004869820402934433,2016-10-05
0.002842382514505533,0.00012714092032874125,0.9937994186378617,0.0,0.0032310579271162937,2016-10-06
0.020842892653900644,0.872531167386424,0.10625458914577525,0.0,0.0003713508138363763,2016-10-07
0.1670434889952657,0.6628059481000039,0.16905612390783267,0.0,0.0010944389967989876,2016-10-10
3.6392512228524943e-13,1.1246193232595393e-23,0.978953543272604,0.0,0.021046456727107466,2016-10-13
0.051909847900377025,0.8770532142285331,0.07057952223724631,0.0,0.0004574156340619212,2016-10-14
1.0795069229832957e-06,1.449104043757948e-34,0.9932693733439227,0.0,0.006729547149329397,2016-10-17
0.9643474573491315,5.861055673299703e-87,1.8256526672517503e-20,0.0,0.035652542650928175,2016-10-18
0.09090350430763283,0.22670536642648048,0.6804937694159772,0.0,0.001897359849916193,2016-10-19
0.10434686492596291,0.8640415407365432,0.031102290597746933,0.0,0.0005093037395481734,2016-10-20
0.02692617173627611,0.9022083756032488,0.07058402730828577,0.0,0.0002814253521203881,2016-10-21
0.0720854454681966,0.8648766597086819,0.0626332921384747,0.0,0.0004046026846358752,2016-10-24
0.030659908933078028,0.7619237541011048,0.20677705276023922,0.0,0.0006392842053823064,2016-10-25
0.0009858441722425586,0.0046934629753059955,0.9857907906049771,0.0,0.008529902247687465,2016-10-26
0.021474792501097115,0.8979864196108487,0.07991036811140521,0.0,0.0006284197765553719,2016-10-27
0.0420699812504876,0.9298075664386303,0.02771968169182315,0.0,0.0004027706190575101,2016-10-28
0.033423049402157574,0.8299319366934278,0.1361831689597697,0.0,0.00046184494463008844,2016-11-01
0.0004846086367157543,0.662070138243689,0.20932647726331632,0.0,0.1281187758564591,2016-11-02
0.008676468193361405,0.8942412560548274,0.09595210717589979,0.0,0.0011301685758017758,2016-11-03
9.358461134896584e-05,1.233454387811276e-09,0.9968181078394284,0.0,0.003088306315983203,2016-11-04
0.9796610672346122,0.00744876670875808,0.008761609024987935,0.0,0.004128557031638506,2016-11-07
0.062057446772589286,0.9319328585662442,0.0057145186495201564,0.0,0.0002951760116602912,2016-11-08
1.0699105749506089e-76,0.0,8.155702456385252e-34,0.0,1.0,2016-11-09
0.08065580525045492,0.8296923483312193,2.405460091340594e-05,0.0,0.08962779181746383,2016-11-10
7.150458322040143e-38,3.5424965946145164e-155,0.036726208646422516,0.0,0.9632737913533795,2016-11-11
3.019482721333393e-37,7.723747384712529e-190,0.0029428254699502394,0.0,0.9970571745302194,2016-11-15
0.009718961446254969,9.600918488334266e-30,0.01944607552414577,0.0,0.9708349630297888,2016-11-16
0.0003635302642141929,0.9414759991838012,0.03720510551643009,0.0,0.020955365035406077,2016-11-17
0.006519447751969663,0.9444939607752572,0.04848006011745422,0.0,0.0005065313551916494,2016-11-18
6.270050510751285e-30,2.3468595002014632e-207,0.021623530999797337,0.0,0.9783764690000392,2016-11-21
0.04078081919789726,0.906144153916196,0.00019588412176008718,0.0,0.05287914276425535,2016-11-22
0.026567687046414216,0.9641284520285317,0.008388486307668882,0.0,0.0009153746175755587,2016-11-23
0.0002444300510337638,0.0006814251666663346,0.9944590462751846,0.0,0.0046150985072254845,2016-11-24
0.9578217829073405,2.148900224569164e-33,3.7275449521918477e-17,0.0,0.04217821709247008,2016-11-25
0.5354942405774002,0.11367075638713794,0.3456071344163222,0.0,0.005227868619317156,2016-11-28
0.03236587946965118,0.9375279079887872,0.029850240057591088,0.0,0.0002559724839159968,2016-11-29
0.9844125773338961,0.007731518328614716,7.364132158270963e-05,0.0,0.007782263016105048,2016-11-30
0.01264241968644116,1.945081181679541e-07,0.9857789237882588,0.0,0.0015784620172294567,2016-12-01
4.166308780001412e-08,8.896718711220969e-14,0.9892061584844806,0.0,0.010793799852348553,2016-12-02
0.27135411969455536,0.711129443410521,0.014617221824375278,0.0,0.002899215070743594,2016-12-05
0.059876561593674174,0.8925389030743608,0.047320226702254525,0.0,0.00026430862948952126,2016-12-06
0.00014873180189841633,1.7423584684165282e-06,0.9930461369514411,0.0,0.006803388888044305,2016-12-07
0.9853106993833561,2.1106221835105002e-50,6.575830115713439e-16,0.0,0.014689300616582506,2016-12-08
0.06700161563912062,0.8912521270483106,0.04157784171314466,0.0,0.00016841559936342328,2016-12-09
2.591002852182625e-06,6.702705796126457e-12,0.9927182158005564,0.0,0.007279193189768962,2016-12-12
0.0844575897746876,0.9105284733194119,0.004331251781302517,0.0,0.000682685124738755,2016-12-13
0.006317077293450589,3.9188190012529106e-05,0.9910314021021127,0.0,0.0026123324146030188,2016-12-14
0.0002646120719619297,0.9191895431120223,0.07869705676258311,0.0,0.001848788053298434,2016-12-15
0.10489203046208417,0.0018115405235059915,0.8896619372876087,0.0,0.003634491726793002,2016-12-16
0.019207218897015595,0.779792810255435,0.19986820611240783,0.0,0.001131764735340847,2016-12-19
0.014333326544042272,0.805780067146936,0.17931006588105655,0.0,0.0005765404280439788,2016-12-20
0.03956086366302615,4.888130506443403e-05,0.9571977926074654,0.0,0.0031924624242950068,2016-12-21
1.188993846896682e-06,1.461601978012223e-15,0.9958240094342953,0.0,0.0041748015718353565,2016-12-22
0.012510573177579932,0.9454879431666989,0.04134590363869473,0.0,0.0006555800170724798,2016-12-23
1.1449727287455147e-05,7.997181909879489e-10,0.995470755914513,0.0,0.0045177935583472165,2016-12-26
0.9855536748788984,4.058030731133304e-62,9.268600163057326e-17,0.0,0.014446325120917283,2016-12-27
0.01497126848502499,0.9533131244629807,0.031557115412317295,0.0,0.000158491639527945,2016-12-28
0.9964646638510407,1.6961250234473712e-19,1.1213174162631088e-05,0.0,0.003524122974667225,2016-12-29
0.9990775404389785,1.3335444037104059e-15,2.762945739036966e-06,0.0,0.0009196966154165016,2016-12-30
0.010962622858897328,0.9365068324614393,0.052400200827364796,0.0,0.00013034385227729433,2017-01-02
0.03429498251622087,0.9199356745466553,0.045258003488294285,0.0,0.0005113394488966745,2017-01-03
0.04574423087141824,0.879423636118095,0.07448649589428692,0.0,0.0003456371162722428,2017-01-04
0.9953230330737068,3.527152184151122e-07,0.00013653833634363652,0.0,0.004540075874726961,2017-01-05
0.014958879095503674,0.47165725485305066,0.5126692569278561,0.0,0.000714609123584286,2017-01-06
0.08764363297727662,0.6524674041477279,0.25863180743170106,0.0,0.0012571554433456129,2017-01-09
0.7496574729804927,0.19180734185556714,0.0526591802932767,0.0,0.005876004870782083,2017-01-10
0.997746403199846,8.63698236280898e-09,1.517446486029971e-05,0.0,0.0022384136983679697,2017-01-11
0.07456875037999912,0.8978708932240237,0.02744198082304916,0.0,0.00011837557306365976,2017-01-12
0.09578358408471063,6.377236752782146e-05,0.8980899253495861,0.0,0.006062718198008524,2017-01-13
0.05421579602258696,0.8877360578465756,0.057726861022392044,0.0,0.0003212851082570445,2017-01-16
0.014025717888016,0.9079796132537348,0.0776792299162155,0.0,0.0003154389422025159,2017-01-17
0.04637786336932865,0.91901135227282,0.034289550421907566,0.0,0.00032123393573853964,2017-01-18
0.06528747634402363,0.8882905319828509,0.046111572378464465,0.0,0.00031041929485564536,2017-01-19
1.6837942105309748e-05,5.697600072221641e-06,0.9937101270639833,0.0,0.006267337394063413,2017-01-20
0.9852856762611161,5.504159156889286e-12,0.008706994911625306,0.0,0.006007328821924398,2017-01-23
0.9988866646168806,2.936185430829089e-17,2.7074525424079636e-06,0.0,0.0011106279306856818,2017-01-24
0.9982959390911542,3.040698315739132e-47,1.0984224392237109e-13,0.0,0.0017040609086008867,2017-01-25
0.14447759020362166,0.841777845471498,0.013573141722535481,0.0,0.00017142260225949272,2017-01-27
0.04799612575607769,0.8549430612958958,0.0966509986843844,0.0,0.00040981426348308826,2017-01-30
1.3081287485493253e-05,1.0650909336456924e-18,0.9958272662700175,0.0,0.004159652442390233,2017-01-31
0.9156617888039911,1.1434342337908144e-67,2.872341534403266e-21,0.0,0.08433821119609636,2017-02-01
0.03766698273288743,0.9367568658780183,0.02508749847412896,0.0,0.0004886529150246447,2017-02-02
0.0699577625585638,0.8484319918100041,0.08119119753541597,0.0,0.0004190480960371989,2017-02-03
0.10171410494822905,0.8881600379923594,0.00953070216975802,0.0,0.000595154889504451,2017-02-06
0.018706611991655405,0.42869557478698656,0.551059946948304,0.0,0.0015378662729523553,2017-02-07
0.021996735398598196,0.9045264464660135,0.07291027159267416,0.0,0.0005665465425168057,2017-02-08
0.007531304425145051,0.9680092727050527,0.02374267807193736,0.0,0.0007167447979306406,2017-02-09
0.054874601449632195,0.8987885717371331,0.04605650018620571,0.0,0.0002803266269033916,2017-02-10
0.029557269299015,0.9301466753708563,0.03995604501616867,0.0,0.0003400103139805829,2017-02-13
0.05559872196868616,0.7321663023147998,0.21145297569123872,0.0,0.0007820000251411418,2017-02-14
0.00013479753127183556,0.001948187835460231,0.993972020215991,0.0,0.003944994417128852,2017-02-15
0.7993005998843378,0.17356588256269512,0.024272831169684563,0.0,0.002860686383264364,2017-02-16
0.9877294942301177,2.793690858707892e-06,0.010059751100181456,0.0,0.0022079609787766514,2017-02-17
0.997471204770548,8.525213309026181e-10,0.0014787076078668416,0.0,0.0010500867691724603,2017-02-20
0.05929299509779388,0.9225830030958948,0.01803958427496019,0.0,8.441753113066652e-05,2017-02-21
0.07074138641218758,0.8757928902484391,0.053092072840192434,0.0,0.0003736504989958451,2017-02-22
0.04856878472369805,0.9037405076381192,0.04742977639418677,0.0,0.0002609312439512564,2017-02-23
0.009204050550082526,0.00014727328560451005,0.9876635403545319,0.0,0.002985135809709273,2017-02-27
0.025597208946227173,0.8652499630658763,0.1087325398886272,0.0,0.0004202880994219661,2017-02-28
0.965680936527529,0.02402424738696305,0.007150021403650308,0.0,0.0031447946816880183,2017-03-01
0.0001778990740435228,4.0810312394634974e-16,0.9978126645419779,0.0,0.0020094363839166297,2017-03-02
0.04234656093439777,0.8676195857583774,0.08966051686078262,0.0,0.0003733364463884418,2017-03-03
0.9907829347063357,5.350018354192718e-09,0.002729451390160735,0.0,0.006487608553534975,2017-03-06
0.12084755331850623,0.4338750540403952,0.4443683853037973,0.0,0.0009090073371444602,2017-03-07
0.01227043619837237,0.8738704914879452,0.11349136068367192,0.0,0.0003677116298589717,2017-03-08
0.049092591312883564,0.8788260536031761,0.07174960650248638,0.0,0.0003317485814557757,2017-03-09
0.025745500796304038,0.9314937746187957,0.04247828103921694,0.0,0.0002824435458058899,2017-03-10
0.06417234671448897,0.8563716765300134,8.47024516304554e-06,0.0,0.07944750651032541,2017-03-14
0.0697235415012672,0.8344133629762954,0.09474195659481441,0.0,0.0011211389278419231,2017-03-15
0.5199137612608131,0.44262828739502935,0.03026305752939639,0.0,0.007194893814673984,2017-03-16
0.43440109432109125,0.00949876578031692,0.5529874490383144,0.0,0.003112690860320932,2017-03-17
0.040123505234612396,0.002791743227127962,0.9539908371076791,0.0,0.0030939144307628925,2017-03-20
0.030965458118653692,0.8772345579485417,0.09141745584252713,0.0,0.0003825280903184846,2017-03-21
0.0009958335146537198,0.9455643907226434,0.04907128252554983,0.0,0.004368493237210291,2017-03-22
0.9452724451079263,0.020141507189390603,0.03030357389962166,0.0,0.004282473803244894,2017-03-23
0.08449844896878428,0.8716769554510503,0.04367175389943441,0.0,0.0001528416805126292,2017-03-24
0.0018504984996873222,0.0010355575165811263,0.9935823547919022,0.0,0.0035315891918298375,2017-03-27
0.13733799081108844,0.8336243877217092,0.02761051889986503,0.0,0.0014271025672725948,2017-03-28
0.08837766570432312,0.8888166431491659,0.022424623781327774,0.0,0.00038106736512535184,2017-03-29
0.39954838845898616,0.47136486525449445,0.12732140304985579,0.0,0.001765343236458293,2017-03-30
0.04676545974092363,0.8888752503798947,0.06410269205143924,0.0,0.00025659782754286833,2017-03-31
0.1041016926881804,0.8879388856251509,0.007391399860031365,0.0,0.0005680218267099086,2017-04-03
0.08511536596197126,0.869407094240146,0.04506193705470353,0.0,0.00041560274317569904,2017-04-05
0.03884756631660083,0.8896503535037058,0.07120803643250594,0.0,0.0002940437473552398,2017-04-06
0.0024122802439124347,0.8747521062682511,0.1217354538485425,0.0,0.0011001596393071466,2017-04-07
0.08630505646315331,7.726430454095833e-06,0.9078973326589691,0.0,0.005789884447284437,2017-04-10
0.9854111681238036,2.355562852075268e-05,0.01114659855194549,0.0,0.0034186776956954094,2017-04-11
0.006549234987622441,0.7744222341792167,0.2186757151707954,0.0,0.00035281566215028065,2017-04-12
0.0022609915423136445,6.252329087112574e-10,0.9920314919917028,0.0,0.005707515840976103,2017-04-13
0.0517398737390872,0.8265303014282628,0.12111863386318802,0.0,0.0006111909696870561,2017-04-17
0.001284665430170346,0.07764825416848672,0.9107386517999356,0.0,0.010328428601222909,2017-04-18
0.05308791246540719,0.8453334609894451,0.10109198298387821,0.0,0.0004866435613422058,2017-04-19
0.3532377626415765,0.5352451977519312,0.10969156871044604,0.0,0.00182547089621053,2017-04-20
0.03873900830550221,0.00045494083387680705,0.9571654496467266,0.0,0.003640601213727777,2017-04-21
0.9954862539643269,3.5625173729384095e-25,2.5723646990994896e-07,0.0,0.004513488799205554,2017-04-24
0.4816397518731452,0.5159162445895777,0.0014001209721834248,0.0,0.001043882565203346,2017-04-25
0.07742953604872822,0.9101620473953461,0.012154749876937961,0.0,0.0002536666790772961,2017-04-26
0.03522352506426997,0.8868101859836275,0.07763612145373237,0.0,0.0003301674984352288,2017-04-27
0.027080829253534135,0.31649647426247834,0.6542910025970697,0.0,0.002131693886914693,2017-04-28
0.02108701231874979,0.9393927618613914,0.039182454522104344,0.0,0.0003377712975305711,2017-05-02
0.20154737832743796,0.3481275768949151,0.44814709376510925,0.0,0.002177951012580388,2017-05-03
0.11734164842502069,0.8478328981350212,0.03421843004581009,0.0,0.000607023394123141,2017-05-04
2.11922129857365e-06,5.684361409621066e-27,0.995914346434448,0.0,0.004083534344172747,2017-05-05
0.10153936956793162,0.8278478770303692,0.0700151130063464,0.0,0.0005976403953491412,2017-05-08
0.07511727715572024,0.8116216008425937,0.11251730439984582,0.0,0.000743817601698768,2017-05-09
0.996141581335436,6.123556216701206e-15,2.0334957245525693e-05,0.0,0.0038380837073732767,2017-05-10
0.1610602712944999,0.7345463642144603,0.10402660625221344,0.0,0.0003667582388013888,2017-05-11
0.03902519222197756,0.6277345089867412,0.33230252858886666,0.0,0.0009377702024794619,2017-05-12
0.07782543519745196,0.8850827660403594,0.03635690450111816,0.0,0.0007348942609015028,2017-05-15
0.9914576559119854,4.321944130632077e-07,0.004167319764695926,0.0,0.004374592128728925,2017-05-16
0.0691389525672312,0.8827800919122354,0.04795560656456014,0.0,0.00012534895578605017,2017-05-17
0.000304645254506641,0.9215664249325253,0.07417394968178762,0.0,0.003954980130982122,2017-05-18
0.0048375204810937765,0.9431294865221389,0.05072338960916629,0.0,0.0013096033878234983,2017-05-19
0.3267861343071447,0.29939142495272747,0.37136485466717273,0.0,0.0024575860728898147,2017-05-22
0.002035955556871146,3.742691688393881e-07,0.9956772938280096,0.0,0.002286376345902186,2017-05-23
0.02030732495198601,0.06595814211306777,0.9108748794833966,0.0,0.002859653451576576,2017-05-24
0.9913540450759831,3.523870978933323e-58,9.152978179525373e-16,0.0,0.008645954923788985,2017-05-25
0.9987396278174965,3.551963389531226e-19,3.9751223938597415e-06,0.0,0.0012563970602569056,2017-05-26
0.110096557236309,0.7662468693859743,0.12319042593180472,0.0,0.00046614744602177586,2017-05-29
0.2721600516866743,0.5567770402780601,0.16975947687249793,0.0,0.0013034311628329943,2017-05-30
0.044654275754679215,0.8843324071774425,0.07070773065403985,0.0,0.0003055864138867551,2017-05-31
0.045294453322018785,0.8737580071221074,0.08058178442339448,0.0,0.0003657551324656518,2017-06-01
0.10324590319648871,0.8444450266781306,0.05171027462260381,0.0,0.0005987955027487485,2017-06-02
0.06615264077023396,0.8888091849701067,0.04473704163755944,0.0,0.0003011326221943337,2017-06-05
0.004755352680394084,6.295890125776966e-13,0.9908474190628779,0.0,0.004397228255997464,2017-06-06
0.0981173772512137,0.8296918782754252,0.07163752575030483,0.0,0.0005532187230325859,2017-06-07
0.14187205888091353,0.11232356719542028,0.7425074787278025,0.0,0.0032968951957467233,2017-06-08
0.06440795592697207,0.8899812106134639,0.04527393395002514,0.0,0.00033689950975752773,2017-06-09
0.017503225893524918,0.630517607568191,0.3497383130952892,0.0,0.002240853442772017,2017-06-12
0.0345929759251938,0.8697104480240104,0.09528978275341814,0.0,0.0004067932973968678,2017-06-13
0.07693688310822164,0.8418898404055073,0.08073921124724961,0.0,0.0004340652390705382,2017-06-14
0.030392505831864917,0.119170112680005,0.8476785442597488,0.0,0.002758837228274984,2017-06-15
0.06659578635917854,0.8481376539625526,0.08483880356243703,0.0,0.0004277561159465209,2017-06-16
0.2707979429595617,0.7202983368279854,0.007776281437178857,0.0,0.0011274387752639346,2017-06-19
0.046288607427019866,0.8800049031480696,0.07331338606929756,0.0,0.0003931033554016195,2017-06-20
0.031654054710388506,0.8820585795827146,0.08585457844939064,0.0,0.00043278725728475385,2017-06-21
0.017282470528177968,0.9201420735455407,0.06219152046033091,0.0,0.00038393546601742524,2017-06-22
0.000640941753801994,6.498014681113836e-13,0.9959880203437725,0.0,0.0033710379019712836,2017-06-23
7.1750291775449736e-06,1.537460414477065e-07,0.9916565714104492,0.0,0.008336099814290801,2017-06-27
0.049223353240636175,0.6630320063455407,0.286581671110503,0.0,0.001162969303211911,2017-06-28
0.024526962591898918,0.940148566799015,0.03499770827305275,0.0,0.0003267623359661831,2017-06-29
0.10763349322837512,0.7992398218005835,0.09204933380043441,0.0,0.0010773511704866591,2017-06-30
0.12498185975199745,0.8732412974668955,0.0004393386327226718,0.0,0.0013375041485446818,2017-07-03
0.10712314255354809,0.6688145808080572,0.22316300747363943,0.0,0.0008992691647599432,2017-07-04
0.07295512907783347,0.8766841939557104,0.04994821913602124,0.0,0.00041245783032286274,2017-07-05
0.07400632472865089,0.9037731735729747,0.021924050322557346,0.0,0.00029645137565108883,2017-07-06
0.056480451106401985,0.84448054393722,0.09855420303285177,0.0,0.0004848019235298655,2017-07-07
0.14811139159217485,0.8288447007667024,1.3012916417234089e-05,0.0,0.02303089472456551,2017-07-10
0.06299151668041185,0.881131759976464,0.0554932962494706,0.0,0.0003834270934411225,2017-07-11
0.08732925985575554,0.8592123570347215,0.05298484563515889,0.0,0.0004735374744761578,2017-07-12
0.9576637326445887,0.018021347950757504,0.016696977020270516,0.0,0.007617942384424042,2017-07-13
0.02530700152605242,0.9228922926772721,0.0516922563074345,0.0,0.00010844948921585915,2017-07-14
0.08734782334183036,0.8537500731731179,0.05835620968484189,0.0,0.0005458938001617427,2017-07-17
0.00025497690086733046,0.8850678965130552,0.10978627023450352,0.0,0.0048908563515981315,2017-07-18
0.983969891868912,0.0005285366320512534,0.009641904879219851,0.0,0.0058596666200418385,2017-07-19
0.07784366858875118,0.0005393216077849887,0.9197807179494958,0.0,0.0018362918538605288,2017-07-20
0.05425563728752785,0.9294194239239152,0.01576816141657738,0.0,0.0005567773720992862,2017-07-21
0.1384684061629374,0.8452084419931921,0.015827714426425027,0.0,0.0004954374175224185,2017-07-24
0.2776767800713442,0.007517466386952473,0.7112260458143826,0.0,0.0035797077272435806,2017-07-25
0.5274543887907776,0.4361102636868197,0.034747432484830046,0.0,0.001687915037610388,2017-07-26
0.012327936317009121,0.9278284262619682,0.05930024870990387,0.0,0.0005433887109579782,2017-07-27
0.017334720916727633,0.9170021536575993,0.06530309981932626,0.0,0.000360025606237599,2017-07-28
0.7578884713998012,0.21880171371236962,0.020889419170425833,0.0,0.002420395717234111,2017-07-31
0.07597159984757126,0.9022178473970724,0.021644047438553766,0.0,0.00016650531693309734,2017-08-01
0.023563793792665846,0.004154323474744744,0.9697883983678628,0.0,0.002493484364772334,2017-08-02
0.00031651259203468107,7.212032956284196e-11,0.9964967277964978,0.0,0.00318675953945722,2017-08-03
0.9696310160637809,0.001406335208656892,0.02532680066616862,0.0,0.003635848061593815,2017-08-04
0.03805858102927041,0.9061172418895586,0.05569550921816878,0.0,0.00012866786282502365,2017-08-07
2.9892972704265403e-06,2.7351432031122584e-11,0.9961519388994361,0.0,0.0038450717758555775,2017-08-08
0.001302848679706554,0.000556721611540392,0.9944272939460477,0.0,0.0037131357627032957,2017-08-09
3.400141347571595e-05,0.2132633591558535,0.7770860526152874,0.0,0.00961658681546544,2017-08-10
0.0001284407544879432,0.8970009718790893,0.08550062966858941,0.0,0.017369957697624606,2017-08-11
0.6516639903098197,0.34100637055539934,0.0038423988096738856,0.0,0.003487240325146307,2017-08-14
0.9896788205011552,0.001369820909990038,1.3620755879180475e-05,0.0,0.008937737833146815,2017-08-16
0.36514964044208703,0.2623745949809043,0.3713913890454761,0.0,0.0010843755316116747,2017-08-17
0.001025995006059691,0.8845432424427149,0.11364336393831717,0.0,0.000787398612976705,2017-08-18
8.131516493128406e-08,6.33195176309792e-28,0.9950310075394958,0.0,0.004968911145186328,2017-08-21
0.4392249565343705,0.01387263990163203,0.542559016639856,0.0,0.004343386923989022,2017-08-22
0.9935633991617102,0.0023687155998523227,0.0013054735229872335,0.0,0.0027624117155704694,2017-08-23
0.12910419492253397,0.7277826466366246,0.14262458349770163,0.0,0.000488574942927054,2017-08-24
0.11208999893377394,0.8608937285872522,0.026382228911514507,0.0,0.0006340435675049315,2017-08-28
1.9701778450295204e-08,2.386471792981809e-27,0.9925249899998979,0.0,0.007474990298372213,2017-08-29
0.1465147829087134,0.8494088461847938,0.0027031565139711304,0.0,0.001373214392467765,2017-08-30
0.07099902558359136,0.900023276758731,0.028632735920897177,0.0,0.0003449617368257256,2017-08-31
0.23823148394046334,0.7482361666397499,0.012721680332225616,0.0,0.0008106690877483691,2017-09-01
0.00012700441832111687,0.0004206999884088632,0.9949775338018105,0.0,0.004474761791343556,2017-09-04
0.07806184298351125,0.8938909399526037,0.027653708145667196,0.0,0.000393508918014201,2017-09-05
0.017809249804761867,0.8937941232240757,0.08791014165608771,0.0,0.0004864853149663534,2017-09-06
0.05875697179153851,0.8835592967052226,0.05736236336581768,0.0,0.000321368137645399,2017-09-07
0.05274106245429563,0.8740299101481217,0.07289088404522891,0.0,0.00033814335257591573,2017-09-08
0.39751555211147105,0.5903634834688188,0.010517500585023935,0.0,0.0016034638345447856,2017-09-11
0.3516396518914137,0.6448567217804368,0.002233658856954832,0.0,0.0012699674713971304,2017-09-12
0.019477051533510505,0.9128243815299328,0.06747468794065088,0.0,0.0002238789960073002,2017-09-13
0.045975053391049125,0.8943638172134596,0.059379099884197276,0.0,0.00028202951139289943,2017-09-14
0.026031859455435232,0.913842383507704,0.05986194863338159,0.0,0.00026380840344124556,2017-09-15
0.10558185943121841,0.880574734695268,0.013046814188945675,0.0,0.000796591684484391,2017-09-18
0.062207382597081744,0.8019033665474931,0.13531613450937083,0.0,0.000573116346171434,2017-09-19
0.046106447169565495,0.8650146570283079,0.08839108438524144,0.0,0.00048781141690675987,2017-09-20
0.004729001828137206,0.9240259928494305,0.07064908557406066,0.0,0.0005959197484942521,2017-09-21
4.219457057949243e-15,6.553592739706208e-67,0.9692224430922328,0.0,0.030777556907578718,2017-09-22
2.9069640926491434e-07,7.829069512380588e-09,0.9911262924281565,0.0,0.008873409046336257,2017-09-25
0.028985593540980466,0.8761894035262252,0.09422624374429484,0.0,0.0005987591882727799,2017-09-26
1.620608046013683e-19,7.836496071104381e-135,0.4111490012120725,0.0,0.5888509987880418,2017-09-27
0.020072467117845536,0.9664674445638812,0.008070672460025923,0.0,0.005389415858443936,2017-09-28
0.03695582394496183,0.9332790448183479,0.029467927999505816,0.0,0.00029720323699384827,2017-09-29
0.3102046253418086,0.6814448193403113,0.007137425469872098,0.0,0.001213129848044586,2017-10-03
0.07234524301239344,0.9228152404879943,0.004470263553940882,0.0,0.00036925294546057586,2017-10-04
0.05223812774668027,0.4169143353869704,0.5292501266958244,0.0,0.0015974101705291772,2017-10-05
0.995714586309955,4.030297875061101e-15,4.25532094193447e-05,0.0,0.004242860480790994,2017-10-06
0.06361383689369379,0.8815896145943684,0.054666470016490616,0.0,0.00013007849534200816,2017-10-09
0.09518165938666354,0.8354861829548598,0.0687175226074065,0.0,0.0006146350509149494,2017-10-10
0.0080477062083267,0.09378190465965168,0.8942339657725751,0.0,0.003936423359500653,2017-10-11
0.9942688733394273,8.21577370048208e-10,1.1382676583605893e-06,0.0,0.005729987571471641,2017-10-12
0.8131829671206378,0.17802353089921666,0.007885233349990362,0.0,0.0009082686301704278,2017-10-13
0.0933785145708391,0.9009651523991339,0.0054757936343214604,0.0,0.00018053939586934375,2017-10-16
0.06867418623043815,0.8463231323702192,0.08454842736989909,0.0,0.00045425402937688354,2017-10-17
0.02987439458043772,0.8567712222051832,0.11283905343929203,0.0,0.0005153297750251936,2017-10-18
0.0009450305540984129,2.5936023871601234e-06,0.9964216030594729,0.0,0.0026307727841220537,2017-10-19
0.03847821401147724,0.9429820877828442,0.017653937354889508,0.0,0.0008857608509865646,2017-10-23
0.07260570296288571,0.8757721594407843,0.05127165265328458,0.0,0.0003504849429375204,2017-10-24
0.08135097592621872,0.9168551732792513,0.0006321425288301294,0.0,0.0011617082659101472,2017-10-25
0.8900264822699595,0.058137335136000196,0.04895264547360934,0.0,0.0028835371205732214,2017-10-26
0.14171418603636668,0.15755282410121987,0.6992737287584068,0.0,0.0014592611040039065,2017-10-27
0.092694864397719,0.8601956639316721,0.04659516122582386,0.0,0.0005143104447144334,2017-10-30
0.056306564468384085,0.6289491544445859,0.31315217584764027,0.0,0.0015921052392969858,2017-10-31
0.9926481471306925,0.001168400816011217,0.0005780686005716309,0.0,0.005605383452612462,2017-11-01
0.03423559225436792,0.9084444405297255,0.057170800889114776,0.0,0.0001491663266750328,2017-11-02
0.08245862829807123,0.8684886399207816,0.04866463277665162,0.0,0.0003880990042892342,2017-11-03
0.025272128199835004,0.9161453855965227,0.058307984281304896,0.0,0.000274501922145809,2017-11-06
2.0083530740012792e-09,1.2865069647542545e-50,0.988780206023887,0.0,0.011219791967938236,2017-11-07
0.004330964189668444,0.006503032304331667,0.9863981064290699,0.0,0.00276789707671436,2017-11-08
0.0855100330951757,0.6620169965914421,0.2503180870414879,0.0,0.002154883271960737,2017-11-09
0.024205281162748966,0.9366035632021156,0.03880050123895437,0.0,0.0003906543961249394,2017-11-10
3.566241304275875e-07,2.8919560214090824e-24,0.9963712260695499,0.0,0.0036284173065231594,2017-11-13
0.014054920437433595,0.6537332008401481,0.3311692949314091,0.0,0.0010425837909631662,2017-11-14
0.0018444753822062726,0.0024070050027631545,0.9923702456698703,0.0,0.003378273945078473,2017-11-15
0.9960245916580656,0.0001106356173539621,0.00022715304893348843,0.0,0.003637619675628459,2017-11-16
0.4938041303575649,0.498420034571516,0.007236928750651638,0.0,0.000538906320227217,2017-11-17
0.06662518117638355,0.8794573791904469,0.05368640547700387,0.0,0.0002310341560604292,2017-11-20
0.09614201303105105,0.8408853403981833,0.062491951596373885,0.0,0.0004806949743375952,2017-11-21
0.06579715291702883,0.8715949964853502,0.06226180874917573,0.0,0.00034604184845268024,2017-11-22
0.04730985799505782,0.8836716444104321,0.06867175374698498,0.0,0.00034674384766676794,2017-11-23
0.10242191846004033,0.8604550307094192,0.036585884457867666,0.0,0.0005371663724812861,2017-11-24
0.15414443269370426,0.6636029617055114,0.18131845551701573,0.0,0.0009341500839257078,2017-11-27
0.020776823370124597,0.8905646361611407,0.08827600835991624,0.0,0.00038253210902814116,2017-11-28
0.04043330111506252,0.8782871985031023,0.08090735427531866,0.0,0.0003721461065022047,2017-11-29
3.0568595669900223e-10,1.5020601420686797e-35,0.9906763927286447,0.0,0.009323606965798726,2017-11-30
3.584295989193948e-11,3.015866683699961e-64,0.9752646890539711,0.0,0.02473531091021171,2017-12-01
0.2127396228949113,0.33354425216006806,0.45054105780444176,0.0,0.003175067140548406,2017-12-04
0.023440734212215715,0.8832788394658138,0.09282287111346366,0.0,0.00045755520867103787,2017-12-05
0.003553304082587272,0.07573064459930151,0.9154794526907839,0.0,0.005236598627337843,2017-12-06
0.9954718296291778,2.998808530989744e-31,3.0126822724417155e-09,0.0,0.0045281673580679855,2017-12-07
0.9981317400541964,1.2217167926190054e-13,3.317818887877815e-05,0.0,0.0018350817566449454,2017-12-08
0.09498890699635587,0.889520812092822,0.015329390160915246,0.0,0.00016089075003385367,2017-12-11
1.1383994502732408e-05,2.8818865046358086e-22,0.9952319333612587,0.0,0.004756682644428645,2017-12-12
0.00027537061226542465,0.8061085185402062,0.1912241569221496,0.0,0.0023919539255109357,2017-12-13
0.011916085652768964,0.9835066571715068,0.0011375879913790039,0.0,0.0034396691841402814,2017-12-14
0.10866799401264583,0.8834128420258051,0.006994858746405189,0.0,0.0009243052150078355,2017-12-15
7.2059134845454465e-25,2.8649808608646654e-12,2.8688561781304773e-21,0.0,0.9999999999972715,2017-12-18
0.8384236426656186,0.007266197830502909,0.005926421009741895,0.0,0.14838373849408687,2017-12-19
0.11604687760532892,7.821826260710051e-06,0.8676192549609618,0.0,0.01632604560764837,2017-12-20
0.17482056942739685,0.36133005787773903,0.4612019911955335,0.0,0.002647381499122853,2017-12-21
0.5382283281001209,0.39538041285491005,0.06414173336984412,0.0,0.002249525675127644,2017-12-22
0.06903811455699506,0.9103805629116358,0.02038548597159706,0.0,0.00019583655996494964,2017-12-26
0.0098211782047084,0.7025277902142083,0.28675424318278747,0.0,0.0008967883981809349,2017-12-27
0.019370254408679878,0.9018818613925486,0.0784303784047092,0.0,0.0003175057938444223,2017-12-28
0.8339192464071977,0.07515965826795022,0.0864201361263047,0.0,0.004500959198322626,2017-12-29
0.00036897425048276625,0.87685586408773,0.12179064858401789,0.0,0.0009845130776504508,2018-01-02
0.0926961215961542,0.7021074945283687,0.2043069113409805,0.0,0.0008894725343110098,2018-01-03
0.2020024134570696,0.7854515353453365,0.01184446884421991,0.0,0.0007015823532634405,2018-01-04
0.11942592524989426,0.8579952027044019,0.02204670202028457,0.0,0.0005321700253558391,2018-01-05
0.5706629175502291,0.37744228646474715,0.04811852352956805,0.0,0.0037762724554551144,2018-01-08
0.06714389767517384,0.8747126047744572,0.05790956477513417,0.0,0.0002339327751771472,2018-01-09
0.033148444731745816,0.8964184854570351,0.07015236596841533,0.0,0.000280703842988834,2018-01-10
0.06668969666157727,0.8767567252649763,0.056215460581540234,0.0,0.000338117492044105,2018-01-11
0.047642184393298814,0.9206615242025453,0.031107041943431044,0.0,0.0005892494608653068,2018-01-12
0.09295026960253257,0.8962503112501324,0.01040340552467347,0.0,0.0003960136225300037,2018-01-15
0.013511577742798703,2.7800220943918504e-07,0.9829170250084419,0.0,0.0035711192464633512,2018-01-16
0.9921475395245325,7.156161942113553e-07,0.00015215355033434939,0.0,0.007699591308787382,2018-01-17
0.49583210363820873,0.37313304675957437,0.12944471719051814,0.0,0.0015901324118920604,2018-01-18
0.981839030134189,0.012855284120230757,0.0024503257072203562,0.0,0.0028553600383415356,2018-01-19
0.9974466576261795,7.475065784622405e-18,0.0005076360559675847,0.0,0.0020457063176988885,2018-01-22
0.998635454318162,3.56089799448214e-19,1.2895530549840262e-06,0.0,0.0013632561286744227,2018-01-23
0.04104314059203643,0.9119570538426435,0.04691192075734725,0.0,8.788480788012197e-05,2018-01-24
0.013230693671346142,0.9141767080675112,0.07228673127928396,0.0,0.00030586698197164106,2018-01-25
0.5704903224516145,0.40616913342690036,0.021196657383256334,0.0,0.002143886738303607,2018-01-29
0.0003916597085413886,9.010725517169289e-10,0.9968332107253435,0.0,0.0027751286649412804,2018-01-30
0.020046673871762073,0.8566549911411135,0.1227453719784684,0.0,0.0005529630086302681,2018-01-31
1.3500393027211456e-08,0.16568063996260232,0.0002616960331029019,0.0,0.8340576505038378,2018-02-01
9.120509455265738e-28,7.630417157669351e-79,0.05744233184830161,0.0,0.9425576681519139,2018-02-02
7.338914920776154e-05,0.044549737881074886,0.7219928166380754,0.0,0.23338405633169834,2018-02-05
4.843938875026974e-28,1.6427424179686014e-54,0.000495643279289104,0.0,0.9995043567208979,2018-02-06
0.00021544390586072481,5.739320989995078e-35,0.05519496526419033,0.0,0.9445895908301628,2018-02-07
0.030540540679392252,0.5292111727830642,8.020564190955676e-06,0.0,0.44024026597323745,2018-02-08
0.00010554184068875129,0.7705943471751655,0.1315621260166923,0.0,0.09773798496734873,2018-02-09
0.10787774385103746,0.8874395775122013,0.003056080548604994,0.0,0.0016265980883806714,2018-02-12
0.001549869112510075,2.751434023497405e-07,0.9930687367388727,0.0,0.00538111900536788,2018-02-14
0.035917394917698416,0.9511582382505157,0.011922794570630502,0.0,0.0010015722612456285,2018-02-15
1.1275588086979698e-09,1.2704360154859557e-49,0.9802464695406354,0.0,0.019753529331879474,2018-02-16
1.642213281276198e-07,7.78933547113223e-12,0.955542670918699,0.0,0.0444571648523857,2018-02-19
0.013022613922286397,0.8786478664454376,0.10775833972070004,0.0,0.000571179911668687,2018-02-20
0.06628996514231165,0.913296114171653,0.020097926249498795,0.0,0.0003159944363178998,2018-02-21
0.034027917736068496,0.852430149788542,0.11312793641945491,0.0,0.0004139960561257845,2018-02-22
0.9970564612449475,3.2990950550036737e-15,3.3109862290647375e-06,0.0,0.0029402277690330314,2018-02-23
0.9979892474271324,3.1069483374743955e-05,0.00077168131475242,0.0,0.0012080017749331352,2018-02-26
0.03976053881585014,0.0027722325316672145,0.9563096119079719,0.0,0.0011576167446314322,2018-02-27
0.005819053249529004,0.8548767137381621,0.13800500958673037,0.0,0.0012992234254034277,2018-02-28
0.007923282383836562,0.8964216333762375,0.09523700988128272,0.0,0.0004180743588491463,2018-03-01
2.469069183500441e-05,5.886642632210191e-06,0.9950369409534766,0.0,0.004932481711829174,2018-03-05
5.945799771482049e-14,6.173273981994116e-64,0.8290375822691778,0.0,0.1709624177306409,2018-03-06
5.914980970461951e-06,4.774788114861486e-13,0.9896164801474064,0.0,0.010377604870919703,2018-03-07
0.040433051808203974,0.9550114660435914,0.00025038213727255883,0.0,0.0043051000108398066,2018-03-08
0.048695013518872725,0.5460681753595309,0.40380742070975245,0.0,0.0014293904120065556,2018-03-09
0.9871905939751764,1.1712853435986159e-43,1.1724589881206056e-16,0.0,0.012809406025034501,2018-03-12
0.01576327260808046,0.9533483120890814,0.03072199602270106,0.0,0.0001664192801117592,2018-03-13
0.013396588925833612,0.9075922152534291,0.07861756684603013,0.0,0.0003936289745682041,2018-03-14
0.014829641413958745,0.1374074140634559,0.8450675839047107,0.0,0.002695360617853008,2018-03-15
2.690442016097795e-17,6.795410325340913e-83,0.960172741213055,0.0,0.039827258786894665,2018-03-16
2.2090093973068627e-09,3.084548617702076e-38,0.992260647924096,0.0,0.007739349867043487,2018-03-19
0.8571729858648638,2.455498039428027e-06,0.1325607715274905,0.0,0.01026378710964989,2018-03-20
0.029818166094552383,0.9592061986092915,0.010805836168245821,0.0,0.00016979912768775058,2018-03-21
0.006667477935443866,0.1739961911912891,0.8165831334047756,0.0,0.0027531974686488612,2018-03-22
0.00012797746782821872,0.9078221608615624,0.08144623588612351,0.0,0.010603625784658446,2018-03-23
0.971665119854354,9.032130200453483e-42,7.78654398713742e-13,0.0,0.028334880144869352,2018-03-26
0.09848319168193535,0.8886557001947375,0.012541846236676878,0.0,0.00031926188645236983,2018-03-27
0.003767909420756083,0.8412753005469267,0.15353563726875513,0.0,0.001421152763415177,2018-03-28
0.995859803435565,0.0004415173313092918,0.0002135291332905415,0.0,0.003485150099634625,2018-04-02
0.9003827247272015,0.0012768787241982933,0.09695846084470236,0.0,0.001381935704096025,2018-04-03
2.348713335680253e-12,7.587356775221203e-69,0.9877592153455654,0.0,0.01224078465222077,2018-04-04
0.9364989528716091,5.613443528896953e-36,1.3906311889985807e-14,0.0,0.06350104712816201,2018-04-05
0.052797742439232555,0.8958332009774443,0.05102242800159832,0.0,0.00034662858160009613,2018-04-06
0.8407005042224452,0.08716696253453485,0.06936201715928186,0.0,0.002770516083566882,2018-04-09
0.07469981834679305,0.8813447208044969,0.04378613612398559,0.0,0.00016932472475029428,2018-04-10
0.050236960686238494,0.8954609587845694,0.05395394208447926,0.0,0.00034813844473628215,2018-04-11
0.8005460926770485,0.09800748169115343,0.09865775976657787,0.0,0.0027886658653231994,2018-04-12
0.05417681624899454,0.9132882293506044,0.032397967818834125,0.0,0.0001369865817225453,2018-04-13
0.759499133661238,2.2778841800280525e-53,0.0001780508242404586,0.0,0.24032281551457935,2018-04-16
0.06175436202164916,0.9002512374403224,0.03682387688055789,0.0,0.0011705236575825567,2018-04-17
0.06411191869907937,0.041806445670949294,0.8914483905078427,0.0,0.0026332451219268204,2018-04-18
0.09736890134877123,0.8244403610349887,0.07721488149376558,0.0,0.0009758561225199465,2018-04-19
0.058394099910571,0.8488866310572764,0.09230576017261968,0.0,0.00041350885958673,2018-04-20
0.0088681101619473,0.9717411607885184,0.0181185308129958,0.0,0.001272198236393205,2018-04-23
0.16045829765914676,0.773324336279053,0.06553853315357468,0.0,0.0006788329080161716,2018-04-24
0.016353206128633314,0.5300378637737267,0.45228383644211606,0.0,0.001325093655601917,2018-04-25
0.11437536785461215,0.8638318392171033,0.021341117287202692,0.0,0.0004516756408991064,2018-04-26
0.4944402826528989,0.49412943212805177,0.009803277244088396,0.0,0.001627007975031214,2018-04-27
0.28132942375997083,0.6722491630464557,0.0456450111744923,0.0,0.0007764020192991577,2018-04-30
0.05177183237393874,8.17619579172815e-05,0.9452056308555277,0.0,0.0029407748126527994,2018-05-02
0.021400192970616905,0.5308810495756336,0.4463939470881209,0.0,0.001324810365818244,2018-05-03
0.00031386902013547037,1.462572884378537e-15,0.9962873420814654,0.0,0.003398788898498797,2018-05-04
0.9959447288159748,9.264977411695615e-05,0.0004654479213995095,0.0,0.0034971734885681505,2018-05-07
0.13999871107258313,0.6705082126286089,0.18911879683175672,0.0,0.0003742794669867452,2018-05-08
0.5630662979906073,0.16683377910436242,0.2674630123322377,0.0,0.0026369105725882577,2018-05-09
0.04763379316502506,1.441056235912517e-06,0.9496435975759939,0.0,0.002721168202569632,2018-05-10
0.9960356477413502,5.743874548965677e-06,0.0008100280664340997,0.0,0.0031485803178150033,2018-05-11
0.04931322218110063,0.8926109630014746,0.05795870673141424,0.0,0.00011710808612846671,2018-05-14
0.0006941923130377423,0.9745248060060527,0.02203615512884259,0.0,0.002744846552037364,2018-05-15
0.002551831017613246,0.8778100175725454,0.11847921546286691,0.0,0.0011589359468458956,2018-05-16
0.00019092047733119702,2.1286035935660382e-19,0.9956850424950695,0.0,0.0041240370275755795,2018-05-17
4.041383363408463e-05,6.767355157441538e-16,0.9947818333944467,0.0,0.005177752771750611,2018-05-18
3.563579909688242e-06,8.053562900940567e-28,0.9951636048731279,0.0,0.004832831547091942,2018-05-21
0.053771000789863965,0.8936535821763631,0.0522271104397398,0.0,0.0003483065938697481,2018-05-22
5.565882576521399e-07,1.7789127819148857e-17,0.996391457244617,0.0,0.0036079861672745003,2018-05-23
0.23299826971667198,0.7627350477054875,0.0010004098422214365,0.0,0.0032662727354343026,2018-05-24
0.9974221281952059,1.0040994905444183e-06,0.00018701505836868343,0.0,0.00238985264681557,2018-05-25
0.5531746157636576,0.44144963775273377,0.004675596257624803,0.0,0.0007001502258593235,2018-05-28
0.004349896742066627,0.07495480548771212,0.9187399098082013,0.0,0.0019553879619007342,2018-05-29
0.010791023401842858,0.8748957255286373,0.11386941951598678,0.0,0.0004438315535221729,2018-05-30
0.7818889163954788,0.17922538541412278,1.361857633637138e-05,0.0,0.03887207961397565,2018-05-31
0.014035128933909496,0.6924512554273395,0.2925345036018087,0.0,0.0009791120368435405,2018-06-01
5.196308726862494e-07,1.4164899752836527e-61,0.9104789448371531,0.0,0.08952053553175193,2018-06-04
0.009799690045311683,0.7766796893294335,0.21218525784304465,0.0,0.001335362782252161,2018-06-05
0.9970697633562647,4.936457723104396e-10,8.046345625218739e-05,0.0,0.0028497726938496674,2018-06-06
0.39614294683813583,0.6015396722662738,0.0017350177858892763,0.0,0.0005823631097901491,2018-06-07
0.036685842338771146,0.8949963774332189,0.06809276900972146,0.0,0.00022501121833713825,2018-06-08
0.057984074325197345,0.8885435675741772,0.053096866795166266,0.0,0.00037549130547601714,2018-06-11
0.09717563756685131,0.889101332889806,0.013345908156173576,0.0,0.00037712138713454703,2018-06-12
0.12125353311871125,0.7590576523141338,0.11896262898788208,0.0,0.0007261855791847806,2018-06-13
0.010337998768696609,0.8891809485184712,0.09995252012744796,0.0,0.0005285325852735192,2018-06-14
0.043130817805564034,0.8923012798504504,0.06416514823116275,0.0,0.0004027541127632394,2018-06-15
0.0887407929646015,0.5858999959109497,0.32359641156272395,0.0,0.0017627995615192276,2018-06-18
2.4248296018016616e-05,3.6055448032282986e-18,0.9943243036377261,0.0,0.005651448066077092,2018-06-19
0.5374872149639823,0.41514152041944063,0.044770519248933285,0.0,0.0026007453677138422,2018-06-20
0.025289034196787748,2.482030219269194e-08,0.9718019786042345,0.0,0.00290896237846085,2018-06-21
0.9933507446922605,2.0424163127915306e-05,0.00071402260596287,0.0,0.0059148085385977755,2018-06-22
0.005380366241977871,7.162905631251151e-06,0.9930437530415266,0.0,0.0015687178108342579,2018-06-25
0.03685800891694512,0.8965963667184668,0.06623823589748586,0.0,0.0003073884670419749,2018-06-26
8.088242309204083e-08,5.515706307438536e-35,0.9946619313315795,0.0,0.005337987786080504,2018-06-27
7.099038756171354e-05,4.631526194874169e-05,0.9965079186326167,0.0,0.0033747757178371166,2018-06-28
0.9923921815155609,5.833073724701113e-34,1.1543689118760679e-08,0.0,0.007607806940698854,2018-06-29
0.0005806013285196323,0.0006881500683605472,0.9965598599515328,0.0,0.0021713886515004758,2018-07-02
0.0710254527334968,0.909766765414023,0.01880852909111506,0.0,0.0003992527614635456,2018-07-03
0.8075570456143407,0.1808187854001721,0.008645364148059291,0.0,0.002978804837378393,2018-07-04
0.06714378710741153,0.6687502680574228,0.263556724459135,0.0,0.0005492203760247959,2018-07-05
0.04422393204423257,0.9229672153487575,0.03253508035786742,0.0,0.00027377224895983363,2018-07-06
0.104898971745329,0.8853501864700486,0.008977600680126633,0.0,0.0007732411046046567,2018-07-09
0.6054877151749694,0.3894638042126674,0.0025958210724569175,0.0,0.00245265953973686,2018-07-10
0.057116793234456606,0.8736489774910335,0.06900358501606219,0.0,0.00023064425823947495,2018-07-11
0.09874235447867638,0.8947979144573708,0.0058729245129965375,0.0,0.0005868065510921898,2018-07-12
0.06648442357536387,0.7643563947434322,0.16853707713003893,0.0,0.0006221045509775987,2018-07-13
5.5586373270700935e-05,9.47462992346315e-18,0.9953387890098854,0.0,0.004605624616780945,2018-07-16
0.9919147370197815,2.8650186294694373e-06,0.004722334761010883,0.0,0.003360063200731774,2018-07-17
0.01897206923166384,2.2994983272215166e-06,0.9790662584874793,0.0,0.001959372782653025,2018-07-18
0.059725584282687046,0.3992045138108827,0.539457390085348,0.0,0.0016125118211892167,2018-07-19
0.4846561069224979,0.4740668372503935,0.039566133970492315,0.0,0.0017109218566645351,2018-07-20
0.9944410533204079,8.41511648605291e-07,0.0033784956621476575,0.0,0.0021796095057334927,2018-07-23
0.09768315554060719,0.8837286217374544,0.018446549781619078,0.0,0.0001416729403757229,2018-07-24
0.04800724491274103,0.87870934868994,0.07291618090813244,0.0,0.00036722548904495703,2018-07-25
0.17258940167834502,0.7632742985013006,0.06342294735159854,0.0,0.0007133524685362605,2018-07-26
0.8222939676587465,0.17168436123530179,0.0015071488958095253,0.0,0.004514522210095293,2018-07-27
0.07105381923567239,0.9098622996370622,0.018949879786148677,0.0,0.0001340013411172639,2018-07-30
0.10953750953033226,0.859125445245256,0.030713111124085164,0.0,0.0006239341003337519,2018-07-31
0.027470809304761416,0.8927398525993557,0.0794551041044076,0.0,0.00033423399165182963,2018-08-01
1.0174745459725639e-05,6.740859877422483e-19,0.993518822956342,0.0,0.006471002298174062,2018-08-02
0.9918639035991375,1.8066102938658186e-08,0.000150925022190157,0.0,0.007985153312697675,2018-08-03
0.068123978491259,0.8977677313314137,0.03398724622081939,0.0,0.00012104395637159383,2018-08-06
0.052723731292002675,0.8560882210749088,0.09081071314048439,0.0,0.00037733449246175204,2018-08-07
0.14844700719751794,0.8380868666476082,0.012929377492676064,0.0,0.0005367486623477701,2018-08-08
0.0709830898221172,0.8687988617151472,0.05978189657478839,0.0,0.00043615188773069155,2018-08-09
0.05228284999527042,0.020560653084951266,0.9231029058364979,0.0,0.0040535910833534965,2018-08-10
0.0063833355778451645,0.889027130270219,0.10324944657705443,0.0,0.0013400875749506752,2018-08-13
0.9548999463119141,0.03199828889934859,0.010082039142457233,0.0,0.0030197256462569256,2018-08-14
0.007037989830775842,0.9151306634606129,0.07760850129263902,0.0,0.0002228454161929404,2018-08-16
0.31027104860242494,0.6758655505198561,0.011884615748220095,0.0,0.0019787851296017064,2018-08-17
0.9769812668756193,0.007077545720746133,0.01252271394574108,0.0,0.0034184734577656804,2018-08-20
0.08267126397697065,0.8619641678977569,0.05519482383939853,0.0,0.0001697442859575798,2018-08-21
0.08285294715815801,0.8217243960839139,0.0949417688091724,0.0,0.0004808879488887676,2018-08-23
0.02428744053095025,0.8735245114485708,0.10175018601896388,0.0,0.0004378620013451575,2018-08-24
0.9961851325737302,1.1759296259725676e-13,1.4404351519749808e-06,0.0,0.0038134269911376645,2018-08-27
0.09762140179321245,0.8712167939445501,0.030995044231735044,0.0,0.00016676003045661467,2018-08-28
0.029785335177476273,0.011572719320600748,0.9556167942134489,0.0,0.003025151288645022,2018-08-29
0.034582488885897336,0.8656612973980938,0.09934564129281015,0.0,0.00041057242328391817,2018-08-30
0.03564478291720784,0.8919055695941674,0.07202911108010407,0.0,0.00042053640861731555,2018-08-31
6.737658028399067e-10,1.4632268014126653e-84,0.7933695215104336,0.0,0.2066304778158495,2018-09-03
0.0011314898590839186,2.8989312343635618e-08,0.9903154487912832,0.0,0.008553032360422113,2018-09-04
0.00019230396608460842,0.9171485178476282,0.08035753234598986,0.0,0.002301645840152925,2018-09-05
0.029502453958681996,0.9655640063214669,0.003853901807828296,0.0,0.0010796379120474424,2018-09-06
0.0314710678227911,0.9622459218017216,0.00571168810270749,0.0,0.0005713222726799664,2018-09-07
1.646760131084437e-11,1.9590323836171242e-50,0.9863445386542263,0.0,0.013655461329444668,2018-09-10
9.517032853223118e-17,1.328897680046331e-115,0.7172399432388945,0.0,0.282760056761329,2018-09-11
0.03502135345567356,0.955674971410404,0.0008010097085341742,0.0,0.008502665425260084,2018-09-12
0.9928680658934652,4.095269409802406e-08,3.2859033736180046e-06,0.0,0.007128607250565372,2018-09-14
4.412381649936619e-07,2.305011813866339e-19,0.9923879550715947,0.0,0.007611603690270472,2018-09-17
1.132673596196828e-06,2.3183009974404706e-15,0.9970102618386624,0.0,0.002988605487880996,2018-09-18
0.0015400432630309358,2.339328837667288e-13,0.9946509123597591,0.0,0.003809044376881535,2018-09-19
2.8278462499830095e-51,3.776676272275347e-21,6.704647525672077e-26,0.0,1.0,2018-09-21
1.9273885621054292e-21,2.2680371376138872e-111,0.08764659454266478,0.0,0.9123534054572737,2018-09-24
0.013782845466441176,0.00023963535144989082,5.885704255541987e-07,0.0,0.9859769306117179,2018-09-25
0.011109406510168172,5.55184598341343e-06,0.3951502127784351,0.0,0.593734828865424,2018-09-26
1.1573675380610654e-05,2.3575363028293895e-17,0.9619689274142027,0.0,0.03801949891019896,2018-09-27
3.890935423084027e-05,0.16748611318780293,0.7008710214477106,0.0,0.13160395601029568,2018-09-28
0.0007058577022374158,0.3111822989459705,8.147731679118879e-06,0.0,0.6881036956202822,2018-10-01
1.0862696211656766e-11,2.7411921960036423e-41,0.8512203434436841,0.0,0.14877965654526026,2018-10-03
6.091243850796e-25,4.784753018576881e-49,0.13595698125095845,0.0,0.8640430187491214,2018-10-04
2.222016094656435e-39,2.3191303427811186e-78,0.00040571272770658306,0.0,0.9995942872722835,2018-10-05
1.5198846827638915e-06,0.15142777555406248,1.4857636257062043e-05,0.0,0.8485558469249621,2018-10-08
0.0006125208700195776,1.983250335412088e-14,0.8858626676910584,0.0,0.11352481143873813,2018-10-09
0.9826997998237971,1.8477824705654674e-35,1.5367418193926723e-13,0.0,0.017300200176010177,2018-10-10
1.1106290401408276e-18,0.00016252244502757603,0.00010897940920584633,0.0,0.9997284981456033,2018-10-11
0.29450403779932066,3.017211873525074e-53,5.1852140024547275e-24,0.0,0.7054959622006617,2018-10-12
0.016072461240060936,0.9639431560377089,0.005160856759950183,0.0,0.014823525962094545,2018-10-15
0.15828318148430673,0.836396584671782,0.004526581550135086,0.0,0.0007936522937276387,2018-10-16
4.9509601947562435e-23,6.154067053203314e-174,0.0026615268585144067,0.0,0.9973384731414041,2018-10-17
1.560316989917067e-08,0.1912215242352281,0.008204295475669586,0.0,0.800574164685849,2018-10-19
4.776189349244807e-09,8.89422061375001e-82,0.019218511080434306,0.0,0.9807814841432604,2018-10-22
9.052240812273765e-06,0.6904623736203965,0.04130821433067731,0.0,0.2682203598078877,2018-10-23
0.00976229762590243,0.8859299056467868,4.6123151544893034e-05,0.0,0.10426167357577629,2018-10-24
0.00029597052090598333,0.9015157879022059,0.0847480480448556,0.0,0.0134401935319788,2018-10-25
5.358796138871623e-07,9.083271228171527e-17,0.9964775672071121,0.0,0.0035218969132976194,2018-10-26
0.02533478516954104,7.710584150018492e-46,2.10909975670765e-26,0.0,0.9746652148304792,2018-10-29
0.00039653113379105185,0.8847270292871252,0.08320190199703341,0.0,0.031674537582224827,2018-10-30
1.0770149654578952e-05,2.6727097890458406e-34,2.195790023965587e-24,0.0,0.9999892298503892,2018-10-31
0.13500130183876588,0.020179052965349407,0.6215589586286135,0.0,0.22326068656716067,2018-11-01
0.8501522088742629,5.348551829864401e-09,1.38071583779984e-10,0.0,0.14984778563895132,2018-11-02
0.009894492617218429,0.9005948251116478,0.08862981922846642,0.0,0.0008808630427677433,2018-11-05
0.009018523810147953,0.9587370232558734,0.03173819900278796,0.0,0.0005062539310827641,2018-11-06
0.0853889771004124,0.8962440315718279,0.017485315808930955,0.0,0.0008816755189731679,2018-11-07
0.020015372136976215,0.8977991341663082,0.0818920352079041,0.0,0.0002934584887630123,2018-11-09
1.298686356488564e-09,3.8678175306935363e-25,0.9900214542068667,0.0,0.00997854449443696,2018-11-12
0.9850811587360034,1.268763605412855e-42,1.6086651883510995e-08,0.0,0.014918825177137206,2018-11-13
0.057364330691483015,0.5340779254496293,0.40608801757655705,0.0,0.0024697262823761778,2018-11-14
0.07556388721264881,0.9063836984060325,0.01761852644583434,0.0,0.0004338879352713429,2018-11-15
0.4581837179369713,0.5191287905365689,0.021092224298990464,0.0,0.0015952672274569724,2018-11-16
0.11599024417925195,0.8816612401997252,0.0018950862879610667,0.0,0.00045342933314176145,2018-11-19
2.5502068793524964e-06,4.9595852974084994e-17,0.9950009599908355,0.0,0.004996489802132924,2018-11-20
0.0010584950651459635,2.1600365545112205e-05,0.9964272661826145,0.0,0.002492638386535677,2018-11-21
2.368007518680793e-05,1.1101564039065633e-08,0.9967261742969807,0.0,0.0032501345263147106,2018-11-22
0.2052802139772946,0.7684733830385572,6.765491606687309e-05,0.0,0.02617874806821216,2018-11-26
0.9788859819780248,0.0012561257210439987,0.01593249377384184,0.0,0.003925398527190912,2018-11-27
0.07707430333233777,0.9055050221243012,0.017310659991570103,0.0,0.00011001455170131146,2018-11-28
0.6917409538484078,0.30006252350031115,5.824413746215976e-05,0.0,0.008138278513897743,2018-11-29
0.03446561772319555,0.9352999912307064,0.030036275637570914,0.0,0.00019811540850375693,2018-11-30
0.08018340389606073,0.7650802885478987,0.1537150586414326,0.0,0.0010212489143933102,2018-12-03
0.04180950980937906,0.8574439581063311,0.1003115251886895,0.0,0.00043500689543102576,2018-12-04
0.0020377039570856352,0.7339806355814489,0.26104874756469676,0.0,0.002932912896671346,2018-12-05
1.6426694256937206e-13,1.6635328966278884e-40,0.958606544286294,0.0,0.04139345571356019,2018-12-06
0.4079345620812642,0.5864380857797368,0.001011469272247013,0.0,0.004615882866605188,2018-12-07
1.8234678342463931e-07,0.31588446436900114,0.0006166660354768145,0.0,0.6834986872488793,2018-12-10
0.00011894763370746175,1.0034224307296853e-107,7.358467032150387e-12,0.0,0.9998810523587597,2018-12-11
0.523513528681392,1.6128371532814498e-41,1.0629812454091506e-17,0.0,0.4764864713184689,2018-12-12
0.053274199811417976,0.9379830754637581,0.005648312270129918,0.0,0.00309441245485536,2018-12-13
0.04916330972896978,0.9006419735290284,0.0499197222609194,0.0,0.0002749944811660683,2018-12-14
0.45857647864173606,0.527068690903663,0.011813539296364957,0.0,0.002541291158426504,2018-12-17
0.5693309884321381,0.11730058494230633,0.31029099093760293,0.0,0.003077435687948634,2018-12-18
0.4514662919059661,0.5089583244111325,0.03836927493933542,0.0,0.0012061087435867733,2018-12-19
0.09763894539131715,2.018043137497538e-07,0.898479927581015,0.0,0.003880925223425879,2018-12-20
6.315326853507737e-23,2.0990252687192364e-100,0.9160910955239611,0.0,0.08390890447622726,2018-12-21
1.1230202568616918e-07,7.64511649916463e-41,0.9844504291298034,0.0,0.015549458567992225,2018-12-24
0.0035800401767071897,0.02014823653682908,5.539466126364559e-05,0.0,0.9762163286253082,2018-12-26
0.17233920164212166,0.785457140777916,0.016120715595994206,0.0,0.026082941983815493,2018-12-27
0.3182196495862554,0.6752173184857023,0.005095529278225808,0.0,0.0014675026499272844,2018-12-28
0.3534717063124373,0.01196438632141096,0.6314163736099703,0.0,0.003147533756088018,2018-12-31
2.231836498898555e-05,0.013988021857873937,0.9714234315881958,0.0,0.014566228189027681,2019-01-02
4.4603122660297577e-10,4.427769986036483e-37,0.9944323012455288,0.0,0.005567698308600527,2019-01-03
0.03485615621756705,0.9594615656734214,0.0048123392914383185,0.0,0.0008699388173583545,2019-01-04
0.07715383631124938,0.9080860613620416,0.014386431053910183,0.0,0.0003736712728218311,2019-01-07
0.049442712110843404,0.9225280897307652,0.027669996481658438,0.0,0.0003592016767890317,2019-01-08
0.030099462322988685,0.962325114911519,0.0059750619500746225,0.0,0.00160036081557516,2019-01-09
0.05605830691728894,0.4070031657938244,0.5348207240401599,0.0,0.0021178032487342746,2019-01-10
0.00327012702430717,0.8933385841351701,0.1027823969370641,0.0,0.0006088919033990327,2019-01-11
0.0011366121806416554,0.0007425560373022143,0.9952057888816384,0.0,0.0029150429005585644,2019-01-14
0.9915894173375991,1.3149780601948228e-38,8.154245587080812e-11,0.0,0.008410582580928642,2019-01-15
0.05743521029181431,0.8865921410680367,0.055830721205090854,0.0,0.00014192743493937076,2019-01-16
0.03539098843246765,0.9201986102985591,0.04406572209298878,0.0,0.00034467917599328226,2019-01-17
0.03957730506716144,0.8836012587794481,0.076427494630171,0.0,0.00039394152300614303,2019-01-18
0.10602001594628883,0.8850470153113126,0.00826406904185148,0.0,0.0006688997005623672,2019-01-21
0.005852886755950826,0.901384335648907,0.09237173157332636,0.0,0.0003910460216105199,2019-01-22
2.0971767411072185e-06,4.266568871468308e-17,0.9971654488794033,0.0,0.0028324539438097326,2019-01-23
0.06853939696534661,0.8554772740913933,0.07551428283184365,0.0,0.0004690461115361652,2019-01-24
6.638299014977482e-06,0.010722089080436011,0.9471223336734261,0.0,0.042148938947227724,2019-01-25
1.376588894494914e-10,7.06115670963888e-33,0.9915195308743394,0.0,0.008480468987813189,2019-01-28
0.008726749003399993,0.9047373211690601,0.08552294973547478,0.0,0.0010129800919207262,2019-01-29
0.09830337418786403,0.5594821703901216,0.3402433157014492,0.0,0.0019711397207453963,2019-01-30
0.9920612831075616,1.5763484045556909e-57,1.7841299742852035e-16,0.0,0.007938716892403302,2019-01-31
0.0027400585808047685,0.9939148252257486,0.00015463555641285947,0.0,0.0031904806370607343,2019-02-01
0.013454408716369378,0.966804849653409,0.019284404982465718,0.0,0.0004563366477977614,2019-02-04
0.05338515442108968,0.9073504427271779,0.038993709591719224,0.0,0.0002706932599072036,2019-02-05
0.9954683436361833,6.932917226521721e-26,5.848110308560251e-08,0.0,0.004531597882900054,2019-02-06
0.04629926849479693,0.9029459915200727,0.0506273645877791,0.0,0.00012737539756393112,2019-02-07
1.570736571683154e-06,2.300569355519118e-08,0.9920962840803881,0.0,0.0079021221772769,2019-02-08
0.01188717496804837,0.42245560995641956,0.5635107809817836,0.0,0.0021464340938465946,2019-02-11
0.006943392383523838,0.22772074511388596,0.7629162691263643,0.0,0.0024195933762815357,2019-02-12
0.0023736837938352754,0.5619161608504886,0.4316236541870538,0.0,0.004086501168670029,2019-02-14
0.00012694281143480745,0.9422829391574592,0.049454986259725255,0.0,0.0081351317712817,2019-02-15
4.378964857201134e-06,1.062216385689856e-16,0.9968926803720992,0.0,0.0031029406631515673,2019-02-18
0.00024006122754851108,0.9217000627350185,0.07606425499373284,0.0,0.001995621043608066,2019-02-19
0.9961173328840753,4.4248817660097604e-11,6.295000576010532e-07,0.0,0.003882037571558768,2019-02-20
0.36229264861256605,0.6206860266826948,0.0165878226678622,0.0,0.00043350203689193677,2019-02-21
0.06273359124031813,0.8614747760206383,0.07545971402694764,0.0,0.0003319187121356945,2019-02-22
0.9964506683831789,8.541761682139946e-05,0.0007615971938273506,0.0,0.0027023168061761868,2019-02-25
9.265400720848079e-05,0.8577968158319225,0.13938186281045858,0.0,0.00272866735038111,2019-02-26
0.00011359140445113846,0.48007549036597,0.3443510119077061,0.0,0.1754599063220141,2019-02-27
0.06468746613532532,7.857746342114044e-15,0.8933703454645643,0.0,0.0419421884002071,2019-02-28
0.10422633486753081,0.8826964300604501,0.012176511862050415,0.0,0.0009007232099982795,2019-03-01
0.9831000082346584,8.498298715496376e-19,1.1800644239995761e-08,0.0,0.01689997996470832,2019-03-05
0.11209603099959864,0.8801104135002785,0.007573252576528587,0.0,0.0002203029235337584,2019-03-06
0.04370683485572871,0.8960570031604992,0.05997219333770928,0.0,0.000263968645951229,2019-03-07
0.05208921491250702,0.8422347550422759,0.10499032598247485,0.0,0.0006857040626231493,2019-03-08
0.9968539849107235,1.1408087045622321e-20,5.355615215408678e-08,0.0,0.0031459615331798896,2019-03-11
0.9984242016473206,3.358389421522915e-07,7.2805308268536294e-06,0.0,0.0015681819830534812,2019-03-12
0.06953803135501681,0.9113656696586471,0.01899201873454833,0.0,0.00010428025193451584,2019-03-13
0.09947775136092948,0.7157536605713696,0.1839981116551453,0.0,0.0007704764124701342,2019-03-14
0.2422450758444017,0.7541095392257845,0.001855447661719305,0.0,0.001789937268028462,2019-03-15
0.02380019051783757,0.9616142971600807,0.013982967815318966,0.0,0.0006025445065607278,2019-03-18
0.08746646556305786,0.9071111138390454,0.004955956765119293,0.0,0.00046646383256673465,2019-03-19
0.06662515111548103,0.7565419034116688,0.17606302236225085,0.0,0.0007699231104404755,2019-03-20
0.00020125994884227717,4.925031098421051e-09,0.9968192615281288,0.0,0.0029794735978278196,2019-03-22
0.0008196766929653368,0.6928263141369327,0.3015388923180621,0.0,0.004815116851974008,2019-03-25
0.9962877335825354,2.112102967299362e-17,1.1317295752009576e-07,0.0,0.0037121532444871408,2019-03-26
0.0056795041483338575,1.4313312001141166e-06,0.9924225323845696,0.0,0.0018965321358008255,2019-03-27
0.9966414744677451,6.128273639798766e-19,2.8823524219982576e-07,0.0,0.0033582372970022826,2019-03-28
0.10659539953102742,0.891490345844432,0.0015119369881358127,0.0,0.00040231763623882743,2019-04-01
0.0949349295438117,0.8696385236179406,0.034985719447282994,0.0,0.00044082739097422974,2019-04-02
0.0002065452886818781,1.6333676787247393e-09,0.9972737953229891,0.0,0.0025196577547977133,2019-04-03
0.010219708699672883,0.019254328498015942,0.9680714943843025,0.0,0.002454468418076534,2019-04-04
0.09656276206348008,0.892825346558844,0.010121225924051012,0.0,0.0004906654538179896,2019-04-05
0.00010227532161269,3.684349222544451e-08,0.9941208683942879,0.0,0.005776819440450576,2019-04-08
0.651058095077377,0.32847571591845864,0.016582427665783574,0.0,0.0038837613381874606,2019-04-09
0.0007798073631998387,0.023810255358796377,0.972603394039726,0.0,0.0028065432382933858,2019-04-10
0.07750482413744043,0.82321950412259,0.09876295142601997,0.0,0.000512720313895858,2019-04-11
0.07883493225407279,0.9020639605158592,0.018789455283239706,0.0,0.0003116519466872378,2019-04-12
0.0846977768660047,0.8877377118359027,0.0272066459498129,0.0,0.00035786534842835064,2019-04-15
0.9149256193692588,0.07722687141151821,0.004524574185555307,0.0,0.0033229350336027126,2019-04-16
0.006740351680932563,9.977075337368345e-24,0.9857798632274307,0.0,0.007479785091678522,2019-04-18
6.388695153123635e-12,3.1773806977358615e-53,0.9802208245910297,0.0,0.019779175402753073,2019-04-22
0.024408261173758106,0.8202629610127258,0.1547356050584433,0.0,0.0005931727551628653,2019-04-23
0.9958035223930525,1.1666471849711988e-24,6.684745007031901e-10,0.0,0.004196476938514247,2019-04-24
8.330107583759809e-06,1.796101298934831e-05,0.9954915900168876,0.0,0.004482118862742235,2019-04-25
0.9961322576604216,2.1714322328197152e-05,0.0001998871780889423,0.0,0.0036461408389392154,2019-04-26
0.01974119060701288,0.9225807184872546,0.057497307162234695,0.0,0.00018078374369236483,2019-04-30
0.01694654238309839,0.8797682367537536,0.10277059107259574,0.0,0.0005146297905100574,2019-05-02
0.0339220725393362,0.8738690950778581,0.09181737495296685,0.0,0.00039145742980140833,2019-05-03
0.002745843906371731,0.9439619594900039,0.047282740614988,0.0,0.006009455988559838,2019-05-06
3.007321902635044e-09,4.4858064283177955e-63,0.961592617812886,0.0,0.03840737917989722,2019-05-07
6.645609189083711e-10,1.9641788457732237e-40,0.9867541439439763,0.0,0.013245855391284596,2019-05-08
0.0018386264359425233,0.8689585411688454,0.12811897768385402,0.0,0.0010838547114700198,2019-05-09
0.00947629456165371,0.8942243430947417,0.09591313154446854,0.0,0.00038623079928346634,2019-05-10
2.059036785263277e-09,1.3649303635454917e-13,0.9898792423162052,0.0,0.010120755624699076,2019-05-13
0.024548693222704726,0.8836347220269427,0.0003222439683565062,0.0,0.09149434078215338,2019-05-14
2.1240090071736663e-05,1.4507253788832323e-22,0.988265370235173,0.0,0.011713389674804687,2019-05-15
0.9854397628648421,0.0027962576177065104,0.0002119338335311133,0.0,0.011552045683910939,2019-05-16
0.9968485205993998,1.7857684681832613e-53,7.2481290062677e-13,0.0,0.0031514793999682595,2019-05-17
1.6284829236211593e-05,1.5669965145014067e-45,3.4176878157207006e-45,0.0,0.9999837151706692,2019-05-20
1.5666261881101379e-10,3.720241212944903e-40,0.6043433486856306,0.0,0.39565665115757775,2019-05-21
0.0351917072147536,0.9301670591906811,0.031186294107226134,0.0,0.003454939487393563,2019-05-22
5.017174730730639e-28,1.3702439042340542e-63,1.627801901443307e-11,0.0,0.9999999999836291,2019-05-23
0.010724661698943002,7.96651508186503e-05,1.118808371425474e-11,0.0,0.989195673138985,2019-05-24
0.322389850111601,0.4317337569324378,0.001374509773993558,0.0,0.2445018831821874,2019-05-27
0.02152147502563029,0.9381559932243827,0.03931442319118959,0.0,0.0010081085587307053,2019-05-28
0.003405805188416654,0.7057783743008178,0.2895541255709421,0.0,0.0012616949397202114,2019-05-29
0.9958379073002598,8.598246827539877e-08,0.0012379193510295892,0.0,0.0029240873663040007,2019-05-30
6.408089372287392e-05,0.907329989713335,0.0635599288304721,0.0,0.02904600056237542,2019-05-31
0.9905398094729374,5.700941704919262e-24,6.041007154457818e-11,0.0,0.009460190466647865,2019-06-03
0.0029794932850123897,0.9190629141909409,0.07771048164488431,0.0,0.0002471108790130035,2019-06-04
2.174208342573847e-18,1.1566806771395093e-118,0.7611346102967125,0.0,0.23886538970309065,2019-06-06
0.016533477389589837,0.953400444789215,0.025415076862192337,0.0,0.004651000959034076,2019-06-07
0.05798061376284838,0.9275396449119893,0.0138978737586423,0.0,0.00058186756649554,2019-06-10
0.06431880648821196,0.910138945003208,0.025042415583564664,0.0,0.0004998329248592907,2019-06-11
0.009364145017628004,0.1270241984234489,0.8611341459609293,0.0,0.0024775105979856463,2019-06-12
0.015405878722353878,0.9399452805735964,0.04422756163557495,0.0,0.00042127906858148277,2019-06-13
7.463420377605146e-05,1.0852261043130444e-10,0.9971291331759031,0.0,0.002796232511708318,2019-06-14
2.215968912534985e-14,2.9724363902277997e-88,0.9375533003291916,0.0,0.06244669967090675,2019-06-17
0.04584690578804985,0.8984631596133451,0.05502095440465036,0.0,0.0006689801938112429,2019-06-18
0.0003827798815759494,0.9812267984299502,0.013899766104372562,0.0,0.004490655584022673,2019-06-19
0.9620101877677668,1.6455090984238804e-68,3.385680310809025e-13,0.0,0.03798981223200523,2019-06-20
1.997645888110647e-06,7.334349950173981e-22,0.9961869060786711,0.0,0.0038110962754818265,2019-06-21
0.013947282167891959,0.8846046190756838,0.10106530819253827,0.0,0.00038279056388831043,2019-06-24
0.9919190364378329,4.2031245477549274e-15,1.3935053141251986e-05,0.0,0.008067028509157963,2019-06-25
0.9754070297637886,8.437108631165741e-06,0.022864561447509285,0.0,0.0017199716800694398,2019-06-26
0.020256074492315073,0.9339818486583743,0.04566412103159995,0.0,9.795581787832645e-05,2019-06-27
0.005743183107506823,1.163849804572607e-06,0.991544825281226,0.0,0.0027108277616488628,2019-06-28
0.11786222504307929,0.8663432867545905,0.014992710715915845,0.0,0.0008017774863910234,2019-07-01
0.048330446492848685,0.9355423742520933,0.015710420819946936,0.0,0.0004167584352265768,2019-07-02
0.054387509314009576,0.8759800982560292,0.06929827110961073,0.0,0.0003341213204531036,2019-07-03
0.07115242209295206,0.8792541297177939,0.04919883656073473,0.0,0.00039461162840495823,2019-07-04
2.924495536009296e-11,6.989108758291992e-50,0.9915546732536974,0.0,0.008445326716963358,2019-07-05
1.1634673575082341e-27,9.892217655698559e-110,0.7913910509623131,0.0,0.2086089490376547,2019-07-08
0.006098787182633981,0.945303465641292,0.04627660584728377,0.0,0.0023211413289327626,2019-07-09
0.0007961635258056397,0.8778474301516659,0.12048691601198057,0.0,0.0008694903105165238,2019-07-10
0.10323539878421541,0.8913326956044453,0.004786686296075203,0.0,0.0006452193154077659,2019-07-11
0.01654839621347735,0.6659774974114214,0.31646794512041243,0.0,0.0010061612547833797,2019-07-12
0.05362648754358385,0.9217675041647948,0.02430004182767521,0.0,0.00030596646390681104,2019-07-15
0.989325627026714,0.0005744020776819135,0.007380799822427797,0.0,0.0027191710732291565,2019-07-16
0.06535823489829115,0.8994579556901998,0.035080483868240676,0.0,0.00010332554329663396,2019-07-17
0.00012911766642392144,9.389863016300568e-12,0.9958949459832417,0.0,0.0039759363409714666,2019-07-18
1.7356505305964468e-20,8.843552396284328e-114,0.8211445497835773,0.0,0.1788554502166272,2019-07-19
0.0018457835952048359,0.5725195387453351,0.4194641238662674,0.0,0.006170553793144176,2019-07-22
0.018077675251576324,0.8472721315197225,0.13409972379737664,0.0,0.0005504694312439773,2019-07-23
0.0004632792124950881,0.7219681190299413,0.2754801308744141,0.0,0.0020884708829239586,2019-07-24
0.0030168528892652717,0.9286487104233577,0.06771059406976158,0.0,0.000623842617758985,2019-07-25
0.04619540466235145,0.9321651132748336,0.021283134743495316,0.0,0.0003563473191494471,2019-07-26
2.38759652108727e-07,1.5196637063383551e-22,0.996184995786147,0.0,0.0038147654543568845,2019-07-29
2.885493072723789e-09,7.534312766129358e-21,0.9869409974638621,0.0,0.013058999650433757,2019-07-30
0.7486963580400913,0.0018375343635409073,0.19928655424693972,0.0,0.05017955334931633,2019-07-31
6.348010216499354e-10,0.024902455022104246,0.5097046941446143,0.0,0.46539285019863297,2019-08-01
3.198643280765413e-07,0.11735160410809116,5.273138157661587e-05,0.0,0.8825953446458913,2019-08-02
3.566434835563098e-06,0.6820419720628593,0.03224922845672455,0.0,0.285705233045453,2019-08-05
0.27363313535187755,3.180519880669135e-19,1.4204761207772613e-06,0.0,0.7263654441721542,2019-08-06
1.4546854095749886e-06,5.875592297514357e-17,0.9311740654148057,0.0,0.06882447989979394,2019-08-07
0.45281447327783275,2.0858499390006677e-17,1.4934469859472837e-13,0.0,0.5471855267219318,2019-08-08
0.036716507872528614,0.9525729560934888,0.0007668457840913426,0.0,0.009943690250082059,2019-08-09
1.697934533280875e-23,1.953004023129374e-134,0.5827287787710534,0.0,0.4172712212287388,2019-08-13
0.02770410177772927,0.9228921732460399,7.361508229732101e-05,0.0,0.04933010989411626,2019-08-14
0.0037031642018242814,0.9751626136341606,0.015833818995924148,0.0,0.005300403168196838,2019-08-16
0.017874942841638253,0.9324260697039352,0.049179807081233644,0.0,0.0005191803733845302,2019-08-19
0.016149197565518494,0.5395624419714751,0.4429656700555354,0.0,0.0013226904074937458,2019-08-20
1.128807172308115e-06,5.995080064545869e-19,0.9970676903380927,0.0,0.0029311808547945145,2019-08-21
4.886568322315238e-18,1.8204482583863657e-77,0.9717662719289113,0.0,0.028233728071184242,2019-08-22
0.028197152063575686,1.9597015354479397e-12,4.650072332927758e-07,0.0,0.9718023829271165,2019-08-23
5.790141115886086e-17,3.2475115178743544e-11,1.9273698302873376e-28,0.0,0.9999999999677129,2019-08-26
0.03545597610068783,0.9424163775358497,0.007122660981279674,0.0,0.015004985382035164,2019-08-27
0.00018108551959585546,0.6964799916615462,0.29882922207705503,0.0,0.004509700742023959,2019-08-28
0.00036681976989127416,0.46930577630760933,0.524464037943487,0.0,0.005863365978884994,2019-08-29
0.004458046218368169,0.9814703945276768,0.00016633836185505368,0.0,0.013905220892135693,2019-08-30
1.0475886121640679e-21,6.97278991559515e-70,0.8913868199502263,0.0,0.10861318004963255,2019-09-03
0.26450938035171884,0.699585245487852,0.02991787280137344,0.0,0.005987501359230435,2019-09-04
0.013126312409580308,0.9449153332629422,0.041519174381635826,0.0,0.00043917994572386846,2019-09-05
0.9962898246024822,0.0001359843701315282,0.0004997576528518527,0.0,0.0030744333745246896,2019-09-06
0.4259078718405551,0.5600597289073811,0.009966617872983145,0.0,0.0040657813792967235,2019-09-09
0.09062854032213886,0.8590921915511228,0.049918130461168365,0.0,0.0003611376654737916,2019-09-11
0.0016009234886841981,1.1879774290306209e-05,0.9958158872843753,0.0,0.0025713094527591517,2019-09-12
0.9930697151360939,2.316627346687248e-07,0.00010030017946220613,0.0,0.006829753021852476,2019-09-13
0.0027215059181990614,0.9181590086265291,0.0786258186550464,0.0,0.0004936668004058249,2019-09-16
1.0364412612743724e-20,3.3537293236767996e-107,0.8990214485882986,0.0,0.1009785514119034,2019-09-17
0.053404662758192736,0.9030294067731095,0.04282948211803183,0.0,0.0007364483505600598,2019-09-18
2.5767487431716236e-12,1.0745461242992009e-44,0.9924682557707419,0.0,0.007531744226459789,2019-09-19
2.094251430830749e-31,0.0,2.7834126007268623e-197,0.0,1.0,2019-09-20
5.454021394711016e-10,1.9228850275389894e-08,7.125538696818327e-27,0.0,0.9999999802257664,2019-09-23
0.003927531274321126,0.9508610611631276,0.026483596941633835,0.0,0.0187278106208838,2019-09-24
1.80966274523006e-10,2.0068449190098494e-34,0.9919747149061287,0.0,0.008025284912832194,2019-09-25
0.9951837781044606,1.005490561119254e-12,3.6588180412282144e-07,0.0,0.004815856012762787,2019-09-26
0.004618647534029488,0.7744186248599971,0.22057245619842486,0.0,0.00039027140759948176,2019-09-27
0.002334116139630152,0.8990759557049988,0.09761967680391985,0.0,0.0009702513513819575,2019-09-30
1.528887564955065e-17,3.879223606109233e-17,0.0014357811808852047,0.0,0.9985642188191846,2019-10-01
0.0011037569524938009,0.9267480915025967,0.04365161800888329,0.0,0.028496533536177312,2019-10-03
4.530289134722953e-18,3.89309548671513e-132,0.20810683029700572,0.0,0.7918931697031015,2019-10-04
0.0028009015163260958,0.004039751324357874,0.9196676364505972,0.0,0.07349171070881186,2019-10-07
0.6642031186754112,2.131450828649664e-32,3.800507401502379e-16,0.0,0.335796881324362,2019-10-09
0.003406005286225516,0.5501724369116073,0.42955556991604965,0.0,0.016865987886295276,2019-10-10
0.004578944455658584,0.9844078143072532,0.0002017077636780124,0.0,0.010811533473255818,2019-10-11
0.014245728458814139,0.9737015569341938,0.010628355193690934,0.0,0.001424359413442521,2019-10-14
0.9720766736202572,0.021461586637486797,0.0017251235883783882,0.0,0.004736616153842382,2019-10-15
0.08519999552292383,0.8831331790334785,0.03151748099678481,0.0,0.00014934444701437139,2019-10-16
0.9956266760539221,2.5194413058199813e-21,7.721394479370191e-08,0.0,0.004373246731974551,2019-10-17
0.9961933843769224,0.00013402608397706004,0.0019268355689673266,0.0,0.0017457539699172273,2019-10-18
0.0003516214821576435,0.07929144157597302,0.9181040926207523,0.0,0.0022528443211900025,2019-10-22
0.03477285825300416,0.9076114638869518,0.05708319716910725,0.0,0.0005324806909346462,2019-10-23
0.0164355385726446,0.008235741723744295,0.9656849719355871,0.0,0.009643747768083357,2019-10-24
0.005053435789057086,0.9154722079106618,0.07482535704408805,0.0,0.004648999256366919,2019-10-25
0.9907215229625638,1.407899698671978e-35,2.025641187530135e-15,0.0,0.009278477037641494,2019-10-29
0.08536843651091447,0.907896809699272,0.00656754125311533,0.0,0.0001672125366495261,2019-10-30
0.05456051965848048,0.9149240472583529,0.030162940423866476,0.0,0.00035249265929989553,2019-10-31
0.060032615204265484,0.8696248478579586,0.06995318050827214,0.0,0.00038935642944096314,2019-11-01
0.08006671353802204,0.8980227752569359,0.021494945423531114,0.0,0.0004155657813997048,2019-11-04
0.02073430327140687,0.5713981764950289,0.4061909080451968,0.0,0.001676612188526684,2019-11-05
0.018247436806266427,0.9758083771904661,0.0041795136208625065,0.0,0.001764672382236366,2019-11-06
0.09140051008351091,0.8751234758306918,0.03302711663863114,0.0,0.00044889744700476233,2019-11-07
1.9065819917738235e-05,0.0013104315541047384,0.9926238538867783,0.0,0.006046648739022268,2019-11-08
0.04266901955026731,0.8742510181448415,0.08270424889170054,0.0,0.0003757134133043173,2019-11-11
0.0009186917524158964,0.02031242767515603,0.9754795591789782,0.0,0.0032893213935291155,2019-11-13
0.05363715861716631,0.9056663664854581,0.040207545006515945,0.0,0.0004889298910194964,2019-11-14
0.04314410425659146,0.9166308747731033,0.0398335834574635,0.0,0.00039143751277646296,2019-11-15
0.024914964884472358,0.8958616308361346,0.07893177273218406,0.0,0.00029163154737079603,2019-11-18
0.08251462333176944,0.8996359163915596,0.017477870007272068,0.0,0.0003715902695072783,2019-11-19
0.1052459881025389,0.8709550817650596,0.023305436293079823,0.0,0.0004934938391204344,2019-11-20
0.06143153122463471,0.00022167535440082548,0.9345360078274542,0.0,0.0038107855935219045,2019-11-21
0.016480097854234963,0.09549138652378926,0.8854647443829522,0.0,0.002563771239047861,2019-11-22
0.9861520296519147,2.6378056714570284e-61,6.902191973812382e-13,0.0,0.013847970347253508,2019-11-25
0.01812861745977683,0.016537732873545263,0.9632630938207059,0.0,0.0020705558461970594,2019-11-26
0.15576271979468462,0.8159989900660584,0.027465449569005974,0.0,0.0007728405700632668,2019-11-27
0.08479838939787121,0.8876305175370267,0.027223069227903057,0.0,0.0003480238371728257,2019-11-28
4.3284839845508155e-05,1.5317162854539852e-08,0.997303526936863,0.0,0.0026531729062872975,2019-11-29
0.10837368984148538,8.131644661390331e-11,0.8827098131963066,0.0,0.00891649688084933,2019-12-02
0.00420551323905277,0.0002280738958281087,0.9931255783066371,0.0,0.002440834558670465,2019-12-03
0.9150996597251073,0.007275887909170231,0.07176151690816676,0.0,0.005862935457341542,2019-12-04
0.10612825846303346,0.15560695327580915,0.737034736507463,0.0,0.0012300517536544698,2019-12-05
3.830144948962331e-07,9.10329182794149e-23,0.9963454109780865,0.0,0.0036542060073157033,2019-12-06
0.04308919156482559,0.8895775950789044,0.06679581786439771,0.0,0.0005373954918468387,2019-12-09
8.082272634567492e-05,1.510161767625347e-18,0.995852240130813,0.0,0.0040669371428557494,2019-12-10
0.15278858093120468,0.8229923329941304,0.02351559509102233,0.0,0.0007034909834377813,2019-12-11
0.09455839882900757,0.8915879497152723,0.013508026029197257,0.0,0.00034562542654962734,2019-12-12
0.9940380986473788,2.8662561281946242e-05,0.0006607938318873359,0.0,0.00527244495946157,2019-12-13
0.029114921638195294,1.1054831828488702e-11,0.9679001585746498,0.0,0.0029849197761757694,2019-12-16
0.9968487811014392,4.8140397881795276e-08,0.00011874192737408573,0.0,0.003032428830914197,2019-12-17
0.07902441983809817,0.9089790998325594,0.01189174856419386,0.0,0.00010473176512669461,2019-12-18
0.09407011845402992,0.8708306927059014,0.03473698094352608,0.0,0.0003622078964895498,2019-12-19
0.07981223278163901,0.8350296927153708,0.0846304949430401,0.0,0.0005275795599416977,2019-12-20
0.02918098159047353,0.8973699397472009,0.07317284454490157,0.0,0.00027623411729983075,2019-12-23
0.02939140280428272,0.039358813739009284,0.9284386858166878,0.0,0.002811097639990194,2019-12-24
0.00013326555343969027,7.360423440708745e-13,0.9964047077748451,0.0,0.0034620266710543145,2019-12-26
0.9960123814751796,7.717580907475737e-06,0.00018405440667254108,0.0,0.003795846537022006,2019-12-27
0.04486033928416227,0.9141719703236713,0.040875884315908606,0.0,9.180607642218086e-05,2019-12-30
0.00035275949139436467,2.885799794114539e-10,0.9958151221167093,0.0,0.003832118103527166,2019-12-31
0.05837058556712552,0.8684760440213306,0.07276716083014871,0.0,0.0003862095814809147,2020-01-01
0.9950243849807535,2.271569186959542e-14,0.00021307535935672042,0.0,0.004762539659780527,2020-01-02
0.009243765248229454,0.8928805779141902,0.09766382763289715,0.0,0.00021182920459046764,2020-01-03
3.669348223960829e-20,2.380664456268275e-74,0.9387638188860435,0.0,0.06123618111395691,2020-01-06
0.015297946357847076,0.9792426844070383,0.0027777823097446543,0.0,0.0026815869252376024,2020-01-07
0.02388797341079447,1.18485158070484e-08,0.9716839852368042,0.0,0.004428029503796277,2020-01-08
0.9468138748251241,0.0008039223760377025,1.3740195307537094e-06,0.0,0.05238082877920113,2020-01-09
0.05147572457214004,0.9321594021479116,0.016027736961984226,0.0,0.0003371363180598789,2020-01-10
0.22441926396759987,0.7482089478506,0.026065116987624416,0.0,0.0013066711942678003,2020-01-13
0.07366203996661363,0.8885872700727215,0.03747368858186933,0.0,0.0002770013788852893,2020-01-14
0.033628887638300714,0.8617315088178688,0.104189609159503,0.0,0.0004499943845030767,2020-01-15
0.05986247278775265,0.8680255091785689,0.07173580102448786,0.0,0.0003762170091815857,2020-01-16
0.039235581402946085,0.8894876805053653,0.0709797330459927,0.0,0.0002970050455776672,2020-01-17
1.4516519226239056e-14,1.4422579851184123e-136,0.09728010362945312,0.0,0.9027198963705868,2020-01-20
0.006424595472461278,0.9296547590468663,0.05226671425950753,0.0,0.011653931221357786,2020-01-21
0.0001702530604685749,5.01935283936415e-21,0.9944148112855922,0.0,0.0054149356537362674,2020-01-22
0.8249005504530416,0.14979455527991434,0.0223003291013844,0.0,0.003004565165476273,2020-01-23
0.9788117713134817,0.008235773622829692,0.011110815628139453,0.0,0.0018416394355396251,2020-01-24
2.5902618153482903e-05,1.243625079470491e-06,0.9963642085446907,0.0,0.003608645211876445,2020-01-27
0.0004013042690400384,7.047687718162269e-08,0.9967776421234982,0.0,0.0028209831304338595,2020-01-28
0.10800018927646089,0.8735799507636299,0.01775554111515211,0.0,0.0006643188448725716,2020-01-29
4.846954902663099e-06,5.68078414565055e-21,0.996975342560901,0.0,0.003019810484011844,2020-01-30
3.1187083403069424e-06,7.934126443747204e-44,0.9797459168781922,0.0,0.020250964413532132,2020-01-31
3.1645763495564722e-12,4.354952777629049e-06,0.006926484971244597,0.0,0.9930691600725984,2020-02-03
0.128056635355049,3.9383666643852546e-122,5.826474632870717e-31,0.0,0.8719433646449647,2020-02-04
0.8222879203677429,0.0014185259979744248,8.305844884729156e-05,0.0,0.17621049518530554,2020-02-05
0.07289014928649379,0.9101972973065169,0.01610326859691926,0.0,0.0008092848099797154,2020-02-06
0.04587700335731436,0.08939740465133786,0.862195863870468,0.0,0.0025297281208878286,2020-02-07
0.001945486289060261,0.0012791702106124594,0.994308391442266,0.0,0.002466952058266429,2020-02-10
0.12161814227319964,0.8605702028059188,0.017001071386680385,0.0,0.0008105835340929134,2020-02-11
0.6740531130448363,0.3177249320612901,0.005985018190278284,0.0,0.0022369367033986827,2020-02-12
0.032433352037390215,0.7527655930971505,0.21436424382582653,0.0,0.00043681103968046465,2020-02-13
0.0005023938947215585,0.03219523305920622,0.960757696556121,0.0,0.0065446764901144275,2020-02-14
0.000562032661222873,4.750208845074329e-08,0.9969986307101194,0.0,0.002439289126559667,2020-02-17
0.0010348906532259157,0.8796853464540392,0.11841301239414184,0.0,0.0008667504983863362,2020-02-18
0.15705117385096773,0.8403357358695883,0.00026785287108780764,0.0,0.0023452374082035894,2020-02-19
0.0123020046124736,0.8195372578398015,0.16758907147961638,0.0,0.000571666068088781,2020-02-20
2.846635086412738e-23,9.758552882421445e-99,0.7650194899386439,0.0,0.23498051006126283,2020-02-24
0.017422451792052655,9.501224808023888e-09,0.9678935549716525,0.0,0.014683983735084458,2020-02-25
7.950852108938817e-06,0.32984491882446476,0.6506621898791244,0.0,0.019484940444360496,2020-02-26
0.0009198791243522251,0.9016664159469062,0.0961146220870351,0.0,0.0012990828415684716,2020-02-27
8.814166098098487e-47,6.419240596501188e-94,1.76213583047781e-08,0.0,0.9999999823785403,2020-02-28
6.62515093327128e-27,4.092299599877887e-87,1.557535679874735e-12,0.0,0.9999999999986358,2020-03-02
0.01070200411740767,0.0006223377282464857,7.210049770476324e-11,0.0,0.988675658082192,2020-03-03
1.2401400044836211e-13,4.207684308754414e-05,4.725890869564997e-06,0.0,0.9999531972660183,2020-03-04
0.001627753426562303,0.9684569743037943,0.0037040047941385885,0.0,0.026211267475715935,2020-03-05
4.0448243984128683e-22,2.7841117702151602e-06,4.96720796193804e-08,0.0,0.9999971662163395,2020-03-06
3.534596248302477e-119,8.71863589500686e-147,1.1024744703715001e-23,0.0,1.0,2020-03-09
2.0056390426075403e-05,1.2781529166906513e-14,0.00039088082726924125,0.0,0.9995890627823192,2020-03-11
8.64728455106415e-310,0.0,1.384276495417323e-49,0.0,1.0,2020-03-12
0.0,0.0,0.0,1.0,5.920836757044985e-54,2020-03-13
1.4622534551245e-311,0.0,5.8698556449274015e-39,0.0,1.0,2020-03-16
3.111591053285414e-95,2.823327349925989e-261,7.437476028312476e-24,0.0,1.0,2020-03-17
0.0,0.0,4.846016723840789e-69,0.0,1.0,2020-03-18
3.2664112934210153e-272,2.061822861211909e-126,2.611693487226446e-139,0.0,1.0,2020-03-19
5.439176302283466e-87,0.0,1.1451892941551224e-270,0.0,1.0,2020-03-20
0.0,0.0,1.018965218032936e-206,0.0,1.0,2020-03-23
4.0175036390091564e-119,3.435888934966921e-72,1.1000444341604718e-126,0.0,1.0,2020-03-24
1.2466459365955079e-50,0.0,0.0,0.0,1.0,2020-03-25
4.2726271441155006e-51,8.63742131081357e-59,4.1029563486633184e-104,0.0,1.0,2020-03-26
2.660822240561321e-69,1.964492538788674e-168,5.073654083079812e-58,0.0,1.0,2020-03-27
7.975421486638591e-96,3.071122783294022e-41,1.5009323536216166e-32,0.0,1.0,2020-03-30
1.6432726854372476e-35,4.991823005771384e-28,2.956364028420432e-69,0.0,1.0,2020-03-31
8.561326668867995e-124,0.0,9.245866396783905e-15,0.0,1.0,2020-04-01
1.3541402040170725e-61,0.0,3.2537444211744125e-14,0.0,1.0,2020-04-03
4.250577163661588e-50,0.0,1.407931312395147e-289,0.0,1.0,2020-04-07
2.1468943023509344e-83,3.755385376993159e-39,7.253956995876088e-51,0.0,1.0,2020-04-08
1.2117075933538105e-12,7.781479634501237e-43,2.673405038388694e-58,0.0,0.9999999999990905,2020-04-09
7.090907263947633e-16,8.046515295016278e-16,0.013714242106896486,0.0,0.9862857578928049,2020-04-13
1.941941860801871e-41,6.97552585607346e-201,9.530904020419213e-21,0.0,1.0,2020-04-15
4.2481416917790163e-07,1.8772084128943217e-30,1.3109561502531818e-12,0.0,0.99999957518421,2020-04-16
2.7308531591648756e-15,1.790475535552576e-12,6.19584179523636e-36,0.0,0.999999999998181,2020-04-17
0.0001514146080860188,3.236877351128072e-48,0.0020704171176419957,0.0,0.9977781682746955,2020-04-20
2.0930656732926564e-25,3.625689797926158e-09,1.379765813756529e-13,0.0,0.9999999963738446,2020-04-21
9.677672508375319e-08,4.8584266792683896e-40,6.600908037653072e-33,0.0,0.9999999032234019,2020-04-22
0.0031145859644231026,3.0085693489994763e-05,5.0793948877635274e-11,0.0,0.9968553282912163,2020-04-23
2.5575055317101173e-14,0.0011245200794873442,4.4734285567365025e-05,0.0,0.9988307456353348,2020-04-24
0.010333955691631036,0.3623434333522755,1.0071770278618048e-07,0.0,0.6273225102382092,2020-04-27
0.0047043477196610116,0.440308278721515,3.866894459610796e-06,0.0,0.55498350666446,2020-04-28
0.13612641257533645,9.575402745802958e-41,6.529445103546522e-20,0.0,0.863873587424677,2020-04-29
1.00514794585667e-05,7.264652070941991e-25,1.4719764401134432e-31,0.0,0.9999899485206183,2020-04-30
2.478007434120547e-122,3.856421998197352e-292,4.6941959547411e-25,0.0,1.0,2020-05-04
2.68533656531881e-24,4.413931728523923e-205,3.4072675174028037e-08,0.0,0.9999999659276005,2020-05-05
1.3623915039984557e-11,9.257404754480801e-05,4.588544429840674e-12,0.0,0.9999074259346115,2020-05-06
4.798256748500874e-05,0.8544106347568198,0.07582728075526948,0.0,0.06971410192064517,2020-05-07
0.5979894969802967,2.9189023737002597e-59,4.9255357929234784e-06,0.0,0.4020055774836853,2020-05-08
5.835148146598234e-09,1.974498035825603e-12,9.057496393026816e-05,0.0,0.999909419198915,2020-05-11
1.811996473364665e-11,0.005154149905406051,2.687332267960569e-05,0.0,0.994818976754203,2020-05-12
0.015360215762693015,1.332781345149693e-157,1.8254429549884644e-34,0.0,0.9846397842370982,2020-05-13
2.81427493728265e-23,1.6222661224235946e-09,1.1145680225421514e-07,0.0,0.9999998869207112,2020-05-14
0.00028961259169556154,0.9085135134739855,0.010503650625603404,0.0,0.08069322330889639,2020-05-15
3.4785283859723978e-106,0.0,2.134911633845217e-15,0.0,1.0,2020-05-18
0.00045813858045457484,2.4958942761391697e-06,1.1090790218841185e-06,0.0,0.9995382564465595,2020-05-19
0.04911863650440767,1.6674587764019654e-104,6.57877480097936e-31,0.0,0.9508813634952165,2020-05-20
0.003205024536358052,0.9535854288202049,0.0006843657091401191,0.0,0.042525180934110875,2020-05-21
1.176377784982981e-09,0.2792957257331132,0.014517141403393151,0.0,0.7061871316866811,2020-05-22
4.809410306511902e-05,0.01010606473408446,0.025538321551712068,0.0,0.9643075196113646,2020-05-26
4.614261813957192e-10,2.481909239822769e-116,1.0205313896716379e-61,0.0,0.9999999995388862,2020-05-27
0.2624414133078709,1.5153461624781088e-32,4.397814423636015e-18,0.0,0.737558586692205,2020-05-28
0.002220402207248474,5.892114563524584e-47,1.4483066442509584e-12,0.0,0.9977795977913132,2020-05-29
6.216264466112162e-08,1.3830790536491655e-12,1.4134233640917212e-27,0.0,0.999999937836039,2020-06-01
0.07027105654870484,1.083278838430999e-09,6.051653946500403e-12,0.0,0.9297289423623004,2020-06-02
0.026917089826740317,0.815816000086122,4.414352280047966e-05,0.0,0.15722276656389347,2020-06-03
1.4630622695974988e-06,0.7914354247399564,0.0145931425158879,0.0,0.19396996968176702,2020-06-04
0.10648100159913515,0.8347518105452542,8.598930839742372e-06,0.0,0.058758588924825016,2020-06-05
0.0029612528891116204,3.595949421462717e-54,6.566715147809341e-05,0.0,0.9969730799593375,2020-06-08
1.2807760622454968e-20,7.204544032492397e-20,5.3103909299283184e-05,0.0,0.9999468960908235,2020-06-09
0.05404760031477806,0.9066797267690222,0.0005078973656095035,0.0,0.038764775550792704,2020-06-10
4.0973216210215605e-29,1.3662234123916774e-122,0.6366987463660213,0.0,0.3633012536339725,2020-06-11
8.868881978212213e-41,0.0,4.0517990875920924e-69,0.0,1.0,2020-06-12
1.6495350646293446e-18,4.708826835787615e-11,0.001322710959692548,0.0,0.9986772889935294,2020-06-15
4.291399815346646e-19,3.7342223265228336e-11,3.9397135875965884e-22,0.0,0.9999999999627107,2020-06-16
9.549340799136275e-07,0.4097343010924132,0.00426080933795395,0.0,0.5860039346357365,2020-06-17
0.021416642480764296,2.6830453061525555e-164,6.142726370179672e-37,0.0,0.9785833575190257,2020-06-18
0.048649842369459545,4.2468330526124656e-19,7.863042243092722e-14,0.0,0.9513501576308868,2020-06-19
0.019653677711923747,0.9421506818873175,0.000722980405900006,0.0,0.03747265999518183,2020-06-22
0.9371848090978356,1.6955112852600664e-20,1.501621986586163e-12,0.0,0.06281519090050418,2020-06-23
9.136703704362206e-26,5.278079911358554e-143,0.09100073998398568,0.0,0.9089992600159702,2020-06-24
3.269302045638003e-05,0.787966056295713,0.011346769432318009,0.0,0.20065448125159507,2020-06-25
0.0934979452082771,0.8970910311245059,0.0008564411889243079,0.0,0.008554582478005012,2020-06-26
0.00027088585531508255,0.8565801445644639,0.13872338089696543,0.0,0.004425588682918301,2020-06-29
0.03571933161782532,2.19455886872178e-05,0.9469153628666716,0.0,0.017343359926862426,2020-06-30
0.9929045369889614,1.607088029294036e-18,7.038535269751039e-09,0.0,0.00709545597230076,2020-07-01
0.9465472203523595,0.04994181798406864,2.1644865259032322e-05,0.0,0.0034893167979572325,2020-07-02
0.09762421257400047,0.8893547049954953,0.012840610695765548,0.0,0.00018047173449428343,2020-07-03
0.1888168452967951,0.7878284823136865,1.7202195315373978e-06,0.0,0.023352952170369493,2020-07-06
0.01701234647349727,0.9697242778352309,0.011415580426197426,0.0,0.0018477952651558107,2020-07-07
6.43577796729403e-08,1.7338471499141737e-16,0.9925251528314148,0.0,0.007474782810989711,2020-07-08
0.9534401791581439,0.04029310001613722,0.00030085556321144975,0.0,0.005965865262127938,2020-07-09
0.002146374489346116,0.9143015705995076,0.08311488294893087,0.0,0.0004371719617999482,2020-07-10
0.016155996805689056,0.9741390917182526,0.007909380852280715,0.0,0.001795530623408855,2020-07-13
1.687340267561256e-17,1.110578713877916e-39,0.9522111202917767,0.0,0.04778887970867756,2020-07-14
1.573214890105389e-08,0.0030713011764712675,1.8635811491850733e-05,0.0,0.9969100472796288,2020-07-15
0.0045876727796532995,0.45249983037342445,6.370718387066132e-07,0.0,0.5429118597747448,2020-07-16
0.9035027445323766,1.1542120882928662e-50,4.8530170962530604e-15,0.0,0.09649725546763745,2020-07-17
0.10761520552011941,0.8892503530975612,0.00022287462970856133,0.0,0.0029115667521974467,2020-07-20
0.34209553114567726,0.6484920159579916,0.0002317750825737609,0.0,0.00918067781366423,2020-07-21
0.0008285119628741135,3.1658539822313085e-05,0.932812304337925,0.0,0.0663275251596975,2020-07-22
0.9838957898639894,0.00031195743190064824,0.000964841728501171,0.0,0.014827410975827623,2020-07-23
0.0011611608339352195,0.960596027442488,0.037855238179199925,0.0,0.0003875735440206953,2020-07-24
0.0001553794832088582,4.762024953453558e-10,0.9965883138806247,0.0,0.0032563061602512724,2020-07-27
0.9911323893961034,1.7366690833572608e-57,9.257198614236394e-15,0.0,0.008867610604292465,2020-07-28
2.5960937806211817e-07,0.21958076041186117,0.7123056929651588,0.0,0.06811328701383268,2020-07-29
2.4254670238135035e-10,2.2674793913982143e-35,0.9415673349397273,0.0,0.05843266481754839,2020-07-30
0.012050377585140637,0.05257869562482253,0.928167709565891,0.0,0.007203217224407655,2020-07-31
8.628946709979595e-19,7.862702013493046e-104,0.8661635166865076,0.0,0.13383648331389383,2020-08-03
0.8825834197327939,1.2398420094546246e-34,1.544465226177229e-17,0.0,0.11741658026715641,2020-08-04
0.001379521802040833,0.9792239711412144,0.01310017538505554,0.0,0.006296331672101062,2020-08-05
0.050712317986478475,0.9448397597873452,0.00032813773838968175,0.0,0.004119784487630511,2020-08-06
0.028726763471547116,0.9341752281702879,0.03681658131536269,0.0,0.00028142704322823176,2020-08-07
0.06571529998336262,0.92255842184478,0.011042672460561904,0.0,0.0006836057112069449,2020-08-10
0.09802947420946953,0.8779915058707661,0.02348950011376602,0.0,0.0004895198056180845,2020-08-11
0.020943893982939204,0.9025394778250867,0.07620526772646584,0.0,0.0003113604653254578,2020-08-12
0.019174958717992293,0.9051075397059684,0.07539782688835156,0.0,0.0003196746880751494,2020-08-13
6.271916857555599e-14,5.8898576313631e-42,0.7719626894926248,0.0,0.2280373105068787,2020-08-14
0.04327577709053556,0.9447563304729629,0.0038796760047557412,0.0,0.008088216432008634,2020-08-17
0.9954987991407449,1.5167267772586115e-35,4.579443974397894e-10,0.0,0.004501200401711575,2020-08-18
0.4636970474675022,0.3324182867346484,0.2030593632062576,0.0,0.0008253025914459295,2020-08-19
0.0027867045171753864,0.925218931351329,0.06991045403726098,0.0,0.0020839100944128265,2020-08-20
0.5449497985885949,0.3945775097432126,0.05790705819948356,0.0,0.002565633468391221,2020-08-21
0.9603147701035177,0.03524676576945608,0.002394361592657771,0.0,0.002044102534135211,2020-08-24
0.02328110378841507,0.9374762951489801,0.039117749186954556,0.0,0.0001248518756412876,2020-08-25
0.0993506313979381,0.8971336370231633,0.0029135308607207053,0.0,0.0006022007177402658,2020-08-26
0.3758016592005014,0.1511738077993707,0.4703264249795597,0.0,0.0026981080204593116,2020-08-27
0.2692504717032067,0.7270727771859761,0.0026958136090033894,0.0,0.0009809375018376184,2020-08-28
9.277654002889549e-64,0.0,7.335709728975505e-11,0.0,0.9999999999263309,2020-08-31
0.0005522237621543169,0.4199822008357662,1.5082676328347619e-05,0.0,0.5794504927253694,2020-09-01
0.18212298340681324,0.7890492021469402,0.005223759502963606,0.0,0.02360405494306432,2020-09-02
0.047008202078672554,0.8157892593663222,0.1366020642598392,0.0,0.0006004742950776896,2020-09-03
5.400167365118174e-09,0.3315483795348482,0.015567487911694414,0.0,0.6528841271533853,2020-09-04
0.008342545760716318,0.9590457583974975,0.01616761677578911,0.0,0.01644407906582636,2020-09-07
0.0013080027092290771,0.598413408006254,0.3941806291131472,0.0,0.006097960171469859,2020-09-08
0.00947823917426856,0.22205068577364917,0.76569889992346,0.0,0.0027721751285433092,2020-09-09
0.9825554161996247,5.95501345378644e-07,1.7995175585296854e-08,0.0,0.01744397030397452,2020-09-10
0.0467008073612398,0.9172583381845293,0.03590406775520509,0.0,0.00013678669929744616,2020-09-11
0.001672126870184379,3.7825979393209e-05,0.9176366364663268,0.0,0.08065341068448173,2020-09-14
0.11178909059212987,0.8835554626411355,0.0033220641625205157,0.0,0.0013333826044232106,2020-09-15
0.99245257374417,0.0015832980470104358,0.0033175284883606867,0.0,0.0026465997208333257,2020-09-16
0.0010777661695327105,0.9332304206954544,0.06524954989955072,0.0,0.0004422632354569055,2020-09-17
0.05117366105090064,0.0035824279475388508,0.9349987993937314,0.0,0.010245111607632255,2020-09-18
4.484933981868786e-36,2.3473450288912023e-143,0.14462204656621624,0.0,0.8553779534333564,2020-09-21
3.884724812714534e-10,2.6007311758631727e-28,0.4077390728257631,0.0,0.5922609267855409,2020-09-22
5.185776344670157e-07,7.226553806375184e-11,0.005222866288457636,0.0,0.9947766150612977,2020-09-23
2.367345810058653e-42,3.894683779901205e-152,0.00018696520891089047,0.0,0.9998130347909446,2020-09-24
0.006919694094563645,4.19074117193417e-24,2.0960812096816413e-22,0.0,0.9930803059057937,2020-09-25
0.4584145296321312,3.397657230061595e-07,1.0447401133965774e-09,0.0,0.5415851295570955,2020-09-28
0.10542014948840538,0.1932861644991779,0.6203414247574085,0.0,0.08095226125520626,2020-09-29
0.025000004469149507,0.9439238813413228,0.02966245972682577,0.0,0.0014136544625830173,2020-09-30
0.9392794566535644,0.02011731157185548,7.920254739413685e-06,0.0,0.04059531151993809,2020-10-01
0.04585081227835625,0.952203947302112,0.0006714014604814046,0.0,0.001273838958988859,2020-10-05
0.8483913727246671,0.13173064808573984,6.141699221588103e-06,0.0,0.019871837490228018,2020-10-06
0.23951249674412145,0.7564760165915662,0.002112427565906301,0.0,0.0018990590983092171,2020-10-07
0.08163015561811772,0.9155983582825209,0.0013267228495661546,0.0,0.0014447632496064032,2020-10-08
0.38523224904780273,0.6074880844809152,0.0033247779543028743,0.0,0.003954888517337979,2020-10-09
0.002813351892680879,0.9869953626015957,0.009331967352967641,0.0,0.0008593181526977506,2020-10-12
0.026857651937936527,0.9069804918792183,0.06567162807130705,0.0,0.0004902281110919402,2020-10-13
0.0022190968545831666,0.9919768325566827,0.002563552556101994,0.0,0.003240518032738079,2020-10-14
3.5670814398452597e-57,0.0,1.7660260850370274e-07,0.0,0.9999998233970628,2020-10-15
0.028045428440432105,0.949342427521314,0.0004652604644328786,0.0,0.022146883574173694,2020-10-16
0.12675132745485723,0.8686360796699572,0.0025844821666223825,0.0,0.002028110708721818,2020-10-19
0.023289413884916874,0.9551176165283011,0.02127182698850197,0.0,0.0003211425984340838,2020-10-20
3.382853225330439e-06,0.38216665106446684,6.599388844597302e-05,0.0,0.6177639721939215,2020-10-21
0.0026890252130288366,0.9042762338731803,0.08157617562586619,0.0,0.011458565288286818,2020-10-22
0.07373393462144684,0.8890937169658015,0.036810050818154125,0.0,0.0003622975948422368,2020-10-23
8.229885184879922e-15,8.85208047950349e-43,0.9792345217416091,0.0,0.020765478258351067,2020-10-26
0.7460086655858021,0.1318600182469904,3.2382894653584535e-05,0.0,0.12209893327299129,2020-10-27
2.392315907160627e-16,1.12454372531964e-68,0.8940858007426881,0.0,0.10591419925771972,2020-10-28
0.00023349622784055784,0.8813281272611552,0.11499197056691954,0.0,0.0034464059440324265,2020-10-29
1.7402314230445303e-06,0.8995066098837506,0.010511091516404641,0.0,0.08998055836863099,2020-10-30
0.0013038148519352681,0.98587597304665,0.004492251311518104,0.0,0.00832796079021765,2020-11-02
0.9948859762038937,3.665250164794248e-07,2.664217177129008e-06,0.0,0.005110993053745681,2020-11-03
0.9960621535362028,1.0379677358684668e-18,6.211353728219298e-06,0.0,0.003931635110048819,2020-11-04
0.8586391354233648,0.0773422019935773,1.7067078145021896e-07,0.0,0.06401849191234607,2020-11-05
0.9961810730608877,2.8899582203743733e-13,1.378934017301746e-07,0.0,0.00381878904518791,2020-11-06
0.9439797156525291,0.036646160779821274,7.795700220772152e-07,0.0,0.019373343997503532,2020-11-09
0.6863117192659789,0.27467306659690566,7.858359514378427e-07,0.0,0.03901442830126377,2020-11-10
0.026063048686927732,0.9471714346368231,1.1998744211491031e-05,0.0,0.026753517931982534,2020-11-11
0.002748006372107901,0.8794224172962605,0.11652213729709042,0.0,0.0013074390343380297,2020-11-12
0.1006423952154957,0.834454044807277,0.0634734155988931,0.0,0.0014301443782031786,2020-11-13
0.42085859035793605,0.5699709108143775,2.6130170132267384e-05,0.0,0.009144368657123723,2020-11-17
0.9629590883642587,0.010186165835411246,0.023205288148336712,0.0,0.0036494576520841706,2020-11-18
1.932672114560461e-09,0.45397568155294155,0.31199124493180125,0.0,0.23403307158221076,2020-11-19
0.022311577657127296,0.9688444642026669,0.0004967668251924927,0.0,0.008347191314779427,2020-11-20
0.026874246255330983,0.969288646729586,0.002901992369196864,0.0,0.0009351146456768909,2020-11-23
0.5340067342023427,0.4619545608265186,0.0008042812898679199,0.0,0.003234423681104463,2020-11-24
9.684166559936997e-24,7.700915816433707e-156,0.15335898895059716,0.0,0.8466410110497443,2020-11-25
0.002391753798394462,0.1785543115152442,3.485904847575721e-07,0.0,0.8190535860958061,2020-11-26
0.00536885610208759,0.9445786594815901,0.04320418295116434,0.0,0.0068483014647587,2020-11-27
0.05709047204197389,0.934716538995517,2.257796222979729e-05,0.0,0.008170411000514473,2020-12-01
0.007909044756876255,0.9480520137230026,0.04277642471879509,0.0,0.001262516801644005,2020-12-02
0.6043659593197106,4.25654617383635e-06,0.3889746680116054,0.0,0.006655116122751443,2020-12-03
0.9972463337051986,0.0003510609209792371,0.00017251765546860882,0.0,0.0022300877183954,2020-12-04
0.9984735574606157,1.6543077155309633e-07,0.0006768967168650523,0.0,0.0008493803913105158,2020-12-07
0.0352080794257899,0.9465778895587427,0.018032707481523726,0.0,0.00018132353390814488,2020-12-08
0.9951358670967605,0.00030860740080476066,0.00029388921590987443,0.0,0.004261636286513425,2020-12-09
0.008571831751871333,0.9086802782359901,0.08252312741313225,0.0,0.00022476259883740904,2020-12-10
0.00504416108137628,0.9824562241858128,0.009376188596890926,0.0,0.0031234261359768677,2020-12-11
0.039953837178858156,0.939340873172069,0.020089456099786622,0.0,0.0006158335489790662,2020-12-14
0.010180536100139932,0.9540159840627481,0.035089652042132914,0.0,0.0007138277948797618,2020-12-15
0.11370186180665708,0.8816709797652139,0.0036507295603735207,0.0,0.0009764288681026144,2020-12-16
0.0675681977212201,0.9165352991959298,0.015580839044563343,0.0,0.00031566403794715947,2020-12-17
0.03909675177460875,0.9091122685018443,0.051294472631184605,0.0,0.0004965070926299054,2020-12-18
4.692487336764966e-90,5.252637878067911e-171,1.1177416352028023e-15,0.0,1.0,2020-12-21
1.5072215091472666e-07,0.0015623590493851723,2.136447396456568e-11,0.0,0.998437490206809,2020-12-22
0.7552631808509626,1.6562563669436261e-12,8.803883596222168e-07,0.0,0.24473593875935182,2020-12-23
0.919947637517559,0.05424198751964867,5.146522169384282e-05,0.0,0.02575890974113379,2020-12-24
0.98969501416512,0.0035863801482910926,0.002507615168141137,0.0,0.004210990518541526,2020-12-28
0.06175661636730962,0.9272343108021625,0.010882642573757763,0.0,0.00012643025643669186,2020-12-29
0.04408018124373274,0.9353880192637083,0.019780385219132605,0.0,0.0007514142733379337,2020-12-30
0.04291695481781729,0.8779468395892162,0.07877085822061396,0.0,0.00036534737249637546,2020-12-31
0.0718181536091805,0.8817056895890213,0.04610802585074673,0.0,0.00036813095101108514,2021-01-01
0.01674092598961602,0.9735342397820438,0.00017599352097430668,0.0,0.00954884070735146,2021-01-04
0.9836955928836234,3.8146135794615167e-13,0.005947411536260973,0.0,0.010356995579958813,2021-01-05
0.0008162735507199325,0.1975334156958973,0.7917809964144877,0.0,0.00986931433933397,2021-01-06
0.10212713056817145,5.498937782086128e-20,0.8678380271537632,0.0,0.030034842277755592,2021-01-07
0.9758601669322111,0.00030344928650085306,3.877123312295684e-07,0.0,0.023835996069113196,2021-01-08
0.11451331379266369,0.8835984454256643,0.0008924075112869065,0.0,0.000995833270249173,2021-01-11
0.9535856265177727,0.024798681112360492,0.015844744484213448,0.0,0.0057709478855946785,2021-01-12
0.0007095857474487516,0.9834278636258322,0.014122991621532244,0.0,0.0017395590049217532,2021-01-13
0.01831042387563418,0.9631688246015373,0.018109330990905934,0.0,0.0004114205317780822,2021-01-14
2.0498920605803207e-10,8.090754083697151e-16,0.9770551600098437,0.0,0.022944839785505693,2021-01-15
4.05853043989315e-10,2.845959230427664e-28,0.9920995390596599,0.0,0.00790046053420053,2021-01-18
0.9905834509473199,1.039709512078913e-23,1.3330598447890135e-12,0.0,0.00941654905094876,2021-01-19
0.9988381742225053,2.1099498272938966e-08,0.00010211435428321651,0.0,0.001059690323324191,2021-01-20
0.00024071886436913685,6.123631571785243e-09,0.9853637474879748,0.0,0.014395527523693977,2021-01-21
3.2454873540676666e-16,9.06437181768522e-60,0.9825180741278543,0.0,0.017481925872448224,2021-01-22
2.8947973290792095e-12,3.3407083787309227e-97,0.560835669386391,0.0,0.43916433061040655,2021-01-25
6.33874931552934e-27,1.795387029878005e-133,0.23513629405915767,0.0,0.7648637059410637,2021-01-27
7.699560096557471e-07,0.4420238648050605,0.05038463513579939,0.0,0.5075907301030609,2021-01-28
1.6734429601082187e-25,1.1989729848065695e-168,0.0003556298860034778,0.0,0.9996443701143513,2021-01-29
1.232311674787504e-17,0.0,1.40815749911927e-135,0.0,1.0,2021-02-01
0.0018167356033649915,1.4093549725233826e-21,2.2549101494501882e-24,0.0,0.9981832643963761,2021-02-02
1.553161889642944e-06,0.010566694285705567,3.110735751953549e-09,0.0,0.9894317494415822,2021-02-03
0.4788611677266704,0.010488076041633326,0.0005643870631969668,0.0,0.5100863691689191,2021-02-04
0.013508062425220886,0.9701792668098497,0.01264087479753461,0.0,0.0036717959670027347,2021-02-05
0.259156539925275,0.7341935318667545,6.42373469819878e-05,0.0,0.006585690861284676,2021-02-08
0.0015100127069297207,0.9727092190753197,0.024834634180995078,0.0,0.0009461340364544404,2021-02-09
0.002082030082683956,0.9622642486202388,0.03334873966445331,0.0,0.002304981632209031,2021-02-10
0.9697116936377062,1.6899135531172265e-09,0.02490138936716462,0.0,0.005386915305083748,2021-02-11
0.0048212090023150595,0.9616013743181344,0.03332474256608342,0.0,0.0002526741137361788,2021-02-12
0.18981051723503622,0.8073332171600808,0.0010953294729124407,0.0,0.001760936132223201,2021-02-15
0.0024663235809448407,0.9711565242486219,0.02557249967063386,0.0,0.0008046524998953824,2021-02-16
0.0011223323417056973,0.35051150991575974,0.6452149683280936,0.0,0.0031511894142407753,2021-02-17
0.0001683541268972075,1.2426970055519851e-09,0.9972026338359334,0.0,0.0026290107946435755,2021-02-18
2.322269270132342e-07,0.22094415640094267,0.6861352711325608,0.0,0.09292034024002242,2021-02-19
1.0191131951579685e-32,4.936685434828558e-167,0.12720338493490047,0.0,0.8727966150650667,2021-02-22
0.005355474824085472,0.9189897925321703,0.007930867591984801,0.0,0.06772386505150754,2021-02-23
1.2638969334350891e-14,8.191212725095449e-25,2.114793282362002e-31,0.0,1.0,2021-02-24
0.05521097549856686,0.9224120395798424,0.0015102932808559405,0.0,0.02086669164112206,2021-02-25
1.4810233599867117e-68,1.6903915729812647e-179,2.1255862044829002e-06,0.0,0.9999978744140061,2021-02-26
0.04249755241784934,0.3048508933359665,4.783673192201187e-08,0.0,0.652651506409195,2021-03-01
0.0298392168417719,0.862358981916145,1.0409954110409545e-05,0.0,0.10779139128772251,2021-03-02
0.3653445879488422,4.865641939403288e-21,6.691993206697509e-19,0.0,0.6346554120515809,2021-03-03
1.0968661479919626e-07,0.5617038235239179,0.05499473419565753,0.0,0.3833013325942403,2021-03-04
2.0848021824187965e-07,0.6436658262250493,0.08134467686118996,0.0,0.27498928843319764,2021-03-05
0.0025827198793947534,0.9812960374408669,0.011187445862595752,0.0,0.004933796816732764,2021-03-08
0.02862078409544455,0.9635831814318833,4.8678617869638994e-05,0.0,0.007747355854996435,2021-03-09
0.07192093286900414,0.9170259592221065,0.010599089694177638,0.0,0.00045401821446800476,2021-03-10
8.870733121129358e-16,3.2658482824255277e-85,0.05775505445333491,0.0,0.9422449455467337,2021-03-12
5.330754620672981e-10,0.0033342850039147875,0.005562611648666056,0.0,0.9911031028146382,2021-03-15
0.04534809757191704,0.18485022540619217,0.5572759444042549,0.0,0.21252573261743873,2021-03-16
1.4409792859671195e-14,1.2557806023484888e-77,0.8901951129680138,0.0,0.109804887031911,2021-03-17
8.827545615889511e-20,5.5086531695110093e-95,0.010326688912389,0.0,0.9896733110872188,2021-03-18
5.034278037932121e-09,1.5655491039759253e-43,9.545235708566673e-22,0.0,0.9999999949659468,2021-03-19
0.0025161704772659185,0.9430330316219303,0.020745306162358267,0.0,0.03370549173849191,2021-03-22
0.023397762409507514,0.973144045925066,0.002120807110326164,0.0,0.0013373845550088822,2021-03-23
2.6944784449924583e-14,7.865474866635523e-28,0.9390008710042346,0.0,0.06099912899550858,2021-03-24
1.9953298493195056e-19,5.110211255695048e-76,0.9051656875622618,0.0,0.09483431243811227,2021-03-25
0.09221757070214648,0.8691182827674774,3.2594058339265046e-05,0.0,0.038631552471612006,2021-03-26
0.944702134665859,1.4085257348023095e-64,2.344130248346903e-25,0.0,0.0552978653337222,2021-03-30
1.0610580704191685e-06,4.1628090086415726e-19,0.9931645607523802,0.0,0.006834378189300144,2021-03-31
0.15193288387639992,0.8276593260415034,8.398208524839618e-06,0.0,0.02039939187349464,2021-04-01
3.7829860361008636e-22,9.329056376817372e-18,0.002408469164576136,0.0,0.9975915308352628,2021-04-05
0.0013964877938525372,0.9471196047004872,0.0010584752272993513,0.0,0.05042543227825865,2021-04-06
0.5173858462786743,0.261512135998716,8.116528687415601e-05,0.0,0.22102085243547884,2021-04-07
0.019582771606703867,0.9697985231082678,0.0073217507141823965,0.0,0.0032969545705769793,2021-04-08
0.005601861803204269,0.8962022147525923,0.09775602612351983,0.0,0.0004398973210645882,2021-04-09
9.74809276289391e-60,9.487301877856971e-173,7.22377711724398e-05,0.0,0.9999277622290961,2021-04-12
0.04963087752944706,4.8633374619697096e-08,2.4781884849812965e-10,0.0,0.9503690735894198,2021-04-13
0.00028512681197432845,0.664847526682283,5.044363113265127e-05,0.0,0.3348169028742176,2021-04-15
0.024889062045705967,0.9521588162611563,0.020065206083695726,0.0,0.002886915609586404,2021-04-16
9.022320004647285e-10,0.23464386648601535,0.011140743432953508,0.0,0.7542153891783452,2021-04-19
1.9570117589201385e-09,1.0644364058827167e-49,0.00368223344892884,0.0,0.9963177645939824,2021-04-20
0.035073030129071515,1.1148809556223678e-24,8.754357456391845e-08,0.0,0.9649268823272619,2021-04-22
7.18502342797242e-05,0.8798012795278869,0.03271726804389976,0.0,0.08740960219401198,2021-04-23
0.09873385843317391,0.8972535887542497,0.0002654209822712376,0.0,0.003747131830224263,2021-04-26
0.9950870974639696,7.276688928718977e-38,1.6815930558840419e-09,0.0,0.004912900854237037,2021-04-27
0.9986035793433403,1.055595629248048e-25,4.298245391613339e-11,0.0,0.001396420613502198,2021-04-28
0.0036044096587885066,0.9846490259696581,0.00814183758698034,0.0,0.003604726784481185,2021-04-29
2.1476486396481157e-13,3.82506373416079e-05,0.14524238360047248,0.0,0.8547193657619689,2021-04-30
0.0009966929843616835,9.219460705047359e-10,0.022608045793605175,0.0,0.9763952602998115,2021-05-03
3.292750600895966e-10,2.148590074454424e-34,0.5369487415018229,0.0,0.4630512581686775,2021-05-04
0.08612611572347423,0.8992697543502567,0.0016864560735012565,0.0,0.012917673853157006,2021-05-05
0.17509861122838,0.8216204418707111,0.0021939075502406566,0.0,0.0010870393509331121,2021-05-06
0.11641120020687477,0.8731744380600264,0.009760029868400508,0.0,0.000654331864633963,2021-05-07
0.11178970657712702,0.8795830656100248,0.007675670665950861,0.0,0.0009515571470386948,2021-05-10
0.002090318057427602,0.6452188169870847,0.3511296298545506,0.0,0.0015612351007281819,2021-05-11
3.777013854749965e-07,7.139570801411877e-14,0.9961534262193905,0.0,0.0038461960793073464,2021-05-12
0.0149918307802478,0.7106547830392871,0.272463226123658,0.0,0.0018901600570483737,2021-05-14
0.9929154145634809,7.706299749119712e-30,1.2981350247860165e-13,0.0,0.00708458543638973,2021-05-17
0.15051169730111624,0.8477951751875875,0.0001510642433431498,0.0,0.001542063268138229,2021-05-18
0.0025823027644161136,0.898344098047917,0.09843916924836685,0.0,0.0006344299393624389,2021-05-19
2.3592026598733573e-06,2.2107499494409705e-16,0.9971515197397963,0.0,0.002846121057802471,2021-05-20
0.9835700037633542,5.027170856088958e-61,2.3590133183945735e-17,0.0,0.016429996236295215,2021-05-21
0.044268246937905424,0.9202258754591601,0.035342807628141876,0.0,0.0001630699747963886,2021-05-24
0.3791896963509068,0.015366792727951212,0.6010225299083733,0.0,0.004420981012940823,2021-05-25
0.08833476721276676,0.9065265775717632,0.004745776938229973,0.0,0.0003928782769026928,2021-05-26
0.056704987833780786,0.9035158834009016,0.03941220126118441,0.0,0.00036692750404655647,2021-05-27
0.10907565230248435,0.8739156587401573,0.016351040324665406,0.0,0.0006576486323642403,2021-05-28
0.9816865570043067,2.6741721938845896e-09,5.0371561683024594e-06,0.0,0.01830840316531938,2021-05-31
0.020146866816551073,0.920204695766258,0.05945973933209749,0.0,0.00018869808534887462,2021-06-01
0.021216643771172917,0.9145643794432522,0.06383427180973254,0.0,0.0003847049758043966,2021-06-02
0.1114000755784097,0.8825801340885702,0.0054100542441166116,0.0,0.000609736088931955,2021-06-03
0.01898104644409391,0.9023514671986971,0.0783880690232992,0.0,0.0002794173338531735,2021-06-04
0.09063815097588994,0.8931799023351309,0.015772604964085384,0.0,0.00040934172457996913,2021-06-07
0.027377757911098657,0.9024210145788547,0.06993485704124676,0.0,0.0002663704690232322,2021-06-08
9.641517311146871e-06,3.6035986684136824e-06,0.9902038356247804,0.0,0.00978291925949299,2021-06-09
0.1457619272073839,0.8448043828788182,0.008689877349707767,0.0,0.0007438125638623857,2021-06-10
0.10279485050293369,0.858799520376681,0.037968966475081634,0.0,0.0004366626450429165,2021-06-11
0.0015543217546189602,0.9764430947470465,0.017797088420418924,0.0,0.004205495077812419,2021-06-14
0.10439996754336876,0.8382008884007917,0.05675758745501585,0.0,0.0006415566009983064,2021-06-15
0.0023319961828377565,0.05114014085152548,0.9434118967066166,0.0,0.003115966258689813,2021-06-16
0.0011746784015248502,0.8741960195701185,0.12378154399864075,0.0,0.00084775803016253,2021-06-17
1.0410352740013052e-06,0.7888036090049321,0.0017760755152258542,0.0,0.20941927444428676,2021-06-18
0.1443084053327026,5.50047376782324e-56,5.838521208628855e-05,0.0,0.8556332094550494,2021-06-21
0.06850284680341917,0.865442839030663,0.04669509053129444,0.0,0.019359223634973305,2021-06-22
1.4013194567246942e-05,5.494681614574978e-50,0.9352745193850925,0.0,0.06471146742028923,2021-06-23
0.17389924671030324,0.8179197955239942,0.00682038759377962,0.0,0.0013605701721828435,2021-06-24
0.08672615094667248,0.8913289815240555,0.021588910539015117,0.0,0.00035595699057054317,2021-06-25
0.020715732867126014,4.613212572220107e-09,0.9752781299347468,0.0,0.004006132584889543,2021-06-28
0.01315900395090391,0.5736121259377234,0.411910436198291,0.0,0.0013184339134789302,2021-06-29
0.015517583019447367,0.8448121309656031,0.13916251304580848,0.0,0.0005077729688240074,2021-06-30
0.052243463180574774,2.3983650445903207e-05,0.9429344517565224,0.0,0.004798101412579355,2021-07-01
0.07169487654071811,0.8782529956279871,0.049621742677241384,0.0,0.0004303851541501516,2021-07-02
0.14679023230956464,0.8447677638266696,0.007697038234915918,0.0,0.0007449656288133818,2021-07-05
0.02685016920339185,0.8861097434191351,0.08665316468641501,0.0,0.00038692269131969175,2021-07-06
0.22916916070346294,0.7272317446743577,0.04274457739612746,0.0,0.0008545172263167379,2021-07-07
1.383474191499749e-06,3.595714543514107e-08,0.9956675821639417,0.0,0.0043309984043385244,2021-07-08
0.0266361112639124,0.8345424611873795,0.13818178504132841,0.0,0.0006396425069642602,2021-07-09
0.10528315680562356,0.5799864162684227,0.3127799760794071,0.0,0.0019504508467251115,2021-07-12
0.10787595686091686,0.8816967387395613,0.009554872465466192,0.0,0.0008724319344391301,2021-07-13
0.05945542513274547,0.9108613288970743,0.02940682471089452,0.0,0.00027642125963338787,2021-07-14
0.19906909446439588,0.7685014578583316,0.03174010587639893,0.0,0.0006893418010334686,2021-07-15
0.04311991026938282,0.8873838150674115,0.06921691583950446,0.0,0.00027935882342267255,2021-07-16
0.00027405507436948447,0.9179622751017342,0.07134556460321602,0.0,0.010418105220510968,2021-07-19
0.0005533146608857946,0.42429262946174456,0.570979354162864,0.0,0.004174701714402142,2021-07-20
0.9898559006988672,4.850758924361635e-07,2.1551884356471165e-05,0.0,0.010122062340834424,2021-07-22
0.04170383178401572,0.9289622512097923,0.02914668284325117,0.0,0.00018723416337509152,2021-07-23
0.022151762671201215,0.8905925360979201,0.08690500600737783,0.0,0.0003506952237987098,2021-07-26
0.0008346934239455665,6.4647671193210435e-06,0.9961233287008673,0.0,0.003035513107922165,2021-07-27
2.2876216742364995e-05,0.9573387307315195,0.025853481991896517,0.0,0.016784911060045805,2021-07-28
0.0966194210207138,0.8718050057121899,0.031029327655016144,0.0,0.000546245611672735,2021-07-29
0.017550686988779467,0.9149367187603658,0.0672439612188685,0.0,0.0002686330318519481,2021-07-30
0.10183067619982372,0.8819786367828735,0.01488374392717553,0.0,0.001306943090201277,2021-08-02
0.9945485990590727,1.4087307799439814e-27,2.078601077351208e-12,0.0,0.005451400939034525,2021-08-03
0.5303055291067564,0.46542622635438075,0.0035579631634287522,0.0,0.0007102813751787986,2021-08-04
0.040192440803661356,0.928737974857058,0.030760554103834454,0.0,0.0003090302354240901,2021-08-05
0.03100483763964422,0.3548442076888779,0.6123614413825229,0.0,0.0017895132889063818,2021-08-06
0.026130461802378716,0.9282801609663347,0.045146758534635394,0.0,0.00044261869633668795,2021-08-09
0.020905749591717482,0.9398474151407965,0.03861078780018794,0.0,0.0006360474669762405,2021-08-10
0.005693223334016559,0.9626912346757546,0.0310896716834403,0.0,0.0005258703064850799,2021-08-11
0.7031822623962245,0.22697422451160532,0.0669593799468417,0.0,0.0028841331456541126,2021-08-12
0.9980854618748447,3.8322491503665347e-22,1.0215311495767336e-06,0.0,0.0019135165936873192,2021-08-13
0.05461484060191922,0.917736786485729,0.02756515883804088,0.0,8.321407407276898e-05,2021-08-16
0.22277506561953586,0.712488241918747,0.063710097649519,0.0,0.0010265948118270145,2021-08-17
0.01286797574771817,1.5180767270137919e-09,0.9834053133330604,0.0,0.003726709401034477,2021-08-18
0.0017532900710680768,0.4755306853615377,0.519759865247709,0.0,0.0029561593200125216,2021-08-20
0.28650761972037364,0.5767854149869456,0.12616093743250256,0.0,0.010546027860107408,2021-08-23
0.16900416688387973,0.8285927374189499,0.0014131072432320736,0.0,0.0009899884542438689,2021-08-24
0.0500796995946084,0.8855846175297906,0.06404653997484472,0.0,0.00028914290101338184,2021-08-25
0.06209600784166189,0.8489904626961693,0.08849561534068548,0.0,0.00041791412126898435,2021-08-26
0.06622731422843509,0.9218678196706653,0.011399888245670016,0.0,0.000504977855461774,2021-08-27
0.9962560984287024,2.75524571755145e-23,2.4267377293995416e-09,0.0,0.003743899144986111,2021-08-30
0.9986350323980985,7.492890647807335e-26,2.5545135288072927e-09,0.0,0.0013649650478060472,2021-08-31
0.014628726413044966,0.0002552422051273102,0.9838930964852383,0.0,0.0012229348963970228,2021-09-01
0.9968777139075775,4.452721871158573e-12,2.242710419261064e-05,0.0,0.0030998589839228777,2021-09-02
0.16481323900106426,0.8251352390388067,0.009858895052441368,0.0,0.00019262690796178838,2021-09-03
0.08012919794267184,0.8798999127973878,0.039642689115608115,0.0,0.00032820014409815844,2021-09-06
0.01165670732345585,0.9290132492032456,0.05901407942571265,0.0,0.00031596404722939353,2021-09-07
0.025620003661128703,0.898841131096821,0.07516214538934084,0.0,0.000376719852284508,2021-09-08
0.2901821650255071,0.3425258267979041,0.3646810942359514,0.0,0.0026109139409623695,2021-09-09
0.039110333446120304,0.865813119860637,0.0947084882103451,0.0,0.0003680584825858145,2021-09-13
0.07931842148096066,0.8428066063537243,0.07736631389639369,0.0,0.0005086582688631797,2021-09-14
0.9941739295771078,2.7596897381202586e-19,9.419937150611692e-05,0.0,0.005731871051458767,2021-09-15
0.9831218531389282,0.006631766787491543,0.009262110755087297,0.0,0.0009842693188554334,2021-09-16
0.0037173525102595687,0.039361479151442044,0.9457974334254502,0.0,0.011123734912570236,2021-09-17
1.694944848125295e-07,0.7655860473516949,0.15165751319135634,0.0,0.0827562699620549,2021-09-20
0.4355643805227576,0.4687039686897487,8.609899853630325e-05,0.0,0.0956455517886824,2021-09-21
0.033999477795049526,0.9007482562773721,0.06468220839486052,0.0,0.000570057532383789,2021-09-22
0.9925685260403976,3.0648447610474934e-16,4.467202135888161e-10,0.0,0.007431473513021927,2021-09-23
0.040062388862819244,0.9339489254244646,0.025897570592528445,0.0,9.111511997007471e-05,2021-09-24
0.13242567163603652,0.5484870321805538,0.317610416595078,0.0,0.0014768795879298517,2021-09-27
5.65647376547395e-07,0.0008825934390202551,0.7203843642585492,0.0,0.2787324766551275,2021-09-28
0.003811898396083426,0.9176329315611184,0.0763648788723752,0.0,0.0021902911707482606,2021-09-29
0.003478523620254068,0.001364744577688436,0.9925642841326822,0.0,0.0025924476689847173,2021-09-30
0.014417952127560812,0.8434383480831933,0.14103200100324706,0.0,0.0011116987858892763,2021-10-01
0.34140513520728955,0.6553885255460291,0.0006498081583422081,0.0,0.002556531088419395,2021-10-04
0.9961444685686086,1.6764254988961901e-21,4.9532260708503884e-05,0.0,0.003805999170922069,2021-10-05
2.4317959718545624e-09,4.113499338231662e-37,0.9972669522485011,0.0,0.002733045320040979,2021-10-06
0.11470633494159614,0.8764743039056948,0.007657542249581608,0.0,0.0011618189028568084,2021-10-07
0.11562035549359048,0.8660289765697622,0.01776424930097469,0.0,0.0005864186355871298,2021-10-08
0.03026088153950808,0.953328179277028,0.015510676096060461,0.0,0.0009002630878543807,2021-10-11
0.22044248647506412,0.6852188400697089,0.09317796025821753,0.0,0.0011607131967605534,2021-10-12
0.22588188009947796,0.7720655503639244,0.0007065700925694699,0.0,0.0013459994438766998,2021-10-13
0.6887239887143513,0.303855295886447,0.002779207258963565,0.0,0.0046415081405124054,2021-10-14
0.10387545978813267,0.8896617422749057,0.006052420071306602,0.0,0.0004103778652047602,2021-10-18
0.001874350948709618,4.862399754755057e-24,0.9840651351258249,0.0,0.014060513925691277,2021-10-19
9.597339689327932e-07,6.337677926071589e-15,0.9962791857307478,0.0,0.0037198545355569316,2021-10-20
3.5621110873287075e-06,8.252815438942753e-14,0.8979047036509984,0.0,0.10209173423820068,2021-10-21
0.0002484107630671838,0.36557132282781474,0.5644184697654546,0.0,0.06976179664327761,2021-10-22
0.0021528034465934415,0.9441549976063895,0.0355851644509051,0.0,0.01810703449606512,2021-10-25
0.9624172420491127,0.027417458427924517,0.001090304122043649,0.0,0.009074995401027566,2021-10-26
0.012255330631945508,0.60691275633771,0.3800974477385296,0.0,0.0007344652916279293,2021-10-27
1.6053851357621193e-25,1.883290945181051e-108,0.8576290386403117,0.0,0.14237096135997138,2021-10-28
5.220417998661274e-09,1.605849469384285e-07,0.9105473180844464,0.0,0.08945251611023677,2021-10-29
0.9086444813481384,4.617640804909242e-06,1.2342796651637661e-08,0.0,0.09135088866845878,2021-11-01
0.024082271220613283,0.6417711895617721,0.3319758250450919,0.0,0.002170714172477043,2021-11-02
0.0025642311256943284,0.019624179213017803,0.969482636150875,0.0,0.0083289535104873,2021-11-03
0.0809748219879685,0.8736401221054139,0.0443918663694962,0.0,0.0009931895370581438,2021-11-04
0.017175939757928485,0.9684598529629164,0.00014701397381725823,0.0,0.014217193305101239,2021-11-08
0.01735431907959823,0.9085061318283513,0.07379738768661608,0.0,0.00034216140511400653,2021-11-09
0.011538110193038133,0.9164066372425897,0.07173330162293447,0.0,0.00032195094140309257,2021-11-10
0.00042500282920323213,0.07755071888268913,0.9170007389536712,0.0,0.005023539334851247,2021-11-11
0.9856711548761732,0.000262072041179249,1.3880000593346185e-06,0.0,0.014065385082161463,2021-11-12
0.025027709622373055,0.9386282231939197,0.03621942920522243,0.0,0.0001246379780879028,2021-11-15
0.0004647515398306453,7.247821944712685e-09,0.9970945177343931,0.0,0.0024407234779997354,2021-11-16
0.002328239986260387,0.8695500825355177,0.1272996577389956,0.0,0.0008220197391479851,2021-11-17
9.22648592392109e-06,0.005265409247014719,0.9809138285306547,0.0,0.013811535736634278,2021-11-18
4.218109223934333e-33,2.2020784015272506e-100,0.024547876523914124,0.0,0.9754521234765062,2021-11-22
0.004546813369461177,6.4723936890810974e-21,5.808970484674064e-06,0.0,0.9954473776598023,2021-11-23
0.00012829557494853432,0.00019393532542369405,0.6319110168075227,0.0,0.36776675229252714,2021-11-24
0.9279540609842848,0.006260964385655731,0.002324292592094292,0.0,0.06346068203833602,2021-11-25
6.34995464857212e-38,1.2183902551204276e-110,0.015834912504901946,0.0,0.9841650874953172,2021-11-26
2.9723746851294195e-10,0.001716887122291287,2.3134060017281596e-07,0.0,0.9982828812401294,2021-11-29
8.623067759798143e-13,0.002125647168135322,4.518517224093182e-06,0.0,0.9978698343133513,2021-11-30
0.13208588678823396,0.796988711580029,8.262503413735523e-05,0.0,0.07084277659769071,2021-12-01
0.9891895301132185,6.833792537454041e-40,2.243127259235974e-12,0.0,0.010810469884398714,2021-12-02
5.815957952846526e-12,1.986314831840063e-37,0.9940115219641867,0.0,0.005988478030058417,2021-12-03
2.2770253992612555e-21,4.427975993591672e-124,0.7794905355540624,0.0,0.2205094644457469,2021-12-06
0.4645733823528985,0.00033076275770673965,2.3487897333406396e-09,0.0,0.5350958525408919,2021-12-07
0.8673811009652018,2.089091496061551e-26,5.358172151199701e-12,0.0,0.13261889902929325,2021-12-08
0.033463327682523976,0.947002040857428,0.018379772079832248,0.0,0.0011548593799438646,2021-12-09
0.023274647258049543,0.9146417486081595,0.061792000147751776,0.0,0.0002916039860930905,2021-12-10
1.8733670417314137e-09,5.039071834199375e-73,0.8989345447395031,0.0,0.10106545338693368,2021-12-13
0.006126022375605675,0.8987190445729565,0.09420663492920818,0.0,0.0009482981223853328,2021-12-14
0.001493401902192323,0.0005042017991462044,0.9953553531784232,0.0,0.002647043120247083,2021-12-15
0.5126985128875069,3.7898629168380103e-05,0.47181836634775226,0.0,0.015445222135389097,2021-12-16
4.552540869096787e-19,1.677472422983474e-103,0.9147509555030837,0.0,0.08524904449711099,2021-12-17
2.710806705905969e-28,1.204979330524127e-16,5.216278848157834e-05,0.0,0.9999478372118699,2021-12-20
0.0037468979253095945,0.5737177021523802,7.568703432635853e-06,0.0,0.4225278312186754,2021-12-21
0.9401323827071335,0.017833998626413976,0.0001055010243445552,0.0,0.041928117641687634,2021-12-22
0.11485742347307654,0.876994673708377,0.007583906607946075,0.0,0.0005639962104749509,2021-12-23
0.00038035726647269965,7.93383699103575e-07,0.9887699621579573,0.0,0.010848887192118357,2021-12-24
0.5433525785844343,0.0017713255864928242,0.01596334373459302,0.0,0.4389127520946515,2021-12-27
0.40612067652594863,0.5689887173857188,0.004252060137842209,0.0,0.020638545950218763,2021-12-28
0.03376286599482223,0.8811459223829036,0.08469763978377055,0.0,0.00039357183883069707,2021-12-29
0.03564119397099903,0.8724482498414273,0.09148008040826655,0.0,0.0004304757791775693,2021-12-30
0.9968222111797016,2.498339150738252e-05,0.0003418399818903046,0.0,0.00281096544683015,2021-12-31
0.9961794841633514,4.240772920829344e-69,2.1778202602041507e-16,0.0,0.0038205158362995283,2022-01-03
0.9866266875416094,0.007292472176196099,2.5824787544962372e-05,0.0,0.006055015494227644,2022-01-04
0.8975211442603306,0.09688286349806927,0.0035072987853308987,0.0,0.002088693456087376,2022-01-05
0.000371100810557248,0.9436089827899633,0.05388960582010281,0.0,0.0021303105790797324,2022-01-06
0.01928773809955063,0.9704725550158868,0.008972687934259494,0.0,0.0012670189504313573,2022-01-07
0.9873039546503648,0.007338092492693361,0.000255007842965603,0.0,0.00510294501364642,2022-01-10
0.10823054097638676,0.8603727705710177,0.03124271189760741,0.0,0.0001539765545541493,2022-01-11
0.12432524876802678,0.8716523950395939,0.00310159994420663,0.0,0.0009207562484896299,2022-01-12
0.08395872873380045,0.8620527101188974,0.053590264824187495,0.0,0.00039829632282319864,2022-01-13
0.021162659081499363,0.9010815704820067,0.07729610940758302,0.0,0.0004596610288308502,2022-01-14
0.7128633576802311,0.025499626001331044,0.25708172469718144,0.0,0.004555291621146863,2022-01-17
4.105619860966467e-10,3.7880732327248966e-46,0.9950186921317865,0.0,0.004981307457317794,2022-01-18
3.240457454251335e-08,2.798949764618445e-26,0.9964041815986612,0.0,0.0035957859964868884,2022-01-19
1.3151643845613492e-08,5.880552539229491e-08,0.9764632876529842,0.0,0.023536640389570433,2022-01-20
3.464676710732547e-05,0.8161784781625779,0.16790552441906664,0.0,0.015881350651195555,2022-01-21
6.614938919295027e-52,7.094269027579763e-130,6.156588382259642e-05,0.0,0.9999384341161721,2022-01-24
4.80344317324597e-09,1.6247887621155268e-26,7.24810592465025e-14,0.0,0.999999995196049,2022-01-25
8.547650212695356e-11,0.02540268394625597,0.0012339110257490117,0.0,0.9733634049428147,2022-01-27
6.466644122504632e-05,0.28687109781142,0.008421138304910118,0.0,0.7046430974422631,2022-01-28
0.07911237837742391,0.8050806540359183,1.4879147098144932e-05,0.0,0.11579208843948018,2022-01-31
6.208608505045341e-07,0.002029855878982942,5.980358850341253e-12,0.0,0.997969523253925,2022-02-01
0.558302811128263,0.17318127773607922,0.00018100086345330816,0.0,0.26833491027202744,2022-02-02
5.908240445226565e-11,7.34664207650866e-32,0.9710223626148035,0.0,0.028977637326207204,2022-02-03
0.01479716250895479,0.6544455020055251,0.3293598248498289,0.0,0.0013975106360872777,2022-02-04
8.59373458422301e-21,2.70564709824132e-25,0.1603422114582846,0.0,0.839657788541778,2022-02-07
0.0006736236276107553,0.7747304995770238,0.0017046383788470348,0.0,0.22289123841625,2022-02-08
0.9773129087188851,0.0007521432447741555,7.156503543185263e-05,0.0,0.021863383000673385,2022-02-09
0.03363925186899577,0.9649626155472231,0.00019241205929167705,0.0,0.0012057205249389232,2022-02-10
3.078654164162729e-05,0.5590667132409314,0.3758171208490696,0.0,0.06508537936876035,2022-02-11
3.1683035818151376e-32,9.733722425144786e-57,4.56223097949065e-05,0.0,0.9999543776905683,2022-02-14
3.374759914831416e-05,2.173022275576633e-143,1.8328948874422503e-55,0.0,0.9999662524006737,2022-02-15
0.0006159675723484266,0.8865229444403381,0.037869600084061025,0.0,0.07499148790345926,2022-02-16
0.01347341671851344,0.7141504900634853,0.2657617249121092,0.0,0.006614368305644604,2022-02-17
0.006234508854147956,0.9257208643172599,0.06759707174630629,0.0,0.0004475550826155173,2022-02-18
8.174037398156952e-06,0.9164511148429659,0.046354571537884685,0.0,0.03718613958163924,2022-02-21
5.908768760537992e-08,1.762104703183356e-49,0.9032648506735161,0.0,0.09673509023876845,2022-02-22
0.02406084117948806,6.208043866153847e-08,0.9624507037545393,0.0,0.013488392985162332,2022-02-23
3.9832548241133287e-82,1.9781434294943863e-71,1.9136246662664998e-21,0.0,1.0,2022-02-24
0.0001876386697971611,4.2584513225596415e-10,6.602907332275368e-21,0.0,0.9998123609043076,2022-02-25
1.6011222502002827e-07,2.064855571012938e-52,3.3060260368917572e-15,0.0,0.999999839888018,2022-02-28
1.7555014440808274e-06,0.45987688286992284,0.023504037909929047,0.0,0.5166173237191124,2022-03-02
1.7015616285593164e-08,9.612616043275017e-32,0.3988070653058836,0.0,0.6011929176786208,2022-03-03
3.2171502211335326e-15,0.0010271594377486996,0.0008888663529887525,0.0,0.9980839742096757,2022-03-04
1.2427747636408467e-17,6.484455273554909e-06,1.0348318135582269e-08,0.0,0.9999935051966442,2022-03-07
0.003429947533221768,1.7977369198350796e-53,1.0232290243195013e-12,0.0,0.9965700524658444,2022-03-08
1.7255671661599948e-05,2.5513617533795968e-37,4.471272350809698e-27,0.0,0.9999827443286414,2022-03-09
0.010972683150861664,6.225664017359866e-09,1.4493860345912178e-12,0.0,0.9890273106220115,2022-03-10
0.031909983546236635,0.6624704324475523,0.027883672352635974,0.0,0.27773591165336536,2022-03-11
0.9506227981267844,1.718588329857847e-58,6.0104056805460595e-15,0.0,0.04937720187302272,2022-03-14
1.6069209436685296e-14,6.750954004724615e-29,0.7795978327020919,0.0,0.22040216729805337,2022-03-15
0.5409000736846565,7.480906405255114e-05,5.459727605457881e-09,0.0,0.45902511179135197,2022-03-16
0.23539728220915945,0.050795271716217935,1.190069893427786e-08,0.0,0.7138074341738472,2022-03-17
1.846749174711336e-09,9.802433716563767e-43,0.8542102957545414,0.0,0.1457897023990575,2022-03-21
0.32549045770322715,3.838610866979465e-12,9.179934287047547e-09,0.0,0.6745095331131381,2022-03-22
0.0004327587910852244,3.9223914740706956e-11,0.8443390062105381,0.0,0.15522823495896743,2022-03-23
0.03364794762600301,1.3619143581492395e-05,0.9449362572313881,0.0,0.021402175999359185,2022-03-24
0.0008732027013947219,8.897892538507843e-07,0.9933527220935943,0.0,0.005773185415777865,2022-03-25
0.005809001027285413,0.9868804225088824,0.0036152648116804607,0.0,0.0036953116524302706,2022-03-28
0.09738688072126461,0.8910671444835407,0.011042517590422168,0.0,0.0005034572049168508,2022-03-29
0.11278286813988439,0.8849307602614324,0.0007557168904674602,0.0,0.0015306547080002314,2022-03-30
0.018674406217142166,0.8655367420534856,0.11541166770641989,0.0,0.0003771840227712218,2022-03-31
0.9890500971347297,1.5159180216762004e-48,2.7840155646997553e-11,0.0,0.010949902837325163,2022-04-01
0.9769106535974518,4.421924535548813e-41,2.683827885525825e-21,0.0,0.02308934640279628,2022-04-04
0.001698786372026954,3.9442684601732983e-07,0.9965102275373946,0.0,0.0017905916640463214,2022-04-05
0.0013669378725569554,0.901441162393735,0.09495454432342504,0.0,0.0022373554100436586,2022-04-06
0.00022752150963572528,0.23075278817545228,0.7599541351683252,0.0,0.009065555146910192,2022-04-07
0.055986803041826315,0.935753466964097,0.0001674312283542851,0.0,0.008092298766095456,2022-04-08
0.004613151680522286,0.6353709032338718,0.3581192109820927,0.0,0.001896734103888331,2022-04-11
0.00038563834767644606,0.8612757360996677,0.1363554209199514,0.0,0.001983204632703962,2022-04-12
0.005258461164966842,7.328583709921072e-05,0.9898628904556246,0.0,0.0048053625426355915,2022-04-13
3.131865816918015e-07,0.36817457071694965,0.006229879009694056,0.0,0.6255952370868691,2022-04-18
3.2723974841050326e-20,3.4195822991669086e-52,0.007808941912765824,0.0,0.9921910580876817,2022-04-19
0.24221629104506615,0.4709399067746831,2.5644828663739207e-05,0.0,0.286818157351522,2022-04-20
0.976331362608269,5.734772285870142e-20,3.4178236021316594e-10,0.0,0.02366863705018034,2022-04-21
1.4473439941566984e-05,0.8014446930863007,0.1796987574221062,0.0,0.01884207605197828,2022-04-22
9.837402097814884e-06,0.8857053850835566,0.08699802656413003,0.0,0.027286750949763367,2022-04-25
0.7140810168355546,0.25058769437250006,5.504669657599236e-06,0.0,0.03532578412203565,2022-04-26
0.0001939347776136775,0.9284611196291498,0.06815652202791847,0.0,0.0031884235654692982,2022-04-27
0.027575185447484878,0.9260037867863292,2.0577003994328606e-06,0.0,0.046418970066164515,2022-04-28
2.3245490765907923e-09,3.869567233163946e-31,0.9486585352258877,0.0,0.05134146244991051,2022-04-29
0.017990561873965315,2.1865873108797042e-17,0.9654543883989578,0.0,0.01655504972736476,2022-05-02
1.5998266504200815e-42,7.677341823652594e-195,0.01095084023207908,0.0,0.9890491597675726,2022-05-04
0.0007393189619423543,4.16123922293615e-11,0.010742106761588252,0.0,0.9885185742344277,2022-05-05
2.366550133683362e-07,0.08200189659956914,0.00044450438819463835,0.0,0.9175533623569322,2022-05-06
5.745143421341505e-07,0.6221477118277624,0.03603574483524936,0.0,0.34181596882260434,2022-05-09
0.0002496787049761395,0.9150584650807692,0.06823027322011287,0.0,0.01646158299433979,2022-05-10
6.97263837239728e-08,0.47710154107136393,0.029482482700146945,0.0,0.4934159065017858,2022-05-11
2.627843040799893e-22,8.434207639355113e-35,0.052034784520135,0.0,0.9479652154800926,2022-05-12
1.390367644787233e-07,4.8599801156739615e-17,0.0006317699029969243,0.0,0.9993680910601292,2022-05-13
0.0007067268539169159,0.7993424773730069,0.0005769048895934339,0.0,0.19937389088377178,2022-05-16
0.2974940457820341,2.6398589257757805e-176,1.9732030509998326e-43,0.0,0.7025059542176648,2022-05-17
0.006226634209165775,0.8812280121103633,0.08952592320646333,0.0,0.023019430474239967,2022-05-18
1.447685454719254e-18,9.651802473822503e-08,1.2251118150937482e-06,0.0,0.9999986783704664,2022-05-19
0.007094695608407337,3.603719253110839e-51,9.95999543876487e-32,0.0,0.9929053043920469,2022-05-20
0.00010397994369096835,0.8655935556201915,0.03912399254010425,0.0,0.09517847189637305,2022-05-23
0.0007626296935654601,0.009058586913478916,0.9820736997434436,0.0,0.008105083649471361,2022-05-24
7.270631633893366e-06,9.033586386434579e-27,0.9936743466545614,0.0,0.006318382713774126,2022-05-25
0.0005460565237654532,0.6802843364942159,2.1459925655144293e-06,0.0,0.3191674609898952,2022-05-26
0.15895713133670342,0.825301680829488,9.68095055187867e-05,0.0,0.015644378328507968,2022-05-27
0.9486942476117705,1.7845100297795483e-11,1.530406678126213e-11,0.0,0.051305752355156865,2022-05-30
0.0013760267460897213,0.9166687709374064,0.08083365463106036,0.0,0.0011215476851169988,2022-05-31
0.0003481793717209283,0.8819447053922457,0.11580402311354344,0.0,0.0019030921228274829,2022-06-01
0.9928684589834169,2.304434667865078e-12,0.0006094461363701317,0.0,0.0065220948777163675,2022-06-02
0.003532294905773373,1.409810582573863e-25,0.9811263630796065,0.0,0.01534134201434792,2022-06-03
0.006144009085719903,0.9317721621718523,0.061444741211272295,0.0,0.0006390875309537521,2022-06-06
0.0002464417887335732,0.8633470592921046,0.1333131446826198,0.0,0.0030933542367044702,2022-06-07
0.0012485630443081041,0.0015877501089283273,0.9875078893839457,0.0,0.009655797462414264,2022-06-08
0.9366885116217772,1.1753862646215988e-50,4.5789392172006336e-07,0.0,0.06331103048421163,2022-06-09
5.39916309449421e-07,0.09379969917224443,0.17145708031889006,0.0,0.7347426805921895,2022-06-10
3.888497786269288e-19,4.512215809161678e-08,5.446051485644406e-08,0.0,0.9999999004176111,2022-06-13
0.0002568378871165014,0.9461408896330261,0.02277880418066161,0.0,0.030823468299186134,2022-06-14
0.013795961901710311,0.8938781779688609,0.09185817173146264,0.0,0.00046768839828437045,2022-06-15
6.107755528309026e-53,0.0,3.073375265457415e-08,0.0,0.9999999692663555,2022-06-16
2.443700373721852e-05,0.8116632048758559,0.023734495245170673,0.0,0.16457786287531184,2022-06-17
0.010028166951591084,0.9763194017551887,0.006303314491833598,0.0,0.007349116801416878,2022-06-20
0.7550634096463167,9.304921866292892e-19,1.532310275617572e-15,0.0,0.24493659035342355,2022-06-21
5.34655987206339e-09,2.3885916740290234e-14,0.9022931078171127,0.0,0.09770688683636283,2022-06-22
0.09576169218410631,0.46924114337502343,2.2869571511648106e-05,0.0,0.4349742948692235,2022-06-23
0.1014944582999546,0.8901721526343589,0.0006082138394784094,0.0,0.007725175226446168,2022-06-24
0.9951869588584019,3.1748553333632618e-09,0.0005066189940912172,0.0,0.004306418973046895,2022-06-27
0.20188579664161016,0.5161717291814393,0.27890484601333393,0.0,0.003037628163896846,2022-06-28
0.008535272997930873,0.01793305113702755,0.9699341535442986,0.0,0.003597522320684052,2022-06-29
0.006337483523472099,0.9112867668799173,0.08145768873940694,0.0,0.000918060857230417,2022-06-30
4.609666674215055e-06,0.9082635980812604,0.01001166374451871,0.0,0.08172012850797654,2022-07-01
0.9767779245861805,6.740584019165596e-07,0.006435305339703247,0.0,0.016786096016052278,2022-07-04
0.0021942792977573096,0.7123046826491617,0.26922897781438726,0.0,0.016272060238527244,2022-07-05
0.9951889691095887,1.0423595353073747e-29,7.613999625328458e-09,0.0,0.004811023276404757,2022-07-06
0.11117315060153317,0.8864954261695865,0.0019487018941474878,0.0,0.00038272133444579054,2022-07-07
0.1444863707882083,0.8441152742339268,0.010893513228700758,0.0,0.0005048417494750887,2022-07-08
0.1941525179935008,0.1611359194239612,0.6419787360148433,0.0,0.00273282656747591,2022-07-11
0.0005088471572675706,0.40539104251832997,0.5848357090168407,0.0,0.009264401307352402,2022-07-12
2.9155229021782056e-05,5.276699368200421e-30,0.9915788669578284,0.0,0.008391977813165825,2022-07-13
0.0013769610464133297,0.8664473486295988,0.1284587580939981,0.0,0.0037169322301488263,2022-07-14
0.07888829786774963,0.9176230091732867,0.0028062112581613854,0.0,0.0006824817010603982,2022-07-15
0.9922183383207124,1.976283889578882e-19,9.837926259007076e-09,0.0,0.00778165184157904,2022-07-18
0.9805900241742582,4.596098470967875e-28,0.0059565864406237795,0.0,0.013453389384816042,2022-07-19
0.14070640671490223,0.8578462589623969,0.00044770104319904336,0.0,0.0009996332795574592,2022-07-20
0.7639732090506064,0.2018844504652779,0.0316148644349749,0.0,0.0025274760487919213,2022-07-21
0.13489959919018107,0.8623307152160381,0.0024429126361996414,0.0,0.00032677295756890977,2022-07-22
0.002202897607865702,0.896356835200305,0.10073481701268727,0.0,0.0007054501792816373,2022-07-25
1.2967049296543768e-06,5.041801625633269e-25,0.9955416728139194,0.0,0.004457030481110003,2022-07-26
0.9952285987134566,2.1000182120836447e-21,8.757940157679789e-07,0.0,0.004770525492235984,2022-07-27
0.9961336294482687,1.0500301901569436e-18,6.079902695123433e-12,0.0,0.0038663705454970087,2022-07-28
0.726120088719054,0.26885703650322146,1.293465690692103e-05,0.0,0.005009940120473865,2022-07-29
0.7567119425014295,0.23725104827588023,6.283583545222975e-05,0.0,0.005974173387033485,2022-08-01
0.009408453248178312,0.9620593861566377,0.028288310066305583,0.0,0.00024385052906584153,2022-08-02
0.01652080235241373,0.9671829023981419,0.015717232791377097,0.0,0.0005790624584243536,2022-08-03
4.003263758387176e-06,0.9076213196188377,0.002700404555647688,0.0,0.08967427256212822,2022-08-04
0.035648740951262387,0.9128050204213953,0.05090857895776377,0.0,0.0006376596698379544,2022-08-05
0.9954548100246723,9.025271789345757e-06,0.0008760912780980642,0.0,0.0036600734253426494,2022-08-08
0.032074226424486166,0.9299604615771349,0.037875837254939405,0.0,8.947474337179446e-05,2022-08-10
0.30791561499971914,0.6765904893679381,0.01384726277115895,0.0,0.001646632861086802,2022-08-11
0.045683716299433366,0.9248562555423429,0.029246644556167642,0.0,0.0002133836016459934,2022-08-12
0.0960598067233357,0.8924747616987545,0.010701478152370903,0.0,0.0007639534256240069,2022-08-16
0.6553899319356405,0.3307393265057048,0.011873808013170718,0.0,0.0019969335451933555,2022-08-17
0.062212632176771525,0.8658726039236938,0.07168652096372125,0.0,0.00022824293579740964,2022-08-18
4.4157241955790694e-10,3.276515227679902e-28,0.9946438583263499,0.0,0.005356141232280266,2022-08-19
2.8251898149812222e-12,5.60080378266925e-39,0.9836924105253771,0.0,0.016307589471568944,2022-08-22
0.8269320105436287,2.3486984221622686e-34,0.000284450440061518,0.0,0.17278353901618643,2022-08-23
0.5105742254186234,0.1947682112815456,0.28712237729489626,0.0,0.0075351860046849,2022-08-24
0.0002278297389123065,1.3118188363363233e-10,0.9950197826749122,0.0,0.004752387455236633,2022-08-25
0.03155973078772272,0.9364713376531774,0.03147344098504786,0.0,0.0004954905736831144,2022-08-26
6.422768511770903e-08,7.552296018665938e-05,0.9417840125521292,0.0,0.058140400260119095,2022-08-29
0.6758747317670147,6.683828421543956e-152,9.964062342959706e-39,0.0,0.3241252682328213,2022-08-30
4.398710977533604e-07,0.7600052370595877,0.06948032741964962,0.0,0.17051399564997652,2022-09-01
0.0114424670152429,0.9368800119414115,0.05047812098311444,0.0,0.001199400060634133,2022-09-02
0.9953074041616842,1.482831505781993e-11,0.0008781693633930946,0.0,0.0038144264605013494,2022-09-05
0.006353814369314034,0.9623651774217276,0.03114253425227372,0.0,0.00013847395687278854,2022-09-06
0.05423456507223723,0.004280123768779926,0.9379579654527365,0.0,0.0035273457059827413,2022-09-07
0.17398550486902387,0.8230329842826803,0.0012381466320298697,0.0,0.0017433642163484067,2022-09-08
0.6269719474931642,0.040724407512162296,0.328828962448284,0.0,0.003474682546512062,2022-09-09
0.13120118372873643,0.8551902749470878,0.013251025158405783,0.0,0.00035751616580359904,2022-09-12
0.09368637948872237,0.8953134613899617,0.010192370716346995,0.0,0.0008077884046366121,2022-09-13
4.667623160085674e-05,2.937686871844059e-29,0.8625207830380001,0.0,0.1374325407305651,2022-09-14
6.375126861969081e-06,2.295079955453648e-16,0.9918033479291033,0.0,0.008190276943833393,2022-09-15
7.081613234128224e-21,9.834692284300788e-68,0.9419816886197145,0.0,0.05801831138043672,2022-09-16
0.016714137428488197,0.9768476389353646,0.001546324588328397,0.0,0.004891899047398308,2022-09-19
0.10510754303727447,0.8916846977004432,0.00010094691449484521,0.0,0.0031068123478501337,2022-09-20
0.0007375252034814665,0.8933195703907071,0.1050858978547461,0.0,0.000857006550616057,2022-09-21
0.0007157964961149984,0.882387701499899,0.11515199521306148,0.0,0.0017445067909166035,2022-09-22
3.7645487260963153e-19,4.679956392664054e-56,0.9614521738505993,0.0,0.038547826149549304,2022-09-23
5.997930270786701e-11,1.7420245572636441e-09,0.5594841791363527,0.0,0.44051581906179116,2022-09-26
0.011274788546016053,0.5589563075927342,0.3157458015870707,0.0,0.11402310227452507,2022-09-27
1.1154223810409496e-05,0.8366420287495178,0.13035984844272905,0.0,0.03298696858394642,2022-09-28
0.003145141466385876,2.543187484114979e-20,0.9588975604848112,0.0,0.037957298048461624,2022-09-29
0.0071403659278157965,8.451567277405402e-48,1.6601154112182116e-20,0.0,0.9928596340721677,2022-09-30
1.1586839761130612e-11,4.420677948001684e-46,0.6844842975574456,0.0,0.3155157024313541,2022-10-03
0.09307411755281189,3.83174489035047e-12,2.9288280566411705e-14,0.0,0.9069258824429084,2022-10-04
0.04972984146842799,0.9308754738488171,0.01263056044984232,0.0,0.006764124232551301,2022-10-06
0.02380701583671504,0.8993829598238876,0.07645889514278137,0.0,0.0003511291962265766,2022-10-07
0.0007235740518276577,9.448338259130195e-10,0.9949186273387045,0.0,0.004357797664387008,2022-10-10
1.2723273792167049e-17,3.031206197082315e-89,0.9549932294477803,0.0,0.04500677055237061,2022-10-11
0.9229740143027437,0.06686377142178417,0.0013210378614057553,0.0,0.008841176414464075,2022-10-12
0.0015693916270703094,0.6631120550320175,0.33438882194929975,0.0,0.0009297313911830092,2022-10-13
0.9971453489843912,1.554186153174925e-13,5.742463065735702e-06,0.0,0.0028489085525050307,2022-10-14
0.9975876380677465,1.2950450739540656e-15,4.6380576925292356e-05,0.0,0.0023659813550227678,2022-10-17
0.19019259202457958,0.8080222123901272,0.0010934141139839885,0.0,0.0006917814711226294,2022-10-18
0.046669944974918845,0.9077592569222268,0.04528048149499099,0.0,0.00029031660772341596,2022-10-19
0.921215212945171,1.0474520064477278e-17,0.060565346486001016,0.0,0.01821944056877846,2022-10-20
0.020027568657879642,0.9510381897238099,0.028789581417171514,0.0,0.00014466020073758073,2022-10-21
0.10532700621849292,0.8834558073403392,0.009450073638112183,0.0,0.001767112802685931,2022-10-24
0.001031540037711461,2.0212765993861542e-22,0.9913611182437548,0.0,0.00760734171889254,2022-10-25
0.07385259418608313,0.9081808385991724,0.017515598244855712,0.0,0.0004509689695047149,2022-10-27
0.06157176126280881,0.9061550557506705,0.031985920622577955,0.0,0.0002872623641062276,2022-10-28
0.989736473603285,3.814457689621292e-08,9.075108719842518e-06,0.0,0.010254413143538421,2022-10-31
0.11193814073033571,0.8827131395688081,0.005038047681217834,0.0,0.0003106720200016723,2022-11-01
0.02616192747191469,0.00044597605110820025,0.9706450442616857,0.0,0.0027470522152447975,2022-11-02
0.06357813824375902,0.2358588833710056,0.6984038311889621,0.0,0.0021591471967278082,2022-11-03
0.20618497147976678,0.7359754513126259,0.057021755714107,0.0,0.0008178214939095635,2022-11-04
0.036854002763572515,0.9546465631426793,0.007502572905140172,0.0,0.0009968611886677387,2022-11-07
0.01758622194905504,1.2168226895197159e-08,0.9783137573063991,0.0,0.004100008575921291,2022-11-09
0.0025533580566431966,0.8695266363186417,0.12596127421420167,0.0,0.00195873141089003,2022-11-10
0.6184269644342468,0.004136662129956198,1.065154055170617e-06,0.0,0.37743530828133615,2022-11-11
0.03930353291063504,0.8804297766873307,0.07757217277524871,0.0,0.002694517627152481,2022-11-14
0.057205274495472774,0.927931482181963,0.01451282673908124,0.0,0.00035041658351132854,2022-11-15
0.059696316676102805,0.8569414210263673,0.08297306426204837,0.0,0.0003891980358285182,2022-11-16
0.01973432477991783,0.8730542764081284,0.1066281995825424,0.0,0.0005831992289842511,2022-11-17
0.006468453019244443,0.8631937896293336,0.12962756976356682,0.0,0.0007101875881209982,2022-11-18
0.0017100892732548583,0.012645325580149115,0.9789690980578047,0.0,0.00667548708889528,2022-11-21
0.23218475598353086,0.7332471202175204,0.033604531679719434,0.0,0.0009635921190198194,2022-11-22
0.30619819871497667,0.39141765042131094,0.3002385745243801,0.0,0.002145576339484519,2022-11-23
0.9956624702491791,1.6088308057012918e-10,2.5939822875853535e-07,0.0,0.004337270191523477,2022-11-24
0.0704408786812624,0.8827708273524182,0.04666407865937758,0.0,0.00012421530674032496,2022-11-25
0.6302784065152495,0.06311011464686776,0.25187100090233894,0.0,0.05474047793529745,2022-11-28
0.15957373622358959,0.7912470623552096,0.048418260758094564,0.0,0.0007609406631290928,2022-11-29
0.9963652817418676,2.4425162627691307e-06,0.0006060222271873152,0.0,0.0030262535142580337,2022-11-30
0.14688574840516577,0.8093049441596323,0.04361572251100682,0.0,0.00019358492404660937,2022-12-01
0.0021439108435816387,0.86584157938024,0.1312272129435331,0.0,0.0007872968326710717,2022-12-02
0.03509733258813164,0.8930460619928273,0.07145518488607797,0.0,0.0004014205326900212,2022-12-05
0.025272046579624865,0.8580677039979839,0.11599064274905756,0.0,0.0006696066734216285,2022-12-06
0.014436455208837077,0.35324532026338246,0.630410804030701,0.0,0.0019074204974203633,2022-12-07
0.07380990363974993,0.8775481393302531,0.04826320404010762,0.0,0.00037875298957876024,2022-12-08
3.2097954021966096e-05,1.999443726531473e-10,0.9954649461281578,0.0,0.00450295571788861,2022-12-09
0.1240332625906219,0.35786253211289476,0.5148285784867526,0.0,0.003275626809592706,2022-12-12
0.9105349780611127,0.0602676763780808,0.026350666479922787,0.0,0.002846679081099471,2022-12-13
0.08731386461768191,0.8665951045678398,0.04588625339874314,0.0,0.00020477741581691265,2022-12-14
1.0606937601988713e-10,1.598546327475641e-25,0.9936857597540679,0.0,0.006314240139496988,2022-12-15
0.00015646645305898317,0.8507084214893134,0.1465527567736106,0.0,0.002582355283731067,2022-12-16
0.9968399408563744,7.498680713909121e-08,0.00021776073239109176,0.0,0.002942223424799268,2022-12-19
0.0021285748534053167,0.9586055952523455,0.03904062350710576,0.0,0.00022520638703100887,2022-12-20
2.3630076299319547e-10,1.03549540063681e-37,0.9908597587210785,0.0,0.009140241042294084,2022-12-21
0.000444523405897794,6.173797139771377e-10,0.9915080985352533,0.0,0.008047377441401807,2022-12-22
9.511006352816181e-13,4.173126788294284e-13,0.7976795607898238,0.0,0.2023204392086873,2022-12-23
0.681815708198021,1.7448740293000278e-10,4.329834100115013e-08,0.0,0.31818424832933795,2022-12-26
0.045431626852507456,0.9496537607442799,0.0014003470895526736,0.0,0.0035142653132759923,2022-12-27
0.0325044437804088,0.8961788768714406,0.07102422340670886,0.0,0.0002924559411799048,2022-12-28
0.920694317812521,2.536102036546694e-05,0.0525512868198389,0.0,0.026729034347082098,2022-12-29
0.0007956450677126601,1.0267495144751506e-18,0.9952608879132054,0.0,0.003943467019087659,2022-12-30
0.23474370316300575,0.7399357759349725,0.024371072234710377,0.0,0.0009494486669395156,2023-01-02
0.4489191478575474,0.2751724265424971,0.2737726513503077,0.0,0.002135774249576431,2023-01-03
1.8649346956681675e-08,8.33898406533612e-32,0.9963337650323392,0.0,0.003666216318560455,2023-01-04
0.004197598687022913,0.16801839984468878,0.8199660000161192,0.0,0.007818001452502233,2023-01-05
6.073030401313876e-06,3.305900693059613e-07,0.9939357918507148,0.0,0.006057804529235487,2023-01-06
0.9945677931409033,2.0979947034707815e-12,3.7826669241255195e-08,0.0,0.005432169030442714,2023-01-09
3.2221573873155922e-09,2.976033576638028e-29,0.9977650411159283,0.0,0.002234955661669629,2023-01-10
0.01351945773937796,0.9019471277922728,0.08406885635495592,0.0,0.00046455811369548386,2023-01-11
0.0034157742428154456,0.9185029648254043,0.07755007155787126,0.0,0.0005311893736935755,2023-01-12
0.060482659023707065,0.9342208464404523,0.00252697464203975,0.0,0.002769519893865142,2023-01-13
0.004212582393212064,3.869497412223066e-09,0.9920182324253674,0.0,0.003769181312148977,2023-01-16
0.9966451860528922,5.00706370533011e-08,0.00011797415338685762,0.0,0.0032367897229823436,2023-01-17
0.9157477027117353,0.07316850179744495,0.010178758424450447,0.0,0.0009050370664040722,2023-01-18
0.027386477851412603,0.8953157374722045,0.0770891942669616,0.0,0.00020859040918460821,2023-01-19
0.015916369522798863,0.007737964006944074,0.9735609636688606,0.0,0.002784702801174238,2023-01-20
0.1174619239075175,0.8481533057247999,0.03371699338162584,0.0,0.0006677769861747713,2023-01-23
0.08327480867540323,0.7383052119382546,0.17771774488892259,0.0,0.0007022344978340304,2023-01-24
1.3678442752597592e-10,2.697493984316392e-31,0.9948512682052258,0.0,0.005148731658268494,2023-01-25
8.108178059040469e-19,4.98413661325939e-44,0.8939501258742519,0.0,0.1060498741257918,2023-01-27
0.0006087553246377555,0.9207657457739064,0.0028143971668314572,0.0,0.07581110173453781,2023-01-30
0.008156647249911875,0.962279226639338,0.028385853054830833,0.0,0.0011782730558266622,2023-01-31
1.1106183087297985e-27,1.4860699475113348e-12,1.1141660601063075e-15,0.0,0.999999999998181,2023-02-01
0.009154265785503051,0.8551869119618706,0.06729534382193535,0.0,0.0683634784309699,2023-02-02
0.46473922153148717,0.023152470712769286,6.478246648612789e-08,0.0,0.5121082429729951,2023-02-03
0.004354629383001753,0.9001199921543875,0.09020414826340055,0.0,0.005321230199416712,2023-02-06
0.009545249465437392,0.823802430813053,0.16598351324792923,0.0,0.00066880647347125,2023-02-07
0.9968496910216014,8.405931727706473e-10,0.0002173096127390832,0.0,0.002932998525129649,2023-02-08
0.04212658544942582,0.9169743935498376,0.040763759786135924,0.0,0.00013526121417437395,2023-02-09
0.04564961777370068,0.8487551788807358,0.10501243655609636,0.0,0.0005827667897572049,2023-02-10
0.006323264869835891,0.14934959870487927,0.8418790781666353,0.0,0.002448058258512347,2023-02-13
0.93143570117766,0.06316261819144803,0.001374309440116295,0.0,0.004027371190339548,2023-02-14
0.9821841452736343,9.855281937594347e-05,0.01604166452240442,0.0,0.0016756373841416605,2023-02-15
0.04915463990526246,0.907209468288739,0.04352444363295754,0.0,0.00011144817315370586,2023-02-16
0.0028111291742027762,0.8913347470402063,0.1051212153025624,0.0,0.000732908483156077,2023-02-17
0.0008251951415314942,1.097302534886001e-05,0.9966270222379031,0.0,0.002536809594812054,2023-02-20
0.13354011622796438,0.11795395481960644,0.7459289898385897,0.0,0.002576939113699888,2023-02-21
8.420533797131818e-13,1.5263865434981524e-37,0.9875967535279174,0.0,0.012403246471405104,2023-02-22
0.005806931387795098,0.8552471459169532,0.13827972959722343,0.0,0.0006661930981718318,2023-02-23
0.014939827742207824,1.3832265171795168e-07,0.9811555600900536,0.0,0.0039044738451037373,2023-02-24
0.0031222256805118693,0.8774740639266271,0.11870162088715319,0.0,0.0007020895060111768,2023-02-27
0.0011385010150541993,0.6281408222814431,0.36878218316284667,0.0,0.0019384935408295017,2023-02-28
0.994428036388111,0.00018517404316229386,0.0016437934684393179,0.0,0.0037429961002337963,2023-03-01
0.0010266089640150863,6.510672550764896e-05,0.9972459638836179,0.0,0.0016623204271020142,2023-03-02
0.9841493050962286,1.199697770617469e-09,2.0110761513844576e-09,0.0,0.01585069169323545,2023-03-03
0.08830338021338485,0.9075898260046811,0.003876684496126968,0.0,0.00023010928554316226,2023-03-06
0.3549200911472738,0.48705705780854375,0.15538530669247952,0.0,0.0026375443519970655,2023-03-08
7.008153846011796e-08,3.116934451514246e-41,0.9914180938532035,0.0,0.008581836065195525,2023-03-09
0.0005040812376691571,0.9171717188507952,0.07639040829737113,0.0,0.005933791613847284,2023-03-10
6.97829352891119e-19,6.995871342352008e-39,0.549150522650177,0.0,0.45084947734954806,2023-03-13
3.853992418674258e-05,0.007797743298269108,0.9151475206679458,0.0,0.07701619610967061,2023-03-14
5.1074494633623095e-05,3.6328220067190637e-23,0.9490008232035286,0.0,0.05094810230177525,2023-03-15
0.003608229033894181,0.9631832660143427,0.029501348666532003,0.0,0.003707156285359267,2023-03-16
0.04675341102889561,0.9489164477698153,0.0021782914090818398,0.0,0.00215184979178294,2023-03-17
1.5090662080389189e-05,0.8373642828548776,0.15627223440210447,0.0,0.006348392080775989,2023-03-20
0.13271629487255307,0.8611135634427194,0.005508598117767972,0.0,0.0006615435666917005,2023-03-21
0.06672535054858547,0.8946225190442237,0.03836733977017244,0.0,0.000284790636741177,2023-03-22
0.0023162385655832235,0.8918049553482349,0.10505368953581258,0.0,0.0008251165506714337,2023-03-23
2.8790079966298093e-05,4.54772145563693e-09,0.997224693971471,0.0,0.002746511400390602,2023-03-24
0.02311719250479745,0.9475466960798049,0.0284397982763073,0.0,0.000896313139147481,2023-03-27
0.04406454797691767,0.3400305763610208,0.6138789435443007,0.0,0.002025932117876492,2023-03-28
0.973394493472742,0.019123327569160197,0.0018486006099111948,0.0,0.0056335783485386825,2023-03-29
0.9962903959146772,7.2360536159987205e-22,5.662686531053451e-11,0.0,0.0037096040285820612,2023-03-31
0.051222783021489644,0.9223855709603587,0.026301312306628553,0.0,9.033371126532198e-05,2023-04-03
0.9971998156861936,1.1225918070163546e-13,2.7874715798095978e-05,0.0,0.002772309598091709,2023-04-05
0.099775385139396,0.8625361520831307,0.037519551655630236,0.0,0.00016891112183485275,2023-04-06
0.06900777477970212,0.8645707647838448,0.06606481243420448,0.0,0.00035664800262519,2023-04-10
0.10621476183975843,0.8733055999206132,0.01995222988382836,0.0,0.0005274083554185723,2023-04-11
0.14240951902086446,0.839928856144909,0.017172127989447804,0.0,0.0004894968451427823,2023-04-12
0.04969616254631827,0.888443209961465,0.06155382388009243,0.0,0.0003068036124365444,2023-04-13
2.464442870572988e-06,6.1279382459668466e-06,0.9771470685784626,0.0,0.022844339040215777,2023-04-17
0.02367202102800544,0.0001556876064560807,0.9727358692484567,0.0,0.003436422116696163,2023-04-18
0.024915056803302936,0.8677889545404676,0.1068318826731918,0.0,0.00046410598296513743,2023-04-19
0.0530758091501292,0.8668821567312625,0.07966883687217677,0.0,0.0003731972465232777,2023-04-20
0.044098519370154625,0.8753513445850432,0.08018670263306103,0.0,0.00036343341132769996,2023-04-21
0.08649450323127698,0.9087225209759281,0.00419497192259475,0.0,0.0005880038699812246,2023-04-24
0.07628387856328225,0.8522698300953296,0.07105374140740277,0.0,0.0003925499341446955,2023-04-25
0.060625282462725125,0.9053854262008706,0.03371700486089301,0.0,0.00027228647522017723,2023-04-26
0.9835960407116922,1.2778651507708677e-05,0.013205027996409211,0.0,0.0031861526401293677,2023-04-27
0.9885845961570295,0.009006073471322998,0.0004198150013952731,0.0,0.0019895153701721797,2023-04-28
0.08631953826431085,0.8930758579666463,0.02046418628097888,0.0,0.000140417488467697,2023-05-02
0.026728973846797396,0.8874554379261868,0.08526466972411453,0.0,0.0005509185025043858,2023-05-03
0.9949493993133449,2.061167813030547e-28,1.2372259591769893e-06,0.0,0.005049363460561028,2023-05-04
9.87064987318998e-05,0.9339418172894081,0.06438736152435122,0.0,0.0015721146875534433,2023-05-05
0.9970887100259963,4.840529175772125e-13,2.453076404672866e-06,0.0,0.002908836897561663,2023-05-08
0.032649540285613676,0.9245007476347471,0.04276834212466288,0.0,8.136995525125878e-05,2023-05-09
0.08311683257022232,0.8656718699391741,0.05077551726406302,0.0,0.0004357802267723349,2023-05-10
0.0448343805129133,0.7968177470752433,0.15781258608277474,0.0,0.0005352863290163164,2023-05-11
0.02627696061364518,0.9318907207942031,0.0415414475065424,0.0,0.0002908710858803468,2023-05-12
0.05514016066072201,0.9368609925431923,0.007552389414788965,0.0,0.00044645738091313316,2023-05-15
0.00016189029826103383,4.1159819410615335e-19,0.9954700211741453,0.0,0.004368088527240627,2023-05-16
0.000658859078526788,0.000229302749187686,0.9963792313351585,0.0,0.0027326068369037896,2023-05-17
0.004940103117417352,1.2223711993777774e-18,0.9866587588546564,0.0,0.008401138027503524,2023-05-18
0.06005774586860565,0.9173821169340028,0.021814925431795192,0.0,0.0007452117659794274,2023-05-19
0.9908610296692603,8.027918325423344e-06,0.00626722661794456,0.0,0.002863715794575075,2023-05-22
0.06996316161858399,0.8876943131254027,0.04222797137434472,0.0,0.00011455388200161339,2023-05-23
0.01281022734075491,0.8753501287671751,0.11127051106831475,0.0,0.000569132824209085,2023-05-24
0.046223328567499326,0.9172552305263815,0.03623483622476114,0.0,0.00028660468151431014,2023-05-25
0.9972981236730103,3.0870966597009736e-09,3.594221554802585e-05,0.0,0.0026659310245033905,2023-05-26
0.08171466448667282,0.8982955210441453,0.01977938157360133,0.0,0.0002104328957162097,2023-05-29
0.06597938197039424,0.8813838704073035,0.0523164589112072,0.0,0.00032028871121537295,2023-05-30
0.007115042121590847,0.785585524194889,0.2063153363057224,0.0,0.0009840973782022032,2023-05-31
0.05535907451485871,0.00014214834343690978,0.9407297746598943,0.0,0.0037690024815170762,2023-06-01
0.08236817674589858,0.8544848408610748,0.06270850021988471,0.0,0.000438482173237106,2023-06-02
0.08041618475322355,0.8674581505497755,0.05158705475542738,0.0,0.0005386099417266779,2023-06-05
0.06747328141296978,0.8409178029919785,0.09117734786260943,0.0,0.0004315677327986783,2023-06-06
0.350833216373956,0.6336063988932435,0.014059409393191462,0.0,0.0015009753399330865,2023-06-07
0.007696400738805502,0.13940708028129237,0.8508192005785168,0.0,0.002077318401676001,2023-06-08
0.019993116088431788,0.0002640774575823165,0.9765617108370934,0.0,0.003181095616958329,2023-06-09
0.09209262053928227,0.8187857647021567,0.0885365715622488,0.0,0.0005850431958933321,2023-06-12
0.9725836891150764,4.0278689777852976e-05,0.02130924725813138,0.0,0.006066784936926415,2023-06-13
0.08334996375421334,0.868918432636798,0.04756990667969261,0.0,0.000161696929362313,2023-06-14
0.03418701664313267,0.016689493136262137,0.9463564895178048,0.0,0.002767000702638793,2023-06-15
0.991212451498205,0.0016375096900254995,0.0040370125736862794,0.0,0.0031130262384174326,2023-06-16
0.013041229484600491,4.801968720957279e-06,0.9857548167113894,0.0,0.001199151835741302,2023-06-19
0.038952766168821804,0.9437683498488699,0.016804660043242402,0.0,0.00047422393890139605,2023-06-20
0.09014688776386859,0.8396296913184925,0.06975438893299317,0.0,0.000469031984201933,2023-06-21
0.020895791634323473,0.07433215832369984,0.9020068163226685,0.0,0.0027652337191098825,2023-06-22
0.013713056286110274,0.04951388423377634,0.9324171397312289,0.0,0.004355919749278491,2023-06-23
0.08328528007177001,0.8209002433241402,0.09525094080981081,0.0,0.0005635357940865014,2023-06-26
0.5141994226760146,0.4687358749589115,0.015221282739076138,0.0,0.001843419625679357,2023-06-27
0.17816063617544636,0.8197607502881373,0.0014599508626801363,0.0,0.0006186626734264447,2023-06-28
0.994778090182441,0.0007735513366950091,3.2215131126436636e-05,0.0,0.004416143349312669,2023-06-30
0.8695497337140611,0.11585550037761161,0.013410977129906963,0.0,0.0011837887787422422,2023-07-03
0.0713607231956773,0.9058915672121455,0.022596529334856237,0.0,0.0001511802576290556,2023-07-04
0.07321505622114172,0.8375758269082242,0.08875122251507792,0.0,0.00045789435510826054,2023-07-05
0.973898914539369,1.219794591610357e-06,0.022172393526026173,0.0,0.003927472139617786,2023-07-06
7.413906935351358e-05,0.6120007035174229,0.3856286294695173,0.0,0.002296527943294706,2023-07-07
0.053527778924281524,0.8872778984424968,0.05887968005553816,0.0,0.00031464257789002437,2023-07-10
0.09985685349894118,0.8685399813840513,0.031149050853343324,0.0,0.00045411426335040483,2023-07-11
0.029356693061424407,2.5156515054213363e-06,0.9673779112834952,0.0,0.0032628800033454044,2023-07-12
0.06994195842243552,0.8387720743617466,0.09031153115168705,0.0,0.0009744360644009172,2023-07-13
0.20171204958562208,0.7950956604876255,0.0022020607769542037,0.0,0.0009902291498683196,2023-07-14
0.924887148754304,0.06846987539722776,0.004040530114686621,0.0,0.0026024457341759398,2023-07-17
0.04750408127732075,0.9243057500095205,0.028096471739053736,0.0,9.369697416210594e-05,2023-07-18
0.08192663336433856,0.8953281373780851,0.02238423166967881,0.0,0.00036099758814479784,2023-07-19
0.994347008112241,1.3871489311783572e-05,0.0006859442352978814,0.0,0.0049531761633324605,2023-07-20
2.4580012818718995e-05,0.9401586244652218,0.056000210400933614,0.0,0.0038165851211022384,2023-07-21
0.03415764814712028,0.34232224304222614,0.6213909812155071,0.0,0.0021291275955521408,2023-07-24
0.045126372887335515,0.8795447933195265,0.07500374834406988,0.0,0.0003250854487698905,2023-07-25
0.0972651115577663,0.8848991519324754,0.01744218482350048,0.0,0.00039355168634419167,2023-07-26
2.508710399874028e-05,6.616329164050609e-17,0.9958553338825014,0.0,0.0041195790134166835,2023-07-27
0.03415676019685309,0.8567030752495147,0.10864990907663505,0.0,0.0004902554767103148,2023-07-28
0.3366097716722709,0.6477062040552228,0.014220851289174831,0.0,0.0014631729835581726,2023-07-31
0.04739142185434134,0.8418960740714743,0.11029815273360402,0.0,0.00041435134016474785,2023-08-01
1.8745072302150106e-06,0.007159460032602809,0.9758141058083866,0.0,0.017024559651914593,2023-08-02
3.6750589964043105e-05,0.7463809537750103,0.24824828534549154,0.0,0.005334010289745498,2023-08-03
0.18686520646963026,0.8019087547511408,0.010195474872075602,0.0,0.0010305639068030358,2023-08-04
0.09347555012318653,0.8738390428238505,0.03230034337081911,0.0,0.0003850636820385546,2023-08-07
0.04747950166323888,0.7979472711237875,0.1539928646971332,0.0,0.0005803625161518906,2023-08-08
0.03448901813235425,0.9499137705322677,0.015246174302950043,0.0,0.0003510370327528907,2023-08-09
0.00928683705828524,0.7989043618109941,0.19103274177182933,0.0,0.0007760593590218446,2023-08-10
0.000935025844842058,3.668423319366166e-12,0.994689289848222,0.0,0.004375684303034704,2023-08-11
0.00685793560270342,0.9547574815002692,0.03773842282021806,0.0,0.0006461600771976344,2023-08-14
0.39033129680281947,0.2790179966673561,0.3275208094901278,0.0,0.0031298970392637836,2023-08-16
0.014320115480929584,0.10818632280853553,0.8750811979353584,0.0,0.0024123637749124474,2023-08-17
0.022805462674841126,0.8430831380455318,0.13348088280417433,0.0,0.0006305164756064696,2023-08-18
0.3357057673699211,0.6156584625221927,0.04746356614197209,0.0,0.0011722039658389521,2023-08-21
0.05737186462198557,0.8720494500149946,0.07019989288371589,0.0,0.0003787924793973292,2023-08-22
0.08770396299566151,0.8528878210775394,0.058986725113055444,0.0,0.00042149081349871805,2023-08-23
0.00720872063473078,1.968917723532196e-08,0.988636067655018,0.0,0.004155192021156939,2023-08-24
0.0061563746290898965,0.8897281266616491,0.10295748291499171,0.0,0.001158015794246779,2023-08-25
0.07392968582794496,0.8672675078750313,0.05839174937243439,0.0,0.00041105692422251143,2023-08-28
0.06549288341482734,0.8784444312346126,0.055653548068329686,0.0,0.0004091372821178726,2023-08-29
0.3367587188991594,0.017640950753085298,0.641942970398644,0.0,0.0036573599494988053,2023-08-30
0.003370946380542397,7.697548550630643e-07,0.9944574831701967,0.0,0.0021708006945140622,2023-08-31
0.9947791810725702,4.108649038053107e-26,1.8256900451322538e-06,0.0,0.0052189932374668655,2023-09-01
0.10599391574762158,0.8742169576452039,0.019611502708836267,0.0,0.00017762389848177522,2023-09-04
0.0885817867474628,0.8409800793460184,0.06987951566801347,0.0,0.0005586182386391142,2023-09-05
0.044745599363332236,0.9145783007553997,0.04036178766852094,0.0,0.00031431221239798106,2023-09-06
0.9903125296931081,2.1673103145172535e-05,0.006488628307699752,0.0,0.003177168896348159,2023-09-07
0.07165431633050776,0.9192836782424723,0.008957618276976225,0.0,0.00010438715009924816,2023-09-08
0.9955967665374887,9.013519688938376e-05,0.0008919038968531748,0.0,0.003421194368763499,2023-09-11
0.2378286516130962,0.03145790680071683,0.7285312305816833,0.0,0.0021822110049228927,2023-09-12
0.26355737757620407,0.6862530438283587,0.04923858528910095,0.0,0.0009509933060842505,2023-09-13
0.05654023218584034,0.894962236166016,0.048235144567449276,0.0,0.00026238708067484625,2023-09-14
0.08655363954494193,0.8873947307262079,0.025652844451492473,0.0,0.0003987852775604335,2023-09-15
0.031108919122271334,0.8809615905753592,0.08736327074870698,0.0,0.0005662195536315362,2023-09-18
8.109857602707244e-05,0.7017933388271851,0.2808390171575812,0.0,0.01728654543924398,2023-09-20
0.0013604997445330008,0.001852142640463055,0.9894460908088565,0.0,0.00734126680622415,2023-09-21
0.01518069721833084,0.6778809205578493,0.30595817058011165,0.0,0.0009802116432740453,2023-09-22
0.042863984062985264,0.867926635880206,0.08877174199976631,0.0,0.000437638056772949,2023-09-25
0.0564616109254349,0.8572704904374583,0.0857207840995108,0.0,0.0005471145378655126,2023-09-26
0.07663978301559657,0.8866299658808173,0.03614083946385059,0.0,0.0005894116395070846,2023-09-27
2.1842736661964514e-09,2.8615091271215106e-48,0.9906310253095655,0.0,0.009368972506473384,2023-09-28
0.07495924550512832,0.9192061340529196,0.005192436375506951,0.0,0.0006421840661244114,2023-09-29
0.007939226899145902,0.023241188632873732,0.9657472207259485,0.0,0.0030723637419345444,2023-10-03
0.012062913277733556,0.8454789069241799,0.14144712137535895,0.0,0.0010110584227893244,2023-10-04
0.09954775783244632,0.8787178094773742,0.021162491101857066,0.0,0.0005719415885692495,2023-10-05
0.09226054254573435,0.8885973370337424,0.018662418484582662,0.0,0.0004797019358977466,2023-10-06
0.0049159561897414595,0.919902077770766,0.07377923759668346,0.0,0.001402728443185786,2023-10-09
0.9961802583259999,1.774857787130891e-09,0.00017790034297157317,0.0,0.003641839556179418,2023-10-10
0.11795780288814489,0.8705507307648311,0.011250560704812835,0.0,0.0002409056425477048,2023-10-11
0.04331568641518375,0.8799903803600201,0.07627714329573361,0.0,0.0004167899291418964,2023-10-12
0.04681043872260549,0.21441698898609488,0.736510448440359,0.0,0.002262123851064625,2023-10-13
0.055868866057987625,0.8264127718616098,0.11716905875479165,0.0,0.0005493033257171926,2023-10-16
0.08159953542720579,0.8837485847465453,0.03418391777760651,0.0,0.0004679620486982251,2023-10-17
9.041770738517443e-05,8.007931943889531e-15,0.9967205343977515,0.0,0.003189047895281653,2023-10-18
0.014499708742942069,0.7233844319139947,0.26123934438122043,0.0,0.0008765149620703117,2023-10-19
0.032907569030881045,0.8615881947186141,0.10442211676326957,0.0,0.0010821194871223209,2023-10-20
2.241111143000014e-12,7.637037746353672e-41,0.9928872629791845,0.0,0.0071127370183758564,2023-10-23
1.3798168552879778e-06,2.0034708923377754e-08,0.9940686432265589,0.0,0.005929956921456875,2023-10-25
2.213245724839624e-09,5.47828067973585e-23,0.9847701886055354,0.0,0.015229809181064752,2023-10-26
0.995125210854758,1.5551440438302952e-08,8.308009885429591e-05,0.0,0.004791693495015887,2023-10-27
0.05727453121655074,0.9390974527357658,0.0032145377726013175,0.0,0.0004134782753306509,2023-10-30
0.0053400617616458776,1.049598852080626e-18,0.9866700768464045,0.0,0.007989861392127456,2023-10-31
0.017817281583395513,0.252805222873878,0.7266911064613942,0.0,0.00268638908171073,2023-11-01
0.12437873181301498,0.8649893338147471,0.009606174553977411,0.0,0.0010257598183425933,2023-11-02
0.10096179741945852,0.8615202068599406,0.03682260787023346,0.0,0.000695387850541055,2023-11-03
0.44219121339930606,0.552175984700401,0.0027042186411176407,0.0,0.002928583259504109,2023-11-06
0.06099993018786741,0.853777007244563,0.08489782091955725,0.0,0.000325241647610804,2023-11-07
0.0898199218616376,0.8296228880300557,0.07997413416927387,0.0,0.000583055939436275,2023-11-08
0.09167157491560839,0.34164075481859424,0.5639524203965887,0.0,0.002735249868770522,2023-11-09
0.24671777677889223,0.5323330458857799,0.21954265160468794,0.0,0.0014065257309256393,2023-11-10
0.0657042175771207,0.8601554502147786,0.07375084166110829,0.0,0.0003894905470683463,2023-11-13
0.10206590857929708,0.8934578395877669,0.0006368540731149446,0.0,0.0038393977597539143,2023-11-15
0.029147264509296247,0.9656252279610991,0.0034588511299351275,0.0,0.0017686563999137063,2023-11-16
0.018396529444574688,0.8845943134653228,0.09666597988363394,0.0,0.0003431772066751252,2023-11-17
0.030340093674886635,0.8809560603228758,0.0882770176586535,0.0,0.00042682834346781303,2023-11-20
0.10176860510031638,0.8565550202913331,0.04105707439394522,0.0,0.000619300214513874,2023-11-21
0.05404311746930106,0.8929515855333591,0.052710374434342476,0.0,0.00029492256285598305,2023-11-22
0.04551850092187826,0.875624629267432,0.07849261553595671,0.0,0.00036425427473701753,2023-11-23
0.0614625946086746,0.848523850657781,0.0894577156819016,0.0,0.0005558390518504486,2023-11-24
0.09051308814254322,0.8922477297711404,0.01688280033807933,0.0,0.0003563817480015541,2023-11-28
0.9956824123819825,3.0533182186439824e-08,6.763537745777227e-05,0.0,0.004249921707684217,2023-11-29
0.048347150925847696,0.9197016915225507,0.03184100318439818,0.0,0.00011015436733753978,2023-11-30
0.753678372252761,0.21777318757346234,0.025240780863333583,0.0,0.0033076593100083915,2023-12-01
0.17510038677633166,0.37132622879338323,3.997397875822791e-09,0.0,0.45357338043283657,2023-12-04
0.09134223475147628,0.9014525288279217,0.0017370106408544747,0.0,0.0054682257796567655,2023-12-05
0.10053769397017945,0.861636364935436,0.03735693535064674,0.0,0.0004690057438482994,2023-12-06
0.03405805937405205,0.8830661425115064,0.08248016242990275,0.0,0.000395635684090662,2023-12-07
0.06404221072104459,0.9082366841237884,0.027399439768015912,0.0,0.0003216653870724356,2023-12-08
0.05908443016748279,0.8830383209966932,0.05756679192325317,0.0,0.0003104569123624928,2023-12-11
0.011041825059354375,0.0035728578084910745,0.982922059330978,0.0,0.0024632578010419836,2023-12-12
0.0316020397528549,0.8981849555719316,0.06956532407545543,0.0,0.0006476805995955198,2023-12-13
0.3796559011810721,0.6128940321957084,0.00025703109251893095,0.0,0.007193035530769743,2023-12-14
0.9951075390790225,1.7679405630501027e-08,1.5905549550501797e-07,0.0,0.004892284185973941,2023-12-15
0.033828893509538056,0.8955568221753608,0.07046651539480554,0.0,0.00014776892026413695,2023-12-18
0.04095812580140318,0.9133342017292867,0.04532653107604396,0.0,0.0003811413936282386,2023-12-19
1.214247227533043e-19,8.143591942113723e-87,0.7295004824561167,0.0,0.2704995175440849,2023-12-20
0.8194484924921137,1.9511900612196493e-16,0.002023396276683637,0.0,0.17852811123139517,2023-12-21
0.06432161932455227,0.9261703637185463,0.00875798712798971,0.0,0.0007500298286435536,2023-12-22
0.20231238091150733,0.7669449858660355,0.030045131801061917,0.0,0.0006975014216075055,2023-12-26
0.9962009673976513,3.877886359164518e-16,1.1721525748218964e-05,0.0,0.003787311076272725,2023-12-27
0.16358527141547818,0.8253877918102872,0.010817927001494212,0.0,0.0002090097730756761,2023-12-28
0.0456032224430958,0.8509516107895304,0.10290149079997725,0.0,0.0005436759669845488,2023-12-29
0.04083152644477148,0.8887161537003031,0.07007060004412152,0.0,0.0003817198107517884,2024-01-01
0.004803033377025174,0.8048840966554515,0.1895840572001751,0.0,0.0007288127673963688,2024-01-02
0.0003408122028344473,1.1760456621961265e-10,0.9962452170546391,0.0,0.0034139706250839066,2024-01-03
0.1247977681054647,0.8636860370655575,0.010836695388275575,0.0,0.0006794994409504758,2024-01-04
0.0853724357008957,0.8578897918080621,0.05634706376797081,0.0,0.0003907087235128701,2024-01-05
5.314101494355623e-08,7.327258630881737e-38,0.9939231143138182,0.0,0.00607683254498091,2024-01-08
0.27172298187417726,0.39350814410584456,0.3307236885727448,0.0,0.004045185447094329,2024-01-09
0.11772840922571451,0.853057515731642,0.028560009880955233,0.0,0.0006540651614974067,2024-01-10
0.047394273082590595,0.9048739356165029,0.04748064590731333,0.0,0.0002511453937933194,2024-01-11
0.9756592580792529,0.017781621324353007,5.0048956075165285e-05,0.0,0.0065090716399735645,2024-01-12
0.10696892593738563,0.8916342497969414,0.0010211176787295146,0.0,0.00037570658701335504,2024-01-15
0.010713012225248928,0.9009862684226211,0.08796038174411383,0.0,0.00034033760777045627,2024-01-16
6.998071509396453e-13,0.012508490235559982,0.00029451442286573305,0.0,0.9871969953411734,2024-01-17
0.0001313746049933141,0.9143637487656293,0.03802323588238031,0.0,0.04748164074705653,2024-01-18
0.11616473961017523,0.8678658720876027,0.014283232843061253,0.0,0.0016861554595242743,2024-01-19
1.5226617803557584e-29,2.410765348865083e-171,0.08126732609601169,0.0,0.9187326739043206,2024-01-23
0.6568705069233892,1.502163575162839e-34,4.209474274822613e-09,0.0,0.34312948886707106,2024-01-24
0.0033770019816719704,0.5810439375929793,0.4044336422003447,0.0,0.011145418224954908,2024-01-25
0.9812638474813722,7.068925358825256e-77,1.7037481102855653e-19,0.0,0.01873615251867689,2024-01-29
4.9316118985239296e-09,2.339999234535703e-37,0.9963116278958885,0.0,0.003688367172789152,2024-01-30
0.9932567492805298,2.281103685051699e-30,1.9732684516146107e-07,0.0,0.006743053392525462,2024-01-31
0.030107055981689865,0.834743453790978,0.13491007609470554,0.0,0.0002394141327379912,2024-02-01
0.0069855659883665405,0.9834500333547816,0.00015617418366348156,0.0,0.009408226473201893,2024-02-02
0.004174811010266321,4.7936431562913955e-05,0.9922101298593202,0.0,0.0035671226992745665,2024-02-05
0.46206077238238324,0.5309968168941152,0.004007569471485372,0.0,0.002934841251695162,2024-02-06
0.24994130799012132,0.1116024364038285,0.6356063693961833,0.0,0.0028498862100171727,2024-02-07
3.6557961880948093e-10,7.190873036550936e-54,0.9871684298392416,0.0,0.012831569795128044,2024-02-08
0.046737950682933155,0.9272102303531882,0.025660349416423776,0.0,0.0003914695477612925,2024-02-09
1.2113055495161359e-05,6.406924056875854e-13,0.9973621991342987,0.0,0.002625687809954056,2024-02-12
0.06224376647984988,0.9335538199731432,0.0033357487768263475,0.0,0.0008666647700897977,2024-02-13
0.8788716822624334,1.3291105425063394e-28,0.0011766809750538643,0.0,0.11995163676278454,2024-02-14
0.06882412697831966,0.9067487632103777,0.023687331071369416,0.0,0.0007397787395119486,2024-02-15
0.10608791055493895,0.8724634552133728,0.02082365543618585,0.0,0.0006249787952983401,2024-02-16
0.07028644876700034,0.9043767112968699,0.02491929225948537,0.0,0.00041754767705017574,2024-02-19
0.4732146340895395,0.4243815202904845,0.10055071970439124,0.0,0.0018531259151568888,2024-02-20
5.7519409890893934e-05,3.162607758403411e-16,0.997684731119179,0.0,0.0022577494711090162,2024-02-21
0.00936066431198922,0.918184750891681,6.772577329153026e-05,0.0,0.07238685902295738,2024-02-22
0.20543067849935726,0.33501789036945145,0.455262221307435,0.0,0.004289209823837122,2024-02-23
0.011289782775308841,0.8895982729676627,0.09864704687247815,0.0,0.00046489738449142284,2024-02-26
0.8538144999385725,0.00011760525132938319,0.14074647164585055,0.0,0.005321423163829948,2024-02-27
3.8800017742515196e-10,3.845544835362654e-42,0.9964158315384095,0.0,0.0035841680738446283,2024-02-28
0.021795489663915046,0.9407646591819401,0.037012557226279996,0.0,0.0004272939280748059,2024-02-29
0.9760212841042625,6.727074382738622e-76,9.94532498027777e-17,0.0,0.02397871589560881,2024-03-01
0.09603363695236038,0.8586387068612585,0.04502626589493232,0.0,0.00030139029166134846,2024-03-04
0.023170653985597377,0.8721387376158094,0.10423420324188916,0.0,0.00045640515648051193,2024-03-05
0.9071521647141195,0.060512331209730014,0.018606395824393454,0.0,0.013729108252089542,2024-03-06
0.07234441969056507,0.867245066885336,0.0601943886078323,0.0,0.000216124816651879,2024-03-07
3.4747988224348305e-05,5.064343620278578e-19,0.9964662893780871,0.0,0.003498962633368723,2024-03-11
0.021361891327935572,0.901123547956107,0.0768922975750831,0.0,0.0006222631409072867,2024-03-12
4.897357043423069e-22,3.4286186124139086e-106,0.5719391593277977,0.0,0.42806084067193784,2024-03-13
0.8895000082479844,0.0006300781345123615,0.0017613089703829667,0.0,0.10810860464707915,2024-03-14
0.001785810141519825,0.9243636629790003,0.07260052860170269,0.0,0.00124999827823188,2024-03-15
0.019573841723032868,0.9526575831377625,0.027419632694694662,0.0,0.000348942444055315,2024-03-18
4.077902140587648e-05,3.6928937946675416e-05,0.9876055783305173,0.0,0.012316713710407044,2024-03-19
0.015873678207208367,0.9336649192564387,0.04947276386713996,0.0,0.0009886386690052375,2024-03-20
0.11704732856174485,0.8766604419389447,0.005379136519339682,0.0,0.0009130929798493652,2024-03-21
0.8833272567496145,0.005749760965055678,0.06906242206330927,0.0,0.04186056022186134,2024-03-22
0.01119297744481277,0.9012038793184497,0.08716007330726576,0.0,0.0004430699298618505,2024-03-26
0.17890407292832977,0.8040224096362804,0.016423236365544994,0.0,0.000650281069403133,2024-03-27
0.786542404933626,0.05049255728282367,7.231188038919416e-05,0.0,0.16289272590307927,2024-03-28
0.10738725017824002,0.8751555283634572,0.01587123666798203,0.0,0.0015859847899145649,2024-04-01
0.05895132850872922,0.8453412284030882,0.09527252108053881,0.0,0.0004349220079998392,2024-04-02
0.016732091275963427,0.9181731795799267,0.06480311758931605,0.0,0.0002916115546369002,2024-04-03
0.0031812976644046156,0.9920906730660936,0.002252747042627746,0.0,0.0024752822266719,2024-04-04
0.05048122480465651,0.870812618450262,0.07833133270960078,0.0,0.0003748240356040338,2024-04-05
0.6125942628128748,0.3706726412790959,0.014636422122713552,0.0,0.0020966737855514124,2024-04-08
0.16413508295447318,3.5961223735291006e-05,0.8328230605096754,0.0,0.003005895311722229,2024-04-09
0.09226194558132564,0.8796422549647676,0.027621755872749336,0.0,0.0004740435814993431,2024-04-10
8.101221338657557e-06,3.041189954118912e-08,0.9944976253382022,0.0,0.005494243028224368,2024-04-12
0.0001876906562188389,0.8825651405212126,0.10866154986528823,0.0,0.008585618956876978,2024-04-15
0.00855878258538308,0.8874852949289249,0.1028843783084692,0.0,0.0010715441769806806,2024-04-16
1.0388525689480575e-06,6.882931579229808e-11,0.9833565952936935,0.0,0.016642365785337804,2024-04-18
0.7101073066940156,2.4661309224301615e-26,1.0549646944250731e-05,0.0,0.2898821436593268,2024-04-19
0.10605524550960664,0.8867344664367418,0.0016668577508837169,0.0,0.005543430303031615,2024-04-22
0.4813672311640651,0.059685717209068186,0.45412836689013497,0.0,0.00481868473658073,2024-04-23
0.07367851687725054,0.8617320660926291,0.0642795279475382,0.0,0.0003098890827260743,2024-04-24
0.9875332275274179,1.0518462216315405e-28,5.636779606374597e-06,0.0,0.012461135693077625,2024-04-25
3.98229622593729e-05,4.687041741521715e-23,0.9974283253879677,0.0,0.0025318516497424655,2024-04-26
0.9967605342638438,6.111443970198787e-12,1.7473254757005415e-05,0.0,0.0032219924750803673,2024-04-29
0.0062201798324837574,0.9387578500729843,0.05489168133611645,0.0,0.00013028875832866646,2024-04-30
0.17723832213808607,0.70101720252224,0.12085900575899818,0.0,0.000885469580777129,2024-05-02
5.469635062452189e-09,1.3009452336444778e-23,0.9212068487952259,0.0,0.07879314573541626,2024-05-03
0.08443115572314583,0.005483862124215383,0.9044570141217593,0.0,0.005627968030778674,2024-05-06
6.563480892187664e-05,2.574180443877003e-11,0.997235212455847,0.0,0.0026991527091197423,2024-05-07
0.022904799639968033,0.9013112054061995,0.07540594653800194,0.0,0.00037804841613458607,2024-05-08
5.3768945945488085e-14,4.402641008755921e-29,0.9811797563084991,0.0,0.01882024369133471,2024-05-09
0.06933343650248291,0.9166984887310353,0.013459538742020766,0.0,0.0005085360248685384,2024-05-10
0.0016586244155650822,0.9913329467419597,0.0046926502221484685,0.0,0.0023157786199998623,2024-05-13
0.6633809053952769,0.3035982736771684,0.030526778257691494,0.0,0.00249404266965594,2024-05-14
0.024896250103299773,0.9158465905678534,0.059106257862198794,0.0,0.00015090146682848366,2024-05-15
0.00298318969067894,0.9230166623946814,6.924414419850875e-06,0.0,0.07399322349979703,2024-05-16
0.05393062826397479,0.9181931401888803,0.027357591557527764,0.0,0.000518639989708071,2024-05-17
0.8022755327533925,0.004362779270736809,0.18920998262277736,0.0,0.0041517053535010335,2024-05-21
0.07289881449966153,0.8972697320157599,0.029652605710386998,0.0,0.00017884777437479255,2024-05-22
0.9842010260700756,4.168217071709646e-72,1.741086249452855e-18,0.0,0.015798973929492758,2024-05-23
0.0430328980468302,0.8999881744035094,0.05682057654682874,0.0,0.0001583510027572203,2024-05-24
0.0175934379939194,0.778669484350215,0.20239629645066107,0.0,0.0013407812054514769,2024-05-27
0.08906124568050222,0.29930030891315496,0.6096033063992389,0.0,0.002035139007307285,2024-05-28
0.0019384052802543857,0.8910055982805344,0.10522159173553669,0.0,0.001834404703389322,2024-05-29
8.462273208307282e-06,0.13658857558620782,0.8471030944027201,0.0,0.016299867738045128,2024-05-30
0.03306585502615788,0.9280593558703135,0.03841451676052822,0.0,0.00046027234318326676,2024-05-31
9.267960588475863e-09,1.1085817875777256e-06,6.57060651540867e-23,0.0,0.9999988821506913,2024-06-03
7e-323,0.0,1.351900690191861e-63,0.0,1.0,2024-06-04
5.115562888437178e-21,5.669652628602491e-57,1.829521078162156e-66,0.0,1.0,2024-06-05
0.02288722463202243,0.8729033365264443,0.00011604817160860887,0.0,0.1040933906700664,2024-06-06
0.615727089520976,6.929898695466184e-141,4.594289590694844e-31,0.0,0.3842729104787328,2024-06-07
0.011501538998613413,0.9415288061108819,0.04535957843686201,0.0,0.0016100764534315983,2024-06-10
0.028749534921988347,0.9059794971042344,0.06486088103665455,0.0,0.0004100869373004073,2024-06-11
0.06907894612613161,0.8860016826135537,0.044563806396796274,0.0,0.00035556486345226666,2024-06-12
0.40154689867675775,0.47303703706950034,0.12372915784050517,0.0,0.0016869064135116303,2024-06-13
0.07816603428468487,0.8811332493944017,0.04037778280734752,0.0,0.0003229335132603971,2024-06-14
0.09821545928956195,0.8501644333574419,0.05100309750990489,0.0,0.000617009843216439,2024-06-18
0.012211653999050718,0.7141485813915674,0.272043309766858,0.0,0.0015964548423621939,2024-06-19
0.05120141604490381,0.9040934062271807,0.04426155968130634,0.0,0.0004436180470517039,2024-06-20
0.009551629536030655,0.0006916227393885953,0.9852110882463394,0.0,0.004545659478360248,2024-06-21
0.5776787649348909,8.140860834711885e-07,0.414141334228513,0.0,0.008179086750061045,2024-06-24
0.9970078539544083,1.5404588998228728e-06,0.0010148290560403716,0.0,0.001975776530963174,2024-06-25
0.9940033856331835,0.0003439775409143838,0.00471779543688735,0.0,0.0009348413891168529,2024-06-26
0.9949451752688135,0.0020849281906783184,0.0009238122330846636,0.0,0.0020460843069898785,2024-06-27
0.015804777050133154,0.9174988414897168,0.06658938265509988,0.0,0.00010699880525409133,2024-06-28
0.9842802846037503,1.4624984470224863e-10,0.009923760379884456,0.0,0.005795954869716394,2024-07-01
0.13925519450706966,0.4450262489671863,0.4149716212484255,0.0,0.0007469352774035521,2024-07-02
0.11834057408718623,0.8591430762843758,0.021599630457208186,0.0,0.0009167191715411397,2024-07-03
0.08384978017728247,0.8072106431090514,0.10840538685618671,0.0,0.0005341898578787135,2024-07-04
0.23467726425780605,0.4412386544935159,0.32213007122425263,0.0,0.0019540100242547904,2024-07-05
0.0663798349727804,0.8377603297927234,0.09542737614904274,0.0,0.00043245908526609995,2024-07-08
0.64758084763476,0.24787671882746654,0.10117084469046339,0.0,0.0033715888474405284,2024-07-09
0.0004653223312756786,0.6168293942024432,0.37939366848695916,0.0,0.003311614979754344,2024-07-10
0.017756470180182893,0.910423258375469,0.07144279836972893,0.0,0.0003774730746300136,2024-07-11
0.27940809136646105,0.7165856158410165,0.0013802160839212737,0.0,0.0026260767082886423,2024-07-12
0.10246799972410967,0.8495253185455878,0.047591098963030466,0.0,0.0004155827669208575,2024-07-15
0.08449609019135314,0.8260859507513407,0.08881360085928372,0.0,0.0006043581975853416,2024-07-16
0.9925802546763842,2.7451783300207838e-22,1.3517645217895337e-05,0.0,0.00740622767848833,2024-07-18
4.114527279934158e-11,9.437515109396385e-72,0.9793090546286095,0.0,0.020690945330497104,2024-07-19
0.007877661353128234,0.927028438944608,0.06456135422486424,0.0,0.0005325454777372626,2024-07-22
8.882560073831861e-08,0.4083812739366454,0.0010355176216316566,0.0,0.5905831196161818,2024-07-23
0.007804879001766001,0.9132959793877763,0.07353258108377295,0.0,0.0053665605264788165,2024-07-24
0.1844001327035078,4.6045297564205806e-11,0.8048221178255689,0.0,0.010777749424583071,2024-07-25
0.9492359628431287,1.1755012242395388e-107,2.4163388999268066e-22,0.0,0.05076403715652717,2024-07-26
0.052753630513724614,0.8258476156760326,0.1205641824562176,0.0,0.0008345713542946712,2024-07-29
0.04500928492579515,0.8902322298794595,0.06438979615175781,0.0,0.0003686890427927873,2024-07-30
0.10861235384564535,0.8573027319831813,0.0336413878898411,0.0,0.00044352628109832,2024-07-31
0.08198028308362248,0.8624834195306901,0.055163094510807614,0.0,0.0003732028749652419,2024-08-01
0.00021253263524315648,0.9246718635674355,0.06398378349845901,0.0,0.011131820298881353,2024-08-02
6.681735043408897e-25,2.1666457141530682e-14,1.7841664451367412e-05,0.0,0.9999821583351177,2024-08-05
2.1195197424082863e-05,0.0005238474833825286,0.046436232796557335,0.0,0.9530187245226168,2024-08-06
0.05484984901049053,0.8051488118570033,0.00016376260190786502,0.0,0.13983757653043014,2024-08-07
0.0002841201779154695,0.09031196483832449,0.896012410946243,0.0,0.013391504037642023,2024-08-08
0.09986046641107899,0.8928852837777207,0.0038311600365330046,0.0,0.003423089775053038,2024-08-09
0.005084145726539639,0.9414084751101655,0.05269731929830057,0.0,0.0008100598646451687,2024-08-12
5.240909324952428e-06,1.8259260741732427e-19,0.9963084740637884,0.0,0.003686285027231642,2024-08-13
0.05099466769153245,0.8621064086913864,0.08645155100830414,0.0,0.00044737260888347795,2024-08-14
0.917769903418117,1.0048356680571714e-06,3.745279707425354e-10,0.0,0.08222909137172128,2024-08-16
0.07791614478484374,0.8652901048799124,0.056228762181930785,0.0,0.0005649881528634965,2024-08-19
0.09379894435639687,0.8883116874624051,0.01748912504236583,0.0,0.00040024313921276235,2024-08-20
0.46274823191283776,0.36377373466213225,0.17141034397044844,0.0,0.0020676894543094583,2024-08-21
0.08195689730897451,0.8481263234189147,0.06946204059358418,0.0,0.0004547386784963948,2024-08-22
0.06533862422434664,0.8544734279040916,0.0797234403001775,0.0,0.00046450757164816204,2024-08-23
0.8100466482758235,0.17883648066903618,0.008339079849027233,0.0,0.0027777912063545866,2024-08-26
0.07095753952563827,0.8587313110434792,0.07009266640614359,0.0,0.00021848302502997367,2024-08-27
0.05477288286035489,0.886642935301991,0.05823585638054493,0.0,0.0003483254567173227,2024-08-28
0.7047264633157576,0.20620914896564826,0.08654164347263188,0.0,0.002522744246329131,2024-08-29
0.08702149381477588,0.8635526870661384,0.04906397465937536,0.0,0.0003618444595051811,2024-08-30
0.07638367768103108,0.8564018771257065,0.06674482865799325,0.0,0.00046961653541323015,2024-09-02
0.052665312372598104,0.8730782240230495,0.07382261673031754,0.0,0.0004338468742332013,2024-09-03
0.05039346417053096,0.001098296642323387,0.9440616620399135,0.0,0.00444657714683925,2024-09-04
0.08908754494785372,0.03591443958874059,0.8719223486104973,0.0,0.003075666852660172,2024-09-05
3.931462531462006e-09,2.8170333782483856e-14,0.9930037152831123,0.0,0.006996280785547189,2024-09-06
0.41808591392865546,0.47461697284130405,0.10503013644798179,0.0,0.0022669767822550853,2024-09-09
0.04122145150241082,0.9489065446061048,0.009490984937393629,0.0,0.00038101895399705334,2024-09-10
0.004881270085025828,0.361662414373849,0.6313930647470091,0.0,0.0020632507936952506,2024-09-11
0.7703018529672983,1.7639730119167685e-25,6.243566523323624e-17,0.0,0.22969814703282174,2024-09-12
0.04097444546385976,0.859348700899639,0.09801912715455816,0.0,0.0016577264823296912,2024-09-13
0.06926040356294227,0.8564064760142333,0.07392191710928922,0.0,0.00041120331370772225,2024-09-16
0.08779421219045376,0.825595034084564,0.08606337511387509,0.0,0.0005473786115203158,2024-09-17
0.016872361405237374,0.893644473701939,0.08905714160685746,0.0,0.00042602328593531783,2024-09-18
0.020823287585904616,0.9511082630650115,0.027733062245801843,0.0,0.0003353871035998231,2024-09-19
0.9526888010555222,7.826841737529266e-13,1.4701891162385773e-10,0.0,0.047311198796794865,2024-09-20
0.17536943796976703,0.8064577067943604,0.017343586266272828,0.0,0.0008292689699968134,2024-09-23
0.058422319623474384,0.8595747125641066,0.08164159409250323,0.0,0.00036137372005269586,2024-09-24
0.4974471898184209,0.27939808104981023,0.22087128449870547,0.0,0.0022834446330175645,2024-09-25
0.9975427571042809,5.958483932418144e-17,5.2607214297677476e-05,0.0,0.002404635681027338,2024-09-26
0.04236500445249078,0.8622754723427725,0.09518777489240576,0.0,0.00017174831238252991,2024-09-27
3.7547457486047914e-10,3.5750359383859013e-19,0.9886584664201293,0.0,0.011341533204185121,2024-09-30
0.03890825943158171,0.8510254849641475,0.10953752416940082,0.0,0.0005287314350576188,2024-10-01
1.489800242108391e-15,6.533475648882394e-07,0.011467734136966225,0.0,0.9885316125150585,2024-10-03
3.1442965029577227e-12,0.0020235178182022298,0.0018231881643967771,0.0,0.9961532940146125,2024-10-04
3.4196369401087226e-09,8.111143380090877e-19,0.4241594255001271,0.0,0.5758405710806467,2024-10-07
0.9447703171563782,1.5184238575496009e-05,0.000136238379511888,0.0,0.05507826022516784,2024-10-08
0.0022630891246627183,0.9648760934391144,0.03229808499904241,0.0,0.0005627324372507342,2024-10-09
0.04939501880355757,0.880939326943669,0.0693373748066539,0.0,0.0003282794463865136,2024-10-10
0.046205192114039215,0.8582573381056243,0.09506616982362333,0.0,0.00047129995671288405,2024-10-11
0.9513023455044347,0.022261718573063916,0.022521072750710216,0.0,0.003914863171919951,2024-10-14
0.0497731290449087,0.028995663973703237,0.9199972879941382,0.0,0.0012339189874130156,2024-10-15
0.009149883036907459,0.8734549085738366,0.1168604909862561,0.0,0.0005347174032746298,2024-10-16
3.381426234391025e-08,1.447138095481927e-49,0.9837848969343237,0.0,0.016215069251124998,2024-10-17
0.9266476749187154,0.0003503968388137965,0.04442425099479358,0.0,0.028577677247947388,2024-10-18
0.008219754651651937,0.0005998732480621364,0.986489905824596,0.0,0.004690466275656968,2024-10-21
8.927940363676288e-13,1.4816277881638595e-39,0.9900399984658281,0.0,0.00996000153351808,2024-10-22
0.007031740745043585,0.9154550246500532,0.07702548420056571,0.0,0.00048775040396667783,2024-10-23
0.037152622176962705,0.8586604195518706,0.10372791885466244,0.0,0.00045903941628066094,2024-10-24
1.453508557626403e-07,3.462694216458805e-13,0.994127882288015,0.0,0.005871972360732133,2024-10-25
0.006867893746625453,0.98530792364314,0.00026300368586485736,0.0,0.007561178923965427,2024-10-28
0.0379600794001371,0.9521811550681042,0.002061477775399576,0.0,0.007797287756577947,2024-10-29
0.003928146967181116,0.8877046981479064,0.10751642308676722,0.0,0.000850731797808137,2024-10-30
0.002479261621234477,1.152836528870387e-05,0.9948414385051649,0.0,0.0026677715082072243,2024-10-31
0.10901762808081684,0.8270990669298616,0.06310967454498607,0.0,0.0007736304447677846,2024-11-01
8.38630856395325e-14,4.48207921992482e-25,0.9202574632335108,0.0,0.07974253676629899,2024-11-04
0.9625117661966003,3.2281827980150873e-31,1.2580416776542024e-07,0.0,0.03748810799939356,2024-11-05
0.9779981553971999,0.0035874648510535096,5.226277004588956e-06,0.0,0.018409153475000387,2024-11-06
1.2281460334047508e-10,7.10931155563002e-52,0.9924093666901861,0.0,0.007590633186933883,2024-11-07
0.00725358005404041,0.9002612596603433,0.09203305439470902,0.0,0.00045210589133464103,2024-11-08
0.000661363323094734,0.9778967511432577,0.018950333184790013,0.0,0.0024915523486013125,2024-11-11
1.0094298944273673e-11,1.0766549257291237e-63,0.9770873404811047,0.0,0.022912659509028075,2024-11-12
1.627288539087947e-11,9.535964209770339e-25,0.9900120105943043,0.0,0.009987989389281462,2024-11-13
0.01813014603478256,0.8780904944394542,0.10317391387446499,0.0,0.0006054456515152535,2024-11-14
0.007058034057902559,0.002039382292919734,0.9873083248925505,0.0,0.0035942587569252533,2024-11-18
0.003667067513309053,0.9856794888284222,0.007360496463197883,0.0,0.0032929471954134953,2024-11-19
0.0003476342502530495,0.00795844743727216,0.9877668062253734,0.0,0.003927112087245268,2024-11-21
0.5727317609813312,2.2763365814183888e-124,7.212049172643751e-36,0.0,0.42726823901862326,2024-11-22
0.09048891704836837,0.8592806951723092,2.8277314375300305e-05,0.0,0.05020211046502839,2024-11-25
0.10062176313465392,0.00017188092494601752,0.8927945301587431,0.0,0.0064118257812896765,2024-11-26
0.04588447466305029,0.9351972917542819,0.01854508519028079,0.0,0.0003731483922530136,2024-11-27
1.4944085099120911e-16,1.4554615286338332e-53,0.9775997189545016,0.0,0.02240028104532304,2024-11-28
0.9959704111251373,1.2895042048226297e-15,1.3948070555777637e-05,0.0,0.004015640804555916,2024-11-29
0.29693804215801933,0.69758510168038,0.0035449894296989545,0.0,0.0019318667314674489,2024-12-02
0.1984051169271002,0.7983410237846239,0.002495135353081088,0.0,0.000758723935573617,2024-12-03
0.02431556166567475,0.9213918572521432,0.053911847225466436,0.0,0.00038073385666144964,2024-12-04
2.467135815810317e-06,0.020945874994597366,1.0055814230441465e-09,0.0,0.979051656864442,2024-12-05
0.01658205962304544,0.9407293179381767,0.034646610458653276,0.0,0.008042011979945873,2024-12-06
0.034213850243882314,0.8592999177949165,0.10590759109364078,0.0,0.0005786408671739763,2024-12-09
0.02838305674598287,0.902640546729322,0.06867695047377977,0.0,0.00029944605057555387,2024-12-10
0.07220526970147363,0.8551776123361807,0.07220775567948001,0.0,0.00040936228246991896,2024-12-11
0.011400187672427032,0.8888786904809047,0.09928589167347604,0.0,0.00043523017351613217,2024-12-12
8.272813876238816e-07,4.193072743785154e-06,1.27835775094191e-10,0.0,0.9999949795181754,2024-12-13
0.005247034756610163,0.8862186054595711,0.08860000942621384,0.0,0.019934350357466178,2024-12-16
2.8798168505976176e-10,1.6775818236120113e-24,0.9906828332070049,0.0,0.009317166504748524,2024-12-17
0.0008916196344950415,0.6976214199178861,0.299793168698101,0.0,0.0016937917493341408,2024-12-18
0.0011791061536780387,0.8280033970478836,0.1603483399722029,0.0,0.01046915682637635,2024-12-19
2.51320035705435e-18,1.9347339803134334e-49,0.8979527825504681,0.0,0.10204721744961463,2024-12-20
0.07784588668479513,0.9155681281986277,0.003759512022211185,0.0,0.00282647309391644,2024-12-23
0.016764498024656963,0.9136581565919175,0.06925695740209084,0.0,0.00032038798134766285,2024-12-24
0.027563820279619688,0.9231659806215129,0.048847471748460616,0.0,0.00042272735082263805,2024-12-26
0.08059816403403437,0.8697814974290116,0.04922732492935618,0.0,0.0003930136077595765,2024-12-27
4.426453882816985e-05,0.02323283742703407,0.9680446297136188,0.0,0.008678268320343374,2024-12-30
0.01254329156253779,0.9269658564085811,0.05998887582673195,0.0,0.0005019762018826989,2024-12-31
0.0627497647186258,0.9265749858097083,0.009581855236495998,0.0,0.0010933942355683156,2025-01-01
0.971242949666016,4.0658758326974896e-88,3.383159248646705e-23,0.0,0.028757050333819256,2025-01-02
3.718859714584328e-05,2.8052425357258698e-19,0.9963778238926493,0.0,0.0035849875105767688,2025-01-03
1.6612779455140637e-21,9.673967134290713e-90,0.8838713059069665,0.0,0.11612869409334065,2025-01-06
0.07859584972214192,0.8899089314674248,0.030484133233388215,0.0,0.0010110855767787124,2025-01-07
0.004044167153392369,0.9529554569915606,0.042420956377332716,0.0,0.00057941947728301,2025-01-08
0.0005681273749141504,1.1613121520315252e-08,0.9959499173087867,0.0,0.0034819437033938934,2025-01-09
0.003381754545930721,0.3314585032629047,0.6623509418790582,0.0,0.0028088003118909508,2025-01-10
8.741384625544877e-08,0.4739800131449975,0.28505614070553514,0.0,0.24096375873533638,2025-01-13
0.09311681359041306,0.8685134273783914,0.03644274198808668,0.0,0.001927017043543584,2025-01-14
0.0507058847441812,0.9027699098477882,0.046245716913466905,0.0,0.0002784884942890827,2025-01-15
0.15577969440282918,0.808283220289917,0.035312340415610606,0.0,0.0006247448919626534,2025-01-16
0.0031820356870206914,0.8686302871013207,0.12765751918142196,0.0,0.000530158030460214,2025-01-17
0.057643824152083335,0.9381641431710585,0.0035332225501331117,0.0,0.0006588101268898947,2025-01-20
1.825694476791853e-17,4.229241895843e-106,0.8557429772281,0.0,0.14425702277196323,2025-01-21
0.07323467254309543,0.9180340963327027,0.0074041116585682005,0.0,0.0013271194658850633,2025-01-22
0.05972576786288872,0.9016014801547259,0.03832247982765729,0.0,0.00035027215510676765,2025-01-23
0.00013093716191520143,0.87512195701457,0.12253447812317965,0.0,0.002212627700573218,2025-01-24
4.423995815399497e-05,0.23969735215451882,0.734768356919271,0.0,0.02549005096832608,2025-01-27
0.020194972192614985,0.9737208794329676,0.0026073355216139154,0.0,0.0034768128526390133,2025-01-28
0.9960505151536633,0.00037974860496768875,0.00044959136295129245,0.0,0.0031201448787690875,2025-01-29
0.09196995884806332,0.8928419585228401,0.015052400807313049,0.0,0.00013568182190733862,2025-01-30
0.9972768727587689,1.842723858380809e-18,2.1960817625914618e-07,0.0,0.0027229076331799695,2025-01-31
0.0005868660540718292,0.978291687085557,0.020421257620879412,0.0,0.000700189239347126,2025-02-01
0.005745666733195891,0.893637764435661,0.09992708382180973,0.0,0.0006894850092946728,2025-02-03
0.9828699026186404,3.018312999247256e-14,3.202031099690936e-11,0.0,0.01713009734956353,2025-02-04
0.14244925364748826,0.000591558517429512,0.853974236907466,0.0,0.0029849509275234752,2025-02-05
0.005149822864514404,1.836968045167333e-07,0.9923429095515831,0.0,0.0025070838870644707,2025-02-06
0.003672509558770571,0.8988171290053055,0.09679231520589304,0.0,0.0007180462298497455,2025-02-07
9.029781631372441e-05,6.629486394356884e-06,0.9968727750128098,0.0,0.003030297684178656,2025-02-10
1.9379624791161785e-13,4.680557438290457e-43,0.9906731338927478,0.0,0.009326866106726322,2025-02-11
0.00020455238357714516,0.9497930976432223,0.03415668704249887,0.0,0.015845662930730038,2025-02-12
0.005714015546952376,0.9443036132064463,0.04914189415867312,0.0,0.0008404770883545408,2025-02-13
0.00012135584629534831,0.035376679526649885,0.9265885052191483,0.0,0.03791345940794434,2025-02-14
0.4120590337702008,0.00784234890293157,0.564871363064251,0.0,0.015227254262212579,2025-02-17
0.019688516556167306,0.9042795450167613,0.07558650748902564,0.0,0.00044543093840086973,2025-02-18
0.008340904033844533,0.9317475590023395,0.059406105197387614,0.0,0.0005054317668175658,2025-02-19
0.20014519847257534,0.004838191207731848,0.7900146899826602,0.0,0.005001920336810876,2025-02-20
0.001771522330508277,0.8786523192268016,0.11892377304873647,0.0,0.0006523853936027098,2025-02-21
0.00040690836500125956,0.933281358297038,0.06051564075925366,0.0,0.0057960925784626815,2025-02-24
0.04494728861387118,0.8775773941875533,0.07710524903319387,0.0,0.0003700681655277286,2025-02-25
0.052746969454096994,0.8654709589935414,0.08140242769773895,0.0,0.00037964385428096686,2025-02-27
9.122258651946657e-19,1.99578609021918e-72,0.9332568910641911,0.0,0.06674310893535795,2025-02-28
0.0033868596261304204,0.9573670959302585,0.037945367694388374,0.0,0.0013006767488764864,2025-03-03
0.10623775685143934,0.0007081324266237493,0.8892722633270983,0.0,0.0037818473948961246,2025-03-04
0.9938264090859572,1.1886501673110136e-35,8.437204360448714e-10,0.0,0.006173590070177343,2025-03-05
0.01966789799531923,0.9770807153393861,3.4114860192837606e-05,0.0,0.0032172718054189267,2025-03-06
0.027061088331697694,0.9197959158254868,0.052847901548381364,0.0,0.00029509429453305916,2025-03-07
0.0006997595504861164,0.910842166123495,0.0875816552628867,0.0,0.0008764190633267933,2025-03-10
0.6395664971622408,1.181904325879795e-06,0.3523978250008801,0.0,0.008034495932158048,2025-03-11
0.0027623460361573438,0.9583328831988168,0.038537095360392605,0.0,0.0003676754048094038,2025-03-12
0.013459897387099604,7.447664992535263e-09,0.9828766257341018,0.0,0.003663469431475628,2025-03-13
0.9791195353637568,1.6441983670272363e-06,0.01600301521032882,0.0,0.004875805227192448,2025-03-17
0.9968884867425666,4.680697823897381e-08,2.897810577630731e-08,0.0,0.003111437472460363,2025-03-18
0.0713447217794111,0.9047409616494583,0.023812264846610122,0.0,0.0001020517245832901,2025-03-19
0.9943021279799629,3.1056037543452575e-05,3.206096045240442e-06,0.0,0.005663609886687226,2025-03-20
0.997863007664167,6.159323848761416e-08,0.0005473913680091379,0.0,0.001589539374180552,2025-03-21
0.9718224495019909,0.022086048050496732,1.9282030107119512e-06,0.0,0.0060895742442202165,2025-03-24
0.005514627254084467,0.9750075981774816,0.019272039109048594,0.0,0.00020573545925202768,2025-03-25
5.757498993662166e-06,6.844942791280058e-17,0.9971788557689015,0.0,0.0028153867321380984,2025-03-26
0.9613148098826663,2.517530169085061e-05,0.03326905278159189,0.0,0.0053909620339956475,2025-03-27
0.00670856465594733,0.8947443671469056,0.09836641159394874,0.0,0.00018065660317260384,2025-03-28
2.4896211261477655e-12,0.0007924416037886508,0.26478209617013576,0.0,0.7344254622234152,2025-04-01
0.9442658525499297,1.5182952388244648e-05,0.002313052912916112,0.0,0.05340591158449396,2025-04-02
0.04381222334755314,0.2502038362642709,0.7034790347967852,0.0,0.002504905591715072,2025-04-03
1.2796702688738958e-13,6.987121969693335e-41,0.9902597594345882,0.0,0.009740240565386955,2025-04-04
9.517956997279071e-43,3.052326666509911e-87,0.00015382363403131867,0.0,0.9998461763657334,2025-04-07
7.0529787124217605e-06,0.0016567026138510526,1.4427130717416128e-13,0.0,0.9983362444068498,2025-04-08
0.004218909999504055,0.899960656747745,0.0608264853439795,0.0,0.03499394790908428,2025-04-09
0.696171981539206,0.0009788899618397198,2.385876826862471e-09,0.0,0.30284912611307946,2025-04-11
0.0017908119603727251,0.07835910132394679,2.359215562346819e-09,0.0,0.9198500843560772,2025-04-15
0.17845110973091313,0.7838689866308695,0.014452517231650672,0.0,0.0232273864063043,2025-04-16
0.5017171575214627,4.941631965253058e-83,2.5363563292843773e-23,0.0,0.49828284247888993,2025-04-17
0.9473651470670978,7.737679049777155e-06,2.373722601530019e-06,0.0,0.052624741531314134,2025-04-21
0.050958225534534246,0.9133745119196487,0.03535296537251439,0.0,0.000314297173539707,2025-04-22
0.06433613241249506,0.9313181862129956,0.0031564165812170896,0.0,0.0011892647928810462,2025-04-23
0.01925829616954678,0.8859556084320465,0.09429368503027165,0.0,0.0004924103678350519,2025-04-24
1.790870395727268e-10,2.906167690099915e-07,0.3101692594460903,0.0,0.6898304497584355,2025-04-25
0.9295105779844095,2.9187896265538336e-34,1.4191026575517435e-09,0.0,0.0704894205965154,2025-04-28
0.03275484154604644,0.9247816288488857,0.042150745503999346,0.0,0.0003127841010160916,2025-04-29
0.026782138827353197,0.8978979450644512,0.07483633547313925,0.0,0.0004835806351266119,2025-04-30
0.0006146641731203768,0.9831520316768894,0.01198820295101963,0.0,0.004245101198832304,2025-05-02
0.08849100475961852,0.8891380387375872,0.0219541890526002,0.0,0.0004167674501478885,2025-05-05
0.03270709416954898,0.007900449260043681,0.9568009327408921,0.0,0.0025915238299526727,2025-05-06
0.5773017039465237,9.821426759058875e-11,0.409230201309405,0.0,0.013468094646005277,2025-05-07
0.0003937360703713049,0.010821542190178368,0.9847159344159722,0.0,0.004068787323608204,2025-05-08
4.0887974093130806e-05,0.8703276010433859,0.12059640573619924,0.0,0.009035105246745535,2025-05-09
0.00358277749037688,1.9806920655113966e-157,5.895145959771764e-62,0.0,0.9964172225093899,2025-05-12
1.0582135257469861e-12,1.6502578441808027e-22,0.47188338672583263,0.0,0.5281166132731212,2025-05-13
0.02869827130913718,0.9558251740122737,0.011253828921942799,0.0,0.004222725756993314,2025-05-14
0.0011691165237171872,4.019474029042231e-23,1.2911085752442168e-17,0.0,0.9988308834761632,2025-05-15
0.016304651443425487,0.9406689315741924,0.03330331129916736,0.0,0.009723105683521886,2025-05-16
0.01589350083623112,0.8818253300644755,0.10183293896553246,0.0,0.00044823013334165226,2025-05-19
1.8198089674075727e-10,7.650857934920697e-63,0.9765416272097039,0.0,0.02345837260838978,2025-05-20
0.0364336989811898,0.9584278164138879,0.004180420231500749,0.0,0.0009580643737161353,2025-05-21
0.00010965328304249831,0.39438385363700684,0.5996541334973132,0.0,0.005852359582499443,2025-05-22
0.9963096045631107,5.716400063757779e-13,4.29042730049278e-06,0.0,0.0036861050088952117,2025-05-23
0.1558749506405476,0.8377073762175952,0.006227698645715853,0.0,0.0001899744960470135,2025-05-26
1.1780493306903841e-05,0.6477745651047981,0.34056753635642006,0.0,0.011646118045557055,2025-05-27
0.046791445917452656,0.5597515014064687,0.39168874435620515,0.0,0.001768308320285333,2025-05-28
0.052248112822067504,0.9197737843796802,0.027364883333689086,0.0,0.0006132194645679746,2025-05-29
0.014043232693306894,0.8779094658300415,0.10761546780582236,0.0,0.0004318336704534824,2025-05-30
0.008161323211853148,0.922816727957628,0.06854965199672218,0.0,0.00047229683403240394,2025-06-02
3.5310715328697597e-06,1.971709445996091e-17,0.9958918321845268,0.0,0.004104636743978881,2025-06-03
0.10122342339600282,0.8441601171763126,0.05406154463227455,0.0,0.0005549147952816592,2025-06-04
0.02173402017020279,0.9749509855710042,0.0022913545853939445,0.0,0.0010236396732319268,2025-06-05
0.9930073031018687,5.1560783330575125e-17,3.4139532991836437e-07,0.0,0.006992355502886286,2025-06-06
0.14603617468471225,0.8128113805817108,0.04075068863514524,0.0,0.0004017560983792626,2025-06-09
0.18726679030802582,0.4526499642260044,0.35854489401196205,0.0,0.0015383514544442432,2025-06-10
0.072072926575742,0.8572182573296765,0.07033996706453524,0.0,0.00036884903015860855,2025-06-11
7.299139116848316e-09,1.4168802340018325e-25,0.9958202705633801,0.0,0.004179722137138016,2025-06-12
6.2481376638311836e-06,1.106061860766422e-30,0.9937378040046123,0.0,0.006255947857279831,2025-06-13
0.9963373974313776,4.5403047238238865e-18,8.290083116775574e-06,0.0,0.0036543124857537227,2025-06-16
0.033747153136170036,0.0012364697216381703,0.9636647443395083,0.0,0.0013516328022892628,2025-06-17
0.015385060860413517,0.8782443388859258,0.10586287364669218,0.0,0.0005077266073189341,2025-06-18
0.050181628379328054,0.8488346959679903,0.10053127974335979,0.0,0.00045239590930144666,2025-06-19
0.9835609768799214,6.71080117016598e-66,7.162829771486067e-13,0.0,0.016439023119729324,2025-06-20
0.0014323080356361602,0.9155879494632942,0.08241942890502774,0.0,0.0005603135958491019,2025-06-23
0.08364942525917775,0.8697693163449534,0.04026258824746729,0.0,0.006318670147989638,2025-06-24
0.7837467275684844,0.20278905393167945,0.009506942489040276,0.0,0.003957276010507,2025-06-25
0.9960262900455648,6.077953780272743e-46,2.458385497671779e-10,0.0,0.003973709708358836,2025-06-26
0.08441255470750104,0.8925984681658242,0.02287205540634159,0.0,0.00011692172053889947,2025-06-27
0.00709751301210626,3.453708238459838e-05,0.9902050332083167,0.0,0.0026629166971781477,2025-06-30
0.08184905628525244,0.812171502015448,0.10535502657085029,0.0,0.0006244151280731516,2025-07-01
0.017301402665227686,0.042532382051851905,0.9376808501335285,0.0,0.0024853651494508473,2025-07-02
0.02738684556214053,0.676527817965175,0.2951596476342719,0.0,0.0009256888382139451,2025-07-03
0.07040271515371459,0.8760045505547325,0.053239329877599814,0.0,0.00035340441381112814,2025-07-04
0.07197541730945405,0.8333662877490177,0.0940800613859789,0.0,0.0005782335556809124,2025-07-07
0.6040603236604436,0.0827457305070982,0.30925228473587946,0.0,0.0039416610970126565,2025-07-08
0.030203908832272364,0.8954453328155862,0.0741118161916961,0.0,0.0002389421601722975,2025-07-09
0.0038613921369263942,4.3072238541865887e-10,0.9920954895102173,0.0,0.004043117921967593,2025-07-10
0.0014673066451295986,0.3118011809584453,0.6813685014091462,0.0,0.005363010987556595,2025-07-11
0.018487663031691647,0.8510017171850461,0.13002348647569476,0.0,0.00048713330755967705,2025-07-14
0.8245686027441744,0.08956063784099803,0.08286231957366581,0.0,0.003008439841419982,2025-07-15
0.06129021913338655,0.8777598369963109,0.0607798536185382,0.0,0.00017009025200523495,2025-07-16
0.02091423417090113,7.78167601135494e-06,0.9739466329670143,0.0,0.0051313511857194235,2025-07-17
0.002160371973514725,0.0032846439666599342,0.9919110996684694,0.0,0.002643884391367473,2025-07-18
0.08552797860431953,0.9040816526289636,0.009748642147302646,0.0,0.0006417266196809732,2025-07-21
0.1705274349890693,0.03793035987284834,0.7883629393838361,0.0,0.003179265754638087,2025-07-22
0.25336787096534846,0.7306820977321828,0.014961185637626037,0.0,0.0009888456651786306,2025-07-23
0.00037639246316729756,1.1076806246538434e-11,0.9970749426770312,0.0,0.0025486648484384544,2025-07-24
2.3198558866681977e-05,1.219874880473771e-13,0.9946388189123787,0.0,0.0053379825283688025,2025-07-25
0.0007711438360578198,0.6495231140147995,0.3477463402822917,0.0,0.0019594018670694323,2025-07-28
0.9908609720629502,7.479645448067202e-20,0.00118204086221936,0.0,0.007956987074972837,2025-07-29
0.056235939969593786,0.9039225476525564,0.03972932576025249,0.0,0.00011218661802482042,2025-07-30
0.0006782162762668472,0.7684727934253412,0.22756069147015906,0.0,0.0032882988286254103,2025-07-31
6.101544852885417e-05,5.395149337320442e-07,0.996708177636423,0.0,0.003230267400427536,2025-08-01
0.9803898159132608,0.002689531159481052,0.013580451215889088,0.0,0.00334020171115221,2025-08-04
0.01971871898593339,0.8763980734815329,0.10370656016395648,0.0,0.00017664736902455865,2025-08-05
0.02156632311574373,0.8327144491936646,0.14513399820387868,0.0,0.000585229487135698,2025-08-06
0.03744552324308776,0.8441517383067756,0.11539023702514124,0.0,0.0030125014249343454,2025-08-07
9.11223817794837e-06,4.6264814147704936e-10,0.9961210202214276,0.0,0.0038698670775314365,2025-08-08
0.9958401595948826,8.89133651839241e-21,7.197719409044974e-06,0.0,0.0041526426853322074,2025-08-11
0.0018352998277327316,0.9229038121210934,0.07507334395187311,0.0,0.00018754409955452163,2025-08-12
0.09813504858612221,0.8820823361467496,0.01929752588719615,0.0,0.0004850893797905994,2025-08-13
0.06266711770116144,0.8610870998248769,0.07576098514457037,0.0,0.00048479732973579474,2025-08-14
0.13598101291758205,0.8618254101158819,0.0008537711182077917,0.0,0.0013398058485795791,2025-08-18
0.47692022679956764,0.44139399015667047,0.07996393510516661,0.0,0.001721847938616239,2025-08-19
0.15041949053985715,0.7949026904633704,0.05425655588321998,0.0,0.0004212631136329365,2025-08-20
0.08220703179354537,0.8364244768012016,0.08085184542628561,0.0,0.0005166459792713519,2025-08-21
1.2406945503869876e-05,4.4579464412774396e-18,0.9956464196415957,0.0,0.004341173412545126,2025-08-22
0.10096148060114551,0.8515379105620638,0.04694953433337992,0.0,0.0005510745035538296,2025-08-25
3.242818343460587e-06,1.8646478732750376e-14,0.9946384011640572,0.0,0.005358356017150499,2025-08-26
7.2760524190111605e-06,1.7381173779278283e-20,0.9948745844185368,0.0,0.0051181395287919285,2025-08-28
0.01243858742039071,0.8731845444375355,0.11388207336467485,0.0,0.0004947947778524762,2025-08-29
0.9892951652945047,6.26478419861378e-25,4.445214520087544e-05,0.0,0.010660382560030282,2025-09-01
0.005157054890904342,0.9459047796282148,0.048785141172416675,0.0,0.00015302430890679996,2025-09-02
0.23266898755436644,0.754299877654399,0.012088998118700775,0.0,0.0009421366727762117,2025-09-03
0.43436386240237934,8.770118759644116e-34,0.35464235844401054,0.0,0.2109937791537068,2025-09-04
0.01943011324756541,0.9356101770549551,0.04395727081933505,0.0,0.001002438878021789,2025-09-05
0.059773892840187595,0.8791599752249056,0.06073391272421564,0.0,0.0003322192103375937,2025-09-08
0.1023338108477406,0.838511972140773,0.058447119955570725,0.0,0.0007070970562551594,2025-09-09
0.10082187287061978,0.8626066576283309,0.03611340062819475,0.0,0.0004580688728310937,2025-09-10
0.09185049664993311,0.81448158035153,0.09303948513931985,0.0,0.0006284378590815839,2025-09-11
0.0844035848326443,0.8853017276505082,0.029858254338727915,0.0,0.0004364331781639606,2025-09-12
0.03667238219388655,0.8663128778046039,0.09645541913571597,0.0,0.000559320865568361,2025-09-15
0.9936022771852336,3.649641212872406e-12,0.0016351818973646644,0.0,0.004762540913625657,2025-09-16
0.14853947119202343,0.7963374149304348,0.05462263259711489,0.0,0.0005004812806747578,2025-09-17
0.0982755612650418,0.8583769053051681,0.04291878450525055,0.0,0.00042874892431218734,2025-09-18
0.025864700561975994,0.6610504570364525,0.31189075952164913,0.0,0.0011940828801129905,2025-09-19
0.005845089648847632,0.8834169591468493,0.1100217555516948,0.0,0.0007161956528468613,2025-09-22
0.020829850727856706,0.8972705172081749,0.08155008512155437,0.0,0.0003495469420626422,2025-09-23
0.012910103097093494,0.8907912402620088,0.09566619317025833,0.0,0.0006324634705666642,2025-09-24
0.001170707264187862,0.0002530507626264742,0.995621471407828,0.0,0.002954770565804394,2025-09-25
2.5150399702615452e-05,1.1502076944173632e-06,0.9953015870843808,0.0,0.004672112308651239,2025-09-26
0.050799121272965306,0.7032080223881674,0.24510791542910534,0.0,0.0008849409095535382,2025-09-29
0.06471135688853952,0.7184911118793023,0.21602619536722711,0.0,0.0007713358647312468,2025-09-30
0.9967772162560918,2.2021670621115973e-19,6.330021790283111e-06,0.0,0.003216453722040575,2025-10-01
0.7991844780464725,6.362958118995182e-07,0.19808905663191692,0.0,0.002725829026125783,2025-10-03
0.9976993467355749,2.685336789927804e-07,0.0010132946675460094,0.0,0.0012870900633462383,2025-10-06
0.05724740046431474,0.8985957907297848,0.044057302675997924,0.0,9.950613033369427e-05,2025-10-07
0.013271931537130882,0.893975328645605,0.09234499982838112,0.0,0.0004077399887110225,2025-10-08
0.7316043768359234,0.22951176950907287,0.036552268769905014,0.0,0.002331584885324131,2025-10-09
0.8861721488979829,0.03628198610525774,0.07597073457487331,0.0,0.0015751304220066595,2025-10-10
0.025644574786724713,0.9079935149747761,0.06620280143066307,0.0,0.00015910880779496404,2025-10-13
0.012999351161064309,0.1813466282613398,0.8029494866098296,0.0,0.002704533967727587,2025-10-14
0.9918325784392937,0.0004625852463860417,0.004631028013455434,0.0,0.0030738083006178725,2025-10-15
0.9990957503974132,2.59114974918823e-11,6.517181091193872e-06,0.0,0.0008977323958444781,2025-10-16
0.9743753780512829,0.005192920795973382,0.01869328394379575,0.0,0.0017384172090274116,2025-10-17
0.10188219470879324,0.8811206819432763,0.01683471462888003,0.0,0.00016240871886249924,2025-10-20
0.061267345719145466,0.873080750114258,0.06530277872707078,0.0,0.0003491254396455693,2025-10-21
0.42557592326712584,5.514549776230567e-05,0.5676897442296995,0.0,0.006679187004987449,2025-10-23
0.015154527794185989,0.01272512527346671,0.9700202301117018,0.0,0.002100116820366271,2025-10-24
0.9698215284708369,0.011479760770785016,0.015288814421404699,0.0,0.003409896337331702,2025-10-27
0.01262240954006963,0.9287584379167094,0.0584229851758468,0.0,0.0001961673670311866,2025-10-28
0.14106898083954647,0.8303873549459945,0.02797549060820595,0.0,0.0005681736060588976,2025-10-29
0.004721971481244869,0.3415259186099188,0.6505535544012531,0.0,0.003198555507823543,2025-10-30
0.0016008451860798822,0.011034785847504197,0.9844558507021341,0.0,0.002908518264220534,2025-10-31
0.05735032157952612,0.8826269581814985,0.059679446278285496,0.0,0.00034327396087995655,2025-11-03
0.0015607578165727067,7.235769260007553e-05,0.9954470250018028,0.0,0.0029198594889630015,2025-11-04
0.010377448331937508,0.7909798494109093,0.19799540445958874,0.0,0.0006472977973777466,2025-11-06
0.010209881993583346,0.9330798119804072,0.05632656124763265,0.0,0.0003837447782464595,2025-11-07
0.09716779673864333,0.8659549538575086,0.0364830024224636,0.0,0.0003942469818250043,2025-11-10
0.03252164274133077,0.962318515387494,0.0046193687410033225,0.0,0.0005404731302902833,2025-11-11
0.10485838304604506,0.8871751588689943,0.0073651352132494486,0.0,0.000601322871522296,2025-11-12
0.02706289484180928,0.9108246874322783,0.061758206835983216,0.0,0.00035421089036134036,2025-11-13
0.5073883346629944,0.0010879023526660832,0.4868761683971961,0.0,0.004647594587048036,2025-11-14
0.12125478634384398,0.8435343009893959,0.03479971897019357,0.0,0.0004111936969089637,2025-11-17
0.03517628075602858,0.01736873178342281,0.9441554426392715,0.0,0.0032995448216045806,2025-11-18
0.929149932656777,0.03921345681481883,0.028309846495023,0.0,0.0033267640333327323,2025-11-19
0.07985917468836061,0.9129233204070699,0.007085486277436579,0.0,0.00013201862735160894,2025-11-20
0.013215618950134126,0.9017286722864478,0.08440792723878418,0.0,0.0006477815242924351,2025-11-21
0.006142593185485727,7.569529072143165e-06,0.9913088521322158,0.0,0.002540985153021035,2025-11-24
0.0476040939177518,0.07272571570337191,0.8771658969183141,0.0,0.0025042934607529227,2025-11-25
0.8631511718899083,9.575585018744718e-93,8.549816197400294e-14,0.0,0.1368488281103433,2025-11-26
0.03445971634581223,0.9249844576383915,0.04005582271351966,0.0,0.0005000033023528424,2025-11-27
0.04732664132976128,0.873322235644075,0.07895709164301459,0.0,0.00039403138281761505,2025-11-28
0.12820852342784314,4.447658812156998e-05,0.8677024217508004,0.0,0.004044578232941608,2025-12-01
0.006187133700275691,0.8841322170520194,0.10894901843402957,0.0,0.0007316308135916822,2025-12-02
0.024687135240936308,0.8718187260669081,0.1030305560281937,0.0,0.0004635826641221952,2025-12-03
0.05298846324945458,0.9031981684210656,0.04353901322453913,0.0,0.0002743551048441136,2025-12-04
0.9919129820233629,6.047238474099061e-14,0.00283612384817408,0.0,0.005250894128729706,2025-12-05
1.856485475963193e-05,4.005334895762073e-09,0.9985314325895935,0.0,0.0014499985504032324,2025-12-08
0.00623318177134213,0.8551496325797978,0.13773501790743362,0.0,0.0008821677411832235,2025-12-09
0.01553860325083857,0.6066110753697089,0.3766974303488128,0.0,0.0011528910303823844,2025-12-10
0.7090398523505033,0.26354278001147985,0.024585698755153918,0.0,0.0028316688825765807,2025-12-11
0.2786306366714096,0.6964862279034593,0.024147523160002845,0.0,0.0007356122652405037,2025-12-12
0.1836864437735178,0.282446385216317,0.531887371022608,0.0,0.001979799987205202,2025-12-15
0.010668457885564746,0.44051634367583903,0.5452859299372944,0.0,0.0035292685011669212,2025-12-16
0.04012864615637579,0.7562470243067558,0.2029369896849549,0.0,0.0006873398518300747,2025-12-17
0.028819929092952057,0.9067309356976815,0.06416879915997249,0.0,0.00028033604950975096,2025-12-18
0.10761514091763767,0.8749765905869232,0.016801616069063465,0.0,0.0006066524263539135,2025-12-19
0.9876267976565528,2.7051526209315578e-05,0.005161027020161931,0.0,0.0071851237970877915,2025-12-22
0.054702968400845826,0.8904544675014282,0.05470422603115643,0.0,0.00013833806612364213,2025-12-23
0.042303631110049915,0.8688779576334431,0.08838850624050743,0.0,0.00042990501629434983,2025-12-24
0.024605000764995444,0.7230461808176469,0.25123447757825523,0.0,0.0011143408389098933,2025-12-26
0.025105550061829754,0.03448551912878806,0.9377985724758936,0.0,0.0026103583335209176,2025-12-29
0.07255960751937623,0.8084895740911503,0.11832315206720978,0.0,0.0006276663218455995,2025-12-30
0.9954966060150465,7.853232291128479e-06,0.0018536553816160687,0.0,0.002641885371340157,2025-12-31
