Date,Log_Return,gk_volatility,Range
2010-01-05,0.0086963957751834,0.006170229538451787,0.008706151341008751
2010-01-06,0.0007386389062683265,0.006782706825110746,0.009617989103575201
2010-01-07,-0.0035466864183382987,0.007429943628630101,0.01098208348977426
2010-01-08,-0.003492649046092997,0.005165874834305668,0.008017504111254112
2010-01-11,0.0008861894848711219,0.007805599086675046,0.011315653547080484
2010-01-12,-0.0074571562473284584,0.012503983917997542,0.019105981604736394
2010-01-13,0.004509678948100578,0.009116006116187143,0.013307423270358696
2010-01-14,0.004945708140283072,0.004522586125095781,0.007671267211429341
2010-01-15,-0.0014649229624307774,0.004943479036757488,0.007120806700614493
2010-01-18,0.004303187818976659,0.008167035181199133,0.012047698704411865
2010-01-19,-0.00937108811281388,0.007321334871824271,0.013232785134100863
2010-01-20,-0.0007561165620956245,0.007459796314444138,0.010590476454085368
2010-01-21,-0.024730253416518803,0.010579480988824956,0.02648133740267132
2010-01-22,-0.011480687178891941,0.018260516722228063,0.027660803154785543
2010-01-25,-0.005595470135225262,0.006659833276986608,0.010513467052398364
2010-01-27,-0.03139894990280727,0.01587502425771937,0.036152189689479454
2010-01-28,0.002911399732814308,0.015206025716886463,0.021562423756998305
2010-01-29,0.003036077739411096,0.01858658378624151,0.026157085736792086
2010-02-01,0.0036088449983292152,0.013109003045269234,0.018705206173926858
2010-02-02,-0.01430682701245135,0.017189436441611975,0.028374112734020115
2010-02-03,0.020846999413257735,0.011270043301018958,0.023956507193902358
2010-02-04,-0.017694688705123994,0.00927369076474171,0.020421580492008838
2010-02-05,-0.026496781268445523,0.015064606254066776,0.02853568396266684
2010-02-08,0.008808956769992533,0.0184459873640892,0.02597468802628784
2010-02-09,0.006751796164294356,0.009657339706266017,0.014824743333068102
2010-02-10,-0.007424173049006029,0.010657428321691769,0.016553854529308267
2010-02-11,0.014534800298261869,0.009002462149637317,0.017930907928863496
2010-02-15,-0.005171975135166793,0.008419727644048608,0.012848986933002684
2010-02-16,0.011141443639869172,0.010946593284014082,0.018256685855686558
2010-02-17,0.011924704368882228,0.0076793639276141485,0.01467238454543142
2010-02-18,-0.005356199200524958,0.006057765039848102,0.009891997212418803
2010-02-19,-0.008805489760123469,0.010627540035070953,0.0168734136200529
2010-02-22,0.002370817440569972,0.009544600262711091,0.013621181054679075
2010-02-23,0.0028067612985113975,0.0072132082816128585,0.010461945432972705
2010-02-24,-0.002353813207905825,0.00653343145974577,0.009447145560691803
2010-02-25,0.00023664559057058937,0.006483954988681209,0.009167098037450486
2010-02-26,0.012788865005232845,0.017375896045741333,0.02713158685708674
2010-03-02,0.01905628423679781,0.008660011632503916,0.018756248287073948
2010-03-03,0.014072353623684244,0.006358201916020189,0.015359348449089764
2010-03-04,-0.0015440261478846663,0.006364820086953215,0.009438550329708183
2010-03-05,0.0016619605947973564,0.00695383430883666,0.0099436193358101
2010-03-08,0.006912950461775033,0.006525629148312536,0.010724081833040593
2010-03-09,-0.004400769901265003,0.004601268945734103,0.007340920715720866
2010-03-10,0.002887134691252988,0.006011010266397329,0.008863933086977766
2010-03-11,0.0033464398319566976,0.006650416549968893,0.009837534764619307
2010-03-12,0.0007010628286984394,0.0049122532374201704,0.007007981312049835
2010-03-15,-0.0015780592864252823,0.006843460918866724,0.009719357040331448
2010-03-16,0.013402000790980504,0.00783785932476959,0.01607314270942405
2010-03-17,0.006481289167163449,0.010566502228931495,0.01593113385424507
2010-03-18,0.0026723183478340206,0.005341943998427052,0.007863283853656916
2010-03-19,0.0032163668929633504,0.003996066893515624,0.006241943238462328
2010-03-22,-0.011005003954608747,0.007497956343184517,0.014197415632841631
2010-03-23,0.003854011649290952,0.006395121487642247,0.009607141635675435
2010-03-25,0.006694875828928294,0.0076310556442747745,0.012232836014297942
2010-03-26,0.004097762953683076,0.0036597554193247375,0.006285534894452859
2010-03-29,0.003939616419884685,0.011478387969295794,0.016481684515724657
2010-03-30,-0.007647695404744314,0.008618744686521426,0.013995363302317477
2010-03-31,-0.0025400829491546485,0.007777103369993847,0.011192394678514928
2010-04-01,0.00785610742115299,0.004488187718257745,0.009337473271666194
2010-04-05,0.014617134988492871,0.0070558451800780235,0.016047594052398827
2010-04-06,-0.0004471423471397832,0.004846906701899499,0.006885893967806559
2010-04-07,0.0016106854412794307,0.007111468729475279,0.010158819392578532
2010-04-08,-0.013147309710539474,0.009122383066507849,0.01760783849498422
2010-04-09,0.010744286598761555,0.007162803844577801,0.01402530802676365
2010-04-12,-0.004120906136825128,0.007372893038126581,0.01072157572634085
2010-04-13,-0.0031418105563994977,0.006965528418607473,0.01029500609187699
2010-04-15,-0.009314437828800527,0.013098622409785494,0.020450943503316055
2010-04-16,-0.0020880400510003044,0.005982104281300809,0.008645916306706235
2010-04-19,-0.011264936095264202,0.013275189119207288,0.022705198189934855
2010-04-20,0.005070133360250802,0.0060839707072606625,0.009359322842489365
2010-04-21,0.0028257402454029998,0.004530334810117304,0.006863810686627774
2010-04-22,0.004650876550451328,0.014631528884139168,0.0210082277661695
2010-04-23,0.006573090991872485,0.003770618183158276,0.007805264150660277
2010-04-26,0.0034536355429986695,0.005034558735775498,0.008078985884709686
2010-04-27,-0.002652689456282345,0.003528326324929235,0.005491330038050864
2010-04-28,-0.017655659171124917,0.009089954139598731,0.020285843163182708
2010-04-29,0.007392810217539679,0.004909834216587677,0.00950680818798459
2010-04-30,0.004529016135379945,0.004662037271924908,0.00769223368226601
2010-05-03,-0.010523154984110675,0.006502699918439153,0.013144491048776985
2010-05-04,-0.014318672982353193,0.012841295760243655,0.0223948343570943
2010-05-05,-0.004594416530933983,0.012408882294094538,0.017922320319708987
2010-05-06,-0.006666163674476285,0.011420101178885629,0.017118929190995526
2010-05-07,-0.014403456807526558,0.01251917579330535,0.020137266193154674
2010-05-10,0.03438574403959364,0.01357144298441909,0.034022586203930186
2010-05-11,-0.011123364586176314,0.008879667997597528,0.015614847081449609
2010-05-12,0.003983372356512285,0.009813070731689463,0.014360155211447142
2010-05-13,0.004305534740252186,0.008457241408977731,0.012502655239715466
2010-05-14,-0.016627442603929482,0.01306711157133921,0.023912791732109553
2010-05-17,-0.0066185160897830105,0.017548779382855074,0.025356194225911746
2010-05-18,0.0012443672728817412,0.01127249952139531,0.015978483319194364
2010-05-19,-0.02935369831893425,0.012940468550259973,0.03190271633713773
2010-05-20,0.005665260344674226,0.007430639003462876,0.011308552471531485
2010-05-21,-0.0033304234883113635,0.014955780528017167,0.02117161163066226
2010-05-24,0.002592439572484712,0.015076113030067683,0.021460493165080034
2010-05-25,-0.02814346627068717,0.015154264256802049,0.033317709958651895
2010-05-26,0.022758735608322447,0.009832762631801379,0.024027004712121686
2010-05-27,0.01727782415402294,0.012909804769619497,0.02378525267878344
2010-05-28,0.012602334221159585,0.006664377291035508,0.014141754271804557
2010-05-31,0.0038905382570750065,0.008143883514983189,0.011609676038822887
2010-06-01,-0.023090492266616938,0.01040399896144461,0.025331050194666062
2010-06-02,0.009939952188865392,0.00670927374446559,0.01277934388019905
2010-06-03,0.01789717455385668,0.009672833274309305,0.020653613730310147
2010-06-04,0.004879962836728166,0.007262803082808099,0.010962867235420115
2010-06-07,-0.019962312910597833,0.013267670111643893,0.025566188977453316
2010-06-08,-0.009360298632856782,0.013305872637008056,0.02086388701475026
2010-06-09,0.0026432734937479525,0.00975687660467455,0.014099154601472139
2010-06-10,0.015537780712110243,0.00748499257772638,0.017248867005038856
2010-06-11,0.007991844656968942,0.006720507479010879,0.011778800733926472
2010-06-14,0.01518876068179503,0.006015897315709712,0.015603073399537242
2010-06-15,0.004731253234392907,0.00781836743586897,0.011565749039327567
2010-06-16,0.0021041161955454323,0.005414823066254826,0.00778659926043355
2010-06-17,0.007898634397593373,0.009467749663837404,0.01497672891881832
2010-06-18,-0.002325041692512812,0.007474952116487912,0.010793106759678803
2010-06-21,0.017087936936644132,0.008634507055171502,0.01872676735052617
2010-06-22,-0.006888596684940277,0.0037393444502554253,0.008144434747996334
2010-06-23,0.001240655034366222,0.005955715466519323,0.00848180178504287
2010-06-24,-0.00047911774257688094,0.008473469359119997,0.01198173116376143
2010-06-25,-0.009736053722463615,0.005397782090377711,0.01150114345139391
2010-06-28,0.01215763950246269,0.005509066396551589,0.01288088409346583
2010-06-29,-0.014608882074956035,0.009519260806239747,0.018711433175145002
2010-06-30,0.01066373324209074,0.01314110351141141,0.020771783088235293
2010-07-01,-0.011567845125803692,0.008092197293134736,0.015319668760199452
2010-07-02,-0.002726760461016281,0.006749520821338041,0.009862309556936823
2010-07-05,-0.00022919799823436973,0.003628125641225301,0.005137589114663704
2010-07-06,0.010099878028875301,0.006273977672926667,0.012469195365498478
2010-07-07,-0.009107190095395111,0.005883895948155101,0.01207757980348569
2010-07-08,0.010580904083332588,0.008283490421858693,0.01482012867132764
2010-07-09,0.010442113816835361,0.0050780702856760935,0.011555382510455839
2010-07-12,0.005691403079691351,0.005698959681807068,0.009492865995959502
2010-07-13,0.0032734590355328547,0.005291868687894738,0.008952644316986228
2010-07-14,-0.0026884727623095483,0.010522834771259124,0.01517781745443568
2010-07-15,-0.0013748206813710688,0.004980972316817682,0.0071764067220543805
2010-07-16,0.002812662152533556,0.0029234518924583456,0.004996421105402723
2010-07-19,-0.0013820902196343338,0.006208385760173905,0.008837006921120976
2010-07-20,-0.0034311774341907633,0.007955402208921996,0.011708289429256707
2010-07-21,0.005823194372050832,0.0039365629855577485,0.007454600881960168
2010-07-22,0.007858894368978778,0.008479156337414657,0.013772582317237849
2010-07-23,0.0013129869348835793,0.005426469603722013,0.007771943421348691
2010-07-26,-0.005612977820209495,0.006694148553666694,0.010528513575337697
2010-07-27,0.0022121455365479116,0.0055722825888408255,0.008056199906688346
2010-07-28,-0.006104532335174015,0.006715041244885539,0.011412603845313927
2010-07-29,0.002100616231522225,0.0043090303965886406,0.0063414545634108
2010-07-30,-0.00766482751966219,0.006977494145697437,0.011932670750838386
2010-08-02,0.011862037773378627,0.008977719431750844,0.016118544925174973
2010-08-03,0.0014533637403788082,0.004184369081060616,0.006029964637971425
2010-08-04,0.005189203059859094,0.006242923889236831,0.009784467211881384
2010-08-05,-0.003802129121223046,0.005059205682285006,0.00808683591227808
2010-08-06,-0.0014421911745366375,0.005158212673111177,0.007455036022889185
2010-08-09,0.008585532950855656,0.0055331611582128595,0.010763432596377508
2010-08-10,-0.004649694232652821,0.005172297384535608,0.008442158698956339
2010-08-11,-0.007370493986963361,0.006719067564340764,0.011548554870025724
2010-08-12,-0.0007658730806648022,0.007673163580843164,0.010828107012690111
2010-08-13,0.006560218103885612,0.0070571005188537535,0.011188349242931672
2010-08-16,-0.006218796401868112,0.007943066338937725,0.012522396342400852
2010-08-17,-0.000766198350143573,0.004434467394249911,0.00641836680306117
2010-08-18,0.011934082898280511,0.005914106910813452,0.013086007243902867
2010-08-19,0.0110806748273832,0.004916068257463052,0.012021243873569691
2010-08-20,-0.0017253047875308014,0.004096052676266697,0.0060119516850830656
2010-08-23,0.0023207385735129846,0.0036281363895753482,0.005483882446784522
2010-08-24,-0.006951117177111686,0.006353530887715438,0.010680969218440464
2010-08-25,-0.007795835084648713,0.004914308595352459,0.009812644136312021
2010-08-26,0.002842680040908752,0.003704677822547197,0.005814200686904295
2010-08-27,-0.012712993664487983,0.00973358188970352,0.019089614190389508
2010-08-30,0.0012472112140708633,0.010215099795979912,0.014523243591424349
2010-08-31,-0.00241273435696224,0.0084443172804585,0.012031689836918723
2010-09-01,0.012773504308811986,0.005879102492044025,0.013807083823643186
2010-09-02,0.002609931156180491,0.0051729317854843655,0.007673887590688021
2010-09-03,-0.0012311285750001095,0.004666542494325142,0.006706938835451782
2010-09-06,0.017646478902998107,0.008779088506293005,0.019697163110508044
2010-09-07,0.004838561479732106,0.00604129605217274,0.009609225134948251
2010-09-08,0.0006867908104461945,0.00726037382253815,0.010262365021410329
2010-09-09,0.005725476804122235,0.0034834139991379628,0.0069769060591531925
2010-09-13,0.021044578618470873,0.00957813726612246,0.02281248304578993
2010-09-14,0.006152873284535868,0.00874194010303552,0.013484551640258732
2010-09-15,0.011221391822531002,0.006218768982612719,0.013180456653902876
2010-09-16,-0.005517715371069107,0.009772127241059452,0.014728858026578811
2010-09-17,0.009604253244100887,0.005917683164462044,0.011843720799331053
2010-09-20,0.016097570938055195,0.007406845744527061,0.017465272998071026
2010-09-21,0.004770785040215841,0.007824142713830164,0.011807142449693797
2010-09-22,-0.0030082905643817803,0.010580739579483418,0.015181056089342346
2010-09-23,-0.005263401003784735,0.008181156824193065,0.012484148095419985
2010-09-24,0.009809852862910048,0.00687473052480464,0.012943838770390893
2010-09-27,0.00287874266275489,0.006203180750069629,0.009145692047357615
2010-09-28,-0.0010194490621581462,0.006837596552137801,0.009702297039555519
2010-09-29,-0.006355704200122867,0.010049342496292317,0.015338892283749336
2010-09-30,0.0064303668597660915,0.009157780642185689,0.014071442534004656
2010-10-01,0.018639567709410974,0.008355887448643974,0.0199889792168504
2010-10-04,0.002609200623776862,0.008724893492540907,0.012566040781148506
2010-10-05,-0.002218629645768462,0.007960228533460928,0.011438754141508294
2010-10-06,0.006592558187392446,0.007766204696134357,0.012090908732147578
2010-10-07,-0.01075036507755265,0.008152622105756959,0.0150238057361301
2010-10-08,-0.0027568659448782853,0.00926908661910153,0.013369503321075601
2010-10-11,0.0052944167152087305,0.00890678655355104,0.013331454221599318
2010-10-12,-0.007352795767714826,0.008982449193871275,0.014283603637374307
2010-10-13,0.023206286464976675,0.009570129176137523,0.024142190660362824
2010-10-14,-0.009112731758761925,0.013162310374564045,0.020429503479231597
2010-10-15,-0.018742410609534424,0.012982324364416578,0.02478289236888231
2010-10-18,0.0021914056290457356,0.014723575044126464,0.02139583041682813
2010-10-19,-0.008039270881310663,0.01060193574862281,0.019726893666593488
2010-10-20,-0.007527423655550523,0.008122447981790825,0.011927265758091297
2010-10-21,0.019762949379863604,0.01164670413484896,0.021076800402564943
2010-10-22,-0.005827022890950839,0.007914435819771812,0.013146941183762407
2010-10-25,0.006531487421865502,0.006531581546302855,0.009286204730741567
2010-10-26,-0.003905517865498991,0.003968325918266166,0.007497549762619204
2010-10-27,-0.011468022351340748,0.008105259212817713,0.014702401114447266
2010-10-28,-0.004158169182956317,0.010827552768416756,0.01720193006333785
2010-10-29,0.004997761252085383,0.011283729644976696,0.01587812645799947
2010-11-01,0.01645649867513474,0.004880162288469192,0.007789050169602024
2010-11-02,0.00023702683230754845,0.004977160938497252,0.0071417217376205265
2010-11-03,0.0067592586021823315,0.003971071942028692,0.0057950158773638506
2010-11-04,0.019498589440667992,0.007354587570565506,0.014454425086858846
2010-11-08,-0.0013699101106928303,0.005026667463759554,0.01124622242092906
2010-11-09,0.004508981475751922,0.007310150589328073,0.010687862469348516
2010-11-10,-0.004110540185239915,0.0033554622559473545,0.006118823581220783
2010-11-11,-0.013063621326274108,0.009586697748729152,0.018896525759777214
2010-11-12,-0.01999106166251395,0.012519099066201595,0.024005007262315678
2010-11-15,0.0081931355022444,0.009475946472265167,0.014595873012100068
2010-11-16,-0.021949123410368025,0.012593751470846704,0.028962830226000172
2010-11-18,0.0016850238606307781,0.018354919887723226,0.028247349608181715
2010-11-19,-0.018252519672628757,0.012503365553714046,0.025346724214052267
2010-11-22,0.020117851552952617,0.010007081382664639,0.01915143055844426
2010-11-23,-0.01259984437184087,0.017369174124482627,0.02500524914170774
2010-11-24,-0.01169455300758192,0.014855992476499297,0.02438729995098666
2010-11-25,-0.011315537992575984,0.012449597612695287,0.021854390275442906
2010-11-26,-0.00827585146692871,0.016207816854563184,0.025756464731645872
2010-11-29,0.013478038654212304,0.009898094383127526,0.015171476334691252
2010-11-30,0.005593281281109418,0.014007682622782685,0.021133590020996417
2010-12-01,0.016611178361988586,0.008338819567423212,0.01769031472429831
2010-12-02,0.00848614292930173,0.005637499144603739,0.008134121921428933
2010-12-03,-0.0031488868744578725,0.0068919158797429315,0.010203895397259764
2010-12-06,-9.17484193800369e-05,0.009366469017046016,0.014643915056948559
2010-12-07,-0.0026235219193067112,0.007001461177845048,0.010256721133557963
2010-12-08,-0.012264139639573417,0.008143087962135703,0.013787946482848333
2010-12-09,-0.023513995398226302,0.014877994489752031,0.03208185207664961
2010-12-10,0.01563198886586812,0.014289172805138719,0.02464426664781571
2010-12-13,0.008550805127915114,0.013993520125408299,0.019957157971899352
2010-12-14,0.0061510427131599675,0.007617287138239994,0.010968892555865327
2010-12-15,-0.00875276673674562,0.008261255559975323,0.013059450106609277
2010-12-16,0.009534732799129053,0.0114241487842724,0.01699518346816558
2010-12-20,-0.00028584800551315775,0.009860276113510957,0.014250763451350205
2010-12-21,0.00897251497180786,0.003725333477498128,0.007899209485040316
2010-12-22,-0.002711713380007471,0.006890478617704128,0.010995221870405076
2010-12-23,-0.0007354990769299838,0.004150716553262018,0.006998344089673913
2010-12-24,0.005270384359897009,0.005299175243648543,0.012825220640725771
2010-12-27,-0.0022481836293281954,0.006225217962354295,0.009111202123002978
2010-12-28,-0.000350188452758028,0.0032365749777677564,0.004778169170071714
2010-12-29,0.010674990062610617,0.005012174550385742,0.010675902545014956
2010-12-30,0.006824449589510328,0.0031487261977740347,0.007219089945264263
2010-12-31,0.005336555356628161,0.004073273163719163,0.007131795582362051
2011-01-03,0.003758531848336433,0.0029894097008973273,0.005091205807102107
2011-01-04,-0.0018286815139022822,0.005940661210190345,0.009216836243244908
2011-01-05,-0.010886657008168427,0.0066797574391907885,0.012993848899283055
2011-01-06,-0.0052027945736062816,0.00913586615104827,0.015516901195593766
2011-01-07,-0.024037249311890194,0.014880415174660048,0.028384665326069508
2011-01-10,-0.0242995637386114,0.013783827611593455,0.02885721507056623
2011-01-11,-0.0015194997868653757,0.0176325383643102,0.025095132148042872
2011-01-12,0.01879139619515671,0.018710643126343046,0.027783292649128044
2011-01-13,-0.019173839327316797,0.010288645153618686,0.02104518624153653
2011-01-14,-0.017069721768040398,0.021422172910555187,0.03430865527776909
2011-01-17,3.5403661761228884e-05,0.00897104893806306,0.012732658384543967
2011-01-18,0.012180662758961016,0.005792775144596379,0.010351062974937673
2011-01-19,-0.0057818316196177775,0.009267862117732709,0.01495332154467464
2011-01-20,0.0036044806065857974,0.010132412020762161,0.016624097221278278
2011-01-21,-0.0026472605158493817,0.0053221253034534425,0.00755723772272448
2011-01-24,0.008173301034109938,0.006609388549413909,0.010142341009010578
2011-01-25,-0.009772067655861168,0.012404012185207076,0.021257499810049884
2011-01-27,-0.014719059152266116,0.009600546802130325,0.02340165710514893
2011-01-28,-0.016579396404794635,0.016174831324567915,0.028092504812034992
2011-01-31,-0.0011345021634778043,0.012891744963943881,0.020014928942967164
2011-02-01,-0.016241113960522698,0.01133819911466569,0.02531748825941964
2011-02-02,0.0027282774031740335,0.00872498987566791,0.01379790046253682
2011-02-03,0.017292549076686366,0.00999432778482864,0.02074454287669064
2011-02-04,-0.023988332676138546,0.019690353085354644,0.03470323866005653
2011-02-07,4.633168856676948e-05,0.007302649093027887,0.011749425934720163
2011-02-08,-0.015586029138919214,0.009821953155198255,0.02427275038414162
2011-02-09,-0.011167907817883387,0.014504719289600457,0.021661599718196495
2011-02-10,-0.0052961425847933225,0.009953184344186588,0.01450501278306868
2011-02-11,0.01598397644993397,0.015842093394355175,0.026694915254237287
2011-02-14,0.027124085287313617,0.009161769000527452,0.022644758923662023
2011-02-15,0.00457164552281843,0.012628128454574474,0.017907298365945994
2011-02-16,0.00012774139600228233,0.005504845104477096,0.008108744631685575
2011-02-17,0.011742811215976985,0.010342025226936117,0.016154494226230352
2011-02-18,-0.01590161932654793,0.016798909614462055,0.02881502835885377
2011-02-21,0.01086772327922514,0.0128325836726684,0.020503370481909856
2011-02-22,-0.008991833464499622,0.009825296314580803,0.015020549201217542
2011-02-23,-0.0058405613764712025,0.008587819398157615,0.012441794147881052
2011-02-24,-0.03264758763813046,0.016910760959660254,0.03437397070516728
2011-02-25,0.0077321306790641905,0.013958549982439476,0.01988294617678497
2011-02-28,0.00558443762100127,0.022079521111186926,0.03157547505625088
2011-03-01,0.03483359635665696,0.013113648003542516,0.028882894019012048
2011-03-03,0.0025139753033331146,0.011400243623020893,0.01851450388061955
2011-03-04,0.0004604634219720642,0.009275677547430895,0.015183949023922364
2011-03-07,-0.013743314929411162,0.01030044000186133,0.015156055786054487
2011-03-08,0.010497213344531289,0.0057728859577225395,0.011918527571246453
2011-03-09,0.0018458890658586942,0.010922014150294727,0.015521534871632617
2011-03-10,-0.006639257065300575,0.005652261369422605,0.008708796269923628
2011-03-11,-0.008948940481997226,0.01174790245322208,0.016738816324766537
2011-03-14,0.01567859302758532,0.007779316916801017,0.018629631146614842
2011-03-15,-0.014907657983095256,0.01579742169598945,0.022790490680710478
2011-03-16,0.01122192659188634,0.006469574300136771,0.010732769638255544
2011-03-17,-0.011772572247673354,0.009606691817718997,0.013724032449347313
2011-03-18,-0.013484002212295716,0.009775525893053314,0.021707556823788603
2011-03-21,-0.0016669439671844774,0.006885957337540534,0.012134695815275641
2011-03-22,0.009110726224509216,0.0062711162585283005,0.009604994423933479
2011-03-23,0.012190217458324736,0.00738268282360271,0.015145294466493316
2011-03-24,0.007661810366167588,0.003523393621105228,0.0059575371080582236
2011-03-25,0.023594944054316423,0.011232095304887803,0.018773471697174693
2011-03-28,0.005819352489233676,0.006795075019307811,0.01158730534858675
2011-03-29,0.008596309323982254,0.009652049436783623,0.015628387531712723
2011-03-30,0.008903183538841914,0.004955533861395529,0.008509498817483046
2011-03-31,0.007933698152046535,0.010846619555829676,0.016001730903149776
2011-04-01,-0.0013208110878279227,0.005958812689367463,0.008547865987805645
2011-04-04,0.014044355538836166,0.007513373245768097,0.01447079981613992
2011-04-05,0.00027069583868808463,0.008615440370652164,0.012317968053291111
2011-04-06,-0.0031011912855171014,0.00889328854903506,0.012840054419315143
2011-04-07,-0.001027353989069185,0.004777752041206664,0.006770663869013832
2011-04-08,-0.007452509331449193,0.0117090513690593,0.017964771535861006
2011-04-11,-0.009683814289420984,0.006026024863912181,0.009056795301319575
2011-04-13,0.021510216644902755,0.014707304576977585,0.031810926663071976
2011-04-15,-0.014817896604968487,0.009300526735042626,0.017323210501616358
2011-04-18,-0.01652324234306882,0.01876238728714578,0.030659248285015584
2011-04-19,0.0020313964438487763,0.008174483113824254,0.012141304762008448
2011-04-20,0.01913379225131961,0.009610858215322819,0.016696179187577223
2011-04-21,0.005632139474262156,0.00582662264577316,0.008250174703236827
2011-04-25,-0.0017348455169341906,0.005750229729797056,0.008443288391565239
2011-04-26,-0.00103894238317352,0.012270581659964355,0.017321653656289234
2011-04-27,-0.005896293981322488,0.00692481082191143,0.012410206475202561
2011-04-28,-0.008339534900220089,0.006612952916422834,0.013732674960303334
2011-04-29,-0.006233284254191724,0.011535750802406972,0.017088442473258546
2011-05-02,-0.008418709752226371,0.008130897576693455,0.015356113112227184
2011-05-03,-0.024152277406054596,0.013941505396530501,0.0280220487904856
2011-05-04,-0.005061997028756225,0.009048769536665204,0.013689317794234839
2011-05-05,-0.014058575581329499,0.012606448438705573,0.02136503754815985
2011-05-06,0.016637855340857616,0.008344773994706024,0.01656318687842862
2011-05-09,-6.306616896621993e-05,0.010323509799462971,0.015069067549163475
2011-05-10,-0.0017760168329809282,0.009846344727222163,0.014139426601624183
2011-05-11,0.004285827239714357,0.006009305454172557,0.008930772779542243
2011-05-12,-0.01427921764981002,0.010849262682352855,0.017535101487365867
2011-05-13,0.010624817456151603,0.015901920040221666,0.023959619037152262
2011-05-16,-0.008285276597504446,0.005009590142782049,0.009847227194717222
2011-05-17,-0.010980194083480721,0.011586347397881827,0.018900760124140742
2011-05-18,-0.0033795349947825953,0.007039135367046238,0.01093052409928163
2011-05-19,0.0013826543382725416,0.004870704453138292,0.0076177846598857275
2011-05-20,0.010674024255009313,0.010172617486950778,0.015456506270667303
2011-05-23,-0.01835813752553947,0.007402569876055186,0.015538739703039997
2011-05-24,0.0015397433883911405,0.007140394644258315,0.010222694114839156
2011-05-25,-0.008544496425544794,0.006474271342007994,0.011291917131081321
2011-05-26,0.011783080883934626,0.007336126812774026,0.01216663676002141
2011-05-27,0.01170978923544845,0.006084934177670643,0.013184511923394388
2011-05-30,-0.0005479852448685878,0.006103953044585827,0.00926343500513743
2011-06-01,0.021491803578991553,0.003343716243498226,0.006777521878353004
2011-06-02,-0.007475998503883324,0.005433306822120082,0.008332807694334456
2011-06-03,-0.0060720876465728746,0.011163584877675178,0.01771876557755925
2011-06-06,0.0027694979974720634,0.007426537770679274,0.011351995535956224
2011-06-07,0.004346988013065479,0.005948021130961095,0.011212853156188222
2011-06-08,-0.005287354136339274,0.0052422835286433205,0.007545020142700024
2011-06-09,-0.0010500264399477862,0.004865147227150292,0.0068918583086217435
2011-06-10,-0.006405124402290038,0.007395407222449996,0.011666484793213444
2011-06-13,-0.0005470160606905956,0.007587411272382283,0.010897716883428235
2011-06-14,0.0032231134450305594,0.004301478445692202,0.006535716213298791
2011-06-15,-0.00968220936071541,0.005703881520384505,0.011087636960761817
2011-06-16,-0.009359867303788395,0.007054769890562965,0.010691656147218233
2011-06-17,-0.005639646083818007,0.006720480309502481,0.012168270325694628
2011-06-20,-0.020425585533706467,0.020267926716909287,0.03451948560661928
2011-06-21,0.0034081334163708894,0.008729766539197612,0.012405620724814694
2011-06-22,0.0004642168432151349,0.005625129810230884,0.009093837367360724
2011-06-23,0.007869264178642029,0.008597956505410467,0.014727461965460526
2011-06-24,0.028033806169414976,0.009633489454559798,0.02457394476810601
2011-06-27,0.010065706387361805,0.011772718135873498,0.021423642067744626
2011-06-28,0.00337787100253908,0.007915275660814446,0.011171570377292002
2011-06-29,0.009896299617058683,0.003764341105444784,0.007526163232203884
2011-06-30,0.008348258431096389,0.005395343933279037,0.009172328077209895
2011-07-01,-0.0035832275147961966,0.00835921937937234,0.017068844425956305
2011-07-04,0.0041320193718407065,0.004868861026808982,0.00823817444252721
2011-07-05,-0.0032616450989141907,0.005124270128372547,0.00844272867034761
2011-07-06,-0.0011814121090557134,0.005596582267045792,0.007937125171058358
2011-07-07,0.018231322343836034,0.007654351164349898,0.01818827245461263
2011-07-08,-0.011993592594938669,0.007608304189821408,0.015784423908508323
2011-07-11,-0.007901219137585697,0.005381462178019999,0.009116594458958632
2011-07-12,-0.01614613735199751,0.010060237878987561,0.015073750469955747
2011-07-13,0.010673684337305226,0.004982491994537763,0.009802253728078726
2011-07-15,-0.0007791301274212043,0.008365320072422635,0.012354230188678254
2011-07-18,-0.002520651503807869,0.005554551399383597,0.008200016875241968
2011-07-19,0.008318027607452367,0.007466937873869419,0.012549938894711891
2011-07-20,-0.008318027607452325,0.007798883064255269,0.016220405395235882
2011-07-21,-0.004581970226838186,0.005696837790229222,0.008336889385213772
2011-07-22,0.01652754404382657,0.007059257413674841,0.013329918627739024
2011-07-25,0.00819318446303973,0.009148242045254922,0.014761476023819303
2011-07-26,-0.018738585183611912,0.012697585097303914,0.025489492123921143
2011-07-27,-0.005044278986077197,0.007621378478119724,0.012655981427917245
2011-07-28,-0.01070281423571575,0.004661829523593825,0.006642102011297891
2011-07-29,-0.0010483375695179318,0.008543576980399493,0.012103175734221087
2011-08-01,0.006327948763364648,0.008298463131265784,0.011863708916107281
2011-08-02,-0.010981260525951745,0.0069570513772563075,0.011481596354152218
2011-08-03,-0.009529274623523588,0.00571907631076283,0.008094656894054853
2011-08-04,-0.013598555890485751,0.011284196611661761,0.02088414826797427
2011-08-05,-0.022869105391128044,0.015452015016036946,0.021722179329575438
2011-08-08,-0.0179583228351812,0.02026632092422803,0.029334842361043275
2011-08-09,-0.008958618282299595,0.026667839738041654,0.04347650737588285
2011-08-10,0.017227550071201244,0.009288827069761097,0.014454581991135439
2011-08-11,-0.004408111716545394,0.008686484876751893,0.012445789024252802
2011-08-12,-0.012799706514216911,0.01276671538181263,0.027814209133499697
2011-08-16,-0.007350178385929561,0.011996100043991218,0.023193990527587728
2011-08-17,0.0041219774525322675,0.01284728723707974,0.01876753164398672
2011-08-18,-0.022489300253336914,0.012355312789589996,0.02962090515157641
2011-08-19,-0.02012366463152472,0.014122816909695617,0.02012113998430656
2011-08-22,0.010908862177967734,0.012956548775213223,0.02067849447339521
2011-08-23,0.010175072634902792,0.014367767299509282,0.020610641155157292
2011-08-24,-0.012198000598804451,0.011122315939409546,0.017815888931269386
2011-08-25,-0.010135216467870713,0.009072857741512664,0.018761941304349362
2011-08-26,-0.01915078114017379,0.019018507408858416,0.03201482923730914
2011-08-29,0.035545934512972804,0.011714272686094828,0.026089538805684095
2011-08-30,0.016410646200203265,0.012132032722479506,0.01773649176414717
2011-09-02,0.007768189646510544,0.014509582355564456,0.023878987630208334
2011-09-05,-0.00453403398630976,0.009036529517156494,0.013124772146130897
2011-09-06,0.009343838129813015,0.01612689681150117,0.025669886265357437
2011-09-07,0.011846324726533429,0.009352595227545703,0.015259617106084705
2011-09-08,0.005565372643843948,0.009631140727341487,0.013777713093678746
2011-09-09,-0.0183697632542546,0.010438248658701693,0.023115198449992155
2011-09-12,-0.022516956939733934,0.009684345476896793,0.015029938665760672
2011-09-13,-0.0011832034704437695,0.01630223496347654,0.024104695038059835
2011-09-14,0.014387068747856058,0.014290669947563795,0.021695545029458287
2011-09-15,0.012519756250054883,0.01735743452523385,0.02443012692406778
2011-09-16,0.0016830410664110814,0.009309082294506206,0.014849781186999065
2011-09-19,-0.010339904240795181,0.0052302823342817405,0.009767565344652151
2011-09-20,0.021284405456725344,0.010551443901869845,0.02230455974230393
2011-09-21,-0.0013530403595068234,0.007665816161875822,0.01140599127015049
2011-09-22,-0.041688881314134854,0.014149974890984894,0.03089173695795217
2011-09-23,-0.011418287525742744,0.014564694901076567,0.020676884051923375
2011-09-26,-0.006667982633315816,0.016864095206365393,0.02501338244487801
2011-09-27,0.027707482159485847,0.007389423317521478,0.01565004636032185
2011-09-28,-0.005112386748091802,0.010019969579166411,0.017711561314350203
2011-09-29,0.013964256346404452,0.014238336659677607,0.025570984658538527
2011-09-30,-0.014500177519274064,0.013140474630774428,0.020482476103777878
2011-10-03,-0.019147402767341518,0.007396934916881515,0.011392927105887204
2011-10-04,-0.016078690212319283,0.019753315130654165,0.029640769507896104
2011-10-05,-0.004378692933928154,0.0117230427303855,0.018268644003871473
2011-10-07,0.028375187287192356,0.008857587881482935,0.012561226828104175
2011-10-10,0.01855617514435224,0.010376642373383845,0.021909409494067642
2011-10-11,-0.0010548576964528867,0.0099606589825241,0.016303656973091156
2011-10-12,0.024828138159656368,0.011342815374859847,0.021992764735357283
2011-10-13,-0.00423490371061113,0.007118342040396021,0.013647565728798588
2011-10-14,0.010665900841971407,0.007395557806598303,0.016522769112211552
2011-10-17,-0.0027412799807702906,0.009387416956032379,0.01479024965808626
2011-10-18,-0.015902656477749584,0.006355995555875829,0.009220882444168734
2011-10-19,0.019977749866985615,0.0070923230848630074,0.014156037746013555
2011-10-20,-0.009236654465073555,0.009055312561520756,0.012775153859084747
2011-10-21,-0.008272641750434453,0.00920865354122646,0.016396162632327942
2011-10-24,0.009538596201786407,0.008180102973773837,0.011945021659408236
2011-10-25,0.018124976515835178,0.015973516823849322,0.024164071375438672
2011-10-28,0.03205264636282784,0.009904901562083818,0.014345213838342086
2011-10-31,-0.006381445723893785,0.004738883258911939,0.008570176380208521
2011-11-01,-0.012971900191361616,0.009416164336372145,0.013798208479309884
2011-11-02,9.508957091864603e-05,0.0118152469983984,0.018094666452972922
2011-11-03,0.001387241922938985,0.01037051985349846,0.015145041067274368
2011-11-04,0.003497687435602619,0.007957747165689977,0.013180876585028962
2011-11-08,0.0009741104185977595,0.006991659576536526,0.009878340256424388
2011-11-09,-0.012996889754193604,0.009604604882368407,0.02025454725696292
2011-11-11,-0.01004824814991453,0.0076282911329914075,0.01090186339158902
2011-11-14,-0.003973951574149737,0.008759393195621808,0.017160856581309565
2011-11-15,-0.01563137811895635,0.012518792033966726,0.020893736281690837
2011-11-16,-0.007535433683540195,0.010045498570019094,0.015048393756693854
2011-11-17,-0.01920746911581733,0.012044509481236313,0.02378025419220832
2011-11-18,-0.005883874256683862,0.01127070432880076,0.01588929637054674
2011-11-21,-0.026322819719387578,0.010231323926492768,0.02281122098053548
2011-11-22,0.007090231524927415,0.010238489101281755,0.014847256301510204
2011-11-23,-0.02225160074786096,0.018467190242430116,0.02943828128161049
2011-11-25,0.0007645323740951998,0.010733529955765533,0.01575348671629874
2011-11-28,0.02954818779399277,0.008558760385341114,0.01910832128390205
2011-11-29,-0.009568795826361632,0.008730927114434833,0.016440864580226595
2011-11-30,0.00559289365719913,0.01140352818052109,0.02002255852291594
2011-12-01,0.021456727931786077,0.01287208511844896,0.01928349152761306
2011-12-02,0.02269043070647762,0.015241015679837737,0.02854368783723642
2011-12-05,-0.00218052879217037,0.007423943279063451,0.01048789948313881
2011-12-07,0.004642806926756286,0.00922530641609444,0.013234306227548549
2011-12-08,-0.023776299598409673,0.01382996523779671,0.025810810210186184
2011-12-09,-0.01568777554509722,0.011087339740712155,0.015739637656338384
2011-12-12,-0.02120252082692823,0.013344714219712473,0.03246866308645681
2011-12-13,0.007527321801210558,0.011247783382961458,0.02003920204881612
2011-12-14,-0.007810722075448438,0.012723152392435284,0.01871619216790007
2011-12-15,-0.003554286186905766,0.013496873344721909,0.019973201035952275
2011-12-16,-0.02016465475128,0.02523618635027538,0.04098587547106869
2011-12-19,-0.008311164053918654,0.010272715674864463,0.014578049159212327
2011-12-20,-0.015048365861574937,0.010677509977552789,0.02334846465736609
2011-12-21,0.03225224047519715,0.01411825412352829,0.022458243298624128
2011-12-22,0.00863486755049247,0.009919626136940286,0.022740454413004742
2011-12-23,-0.00420204102712772,0.00829027060332658,0.014902418328383538
2011-12-27,0.007713071150727649,0.010733907818971931,0.01617726505762551
2011-12-28,-0.00945412670476182,0.008235679115078906,0.014992200241598476
2011-12-29,-0.012735306330580514,0.008284193370117222,0.013505515200430454
2011-12-30,-0.004735476707182386,0.011446896881175285,0.017635165627904393
2012-01-03,0.03003548729238125,0.008557107268956336,0.020418503967586314
2012-01-04,-0.0032895426540406015,0.007318483808277715,0.01136925902124982
2012-01-05,6.322223372845206e-05,0.007382399211472985,0.010452720618575564
2012-01-06,0.0008732913820035912,0.01563046128229047,0.022727709233713457
2012-01-09,-0.0023797867552800087,0.009441011523771647,0.01333600459742945
2012-01-10,0.022258239444290267,0.008069572849677952,0.018073822493590838
2012-01-11,0.002348055375701594,0.005172669309460875,0.0073236910945065434
2012-01-12,-0.006128698887331798,0.009465347453604899,0.01351623140362225
2012-01-13,0.0071670110077358545,0.009379513235784032,0.013286046515361694
2012-01-16,0.0016221735654996564,0.006832635491868773,0.011028129645041093
2012-01-17,0.01898197568577206,0.006509169584885022,0.014404164737546238
2012-01-18,-0.0023178251959906026,0.006522270542066422,0.010008495018167437
2012-01-19,0.012552569924145546,0.003534605524959216,0.006456221698995776
2012-01-20,0.005999858132263353,0.008393943347096328,0.011854790733778788
2012-01-23,-0.000465603288007518,0.004697262187177646,0.0075699196494921975
2012-01-24,0.015943582375194214,0.01010750574047252,0.01779671726370139
2012-01-25,0.006018054422187115,0.005968978613612921,0.00851053719364215
2012-01-27,0.008955071062037441,0.007299279286861488,0.010490536554905582
2012-01-30,-0.022814901479942987,0.008187605741845738,0.017582943892716908
2012-01-31,0.021767184851403856,0.009512565324081368,0.01831994999278742
2012-02-01,0.006986203648760355,0.010741994623302786,0.01634931231029756
2012-02-02,0.006510780445565732,0.008630230722034605,0.01218243164048475
2012-02-03,0.01056097309606885,0.008838417506503746,0.01488969676477521
2012-02-06,0.006699403711750445,0.008026789202307963,0.011712776072911471
2012-02-07,-0.004954763050203981,0.007799755145649238,0.01694421037805086
2012-02-08,0.006166342187456197,0.009025116201255491,0.013356502395722164
2012-02-09,0.008200072906646953,0.007690579386523314,0.015612441633550583
2012-02-10,-0.005697651486356129,0.0111911336314901,0.01611048642396505
2012-02-13,0.0015967803430544996,0.009095909012921618,0.012921579870877506
2012-02-14,0.004784205192390807,0.005149785486595462,0.009250212088455986
2012-02-15,0.02117367933441728,0.006681251476409027,0.014732598292200652
2012-02-16,-0.001809316598601389,0.006047585907213199,0.008629180028497772
2012-02-17,0.007640061404398583,0.007720461324182835,0.011052603590516621
2012-02-21,0.007671396090022358,0.005632948570938244,0.01065603756643369
2012-02-22,-0.018322187184283887,0.013203727084272622,0.025175528385607146
2012-02-23,-0.004013290579059847,0.009820129091273567,0.013969708092701223
2012-02-24,-0.009896897659749845,0.013827185214742665,0.021273461432408033
2012-02-27,-0.027656794612663387,0.014164709833030994,0.03439557214759237
2012-02-28,0.01769821133763864,0.008250130150560068,0.015747354170542276
2012-02-29,0.0018028934481800647,0.013167657171060278,0.019785671994189805
2012-03-01,-0.008475650994548561,0.009455072485023952,0.01403627422866239
2012-03-02,0.0036638818972382233,0.010168933772075513,0.014460708591120457
2012-03-05,-0.01485031539972594,0.007572498581963036,0.014923215928897648
2012-03-06,-0.01103535424618985,0.02288618003751227,0.03363394332650022
2012-03-07,-0.0003734051596396779,0.00970012809256862,0.013868517011954002
2012-03-09,0.021433378638431977,0.00491655118569357,0.009505809242972011
2012-03-12,0.004862958765541654,0.010303268102231762,0.017650754467009915
2012-03-13,0.012967068782384641,0.0044199587201535105,0.008812984189382079
2012-03-14,0.0063157539426588645,0.007368767745551725,0.011274016500526762
2012-03-15,-0.015381495959166968,0.009110599803858385,0.01862284087213084
2012-03-16,-0.011702836439644667,0.017020893941998596,0.02644839220869155
2012-03-19,-0.011508474451056095,0.009884622406198964,0.019431124760111003
2012-03-20,0.0033802656848120043,0.008351134822748404,0.012152022610980225
2012-03-21,0.01693683132759836,0.010444320152022396,0.021687078802317343
2012-03-22,-0.02577218838569368,0.01836273370180497,0.034484462170146696
2012-03-23,0.009470263113838983,0.01206386555920958,0.017430183887625936
2012-03-26,-0.017959984312352094,0.008286290356578876,0.019298894337416213
2012-03-27,0.011297260934515444,0.012611569179382652,0.017794702556004294
2012-03-28,-0.009273943932475727,0.007961164838729997,0.012887955538043217
2012-03-29,-0.0030654574390867073,0.0069369491806644396,0.01126690448163518
2012-03-30,0.02228376559490159,0.00910528202223807,0.019535307782570233
2012-04-02,0.004211661864997884,0.006562348028092725,0.009919329240618382
2012-04-03,0.007605614952249603,0.004481591158164897,0.006401008619483064
2012-04-04,-0.006665835901845565,0.004346484216110594,0.006218433234424631
2012-04-09,-0.016766043352304694,0.005707095231484475,0.011443508990768793
2012-04-10,0.0017560980486462775,0.005806153215826107,0.008381590169489537
2012-04-11,-0.0031994831122376596,0.00963448697073283,0.013937667293905446
2012-04-12,0.00952052643128076,0.004689740234549042,0.008309900195142236
2012-04-13,-0.013239017207444477,0.015319931034809392,0.023303170093779028
2012-04-16,0.0035941438484491926,0.005294367336190606,0.009567180385635851
2012-04-17,0.012077096484755998,0.011784528066241907,0.01698585824124233
2012-04-18,0.0019452501478614526,0.005983935611012962,0.009160340507075471
2012-04-19,0.006094579385556793,0.0066618964045143825,0.009592377083818838
2012-04-20,-0.007822467994285074,0.011815888097207218,0.017142747452139746
2012-04-23,-0.017204909624993044,0.013905677342376865,0.023728012157551305
2012-04-24,0.00423089488965838,0.007016610756040661,0.009956631398299194
2012-04-25,-0.003961750187553282,0.009976580998111297,0.014504074454536716
2012-04-26,-0.002502166640857171,0.003906741571778831,0.0070438028461649645
2012-04-27,0.0003083158607018674,0.009367350118030398,0.013245096656751344
2012-04-30,0.01102629869634238,0.0060369110495568055,0.01156592478506423
2012-05-02,-0.001716362147938504,0.006925796056278095,0.010144756942337768
2012-05-03,-0.009733907132363178,0.00417376638586706,0.007063816019114907
2012-05-04,-0.019766547986143027,0.011083019379764967,0.020956013173135505
2012-05-07,0.005352390914891362,0.015034019545706157,0.026739536894944987
2012-05-08,-0.022583237144103662,0.012860627580002981,0.02727029116891594
2012-05-09,-0.005042821909914006,0.008436232448916803,0.012020544953618775
2012-05-10,-0.0018308157369825856,0.01238731691136142,0.017922950741974683
2012-05-11,-0.0074384941865402255,0.009953176717979002,0.014222260351222912
2012-05-14,-0.00429008318777997,0.01141366599897624,0.01685076788044859
2012-05-15,0.007106196307577927,0.008379043181104884,0.01753062920792891
2012-05-16,-0.01725364197067538,0.006206045060770608,0.009303801844800083
2012-05-17,0.0024567533539605795,0.0103716720012686,0.01479401293541217
2012-05-18,0.004353778862483168,0.012459440853279704,0.024440564641149805
2012-05-22,-0.00634750970013281,0.009662342535431438,0.021901079171381545
2012-05-23,-0.005125777203313112,0.0072310814789956135,0.010298471910334733
2012-05-24,0.01757748695340402,0.012767210288447713,0.020675011585939793
2012-05-25,-0.00020321486380266794,0.006431207012336927,0.009440230053074438
2012-05-28,0.013173958334390843,0.006042440681907639,0.012766718857470919
2012-05-29,0.0008922027131203923,0.005026949136232239,0.007615077705124159
2012-05-30,-0.007916888957933466,0.0050445297850361115,0.007544331193506035
2012-05-31,-0.005367101491185887,0.002392953166058088,0.006051643334010255
2012-06-01,-0.01692671398152418,0.010236702377668336,0.019260161541458373
2012-06-04,0.001351903957286658,0.011132345147178195,0.018140880295127077
2012-06-05,0.0031200109335819946,0.007394705279348413,0.01053811240479203
2012-06-06,0.02714058403860763,0.011070635913452346,0.02487448530939966
2012-06-07,0.010461150903908,0.00707441923840507,0.010277920914806614
2012-06-08,0.0036964255001187096,0.012225320887093636,0.01768827900552034
2012-06-11,-0.0028155257153311976,0.010418803545680175,0.016570704652018584
2012-06-12,0.01215350351575396,0.009987637261382007,0.022234602351755877
2012-06-13,0.0010843223020839507,0.0068127237204907605,0.00965541109362144
2012-06-14,-0.01310924495287964,0.009651565382346785,0.016301479270735445
2012-06-15,0.016539804211283652,0.006493596413408979,0.014993101039509257
2012-06-18,-0.014662147764778139,0.015613096689977561,0.029323196919583353
2012-06-19,0.007789124317959819,0.006397303972448634,0.012833449013339635
2012-06-20,0.0032666409844854687,0.005613986426195903,0.0080069526835707
2012-06-21,0.0086432855573779,0.006728387286793081,0.014898297585914811
2012-06-22,-0.003675710428627626,0.007313391574747378,0.01278646868663483
2012-06-25,-0.006120440371459533,0.011000300173817068,0.017391257859455687
2012-06-26,0.001201686933128108,0.005148751209341361,0.007625723749589745
2012-06-27,0.004112003271970844,0.00414095238016002,0.005999746833303405
2012-06-28,0.0014089915678230246,0.004640958060697599,0.006554479989917935
2012-06-29,0.0248860906366406,0.008005966880435492,0.018422398946572657
2012-07-02,-5.679463652956444e-05,0.005156572752682643,0.007350396690351196
2012-07-03,0.001769754524874917,0.006700781149106207,0.009653987424607945
2012-07-04,0.002757116023506428,0.005850309213275233,0.008363919112470029
2012-07-05,0.004656706469918981,0.004800800444261405,0.00840947690762224
2012-07-06,-0.0019446391500623072,0.005177363860248856,0.007419703751838763
2012-07-09,-0.007892770948501047,0.0056505302734527856,0.008123010426151434
2012-07-10,0.0132199458969235,0.005027422210718029,0.011973023063178177
2012-07-11,-0.007332285285333639,0.004697693836320156,0.006822116473803709
2012-07-12,-0.013480158401750039,0.005917822331664032,0.008414078542094456
2012-07-13,-0.001529271504729059,0.00653080294923114,0.0096226131689703
2012-07-16,-0.005755687624308978,0.006395294797655065,0.010851874037952763
2012-07-17,-0.0008469413317297982,0.006173281296998609,0.01059148617150027
2012-07-18,0.004505602651746632,0.007027994321257023,0.010313880525119298
2012-07-19,0.00504836919305378,0.003206189172946587,0.004692257184235893
2012-07-20,-0.007197737118262219,0.0044377154293640635,0.007915351201613127
2012-07-23,-0.016884926528955263,0.005445638167240058,0.010961438762657703
2012-07-24,0.002000752092925557,0.005623430235872133,0.007946257643616972
2012-07-25,-0.00363361612631477,0.0061479915801840295,0.008806951452157928
2012-07-26,-0.013119999282962123,0.008197855274270931,0.01861984976080706
2012-07-27,0.01121000358729877,0.009567140511255607,0.014206338210959594
2012-07-30,0.019408979065827576,0.006284722738368624,0.014779433928777681
2012-07-31,0.005599929458278862,0.010828604446120105,0.015394912985274432
2012-08-01,0.0021968584221014834,0.003902441330280426,0.006430721364850682
2012-08-02,-0.0024359384433229802,0.0035924306396457966,0.005155125442350915
2012-08-03,-0.00230763010487979,0.007174190477667429,0.010650591653767723
2012-08-06,0.012735553625573123,0.0034993667829738913,0.0061239550694901085
2012-08-07,0.010198622309721916,0.007719416340127394,0.012826314540326502
2012-08-08,0.0002435299671450816,0.006089444703608559,0.008720549450871112
2012-08-09,-0.0028233533426232993,0.006816348083607889,0.010539286598182509
2012-08-10,-0.00047922749776307234,0.0045747300638504535,0.006766408664909048
2012-08-13,0.005155472083349568,0.00442924947542086,0.008115408182187462
2012-08-14,0.006049503744983293,0.006372107503923849,0.010826433028098758
2012-08-16,-0.00323921273413046,0.003597497743354381,0.0063397940987253215
2012-08-17,0.0006243883745507009,0.007664468886504852,0.010854779293008978
2012-08-21,0.01014167866750203,0.00428924968375321,0.010413153851918466
2012-08-22,-0.0015045258717129944,0.00463493107044346,0.007121995302519495
2012-08-23,0.0004617572633175854,0.007033093423333764,0.010110149669491482
2012-08-24,-0.005304542887016916,0.003699775793262774,0.005318636884354751
2012-08-27,-0.0067896999946754025,0.0053660102233465444,0.009812625578244007
2012-08-29,-0.01174104537301993,0.0051847309419816795,0.01187635822215311
2012-08-30,0.005140138925224487,0.010361433477896273,0.016509722998759236
2012-08-31,-0.010696567362371883,0.0072572966594388255,0.012237348608205762
2012-09-03,-0.0009037076407566584,0.006534799498925428,0.010021394688317867
2012-09-04,0.003846980593905577,0.005318110289124578,0.008560846102341675
2012-09-05,-0.009200290386331456,0.005504311939836452,0.008381614530199956
2012-09-06,0.0024272920075337386,0.005245804375078,0.008199105855450887
2012-09-07,0.01960276282144217,0.0032934038218120367,0.007103892914305321
2012-09-10,0.003988608782709102,0.0034700649469391245,0.004912900595083221
2012-09-11,0.004937923764457274,0.005119258795210006,0.011363636363636364
2012-09-12,0.007577894131802447,0.004498309734251739,0.0076596592478364945
2012-09-13,0.0008006548380166689,0.003330811722783643,0.0047099261678265935
2012-09-14,0.02584358933331103,0.0052215819415630926,0.010703380111068634
2012-09-17,0.005783196310569196,0.008088357356647332,0.011951923880347593
2012-09-18,-0.0017752281388536857,0.004295140860037647,0.0060891618046784255
2012-09-20,-0.00821209092065133,0.005582317977105738,0.008363000461358419
2012-09-21,0.024348919045650126,0.012999573353871972,0.025399050660740982
2012-09-24,-0.003793733782301371,0.00532218484940899,0.008307481452831332
2012-09-25,0.00075810903044665,0.006257408165670693,0.008856342350918624
2012-09-26,-0.0018434131257124254,0.004124420544889584,0.006029875988318048
2012-09-27,-0.0024662359760189018,0.006190154914345989,0.009558367997167892
2012-09-28,0.009477874770864534,0.006076388079992,0.009064876264922701
2012-10-01,0.0027140385821359655,0.0032438399766371072,0.0050622851474483406
2012-10-03,0.00217469800247328,0.003365803614254507,0.004789565158124318
2012-10-04,0.009784057731510025,0.005630008548443608,0.009658563376966432
2012-10-05,-0.007048401472376666,0.12258992514376567,0.16132903032637724
2012-10-08,-0.012422553983974943,0.006668543766103624,0.01508983480333862
2012-10-09,0.005026124741861446,0.006280267690355615,0.00889632912583141
2012-10-10,-0.009236897569122873,0.004458932826962474,0.006979679589909917
2012-10-11,0.009841438524261526,0.009277391261152278,0.014742320971804656
2012-10-12,-0.0056218911252959814,0.008131927115970763,0.011566125140328013
2012-10-15,0.0019712933975172303,0.005122957547484032,0.0074992994197547146
2012-10-16,-0.006925327076076647,0.007460929141280456,0.013881002539615793
2012-10-17,0.0021665606600093767,0.005874977806616295,0.008913068382580274
2012-10-18,0.010273480136426792,0.007591386917979117,0.012581564491084194
2012-10-19,-0.0060423486092661665,0.00608405890249162,0.00909534156880855
2012-10-22,0.005771220015412784,0.005745243591678318,0.011106932839729832
2012-10-23,-0.004514165983925739,0.004103205731187125,0.006913871815402677
2012-10-25,0.0024392867397124295,0.003681887184861064,0.0057928252359930555
2012-10-29,-0.006982713537108193,0.006632460601201219,0.009389950952107914
2012-10-30,-0.012021309646340173,0.010747991905555384,0.017863842109454586
2012-10-31,0.0038868064869830134,0.004555906300030416,0.007358061145457708
2012-11-01,0.0045007039065821375,0.0045805524163027075,0.008467561198097545
2012-11-02,0.009283598556758567,0.003565439099071582,0.0050458955393357895
2012-11-05,0.001140160934837295,0.003481812210309681,0.005206723869352713
2012-11-06,0.003534943543911931,0.0032043858025972015,0.00648974617034349
2012-11-07,0.0062171292271889006,0.006753443109193372,0.011440756449799245
2012-11-08,-0.0037134360408294775,0.00535025257217474,0.008808504410803747
2012-11-09,-0.009190436679217989,0.007738467945858659,0.013005090404484502
2012-11-12,-0.00044851642908619777,0.006581939834709786,0.009351285345343189
2012-11-15,-0.009315417200509159,0.005655230673220868,0.008542016987435624
2012-11-16,-0.010165182073687593,0.009909284015977507,0.016209058193249373
2012-11-19,-0.0004755128708731552,0.005481997491878743,0.007807732484200358
2012-11-20,2.6905325376147813e-05,0.007408081828818635,0.01172924948122498
2012-11-21,0.007732677239436856,0.006515421601381794,0.010472375688205434
2012-11-22,0.002303783619401963,0.004442275121004261,0.006281390903336147
2012-11-23,-0.0002043480676846334,0.005479198807613391,0.00785557788813026
2012-11-26,0.001651464026839213,0.002909198173283129,0.004568924297128057
2012-11-27,0.016113606124935557,0.005522593374733218,0.013129785986449236
2012-11-29,0.016888559855538453,0.007184854806808255,0.016721013277896997
2012-11-30,0.009372268537928177,0.00513657601035593,0.009762137025675197
2012-12-03,-0.0015147741130177722,0.005304337798390737,0.007588176224535097
2012-12-04,0.0031121612139040416,0.0036158943936516474,0.00610437582247315
2012-12-05,0.0019084379930875174,0.003101721012892287,0.0044826213085755445
2012-12-06,0.005138862601968067,0.012432827323031397,0.017476252179334545
2012-12-07,-0.00397016991551854,0.006756704361756741,0.010359920832212313
2012-12-10,0.00025388658596198357,0.0037398177330372354,0.0053901907601475426
2012-12-11,-0.001710765071977491,0.011624771841792333,0.016901693621136846
2012-12-12,-0.001832525857525198,0.005155228461442537,0.008551307346509851
2012-12-13,-0.006218342793891255,0.006050475455600306,0.011296265514184398
2012-12-14,0.004790710362347276,0.004477938775097394,0.007985270176999874
2012-12-17,-0.0036975880786428313,0.00431715492234222,0.0061284595063473895
2012-12-18,0.006618636854775263,0.009659770430214291,0.0140160604194244
2012-12-19,0.005546975807021157,0.0031597474763498516,0.004823275968906327
2012-12-20,-0.00222863426913261,0.0064464058721011635,0.009490552239632502
2012-12-21,-0.011679684367163802,0.0036067516412124083,0.007926209639373117
2012-12-24,0.0013756295489937814,0.002967341519147591,0.004644957013405627
2012-12-26,0.008476985338926086,0.005446453446706738,0.009778853807408868
2012-12-27,-0.006029383723567037,0.0047670086299266955,0.011260388796673423
2012-12-28,0.0064949350428471515,0.0037280910998678755,0.006135384566053357
2012-12-31,-0.0005502203045275154,0.0025826908616738394,0.0037002078364297944
2013-01-02,0.01481743509598375,0.002612914557234549,0.004012815198348142
2013-01-03,0.0027077144701615867,0.003527937653681111,0.005067009786587902
2013-01-04,0.0011059532042860644,0.004598481684662313,0.006515827555631307
2013-01-07,-0.004623255329017686,0.005258273188675335,0.01085431852581525
2013-01-08,0.0022185466869673303,0.004669281146855928,0.00710630337334424
2013-01-09,-0.005044642846597446,0.006325271708918094,0.010324022832412292
2013-01-10,-0.0004773973080222145,0.00608646344006272,0.009692325501204822
2013-01-11,-0.0029111045491811488,0.006731977687582092,0.013148388178724744
2013-01-14,0.012150107904682364,0.006548957431342518,0.01240859594849875
2013-01-15,0.005388844474855894,0.005511205019125491,0.008238929686485326
2013-01-16,-0.00908083134121998,0.005710321319908933,0.010646782173042508
2013-01-17,0.006203813876608185,0.006565739607125976,0.010779589275212192
2013-01-18,0.004164007938021129,0.0040650143623856974,0.005787892985534253
2013-01-21,0.0029472886846284353,0.003383640956587209,0.004809036209865492
2013-01-22,-0.005572574388951168,0.006295115597261292,0.010052046736794246
2013-01-23,0.0009584237077469017,0.005688401977353531,0.008035595182465716
2013-01-24,-0.005789434832539505,0.006134712179870705,0.009544171064849534
2013-01-25,0.009145062029183172,0.005760861493011603,0.010881221212352852
2013-01-28,2.4676400556721332e-05,0.0030528180941065347,0.004444590911319576
2013-01-29,-0.004107307883982924,0.007925105090187737,0.01146293500626907
2013-01-30,0.0009665070704739352,0.003103144299786352,0.004590726659579738
2013-01-31,-0.003473805238461769,0.0036836393090283978,0.005451742382658768
2013-02-01,-0.005958325862656894,0.006951114303548051,0.011627131830079197
2013-02-04,-0.0019438945962046322,0.005472725404988032,0.009561985886675853
2013-02-05,-0.005082013073346008,0.0026303971277217195,0.003936644176826522
2013-02-06,0.0003860815163471072,0.0033118799329046847,0.006334742710891657
2013-02-07,-0.003429216778715081,0.0060409525339592905,0.008570738872789526
2013-02-08,-0.005961664511139566,0.007925153545227118,0.011865891923223511
2013-02-11,-0.0009575010873592933,0.004866482449001242,0.007638343454236378
2013-02-12,0.004170762773135264,0.003943930213813424,0.00695647227205572
2013-02-13,0.001762935670411124,0.005431665509273671,0.00784597934502771
2013-02-14,-0.006086291505428713,0.0054580387551741594,0.00943714781061516
2013-02-15,-0.0016208437428339576,0.005224601098278166,0.007821838796854545
2013-02-18,0.001832795259055871,0.003772411729695749,0.005518599506569553
2013-02-19,0.0070114071991698905,0.006485795649900899,0.010842281634782375
2013-02-20,0.0005637768132327255,0.003145007323830863,0.0056284561650680786
2013-02-21,-0.01539623406156752,0.006950426366403301,0.013114614037336067
2013-02-22,-0.00033329408771618207,0.004397478124718857,0.006495393615478106
2013-02-25,0.000760388994695336,0.006231583387490942,0.009120782671121739
2013-02-26,-0.016081458393314825,0.007302633124142767,0.015664731090845218
2013-02-27,0.006151435864131232,0.008274815456824208,0.011816660828023734
2013-02-28,-0.018077176721828157,0.015659715755502325,0.03126619406235296
2013-03-01,0.004670292272359843,0.007132059546632603,0.010411436077987725
2013-03-04,-0.003713408297517434,0.0059790279653191315,0.008493446054882864
2013-03-05,0.014935724292001495,0.004959068576360335,0.01170423050741237
2013-03-06,0.005920993156224326,0.0040873616004334645,0.0057832451208589646
2013-03-07,0.007652851943975546,0.006527163097714785,0.013081404306015686
2013-03-08,0.01395575035978997,0.005209864734268555,0.011748001978189005
2013-03-11,-0.000563607599626711,0.004838210350844647,0.006874401034089506
2013-03-12,-0.0047653476368216515,0.006189331768984257,0.009866268188354482
2013-03-13,-0.010692545036311767,0.005098755627404358,0.008818720251203805
2013-03-14,0.009821381919884518,0.01400065806271619,0.021729731695083184
2013-03-15,-0.006170701154912373,0.009105705565279553,0.014414382204831844
2013-03-18,-0.0063803728356968134,0.0038725767414193274,0.006143712378432801
2013-03-19,-0.015421816917123578,0.011879230333624029,0.0242432127383196
2013-03-20,-0.009012074180768975,0.005968119561776469,0.01106350117315609
2013-03-21,-0.006280198856235595,0.012600119322772094,0.019403544013695605
2013-03-22,-0.0013085478175716774,0.007391987711235648,0.010555069070970926
2013-03-25,-0.0031014095850241405,0.008517590896480699,0.016684859975082608
2013-03-26,0.0013746681660056223,0.004473063991900091,0.007666264756689828
2013-03-28,0.007232310747962538,0.01034628786276674,0.015503620854070962
2013-04-01,0.003837748481610424,0.005537146688725371,0.007897464017247514
2013-04-02,0.0076315926493432315,0.006643040411180968,0.011734345986772634
2013-04-03,-0.013168948793470324,0.00921128910172275,0.016719860968649
2013-04-04,-0.017452960325511746,0.006743809480697821,0.01413521556459931
2013-04-05,-0.003864131335780677,0.005161313024786406,0.0076711131994777835
2013-04-08,-0.0018564567084833458,0.0040055174797991415,0.005800230832344224
2013-04-09,-0.008670081423453112,0.012269731416139384,0.0211187790258811
2013-04-10,0.011507499287045326,0.01151333258481122,0.016559591532769313
2013-04-11,0.006330291669064339,0.008554753946877814,0.01212009379469074
2013-04-12,-0.01176905510382896,0.0062924490782843776,0.008971628982015409
2013-04-15,0.007182202318757875,0.009697026620853842,0.016620626138901303
2013-04-16,0.021417989176254947,0.011373611352705034,0.025206742442903895
2013-04-17,-4.394580453027964e-05,0.007525027995104619,0.011100936976039913
2013-04-18,0.016458102609584743,0.00858616456805384,0.01945323409594683
2013-04-22,0.008831527973868913,0.004699005609642302,0.009435467895616072
2013-04-23,0.0004284013057793631,0.00637719691995815,0.009037331611395076
2013-04-25,0.013511403233731597,0.005735096571676939,0.012051500992606662
2013-04-26,-0.007609565149353201,0.004729224324151219,0.007928161380754495
2013-04-29,0.0055453860244868425,0.005287099883051408,0.008443301575466003
2013-04-30,0.004410930824423511,0.011294318130249378,0.015935381081181223
2013-05-02,0.011593174115103801,0.009009552885926994,0.01808529227897325
2013-05-03,-0.009268838888589223,0.006525308175310252,0.011801800528894684
2013-05-06,0.004540451211160536,0.005013914981656747,0.008047128437913728
2013-05-07,0.012068796690554202,0.004943634773867752,0.011177173494145279
2013-05-08,0.0042516896717678145,0.006823835315592936,0.009655085637677972
2013-05-09,-0.0031601960062404705,0.004275923493660029,0.0073138683692544745
2013-05-10,0.0073446958820698885,0.004860217110148069,0.00979526757147545
2013-05-13,-0.018931896238816203,0.009603943946321821,0.02208032650656493
2013-05-14,0.0024966436077198026,0.0065930546754368905,0.009365578867065969
2013-05-15,0.024930994618493872,0.009330933660832633,0.02249156058079473
2013-05-16,0.003759127650507598,0.0053157289878816485,0.009570626042906927
2013-05-17,0.0028161580707262417,0.005991373162449115,0.008695278177403152
2013-05-20,-0.004925384313636034,0.008586932507013846,0.013545841567645421
2013-05-21,-0.006975793048095481,0.008088690498967217,0.012741025024044303
2013-05-22,-0.0032108700979154446,0.007789969841211306,0.012002609294240709
2013-05-23,-0.021134089920608477,0.011998144787855965,0.021074065763824413
2013-05-24,0.002761369474992902,0.00885207401997097,0.013119302514788675
2013-05-27,0.016508633198256576,0.010904997888693533,0.020441728323732363
2013-05-28,0.004608697044323107,0.00799381798629486,0.011822458580486807
2013-05-29,-0.0011379260325724719,0.0061932507742939345,0.009050997127889008
2013-05-30,0.0032302015895608275,0.004791545357326909,0.010058719249654005
2013-05-31,-0.022808521266850956,0.009977957755032038,0.021834494282102313
2013-06-03,-0.007823840773196913,0.00945545433433423,0.015936205521911696
2013-06-04,-0.00334767625808323,0.00817625796038323,0.012053500798562471
2013-06-05,0.0007430196714316884,0.005941880966442467,0.00869367035813006
2013-06-06,-0.0004137009092160573,0.010032714925659722,0.014700882582350975
2013-06-07,-0.006846075453972334,0.011939840875288748,0.017242032073626935
2013-06-10,-0.0005102474810933533,0.008330211690490398,0.012631847567199728
2013-06-11,-0.01529158551760873,0.008506905513489437,0.015149894622411172
2013-06-12,-0.004952752244654958,0.006541921490564167,0.009426721788539183
2013-06-13,-0.010663945462104954,0.005684291578674681,0.008203049463761112
2013-06-14,0.018996844089153475,0.007410923203879539,0.013773156350291785
2013-06-17,0.007145045967808824,0.009801738738769269,0.014469945585065298
2013-06-18,-0.006250157711134042,0.006496582141293656,0.010165834708871044
2013-06-19,0.0014867678535771553,0.005895176022518483,0.008673622740349522
2013-06-20,-0.028987554139514253,0.00833262273127253,0.019333810630371373
2013-06-21,0.0020753216826701094,0.008116433287851861,0.012227255720019398
2013-06-24,-0.013750543628800106,0.007656522128825824,0.013192612137203167
2013-06-25,0.003366287381407146,0.012080399130594414,0.017115044896437736
2013-06-26,-0.0036435593381386397,0.005547251581423507,0.010002308298919993
2013-06-27,0.01661815982028318,0.007658116981305367,0.012037255918455697
2013-06-28,0.0277425749122853,0.0077577481806050085,0.017707403350454072
2013-07-01,0.009649961552167819,0.007148158456111934,0.013926426504106294
2013-07-02,-0.007026039129586622,0.004750117010339188,0.00793847283428788
2013-07-03,-0.014903363447433636,0.005009089368104144,0.009461279623664089
2013-07-04,0.011380402965057766,0.006061077512912603,0.010647750716617615
2013-07-05,0.005288368309453251,0.004481158782845296,0.007157586308386823
2013-07-08,-0.009649518823911232,0.006717258124120683,0.010031797872871355
2013-07-09,0.008131657474948715,0.0025945026464694954,0.005180081525217614
2013-07-10,-0.007245816361832232,0.007331151742212135,0.013151786654166739
2013-07-11,0.02015076937254802,0.005894167000286679,0.010260973082458906
2013-07-12,0.012374451778423527,0.007967810658603065,0.011291412490639042
2013-07-15,0.003621294184999039,0.005349037160887411,0.00949293656796597
2013-07-16,-0.012606456082598512,0.006042047817752655,0.009252274778556736
2013-07-17,0.0030263223541821547,0.007481797928699439,0.010555272085627137
2013-07-18,0.010781573982748167,0.007114628791288447,0.012677983031760015
2013-07-19,-0.0014667154424545085,0.004629800084397349,0.0077290678940268075
2013-07-22,0.00043107692815792104,0.006640008720531829,0.009930684751373863
2013-07-23,0.00759731497994169,0.0034635492114683947,0.005273338049738201
2013-07-24,-0.014467875158950037,0.008987407869012044,0.014130690650822135
2013-07-25,-0.013952151018890876,0.009077723487345613,0.015954295387219635
2013-07-26,-0.0036120687304303763,0.007142014791860632,0.012741666527028177
2013-07-29,-0.009310698906358704,0.006024046746280415,0.010323012581448937
2013-07-30,-0.013222266146311269,0.01078911412350401,0.019756511392593223
2013-07-31,-0.0022701145969533727,0.009440311050822301,0.013296777717911877
2013-08-01,-0.0024673224848824594,0.01532025606222825,0.022984173834720144
2013-08-02,-0.008758830352814497,0.011577295207755682,0.019875323552228742
2013-08-05,0.0013200392875264806,0.0073853358616967095,0.010465402789955322
2013-08-06,-0.025500912656776276,0.011925875344554665,0.025819856133564887
2013-08-07,-0.004185734279980768,0.008926559717456522,0.01351671401791205
2013-08-08,0.008398940586119187,0.005941078853788849,0.01213700001868675
2013-08-12,0.008364656339552535,0.010966284267491666,0.0155013900494989
2013-08-13,0.015364907874385061,0.011405114018298069,0.022081677042632874
2013-08-14,0.007516466913095698,0.0073967763770688135,0.011206243415307354
2013-08-16,-0.04168542781460944,0.017148531616785576,0.04004290041637127
2013-08-19,-0.0170476537750192,0.015449744056407597,0.02567062191236899
2013-08-20,-0.002459239132094885,0.013610318077237296,0.020633293467737342
2013-08-21,-0.018479672110444576,0.02165917527497157,0.044440865437121106
2013-08-22,0.019774781357612244,0.016249590332025377,0.030489398010527868
2013-08-23,0.011635910691516363,0.012209017106553128,0.018458445652670536
2013-08-26,0.0008677186396066932,0.009202252131878898,0.013557929334428924
2013-08-27,-0.0351300857798711,0.012221339648207418,0.028964793366663286
2013-08-28,-0.0004635056795921676,0.026250977875875797,0.03762537325567644
2013-08-29,0.023200821268735756,0.012657753765965932,0.023275789073830443
2013-08-30,0.01153415365937455,0.015708147278647756,0.024324648950237216
2013-09-02,0.0143254595132373,0.00763615255022778,0.015502374397603927
2013-09-03,-0.038435865504589016,0.02018258910096416,0.04815175390724626
2013-09-04,0.019769753704386283,0.015430056670834516,0.025944842261077072
2013-09-05,0.026239969011229082,0.008142570906476321,0.013061050453966794
2013-09-06,0.015514724622354844,0.013740096745247806,0.021556615276677384
2013-09-10,0.03737971608491806,0.011132147981029641,0.028261313832831644
2013-09-11,0.0027773161535761984,0.010681534629065195,0.01549933687752841
2013-09-12,-0.010617322247705436,0.01111930713399645,0.019860904068473375
2013-09-13,-1.7108809063270718e-05,0.007016174997690968,0.010494633254518078
2013-09-16,-0.0017192997315773116,0.016630064251311666,0.02724060285019052
2013-09-17,0.0016509450320878272,0.00578652327962912,0.009042408905277514
2013-09-18,0.008383277255138238,0.008784696595067082,0.013001161886609864
2013-09-19,0.035975516586889605,0.009375156533369608,0.01673604188094418
2013-09-20,-0.01706055452564804,0.021199988719606534,0.032950232770322156
2013-09-23,-0.02056056945458911,0.012779422853726127,0.020034806231164312
2013-09-24,0.0004583516346713625,0.009241713308209403,0.014230090179286291
2013-09-25,-0.0031615907611521666,0.01163711807598168,0.01693092356424483
2013-09-26,0.0014290289642726517,0.006349698874936184,0.009103626110331931
2013-09-27,-0.008373573438567785,0.007669128039793933,0.015411847290487824
2013-09-30,-0.01692574280654838,0.008737686856042072,0.015988736148989595
2013-10-01,0.007772273841471294,0.010204850137980953,0.01479226008237183
2013-10-03,0.02218280238265632,0.010001308892508425,0.01944259413275942
2013-10-04,-0.0004062605835685447,0.007636869176733149,0.011079545219723676
2013-10-07,-0.00019467680921306599,0.010222164445186392,0.014586474059786893
2013-10-08,0.0037601812630294537,0.006560264756840147,0.011588320026343007
2013-10-09,0.013246052547886104,0.01133975481291404,0.02303804406930262
2013-10-10,0.002244688442359527,0.006033183186126683,0.008993661941790814
2013-10-11,0.012420571665258479,0.007066445639655852,0.010039072430652482
2013-10-14,0.0027029477705162687,0.004331038198905326,0.0067400975012800735
2013-10-15,-0.0038765620083412522,0.009905043865820409,0.01638186633376032
2013-10-17,-0.007119941635177799,0.007341771029986394,0.01293452435130922
2013-10-18,0.02345798647282757,0.009061089251948283,0.02109273040123972
2013-10-21,0.0025173031999250295,0.0063491627437991865,0.008968708671834436
2013-10-22,-0.0003466205632012109,0.004238633333350146,0.006174678238012163
2013-10-23,-0.003949510183774189,0.011190852242320814,0.016404071646036543
2013-10-24,-0.0022685483374774457,0.012492399160963251,0.017763429763931325
2013-10-25,-0.003160259398470375,0.005534649685213834,0.007941513362794906
2013-10-28,-0.007153354803001501,0.006642363694580236,0.012235482314480779
2013-10-29,0.019445476322178384,0.012726142317466507,0.023927343585599295
2013-10-30,0.004938882885003037,0.0048477708174597825,0.0074539879073520785
2013-10-31,0.007561230152356484,0.0054962345107333055,0.011612662577934972
2013-11-01,0.0012771807859823679,0.004817277509985451,0.0072377443128691125
2013-11-05,-0.008606547777017665,0.006175747886545576,0.009667159152836332
2013-11-06,-0.00609547705014856,0.0052279944197024955,0.009814727071505828
2013-11-07,-0.004499121077551629,0.011535278626367008,0.01747955725483858
2013-11-08,-0.007543838501638632,0.006754312883438677,0.010454701303790254
2013-11-11,-0.010139608589296157,0.007930149536348801,0.012156988997526142
2013-11-12,-0.010044021820206814,0.008801972457761695,0.016109902453280603
2013-11-13,-0.004738605888357065,0.008159840104163296,0.011653499991562524
2013-11-14,0.011049620288933722,0.007312826945887313,0.01073289153144059
2013-11-18,0.021699254229649953,0.006042504791549113,0.01396023628110357
2013-11-19,0.0023159616952837573,0.0036233256645140308,0.005190696401838692
2013-11-20,-0.013053659902868716,0.009136905762312896,0.01590747911891665
2013-11-21,-0.020434733748201976,0.0084497725446079,0.018661321202071878
2013-11-22,-0.0006002100100985879,0.008410701185607461,0.012809762481021987
2013-11-25,0.019801138983068924,0.006141000418875345,0.014316401070979414
2013-11-26,-0.00924072945680619,0.006340801107297783,0.010719445836127332
2013-11-27,-0.0003301365091241254,0.005073353056875532,0.007214705817625412
2013-11-28,0.005720674496259994,0.005183802645850639,0.007329528781770021
2013-11-29,0.01373519180845845,0.0053523921580986,0.012742700744498249
2013-12-02,0.006737183425796762,0.0045963629719361675,0.009255657834279882
2013-12-03,-0.002576553153439162,0.003864972494624097,0.005482235053189852
2013-12-04,-0.006616632250020927,0.006211278615173503,0.009617023043796035
2013-12-05,0.012925446408512491,0.007438558411720791,0.010983609237935926
2013-12-06,0.003007730399185639,0.004358950056324353,0.007124730163744537
2013-12-09,0.016477186675700303,0.005992619637303288,0.011038828560789861
2013-12-10,-0.004890994401687254,0.005718130008644868,0.008637531990966313
2013-12-11,-0.003947586608913919,0.00519903610806752,0.007347944383047083
2013-12-12,-0.011295517736679127,0.004990812954481656,0.009026750584296618
2013-12-13,-0.01106781370198504,0.004264811218717542,0.007651935033356994
2013-12-16,-0.0022234198483338887,0.004038748645493688,0.006044192914682043
2013-12-17,-0.0025460740749505,0.005292053200953475,0.009374383091591403
2013-12-18,0.012641611434832655,0.008368381155912973,0.017057623887679015
2013-12-19,-0.008155861807590793,0.00946617645184418,0.018332450597614326
2013-12-20,0.017298231088561187,0.008911641912601173,0.018193394006255727
2013-12-23,0.0016323284205711835,0.005416191805784027,0.008043568253242104
2013-12-24,-0.002565161294966418,0.0034740589026084658,0.006301448633682574
2013-12-26,0.001673667261396705,0.004796007683416136,0.006896081377461887
2013-12-27,0.0055428927092751245,0.0033989115229712233,0.005622604627667168
2013-12-30,-0.003601731349932257,0.006577907238677701,0.01126987351070185
2013-12-31,0.0020484008470497933,0.003349716704023367,0.004758883248730965
2014-01-02,-0.013229591131722482,0.014503160020849525,0.023629072166324004
2014-01-03,-0.001608713160675422,0.0055116058478194025,0.008122520967246796
2014-01-06,-0.0031767086647526764,0.005470581920307495,0.008794417074326759
2014-01-07,-0.004727369003838941,0.00771444492454277,0.01245486632317741
2014-01-08,0.0020021483091771735,0.003618403848833869,0.005142033410722687
2014-01-09,-0.0010127239331396106,0.004360249885356283,0.006452260986713852
2014-01-10,0.0005024550880677336,0.011343269036538919,0.016122628693588877
2014-01-13,0.01628100492203701,0.007493065857909702,0.015726816886533018
2014-01-14,-0.004938226534857065,0.004889900363782762,0.007401682928887974
2014-01-15,0.012584959187806487,0.003977469349442639,0.009476560545245987
2014-01-16,-0.0003164607110232277,0.004728205282255565,0.0073825987220413215
2014-01-17,-0.009101413862469748,0.007939385374323841,0.012895962128092643
2014-01-20,0.006732738974413205,0.005894180732597508,0.010168243033378283
2014-01-21,0.00156123102385989,0.0035742293623464145,0.005131601150815016
2014-01-22,0.0039754873445066955,0.006346960418507069,0.009859676772065071
2014-01-23,0.0010563529953923905,0.003924851239774347,0.0061774910238936295
2014-01-24,-0.012511644446641086,0.006753722198070038,0.01077915872960466
2014-01-27,-0.02110924516297498,0.004346698961826011,0.009501504071908333
2014-01-28,-0.0015658165471230908,0.008946815411785396,0.012674948352377065
2014-01-29,-0.0009798718785080376,0.0056368026385354274,0.00990978973489645
2014-01-30,-0.007634938648466337,0.006456665138985369,0.00915423808688491
2014-01-31,0.002597969830382306,0.003478003052133801,0.005008621397487478
2014-02-03,-0.014506584850296355,0.007364797759895517,0.013395965370413791
2014-02-04,-0.00014994998915273514,0.0083210136872835,0.014081221379312982
2014-02-05,0.0035763930477856866,0.007555264575505329,0.01095908625634685
2014-02-06,0.0023053743500808565,0.009730327539230359,0.013741894537459002
2014-02-07,0.004446536625011425,0.0055333897481365845,0.008089835629486735
2014-02-10,-0.0016093560167322405,0.0037849010327782526,0.0060543824036299035
2014-02-11,0.0015268879138819519,0.0031798839498181552,0.0047173861043570565
2014-02-12,0.003507096771439477,0.0033865063357055975,0.004799506132889546
2014-02-13,-0.013719572366101803,0.008191383357049041,0.017213478030110526
2014-02-14,0.007842721688164616,0.00804355251960253,0.011870973658638343
2014-02-18,0.012936047030872241,0.00655342794759208,0.012224443771312148
2014-02-19,0.004177565596221632,0.003387445589369826,0.00562351755820568
2014-02-20,-0.010012955663091487,0.003345126388880698,0.007001600764391048
2014-02-21,0.010451719302448996,0.003551382037788173,0.008390921980504765
2014-02-24,0.004966955468135648,0.005325628818206111,0.009868946833220553
2014-02-25,0.002252469579198007,0.004557904721623962,0.006491883334480523
2014-02-26,0.006230499856538058,0.003409996099700141,0.007028611115763546
2014-02-28,0.00609639994140803,0.0038537964700225214,0.008698507389308944
2014-03-03,-0.008881194883291635,0.006063219725016437,0.010528091995231342
2014-03-04,0.012221184683582093,0.005508121219018871,0.013726641899390319
2014-03-05,0.0048627132066446956,0.005427641164204865,0.00765569213973378
2014-03-06,0.011390718629937804,0.0049840640345046455,0.010451231944943974
2014-03-07,0.01941613337444026,0.00817819457711528,0.019037331840854717
2014-03-10,0.0016228078999031938,0.006849472412476579,0.011449783572029523
2014-03-11,-0.0038853304216658053,0.007023496804941042,0.010534574960459633
2014-03-12,0.0007675304433891083,0.006110908651267484,0.009030382319526657
2014-03-13,-0.0036586981147299726,0.009197319779977751,0.013060062480687695
2014-03-14,0.00170806245985478,0.007602742181374061,0.013183788540487885
2014-03-18,0.0019122731206803513,0.008225994555623483,0.011861968055234717
2014-03-19,0.0011348935723144095,0.0037731277840162723,0.0053954516544629716
2014-03-20,-0.006296512707220438,0.0049232742434527944,0.0077740435261782264
2014-03-21,0.001556699439417862,0.00345477248346669,0.005729025120479853
2014-03-24,0.013811013280164102,0.005330605496971606,0.012303485987696514
2014-03-25,0.0009488927134847534,0.003962787746078824,0.007693722376607611
2014-03-26,0.0017663214289679917,0.0048340170186983505,0.007096994326857311
2014-03-27,0.006093750024184339,0.00746345101593395,0.011209424521022322
2014-03-28,0.00811990122114581,0.005857215508735612,0.00878153703405397
2014-03-31,0.0012388406011620149,0.006924993242411524,0.010090674558174745
2014-04-01,0.0025101384662722147,0.005940034377435856,0.008451031659947794
2014-04-02,0.004675819128421151,0.004157902176859712,0.00590886457676361
2014-04-03,-0.0024390454649215365,0.007700762780434281,0.011854054497205726
2014-04-04,-0.006217235293906131,0.004043985926326449,0.008469858087098138
2014-04-07,0.0001045165633993392,0.007903144195111114,0.011164965486539656
2014-04-09,0.014995242988600424,0.008425731760282907,0.015243826650030915
2014-04-10,2.9384669574600685e-05,0.004299857644575234,0.006142958124874677
2014-04-11,-0.0029618444059262942,0.004538009251183673,0.006817908983386634
2014-04-15,-0.006395525277556329,0.009108855764394982,0.015097043095963136
2014-04-16,-0.008621558339553982,0.007367893259841185,0.012508801468567
2014-04-17,0.015474470218657372,0.006880446548368472,0.014551421035015962
2014-04-21,0.005626235315480606,0.003051129909431871,0.0056544840994984654
2014-04-22,-0.0003373879130515304,0.0032181155278260053,0.004658601472420118
2014-04-23,0.00372721984979212,0.003908812561197939,0.005971538244440133
2014-04-25,-0.008522030871778505,0.007535210520903427,0.014300984114113006
2014-04-28,-0.003174840233210194,0.0034035194968160803,0.005317093039378813
2014-04-29,-0.006826724839414866,0.005562626166076865,0.010580438996128216
2014-04-30,-0.0028110053879877397,0.012710592009214261,0.01842036011216673
2014-05-02,-0.0002389774925132282,0.00487291890302754,0.007192134753609342
2014-05-05,0.0006794448586849589,0.006170038597164462,0.009045595243067027
2014-05-06,0.002377954648569805,0.004355061250407228,0.006187406992573367
2014-05-07,-0.009388265536980073,0.006103983318848536,0.0114016579932712
2014-05-08,0.0010967659857117281,0.005206279737100668,0.007485168123197452
2014-05-09,0.029435494406797515,0.013079928951333922,0.03195897264164094
2014-05-12,0.02241132323613701,0.008585000488852908,0.02240437713850376
2014-05-13,0.013382625556367727,0.010140140567403375,0.014798691093722526
2014-05-14,0.0,0.006093484281989946,0.008630222986636188
2014-05-15,0.0020236099686651147,0.006876917067562697,0.009827113139506962
2014-05-16,0.011147576299688492,0.041269345894750675,0.06009303035627516
2014-05-19,0.008371057244219524,0.009456385683544273,0.013430112767423492
2014-05-20,0.0016438760667509807,0.009832956623245754,0.014562532751185485
2014-05-21,-0.003111163794727852,0.007621835042244991,0.011092074634209822
2014-05-22,0.003234845561498608,0.00584325191930574,0.008438225381754089
2014-05-23,0.012387933925730808,0.0066410001498488315,0.011822847049948432
2014-05-26,-0.0010933331283551897,0.021717050941703425,0.03192670270594494
2014-05-27,-0.0055937551853276766,0.008678222860350544,0.01341899362018311
2014-05-28,0.0015906858612653664,0.004050046637801524,0.005750602403297875
2014-05-29,-0.012907568856390952,0.006968642741371178,0.01395866319724568
2014-05-30,-0.0007880360700878707,0.014987648100305066,0.02130717370465116
2014-06-02,0.018167401445903533,0.009284745383654307,0.017534818017826824
2014-06-03,0.007220065712657715,0.0071620744024632485,0.011165313737250259
2014-06-04,-0.0018356066412509439,0.003790500884546126,0.005667156206727684
2014-06-05,0.009659715706976952,0.010069165603162393,0.016617411285600396
2014-06-06,0.014517911265275567,0.007307606405745851,0.012533994539754319
2014-06-09,0.009345152051744758,0.008238686654696912,0.01220837066865366
2014-06-10,0.00023509956185606317,0.009450816489890141,0.013570397569384324
2014-06-11,-0.003866957814588266,0.00957728745818474,0.01455384576577827
2014-06-12,0.003017634271514681,0.005911762961608261,0.008392292204088915
2014-06-13,-0.01419189231300482,0.009835716583716814,0.0203060023548802
2014-06-16,-0.0011343184460937106,0.005741144114350297,0.008103788327086322
2014-06-17,0.012944298456771088,0.008191876048132632,0.016818021459370808
2014-06-18,-0.00967755834425001,0.012178466309080503,0.01951522798926094
2014-06-19,-0.002318050637252134,0.009171542116163655,0.013778613117331896
2014-06-20,-0.0038864927679996926,0.005326583041319264,0.008420477851197228
2014-06-23,-0.002412575453478406,0.00863310617943813,0.012437655496758487
2014-06-24,0.011523636710027154,0.004986177208599587,0.01030974121133066
2014-06-25,-0.0014456230527611481,0.0025562242088165545,0.004254080036000925
2014-06-26,-0.010098018573784505,0.00666803340356965,0.011864141929720918
2014-06-27,0.0020796713768032227,0.0052959242546970625,0.007517871934374915
2014-06-30,0.013564927084193412,0.005790659218656525,0.012093755182256659
2014-07-01,0.0030631036189189007,0.0028665598210867904,0.004106264405182291
2014-07-02,0.01177755667969897,0.00374639383676581,0.007132560319578143
2014-07-03,-0.00134069079277555,0.004084270202242069,0.00620237710214805
2014-07-04,0.004758749631257964,0.008450810909656315,0.01247486894244428
2014-07-07,0.004575640474488179,0.0033129822364355967,0.00473856324926325
2014-07-08,-0.02127867207000753,0.01303359961341525,0.027934488122644728
2014-07-09,-0.005023641872147828,0.008074094502635121,0.012979590680619645
2014-07-10,-0.0022768154231857557,0.02336475976776015,0.03329919725149483
2014-07-11,-0.014393990810803546,0.013234216227089804,0.023948991903718866
2014-07-14,-0.0007308953891714673,0.005198332523409315,0.0075528790950458264
2014-07-15,0.009679131549908635,0.006518056009476905,0.010064238536777424
2014-07-16,0.012903575337152367,0.008738890808770534,0.014119131173937805
2014-07-17,0.002102909465983186,0.0032728584423127077,0.0056213581573504815
2014-07-18,0.0030644522939827193,0.007818809954920536,0.011678127473015323
2014-07-21,0.0026453182709969426,0.004187306138501143,0.006259610165491513
2014-07-22,0.01082713528937421,0.0041044329132987395,0.00888924118007686
2014-07-23,0.0035852800193615086,0.005115890389944872,0.007221921299265625
2014-07-24,0.004460434486412476,0.005115161488629153,0.008173064541906005
2014-07-25,-0.005140498238365478,0.007820415035487801,0.011854269694428814
2014-07-28,-0.005373537086780802,0.006085793822324388,0.009969413973034035
2014-07-30,0.005495436222823544,0.007480470837400363,0.011692391457001964
2014-07-31,-0.009037830441044684,0.005329425402067271,0.010451633449527237
2014-08-01,-0.015492411451246685,0.010240776406342543,0.01615240725427702
2014-08-04,0.010604375070275692,0.005685145321273603,0.009468156530376144
2014-08-05,0.00815287578222499,0.0100103587509729,0.014767915202168505
2014-08-06,-0.009663728440738909,0.00613451709422994,0.010688147507840643
2014-08-07,-0.0029762254910542657,0.00724037361671582,0.010269018919338497
2014-08-08,-0.010606126094877983,0.004604855985613468,0.006916793706480934
2014-08-11,0.007555452786540585,0.0033938640635487642,0.004845259421437364
2014-08-12,0.013170203962401476,0.006768886629076308,0.010476209854813252
2014-08-13,0.0016163866702790495,0.005326731176070047,0.007933265356928489
2014-08-14,0.0067155684981506794,0.00440613527126773,0.007392494091456742
2014-08-18,0.010538852441929612,0.005812128341763336,0.012864692470711496
2014-08-19,0.0029483116130798108,0.0033362837095248098,0.004735663481323204
2014-08-20,-0.0028149992705591483,0.0041762595355191836,0.0074473851255910765
2014-08-21,0.0020043000756105184,0.0055737840700185995,0.008072348119138619
2014-08-22,0.0027967213545059197,0.002500168263278793,0.003664762584570851
2014-08-25,-0.0008723905385931191,0.0059392301935713675,0.00889161888925848
2014-08-26,-0.0001960407071773607,0.004109604725145433,0.006704829374743034
2014-08-27,0.0039518011472649325,0.002696004079377424,0.0038180573099292872
2014-08-28,0.002303315356676902,0.00236004933105509,0.003595467765924318
2014-09-01,0.009179124246061186,0.003445434753702081,0.006353002573486701
2014-09-02,0.0068711670335596,0.004593335756819457,0.008091053773672554
2014-09-03,0.0038956679592612917,0.00431563813480649,0.0061185889318304725
2014-09-04,-0.0023009595892866165,0.004499790847967365,0.006657637589588641
2014-09-05,-0.0011246630312066596,0.00629112247399285,0.009008463960196764
2014-09-08,0.010706841477298593,0.0034971757420179292,0.006612546472859527
2014-09-09,-0.002566290301383355,0.004112470959290775,0.005893548168014813
2014-09-10,-0.007244435632928195,0.00343630654886675,0.0066282726549533304
2014-09-11,-0.0010383197500981691,0.0057448260441909154,0.008737696045910527
2014-09-12,0.0024457500763813006,0.0034515088215791856,0.005267991737863179
2014-09-15,-0.00786503512440859,0.0035302853263651643,0.00588159720063417
2014-09-16,-0.013659152116613792,0.006877401806324849,0.015095362537553291
2014-09-17,0.005355686271897236,0.004757816058336558,0.006733083446962573
2014-09-18,0.01730905071438062,0.009655701112239177,0.022323534593641208
2014-09-19,0.0008253403644006908,0.004791172623761717,0.006839887378680469
2014-09-22,0.003055078754324302,0.006802703316670189,0.011674023782125967
2014-09-23,-0.01593094790039912,0.008987704315223152,0.01891474403502765
2014-09-24,-0.0018913800776086584,0.008071581581540265,0.011496551174986264
2014-09-25,-0.011379836545715916,0.010414547661796487,0.017941405016419634
2014-09-26,0.007178555614569579,0.011863065444293216,0.019011525896886712
2014-09-29,-0.0012494164721180694,0.004830904649365152,0.007168051538215712
2014-09-30,0.0007410215869771875,0.00940626659556307,0.01344036351353091
2014-10-01,-0.0024198097296141007,0.0034322722561503953,0.005134925296601884
2014-10-07,-0.01179279382430551,0.008258955319852266,0.012779482785262641
2014-10-08,-0.001236017381957707,0.004755110902189888,0.006904497302614581
2014-10-09,0.014914880678345798,0.004987123412920349,0.010784443256130113
2014-10-10,-0.012717798464841716,0.005455143685919096,0.009618331859161899
2014-10-13,0.0030868286329098203,0.008485624439504576,0.01333670321764911
2014-10-14,-0.0025717157348472356,0.007936604940905565,0.013040412600139878
2014-10-16,-0.01483479931274002,0.01305989443201533,0.02119847136879192
2014-10-17,0.004057218608794233,0.00785568737928482,0.012256268912997607
2014-10-20,0.01273394430406019,0.004173041113070934,0.006218747697451529
2014-10-21,0.006117516281268019,0.005303492309103779,0.007852164863927345
2014-10-22,0.008559635367284744,0.002690841607342217,0.0038082261764650744
2014-10-27,-0.0005253705499506886,0.004063634149347436,0.009853973256678285
2014-10-28,0.004482088703870871,0.0032250137985183934,0.005325377383021528
2014-10-29,0.007798761644535693,0.003866904757838392,0.005648659123935784
2014-10-30,0.009686630877276963,0.005375957068029324,0.011794252444723482
2014-10-31,0.01855565765600878,0.006745320304054881,0.015945326019343262
2014-11-03,0.00023430905306898972,0.004126616626705672,0.006360915680912443
2014-11-05,0.0016983597607461473,0.0034302371240817068,0.005042971069936952
2014-11-07,-0.0001558958106129228,0.0059415226770049845,0.008408253493462876
2014-11-10,0.0008692394702429653,0.006643758349727703,0.00941961343140486
2014-11-11,0.0022027303251594033,0.004771989951036845,0.0067981540877558025
2014-11-12,0.0024661992049072835,0.0037392060911795753,0.005314113263919071
2014-11-13,-0.0030404381788521184,0.006523318264501784,0.010487194041716491
2014-11-14,0.00382747776597414,0.00399784814206955,0.006418501225315315
2014-11-17,0.004857088011971049,0.006420993641138629,0.010556593422886458
2014-11-18,-0.0005753942089820699,0.003798037482386385,0.0056077093022096815
2014-11-19,-0.005188025276412326,0.0067412158010829665,0.011351346628259533
2014-11-20,0.002335600698223698,0.004855633646154507,0.006867400953048894
2014-11-21,0.008939937646133834,0.005693069587155162,0.01075810241583558
2014-11-24,0.006209137249718906,0.002252062217337721,0.005140658010636444
2014-11-25,-0.007891501533809672,0.007308319400265599,0.012513076644541665
2014-11-26,0.0014936543234813655,0.0047957096232402125,0.007273623462525441
2014-11-27,0.002174455713767457,0.004026543631864908,0.005933506329744066
2014-11-28,0.011011389339421218,0.006495995542020181,0.011731144295985794
2014-12-01,-0.0037738408764703764,0.005331451032206371,0.009098938255557831
2014-12-02,-0.0036532942570473856,0.004536464886628623,0.006516335286259723
2014-12-03,0.0015179851960037325,0.003133649175806563,0.004521218856640748
2014-12-04,0.003128282351293758,0.008186610963452762,0.011740437170308688
2014-12-05,-0.003052220515157543,0.004152312450888625,0.007548249677836047
2014-12-08,-0.01178696074088962,0.0060234172657682985,0.01352171473646787
2014-12-09,-0.01162777201814715,0.006246348485407774,0.013667917240817307
2014-12-10,0.001790834377979736,0.00421971996609087,0.007156810289070387
2014-12-11,-0.0075382293595515236,0.005469324793473988,0.009152336394671176
2014-12-12,-0.008330953463077941,0.006871040888684004,0.012840382650171383
2014-12-15,-0.0005473221143822177,0.006339784000458259,0.010937319930092778
2014-12-16,-0.01866544617437457,0.008785863751040552,0.01695051791668848
2014-12-17,-0.004696455660811477,0.010598813052063897,0.015025269032649986
2014-12-18,0.015998760320407486,0.007618771074184876,0.010956810569994003
2014-12-19,0.008044279165652847,0.0046925049636017645,0.006668601934912061
2014-12-22,0.01194027232053888,0.0070881506004750496,0.012343825084094186
2014-12-23,-0.006871222260849433,0.008489368943355684,0.013535791777549292
2014-12-24,-0.0113010553438477,0.008511791101289986,0.01604462742786874
2014-12-26,0.003248909370282162,0.0074692941638317975,0.010560026255380012
2014-12-29,0.005545050916857839,0.004984345766200107,0.007815650272121338
2014-12-30,0.00023646541975141835,0.003989289054815866,0.00578306856757494
2014-12-31,0.004167969146088031,0.002795592692728822,0.00570466138889593
2015-01-02,0.013520889912634575,0.006581479613370851,0.014519699507068851
2015-01-05,-0.0020329035926431203,0.006515945293803979,0.009751171457670755
2015-01-06,-0.030422082918029548,0.011100750535992954,0.026638388788146793
2015-01-07,-0.0031116297926513815,0.007369780713432955,0.010583675709561462
2015-01-08,0.01622144246054657,0.005695037660074834,0.009253661249752437
2015-01-09,0.006041557177687999,0.009645700731604196,0.013579576317218903
2015-01-12,0.004636467736743234,0.007033738206084313,0.010452961672473868
2015-01-13,-0.0028394966643650508,0.006694147662794071,0.010693543608313195
2015-01-14,-0.0026362628028638235,0.007337231091417221,0.010848597327272764
2015-01-15,0.025830729950324278,0.011138962642801616,0.017253026841771855
2015-01-16,0.0023106162211340322,0.006498011788902781,0.009220324860913422
2015-01-19,0.004324820315931695,0.0032618274180830605,0.004613680097698505
2015-01-20,0.01680393189462208,0.006629023077208029,0.015341137657853615
2015-01-21,0.003890988763950604,0.004180579867025614,0.005985451629532046
2015-01-22,0.003647659672542357,0.003646591733794186,0.005381604369485561
2015-01-23,0.008433216854945564,0.005659590221644777,0.008035674220079591
2015-01-27,0.008441385660836975,0.007448466131278719,0.011177780076875596
2015-01-28,0.0004263503418490414,0.008752888246437579,0.012451903394771589
2015-01-29,0.0042593170470792705,0.007574529011930996,0.011773489108895339
2015-01-30,-0.016153405638702815,0.011789579478702978,0.025145022667725316
2015-02-02,-0.0013063506955069547,0.007202064472050521,0.01019621607856902
2015-02-03,-0.004654298232220474,0.007563032480745542,0.012636188513798878
2015-02-04,-0.0037584872121479928,0.005433754739833993,0.01013895672360753
2015-02-05,-0.0013765100457609084,0.012400862187704212,0.017769184110673717
2015-02-06,-0.005831032408607971,0.0060444745201613075,0.009311849307384275
2015-02-09,-0.015674617197285398,0.006041355576912256,0.010461709805380425
2015-02-10,0.004586999150377187,0.013045568000880449,0.020518239226607584
2015-02-11,0.007194908616778425,0.0044534961696090555,0.006757516986327854
2015-02-12,0.009706478627223793,0.010592046495745692,0.015301502910053296
2015-02-13,0.010726817268910518,0.005910388466374747,0.010499031145306911
2015-02-16,0.0004370868354434235,0.005941070936437078,0.008706569968386304
2015-02-18,0.006759668427262326,0.005492801691965917,0.00962887077874617
2015-02-19,0.0029497438893496893,0.009465216399324081,0.013377851518539187
2015-02-20,-0.006960437077779418,0.005074723822153158,0.009469570087399341
2015-02-23,-0.008943311319236858,0.007889896780349088,0.015180028173793197
2015-02-24,0.0008162806567537197,0.0059012050302714985,0.008416932389251916
2015-02-25,0.0005876305610850604,0.0067429698621148905,0.010179930993184864
2015-02-26,-0.009558254487962844,0.006585398408795128,0.013427179720975383
2015-02-27,0.018342125395864908,0.007728996315348256,0.015772336359029113
2015-03-02,0.012600378838793266,0.006878939018165666,0.009702114501632846
2015-03-03,0.00440038586730066,0.006110682178921488,0.009209457933861331
2015-03-04,-0.008214792388202198,0.01214348546847746,0.025244741207911658
2015-03-05,0.0016908482052135402,0.008573645604965907,0.012105976930715225
2015-03-09,-0.02045904811401918,0.007535350661771172,0.017226666214634426
2015-03-10,-0.005117729137055929,0.007047386525176274,0.011553009094466524
2015-03-11,-0.00138980143838521,0.0055741778861474545,0.008419588429306965
2015-03-12,0.00870342200550124,0.0035942221059806325,0.00618730682400866
2015-03-13,-0.014721551472009752,0.010790326721970606,0.025208869359081842
2015-03-16,-0.0016896819631506011,0.0038638800713774305,0.005971146378207369
2015-03-17,0.01038809476984804,0.008762953923423338,0.012810519241806947
2015-03-18,-0.0042965180681336585,0.005403426892134434,0.009584498584608992
2015-03-19,-0.005917842938767325,0.011468589732922505,0.020099227743595766
2015-03-20,-0.0074104331263360745,0.0045868450152830595,0.008738917407898866
2015-03-23,-0.002336203925268819,0.004751178255568699,0.007928966727507909
2015-03-24,-0.0009301819792756467,0.0075601197207788035,0.010757453634158556
2015-03-25,-0.0014232834235154116,0.0038383489246052783,0.006705138629682725
2015-03-26,-0.022362097108321904,0.010854179242108686,0.020869988885977905
2015-03-27,-8.990891811211022e-05,0.011518940303106896,0.01726925911018482
2015-03-30,0.017928732765285012,0.005633264143671915,0.013135405868022674
2015-03-31,-0.00015306856794447524,0.007549689649342599,0.01134139732510894
2015-04-01,0.011155307528727893,0.008730061369370086,0.016147956398311254
2015-04-06,0.008541133724940244,0.007009144716801127,0.01083151080918268
2015-04-07,4.6121183134830896e-05,0.00856325518786413,0.012326363106069396
2015-04-08,0.006227533157299894,0.003967884428635829,0.005817978637640239
2015-04-09,0.007305870171212896,0.008194640160446996,0.0117391530228294
2015-04-10,0.00023348090715570997,0.004321728832252201,0.0061274076367705856
2015-04-13,0.0060916874846368065,0.005972901297440798,0.009005069192891103
2015-04-16,-0.014515046525185486,0.008572049237726571,0.013133518647691966
2015-04-17,-0.011633232232741262,0.005234943622872531,0.011985755759063445
2015-04-20,-0.01851811663955681,0.010640160524615588,0.02334255092040624
2015-04-21,-0.008362135754524264,0.0093869617415524,0.013923716279729045
2015-04-22,0.006181825339152998,0.013796730767457096,0.019603306899560972
2015-04-23,-0.003731926202576211,0.010456268477723357,0.017039232852538628
2015-04-24,-0.011141436198728826,0.009211733223727397,0.016850810669456068
2015-04-27,-0.011072202173819238,0.007119053422946049,0.016082761825058366
2015-04-28,0.008703378361128562,0.009116994163073386,0.014826941132570227
2015-04-29,-0.0055490174921902485,0.007144044652005857,0.010801298583088079
2015-04-30,-0.007094495768480639,0.006545146427138867,0.01034656122043635
2015-05-04,0.018222037975143816,0.007508590143270584,0.015068477576610274
2015-05-05,-0.0008585577695799613,0.0062987667914051314,0.009015325654767177
2015-05-06,-0.027745365388399824,0.01354504578579213,0.030745979413671732
2015-05-07,-0.004915134139810429,0.010901029314080444,0.015569756413869169
2015-05-08,0.01651854271401412,0.007497771291761876,0.012390892998840261
2015-05-11,0.016196034167464263,0.006881699072140132,0.012984548136692592
2015-05-12,-0.024107341992543527,0.010197350233862893,0.02600613770949449
2015-05-13,0.013262307208340643,0.013694771675486063,0.020053595942939612
2015-05-14,-0.0013669794296785854,0.008523865351362818,0.012031588842997532
2015-05-15,0.004627952191887896,0.005500296062624522,0.008109073467912498
2015-05-18,0.013380913913783618,0.00690452700183412,0.013452844196674417
2015-05-19,-0.0009558345015271625,0.007797665547725119,0.01109295755312659
2015-05-20,0.006861656693210339,0.0034298346926322524,0.005805290601905441
2015-05-21,-0.0002671534812630433,0.005272457217575475,0.007582188501959387
2015-05-22,0.004496489481834225,0.005427952125226104,0.008151152769608282
2015-05-25,-0.010541322896106728,0.004200569149762076,0.009294800595860339
2015-05-26,-0.003698523791285403,0.00411828965009709,0.0070569755069796875
2015-05-27,-0.0005697510609127147,0.004983090934846411,0.0077867464670407505
2015-05-28,-0.0018734224796336696,0.0077701412942291544,0.011341460436951556
2015-05-29,0.01368764678319723,0.00858574323873573,0.016386758866140085
2015-06-01,-2.9643593685729908e-05,0.005036759859507583,0.0073220761661742595
2015-06-02,-0.02363060893126965,0.01046822457986539,0.02662552428378759
2015-06-03,-0.012381404397236432,0.009885945777272444,0.017522868957668906
2015-06-04,-0.0005471860103022912,0.008812327457147,0.012704987415301535
2015-06-05,-0.001963603376990351,0.007879297338796032,0.011195742968881345
2015-06-08,-0.008732148739867544,0.00626460331352308,0.01248735994877877
2015-06-09,-0.0027074902267056862,0.004567356110198611,0.006481850896613638
2015-06-10,0.012640440848079765,0.008155125799193627,0.015810324664998366
2015-06-11,-0.019777160752925255,0.010186393016888545,0.025711337502636693
2015-06-12,0.0022008448289133065,0.004566670369619146,0.006927343903249249
2015-06-15,0.0038757800540692557,0.00974509022085265,0.014081795259664498
2015-06-16,0.0041590853857635356,0.009075814930126104,0.013607048657018714
2015-06-17,0.005483675969067097,0.007659421654519179,0.010863172626439113
2015-06-18,0.010211514727058937,0.005743779802145211,0.010410307126907548
2015-06-19,0.006140443483030782,0.004386936152702074,0.006705136536137365
2015-06-22,0.015460439332762258,0.006447456129616414,0.01341415880659944
2015-06-23,0.003400157603319678,0.00535806974566432,0.007576164489828209
2015-06-24,-0.0024727884395158908,0.006342354786625681,0.009861344552538046
2015-06-25,0.004433532413488122,0.006439076329481408,0.011151511148487735
2015-06-26,-0.0020144580738723343,0.005735141820414208,0.00821486589874026
2015-06-29,-0.007509148581665224,0.010121980602307516,0.016084799769712336
2015-06-30,0.006004681365091595,0.005462731207495425,0.009446113961582124
2015-07-01,0.010052642911917523,0.007436436222625019,0.01318449805988339
2015-07-02,-0.000964544764320111,0.003298042123035067,0.005452971918842478
2015-07-03,0.004725404031422576,0.005196909344105189,0.008674186612293116
2015-07-06,0.004380543110671768,0.007142098783730048,0.017249167553028747
2015-07-07,-0.001332779992604704,0.006340007636507362,0.00910607719351068
2015-07-08,-0.017512752525573723,0.007986977817687459,0.01388244863852491
2015-07-09,-0.004133821795005965,0.005951912830841264,0.009281304248669305
2015-07-10,0.0038348430969963264,0.00521324123625164,0.007379803983155171
2015-07-13,0.011783656733947193,0.008618838400007217,0.01374170262743109
2015-07-14,-0.000656363189627265,0.004538537373553267,0.006641794303290817
2015-07-15,0.008210743295109776,0.003593390905761727,0.00803047899774196
2015-07-16,0.009835561378738018,0.004034540845860017,0.008503577513008752
2015-07-17,0.00020906205231804127,0.003962949941302835,0.005784050470901899
2015-07-20,-0.0007435430080160121,0.005150690601576906,0.007566686375480949
2015-07-21,-0.008638404295993872,0.009239692541246269,0.01510643786229169
2015-07-22,0.012125080858812433,0.008143516749261144,0.01682399953668848
2015-07-23,-0.005074554770036643,0.005375782149548444,0.009423990914005358
2015-07-24,-0.00797720384261551,0.003964730031884555,0.00887753898749574
2015-07-27,-0.019020189089775028,0.006779058503646417,0.016822197180361202
2015-07-28,-0.002874597739444469,0.005874658393587448,0.00907405429111191
2015-07-29,0.0045535850933296085,0.003573010811289698,0.005140244618414699
2015-07-30,0.005566534416230723,0.004227746448384062,0.006008286484005017
2015-07-31,0.013099815871268341,0.006246312439570543,0.011830771657054229
2015-08-03,0.0011946892258352072,0.003978428701550403,0.006537546568773982
2015-08-04,-0.0030655933038692055,0.00908999271311273,0.013725696587185452
2015-08-05,0.005976049525257857,0.00349178557594443,0.005368845400754834
2015-08-06,0.0024130893825477714,0.004512116905369038,0.00638049078669183
2015-08-07,-0.0028042262557410207,0.003367812976299644,0.005049856615907368
2015-08-10,-0.004564027276617137,0.009515978347634048,0.014515108106170136
2015-08-11,-0.00744648944425946,0.007203177026125724,0.013583720907152385
2015-08-12,-0.013431174840318333,0.005796237404124685,0.01305475180404024
2015-08-13,0.0007661537895581861,0.007264975900034369,0.01074097837990087
2015-08-14,0.01928427002460754,0.009065474815633847,0.017479432236290404
2015-08-17,-0.004854135797220708,0.007616877486371078,0.012096989259574772
2015-08-18,-0.001268897173926015,0.007124929279506427,0.01088405463273611
2015-08-19,0.00337237573051901,0.007632170790457345,0.01112399376758385
2015-08-20,-0.014513073495647132,0.009403831701997892,0.016911959556298706
2015-08-21,-0.008732870680242016,0.008293040236621326,0.011704936576591374
2015-08-24,-0.0609725995392517,0.01732000635198825,0.03721986199817518
2015-08-25,0.009139842514835898,0.023387013754899245,0.032757229173278224
2015-08-26,-0.011338429020653107,0.012477750479236105,0.019629446808435973
2015-08-27,0.019961540867943228,0.0087952716212019,0.012743858054172592
2015-08-28,0.006645417343079588,0.010742871533861588,0.016264772857495554
2015-08-31,-0.0038377197180878234,0.007927100988259293,0.01199928552273286
2015-09-01,-0.02353957047024599,0.01333693078239765,0.023452814447483074
2015-09-02,-0.008882308721944062,0.009797814768998311,0.02116104764642996
2015-09-03,0.01364242522747763,0.00734267461699834,0.011702709059024671
2015-09-04,-0.021702577450189775,0.011133506284063545,0.023259130799968514
2015-09-07,-0.012653113658095735,0.010511083974653697,0.021054916978361444
2015-09-08,0.016980767754825463,0.014686007030840225,0.023594433368289272
2015-09-09,0.016812333537542277,0.007313398678237219,0.010423860919096108
2015-09-10,-0.003908582653268309,0.011999712073894421,0.018149496781479205
2015-09-11,0.00015403174356981987,0.0088147904088955,0.013473636648231504
2015-09-14,0.010592945398427487,0.009514583345870468,0.015002076618025342
2015-09-15,-0.00549634403468119,0.006573766191904562,0.010250220203982825
2015-09-16,0.008907573043561995,0.005348467911950942,0.007671723970989511
2015-09-18,0.010421319740291772,0.008685159979301789,0.01242184236294874
2015-09-21,-0.0006015169913181517,0.004873069772025694,0.009972271090201377
2015-09-22,-0.020913936119176794,0.0135621491082704,0.029934728322612646
2015-09-23,0.004336486972064778,0.011587520970046287,0.020348064717404343
2015-09-24,0.0028699470722847766,0.007787606166872832,0.011488835526942874
2015-09-28,-0.009295122372462671,0.0056735832771181004,0.013597239163165492
2015-09-29,0.006087314580231289,0.019133156024069863,0.03000645330863736
2015-09-30,0.01337390276102144,0.007176862382201004,0.010466881749003815
2015-10-01,0.0002515754959328041,0.006092071032172414,0.009759913797100526
2015-10-05,0.02095880198216427,0.006344424964394091,0.01524759618015668
2015-10-06,0.004129760698013392,0.007031284816046869,0.01035830150302995
2015-10-07,0.003000559533489925,0.004230700511207766,0.006848142523144755
2015-10-08,-0.00589325816039762,0.005987067469140162,0.011181693647313466
2015-10-09,0.007396309429230271,0.007990608468636747,0.011300815751683142
2015-10-12,-0.005644936325841478,0.007509481069381086,0.014281129143481812
2015-10-13,-0.0014623268695636497,0.005316977815711665,0.007581428343766036
2015-10-14,-0.002931144839264699,0.0037173131307799527,0.005297266560830941
2015-10-15,0.008792141080753622,0.003984549129486368,0.007427104346231432
2015-10-16,0.007144827515608405,0.007825318204799469,0.011986973240210311
2015-10-19,0.00446908837067067,0.003633790279733594,0.005299014557007363
2015-10-20,-0.0016205672034621203,0.00537062867982444,0.007849473931817402
2015-10-21,-0.0012051093404612868,0.006597539603260224,0.009361707062973883
2015-10-23,0.005287931868963474,0.003916207927098875,0.005707901109665608
2015-10-26,-0.004216047634858218,0.004648120070166002,0.010199078994983096
2015-10-27,-0.003352778179937369,0.0021308421775535933,0.00302449798291677
2015-10-28,-0.007522568634822207,0.006553349798695642,0.00946003069804163
2015-10-29,-0.0073021729802976425,0.005160030966964956,0.010059493655037445
2015-10-30,-0.005680751342262694,0.007697656385346226,0.012608817200421485
2015-11-02,-0.0018614353765358403,0.0057266355635331185,0.008086165255077651
2015-11-03,0.0012289844981697455,0.005680413937035241,0.00851043904301796
2015-11-04,-0.0025464428174963505,0.005975155690555302,0.011044537550261656
2015-11-05,-0.010596729858654794,0.005052899039240272,0.010948481294945571
2015-11-06,-0.00014461454479229208,0.006789709887108637,0.009617439860001034
2015-11-09,-0.004927652224989373,0.011067066389018648,0.020978598214842017
2015-11-10,-0.016798136847989233,0.006842836732480987,0.014421810478986564
2015-11-13,-0.0027146086971354118,0.004031226029385017,0.005694250418693034
2015-11-16,0.005697301642988936,0.009688373998440018,0.015973688129604376
2015-11-17,0.0039567183391247835,0.006028855353312553,0.008606030837872217
2015-11-18,-0.013584591382027576,0.00789239698495821,0.015306927319108647
2015-11-19,0.014247868942778304,0.006853806751538026,0.01140540078814829
2015-11-20,0.0017580157603643014,0.007933512696828937,0.011347269837430379
2015-11-23,-0.0009295680963622142,0.004429655390108417,0.006663032097015639
2015-11-24,-0.0022511419581774496,0.0051854692761433355,0.0073676125686968925
2015-11-26,0.006643152490718722,0.004544713746847305,0.008257451897439505
2015-11-27,0.007443296061827621,0.006670634895060724,0.010053207021728506
2015-11-30,-0.000938432954834984,0.00384432925708057,0.005444087497243313
2015-12-01,0.0024732192560477395,0.003368997313860671,0.004776930001193864
2015-12-02,-0.0029648056574549755,0.004960845896035748,0.00863661282840636
2015-12-03,-0.008508828559286395,0.004354695292672444,0.0075024002254097735
2015-12-04,-0.010513932743920033,0.0030128449464818232,0.005872564232994847
2015-12-07,-0.0021225558652615325,0.005940218125886172,0.01021841742268812
2015-12-08,-0.008236846826399094,0.007269841586500215,0.011140371932384553
2015-12-09,-0.011649476035916928,0.005756127079077822,0.012604294950738917
2015-12-10,0.009257483913935133,0.006843977198710994,0.0106660155656692
2015-12-11,-0.009526788440796045,0.009351077174990128,0.016786129167323766
2015-12-14,0.0051898297247641055,0.007332458395934041,0.014758124915189609
2015-12-15,0.006625034231155874,0.006550895750254212,0.010375398116710056
2015-12-16,0.006471760590641962,0.005158516739162114,0.007850713907149013
2015-12-17,0.011984586823973591,0.009258062721014189,0.01470486352855599
2015-12-18,-0.010559923429662535,0.005284571648157912,0.010667397059247227
2015-12-21,0.009297083993681328,0.006688722805881749,0.013695894671932373
2015-12-22,-0.006190595230165718,0.0052575067443199975,0.008919703851759568
2015-12-23,0.010203237135106905,0.0029645968085527403,0.005765368014060801
2015-12-24,-0.0006231818889286995,0.004261121324950161,0.006773904417734044
2015-12-28,0.008121074246974173,0.004507633671426258,0.009362623575177594
2015-12-29,0.0004794082310730862,0.0035165337919419977,0.0049691196656832005
2015-12-30,-0.004132679706995248,0.003604029210186481,0.006952655037992718
2015-12-31,0.006324752800432643,0.004303811772721336,0.008104337406773021
2016-01-04,-0.019705014523420224,0.00933042875942365,0.02008005223173735
2016-01-05,-0.0008538680302466864,0.005083341136655522,0.008728741326188864
2016-01-06,-0.005622955254962513,0.006213777528726848,0.010302286526288593
2016-01-07,-0.022562432473354942,0.006880995732679883,0.01563760695406764
2016-01-08,0.004357430194614917,0.004858572694419854,0.006979061914949448
2016-01-11,-0.00494554321070581,0.009930272021795234,0.014642014129063349
2016-01-12,-0.007104947023205757,0.006984901457035289,0.013381622919670084
2016-01-13,0.00691320150571891,0.01554938729811503,0.021838357235487684
2016-01-14,-0.0033909243778356985,0.013995804526879034,0.021361851737108146
2016-01-15,-0.013222582904531205,0.008187692141109697,0.018715238238164508
2016-01-18,-0.01173872154132596,0.010667570065727152,0.017310569990477486
2016-01-19,0.011375684463334866,0.008273726198027744,0.013261435133513735
2016-01-20,-0.017064559633827973,0.021678850569688348,0.031384661797103246
2016-01-21,-0.004456304927870771,0.011591174357804284,0.02043483389727332
2016-01-22,0.019818039378412727,0.00843954382877641,0.01425402689186325
2016-01-25,0.0018440109866640082,0.005634391569960941,0.008868797414971928
2016-01-27,0.00021515509354344282,0.004844657596822566,0.007824907671170717
2016-01-28,-0.0017628513745914778,0.005629680084217147,0.007980174254586261
2016-01-29,0.018535098493895702,0.010533040426047486,0.022853038866634603
2016-02-01,-0.001005272663116682,0.004794823209465987,0.007834910736868825
2016-02-02,-0.013376662920665904,0.01052334024213129,0.01988451608314538
2016-02-03,-0.012654253761286621,0.006091724059041287,0.009386304910417653
2016-02-04,0.00571595318480905,0.008669115922219743,0.012304107154916262
2016-02-05,0.011428248424226505,0.006991372616097358,0.012885393270441149
2016-02-08,-0.013693101923425259,0.011328200293816714,0.020217213357474027
2016-02-09,-0.012127772043135017,0.0046533488213933326,0.0066181101745841926
2016-02-10,-0.011368534484495037,0.00821072452933018,0.01304102098329692
2016-02-11,-0.03373336331978199,0.014812367172136926,0.03564897167571941
2016-02-12,0.0006591672782349067,0.01643360675655074,0.023750320522101652
2016-02-15,0.02573689591661371,0.008449225187967858,0.017590517393581147
2016-02-16,-0.01614257549907488,0.00983283947711497,0.023686689182598517
2016-02-17,0.008504885651830765,0.015783669457661274,0.022937530472713963
2016-02-18,0.011650291007518507,0.00851290969207308,0.012131956756005145
2016-02-19,0.002638432358562314,0.00716182387534425,0.011219346440210796
2016-02-22,0.0032951654232690796,0.004549606415146977,0.007146223113669365
2016-02-23,-0.017429210300505937,0.009681083747655635,0.021239038215955953
2016-02-24,-0.0128608796700014,0.006436058018885824,0.011547694363926502
2016-02-25,-0.006876725240095017,0.005142095396470748,0.010443906112649885
2016-02-26,0.008449825021575584,0.006778012526623195,0.009644696424126036
2016-02-29,-0.006092735574228962,0.0267283158176748,0.038471214673239655
2016-03-01,0.03311502695088197,0.011706644883089442,0.02774738071849138
2016-03-02,0.02008823459754814,0.005692657206252378,0.00979802742024351
2016-03-03,0.014382727390574045,0.0063240444212138425,0.01042062036590525
2016-03-04,0.0013033933343828406,0.005604671589342006,0.00825610076766486
2016-03-08,-6.718875810813698e-06,0.008029879187078945,0.011355590586601577
2016-03-09,0.006192960002448895,0.007372615658184115,0.015228789703241322
2016-03-10,-0.006079397498643517,0.008028483160074248,0.01331795336896554
2016-03-11,0.0032074889464729544,0.007569736886431044,0.011098252441828788
2016-03-14,0.0037942631968658764,0.006422298478372103,0.009106336013928039
2016-03-15,-0.010420532757604035,0.006083382633942719,0.012385115059849893
2016-03-16,0.005100486959710426,0.009116836730217107,0.013715632292882148
2016-03-17,0.0018385894298917032,0.009227654254929848,0.014096399371312403
2016-03-18,0.012145535400108631,0.006873784652832425,0.012584927585329865
2016-03-21,0.013051659829120443,0.0055293127922356605,0.012441134357659733
2016-03-22,0.0013813866658977931,0.00760636510146558,0.010939920373997278
2016-03-23,0.000207382048564695,0.00516586434903573,0.00728957428886153
2016-03-28,-0.013227762297457975,0.010883878050661195,0.02123408818762834
2016-03-29,-0.0023796985402065656,0.00651152843751347,0.009299710720514677
2016-03-30,0.018027932915947852,0.005984397905590705,0.012733994920996434
2016-03-31,0.0004135698294723892,0.006852612279160788,0.00976947413034997
2016-04-01,-0.0032812610960895605,0.006785495511594165,0.009600586870643212
2016-04-04,0.005913983718554631,0.005089650227587941,0.007739636861421589
2016-04-05,-0.020258420894693874,0.008326000060799052,0.019419441623380985
2016-04-06,0.0014654006885952725,0.0039795271744982735,0.006159409764752755
2016-04-07,-0.008957357794121351,0.005570268837532479,0.012575436117328033
2016-04-08,0.001158813871706803,0.003852871359093367,0.005645105522182117
2016-04-11,0.015263021567415073,0.012998880476752444,0.021110841449129964
2016-04-12,0.0048829015384887434,0.0037947655688545423,0.007011305471964976
2016-04-13,0.018188863004861715,0.006011903403710196,0.011795452116910592
2016-04-18,0.008150934704248517,0.006965418186198553,0.009836139807589541
2016-04-20,6.292661701482301e-06,0.005892283033795902,0.00920434601929941
2016-04-21,-0.00034121810751646184,0.007754706075230897,0.01192486144366182
2016-04-22,-0.0016127659027939515,0.004437204642960275,0.006329674937812798
2016-04-25,-0.005617511031739854,0.006865445619922257,0.010693757784944025
2016-04-26,0.013605234565983467,0.008541078009471325,0.019082867785983473
2016-04-27,0.002164021055994669,0.0033616531042972974,0.006322158915512517
2016-04-28,-0.016762715869970777,0.010441239601630778,0.020077072182930325
2016-04-29,0.0003248769344116223,0.009041494569173348,0.012783715747129797
2016-05-02,-0.005608183374211703,0.0045657029471420345,0.006725681940174083
2016-05-03,-0.007574173857563739,0.012589621823012122,0.020020665761746482
2016-05-04,-0.005235080380291306,0.004520991874751334,0.006715067223535378
2016-05-05,0.003749531907512104,0.0064470190624538746,0.009139642819630277
2016-05-06,-0.00026502182418547155,0.005406805731991636,0.007829597806707443
2016-05-09,0.017000904277695215,0.006355666360458205,0.01526815881392977
2016-05-10,0.0027612316174809364,0.00520080533304846,0.007505224333415417
2016-05-11,-0.004950200558543867,0.009495682051746675,0.014295112521769803
2016-05-12,0.006546342052207653,0.005501885621098257,0.008404625482825452
2016-05-13,-0.010881223351540733,0.006997506402178073,0.012386570000527963
2016-05-16,0.005849866346159204,0.008894222587639632,0.012944057500874599
2016-05-17,0.0038091656381104887,0.005378080906740713,0.007654519829388842
2016-05-18,-0.002614077814670393,0.006153190457465164,0.009059523080528206
2016-05-19,-0.011083861385826453,0.0066609659647279525,0.014055604491304266
2016-05-20,-0.004339090032687426,0.00608711535732501,0.009890692596097152
2016-05-23,-0.0024094956185153732,0.006018041113001781,0.012727883641894021
2016-05-24,0.0022997953380331686,0.004089460802406163,0.005904101824583978
2016-05-25,0.023726281336622208,0.006769879734826962,0.01662281720605452
2016-05-26,0.01683935953427849,0.009293979730984833,0.01666738974152222
2016-05-27,0.010723434761836886,0.004989039480834616,0.010684581497111701
2016-05-30,0.002675226223002301,0.004156426721168139,0.006015796944733142
2016-05-31,-0.0022523239460265896,0.005726189774887716,0.009717994110179672
2016-06-01,0.0024296262330994575,0.0038228396262250013,0.00541565701865592
2016-06-02,0.004756425442880727,0.004409618609032017,0.009094835498897662
2016-06-03,0.00022501672869773692,0.004046130628961295,0.006343712517517316
2016-06-06,-0.0024053331374929024,0.0036281622847714563,0.005932214994864772
2016-06-07,0.007943007071457264,0.006312444929495742,0.009502241328695328
2016-06-08,0.0007980422292402209,0.0030088246161285087,0.004454292770801465
2016-06-09,-0.008430185637149968,0.005519923561146391,0.010818362175712215
2016-06-10,-0.004098029802836798,0.008811062157347739,0.012576362956783728
2016-06-13,-0.007303144729646939,0.005320926520101466,0.0075641872262915
2016-06-14,-0.00021579029938960387,0.005367008530402538,0.008071452120124587
2016-06-15,0.011982591110193301,0.005886940028699356,0.010972911711920118
2016-06-16,-0.008056347617289792,0.008725621013600015,0.013045445079538125
2016-06-17,0.0036110989197415846,0.005124793230673516,0.007276467392636038
2016-06-20,0.008324876233428225,0.007276150347186998,0.016605000056897492
2016-06-21,-0.0022601974495153427,0.0039037135443393644,0.006703196724602949
2016-06-22,-0.001972795244488282,0.0073034266868996275,0.010373320251710921
2016-06-23,0.00810364889252149,0.006513004723867863,0.011764753113760032
2016-06-24,-0.02223326969761141,0.0146194174213884,0.021468534545961405
2016-06-27,0.0007538756415223447,0.005695223054604402,0.010043584410276158
2016-06-28,0.004086897298664459,0.004575258083582577,0.007320509025770227
2016-06-29,0.009325392253691965,0.004107493808843489,0.006673633383867625
2016-06-30,0.010156680759383653,0.005252425650512598,0.007969687943048476
2016-07-01,0.004886789454209853,0.003918451569660824,0.005775407089161526
2016-07-04,0.005072225932684971,0.002811672402033133,0.004031920772756816
2016-07-05,-0.00416002601386157,0.004089825998071925,0.007377683234549901
2016-07-07,0.0002339226096985007,0.0037393628346342597,0.005307091465107209
2016-07-08,-0.0017646132140196943,0.005218323642319129,0.00789960573542727
2016-07-11,0.01723577043083921,0.004062542483662547,0.008053967591305862
2016-07-12,0.006256959594241648,0.003704404162230563,0.0055626261022937796
2016-07-13,-0.0001818960901539572,0.004450197024455514,0.006655343073243735
2016-07-14,0.005326478102926448,0.004631879189078244,0.008254547030064214
2016-07-15,-0.0027591572520208334,0.006785694873166375,0.00992226053388402
2016-07-18,-0.0038357821106622886,0.006536621284994011,0.010900607363166538
2016-07-19,0.0023301434628515147,0.005161219107905338,0.007427946230692292
2016-07-20,0.004363986470652139,0.0030150859214925895,0.0066952594958860755
2016-07-21,-0.00652967485068765,0.0042368301237765,0.00961208545636607
2016-07-22,0.0036478885225085054,0.004651650425866947,0.006925301980096703
2016-07-25,0.010997493024321226,0.005838703983096342,0.014353313266023635
2016-07-26,-0.005224581055714631,0.0046126881987825635,0.007886480873897017
2016-07-27,0.0029232563005614403,0.007533677101265848,0.010788342048283162
2016-07-28,0.005844213941164874,0.003448973950521134,0.005706033304519764
2016-07-29,-0.0032129615963578163,0.002384383670482248,0.004537734415697169
2016-08-01,-0.00022578173062699604,0.009791286313356944,0.013987044296547185
2016-08-02,-0.0015816745902789463,0.005939642660346169,0.00879052305531804
2016-08-03,-0.009092783738205783,0.0057723595804333085,0.012387647621248454
2016-08-04,0.0007311673892417124,0.005895775249094111,0.009735590018005268
2016-08-05,0.015324527088340225,0.005512767137221576,0.011430183232477232
2016-08-08,0.003242317221417232,0.002099823756289675,0.0029731777263452335
2016-08-09,-0.0038068328301676924,0.006432090768176611,0.010387971545242417
2016-08-10,-0.0119339403558223,0.006438398195434395,0.014635056832811626
2016-08-11,0.001963086091088332,0.004842360202032147,0.007111210018410245
2016-08-16,0.0058486143833095606,0.006399780861625614,0.0094763022387305
2016-08-17,-0.0021428662849281455,0.0050745559810336195,0.0073631300187396095
2016-08-18,0.005688787100174632,0.0032867467643896654,0.005263354639264405
2016-08-19,-0.0007323592374647016,0.0035274407961203174,0.005711384436071773
2016-08-22,-0.004365165253066113,0.005113623941086023,0.008210496534163248
2016-08-23,0.0003996372089627608,0.00509437593760509,0.0071994988111697775
2016-08-24,0.0020482907499330422,0.003282959386416886,0.004641389890410907
2016-08-25,-0.006739142150229588,0.005984252778251918,0.011568563557996198
2016-08-26,-0.0022896225356679534,0.005424698922818345,0.008795561687348939
2016-08-29,0.00406291485846204,0.006214786522908897,0.00909096169300101
2016-08-30,0.015779602831678955,0.005380532791495819,0.012390813978759052
2016-08-31,0.0047745981624819625,0.0047220716766357305,0.007415081511545594
2016-09-01,-0.0013154039773133465,0.0040744132628441005,0.006074293825363858
2016-09-02,0.00398082888319566,0.004394448636750386,0.006345247720838809
2016-09-06,0.015023347446829987,0.005139029588503311,0.011450230802023929
2016-09-07,-0.0028049819116828943,0.0025928387355522177,0.00620664891878334
2016-09-08,0.0038667014380895045,0.004398680744976922,0.007187892697570511
2016-09-09,-0.009630114351834806,0.004310672334946268,0.009073295988402888
2016-09-12,-0.01718822993969123,0.0036508571131842367,0.0054557123799437385
2016-09-14,0.0012613090035687876,0.003974743642737594,0.005838381618341372
2016-09-15,0.0018260991839711186,0.0038552405610870603,0.005444702861398394
2016-09-16,0.0042573919410826295,0.007806908416730296,0.01106515429618113
2016-09-19,0.003246577269225301,0.0037712926034536307,0.005687708000685602
2016-09-20,-0.0036964832905136196,0.003616407890830804,0.006512196820972563
2016-09-21,0.00014242538436080372,0.005515678246257476,0.007923961831824956
2016-09-22,0.01023549301709891,0.004411270735495074,0.006264461988956495
2016-09-23,-0.004056776073300545,0.0038665659724924878,0.0073486978005324706
2016-09-26,-0.01236159001721051,0.004679524532804928,0.010827657462387221
2016-09-27,-0.0019104927510736648,0.005546119549679369,0.008958926364561632
2016-09-28,0.004440873383603119,0.004572966909519676,0.007306839929362635
2016-09-29,-0.01775506219605918,0.013510055761593379,0.028214798850574714
2016-09-30,0.002313677050935853,0.006391179201600304,0.00951675346440582
2016-10-03,0.014634809521912494,0.0073484825485496215,0.012611460184576926
2016-10-04,0.0035471948830647004,0.0038378886494981057,0.005422507213564955
2016-10-05,-0.002877869921600413,0.004192808922761216,0.00864023730693264
2016-10-06,-0.00394195263650275,0.006584623945274867,0.011079791971344314
2016-10-07,-0.0013730217286708416,0.004558373634616118,0.006887002542682506
2016-10-10,0.0012869056479532695,0.0028150182350203455,0.004805439361744715
2016-10-13,-0.015675477121613476,0.009081870584286307,0.01635302439541138
2016-10-14,0.001171641761961016,0.004439673794930591,0.0063669860588922884
2016-10-17,-0.007366816969274471,0.0060287177935739135,0.012822167385491393
2016-10-18,0.018316274989203487,0.005921945741855964,0.014888303959973757
2016-10-19,-0.0021688629658940845,0.004249748558170428,0.007165849509378569
2016-10-20,0.004643356702434108,0.003933292104060367,0.0055981094242980554
2016-10-21,-0.0007302693005771827,0.0045125101300622795,0.006562691571919602
2016-10-24,0.001827421566475664,0.004285725553818814,0.006062706009723071
2016-10-25,-0.0020287520787162444,0.004298717246908588,0.006811431735512266
2016-10-26,-0.008788614143283245,0.003949147413817345,0.007045668473056499
2016-10-27,0.0,0.006114405856934994,0.008659018528191289
2016-10-28,0.0026371858270232084,0.005833172172119708,0.008335262792313036
2016-11-01,-0.001361194585834806,0.004071902219647252,0.006387434792059122
2016-11-02,-0.013098012546713908,0.0030502503518735195,0.00524434938043223
2016-11-03,-0.003417838470350909,0.004994345097476528,0.007248127400202726
2016-11-04,-0.006052515976111644,0.007004302152388002,0.012301763746850452
2016-11-07,0.007477508488472915,0.003530039845363048,0.006402153137020558
2016-11-08,0.005457567982692605,0.0065766398935295746,0.009281947558436527
2016-11-09,-0.013142597631657107,0.03001744367715655,0.05620851462434772
2016-11-10,0.01105700404045472,0.0069204204321338435,0.010292349646658651
2016-11-11,-0.027281387102400093,0.00886004088283835,0.021172018634531043
2016-11-15,-0.02290285685988103,0.010271523854332856,0.024092102025604318
2016-11-16,0.00038839613027746525,0.007632209393575038,0.014873748815429196
2016-11-17,-0.003909439439923456,0.007695404019830378,0.011256281674268712
2016-11-18,-0.0007242886837538094,0.00681620781873124,0.009988777653179107
2016-11-21,-0.01812187142597807,0.009479303191686357,0.023464238145227138
2016-11-22,0.009189427494782599,0.007096612247968854,0.010109581535093367
2016-11-23,0.0038664021768522933,0.007110621573060183,0.010219971823825606
2016-11-24,-0.008475662098624583,0.005289514278422589,0.00907667980274308
2016-11-25,0.018508197132649923,0.00980490174500247,0.01793130689057693
2016-11-28,0.0015516218520139676,0.006009416492840768,0.009843852017536044
2016-11-29,0.001874725893588773,0.005891282749175564,0.008431362095499986
2016-11-30,0.010063243621010479,0.007181806536091523,0.011550854155267798
2016-12-01,-0.0038495313077255163,0.004131919301954275,0.008025240984894266
2016-12-02,-0.013034894616329137,0.0058636557167708065,0.01103650419888797
2016-12-05,0.005174081595203409,0.00676270448225215,0.010462839266492389
2016-12-06,0.0017699108511295017,0.004078412363034161,0.005876116518802859
2016-12-07,-0.005059979081726745,0.008409554085893587,0.013940940630499684
2016-12-08,0.017714169916451,0.005435361890448604,0.012671505477825694
2016-12-09,0.0018051676124941,0.0027247037402418346,0.0039943111326292855
2016-12-12,-0.011069630108506541,0.004762424526092517,0.009325916328140211
2016-12-13,0.006222340051564259,0.005998697435799471,0.008884892167509609
2016-12-14,-0.004797498800311476,0.004259945224241069,0.00785831767183696
2016-12-15,-0.0035320811496494836,0.008784389165617046,0.012748993581667128
2016-12-16,-0.0017369253327930302,0.0033231068009050373,0.006296494083779125
2016-12-19,-0.004321667547371758,0.002831405744258845,0.004645641154450895
2016-12-20,-0.0027121205636996375,0.004903468326113618,0.007590579332564277
2016-12-21,-0.0026140364419853872,0.0038960043030351176,0.00735610957590465
2016-12-22,-0.010249174221346512,0.005156170337502763,0.010214184432144108
2016-12-23,0.0008330679821808747,0.007060496268635898,0.010086753651034655
2016-12-26,-0.009752185003088458,0.0051367228889826096,0.009641829734770652
2016-12-27,0.015632877835896817,0.008480238895296394,0.017546662183124142
2016-12-28,0.00024894664276991384,0.006249650650755648,0.008979620212802226
2016-12-29,0.008520076594398652,0.005570947597546049,0.011143231635389677
2016-12-30,0.010092502517199517,0.005041851634482666,0.010047888045454095
2017-01-02,-0.0007698979027411989,0.006355322304431149,0.009560510460602726
2017-01-03,0.0015575613575361691,0.006084564034695898,0.008605634803472794
2017-01-04,-0.00021363934707617968,0.003108825277231174,0.004590696252518161
2017-01-05,0.01011892597298775,0.003590671768094766,0.007124924061989259
2017-01-06,-0.0036324930615801707,0.005604446156485104,0.008927874416983124
2017-01-09,-0.0009405426329750955,0.00246078881514277,0.004279964404772986
2017-01-10,0.006360193250249055,0.002016805850109074,0.003957219100124112
2017-01-11,0.011044494137506545,0.004055796025065761,0.00796477563062048
2017-01-12,0.0031629810720875113,0.0026839270431080423,0.0041512500968466275
2017-01-13,-0.0008151796539613075,0.006056113388015006,0.010463780455566047
2017-01-16,0.0014810071904502009,0.0040948357970868,0.006216694311251677
2017-01-17,-0.001760750075312027,0.005110518502808236,0.00745422552244582
2017-01-18,0.002259887967437504,0.005186475095121369,0.007472901753890935
2017-01-19,0.0021480547533008396,0.0032223578889638955,0.004872566755681188
2017-01-20,-0.010217880246458876,0.005658403753696968,0.009904986517709206
2017-01-23,0.005035644029815811,0.004596672872971062,0.009170016720788893
2017-01-24,0.009995732282151228,0.004743889755286216,0.009768966539500847
2017-01-25,0.014866898538362306,0.006312051630900559,0.013792033252448346
2017-01-27,0.004465328690727306,0.004908369112140189,0.0076146164834370025
2017-01-30,-0.0009841380903137704,0.003664936214750762,0.005195286481712085
2017-01-31,-0.008311085218864388,0.00428492748769075,0.009268406805652845
2017-02-01,0.017954328487415367,0.010919748895482376,0.02121292991816567
2017-02-02,0.002045724967320079,0.00578173124705964,0.008220488844205284
2017-02-03,0.0007668233343177947,0.003255113129215418,0.004633363546873759
2017-02-06,0.006852108598963618,0.003354018058945508,0.00498797473445939
2017-02-07,-0.003728087682222944,0.004821591367748822,0.007783721077091115
2017-02-08,8.553173850807276e-05,0.006147429799305108,0.00869535487861416
2017-02-09,0.0010657487804178315,0.007748404410375775,0.011084112927215482
2017-02-10,0.0017242727924366554,0.003870200955802542,0.005788266990353259
2017-02-13,0.0013069223565665177,0.005754722834451211,0.008256647824274311
2017-02-14,-0.0014490821077153884,0.0033260119795777195,0.0054536579026725155
2017-02-15,-0.007718210304816345,0.0066347743026932615,0.010894446699849666
2017-02-16,0.006090485336691579,0.004401501912071743,0.0073308938183527
2017-02-17,0.004966026084143879,0.005942854751982272,0.010451522186334501
2017-02-20,0.006496867502078924,0.004379624775770246,0.00861003171804365
2017-02-21,0.0032213817527225,0.004607715154227293,0.006718749417593638
2017-02-22,0.0021363673161383717,0.004381017289363766,0.0062171635810214605
2017-02-23,0.0014104252886116898,0.004148580511035883,0.0061077896904189275
2017-02-27,-0.00479921579345047,0.003786102635206397,0.0070980714957408824
2017-02-28,-0.0019239764630964217,0.0034972480445811718,0.005309968095320317
2017-03-01,0.007427659614302356,0.003993498406637906,0.006953005507669397
2017-03-02,-0.005160940111567701,0.006794298913890815,0.01266329900418551
2017-03-03,-0.0002472504647169898,0.0036098223734424904,0.00528235312324287
2017-03-06,0.00737928331770254,0.002608219770496498,0.006002131268117604
2017-03-07,-0.0018480720763560477,0.0028418449153022746,0.005035241560832106
2017-03-08,-0.0025292759007722594,0.004820204426366615,0.007294646168297298
2017-03-09,0.0003025208654424808,0.00356434522221975,0.0051864909474067435
2017-03-10,0.0008453695473995277,0.005516958906550523,0.008030622870595725
2017-03-14,0.016919058968585234,0.004831097182105283,0.006850445691647409
2017-03-15,-0.00024215491551740303,0.0024110056137667656,0.0034177753340782677
2017-03-16,0.0075555246752815495,0.0016350248989846694,0.0032664813121486796
2017-03-17,0.000693425391241901,0.00439085144294762,0.00772930090552225
2017-03-20,-0.0036310400180971465,0.002884405114269385,0.005620757093970892
2017-03-21,-0.0005863115999817308,0.004618807322918916,0.006638141170585978
2017-03-22,-0.010032042543653485,0.004028394632880942,0.005935538625230759
2017-03-23,0.006165541424006181,0.002971892950316875,0.00555233663833912
2017-03-24,0.0023853850750034113,0.003415379232158338,0.004847322580423803
2017-03-27,-0.006918896341847197,0.004368759638409194,0.007760935881372685
2017-03-28,0.006128048426003716,0.0019796548829995745,0.003362406227388797
2017-03-29,0.004713732341589461,0.003252931588917598,0.004817557491516568
2017-03-30,0.0032701122498964663,0.0029298174933260683,0.005101597629104782
2017-03-31,0.0,0.002882194650537727,0.004316728266793841
2017-04-03,0.006962987433382358,0.003891643247623997,0.005731768862773504
2017-04-05,0.0029509594186491106,0.0044742924671568735,0.006313982777785624
2017-04-06,-0.00034546099962948787,0.0035960967108914555,0.005301322605076191
2017-04-07,-0.006895967591191596,0.004468623051219534,0.0067839048465457115
2017-04-10,-0.001833497636833679,0.0025209804975691802,0.005532980103288677
2017-04-11,0.006031992108960761,0.0040308825561272184,0.0075620424312547365
2017-04-12,-0.0036387226287440087,0.005942945425341846,0.009192268566910782
2017-04-13,-0.005737149166000338,0.002742045286703508,0.006305481110289732
2017-04-17,-0.0012575110864404995,0.0030527761644918382,0.004349348511317293
2017-04-18,-0.003743544319295666,0.008597861657105797,0.013448453903471958
2017-04-19,-0.00018127544810997014,0.003474335180338342,0.004981557574009996
2017-04-20,0.00360752258526342,0.00255020643679333,0.004514907210319641
2017-04-21,-0.0018624222643066866,0.006123876254617165,0.010406428773821606
2017-04-24,0.010748636018943606,0.004701531371931955,0.01028976984337942
2017-04-25,0.009571092601938416,0.0038821540927951644,0.0063235325905948376
2017-04-26,0.00485035901773151,0.004863185094522904,0.00702004345313542
2017-04-27,-0.001037682638315093,0.00317195898819922,0.004763357272074797
2017-04-28,-0.004086692040742791,0.0038706441424576615,0.00649183870389102
2017-05-02,0.0010473820656935206,0.0060317180088601645,0.008873866283973996
2017-05-03,-0.00019860777483643832,0.0029049667330117005,0.005143864932461931
2017-05-04,0.005136105872378302,0.0032077412869115046,0.004530004471785703
2017-05-05,-0.008002164979810267,0.005307783492144705,0.011318924707411445
2017-05-08,0.0030915084131222883,0.003087385058189125,0.004375110811571103
2017-05-09,0.0003005549701442118,0.0019368086413346021,0.0033541380735130633
2017-05-10,0.009661416055306064,0.0038931504668428068,0.008371158742146199
2017-05-11,0.0016039118008357616,0.0023930215098049773,0.004176280385691594
2017-05-12,-0.0022844037397764944,0.004296976277996203,0.006935526662692923
2017-05-15,0.004722420937348687,0.0017975522575045767,0.0027685846595720265
2017-05-16,0.007052549770711115,0.0030491466222932,0.00639707597440143
2017-05-17,0.0014182164368899746,0.003416531445212747,0.00488150539327612
2017-05-18,-0.01016086690923151,0.005075295565976726,0.007529601252392743
2017-05-19,-0.00016437141409942322,0.008151259615521721,0.012197837825519958
2017-05-22,0.0010971618691591547,0.004509096429070641,0.0074960930257198105
2017-05-23,-0.005535341505865151,0.004391954364908679,0.008315422344548951
2017-05-24,-0.002731211528938736,0.0059248397434222165,0.009641527675522366
2017-05-25,0.01581355951256376,0.006916587619408787,0.015152828347222588
2017-05-26,0.008934922695320598,0.005781486897317797,0.011412075377832637
2017-05-29,0.001020914802213731,0.005966474885745897,0.009375402245232485
2017-05-30,0.0020436799494468433,0.0033230028117572203,0.005621001550498658
2017-05-31,-0.0003429116745806887,0.0027935260440324003,0.00419380115629466
2017-06-01,-0.0005354574151470177,0.0031903122773402847,0.004653653957200276
2017-06-02,0.003881807442491232,0.0026295878760021004,0.0037343766185839334
2017-06-05,0.00223499051174814,0.003180392041173024,0.004806152068444063
2017-06-06,-0.003930072114359614,0.0038549101220572536,0.00820777991095251
2017-06-07,0.002771871586730097,0.003515563336398341,0.004966938612753609
2017-06-08,-0.0017244332330555142,0.002610559514800886,0.004892606215501827
2017-06-09,0.0021744203643893584,0.004613481771356171,0.007043633478137201
2017-06-12,-0.005377306123000276,0.0029840528928864927,0.005048646345344674
2017-06-13,-0.0009883839285963953,0.004279825968583091,0.006115395976972119
2017-06-14,0.001170348147540874,0.0034498176179588026,0.004881416218887914
2017-06-15,-0.00417797729350316,0.003647193625805681,0.006327027648973182
2017-06-16,0.0010435092284018055,0.0036811111686482307,0.005251287842746143
2017-06-19,0.0072224616043765726,0.003781890001632089,0.006047021785396808
2017-06-20,-0.00041942875067181194,0.002133297717253818,0.0033925519241725798
2017-06-21,-0.0020635967138743832,0.0029275188361860666,0.004344231402016421
2017-06-22,-0.00037372136982585634,0.005881198399863334,0.008421558605919003
2017-06-23,-0.005732892290795095,0.004150577564475868,0.008600628124187574
2017-06-27,-0.006659213268124637,0.009037927835612598,0.014924216149329022
2017-06-28,-0.002120798705808072,0.0030439991833123518,0.005073134795206111
2017-06-29,0.001352921804466218,0.005955204155762229,0.008627855701250632
2017-06-30,0.0017661798283679123,0.0058613087863675995,0.009143022310496582
2017-07-03,0.00983495586260243,0.005671642755782271,0.008367154998699947
2017-07-04,-0.00017684302140083614,0.003463401160757184,0.005736884498089652
2017-07-05,0.0025245384198064923,0.0024049729572244265,0.003766579098667714
2017-07-06,0.00382663157881288,0.004232864785105889,0.006279361957552329
2017-07-07,-0.000904844097829429,0.0030299014260777163,0.004303793810712484
2017-07-10,0.010830050223587575,0.009310098032070183,0.013887985224207953
2017-07-11,0.0015339700917757582,0.003621019521000211,0.005231957361179094
2017-07-12,0.003065972775967725,0.002627518714844496,0.0037947862676967824
2017-07-13,0.0076721863955028615,0.0021746196963322627,0.004427934917422583
2017-07-14,-0.0005410630593885717,0.004552007433128261,0.006862958731568602
2017-07-17,0.0029896131536668747,0.0023393958333209346,0.0033783953469064647
2017-07-18,-0.008995588419495522,0.006696314077276701,0.009494085363393547
2017-07-19,0.007345309743460549,0.0026585012668707323,0.005394098364536918
2017-07-20,-0.002660188538483533,0.0030279319455083606,0.005985801155044594
2017-07-21,0.004239851688892752,0.006126107212349424,0.008744125999092307
2017-07-24,0.005145498736317388,0.004034324460256607,0.006266073292745136
2017-07-25,-0.00018569972075426088,0.003350652280215244,0.006242148068068256
2017-07-26,0.005614227803035337,0.0035677146961455657,0.005987635299215117
2017-07-27,-1.0037915545995924e-05,0.0072173446118991595,0.010912535889382785
2017-07-28,-0.0006039221195206731,0.005666309593787977,0.008143172868091268
2017-07-31,0.006231441314613235,0.004081757095923579,0.006842265928219441
2017-08-01,0.003719422490879323,0.004321201587439115,0.006213720390499471
2017-08-02,-0.0032828454686495033,0.004792932939123485,0.008297318262411348
2017-08-03,-0.006752859858295522,0.004081243247206469,0.008278738261384996
2017-08-04,0.005253982862758577,0.004970936851126749,0.008632717481209244
2017-08-07,-0.0008944632972548343,0.0027285844907305444,0.00415117210993382
2017-08-08,-0.007870951189924851,0.007891810520941865,0.013709387372425325
2017-08-09,-0.007090231284273741,0.004338788094416626,0.0077462267058538165
2017-08-10,-0.008900958038211523,0.007686595878532227,0.01185817013950765
2017-08-11,-0.01120793220489222,0.006257518806320285,0.008866477290154657
2017-08-14,0.008546660459731773,0.004113817932648068,0.006759156503852248
2017-08-16,0.010476664391422662,0.008194447769205453,0.01314505860233541
2017-08-17,0.0006919277268328227,0.0037603942343429416,0.0064669660860691095
2017-08-18,-0.006762412448120804,0.005642793797302079,0.008366011488759912
2017-08-21,-0.008478188903126932,0.007718456781063151,0.014788274541785947
2017-08-22,0.0011475670344457027,0.004455931932706146,0.007767159807130515
2017-08-23,0.008864363739937172,0.004056596160590891,0.007221557028672926
2017-08-24,0.0004616853061997081,0.0017786955865350938,0.003312389738507071
2017-08-28,0.005639916223863896,0.003103462806570756,0.004413485681342196
2017-08-29,-0.011847608353940924,0.00478692824867925,0.010575651557572383
2017-08-30,0.0089785730092648,0.0038937969648656185,0.005933631612154016
2017-08-31,0.0033834484516002566,0.004811564841409595,0.006871354962076344
2017-09-01,0.005680605029627355,0.004702495373290597,0.007378948413448255
2017-09-04,-0.006189993868598528,0.007908870215493115,0.012852045137909898
2017-09-05,0.003961795997934277,0.004255817358089954,0.006234782607842389
2017-09-06,-0.0036238487939692175,0.0033317780485337786,0.004941408910155208
2017-09-07,0.001380643762176384,0.003239213085696514,0.00479857925941399
2017-09-08,0.0004932784400140928,0.0032536965469430507,0.005062991270721654
2017-09-11,0.007146165244692658,0.0036551826321180253,0.005981439939411655
2017-09-12,0.008657158285843384,0.0043432419880630665,0.006885926587593199
2017-09-13,-0.0013632524119145414,0.004658515361307083,0.006825851598888231
2017-09-14,0.0007239751479918529,0.0037174160238412687,0.005566830527585428
2017-09-15,-0.0001188993408102696,0.004810175779845107,0.007089455770785625
2017-09-18,0.006690166885736892,0.002533243505536081,0.003979118907461103
2017-09-19,-0.0005467613092135457,0.002949437000780179,0.004828751860608284
2017-09-20,-0.000630835313560427,0.0022621270845267533,0.0036336715220263048
2017-09-21,-0.001900010615274047,0.0069315582690303345,0.009909283571185855
2017-09-22,-0.01568265154818977,0.005986927086843524,0.014275821366415167
2017-09-25,-0.009255576609087487,0.008753676645601676,0.01463142445028667
2017-09-26,-0.00011138612526191736,0.005618352893648339,0.007936950754697868
2017-09-27,-0.013847140123069935,0.00921304296373201,0.021225834071591815
2017-09-28,0.0034043309606841105,0.00708344980921437,0.010405456941911279
2017-09-29,0.0020093949262780385,0.005427056484020465,0.00803489710108
2017-10-03,0.00721705404356513,0.004093784627337143,0.006526759565647345
2017-10-04,0.005603258200374948,0.005962997910472931,0.008840170915421056
2017-10-05,-0.0026460047490028745,0.0038898077864015033,0.006482205413395518
2017-10-06,0.009160338481321154,0.0038206760820803268,0.008291832257532944
2017-10-09,0.0009064103842389305,0.003985803629335788,0.005636321330246528
2017-10-10,0.0028192178944088774,0.002228374599350919,0.003164655378573642
2017-10-11,-0.00321476053982032,0.007006706166209061,0.01116198596792879
2017-10-12,0.011115046293774924,0.007259017168983075,0.012613464305135049
2017-10-13,0.007012497012134821,0.004219940109978926,0.007061827682529718
2017-10-16,0.006216166917771876,0.004477917998657592,0.00663196005494259
2017-10-17,0.0003518722920273383,0.0026807694719893707,0.0038350863261787105
2017-10-18,-0.0023086574073600593,0.0042045640546247405,0.005944676264428443
2017-10-19,-0.006317115188263494,0.004773859455577964,0.008732089985560246
2017-10-23,0.003767556695072139,0.006907558551843866,0.009784178897769225
2017-10-24,0.002241072913402321,0.0037759992315362094,0.0054223388536055565
2017-10-25,0.008549942456258083,0.006668211825671773,0.009679070438925038
2017-10-26,0.004694988474485417,0.004816379964017563,0.008101547094136914
2017-10-27,-0.0020080474155119445,0.0029172152001250705,0.005313409019163445
2017-10-30,0.003925288971653147,0.002678861658373134,0.0038789609642626752
2017-10-31,-0.0027393276855447964,0.002404503953319191,0.0042330653998210585
2017-11-01,0.010127272636955603,0.003567454647246483,0.006570622665341698
2017-11-02,-0.001600839619376669,0.0025547008418136566,0.003880561414304011
2017-11-03,0.002749549839980272,0.003901058542904012,0.005558534889978474
2017-11-06,-6.699055402996047e-05,0.005049850027871302,0.007338467703725145
2017-11-07,-0.009773143593572503,0.006279132068237889,0.014004646294202021
2017-11-08,-0.004551338464517429,0.005756731093769814,0.009584447111424695
2017-11-09,0.0005627572809849458,0.006281176806576447,0.009845813402624862
2017-11-10,0.0012408504033945,0.00614854052183291,0.008801858787269601
2017-11-13,-0.009422488277922888,0.005599805323698134,0.011530656714499201
2017-11-14,-0.003757738283689395,0.004488271543244282,0.007112304212469699
2017-11-15,-0.0067521545169891405,0.004624999373984147,0.008049989561700485
2017-11-16,0.009511815914835575,0.0052420357518291,0.009109357026603686
2017-11-17,0.006717601133431633,0.004557333001806776,0.007346630319856613
2017-11-20,0.001472173357154509,0.003249895337329586,0.004694706578468261
2017-11-21,0.0027296504663746014,0.0029826140021775526,0.004226862753961182
2017-11-22,0.0014900834832817704,0.0040130334182905516,0.005719268609694618
2017-11-23,0.0006234768735595227,0.004544339175090148,0.00647421186133591
2017-11-24,0.003949210104835523,0.002529340385356424,0.00406652734975566
2017-11-27,0.0009475676238426342,0.003938562250793676,0.0064377974594941436
2017-11-28,-0.0028213872448567432,0.003547458011238288,0.00524091602179311
2017-11-29,-0.0008634372203591307,0.003073631786810232,0.004540917218341125
2017-11-30,-0.013090432150481796,0.0053578400853961485,0.011875969670321401
2017-12-01,-0.010295766224326257,0.007407265315551494,0.016217510106155273
2017-12-04,0.0005876866933977984,0.005053323950192914,0.008244674285996395
2017-12-05,-0.000938457048031478,0.00551574708172868,0.0077929074630000246
2017-12-06,-0.007355365457362713,0.00414010735962003,0.007053950945624754
2017-12-07,0.012132334291871919,0.005559105433809251,0.011877010011141421
2017-12-08,0.009685715646246356,0.0032599956259117854,0.007364327295233098
2017-12-11,0.005498351059959995,0.00315676865170563,0.004567840405434862
2017-12-12,-0.007985453457626933,0.00415771438063171,0.009365039614095634
2017-12-13,-0.0046199820794001496,0.008342444260664755,0.012430178984958296
2017-12-14,0.005786200538018408,0.00921632725651975,0.013124121869091222
2017-12-15,0.007884326721783314,0.003576047982256425,0.005172546754409309
2017-12-18,0.005356638616709943,0.02426734581016764,0.03549512694019973
2017-12-19,0.007140867974318959,0.003435636256426356,0.006326954858625146
2017-12-20,-0.0018175387542658723,0.002471024597793776,0.005486279812332297
2017-12-21,-0.00037352013889224483,0.0024768443050877417,0.004506556858297835
2017-12-22,0.0050350692095142814,0.0028708155010033873,0.005036653900219194
2017-12-26,0.0036623979675021196,0.004396718730273404,0.0064093433983762995
2017-12-27,-0.0038768496273459364,0.00506093557433216,0.007926067309296285
2017-12-28,-0.0012256021006669842,0.004844201834121048,0.007071990247330458
2017-12-29,0.005026504801246669,0.002487765580165198,0.004752751835986987
2018-01-02,-0.008439512288536271,0.0057559169234470565,0.008671525444239978
2018-01-03,9.576067320342099e-05,0.004419891801251263,0.007090719635992207
2018-01-04,0.005881209368789884,0.0043493502525019994,0.006811153569587563
2018-01-05,0.005132056867763014,0.0027233220009270373,0.004356535200497361
2018-01-08,0.006113570815585057,0.0021415752595712045,0.004014683552960933
2018-01-09,0.001260584616212523,0.003664351686998315,0.005222410571589734
2018-01-10,-0.0004513385294137436,0.004015791631248602,0.005906567176489682
2018-01-11,0.0017854294613236375,0.003373181760452601,0.004905550458341283
2018-01-12,0.0028172876803263624,0.006197921451373614,0.008735005851375073
2018-01-15,0.005629512900836509,0.004328331196689324,0.006409744142084071
2018-01-16,-0.00383356587156863,0.0034092503173027986,0.006962323887329142
2018-01-17,0.00819955353642979,0.007466453964221584,0.012629130185856948
2018-01-18,0.002633602200690908,0.0060496974958451424,0.009716151370527873
2018-01-19,0.007157479729840962,0.006335205632768185,0.010367354468239243
2018-01-22,0.006541382438729125,0.00380260763892614,0.008544365147560566
2018-01-23,0.010657745398174344,0.004006542896927594,0.008873443363173453
2018-01-24,0.000207472782716017,0.003973493044254249,0.005768466421612845
2018-01-25,-0.0014758864718050037,0.00533265909067585,0.007805071615962916
2018-01-29,0.00547297411504586,0.005363450654294434,0.008589053944144038
2018-01-30,-0.007281350035077295,0.003878971957350542,0.007891581694203065
2018-01-31,-0.0019884815852113905,0.005057635129594718,0.007181932217033367
2018-02-01,-0.000979814128127614,0.015258522530227516,0.021653078109928052
2018-02-02,-0.023539213933076866,0.010004482580968777,0.020338140427307593
2018-02-05,-0.00877862069830589,0.006789147250977394,0.010870449905136595
2018-02-06,-0.01590408165467595,0.017791381967079932,0.03027653046341057
2018-02-07,-0.0020548141539544224,0.008213896324507487,0.01599736617928493
2018-02-08,0.009513851145813865,0.010024851178821289,0.014961922107669185
2018-02-09,-0.0115920444485001,0.005060315115921208,0.007843174617585925
2018-02-12,0.008078254517088934,0.004536619526063455,0.006650974584311772
2018-02-14,-0.003692818691702758,0.007478631964311309,0.012751231711715197
2018-02-15,0.004238223668407977,0.007151081960916057,0.010151230827130056
2018-02-16,-0.008877197442514924,0.008497409058222693,0.01711112284181627
2018-02-19,-0.007095270288084443,0.010851937263313273,0.01797961172740636
2018-02-20,-0.0017358770846747271,0.0052502206480161935,0.007885720210574933
2018-02-21,0.003569718731482044,0.004920638591932306,0.0073575731129242265
2018-02-22,-0.0014196242279203768,0.003488235033865578,0.005480213527516522
2018-02-23,0.010381515779008083,0.004871844437653128,0.009765392468561604
2018-02-26,0.008688611908417675,0.003584991407895054,0.006874492344541849
2018-02-27,-0.002677764703635068,0.00519470289472002,0.008944258962880113
2018-02-28,-0.0058393057141950064,0.004975425112838523,0.007047675137402907
2018-03-01,-0.003293370543887722,0.005125248930241422,0.007491584456572995
2018-03-05,-0.009559475957881534,0.005810082984855398,0.010116934663541572
2018-03-06,-0.01063665692404489,0.011496613641251797,0.021996655243066567
2018-03-07,-0.009317099938461516,0.005179118409754577,0.010025388777985094
2018-03-08,0.00867298109371104,0.008434564979599478,0.012101283752050107
2018-03-09,-0.0015438368683495453,0.005189236173687555,0.008291879506056648
2018-03-12,0.018844845326350685,0.006103900690177558,0.01326119236689377
2018-03-13,0.000522750722395459,0.0064572808273842585,0.009662554249311657
2018-03-14,-0.0015308007692338495,0.005626396591630209,0.00807325029861843
2018-03-15,-0.004886618546444992,0.004231605684682409,0.00712342986394118
2018-03-16,-0.0160545978679463,0.006962717468521263,0.01628713636634452
2018-03-19,-0.00994620052782473,0.007292315215385031,0.014785645293112416
2018-03-20,0.002977420018466655,0.005958530556251985,0.010524209984939234
2018-03-21,0.003047438325629427,0.006347076982320978,0.00929072247113562
2018-03-22,-0.003996058598285198,0.006357841500699783,0.010128695098741937
2018-03-23,-0.011604700101594518,0.00504688454393007,0.0075814590013306305
2018-03-26,0.01317546616079525,0.00963749471903742,0.018256497675969024
2018-03-27,0.005267107884641591,0.004737770707004888,0.006701589959121912
2018-03-28,-0.006941668814759831,0.0038782848545306546,0.006075839461652274
2018-04-02,0.009652935584409928,0.005264574295808625,0.009043421447863575
2018-04-03,0.0032458864317621047,0.004642040816704126,0.008228385035383114
2018-04-04,-0.011446384030859532,0.007570574802685838,0.0166413054566358
2018-04-05,0.019239306758980577,0.004161784573894159,0.01010635249146076
2018-04-06,0.0006244175835545499,0.004048590924408239,0.005768766521247863
2018-04-09,0.004611095715747583,0.003845758061446562,0.006667103230629779
2018-04-10,0.0022039111834326382,0.0028770247979743647,0.004167330084837415
2018-04-11,0.001431395034394698,0.004892906044073458,0.006964551583635835
2018-04-12,0.0039759006232568585,0.004174524129728583,0.007137669568906869
2018-04-13,0.002096467331850084,0.00453304122115013,0.0065311335098872225
2018-04-16,0.004545689717794212,0.005888644988376085,0.013658435232997219
2018-04-17,0.0019310664870136763,0.004322662241175931,0.006142918415322386
2018-04-18,-0.0021352422200410556,0.004736016130538502,0.00802758815452031
2018-04-19,0.0037076219486611,0.0017384091420819855,0.0024608861537904108
2018-04-20,-0.00011831883371402492,0.0036714463231387723,0.0051968151492564835
2018-04-23,0.0019528716532068399,0.008236308152773474,0.011658281461495546
2018-04-24,0.002797241731914462,0.003990451892691438,0.0063875609135407236
2018-04-25,-0.004135008266019891,0.0044606816848295466,0.007203921789265078
2018-04-26,0.004460005540255803,0.0042059743217361415,0.00647497610283145
2018-04-27,0.006992018327494462,0.004154804652009887,0.006757199229330029
2018-04-30,0.004390691482923282,0.003009116936902781,0.005065520036475091
2018-05-02,-0.0019853115722468315,0.004954626158611062,0.008849612351681501
2018-05-03,-0.003589119852419833,0.00423129583742298,0.006849420288768377
2018-05-04,-0.005765879228025447,0.0044827777418594145,0.009309498828667623
2018-05-07,0.009117072584576636,0.004727354194121088,0.008399048107881106
2018-05-08,0.00021460108497364168,0.003924505748024078,0.006451829230123989
2018-05-09,0.002227489038162844,0.004182876986914979,0.007112504467248105
2018-05-10,-0.002344124254457977,0.003844871817193673,0.00751639344336989
2018-05-11,0.008358547680564028,0.004384494978747873,0.008106196212927404
2018-05-14,9.217500201396874e-06,0.0039023128028344055,0.005561380225733732
2018-05-15,-0.00043964284789006357,0.009607855995335467,0.013682823778552103
2018-05-16,-0.005639911268794516,0.005939005534164586,0.00844885563865286
2018-05-17,-0.005451839472282671,0.005132433917429841,0.010554447652614455
2018-05-18,-0.008111271197454395,0.0036269794108695318,0.00810186315849814
2018-05-21,-0.007549869197766206,0.005058727175182132,0.011020604226852361
2018-05-22,0.0018999311888009693,0.00444325956469904,0.006458360153188525
2018-05-23,-0.010144631600820039,0.005661792853124241,0.01109742284150875
2018-05-24,0.007973610404251362,0.007223211050138884,0.010971298831842152
2018-05-25,0.008646370571623485,0.005515371446804986,0.009811252160976471
2018-05-28,0.00784269833741265,0.0039406131417453584,0.0064788347891646895
2018-05-29,-0.005191899405584954,0.005853767025952042,0.009512605915654674
2018-05-30,-0.0017837455774774606,0.005650005625955882,0.008502640606475572
2018-05-31,0.011409765823805856,0.008673425047056402,0.01335668827699349
2018-06-01,-0.003728031736138272,0.004912592763821833,0.0077831377947173664
2018-06-04,-0.00634948413268003,0.006096295601448646,0.014296485422449075
2018-06-05,-0.003331469647161854,0.0050312414310888925,0.00776445126964229
2018-06-06,0.00860056590990892,0.0056355291311147105,0.010374659471522104
2018-06-07,0.007803071219768874,0.00567694713338239,0.00885933258908531
2018-06-08,-6.49348765086917e-05,0.004266593917441814,0.0065381385976549765
2018-06-11,0.0017907833428202438,0.00479713389421579,0.00681378876041716
2018-06-12,0.005168752278609608,0.0041108434126158515,0.0061929673915647535
2018-06-13,0.001276578356983104,0.002781788677458118,0.004660680360027528
2018-06-14,-0.004491210136474933,0.0036690220490896335,0.005565332480140173
2018-06-15,0.0008924907821071907,0.0051223460992822455,0.007265833583468933
2018-06-18,-0.0016514905857463397,0.0021945579093821904,0.003967702096546122
2018-06-19,-0.00831229035595547,0.003586594701219207,0.008239616299100406
2018-06-20,0.005734879851344152,0.0031223842929272508,0.005361096638716789
2018-06-21,-0.002877330145384961,0.0038881530499197473,0.007792425523821231
2018-06-22,0.00748973404895337,0.006940579259913328,0.01169391640573803
2018-06-25,-0.0055039602444048865,0.0037416792224283604,0.0072474202978400105
2018-06-26,0.0006223592623338975,0.004522358169049241,0.006750782807879495
2018-06-27,-0.009118299083682797,0.0057794293200473705,0.012472553226653381
2018-06-28,-0.007742169031781291,0.006528736258997531,0.01100187969682119
2018-06-29,0.011754146307527904,0.004345014150655011,0.010332004641504312
2018-07-02,-0.005334194556937323,0.007544356507602964,0.01233896037551286
2018-07-03,0.003989347109783859,0.005192891644383152,0.007761736245719285
2018-07-04,0.0065208102070441875,0.005730660760962222,0.009229462392384447
2018-07-05,-0.0018727438548922296,0.0033263491501803427,0.005562901898881369
2018-07-06,0.002128052526818883,0.005074533399502429,0.007546871172785104
2018-07-09,0.007421810355794803,0.003369941732199471,0.004901843455225553
2018-07-10,0.008655921796766377,0.004539854289442428,0.007330608143597707
2018-07-11,9.589206004582807e-05,0.00343395553800881,0.004900339923284678
2018-07-12,0.006817985187144955,0.004953805608403706,0.007134898456797041
2018-07-13,-0.00039014473464332456,0.004058249385198414,0.0064978906094765795
2018-07-16,-0.007474230051277428,0.0038084482972206,0.00852622129137322
2018-07-17,0.006489019959189796,0.004564868366816022,0.008439314163117315
2018-07-18,-0.0025103689537061304,0.0062451167169454615,0.010919442144201418
2018-07-19,-0.00212882431847883,0.0038997782746017623,0.006484362397026044
2018-07-20,0.004834521296150269,0.00471966219403964,0.007633812573479227
2018-07-23,0.0067481562013002455,0.0038087437351234277,0.007438164623694715
2018-07-24,0.004460126536742217,0.002912226708165321,0.004571494527529348
2018-07-25,-0.00020657268750096133,0.0026333253693746578,0.003943621148490837
2018-07-26,0.0031660038191820943,0.003296906406130634,0.005386209299874992
2018-07-27,0.00989507665693427,0.0038485684671638056,0.006485912669722046
2018-07-30,0.0036463779405013436,0.003978232200994368,0.005887991590875817
2018-07-31,0.003258965149071806,0.005610214020919301,0.008651433099986791
2018-08-01,-0.0009073639087465626,0.0047381266716263,0.0067864129553972885
2018-08-02,-0.008985979419681003,0.00362981581326329,0.008355064490884724
2018-08-03,0.010271892255968624,0.003010572821573032,0.006465231020283821
2018-08-06,0.0023122852731850252,0.0034506880235907135,0.005010124018150337
2018-08-07,0.00020640403976921495,0.003885433355941226,0.006080188140117675
2018-08-08,0.005302224530419492,0.0045587371847758485,0.007043702237991266
2018-08-09,0.0018062450766348273,0.0022192173086974733,0.0035830930316089814
2018-08-10,-0.003598242758917501,0.0026904178509923483,0.005170795693162431
2018-08-13,-0.006473508743511776,0.004032862792100626,0.005812033551284591
2018-08-14,0.00696331478277028,0.004139322679477835,0.007140330509937964
2018-08-16,-0.004386464262815843,0.0051395555877065836,0.007342928736295912
2018-08-17,0.007499242877784467,0.002836963373992106,0.004764325839635595
2018-08-20,0.007036623669863275,0.003005952149245554,0.005683070882117428
2018-08-21,0.001656418678663017,0.0025623666252149574,0.003642792626505642
2018-08-23,0.001023563041648874,0.004033843682100922,0.006388810947313893
2018-08-24,-0.0022169894415104054,0.004408147671350585,0.006281819126669804
2018-08-27,0.011600654595540067,0.004449304952169171,0.00901052298184924
2018-08-28,0.003973450407027797,0.0029745017486309533,0.004233947720109043
2018-08-29,-0.003977710157774837,0.0034956518249088134,0.006359153213203652
2018-08-30,-0.0012923772322029556,0.003451589009586536,0.005061284800932806
2018-08-31,0.0003168341695652239,0.005292804532865433,0.007495465198407603
2018-09-03,-0.008438430776075216,0.006601374456989404,0.01592072595643661
2018-09-04,-0.005371674285373425,0.0049077312443085875,0.009175125396432096
2018-09-05,-0.003769986473883496,0.008943120487167482,0.012965184889516581
2018-09-06,0.005209934834070753,0.0076628063272678355,0.010938830278456034
2018-09-07,0.0045143394792379185,0.007073440590252998,0.010233720769735975
2018-09-10,-0.013115113390097494,0.005411525232251077,0.012738147095089107
2018-09-11,-0.013253935347788789,0.0074887481751708205,0.018197155315614617
2018-09-12,0.007273628261968242,0.007993445265223808,0.011482053509909749
2018-09-14,0.012698371727607837,0.00418923979018823,0.008050246086927393
2018-09-17,-0.012008224872722099,0.003790395800481949,0.008617679654369274
2018-09-18,-0.008725935642451747,0.006873560184338281,0.012634210345402618
2018-09-19,-0.003957743942134398,0.005648131896844081,0.010783838697827376
2018-09-21,-0.008155577062129398,0.029748574229887748,0.0431073602690286
2018-09-24,-0.015893165427847328,0.009353755512915377,0.020656743912044733
2018-09-25,0.009081113743931286,0.01148441928837451,0.017867710855726724
2018-09-26,-0.001234142949208208,0.008277022713305757,0.013796160840124
2018-09-27,-0.006921982157626523,0.006560697493697495,0.01239808412250464
2018-09-28,-0.004299770124143364,0.011032890961133858,0.01681539199239224
2018-10-01,0.007097025685968254,0.013140829558287005,0.019449014810291845
2018-10-03,-0.013724356268050715,0.006197958668657844,0.013381512185435037
2018-10-04,-0.024141915818458322,0.010382820197914129,0.019572157965186215
2018-10-05,-0.027043516339215604,0.014833435001519502,0.02701995305775392
2018-10-08,0.003058349730753957,0.013538615205258054,0.019322405914535337
2018-10-09,-0.004552264462335634,0.006055140897639973,0.011479412510576374
2018-10-10,0.015322168649223668,0.008105060200663915,0.01568814977898715
2018-10-11,-0.021788921165731508,0.013046721445342179,0.019282591823387957
2018-10-12,0.022973713528550762,0.007934632965535426,0.016261618972308427
2018-10-15,0.003812251460013522,0.007815210768143828,0.011048695749108205
2018-10-16,0.006849260681022563,0.00492360856100853,0.007520308551217553
2018-10-17,-0.012520502809902525,0.011962175056805923,0.026183764587992646
2018-10-19,-0.014405306077947945,0.0086773171249668,0.012665537846056734
2018-10-22,-0.005674293551714025,0.008158797348721684,0.018013206577438327
2018-10-23,-0.009655817945697833,0.008324955259769767,0.01180175053268315
2018-10-24,0.007652886157385112,0.010885021850755962,0.01603464097532947
2018-10-25,-0.009813476770964884,0.006066212409614917,0.008622287757846384
2018-10-26,-0.009417173007402645,0.006616999642721792,0.012392802062562313
2018-10-29,0.021779988895005153,0.014284490859448358,0.02487112825061185
2018-10-30,-0.005129707325392901,0.007164345735141936,0.010761491586552043
2018-10-31,0.018285592676591408,0.016986773604690388,0.02800727875968491
2018-11-01,-0.0005922280054286613,0.005738492121806036,0.009633493549745752
2018-11-02,0.016485931474334168,0.008463133598717351,0.014142897754193121
2018-11-05,-0.0027518165109068284,0.005103410543736574,0.007772691437428735
2018-11-06,0.0005699629678378127,0.007178914939496639,0.010332365117521367
2018-11-07,0.006474757039787639,0.002075057605189799,0.0032222212188934025
2018-11-09,-0.0012462656636175824,0.004682231223891603,0.0070570413345209925
2018-11-12,-0.009778218363148,0.009642278264879484,0.01731031576687899
2018-11-13,0.009523094254035388,0.0070707305810031465,0.014712987981337113
2018-11-14,-0.000586063060967349,0.0071561520219855035,0.01124206161495184
2018-11-15,0.003812621107308771,0.005545600579622899,0.008383019051371104
2018-11-16,0.006150571652505879,0.003613065783532828,0.005991275095938017
2018-11-19,0.007572703131144189,0.00534583970216492,0.007980785579603623
2018-11-20,-0.010009625523730635,0.004470864509637663,0.009384208082350826
2018-11-21,-0.005283201056794732,0.005957200234754805,0.010278272019469249
2018-11-22,-0.006939063131569403,0.007416652541162984,0.012753223929512907
2018-11-26,0.009628807669070337,0.009257796359244418,0.013929380175062015
2018-11-27,0.005348559924642655,0.005390807381388065,0.009246161643874175
2018-11-28,0.004039334223781422,0.003637179233157571,0.005401342867352937
2018-11-29,0.01203028163822991,0.005914364212692758,0.009273687780418729
2018-11-30,0.0016608635822544591,0.005609646665381238,0.008030945451306686
2018-12-03,0.0006433675918710725,0.005617353226722452,0.008806761083036636
2018-12-04,-0.0013101492455916805,0.0037244578949279608,0.0052992857019642115
2018-12-05,-0.007999119688821785,0.004278318854907424,0.00677921586278912
2018-12-06,-0.016999059579474705,0.0057455394940534475,0.012677906234011676
2018-12-07,0.008692278636606364,0.006376137421804684,0.0098375859984006
2018-12-10,-0.019380130942287622,0.005512174006291269,0.007999219379427129
2018-12-11,0.005770654643792864,0.010438552564280994,0.02211559913463114
2018-12-12,0.01770623905775317,0.009397022751210219,0.017825249365592686
2018-12-13,0.005011838341027756,0.005731336783604229,0.008256423867524386
2018-12-14,0.0012872521687673252,0.003995490997432491,0.0058905820187494
2018-12-17,0.007642719885813293,0.0029982940679785853,0.005097191217318539
2018-12-18,0.0018672794743268973,0.005325551657904325,0.008827887789177737
2018-12-19,0.005357446474361821,0.0030416763569541994,0.005210980974603569
2018-12-20,-0.0014233871991216722,0.003768581007760563,0.007533076922185224
2018-12-21,-0.01821693480035375,0.009807779490756363,0.02092244746140971
2018-12-24,-0.0084510833319759,0.005547177545750564,0.012477123335443334
2018-12-26,0.006202845587195536,0.01304193695161908,0.019846521905250086
2018-12-27,0.004644453671963747,0.004006131244199451,0.006470435561305121
2018-12-28,0.007403148015077441,0.0044510323011900865,0.007039587473195991
2018-12-31,0.00024393326275947618,0.003537291718280105,0.006476344011296697
2019-01-02,-0.006469627145011258,0.009520978109530346,0.014852889014361825
2019-01-03,-0.011204533761500678,0.007017726890733414,0.014317487379652837
2019-01-04,0.005149603931252372,0.007263482222367275,0.01047783638600445
2019-01-07,0.0041350713736188,0.005288912905160532,0.007965224590431304
2019-01-08,0.0028136345625500237,0.005515357947676679,0.007887336523887298
2019-01-09,0.004894433183399924,0.007904156343544763,0.011146782462314027
2019-01-10,-0.003095557040757343,0.0030713251314767407,0.0053180497121371306
2019-01-11,-0.002465650421033224,0.006884684239881099,0.010259426676011072
2019-01-14,-0.005326886232360374,0.006467991048479552,0.010770600025356285
2019-01-15,0.013799464213669708,0.004626001010809144,0.010967446151952762
2019-01-16,0.000321438583917674,0.003280854441514174,0.00470602287532438
2019-01-17,0.001367290766106507,0.005513794267639066,0.007886145917519818
2019-01-18,0.0001604610249256087,0.004914183658461786,0.006968034018589602
2019-01-21,0.005020808629692447,0.006116181824084475,0.009277649204886194
2019-01-22,-0.003573257146616415,0.005335698172873278,0.007841378230070266
2019-01-23,-0.008389214537151498,0.006499122845562976,0.012265116500484697
2019-01-24,0.0016880730581589696,0.004423190971893759,0.006262716360963962
2019-01-25,-0.006403062164968701,0.010483127823061149,0.016256128228617748
2019-01-28,-0.011099773244971002,0.008573768367432894,0.016273431459628722
2019-01-29,-0.0008773312978436732,0.007092472576898485,0.010016636637842479
2019-01-30,-3.758830501756102e-05,0.005750096470557807,0.009139355575821025
2019-01-31,0.016678920874278535,0.006643986140951337,0.014726316447196812
2019-02-01,0.005772292029816439,0.010761735844062483,0.015605420947444836
2019-02-04,0.0017059248691862574,0.007116370391574922,0.010424064697931223
2019-02-05,0.0020231630833451035,0.004289582789088183,0.006401843959697677
2019-02-06,0.011647333726075786,0.00442368474196356,0.009934455036829703
2019-02-07,0.0006280717930916961,0.004753751436582595,0.0067302651788705955
2019-02-08,-0.011429805188104512,0.005923734499247576,0.010576958599695206
2019-02-11,-0.005020054711538446,0.004146588200033293,0.006777678217412872
2019-02-12,-0.005285360831624847,0.004946946038963599,0.008041488893060306
2019-02-14,-0.007911132252471094,0.004276706637111887,0.006881616655102642
2019-02-15,-0.0020166713974639474,0.010436247359780207,0.015418074983431656
2019-02-18,-0.007811771620307167,0.006582920891303436,0.012357918943923612
2019-02-19,-0.003445526538395949,0.008906853058796354,0.01293801353255141
2019-02-20,0.01228711014362708,0.005266901428877434,0.009901755655660763
2019-02-21,0.005054473607434973,0.00509363091606798,0.00809553539088296
2019-02-22,0.00016688193630472358,0.0027829922824328807,0.003998407333505269
2019-02-25,0.008162673513503154,0.00520503682637955,0.009103758995198193
2019-02-26,-0.004126092031890748,0.00984365117046503,0.014715808347409053
2019-02-27,-0.0026475831003447124,0.011523542068071428,0.017442962730017414
2019-02-28,-0.0013102730795938819,0.003200034403867539,0.007491367703266157
2019-03-01,0.006557097745663337,0.003365760946118071,0.005044486698577807
2019-03-05,0.011345183958033887,0.009187604257119012,0.01619123522406467
2019-03-06,0.0059481541776258,0.0037459276748850454,0.005740540605491722
2019-03-07,0.00047036753884395607,0.003802988762342362,0.0056021951328716485
2019-03-08,-0.002063929117607768,0.0025603812889342216,0.0036292117431030286
2019-03-11,0.01194868284879883,0.0053324476402175705,0.01083902591472972
2019-03-12,0.011851926453906937,0.004412511981578898,0.008264643490143685
2019-03-13,0.0035772840485137174,0.004653988306549243,0.006674501530536552
2019-03-14,0.00013663725743869715,0.003775111159987937,0.006144640672867124
2019-03-15,0.0073429617299341126,0.006652705014536322,0.010169049150446958
2019-03-18,0.003088866890158751,0.007224645845759929,0.010264206576422689
2019-03-19,0.006105817158639563,0.005425062997193256,0.008029517380464585
2019-03-20,-0.000984719142560533,0.002745520106088597,0.0046002752265193935
2019-03-22,-0.005583577314696379,0.006880797959217713,0.012066963601527668
2019-03-25,-0.00900007950222714,0.00472072284778324,0.007402583283792412
2019-03-26,0.011297328693216403,0.00672629058507672,0.012566111918446433
2019-03-27,-0.003332146821462826,0.006743070813560415,0.011638236406620596
2019-03-28,0.010858236155870985,0.006065636247253306,0.01175884223746759
2019-04-01,0.008533099582725414,0.005641966546787488,0.007999692029849672
2019-04-02,0.0037677868730356698,0.004444044263691776,0.006274971722024689
2019-04-03,-0.005929679070481917,0.006321539010986982,0.011323443261383808
2019-04-04,-0.00395407913661549,0.005344538704975895,0.00891098546085532
2019-04-05,0.005841689650914404,0.004637749350843743,0.006870455409384935
2019-04-08,-0.005281405184150887,0.008228761182538137,0.013891179741695032
2019-04-09,0.005795590267793092,0.0061653603703695475,0.00978415718037961
2019-04-10,-0.007537827950835446,0.005673358947309665,0.00934884339264746
2019-04-11,0.001069875484907893,0.003421886961977296,0.004841928279537358
2019-04-12,0.004023215192085498,0.004492274511324722,0.006746265356906247
2019-04-15,0.004019874826265466,0.0031781584427421775,0.0048201817103750945
2019-04-16,0.008246306446581041,0.003937088445870968,0.006736182028198411
2019-04-18,-0.002918494732110024,0.0044851193688756,0.010010413908188598
2019-04-22,-0.013564941266796056,0.005041510693235184,0.01234207806014411
2019-04-23,-0.001596865278055509,0.004529207459942326,0.0070102574091810265
2019-04-24,0.01289173694761699,0.007238975304872228,0.013815275653424863
2019-04-25,-0.007219371112150696,0.009137984185937682,0.014813018451241876
2019-04-26,0.00964688746996101,0.004811820985938263,0.00860513815924914
2019-04-30,-0.0005531255807526546,0.006061583497503172,0.008541736872476436
2019-05-02,-0.0019938224921164987,0.005403516155171476,0.007654747435979445
2019-05-03,-0.0010666895238500144,0.004276253509759249,0.006109055155926487
2019-05-06,-0.00978107795702945,0.003707999376487444,0.005276674956351174
2019-05-07,-0.008689780690377916,0.006575126470141176,0.01501140238749432
2019-05-08,-0.012114430150335101,0.0049906999443374515,0.011633433994633976
2019-05-09,-0.005088026035289156,0.006312926780691303,0.009073758733982066
2019-05-10,-0.0020282295690185756,0.005603799913100524,0.008400641615627355
2019-05-13,-0.011655690801341047,0.009146589400174102,0.015661773459263367
2019-05-14,0.006602508032110876,0.011101229665084677,0.016614629105871453
2019-05-15,-0.0058134718372332824,0.006993291753482108,0.013430994835081115
2019-05-16,0.00893190238330833,0.0076080513286828615,0.01227671426105227
2019-05-17,0.013241380029110125,0.0066361696306949354,0.014578643706378657
2019-05-20,0.03625035203017847,0.012117630649030566,0.021431741804578023
2019-05-21,-0.010124454145348287,0.008872128385845128,0.01714478539744146
2019-05-22,0.0024566721316128274,0.006148425577136672,0.008723827145805895
2019-05-23,-0.006911825598039294,0.022014073660762596,0.03660020311944078
2019-05-24,0.01591868987483049,0.010969287453055684,0.016962065268851727
2019-05-27,0.00678625187736734,0.007814588906777869,0.012138619258265372
2019-05-28,0.00033538055526396364,0.005341616642124935,0.007850731557162318
2019-05-29,-0.005687347678687314,0.005152854411292862,0.008017855769656685
2019-05-30,0.007124050901094894,0.004925625358141186,0.009136976744604296
2019-05-31,-0.001935638971628022,0.011769404675303503,0.017596521632864816
2019-06-03,0.013806190447529239,0.008211178121210874,0.015134172276111942
2019-06-04,-0.0055494840533033855,0.004992672200168863,0.007432472500379767
2019-06-06,-0.014908921111632112,0.00707262355065107,0.017692859498680737
2019-06-07,0.0022686976453037896,0.007643343628928132,0.010782896959132893
2019-06-10,0.004375162508348263,0.006093074154076451,0.008664128343016886
2019-06-11,0.003591671280959742,0.0056715744676327055,0.008022999526474577
2019-06-12,-0.0049765444699523915,0.004893695743307155,0.008071474052261865
2019-06-13,0.0006590703001973485,0.006475176845704093,0.009593698747383911
2019-06-14,-0.00764621523730026,0.005068658387396607,0.009654615542882876
2019-06-17,-0.012866448437943826,0.006569738714693595,0.015961052458434297
2019-06-18,0.0016563861789982873,0.005150574173900296,0.007360031192533037
2019-06-19,-4.259914774167141e-06,0.010333475897458881,0.015173514633464875
2019-06-20,0.011928773907426743,0.008294200868985796,0.01761786678323156
2019-06-21,-0.009140077037704798,0.0049662340695601605,0.010478466580006228
2019-06-24,-0.0020875587921609646,0.004865350900587736,0.007162590495409101
2019-06-25,0.00823969509310694,0.007721206197352719,0.013851657737675157
2019-06-26,0.0043224233576614314,0.005415775222009396,0.009647547937910091
2019-06-27,-0.0005065621089227406,0.005272898105263991,0.007608850819664966
2019-06-28,-0.004460380187531091,0.004319570981384015,0.00816026995848666
2019-07-01,0.006489288220080564,0.002914813979079835,0.004538378818627312
2019-07-02,0.003760130979735517,0.006033218142371542,0.00862698686724586
2019-07-03,0.0005414178862205623,0.00335600942831525,0.004879718935531919
2019-07-04,0.0025143014062712723,0.002532068567721634,0.0038169049636930545
2019-07-05,-0.011415241213692496,0.007420425679489366,0.01556576652524288
2019-07-08,-0.021614318798492883,0.010021000670551004,0.021507846481321487
2019-07-09,-0.0002335519922360358,0.007344108403408029,0.010518419212587725
2019-07-10,-0.0049447502653284115,0.0069520584420572455,0.010266182041523332
2019-07-11,0.007278493704286908,0.004724795561621258,0.00686356588755144
2019-07-12,-0.002628042532973005,0.005578309327175212,0.00873838522505951
2019-07-15,0.003098385639232596,0.005065948379062697,0.007429926507208967
2019-07-16,0.006386857732255645,0.004665206850965196,0.008239981873145175
2019-07-17,0.00213278748103271,0.0032399061685160625,0.004748663101604278
2019-07-18,-0.007782039913567366,0.003939382112712105,0.008170286611808483
2019-07-19,-0.015437326885714045,0.009603594724195108,0.02110907499945268
2019-07-22,-0.00641762449493666,0.005472060085430754,0.00854033852364361
2019-07-23,-0.001336175495625011,0.005495150354548906,0.008414982510981
2019-07-24,-0.005287073265915101,0.007633367058839253,0.01152929986463996
2019-07-25,-0.001700398341321937,0.007340220589536246,0.010846884996461614
2019-07-26,0.0028531055771835417,0.005779497559265074,0.008644737057320809
2019-07-29,-0.008463316975262767,0.007543871120642371,0.01416989614270387
2019-07-30,-0.009320082365343962,0.010046045545407344,0.017572644904395474
2019-07-31,0.002936454076975709,0.008039027909411401,0.013122811122728908
2019-08-01,-0.012489980449893174,0.011768501094366631,0.017827868852459017
2019-08-02,0.001578863082899198,0.01441811169762603,0.021023265016091412
2019-08-05,-0.012328638591802651,0.007137069925298175,0.010421096181691372
2019-08-06,0.007853965566277007,0.010878334009714856,0.018701618980202315
2019-08-07,-0.00850776214660283,0.006922545871357409,0.012873658514117267
2019-08-08,0.016169083798241606,0.011657360367451026,0.0194969934662739
2019-08-09,0.006973187375465333,0.007444479303791404,0.010679939192787239
2019-08-13,-0.016682629759426824,0.01004198691512444,0.02235988870287726
2019-08-14,0.009432964697282421,0.009038290991459592,0.012924617495178458
2019-08-16,0.00166682533651526,0.009279377958552576,0.013066003049426466
2019-08-19,0.0005520467691192048,0.006561832846864755,0.009865366739009862
2019-08-20,-0.0033438078514244876,0.005201683140907741,0.008259961877099029
2019-08-21,-0.008962600859057328,0.0059861510587861195,0.011681775523267717
2019-08-22,-0.016376190359974212,0.008102800255862106,0.01768401571686228
2019-08-23,0.008159261534645986,0.012795026378173273,0.020813753567192166
2019-08-26,0.020880542984676998,0.020069663269397374,0.02837350941488645
2019-08-27,0.004286391351556263,0.005878597998462781,0.008306807371658401
2019-08-28,-0.005349549884040612,0.008534889201460148,0.012855216322644995
2019-08-29,-0.008893213897011299,0.005757279019932087,0.009015027037142522
2019-08-30,0.00682250334649108,0.010640745239135224,0.015222353179643027
2019-09-03,-0.020654971620241963,0.008591600787386012,0.01804052618012942
2019-09-04,0.004320199886309888,0.00666463682845701,0.01036459328575203
2019-09-05,0.00029964203445609783,0.006731728566327247,0.009596291044944073
2019-09-06,0.00902083303672415,0.004591786297093736,0.008185453196203127
2019-09-09,0.005180107429441778,0.00814620723939577,0.012637387556699256
2019-09-11,0.0029630005796600876,0.002735487284040037,0.003909984260067888
2019-09-12,-0.004805095025496559,0.006164796189759431,0.010634793200696366
2019-09-13,0.008441217109748283,0.007353745667947283,0.012522701579178189
2019-09-16,-0.006558207998363749,0.005404677962142767,0.007679374744399509
2019-09-17,-0.017039002763312223,0.008148278814225288,0.018821144868271123
2019-09-18,0.002128592102631135,0.004901576873541988,0.007407376712327533
2019-09-19,-0.012610772583449698,0.00816425685809634,0.016343154333058284
2019-09-20,0.051824725995144275,0.032773743437839994,0.06128154358233387
2019-09-23,0.028505409421526316,0.013290160978348255,0.019266908866824008
2019-09-24,-0.0010350003337080292,0.007062437334547461,0.009997204692913564
2019-09-25,-0.01285387045749521,0.006208302499999063,0.013011187164232487
2019-09-26,0.011385783826013006,0.006965616431941422,0.012487900784789552
2019-09-27,-0.005094519950938459,0.00523669588526201,0.008152045289479805
2019-09-30,-0.003301907727659163,0.0071970820572877505,0.010235801568991978
2019-10-01,-0.01003319671254013,0.017015554115044122,0.026963247401383946
2019-10-03,-0.004048747902700529,0.007051089331788257,0.009992114305285488
2019-10-04,-0.012384128036227408,0.009563973535411484,0.021651508562831382
2019-10-07,-0.004336070945390455,0.006612487359204778,0.010892940618254339
2019-10-09,0.016658309554353663,0.01160163082846677,0.020458153036314163
2019-10-10,-0.006985173448092334,0.004687056784806827,0.007548126641631707
2019-10-11,0.006255677219734019,0.01056272655419978,0.015347123895735545
2019-10-14,0.0031882272704231176,0.008115196961191362,0.011497986194839072
2019-10-15,0.007654979710518189,0.006486604997769198,0.01052212508029213
2019-10-16,0.0031189722795879394,0.004321035655959099,0.006101726736959177
2019-10-17,0.010615956850818441,0.007341390906959481,0.013761816631269522
2019-10-18,0.006495149556810502,0.006713620656600957,0.01128035509750929
2019-10-22,-0.006322547531982618,0.00771169132185225,0.012141437175503752
2019-10-23,0.0013582008758651655,0.005908382232760914,0.008376282695080655
2019-10-24,-0.001854512016487498,0.007752736126492911,0.012514394318929712
2019-10-25,0.00011229846989121649,0.008944183305517592,0.013479949357245382
2019-10-29,0.017368233407476515,0.007950227110081368,0.015445245106478734
2019-10-30,0.004845350178432992,0.0055676524843221945,0.00840080742999176
2019-10-31,0.0028118405572833054,0.005298507259887708,0.007568997482345131
2019-11-01,0.0011064782775295006,0.004455894419792799,0.006303315036645118
2019-11-04,0.004254824252091804,0.004917620413900252,0.007017726932632946
2019-11-05,-0.002020212299297299,0.006268264356163778,0.009821921489037355
2019-11-06,0.004090706038353768,0.008593432171912144,0.01275695765240771
2019-11-07,0.003836839214212366,0.004373805165865817,0.006206333012447868
2019-11-08,-0.008687223905779385,0.00754941571469471,0.012210157401057868
2019-11-11,0.0004449579074941643,0.004323400752121815,0.006605995242542383
2019-11-13,-0.006146378372844679,0.0064393201321877045,0.010438759281630329
2019-11-14,0.0026694246816312177,0.005505642725934421,0.007833492226308563
2019-11-15,0.001964913812506188,0.005578240264083043,0.007935840096426047
2019-11-18,-0.0009209603886071214,0.004384715371715367,0.0066137057459295726
2019-11-19,0.004667420332106962,0.004445201026625119,0.006457199847349996
2019-11-20,0.004929163997457979,0.004264195650887935,0.0060462707244147065
2019-11-21,-0.0025617386493080496,0.0029794065686796303,0.0059573378530476005
2019-11-22,-0.004522090396049399,0.004192851378420834,0.0071006182939401885
2019-11-25,0.013285889135891809,0.005725769556551562,0.013645304896987266
2019-11-26,-0.0029902665544935493,0.006375939514339447,0.010475471551169199
2019-11-27,0.005219910352766259,0.003078900865549426,0.004937730795375429
2019-11-28,0.004160529350791835,0.0032892444492217243,0.004843130689947212
2019-11-29,-0.00785725523266999,0.00603696410310993,0.01078296806218027
2019-12-02,-0.000651305031476376,0.0048212266249645355,0.009416360408473224
2019-12-03,-0.004492071500914214,0.0054057497241788675,0.009354456064010756
2019-12-04,0.0040769856204158446,0.005930066107464205,0.00991434076396683
2019-12-05,-0.002061360247465576,0.004001363653923293,0.006860330213063595
2019-12-06,-0.00809534862199821,0.007488837440679459,0.014108979181520782
2019-12-09,0.0013412131605239934,0.00556267330833177,0.007866001308900524
2019-12-10,-0.006783179618895446,0.004199773431070034,0.009150867163760774
2019-12-11,0.004489484356039674,0.004927249279811878,0.007632178238198543
2019-12-12,0.005162857346029799,0.003974648526245667,0.005972368496506643
2019-12-13,0.009551822783961173,0.0031304684892633017,0.006225851455237028
2019-12-16,-0.002713267419203363,0.003297622222649882,0.007329596066512493
2019-12-17,0.009170552980705609,0.0050047888548420145,0.009239653976572133
2019-12-18,0.004646024904610523,0.004116287054144145,0.006075284239594661
2019-12-19,0.003108475179285728,0.004065307261970189,0.006296990751822556
2019-12-20,0.0009864549951019103,0.0023552726851156984,0.003353248201562223
2019-12-23,-0.0007377192709850936,0.0040345211190007425,0.006026412560396322
2019-12-24,-0.003938363953434116,0.003807833426556143,0.00668060528159496
2019-12-26,-0.007230600491364134,0.004077502229467704,0.008469036697709466
2019-12-27,0.009785757510884093,0.004488524753740914,0.008210962639533852
2019-12-30,0.0008203370378256411,0.004080941789155702,0.0059278134882976
2019-12-31,-0.007156789574995062,0.0038050763363053266,0.007831712597567368
2020-01-01,0.0011539431631088094,0.0031438911444459,0.0046706661707367125
2020-01-02,0.008150579934013252,0.00344166843374443,0.007706305801880945
2020-01-03,-0.004533048142335533,0.003921229865556619,0.006072799796167599
2020-01-06,-0.01929072847314149,0.00777893036947366,0.017084846423502283
2020-01-07,0.004982160403270252,0.008487813717649662,0.012179655509328507
2020-01-08,-0.0022925703434345888,0.005126787489482964,0.009592285437387394
2020-01-09,0.015721524760104574,0.004240300417720034,0.007490237892756639
2020-01-10,0.003342455210374022,0.005605246695252232,0.007995561774821582
2020-01-13,0.005917935234497193,0.002480506550202684,0.00421347057560442
2020-01-14,0.0026526987425187607,0.0034561433693863835,0.005302395648311734
2020-01-15,-0.0015381131440847836,0.004375337748900741,0.0061896244791839325
2020-01-16,0.0009879181499700635,0.004171801106390376,0.005928533851321274
2020-01-17,-0.00025501131760789477,0.00346209455845526,0.0051852325033683025
2020-01-20,-0.01040008785925209,0.0065108408823559075,0.017473004142295308
2020-01-21,-0.004484659455009181,0.0037072011534272716,0.005567036748573214
2020-01-22,-0.005185979163736476,0.005586360644485899,0.011328202069681013
2020-01-23,0.0060483951593072694,0.004708129039038195,0.007791269845978546
2020-01-24,0.005559104211847819,0.0060208372410399886,0.010001428775539363
2020-01-27,-0.010608600656474901,0.004966552041127018,0.009043618233765162
2020-01-28,-0.005228613250633523,0.006604997122817178,0.011533851502198558
2020-01-29,0.006094646255253335,0.0037598387779636875,0.005424774697019663
2020-01-30,-0.007754976405079576,0.005809790439918467,0.011607055416299956
2020-01-31,-0.006142239847635705,0.005912250386505399,0.013183320693041744
2020-02-03,-0.02147942474929971,0.006982366229452746,0.01156053646334231
2020-02-04,0.02294554852001912,0.006572105069304967,0.016924533971264095
2020-02-05,0.009098978920125088,0.007350173512260045,0.011977746704374806
2020-02-06,0.00402853577236436,0.0043335515654882644,0.006257170076322317
2020-02-07,-0.003267876820959125,0.00385874260708008,0.006674464088674285
2020-02-10,-0.005540836887552729,0.0055243516518489666,0.009375373368865063
2020-02-11,0.0063299538920958175,0.004270888751800004,0.006053882367933514
2020-02-12,0.0076761591804553895,0.004378925946506635,0.0071673436967370574
2020-02-13,-0.002178370358219195,0.004426628298888941,0.007051585317276019
2020-02-14,-0.005039531569823334,0.008139808201434512,0.012836970267989651
2020-02-17,-0.005600386389670753,0.005638774278453127,0.010177789052022233
2020-02-18,-0.004434580853707973,0.0070086670552571805,0.01023141090785908
2020-02-19,0.011062238693018929,0.005104592093844359,0.0076365946407652395
2020-02-20,-0.003722171151700223,0.004274924970410307,0.006667561247099013
2020-02-24,-0.02103353072205037,0.006967850430855697,0.0168351232933437
2020-02-25,-0.002666408571566386,0.004531837479590125,0.008743031441803486
2020-02-26,-0.010172038146389433,0.008066360029865507,0.012300414490302693
2020-02-27,-0.0038778860778288546,0.007605740746759747,0.010929780560737089
2020-02-28,-0.0378016423222764,0.008629041319968925,0.018724752828799072
2020-03-02,-0.0061788013630017435,0.020644400832599063,0.03563809481035683
2020-03-03,0.015203486470954998,0.010947069408130927,0.01678272704346309
2020-03-04,-0.0046376876143074345,0.016394144498266403,0.024393317816194117
2020-03-05,0.0015985793812774052,0.008820884593029168,0.01285831845106043
2020-03-06,-0.02511985353017798,0.013171357854136838,0.01889987352038714
2020-03-09,-0.05019499598647564,0.025557490685998566,0.04373552003146992
2020-03-11,0.0006647771623133455,0.012223609457588429,0.020184693785890193
2020-03-12,-0.08666894981793948,0.02597218577667047,0.055551787855255955
2020-03-13,0.03735847654239177,0.10821314490286035,0.16114693512194525
2020-03-16,-0.07917416945110371,0.020438481594443704,0.04752436203419402
2020-03-17,-0.02536415171509603,0.030836671552276,0.05444379209952584
2020-03-18,-0.05716792711513327,0.038135704001476034,0.08507699043744092
2020-03-19,-0.02454659954775134,0.06223612609775074,0.08990196262650865
2020-03-20,0.05669138794443699,0.04779222633651152,0.08059045434450793
2020-03-23,-0.13903756461051203,0.04424651969441655,0.0756413918522716
2020-03-24,0.024762292138464665,0.04770089696037793,0.06740760677367767
2020-03-25,0.06414544603118057,0.03675722172628828,0.07958787800802068
2020-03-26,0.03816665439616388,0.03413675818545059,0.0513975552741629
2020-03-27,0.002173175106963937,0.03621829869510362,0.05958257556075171
2020-03-30,-0.04476782787370225,0.0268003612705777,0.04009129411076569
2020-03-31,0.03752477847769833,0.026124281818076547,0.037253909998255355
2020-04-01,-0.040826864424490454,0.021995596140189345,0.04722067523114058
2020-04-03,-0.02081164185069997,0.015696012649488444,0.037204038603925606
2020-04-07,0.08400295216282225,0.028328624087544177,0.05214282945432925
2020-04-08,-0.004954153987953298,0.03776091020587648,0.05461349389198457
2020-04-09,0.0406704613937413,0.014730668402034202,0.024561265498222726
2020-04-13,-0.013040327423561648,0.013719042470267034,0.02219843812535954
2020-04-15,-0.007651048328648555,0.023783241124843316,0.04337115776594952
2020-04-16,0.007534316783542481,0.0154677181780992,0.025781693622730077
2020-04-17,0.03000848934711599,0.017460545934225056,0.02510593148892546
2020-04-20,-0.0005289542483047096,0.008635914367097661,0.017280544538910987
2020-04-21,-0.030742409586860843,0.010347593153784274,0.015030980194095796
2020-04-22,0.022660713376927297,0.017356765452347298,0.028680897064615036
2020-04-23,0.013685875581327233,0.01206970819107011,0.01862261903988012
2020-04-24,-0.017273269224786485,0.011917455654673385,0.016997354201029942
2020-04-27,0.01387465918374464,0.009503112752614975,0.013655021133447132
2020-04-28,0.010566409007242056,0.010925644766587672,0.015393020351149828
2020-04-29,0.01821608855026957,0.012194562760499425,0.021720130476160296
2020-04-30,0.03158422875946422,0.00913715654021851,0.015978843441187465
2020-05-04,-0.059160835126554547,0.012286323795141073,0.0286813154018938
2020-05-05,-0.009503278972569803,0.012909925716929468,0.028260015823419297
2020-05-06,0.0070685522845568985,0.017397947093593626,0.024851997208166263
2020-05-07,-0.0077803077564110755,0.007447979316701812,0.011082581452929018
2020-05-08,0.005685503917787226,0.007091039667148379,0.015613705378857482
2020-05-11,-0.001330377581346701,0.014993979080383442,0.023806194330986737
2020-05-12,-0.004626930470959459,0.015113665944482371,0.02141013948101928
2020-05-13,0.02012974293547344,0.01144405018572117,0.024873357682655035
2020-05-14,-0.025996919937107583,0.011425323336333719,0.017647820335785186
2020-05-15,-0.0006455711236580218,0.009793792448612629,0.014490814261531525
2020-05-18,-0.03492536149006188,0.015147940832580266,0.03984357291105885
2020-05-19,0.006309873650596998,0.012588368002006451,0.019714814833552897
2020-05-20,0.020891638839326522,0.012032287260738087,0.024094082094994834
2020-05-21,0.004369195599480915,0.009318590745280906,0.013446829958819493
2020-05-22,-0.00738478460081561,0.013994791527667654,0.020029294984373704
2020-05-26,-0.00112907097030296,0.01190152458926703,0.01827434819490518
2020-05-27,0.0311735219299972,0.01998665008057733,0.03540008192056012
2020-05-28,0.018628451492543274,0.010191243819499396,0.018413926849341965
2020-05-29,0.009459777532853096,0.012910282145001239,0.023167251889278404
2020-06-01,0.025338352659720637,0.014895649980544998,0.02286240339623084
2020-06-02,0.015445627746472025,0.010584264929805565,0.017190910142467684
2020-06-03,0.008228342186278518,0.009410258812339325,0.01397899859914955
2020-06-04,-0.003230380747065696,0.012560759842759067,0.01790784979412448
2020-06-05,0.01120921756965851,0.00911456918677154,0.013512894150552469
2020-06-08,0.0024914146063167966,0.010680877911117832,0.020482028040423497
2020-06-09,-0.011952175882067815,0.01686137617443043,0.026844787548710752
2020-06-10,0.006893910822071789,0.007367042664179461,0.011061558626955775
2020-06-11,-0.021396438367806456,0.010729685196016149,0.02292466168450818
2020-06-12,0.007134696525776951,0.018055817951033202,0.04529276114470367
2020-06-15,-0.016092064938005003,0.014111901866282838,0.022111945105440428
2020-06-16,0.010168511071378764,0.021831865569763853,0.03204058812033488
2020-06-17,-0.0033189583187083734,0.012102131358306258,0.01718421418305727
2020-06-18,0.021079446670088396,0.012382657604237868,0.026373326494965574
2020-06-19,0.015022865002949488,0.011584669137788297,0.01949845695047199
2020-06-22,0.006499449097502718,0.007926598378612032,0.01125482766814643
2020-06-23,0.015378829255110686,0.010047779540853204,0.01747208435798873
2020-06-24,-0.015951224257763807,0.012663040746335832,0.026316575010184667
2020-06-25,-0.0015926248529521327,0.011047152848316125,0.016260222019443358
2020-06-26,0.00910417112670767,0.006724989277793584,0.00949625439420206
2020-06-29,-0.006822760798075913,0.007865012896675601,0.011088648772933224
2020-06-30,-0.0009993724909477652,0.007764689542732055,0.012977955987809675
2020-07-01,0.012343324106810436,0.007779990018913472,0.014137055725873192
2020-07-02,0.011595958752537541,0.006715267356114089,0.010676041636877055
2020-07-03,0.005260117338821228,0.004559116877400303,0.006471872483756564
2020-07-06,0.014627632603289031,0.0072928909309433985,0.010804957150159436
2020-07-07,0.003339009534036716,0.008159632160410832,0.011491076552138099
2020-07-08,-0.008732782060989626,0.009174164715149728,0.016000729018284567
2020-07-09,0.01000976742529668,0.005935158956324216,0.009603744179634503
2020-07-10,-0.00420734959083762,0.006984542245160198,0.009881119845738664
2020-07-13,0.003212722824094239,0.008561572638564033,0.012774583900780739
2020-07-14,-0.018249000734889463,0.009682459220943315,0.018171362979272736
2020-07-15,0.001022408086719745,0.015775932383784157,0.02351624481734036
2020-07-16,0.011400923444823241,0.010422885517475828,0.014906922887303165
2020-07-17,0.014948306530616993,0.008358224088816571,0.01685973760006077
2020-07-20,0.010992680250840313,0.005306723135542772,0.007702671800599872
2020-07-21,0.012626110991777935,0.0036912199873416623,0.005939645204819817
2020-07-22,-0.002659843741967638,0.010128801913847975,0.016307943432602483
2020-07-23,0.007414603621325298,0.007402210200197979,0.01218403289059343
2020-07-24,-0.0019009541040186228,0.008201134131072221,0.012068855716879195
2020-07-27,-0.0055854955772852745,0.006979429550877267,0.012320594426001733
2020-07-28,0.015045520083450243,0.006625518533866401,0.014720488139966226
2020-07-29,-0.008683204468886633,0.011334011413290797,0.017107289422560772
2020-07-30,-0.009029356907451743,0.01062742482046188,0.019365617689844364
2020-07-31,-0.002588449519166038,0.006972391974568229,0.011175378749830345
2020-08-03,-0.016558554850121334,0.006330799746706003,0.016140861856157422
2020-08-04,0.01852527473195631,0.010083714003006006,0.018399800871994772
2020-08-05,0.0005766923029565639,0.009797964100025518,0.01455644703727715
2020-08-06,0.00883342483924069,0.008142380255268034,0.011562344743906027
2020-08-07,0.0012402330418245548,0.005472003939917503,0.008012322711456323
2020-08-10,0.004990233307851035,0.006220603166918728,0.008810867756485475
2020-08-11,0.004634224153283686,0.004643768996926794,0.006575333958931331
2020-08-12,-0.0012460495124746427,0.004857313028945265,0.007016873000073749
2020-08-13,-0.0007032817179241128,0.0052546698644434075,0.007906730070989808
2020-08-14,-0.010859185489107238,0.012802710229675291,0.022793941510736472
2020-08-17,0.006126903182347498,0.00773570029267272,0.010900553354467254
2020-08-18,0.012217124027310865,0.006204507676241123,0.013047452189362735
2020-08-19,0.002022553472584474,0.003338658731926435,0.005807124376038011
2020-08-20,-0.0084681538079335,0.004464147466921759,0.006333904049425343
2020-08-21,0.005237178104313519,0.002811542348870474,0.004950913382589129
2020-08-24,0.008306412509926262,0.004453068028380042,0.007552434092497261
2020-08-25,0.000505678592222556,0.005920873876980698,0.008939029505981825
2020-08-26,0.006719694702452173,0.0058078807343355425,0.00864968431839916
2020-08-27,0.0008352117348219679,0.003841497844060783,0.006639704133053615
2020-08-28,0.007614134421611744,0.005365376848675579,0.008297796739570972
2020-08-31,-0.0225838540823065,0.019569198657988562,0.04113285537870472
2020-09-01,0.007240464307211334,0.01151218448297226,0.016272480029859857
2020-09-02,0.005629164732428894,0.0070171412229517545,0.010780200205895102
2020-09-03,-0.0006547270470620276,0.004249664224423164,0.006705715780835301
2020-09-04,-0.01693737589976223,0.00915382032901455,0.013093469489814717
2020-09-07,0.001868773014980915,0.008084950025974494,0.011400231398286022
2020-09-08,-0.003325649779789579,0.008497412440358364,0.012971217622003551
2020-09-09,-0.003482986529093653,0.006304643524621614,0.010019507004788084
2020-09-10,0.01507030028649042,0.007068427568260208,0.01193522842653449
2020-09-11,0.0013267344350831917,0.004451855531026477,0.006419811514824572
2020-09-14,-0.002130620607789219,0.010055413424328944,0.016201903759330977
2020-09-15,0.007120536611649034,0.005455550423140327,0.008132426955932635
2020-09-16,0.007156369643982706,0.005077279091984393,0.008733609754861942
2020-09-17,-0.007651223391398827,0.005286518052586524,0.0077022775350337495
2020-09-18,-0.0009686278452831663,0.007324966977056548,0.011994836801312343
2020-09-21,-0.022360395533691877,0.014007418537409732,0.028154179617784304
2020-09-22,-0.008650165364363744,0.011030303579866833,0.019504807580337784
2020-09-23,-0.0019564998051874198,0.013156328829905046,0.02112402002488987
2020-09-24,-0.02975046086629724,0.008723946995891043,0.02083185154330145
2020-09-25,0.02239317919403798,0.01160073562478905,0.019705436528585325
2020-09-28,0.015917509782938703,0.007401258941736529,0.012424794583566112
2020-09-29,-0.00045874615382283734,0.006917372698713293,0.011085007333094437
2020-09-30,0.0022384940193966077,0.006971562055964468,0.009855531903606437
2020-10-01,0.014948800566928164,0.004175531628911839,0.00714287119523235
2020-10-05,0.007539152980994381,0.00767604309195152,0.010931598557824954
2020-10-06,0.013731761801546099,0.006315782880081312,0.009946494384916538
2020-10-07,0.006533795478530655,0.0074382685593032205,0.011389548359638494
2020-10-08,0.008123590712403974,0.006836186245391834,0.009679229417846737
2020-10-09,0.00670357110102055,0.007250150539589462,0.01119667387450686
2020-10-12,0.0014048980594053501,0.00889535150423363,0.012978816174745092
2020-10-13,0.0002974848313881938,0.005881443399300927,0.00832039923645733
2020-10-14,0.0030578533826602027,0.010011378151924698,0.014622761373773234
2020-10-15,-0.024583309443990238,0.0122062298018414,0.031176326291870744
2020-10-16,0.007004361448563385,0.007111299798473638,0.01036352023607964
2020-10-19,0.009358838750109354,0.004630590258634576,0.0065568333878516065
2020-10-20,0.0019983305148122575,0.006390074294761218,0.009414296435909637
2020-10-21,0.003427863919924764,0.014396227218434114,0.020347420361359975
2020-10-22,-0.0034572511936285335,0.006901293969047442,0.00975918088748408
2020-10-23,0.002845488039808009,0.0036229021881399783,0.005515329126297673
2020-10-26,-0.01372280171939824,0.010575798568695208,0.019642617667990907
2020-10-27,0.010284540688903391,0.009615240796723587,0.014807290435463706
2020-10-28,-0.013531751526031222,0.010565158331115938,0.02084903060583077
2020-10-29,-0.0050255491286022155,0.008096386461877677,0.011798693972729583
2020-10-30,-0.0024363388871728973,0.012824455339237251,0.01833814272286324
2020-11-02,0.00229500061940095,0.010108988285076673,0.014418359037961506
2020-11-03,0.01229430453308261,0.0053401078916023425,0.009556895977060144
2020-11-04,0.008009485529747545,0.007993009591556468,0.014548431792417181
2020-11-05,0.017629285844443805,0.0052774081918610825,0.008539392726900337
2020-11-06,0.011749715515175936,0.00666698340150909,0.012113195902969252
2020-11-09,0.015976331587139476,0.005234196146740526,0.008562697123027495
2020-11-10,0.013554232066476922,0.008750314935829394,0.01335199593389518
2020-11-11,0.009302637490367565,0.010567908420733135,0.015581461080816506
2020-11-12,-0.004587327240413277,0.0064602336272227626,0.00916418059065457
2020-11-13,0.0022943363271255195,0.006519883002183899,0.01008258664780481
2020-11-17,0.012053681426341886,0.006983554876839967,0.010637569187588337
2020-11-18,0.004962716492027381,0.006027784989544747,0.01000908159913435
2020-11-19,-0.012956239372488106,0.01148902157983243,0.01701026462238251
2020-11-20,0.006816027431926412,0.008675412162108414,0.012613699905989421
2020-11-23,0.0052277864790618534,0.007678240589032001,0.011074147341271625
2020-11-24,0.009907106958531581,0.004880936882725944,0.007744040194864425
2020-11-25,-0.015185397205090293,0.010957900312920156,0.024279786697078046
2020-11-26,0.009951532476185488,0.01185740828321008,0.017525187447062447
2020-11-27,-0.0013908030691388337,0.006263658689712537,0.009329976457441734
2020-12-01,0.01074476242399418,0.008695928026417445,0.01263253923089719
2020-12-02,0.0003584815807498976,0.007842126609383548,0.01105329866075684
2020-12-03,0.0015354055912646832,0.004399379107414665,0.008276232917647957
2020-12-04,0.009445908959648398,0.00563516488128094,0.009593824150174323
2020-12-07,0.007304391112653887,0.005090157059772348,0.009336817124646688
2020-12-08,0.002781459960611745,0.006577550199105137,0.009288497964290186
2020-12-09,0.010114428562528128,0.004044843470922434,0.007339792308217573
2020-12-10,-0.0037619219695161584,0.0054599740938235325,0.007734655075986943
2020-12-11,0.0026340862816878062,0.009250722738695457,0.01306067516672349
2020-12-14,0.0032728147749187795,0.006504531855662589,0.009223220062079242
2020-12-15,0.0007151234360649028,0.007398790088836477,0.010510183267285556
2020-12-16,0.008429280641864136,0.004359923787969192,0.006277957774148112
2020-12-17,0.004229970438016461,0.004987887233331949,0.007255830772474878
2020-12-18,0.0014435425896574643,0.005887563610109918,0.008302720575967175
2020-12-21,-0.03190866215630266,0.028154824527523277,0.04847166844882015
2020-12-22,0.010293127415086657,0.015262890686601147,0.02221467057776099
2020-12-23,0.009960389402299756,0.007842748989826205,0.013767269219242527
2020-12-24,0.01083363406633502,0.006609462070899762,0.010535091686819282
2020-12-28,0.008974658395164679,0.002718233159323869,0.005316004884361056
2020-12-29,0.004272454296258275,0.0053824832863161275,0.007730016060859963
2020-12-30,0.003535836164182277,0.006702456038694078,0.009444305182246334
2020-12-31,-1.4318227638304822e-05,0.004440399204613916,0.006322485673288394
2021-01-01,0.002624978069994666,0.002777895269992842,0.004173057031779434
2021-01-04,0.008127554493474463,0.009692095721309616,0.01374100078150426
2021-01-05,0.00470131235786493,0.006349397476083695,0.01179261373639917
2021-01-06,-0.0037571814216639365,0.009332951389479767,0.01443845542104798
2021-01-07,-0.0006293676223474675,0.004248928411669461,0.009418341789942228
2021-01-08,0.014738082534464191,0.006083088104178119,0.010151730405652652
2021-01-11,0.00953808562855032,0.005617346004799778,0.007946328789761646
2021-01-12,0.0054186068221036155,0.006662887447850941,0.010835398146298528
2021-01-13,9.608621670051523e-05,0.01008925522958032,0.014943471432921969
2021-01-14,0.002109021789565324,0.006842165619606938,0.01002355563340674
2021-01-15,-0.01115432296065278,0.010640597445983115,0.017985726627591177
2021-01-18,-0.010614788200058034,0.008969356153214696,0.016549655085311178
2021-01-19,0.01665525875641371,0.007063569075995774,0.013442474601635088
2021-01-20,0.008472274336760961,0.005614610423124425,0.01016752740849282
2021-01-21,-0.003718184091801354,0.009737494842843612,0.0161956232039612
2021-01-22,-0.015085386074712022,0.009013793453375728,0.01824048201697839
2021-01-25,-0.009297255190251277,0.00855837067714009,0.019137713764710094
2021-01-27,-0.019244480891583437,0.009904102951967328,0.022097754832647216
2021-01-28,-0.010793693167934581,0.009470062228688073,0.01338877026788354
2021-01-29,-0.013328858232496075,0.0127623051915374,0.02714414944172791
2021-02-01,0.04633334971971787,0.02499335185771555,0.04723689887047609
2021-02-02,0.025349539675742865,0.010538204620356538,0.017924119354656768
2021-02-03,0.009654368913945022,0.014078517836515689,0.019925639698462366
2021-02-04,0.007121340982025425,0.008381768329507528,0.013356261062471965
2021-02-05,0.0019181565175802602,0.006996221528984872,0.010044081989044676
2021-02-08,0.012753134705385865,0.005145340183618485,0.00786267266523626
2021-02-09,-0.00043010611605642915,0.008705846690202905,0.01276034013354384
2021-02-10,-0.00018532057490518592,0.008947967186009763,0.01264686093320756
2021-02-11,0.004412176664707947,0.00402556365192139,0.00811290958193357
2021-02-12,-0.0006592696934370658,0.007520156175506627,0.010716664716328147
2021-02-15,0.009935142462115996,0.004093748219589351,0.006317459615018327
2021-02-16,-8.162425642763527e-05,0.008417475476192296,0.012377994656326491
2021-02-17,-0.006850731452785171,0.005997324873922969,0.009438539342133262
2021-02-18,-0.005931871684390037,0.0063880508446666545,0.011422763689376012
2021-02-19,-0.009116143118184506,0.010914889056313049,0.016409939384584578
2021-02-22,-0.02063971564030592,0.011690485952404283,0.025555837179563876
2021-02-23,0.002184873969705697,0.00919207546263675,0.01377843003821779
2021-02-24,0.01847152850052029,0.0217288908769569,0.033660379434488054
2021-02-25,0.007669725331353619,0.005147571847719951,0.007362245261643736
2021-02-26,-0.03836220275630364,0.015552228324388339,0.031089236684063895
2021-03-01,0.01586881087701919,0.00768727295895589,0.011397854712150384
2021-03-02,0.010616431079728933,0.009165152924958524,0.013291673752408662
2021-03-03,0.02164866615239294,0.010616106854629359,0.01819217302328656
2021-03-04,-0.010871815118793142,0.010167503049317548,0.014730660879763937
2021-03-05,-0.009504125991607463,0.01074395902691722,0.015413607220526059
2021-03-08,0.001210972544447202,0.008799591926696236,0.012787338862978087
2021-03-09,0.009462861169810146,0.009264314884070146,0.013339122612455971
2021-03-10,0.005047340602462587,0.005369997121974052,0.007749728988264685
2021-03-12,-0.009524722735275023,0.013343092683593526,0.0254608118807983
2021-03-15,-0.006772300308835674,0.013488548932535952,0.020265298988579657
2021-03-16,-0.0012767988653300596,0.006716826998646016,0.010794390286122862
2021-03-17,-0.01276691115553913,0.0080801200111955,0.017695448326991655
2021-03-18,-0.011165071153974405,0.014383863821329668,0.027243074807016564
2021-03-19,0.012705880170274957,0.017818589087360063,0.029717199581185568
2021-03-22,-0.0005155703072306843,0.007997947582402258,0.011268069328221983
2021-03-23,0.005302656033791128,0.007969656322285773,0.01158302430854385
2021-03-24,-0.018073523592070435,0.007885353011258115,0.014938733111987942
2021-03-25,-0.015550473459416195,0.010995193361697514,0.021724354813222005
2021-03-26,0.012652648509180619,0.007740130860049378,0.01093590073693369
2021-03-30,0.023017860602701366,0.008392051374175405,0.017426639235827376
2021-03-31,-0.010455164345430578,0.0046174766273880535,0.00976808444064415
2021-04-01,0.011952853344086897,0.008651535254621055,0.012830128100284771
2021-04-05,-0.015560296479187625,0.016844064233025147,0.02666723241084342
2021-04-06,0.0031172037135109875,0.00962468200434393,0.01397481654578268
2021-04-07,0.0091890876818974,0.010130975096180906,0.015517202407927876
2021-04-08,0.003687760707936765,0.0077362011346709765,0.010962281554886487
2021-04-09,-0.0026221466406612408,0.005998168908946246,0.008951880752709224
2021-04-12,-0.03596463281723922,0.013602976344098178,0.028216438647631382
2021-04-13,0.013465132344700306,0.010920016974607816,0.017511444723140205
2021-04-15,0.005270570669209097,0.011667016191687914,0.01675756568119343
2021-04-16,0.0024931716281266104,0.00665944431225648,0.009488413071615276
2021-04-19,-0.01783508230882999,0.009166273668463972,0.013294340066363907
2021-04-20,-0.0044004910090830246,0.012201324880103896,0.02235880234822003
2021-04-22,0.007647441212800463,0.010819931489676532,0.018974507551502866
2021-04-23,-0.004508280094204329,0.009222603274059427,0.013098529152005422
2021-04-26,0.009966685459202936,0.006469005982725458,0.009402843998101484
2021-04-27,0.011534860370141113,0.005694440976015605,0.012468407447441715
2021-04-28,0.014330678808834763,0.006725509749180135,0.013138628969840221
2021-04-29,0.002039728305535653,0.01031141064123147,0.015434773515316759
2021-04-30,-0.017869525228607498,0.011145505252823923,0.017343194071169302
2021-05-03,0.0002084917272909865,0.010682307205269867,0.017602635103437552
2021-05-04,-0.009450624224999165,0.009749550013004815,0.01806645677404891
2021-05-05,0.008336116981918119,0.006344602925125247,0.008982222745388738
2021-05-06,0.007289775876840782,0.005914907222703895,0.008991659810739946
2021-05-07,0.006657040403640492,0.0046487060874423735,0.006580909058926908
2021-05-10,0.008009262800994111,0.0034745966995979147,0.004979162753515039
2021-05-11,-0.006149068019026527,0.005569083495955578,0.008659469008299244
2021-05-12,-0.0104409988264523,0.006431498983984006,0.011863342249855408
2021-05-14,-0.001273235308628596,0.00697590805732177,0.010747523613833524
2021-05-17,0.016577589783995917,0.007343184110961121,0.014249698291494195
2021-05-18,0.012317273309973075,0.0040468393755604525,0.006192029911521745
2021-05-19,-0.005172788238334181,0.0057242913004807,0.008286728875826025
2021-05-20,-0.008291052039504188,0.006639432661127284,0.012404320157601697
2021-05-21,0.01790193553229923,0.0056421494590927455,0.013452807737079433
2021-05-24,0.0014750202275935762,0.0051238723489268004,0.007290563918458828
2021-05-25,0.0007070938155468382,0.005016323140909788,0.008577416967194109
2021-05-26,0.0060964006336564555,0.005502002671021145,0.008165905434948753
2021-05-27,0.0023759962804964516,0.005138087938836081,0.007305444214227493
2021-05-28,0.006356190262519319,0.003382230125958977,0.004852428548815249
2021-05-31,0.00948793489109113,0.008872237945689476,0.0149106458587183
2021-06-01,-0.000510320620107419,0.00559495854477175,0.00850410749602192
2021-06-02,8.67120656808025e-05,0.005854528084063654,0.008834027825278562
2021-06-03,0.007301728008600275,0.004019164138374443,0.005997292075555499
2021-06-04,-0.0012818385093088212,0.004730307954225392,0.007099440021697165
2021-06-07,0.0051811361952536165,0.004157248226056215,0.006053371143524767
2021-06-08,-0.0007335750962069031,0.004236675820645494,0.006276949138787762
2021-06-09,-0.0066772200430738555,0.009165565586700689,0.014937293410277367
2021-06-10,0.006527933518834105,0.004261050783528146,0.006528887547457546
2021-06-11,0.003906490354253145,0.0038377152293499225,0.0054274386047586266
2021-06-14,0.0007908589968395644,0.009710841335063966,0.013695412620109005
2021-06-15,0.003623640223476974,0.0026358237138927433,0.003730435827149991
2021-06-16,-0.006429256198967984,0.005323841568728511,0.008768007820650736
2021-06-17,-0.004841201776747716,0.006660072786128013,0.009725047196308389
2021-06-18,-0.0005132013116724437,0.013773145374138608,0.019804417876990613
2021-06-21,0.0040185031994205474,0.007797969299039241,0.016479852665671736
2021-06-22,0.0016656491552922152,0.005840317595874931,0.009107504438033952
2021-06-23,-0.005454598542621072,0.0048815191335303595,0.012048231023036975
2021-06-24,0.006576170313444658,0.004895405855018114,0.00751721412906498
2021-06-25,0.004416920149496724,0.004324533207277122,0.0062104557860298976
2021-06-28,-0.0028823598351750412,0.0038462800460259423,0.007809190087372354
2021-06-29,-0.004197939462444536,0.004439631927804599,0.007102323374702111
2021-06-30,-0.0017127578361914226,0.005418859472397755,0.008291168741850333
2021-07-01,-0.0026431873739428875,0.002656564910445553,0.0056441326530612245
2021-07-02,0.0026877238189711517,0.0045701965268355365,0.006513046061646633
2021-07-05,0.007107867426692256,0.0033913983157961448,0.005298631942250746
2021-07-06,-0.0010172694162285671,0.0050446366274310575,0.007156303340287326
2021-07-07,0.003874103121228537,0.004505098717338512,0.007169528709663176
2021-07-08,-0.009602209739377547,0.0075761962511558065,0.012897437314386443
2021-07-09,-0.0024254228908178565,0.004422989966160871,0.006252444938506587
2021-07-12,0.00017843152513541638,0.005799942471290837,0.009204988268878231
2021-07-13,0.0076020168050800795,0.0033368288080367426,0.0048190305169651445
2021-07-14,0.00262743737830436,0.004734927115987515,0.00713698558835858
2021-07-15,0.0044212840314639245,0.003820219875142073,0.006113312328468223
2021-07-16,-5.022699813825734e-05,0.003264238594446202,0.005002096830517096
2021-07-19,-0.010796990571541962,0.00580078097039615,0.008214645858164721
2021-07-20,-0.007666291987629491,0.006142347883814059,0.009589267876408656
2021-07-22,0.012204454864528006,0.003424822858895656,0.006850295303695849
2021-07-23,0.0020201963552988087,0.0058678916604601025,0.008287020770056776
2021-07-26,-0.001994894010794567,0.004187652192739966,0.006088654467347028
2021-07-27,-0.004941269190283573,0.006726447212956386,0.011466063934920848
2021-07-28,-0.0023556712745251398,0.011299650330079066,0.016171833320838328
2021-07-29,0.0043858132000563635,0.00351075724235742,0.005041674163355591
2021-07-30,-0.000976516135808173,0.005066018325112412,0.007482701429860663
2021-08-02,0.007716153904229494,0.0025652396539150753,0.0036669467123444815
2021-08-03,0.015342653128218075,0.007550871477844973,0.014416613068208236
2021-08-04,0.007906900379200192,0.004330802325319328,0.007014650900284708
2021-08-05,0.002199451962862978,0.0060401081184849525,0.008539663076160562
2021-08-06,-0.0034672374282357825,0.004229314427613123,0.0069866237605107125
2021-08-09,0.0012339690711517842,0.006102586930540581,0.00871558718266111
2021-08-10,0.0013430068163520583,0.006815885440345337,0.009643675638789737
2021-08-11,0.00013207834532344713,0.007472197557628176,0.010821612204240815
2021-08-12,0.005032710127087298,0.0030615086086976397,0.0054141677825090264
2021-08-13,0.010014172717061967,0.004724992077134453,0.0101215316406352
2021-08-16,0.0020519176533692787,0.004332858393624771,0.006559805440432287
2021-08-17,0.0031074454639570138,0.005055584761524852,0.008014059547355458
2021-08-18,-0.002757400455017452,0.005359280128121686,0.010018800575392619
2021-08-20,-0.007168531033199722,0.005131516941330605,0.00811531421917267
2021-08-23,0.002789286998064274,0.007630884279943154,0.011929887373963763
2021-08-24,0.007738343720985011,0.0060293548667462536,0.009130976486158324
2021-08-25,0.0006043901504665573,0.0039634516069917995,0.005707917901509474
2021-08-26,0.00013525068417903375,0.003395091703355563,0.0048265497923067995
2021-08-27,0.004096857993577663,0.006223087200879106,0.009365417905306895
2021-08-30,0.013429259014094868,0.005341740741896111,0.011024146878804637
2021-08-31,0.011810427696351353,0.00720636467464386,0.013871563573981102
2021-09-01,-0.0032710789243950112,0.0058181495383713595,0.009996294195154088
2021-09-02,0.009204293951085803,0.0057817219287518585,0.010780965527089258
2021-09-03,0.005176808010644206,0.004751242194539327,0.007383014703005733
2021-09-06,0.003123863322045117,0.003328104870732393,0.0048337531922124964
2021-09-07,-0.0009039273439216094,0.005923186336401874,0.008610709727714879
2021-09-08,-0.0004954320044973781,0.0052146991153739514,0.007445251498256836
2021-09-09,0.0009071862729865194,0.0023998622625939327,0.004430310570404594
2021-09-13,-0.0008034211637875494,0.00444742189131565,0.006291980768663752
2021-09-14,0.0014221395731308123,0.002522457728468399,0.004113924050632912
2021-09-15,0.007991527890878581,0.003583022055182893,0.008322112545008573
2021-09-16,0.006261987530756848,0.004351590328532544,0.0076094268484642215
2021-09-17,-0.002518817158814708,0.00923077808204644,0.014517864360210702
2021-09-20,-0.01076276621795277,0.010414950734416305,0.014999753570505163
2021-09-21,0.009445425055689747,0.009422761598710997,0.014363398246213415
2021-09-22,-0.0008744061752431491,0.0032618220868710192,0.004926821748052207
2021-09-23,0.01562383807742847,0.005785133014215576,0.011072780770052656
2021-09-24,0.0016958112674268218,0.00483192818254672,0.007183586450170105
2021-09-27,0.00010643971788971012,0.004875397181176386,0.00787447913766758
2021-09-28,-0.005982542262753364,0.012239403261578212,0.018973327891296
2021-09-29,-0.002103719495544819,0.006679055152722687,0.009801629565163308
2021-09-30,-0.005273255224157625,0.00518076462645319,0.008899957020087484
2021-10-01,-0.004898963801205104,0.004211135893300992,0.00594625245504606
2021-10-04,0.009039488024266832,0.0062412919676423755,0.009583877976400763
2021-10-05,0.007380358946066971,0.005208840831991103,0.010803814304804659
2021-10-06,-0.009941397212065623,0.00774847133076665,0.015383045378556047
2021-10-07,0.00814702470131476,0.0036545585077953427,0.005269710942082693
2021-10-08,0.005876323303578524,0.004001077044120558,0.005671912268719067
2021-10-11,0.0028319423974920437,0.007517874582494524,0.011303364726066533
2021-10-12,0.002559973015762186,0.005014337996685265,0.007986970734957627
2021-10-13,0.00939334195098345,0.005302422276320212,0.008096729734194117
2021-10-14,0.009687709975996201,0.0032516665162474288,0.005564822567895628
2021-10-18,0.007524019573498294,0.003660067511576472,0.005295737427657831
2021-10-19,-0.0031602962146704853,0.006097898771427374,0.012310824567356634
2021-10-20,-0.008294933244362599,0.007599453537605213,0.013628763820236709
2021-10-21,-0.004856682911584848,0.011042347571287768,0.018494739602846703
2021-10-22,-0.0034827257394313984,0.010144621328541157,0.015451389993281817
2021-10-25,0.0005794654054989729,0.010046709990907994,0.015056240675717831
2021-10-26,0.00785852166355233,0.007221701075530772,0.01155812402756168
2021-10-27,-0.0031497940609639214,0.006094946943239424,0.009562949659191553
2021-10-28,-0.019613430387588483,0.010321866573134804,0.021909868540788757
2021-10-29,-0.010447905544470225,0.010644140961322556,0.01713195956845163
2021-11-01,0.014494106171593095,0.008827969699977005,0.014333798730084517
2021-11-02,-0.002272628736845954,0.005839031261114444,0.009204028062890607
2021-11-03,-0.003345641269055336,0.008145775302315342,0.012945100810095799
2021-11-04,0.0049013449265533065,0.0017407952998907078,0.002620510907512829
2021-11-08,0.008434037348294714,0.00986067888945501,0.013930346430229147
2021-11-09,-0.0013458266538282125,0.00488458374374576,0.007179507495462543
2021-11-10,-0.0015002606334366785,0.005546937059412747,0.00811724387483054
2021-11-11,-0.00800207185820445,0.006022565932317332,0.009687494092358416
2021-11-12,0.012739118453093435,0.007350440015792834,0.01199263147173772
2021-11-15,0.00036999789965571825,0.005303358661786528,0.0076672464025708265
2021-11-16,-0.006106589273008452,0.005201263466086884,0.009658741328553029
2021-11-17,-0.005601956226916921,0.005469484645130011,0.00801179907397435
2021-11-18,-0.007506297537132803,0.009213899264054706,0.014472417255945691
2021-11-22,-0.01979806684873854,0.016366283842142837,0.03013230276427527
2021-11-23,0.004971320417088634,0.011218397888044948,0.01928771446090397
2021-11-24,-0.005057449101021469,0.008747036393292744,0.01416014299771682
2021-11-25,0.006935347288237329,0.007502769642972513,0.01212633206215696
2021-11-26,-0.029502195657113865,0.010207587763590955,0.02171334534436427
2021-11-29,0.0016138312478338214,0.01576204265185451,0.022182476520399074
2021-11-30,-0.0041572285072535705,0.016044683609857485,0.02315523682757247
2021-12-01,0.010758559762450211,0.005705398306411487,0.008667888661558347
2021-12-02,0.013581917861660867,0.007829928134483731,0.015576041469665739
2021-12-03,-0.011847592241934006,0.009578074020093174,0.017968564552381622
2021-12-06,-0.016679248094838027,0.008045640164262324,0.019219842495824032
2021-12-07,0.015515557382479443,0.009778346818485889,0.015363859334331688
2021-12-08,0.016917044993306308,0.004526567022186028,0.010054545178093562
2021-12-09,0.002692438725331353,0.00662171557650689,0.009342455651238478
2021-12-10,-0.00031682107730694167,0.005073154682626902,0.007372359768569091
2021-12-13,-0.0082026046847206,0.007202391416124136,0.016325811826177077
2021-12-14,-0.0024990311601760175,0.005961674023058315,0.008681056404883281
2021-12-15,-0.005991976410169169,0.00536997753148348,0.009232698642008031
2021-12-16,0.0015665890089298405,0.0065767357232850675,0.011270632999142471
2021-12-17,-0.015377077556357827,0.00872444002379599,0.019528836112138993
2021-12-20,-0.022084626281366433,0.01653458379055577,0.025875480663541985
2021-12-21,0.009384532645495392,0.010436757121899733,0.014796530671068836
2021-12-22,0.010947032985081793,0.005411748832473393,0.008935180545524288
2021-12-23,0.006885546336514033,0.004266309771142941,0.006038893415996552
2021-12-24,-0.0040409083631890875,0.008727048630180336,0.014467396897743144
2021-12-27,0.004840138519222991,0.010273022790776307,0.016320231911624846
2021-12-28,0.008566610759914585,0.0030605757751021694,0.00517021510016973
2021-12-29,-0.00114091088034896,0.004479079646464768,0.006349562590352854
2021-12-30,-0.0005607831589689821,0.004836509340611696,0.006841520535687323
2021-12-31,0.008686990360265219,0.005330662148110698,0.009352328358135044
2022-01-03,0.015532066331647875,0.006427416213798127,0.01494122906028329
2022-01-04,0.01013533773365083,0.008276617064194428,0.013144933551901827
2022-01-05,0.006716975758933995,0.006844268255529154,0.010925906716782193
2022-01-06,-0.01005580805311726,0.005624849944988936,0.00802430050690625
2022-01-07,0.0037571168401497185,0.007943345460822,0.011253163615933244
2022-01-10,0.010643475643964555,0.004470412430893392,0.007681859554834237
2022-01-11,0.0029090757855369247,0.004125365510186006,0.0064716009789125345
2022-01-12,0.008635720331115329,0.003580508389279213,0.005444022305005736
2022-01-13,0.002492514833041471,0.004209226556162708,0.005939884000781344
2022-01-14,-0.00011232987251458901,0.006034025153102064,0.009164171733563398
2022-01-17,0.0028634646353713476,0.002611462008910018,0.005068837467023592
2022-01-18,-0.010710847446216868,0.006884650734669126,0.014633030698471255
2022-01-19,-0.009689027834056424,0.0069850327870161905,0.013618763256765965
2022-01-20,-0.010163883876396832,0.010246145930735254,0.016627245593287154
2022-01-21,-0.00790692279190989,0.008910087900844334,0.012587166203565174
2022-01-24,-0.02692721026213864,0.019290340231087267,0.03507768891383351
2022-01-25,0.0074854055398087425,0.01680194081149141,0.02733829133277039
2022-01-27,-0.009759199363728934,0.012997360701342612,0.01845395819390377
2022-01-28,-0.0004794310858279706,0.011541489666715801,0.017331380583216597
2022-01-31,0.01381485185545943,0.0057834100623017455,0.008411238428281675
2022-02-01,0.013575374822651254,0.015234113666437895,0.021497004171524888
2022-02-02,0.01149155699474709,0.004016512023691893,0.006737841851799775
2022-02-03,-0.01243929691182117,0.00798298813769549,0.015375679776554357
2022-02-04,-0.002503012582150695,0.005685505322424744,0.008863172763405872
2022-02-07,-0.017432174227495423,0.014640769780687625,0.024245341988069706
2022-02-08,0.003082940476216172,0.010809519887229089,0.015219935895579654
2022-02-09,0.0113475249468573,0.004506629039660422,0.007910671471546164
2022-02-10,0.00810099920504003,0.008364218311367477,0.012058425627579613
2022-02-11,-0.013213208134273142,0.0055421969615774514,0.008733938617821839
2022-02-14,-0.031094690696753635,0.008544209881586093,0.01720910988258383
2022-02-15,0.02981034961442144,0.016107626702269704,0.030874604111856507
2022-02-16,-0.001744791023833279,0.008962147403060072,0.013445197557415373
2022-02-17,-0.001016531212017758,0.007774760225802411,0.011965072057363723
2022-02-18,-0.0016366742405402451,0.006444171137072089,0.009353944721510432
2022-02-21,-0.004039705592356217,0.01150670501716481,0.016293209668091405
2022-02-22,-0.00667378632095619,0.008985175675019412,0.017829771119546266
2022-02-23,-0.0016951453630000418,0.006382317834865643,0.011302044415630081
2022-02-24,-0.04896026903082192,0.018312608087302694,0.030896204996050884
2022-02-25,0.024947858168202962,0.010195314237834726,0.016238053694052866
2022-02-28,0.008101131335537446,0.015743487324453725,0.027367113966810633
2022-03-02,-0.011254730666993663,0.008510468655126472,0.01203481997580404
2022-03-03,-0.006518778370608893,0.01103344526404921,0.0197599100840748
2022-03-04,-0.015435549523985674,0.013513451691693847,0.019833380201713977
2022-03-07,-0.023807855961420165,0.01041429039727639,0.014697547985190225
2022-03-08,0.009430172336242727,0.012081456718354307,0.02231248109118232
2022-03-09,0.020514423015661167,0.015617000313480612,0.026187924484924338
2022-03-10,0.015152013456311012,0.011709312771072525,0.01864430537948817
2022-03-11,0.0021398626113986923,0.008735559137080389,0.013439204020298797
2022-03-14,0.014378694372337426,0.007969544726457745,0.016682129161184178
2022-03-15,-0.012423307208470636,0.013054513370941026,0.022369921382704196
2022-03-16,0.018571576221107083,0.005120672980576923,0.008839333781210093
2022-03-17,0.01819544269851146,0.00621709168885182,0.009767404024643626
2022-03-21,-0.009850560325581039,0.007266059270028852,0.015010820711641927
2022-03-22,0.011494902983443505,0.011531648959573109,0.018948318522422108
2022-03-23,-0.004042093720190609,0.00809641773480373,0.01407895763571725
2022-03-24,-0.0013287761390126268,0.006830061224051109,0.011647362318735394
2022-03-25,-0.004058098847076208,0.00752474177471529,0.012729528908937212
2022-03-28,0.004014550846285441,0.009438808204208629,0.013424643987341773
2022-03-29,0.00598026976240216,0.0042981329137431554,0.0062308396972725714
2022-03-30,0.009932969892759297,0.005375684138282378,0.007732246438929607
2022-03-31,-0.001916312115762529,0.004648897914090969,0.007134460126826894
2022-04-01,0.01170914487476482,0.007720874549684559,0.015902255597544896
2022-04-04,0.0214403456403388,0.009507773604137388,0.01790521414280832
2022-04-05,-0.005331746328175393,0.005344726367985614,0.009683942759932387
2022-04-06,-0.008374145812508964,0.00464324436642051,0.006803277690625638
2022-04-07,-0.009484577848941177,0.005841888907462798,0.009285995050628637
2022-04-08,0.008175250776633796,0.009180148777953654,0.013618671701231343
2022-04-11,-0.006170496392137639,0.004559317732229802,0.007247633977024775
2022-04-12,-0.008217481851263662,0.005863795641450497,0.008724959929871426
2022-04-13,-0.0031223510971550208,0.007041713193120922,0.011802135851301136
2022-04-18,-0.017432250630348714,0.006995050308862089,0.00989308543964233
2022-04-19,-0.012598203971631295,0.015191603427428767,0.026591218138696502
2022-04-20,0.010435603778864927,0.007941618532659752,0.012134949123048163
2022-04-21,0.014831150992767859,0.0058314420246887485,0.011453102079267504
2022-04-22,-0.012767612798961313,0.006317909264473822,0.00967284263330072
2022-04-25,-0.012776394201003337,0.006598424180728664,0.009767727882354107
2022-04-26,0.014455140840464372,0.0059104646311871544,0.009267033125501742
2022-04-27,-0.00948629657994312,0.006190301860614167,0.008935697982762053
2022-04-28,0.012055547873445796,0.010143085630490207,0.014580949742600515
2022-04-29,-0.008297570200330234,0.010515053287962582,0.018967953656401308
2022-05-02,-0.0019578324241160947,0.004997691504072774,0.010252444710316373
2022-05-04,-0.023203310190181764,0.014723181979997356,0.030514006964103585
2022-05-05,0.00030280236440618743,0.010597574009486776,0.017614084242880978
2022-05-06,-0.016402205362178027,0.00617167703583206,0.00873174365907533
2022-05-09,-0.0066885009232451696,0.011008741355047801,0.016047234862512607
2022-05-10,-0.003798172823006312,0.008983940941705954,0.012761720503017143
2022-05-11,-0.004502112641840228,0.01371954841556152,0.0201737107153018
2022-05-12,-0.022462147872579268,0.010790766131899087,0.019369951626549847
2022-05-13,-0.0016365617019766783,0.013184883648909802,0.021717572796898593
2022-05-16,0.003803986233609079,0.010624862715393984,0.015041995646174469
2022-05-17,0.025981475212963467,0.010220095400347004,0.023583438396403308
2022-05-18,-0.0011692453072036017,0.007619790406921186,0.011613122184053738
2022-05-19,-0.026891070897403772,0.008316410791021257,0.013254759795429267
2022-05-20,0.02848156086057151,0.008739824496846377,0.017164491204594855
2022-05-23,-0.0031680351601504043,0.009494349601926435,0.014119855192647152
2022-05-24,-0.005538061057189644,0.0070707964597372715,0.011423161387666322
2022-05-25,-0.006180277818558741,0.006846413959809347,0.013503189650428791
2022-05-26,0.008967062770830264,0.013007199664512937,0.018599084902411696
2022-05-27,0.011210771015034579,0.006089457290227719,0.009090345011728639
2022-05-30,0.018716945110386057,0.006328483224421523,0.011364567499472783
2022-05-31,-0.004623104079880039,0.007186135980640048,0.010181138554919218
2022-06-01,-0.003733367056413342,0.008578987598477543,0.012730907952671316
2022-06-02,0.006349802260260305,0.0067338994828319634,0.012229348651371182
2022-06-03,-0.0026315095876877827,0.006930643986390551,0.013624283696389258
2022-06-06,-0.0008897910968418909,0.006967968117556715,0.010042422977953961
2022-06-07,-0.009288955076891798,0.005691021131785587,0.008537244512931384
2022-06-08,-0.003667678332650513,0.008397530561361922,0.013508669277799007
2022-06-09,0.007422115570615706,0.007035765283968662,0.015108002608101875
2022-06-10,-0.01690986774485526,0.005825097969554522,0.009387882073045632
2022-06-13,-0.026733937520215956,0.008099031055698062,0.012815091896940913
2022-06-14,-0.0026852114114221596,0.00860996033010079,0.012620680622259798
2022-06-15,-0.0025425739848417965,0.00447384291661187,0.006675312012213511
2022-06-16,-0.021354848179315097,0.014823615344971022,0.03437696409505499
2022-06-17,-0.004377862497838008,0.00999849243161301,0.014189034557164809
2022-06-20,0.0036973698916184226,0.008830809368807742,0.012468958658665421
2022-06-21,0.018629721921802747,0.010820294108049742,0.01837739431505837
2022-06-22,-0.01452423294963793,0.006244271878189371,0.011642555298763832
2022-06-23,0.009257464658604653,0.011135935038259624,0.01677418909341551
2022-06-24,0.009124715461734611,0.005611781493888101,0.008267898446581844
2022-06-27,0.008423413606869335,0.0033609649534457457,0.007071111870766991
2022-06-28,0.0011457767431705531,0.007279646560312062,0.011479300987239847
2022-06-29,-0.003229179201912245,0.006776645708478713,0.011000614527701898
2022-06-30,-0.0011937935294284723,0.007204261984137084,0.010212157007968821
2022-07-01,-0.0017886549985601772,0.012636838346257291,0.017959592188491837
2022-07-04,0.005274254882250374,0.006994177710207341,0.012033192154765488
2022-07-05,-0.0015483695040555473,0.009964358954077148,0.015198411889580866
2022-07-06,0.01125461822453212,0.006523484221612869,0.013161466767601783
2022-07-07,0.00890968266712923,0.004532593719368272,0.006480533701692909
2022-07-08,0.005421325887187373,0.0047091015883738915,0.007250016165064027
2022-07-11,-0.00028360614005298526,0.004938503614642657,0.008204847353693883
2022-07-12,-0.009772571447684876,0.004954679698700412,0.007946022363946214
2022-07-13,-0.0057236413300785416,0.005554570559161925,0.011890384315452435
2022-07-14,-0.0017551946856914542,0.008887297359146914,0.013341745307844814
2022-07-15,0.006912014580365188,0.005990633545405902,0.00870139252582741
2022-07-18,0.014186202470718856,0.0040820406587296,0.008953527659182357
2022-07-19,0.003804517906147779,0.004662588843797386,0.010553512419945038
2022-07-20,0.010973459265845803,0.003838136385253983,0.005874442510204021
2022-07-21,0.005095714512164849,0.005285180327268003,0.00861467476400536
2022-07-22,0.006853755230166662,0.005585931881913534,0.008454202499474905
2022-07-25,-0.005304241963650273,0.005911302402838668,0.008526293142324575
2022-07-26,-0.008887333683346772,0.004817618255143512,0.01048291705031831
2022-07-27,0.00953655956008488,0.006719626914105761,0.012901201112315772
2022-07-28,0.017145896529526243,0.006235801623598057,0.011896346946886549
2022-07-29,0.013415561413115864,0.005722188063007232,0.009013179702184081
2022-08-01,0.010539792401854702,0.007485276861671244,0.01161756798127889
2022-08-02,0.0003112792114048116,0.007009630063142542,0.010048790264917739
2022-08-03,0.002458783072766921,0.007285767560208619,0.01044679201319415
2022-08-04,-0.00035377417814128954,0.01313092704789047,0.0189534701846738
2022-08-05,0.0008913297215996853,0.005016731956804436,0.007222324507831585
2022-08-08,0.007307599012140524,0.0062695779339809275,0.010787429770092026
2022-08-10,0.0005505095416120064,0.004855471222256558,0.007031684405252427
2022-08-11,0.007060942140366637,0.002964396016483298,0.004946574692791211
2022-08-12,0.0022145679837284517,0.004893011397054062,0.007164634634202705
2022-08-16,0.007155855032733008,0.0028157793413104695,0.004210253888444762
2022-08-17,0.006653737907021656,0.004523486291682668,0.007389531987962718
2022-08-18,0.0006824370229270742,0.004134758294312512,0.0064822452872218975
2022-08-19,-0.011090751389954998,0.008476986929460101,0.015848749813854014
2022-08-22,-0.015192148554208883,0.005840614848642399,0.012732548258348913
2022-08-23,0.004950408657946044,0.00819623451672701,0.01594945598065709
2022-08-24,0.001560393032835227,0.004144469639635955,0.007066216952929829
2022-08-25,-0.004697196795508722,0.007849175996820272,0.013642543817116748
2022-08-26,0.002078094793881999,0.006338782142921645,0.009482370552594354
2022-08-29,-0.014109055185943692,0.0075281138164509966,0.012357904628785096
2022-08-30,0.025457455427431688,0.008976158562182451,0.021180472995993956
2022-09-01,-0.012265712506503565,0.00890800294554292,0.012948353769586304
2022-09-02,-0.00019106884593758132,0.006410164628452291,0.009544221630748008
2022-09-05,0.00717802628935595,0.00388847482642045,0.008083459279217326
2022-09-06,-0.000577619915734608,0.006938854968175134,0.010025148050254507
2022-09-07,-0.0017686636555011566,0.0055761737965876156,0.009444248601985906
2022-09-08,0.009843902383512463,0.004256094146642619,0.0065005223330290044
2022-09-09,0.0019420477956010656,0.00457444758944273,0.007847612580669008
2022-09-12,0.005759080279283832,0.003239406164325305,0.005095818971839548
2022-09-13,0.007426556664034913,0.002714196045203826,0.004031619134993957
2022-09-14,-0.003675845320864187,0.009712022686035392,0.0177963141359439
2022-09-15,-0.0070427023794097186,0.007141153655758524,0.013125531984395889
2022-09-16,-0.019575203370476822,0.00891719758443302,0.018413299323346847
2022-09-19,0.005200144374609497,0.00912499922946624,0.013477280143001036
2022-09-20,0.010948654031257964,0.006748136873748752,0.00981690258191258
2022-09-21,-0.005510158516157929,0.006769339131316513,0.009882388215342168
2022-09-22,-0.005010107310831895,0.007600562966239671,0.01079426725300223
2022-09-23,-0.01730454089090743,0.01055237840400554,0.020228136899272883
2022-09-26,-0.018114401349380974,0.007451493256650494,0.012817098861776151
2022-09-27,-0.0005231876910193474,0.008940832306290733,0.013764573303280545
2022-09-28,-0.008787677246935572,0.009061612808632649,0.012883586050007166
2022-09-29,-0.0024052250050792126,0.007549444473300274,0.014118787341623092
2022-09-30,0.016292312526781774,0.014739625812091036,0.025704422845313813
2022-10-03,-0.012183178897324074,0.007394010565970692,0.015342822607945597
2022-10-04,0.022655095268550494,0.005277001499219093,0.009841208750082821
2022-10-06,0.0033231164632058175,0.00428068653920298,0.006528484376961514
2022-10-07,-0.0009900230150986376,0.004827992427452165,0.006953671481013019
2022-10-10,-0.004262718329192525,0.007107690811444423,0.01249644289049359
2022-10-11,-0.015044993668578569,0.008242258951565351,0.01834127645108813
2022-10-12,0.008212331644389038,0.006664419341938203,0.010646057621272178
2022-10-13,-0.0064005234917517235,0.005876299094375914,0.009133489918378868
2022-10-14,0.010020514532698735,0.005426786478915487,0.01040404460558254
2022-10-17,0.007310797834822186,0.00727812991636259,0.01328573514137868
2022-10-18,0.010066448739082915,0.003382016666684724,0.00536114097589296
2022-10-19,0.0014457922593648584,0.005058252974725425,0.007694613770360748
2022-10-20,0.0029478254394111857,0.004289902677805483,0.0092889354548368
2022-10-21,0.0007029866326317706,0.005774551042713277,0.008500104344161938
2022-10-24,0.008748972260095097,0.0027888732411662635,0.003956425454366003
2022-10-25,-0.004204950452158822,0.004483222874467277,0.009883130084111251
2022-10-27,0.0045545202832827395,0.005021094963380526,0.007295526926818332
2022-10-28,0.0028066628790527496,0.00445612825968249,0.006476778668170591
2022-10-31,0.012592609626880552,0.0033093759640666523,0.006823175178801346
2022-11-01,0.007367843877008389,0.004485408948694156,0.006373537543142444
2022-11-02,-0.0034531529072475455,0.003895659817956503,0.007194640899272327
2022-11-03,-0.001668738878993079,0.004979917382665085,0.008148452523222483
2022-11-04,0.0035638102334325083,0.0040606647291073945,0.0065103626236405615
2022-11-07,0.0047164462855731094,0.007421078817725258,0.010479156603003872
2022-11-09,-0.0025193100341803654,0.005313686744582822,0.00985297078950267
2022-11-10,-0.007119006002546902,0.0052120400242090074,0.007416116114966592
2022-11-11,0.01767602773148285,0.0029854406905073213,0.005610510049658086
2022-11-14,-0.0011204729970374992,0.002990756153438146,0.004803759380469443
2022-11-15,0.00404274135870096,0.005452012471850439,0.00793055716074889
2022-11-16,0.000339553496785159,0.003747799931192123,0.005323295006726792
2022-11-17,-0.0035778894143715548,0.003998005433730755,0.005704914897950688
2022-11-18,-0.001978088841936149,0.0066684647753131555,0.0100940767483539
2022-11-21,-0.008100449774708418,0.004048882676107616,0.007100855311966344
2022-11-22,0.004628601630860599,0.004282351263399226,0.0068049240822478894
2022-11-23,0.0012626606067816233,0.002356323033825065,0.004346597907457335
2022-11-24,0.011801042862214367,0.007300564281308239,0.012737932803098609
2022-11-25,0.0015488019469054911,0.0033935753417373977,0.004850753197120903
2022-11-28,0.0026972005940332764,0.008407883913560578,0.013395126833308643
2022-11-29,0.0029746977400658824,0.004251628849723726,0.006764898228596617
2022-11-30,0.007507383568474861,0.006111882921427671,0.010635263984007121
2022-12-01,0.0028825767148602448,0.0036092811712725133,0.005815303156146179
2022-12-02,-0.006206617442539312,0.005060775454286921,0.007635282384162054
2022-12-05,0.0002647887259970962,0.005164582976720716,0.007339159794037309
2022-12-06,-0.0031223832280691255,0.0025650415341326145,0.004130291936543696
2022-12-07,-0.004421663914122268,0.004630049227493871,0.0075375335052935
2022-12-08,0.0026284549446723396,0.0030937259823869082,0.004731534583328042
2022-12-09,-0.006077211303593385,0.00797223089313137,0.013764671061266645
2022-12-12,2.977698935843848e-05,0.005938150951062136,0.009506954248970571
2022-12-13,0.005974908495510217,0.0039514137574523725,0.006827750497098022
2022-12-14,0.002806718551028224,0.002366391748893555,0.003386827441361664
2022-12-15,-0.01323817358829901,0.00759443020536741,0.014401444821825565
2022-12-16,-0.007954506384605002,0.006955232486428256,0.010170169583721057
2022-12-19,0.008255783729645224,0.005653608153658119,0.010157168652790134
2022-12-20,-0.0019099433205291773,0.007663455758696335,0.011000635910523799
2022-12-21,-0.01017935391694218,0.00892212279579177,0.0170667569298318
2022-12-22,-0.0039502948868902,0.00800951483638107,0.013799611968405389
2022-12-23,-0.01784137526808462,0.00889673388516672,0.015216052680013189
2022-12-26,0.01160206785899442,0.010418000573235586,0.01719991651736466
2022-12-27,0.006512402811413872,0.006967783539684849,0.010026349300249534
2022-12-28,-0.0005406611691443354,0.0038766645460593806,0.005780107601048421
2022-12-29,0.0037727060871833766,0.007791277571132976,0.013022837529547578
2022-12-30,-0.004722210041123311,0.004914201537027938,0.010215197249942125
2023-01-02,0.005076675205536103,0.004478589506058317,0.0070696936190619095
2023-01-03,0.001927069632871597,0.0031841133273032562,0.005602531358642778
2023-01-04,-0.010453517612292944,0.005818187498162521,0.012326166189831338
2023-01-05,-0.0028194100932680756,0.008102959071067475,0.012655584070353597
2023-01-06,-0.0074028372147649955,0.008498390445426853,0.01410175679497395
2023-01-09,0.01344545509952314,0.006202202952109817,0.011339027736206186
2023-01-10,-0.010387266093937284,0.007929872431275131,0.015161177251092858
2023-01-11,-0.0010305082936186098,0.005922091107046171,0.008493660859070757
2023-01-12,-0.0020976741216788596,0.006961077816786205,0.01031181186687925
2023-01-13,0.0054949708747303715,0.00834450922503283,0.01253575923458678
2023-01-16,-0.0034447734977776498,0.006058760510246673,0.010952872154752104
2023-01-17,0.008815596703469526,0.00571525873053652,0.010253059246220771
2023-01-18,0.00618737497867869,0.005015318539256822,0.008329087218443339
2023-01-19,-0.0031703874707042848,0.0035471303777071454,0.005050252830830552
2023-01-20,-0.004438812272184146,0.004049827298950669,0.00716954218655219
2023-01-23,0.005029606393094338,0.003870698710167704,0.005472313532250376
2023-01-24,-1.379810823647804e-05,0.004217342814449682,0.00676661740276848
2023-01-25,-0.012571672991636754,0.007198083141130738,0.01422143644826289
2023-01-27,-0.016204838949638832,0.012376756264072569,0.022221736527072333
2023-01-30,0.002530238851503625,0.01162870441943438,0.01720213513065469
2023-01-31,0.0007477066778470427,0.007562473325625587,0.011218817251447277
2023-02-01,-0.0025992997802722563,0.023808827218700247,0.0351264908455481
2023-02-02,-0.00033499535771969267,0.007700760826992654,0.01180842952246015
2023-02-03,0.013740758205234283,0.010434126090474416,0.016024462235789017
2023-02-06,-0.005022725956678951,0.004620895243756393,0.007056146050646063
2023-02-07,-0.0024290993398515346,0.005851067876458165,0.008949558974973902
2023-02-08,0.00843982073038998,0.0044336000305423215,0.008647685160393473
2023-02-09,0.0012162679944837883,0.005424542742131748,0.0076620000816465
2023-02-10,-0.00206709283308457,0.002994336761621352,0.004253309369137289
2023-02-13,-0.0048052775756446476,0.005604533862047616,0.00905689724280422
2023-02-14,0.008904589905162998,0.005260338413968082,0.008616915555120798
2023-02-15,0.004785004379327248,0.00578301792002413,0.01000778936515861
2023-02-16,0.00110951785824931,0.004841211191024642,0.007435170079556179
2023-02-17,-0.005094522761127012,0.005795875313761093,0.008339764221332842
2023-02-20,-0.005565979846782634,0.006021844273818863,0.010420475820163993
2023-02-21,-0.0010036299610954843,0.004093458722226014,0.006989494120366769
2023-02-22,-0.015398310946496917,0.0066866200105279465,0.013845654365772633
2023-02-23,-0.0024554471223785586,0.006247065203071483,0.009402549254050967
2023-02-24,-0.002598803690668268,0.005640833911515805,0.010188437448630079
2023-02-27,-0.004194194796816341,0.00607657331154803,0.008773773837846385
2023-02-28,-0.005115779048087727,0.006995787254738522,0.010705648615708436
2023-03-01,0.008456491641293511,0.003775065766772109,0.007019695102139809
2023-03-02,-0.007419626196212839,0.004434894876557286,0.008070753098526263
2023-03-03,0.015606186138582535,0.007130055927852817,0.012336391288618383
2023-03-06,0.006633473404126094,0.004984928543181818,0.007226963667348826
2023-03-08,0.0024221155475668,0.0057839057017154165,0.009251227661100302
2023-03-09,-0.009325598438082557,0.004701292345292323,0.011299290740766445
2023-03-10,-0.010096462811863625,0.005052004038612945,0.007302079939161485
2023-03-13,-0.014962416687813755,0.014017272766163847,0.024276779169582336
2023-03-14,-0.006491706128142258,0.008847097814817313,0.013938073633678922
2023-03-15,-0.004183422059139645,0.008789040434183838,0.016052722399896614
2023-03-16,0.0007921148752918237,0.008847147713522472,0.012498753827202202
2023-03-17,0.0067155298897271865,0.007769794768665047,0.010973674465970381
2023-03-20,-0.006550651968001941,0.009522156063627418,0.014024275065442746
2023-03-21,0.006986182644570191,0.004297523755084879,0.006529254347508403
2023-03-22,0.002592013577443892,0.003990732834275907,0.0057952989675319555
2023-03-23,-0.0043822814890137705,0.006568381224176322,0.009375214805544724
2023-03-24,-0.007750894050448838,0.006386206984488936,0.011336620459559887
2023-03-27,0.002395965721106003,0.007170806401325172,0.010152612296327402
2023-03-28,-0.0020036899079230227,0.005420100709653914,0.008730688179996705
2023-03-29,0.0075810476927372725,0.006715049500950357,0.010863184163228828
2023-03-31,0.016205182818433635,0.004846859018820551,0.010193074137012342
2023-04-03,0.002203867672376198,0.004570702861232258,0.006627224089623905
2023-04-05,0.00909744726853034,0.004810305633628203,0.009560350687101536
2023-04-06,0.002395004471214228,0.004954873405272715,0.007719100431539386
2023-04-10,0.0014138632460749291,0.003833888697160344,0.005455635132831844
2023-04-11,0.005559286811614234,0.0036880917099989447,0.005281459249017338
2023-04-12,0.005071088231309614,0.003902129494451906,0.006091262133154473
2023-04-13,0.0008753891763391581,0.004413965004537112,0.006310298407000224
2023-04-17,-0.00681870678285114,0.010158664780366646,0.016318499627229796
2023-04-18,-0.0026408372714739102,0.005013964322033767,0.008856118841888578
2023-04-19,-0.0023470351496987078,0.003240956099639977,0.0048982351897836115
2023-04-20,0.00032342232975522987,0.003982704542337886,0.005679587948116287
2023-04-21,-2.260734499433094e-05,0.00435211882777472,0.0061989154114461395
2023-04-24,0.006749146939408538,0.005537269123577976,0.00800297557817767
2023-04-25,0.0014557975062981768,0.0035966837517214622,0.005098673797430955
2023-04-26,0.002492753268886545,0.004346769427869583,0.006542797851404568
2023-04-27,0.005678996739265909,0.00392725252407747,0.007462955052850334
2023-04-28,0.008335179280697748,0.006969592652365179,0.011284229691392195
2023-05-02,0.004564732669242972,0.00295791318803791,0.004325628845073672
2023-05-03,-0.003190111363585117,0.0027728734487619112,0.004087884661665517
2023-05-04,0.009131894646700034,0.005029552033685956,0.010996504749667539
2023-05-05,-0.010285117822267788,0.006074181597477101,0.008937960042060988
2023-05-08,0.010756068652657526,0.005337484950146511,0.010219248018446061
2023-05-09,8.479678637020549e-05,0.004242430760819798,0.006271167556264506
2023-05-10,0.0026872067245805376,0.004443034499556133,0.00626809483423375
2023-05-11,-0.0009887229108728535,0.004114387149139006,0.006520130520030606
2023-05-12,0.0009724068345624825,0.005564110423921042,0.008091773452524842
2023-05-15,0.004578622613795238,0.0062650180029915955,0.009294059336887464
2023-05-16,-0.0061250587396132535,0.004187963428102037,0.00918710524157165
2023-05-17,-0.005744738948538704,0.006338310014072246,0.010650811424917844
2023-05-18,-0.0028531199312594804,0.005188692970556909,0.010609495208959105
2023-05-19,0.004043187469679982,0.006119185872416807,0.008663173657995089
2023-05-22,0.0060792457091855085,0.004670903463080858,0.008539749447929519
2023-05-23,0.0018329197446846867,0.0036428257045475697,0.0052076946397427515
2023-05-24,-0.003417628155656871,0.004991872862896605,0.007090377451700335
2023-05-25,0.0019532029433287895,0.004942878971827315,0.007406697497523834
2023-05-26,0.009679423693686186,0.005081782555986106,0.009481435527663715
2023-05-29,0.005353443226476252,0.002172339531618349,0.0032233101591187785
2023-05-30,0.0018907797884415813,0.0031748838792387455,0.004666197300758207
2023-05-31,-0.005351312266430236,0.004116735662366854,0.0064771872151161486
2023-06-01,-0.0025201353688439534,0.003174865945104649,0.006260902489486282
2023-06-02,0.002503906967370625,0.0035938053696537003,0.0051418105078487614
2023-06-05,0.0032186023111129003,0.002092803376690158,0.003084332216287497
2023-06-06,0.00027695595857881204,0.0034689609454819524,0.004900822120812947
2023-06-07,0.006826497990157328,0.0033300364180544576,0.005497544461429944
2023-06-08,-0.004916887367083021,0.005343283803282198,0.0087096696429788
2023-06-09,-0.003825505177262602,0.0034157201889497236,0.006531669707519448
2023-06-12,0.0020503013499982166,0.0027997256599059093,0.003970088937720076
2023-06-13,0.00614458574708609,0.002372311357907374,0.005188011815914752
2023-06-14,0.002121582036807868,0.0029854751445155263,0.004249287802244731
2023-06-15,-0.0036214536561356998,0.003751563236889666,0.006691361387129406
2023-06-16,0.007351956368470602,0.004703525066426631,0.008190758459046
2023-06-19,-0.003754557931873424,0.004701694377407131,0.008653422599057149
2023-06-20,0.0032603966930515953,0.006407875576597119,0.009515421703004416
2023-06-21,0.0021314905059401927,0.003032840151670688,0.004298214332138717
2023-06-22,-0.004549778379793411,0.003923664244138687,0.006770972064993008
2023-06-23,-0.005649543898520234,0.0032621695798276825,0.005855764980847018
2023-06-26,0.0013758829522746805,0.0028364390186590024,0.00403139261521601
2023-06-27,0.006729211402828641,0.003684444716218211,0.006111364886368366
2023-06-28,0.008187463868637099,0.005189254256284391,0.00790109654236304
2023-06-30,0.011370386219451868,0.005444622898224259,0.009229201141520118
2023-07-03,0.006933003527425256,0.003234046344881916,0.005729016836504788
2023-07-04,0.0034330468644171055,0.004865383051882612,0.00691889167182423
2023-07-05,0.0004898485434720244,0.0029822665527918925,0.004227130963734309
2023-07-06,0.005080291021865595,0.0035916838612775437,0.0071394097219787435
2023-07-07,-0.008524585713268293,0.007462701669521145,0.011380212453532988
2023-07-10,0.0012458539412885826,0.0037026253037074756,0.0056184418087144574
2023-07-11,0.004304651710725516,0.003928168500745517,0.005589184256804474
2023-07-12,-0.00283845407345589,0.0038875166576513146,0.007529248560318121
2023-07-13,0.0015180775225879406,0.006042135939990363,0.009333550640654175
2023-07-14,0.007735121594226721,0.005411197760023717,0.008272616697334458
2023-07-17,0.007482946045497489,0.005205590825980867,0.008568643976939957
2023-07-18,0.0019158704007220429,0.004467372151931871,0.006544552324771827
2023-07-19,0.00423928389630214,0.004337415243699035,0.0062647636685461815
2023-07-20,0.007334449485705515,0.006912771333261295,0.011684641948515664
2023-07-21,-0.011788954585924888,0.006463839033155625,0.009491030165864776
2023-07-24,-0.0036862180542648424,0.0037621746642287025,0.006326098367563213
2023-07-25,0.00041928243166748923,0.00377487569984382,0.005762039413218939
2023-07-26,0.0049520574860006375,0.0036289736063339906,0.005506053923916382
2023-07-27,-0.006004368496797154,0.007305044138108476,0.013428348809228493
2023-07-28,-0.0007047080421790248,0.004764197364118393,0.006759668023292691
2023-07-31,0.005469577389253641,0.005655033852561474,0.008866667866330313
2023-08-01,-0.0010256449710540406,0.0028454515950958525,0.004611435671600694
2023-08-02,-0.010545154493387934,0.008255314716345104,0.01304373832344062
2023-08-03,-0.007448355676119346,0.008381798995639275,0.012444821107271143
2023-08-04,0.006959118337332752,0.003289116169554427,0.005246728012758108
2023-08-07,0.004105960861445235,0.003394047474331732,0.004880694467449978
2023-08-08,-0.0013506471779916257,0.003191427299831106,0.005176105446207814
2023-08-09,0.0031477485221408875,0.00620635315979519,0.009066575300546187
2023-08-10,-0.004566679886024027,0.004188984204883555,0.006559820157110681
2023-08-11,-0.005891456761763215,0.003399780351002451,0.007463339261246028
2023-08-14,0.0003216439248586792,0.00741962210897699,0.010699975579092086
2023-08-16,0.0015655309306883672,0.005193119412279741,0.008505049126637555
2023-08-17,-0.005137758290060533,0.004107732663856573,0.006986782058067931
2023-08-18,-0.0028493381372506382,0.004392462244933919,0.006224766221052177
2023-08-21,0.0043122099570484,0.00411512783456235,0.0066851146827496145
2023-08-22,0.00014692476375842436,0.0021669653803351127,0.0032067322244668252
2023-08-23,0.0024485198272942723,0.0038366850573245104,0.005423327086761983
2023-08-24,-0.0029513155310064644,0.0062213815202284296,0.011113249157011038
2023-08-25,-0.0062556798015631025,0.0038970051987935817,0.005701894447435091
2023-08-28,0.0020870149074536447,0.00428311723636734,0.006068066014763425
2023-08-29,0.0018939637920959618,0.002292748651849126,0.0035569469468024082
2023-08-30,0.00024806491573087567,0.003305668335968345,0.006101619904271134
2023-08-31,-0.004852103039648143,0.004579739091305617,0.008546303662040754
2023-09-01,0.009382556025202547,0.004745679741265976,0.010437274153004049
2023-09-04,0.004799298621963187,0.004072799256240428,0.005750521115347865
2023-09-05,0.002357814188949651,0.0021924369522971785,0.0031316011845127327
2023-09-06,0.0018450694598145603,0.005152704937439446,0.007391201030828242
2023-09-07,0.005897607236551244,0.0053680192688313946,0.009476795128833445
2023-09-08,0.004698136818212182,0.00479911796835491,0.007068615960048145
2023-09-11,0.008860770587058942,0.003829778152633836,0.007141342496985045
2023-09-12,-0.00015756069892455075,0.005888352860023274,0.00978828933823005
2023-09-13,0.003833986143147051,0.0047839307528096805,0.007613392189835575
2023-09-14,0.0016478497893743786,0.00430012727381296,0.006178210041653441
2023-09-15,0.004429787863222843,0.003056652422702384,0.0045933237980852705
2023-09-18,-0.0029286010148227575,0.0027055594672205285,0.003956151626124706
2023-09-20,-0.011585098803333688,0.005559551545826158,0.008632597600062889
2023-09-21,-0.00802404589005525,0.0038874389114379963,0.007030611046624766
2023-09-22,-0.0034553806166447805,0.0045430537681021765,0.007174372117107386
2023-09-25,1.5287950028248088e-05,0.004765901444022767,0.0067396511792974945
2023-09-26,-0.0005008515772894238,0.0021506792572589984,0.0031477923936908676
2023-09-27,0.002628162551917123,0.005845786286573073,0.008962020330819108
2023-09-28,-0.009831803841213342,0.0064019862696914,0.014062543454629815
2023-09-29,0.005860311697675281,0.0060430521798786,0.008921302341864243
2023-10-03,-0.005594042173129665,0.0042558662201499205,0.0073506408820329
2023-10-04,-0.004755597219883326,0.004516243317076105,0.006390231289774394
2023-10-05,0.005625729970019748,0.003155129280098918,0.0045865949119373774
2023-10-06,0.005497568008546022,0.0029372307525415142,0.0043935995814994785
2023-10-09,-0.007207861089913015,0.0038296467501653837,0.005557978455751631
2023-10-10,0.0090556762901256,0.0038213016782964915,0.0077375686215226495
2023-10-11,0.00615173136873013,0.0025864154875272385,0.004151660619884179
2023-10-12,-0.0008761245971014768,0.002355849930150706,0.0035692831476710116
2023-10-13,-0.002172167428733089,0.005285288602070354,0.00861218024594815
2023-10-16,-0.0009776805295215437,0.003200108352831134,0.004533362315810812
2023-10-17,0.004033563661320618,0.002450806521599557,0.0037402321568281048
2023-10-18,-0.007112043473065063,0.004460239307676635,0.009201315818345898
2023-10-19,-0.002361596586600212,0.005569427800049979,0.008634586955253893
2023-10-20,-0.004189660467809165,0.0027154479420799663,0.003842956866077271
2023-10-23,-0.01344022395196905,0.007723192513459923,0.015506891231345703
2023-10-25,-0.008311683270009834,0.00853309564137838,0.014284501745102748
2023-10-26,-0.013949914095014037,0.005177687482776469,0.010810145136485967
2023-10-27,0.010025278863763394,0.003988299184813962,0.007848902072477654
2023-10-30,0.004904693073893485,0.007594430567647608,0.011415345962879514
2023-10-31,-0.003207746304394414,0.004254770928611825,0.009290027234790922
2023-11-01,-0.004751896973195711,0.003830376320936442,0.006443235215010216
2023-11-02,0.007559875254064636,0.004086203735142889,0.005806625083297401
2023-11-03,0.005075080802081226,0.0023776490122057524,0.0033982096607711484
2023-11-06,0.009375812778954773,0.0035561766338868318,0.005836711334629799
2023-11-07,-0.0002602258142791332,0.0034439521929221922,0.004864319767155148
2023-11-08,0.0018944969651071763,0.002280441000944935,0.003235034362383316
2023-11-09,-0.0024820150223140987,0.002398912002219865,0.004410902528137353
2023-11-10,0.0015480850435944918,0.0037674749520512163,0.006272811812930892
2023-11-13,0.0009365417093074231,0.0025452928393907698,0.004096494077707723
2023-11-15,0.011856190289938534,0.004017621966731071,0.005771092027560521
2023-11-16,0.004551150068331243,0.008417532893641208,0.012559954354747958
2023-11-17,-0.0016911889743673853,0.004626162335796475,0.007021699782295434
2023-11-20,-0.0019175662679732529,0.002851749850160564,0.004364233713313699
2023-11-21,0.004529201141300913,0.002652390459208783,0.0037935252101840033
2023-11-22,0.0014370018446946907,0.004265341509312657,0.006142847552073624
2023-11-23,-0.0004972811112830416,0.003040940558946992,0.004464215262347237
2023-11-24,-0.0003687570669664962,0.0022371404221782406,0.0032331888094251876
2023-11-28,0.004787784883390938,0.00391477365645166,0.005874880665105583
2023-11-29,0.010348656573869122,0.0036822384008667565,0.007381826391455566
2023-11-30,0.0018171025823992028,0.004970590013245971,0.007095243744939089
2023-12-01,0.00667064331563437,0.00300999310301615,0.005321299218042693
2023-12-04,0.020457480483773903,0.006181363100133024,0.009421485356094928
2023-12-05,0.008102650447744338,0.005015083435748843,0.007331558874754385
2023-12-06,0.003952820545223537,0.003693314208201144,0.0052440732373628535
2023-12-07,-0.0017471243957791426,0.0029164882309640127,0.004327475620220889
2023-12-08,0.0032600507599202964,0.004729139174680769,0.006838554653623355
2023-12-11,0.001320063516009915,0.0033211303079548164,0.004876882642366435
2023-12-12,-0.004328963470418101,0.00470632979037096,0.008167355298359682
2023-12-13,0.0009537608817135473,0.0061178195099113545,0.008625489078092055
2023-12-14,0.012175662163725103,0.0040386409589623536,0.006441632884737342
2023-12-15,0.012849864921501506,0.006938742894188142,0.01197763841611971
2023-12-18,-0.0017725827811074615,0.003848102415287207,0.005483593491325144
2023-12-19,0.001607082806947435,0.0054765777407676085,0.007798443315710406
2023-12-20,-0.014222122733049722,0.012230183568091415,0.023907649888349456
2023-12-21,0.004947534816775346,0.008150873101249333,0.014657637440218713
2023-12-22,0.004429103580375731,0.005006392422190118,0.007403054809886072
2023-12-26,0.004297627887901326,0.004349849060885763,0.006888613569848199
2023-12-27,0.009903547502138933,0.0037774514728603453,0.00830991901314954
2023-12-28,0.0057075621422148105,0.0035788961425013543,0.005668346741467392
2023-12-29,-0.0021741548367498844,0.003034944791307854,0.004297946241204651
2024-01-01,0.0004830551173010514,0.004972225568610555,0.007060100416345778
2024-01-02,-0.0035062758581720864,0.006052014006995168,0.009228794299772197
2024-01-03,-0.006875448193459907,0.004043654533063541,0.00820967237284811
2024-01-04,0.006543017882762483,0.0036576732206063316,0.005591294523150131
2024-01-05,0.0024072823978970102,0.003922577826639187,0.005545644853826895
2024-01-08,-0.009152465005292239,0.005752086127762117,0.012599304054525171
2024-01-09,0.001479387172036867,0.005988423691110285,0.009589280645760484
2024-01-10,0.003421854015216792,0.005794151537783323,0.008936671757865867
2024-01-11,0.001317434984659037,0.004172687739160829,0.006132433053280023
2024-01-12,0.011361703346499745,0.005984930431629788,0.00973299756200039
2024-01-15,0.009224398809286917,0.004714530681505374,0.006878621984614669
2024-01-16,-0.002952587985615914,0.004760470856819324,0.0070056055837053165
2024-01-17,-0.021115770473744744,0.00956756071048464,0.013955659648425808
2024-01-18,-0.0050982455047793645,0.00826644665918352,0.011827725861687382
2024-01-19,0.007434254509367264,0.003119432155707217,0.004421322686099639
2024-01-23,-0.017900098054810153,0.01208442273575474,0.026256208924813867
2024-01-24,0.010079006802925212,0.00835531941271684,0.01608796530213424
2024-01-25,-0.004735247364061254,0.00636318723663545,0.00992615525169789
2024-01-29,0.01786996821930258,0.006516900825665071,0.015348998814068832
2024-01-30,-0.009963166019046519,0.007088239759988271,0.014461878982495737
2024-01-31,0.009415559590485083,0.006684587210119111,0.013463318121773626
2024-02-01,-0.00130114950214822,0.0051407644161271865,0.008028557504329336
2024-02-02,0.007180149098767169,0.010275212003485508,0.014699960122068298
2024-02-05,-0.0037639297855089193,0.006400806398792894,0.010901839131398182
2024-02-06,0.007217294659854949,0.006257460585437483,0.009751730807305724
2024-02-07,5.014190025218764e-05,0.005311147123096575,0.008807386544994415
2024-02-08,-0.009739290405751649,0.007521563084325749,0.015920011439270694
2024-02-09,0.0029678235415700974,0.005457634319602738,0.00801325964076667
2024-02-12,-0.007670764664605448,0.006488909723471373,0.011886964059729197
2024-02-13,0.005867234081485647,0.006937346352112374,0.010276806451427454
2024-02-14,0.004442111482625561,0.00818486371062666,0.01559750909175785
2024-02-15,0.003231907943473083,0.005140035476250322,0.007258940388850222
2024-02-16,0.005913324803860001,0.0031496439484798248,0.004523503128711285
2024-02-19,0.0036931806134258504,0.005271169296239035,0.007485658528178643
2024-02-20,0.003370967472487328,0.004678965553055685,0.007647447328329713
2024-02-21,-0.006413220819374543,0.005918138303564875,0.011401069730874075
2024-02-22,0.007336344949249518,0.011473335872700496,0.01697989702983666
2024-02-23,-0.000213818777795819,0.002807328434203017,0.005015166753393285
2024-02-26,-0.004089278221713085,0.003834483593819891,0.005740878242067931
2024-02-27,0.003443060208267885,0.0029498414543494738,0.005973399451236653
2024-02-28,-0.011198396451173726,0.006779898658903972,0.014272636088530738
2024-02-29,0.0014408171929075416,0.006294024542445257,0.009093490525352117
2024-03-01,0.0160624736924449,0.005343465512645481,0.013678060824799955
2024-03-04,0.0029880715530739466,0.002606842758758233,0.0036865609854260938
2024-03-05,-0.0022027147028049303,0.004657480427649129,0.006608875119622492
2024-03-06,0.0052531495595052715,0.007610148897012381,0.012140651101609026
2024-03-07,0.0008672911404987264,0.002991413908792863,0.004252347330806104
2024-03-11,-0.007178885448103384,0.004650386916184538,0.009821924650156192
2024-03-12,0.00013650954899359894,0.00621720489919964,0.00879984903651473
2024-03-13,-0.015248393356596964,0.012244318180988438,0.024598009273341975
2024-03-14,0.006748394232673185,0.007957115964418409,0.012963568048039149
2024-03-15,-0.005583024746448362,0.005960165252539302,0.008590935313239545
2024-03-18,0.001467800056624233,0.006389147367582469,0.009392059414915256
2024-03-19,-0.010860963960358783,0.004730687992363282,0.008488672072436287
2024-03-20,0.0009918508439663014,0.007150697604837895,0.010105781640386781
2024-03-21,0.007883528864675105,0.004442765653622074,0.00634421041554312
2024-03-22,0.0038450866714008036,0.008338135784875248,0.013458922126557072
2024-03-26,-0.004174507484794188,0.00370320669052909,0.00571007293719044
2024-03-27,0.005391158338500764,0.00404868393704712,0.0063619699965808294
2024-03-28,0.009145057280234776,0.010178710863998307,0.01578366833100451
2024-04-01,0.006032745520934439,0.0032089971607789955,0.004549871727806963
2024-04-02,-0.00038736104211539534,0.0034450575279901066,0.004874526904364875
2024-04-03,-0.0008309754048160305,0.005333273473395554,0.007782586594171387
2024-04-04,0.0035595696965144527,0.009690682618994058,0.013999738538300712
2024-04-05,-4.22476898839797e-05,0.003376466757422717,0.004885914079743462
2024-04-08,0.006755296273493474,0.003905957622271077,0.006483244588219743
2024-04-09,-0.0010395619844089984,0.003530097865496975,0.006896264394784203
2024-04-10,0.004892486360835239,0.003038465041296624,0.004482767559609289
2024-04-12,-0.01035502147176367,0.0054408358890248604,0.009889216181915367
2024-04-15,-0.011024443666037696,0.004979442369512183,0.007538374116062408
2024-04-16,-0.005610032105390299,0.004240822874041512,0.00606381548053414
2024-04-18,-0.006888920065700564,0.00993189286477941,0.016584982518452744
2024-04-19,0.006848265696137249,0.01010769944715238,0.018146944986905677
2024-04-22,0.008515605079627573,0.005631637055706183,0.007946669870517724
2024-04-23,0.0014137138340638612,0.002187167806857347,0.004385799467989985
2024-04-24,0.001536747364098986,0.002865645388289586,0.004126755041334246
2024-04-25,0.007468967297299811,0.0072546358804012724,0.014208872449932802
2024-04-26,-0.006685928069119567,0.004884119558901719,0.010475028604373163
2024-04-29,0.009917283345523465,0.004858890705828054,0.00944647830868904
2024-04-30,-0.0017039682453004383,0.0063806266973654305,0.009508986897256475
2024-05-02,0.0019158763335262374,0.0038694121706247574,0.0062985312539507576
2024-05-03,-0.0076389620148829334,0.011493145677772036,0.019872371690621053
2024-05-06,-0.0014760226012829026,0.004581178953781373,0.00799153260273429
2024-05-07,-0.0062665796554610105,0.00665252325406105,0.011971752045734783
2024-05-08,0.0,0.005472420598648843,0.008225587798453088
2024-05-09,-0.015590012996666094,0.009349759116538615,0.017094369093703744
2024-05-10,0.004439599522660019,0.005516463779223531,0.00820668170823525
2024-05-13,0.002212518664983643,0.009761377711653044,0.014051705384176437
2024-05-14,0.005135117275633606,0.005251979667538265,0.008497707229521168
2024-05-15,-0.0007789037357247285,0.004376047375673747,0.006567439821048922
2024-05-16,0.00911570311987133,0.011774387334673498,0.01685867497485566
2024-05-17,0.0027746873362616406,0.004729808059991595,0.006966051193625674
2024-05-21,0.002798133238882937,0.004745034546124702,0.008280367865310015
2024-05-22,0.0030469687473969323,0.0045506130663081875,0.0064762766426558725
2024-05-23,0.01623413013834582,0.008592323185078615,0.018118979675642636
2024-05-24,-0.00045948127907615604,0.003574715440228053,0.005157462947830256
2024-05-27,-0.0010743358183047916,0.006783240689843699,0.010448145342630794
2024-05-28,-0.00193357757447097,0.0035828213439536628,0.006118920876514552
2024-05-29,-0.0080474093408375,0.0040522651153503,0.0061683610031857735
2024-05-30,-0.00956116224385675,0.008324848359106466,0.012839810081283189
2024-05-31,0.0018680341105537352,0.005822576487060191,0.008373037551715463
2024-06-03,0.03202403067452011,0.008189681764628575,0.011881001588683916
2024-06-04,-0.06112419596275757,0.048709655756956356,0.08673036995362014
2024-06-05,0.03307130264902321,0.024374042746097634,0.03883455326927954
2024-06-06,0.008848783029735371,0.008283109874130822,0.011723679382966765
2024-06-07,0.02033183181806326,0.010297356680181849,0.02280571093752162
2024-06-10,-0.0013298220789751808,0.005368788670590847,0.007943093752387958
2024-06-11,0.00024290193115634738,0.005525053180982208,0.007857296788685788
2024-06-12,0.002494199810096445,0.0043804628991625525,0.006259928735025772
2024-06-13,0.0032512085635553246,0.003163518675665056,0.005434032732407548
2024-06-14,0.0028464728647632507,0.004716091710431352,0.0066544385493825025
2024-06-18,0.0039257349959185015,0.002359259176980266,0.0033683631047008926
2024-06-19,-0.0017801967265448713,0.0069202349773779,0.010677819755698249
2024-06-20,0.0021663878659495613,0.005427147697663533,0.007697220292145797
2024-06-21,-0.0028002164622532473,0.006891347562196374,0.011442034419433332
2024-06-24,0.0015625352218749532,0.0047307715069752196,0.008841062919023623
2024-06-25,0.007763664467508334,0.004313209329216409,0.008098190362597698
2024-06-26,0.006198787876631016,0.005300865405000751,0.009194059386820498
2024-06-27,0.007334080659762657,0.007176598765482875,0.01173028460250785
2024-06-28,-0.0014108969297394127,0.005172498384878886,0.007838172382688732
2024-07-01,0.00545557559691747,0.0032405310473294824,0.007095565469790573
2024-07-02,-0.0007499973340487516,0.004527355972483337,0.007459390672045485
2024-07-03,0.006719678910168409,0.0029716757673320837,0.004201955047042596
2024-07-04,0.0006441994597673961,0.003025566535765398,0.004937834638958213
2024-07-05,0.0008924945580705119,0.00489891332076878,0.007981894056365558
2024-07-08,-0.0001356303337513403,0.003020105284809741,0.004278226634785621
2024-07-09,0.00462112711188291,0.002470217880061586,0.004571616584056753
2024-07-10,-0.004460845993233708,0.00862501789955209,0.013124654833043977
2024-07-11,-0.0003495037195243165,0.005720779968998036,0.008591085165777413
2024-07-12,0.007628403248955412,0.006965140388045142,0.010654119086008156
2024-07-15,0.0034447298074261035,0.00323069015488752,0.0045675419970305975
2024-07-16,0.0010691440871768358,0.0021121919842318673,0.002990273813635071
2024-07-18,0.007603152387120198,0.0070234223211546945,0.013439087228850764
2024-07-19,-0.010944347737899481,0.005707280179346029,0.014131172729292877
2024-07-22,-0.0008829659721330775,0.006531614275751093,0.009502471005844733
2024-07-23,-0.0012329157000276177,0.01459931090788583,0.020766800438576545
2024-07-24,-0.00268142363114976,0.0056513430343599486,0.008069305916808323
2024-07-25,-0.0003031729363163769,0.004378443844131051,0.008823597904692594
2024-07-26,0.01741480789992859,0.007692629296422736,0.01812976551426482
2024-07-29,5.0331230625744864e-05,0.005810095415896445,0.009065448849303673
2024-07-30,0.0008532792280141148,0.004898181130821253,0.006963733146181744
2024-07-31,0.0037684255675633532,0.003259958593168412,0.005134016162362253
2024-08-01,0.002391816490734086,0.0034092969727948647,0.004873890532573259
2024-08-02,-0.011792190883304469,0.004358464042377822,0.006677433032472461
2024-08-05,-0.02715175314145156,0.011771713922519878,0.018970699958031797
2024-08-06,-0.0026244033870099497,0.011253593267859257,0.01759709597363635
2024-08-07,0.012630066341245293,0.0044485833862643554,0.006288664600267517
2024-08-08,-0.007456478381555143,0.006825840205319846,0.010813981061077248
2024-08-09,0.010333291215294636,0.003111371556507179,0.004454736072637734
2024-08-12,-0.0008416385761983504,0.007541650592720918,0.01070773285723087
2024-08-13,-0.00857984886239657,0.00482260903080488,0.0100853067132027
2024-08-14,0.0001967576418212346,0.002634645323513702,0.0040093515402536885
2024-08-16,0.016325768935141063,0.009005263814613487,0.014644806168593264
2024-08-19,0.0012827353541420893,0.002918464508338736,0.004714654734362716
2024-08-20,0.0051226163083365125,0.003418784730521047,0.00514605192185776
2024-08-21,0.0028846181820890576,0.003080884489543883,0.0053874907331784615
2024-08-22,0.0016659691560852782,0.001971964083128513,0.0033412083358523264
2024-08-23,0.0004694458708691634,0.0024084165472913074,0.0034947216060360743
2024-08-26,0.007523018148105455,0.004022331475330598,0.006761195858599639
2024-08-27,0.0002858535502177548,0.0028047618956237924,0.003975146396058798
2024-08-28,0.0013820469762269526,0.004625891655346938,0.006584181576656319
2024-08-29,0.003967777356455909,0.004653597611806242,0.007729038768895117
2024-08-30,0.003332202116407902,0.0019019980198642457,0.00273218778338554
2024-09-02,0.0016945136137639853,0.002390861237178782,0.0038827310604731906
2024-09-03,4.550726442364936e-05,0.0022569594943181418,0.0033979014443244423
2024-09-04,-0.003215245383183467,0.0025669429506004625,0.005246271547684985
2024-09-05,-0.0021293438665674616,0.0032272440579123127,0.005873876860481094
2024-09-06,-0.011718747382249265,0.008485746112326931,0.014785409430349061
2024-09-09,0.003384315433638339,0.005082211379498857,0.00819483189930759
2024-09-10,0.0041898603137641086,0.006524740748339198,0.009332626058581973
2024-09-11,-0.004909997784499106,0.005789813205858353,0.009171872058275096
2024-09-12,0.018703624424743968,0.011175739943202695,0.01937462367636202
2024-09-13,-0.0012769785942554214,0.003396908692933794,0.00544439418886676
2024-09-16,0.0010740980826790941,0.0029974978240952846,0.004313783424434924
2024-09-17,0.0013700476615561017,0.002488778302797326,0.0035171316962313297
2024-09-18,-0.0016142974615182065,0.005444092493452979,0.007748913171135968
2024-09-19,0.0015061029073179838,0.00630738805179029,0.009281566200897725
2024-09-20,0.014652566289984728,0.009730570832294998,0.016387546927421094
2024-09-23,0.005725960454112572,0.0025004823709919547,0.0041886802852299345
2024-09-24,5.20286681844374e-05,0.003367574415255222,0.004807218469922603
2024-09-25,0.0024545416621303915,0.0036143739829188532,0.006208669364302949
2024-09-26,0.008115692736807522,0.004643943317173786,0.009631504077669498
2024-09-27,-0.0014162255444679923,0.002973584389909151,0.00481108762989586
2024-09-30,-0.014160691857076434,0.007072563385333924,0.013195985972166048
2024-10-01,-0.0005405862138807384,0.0046067249444238165,0.006527931188438412
2024-10-03,-0.02142424417261006,0.010231283447689228,0.016203834591927275
2024-10-04,-0.009370461848646757,0.013924271006709147,0.02071790106949262
2024-10-07,-0.008787371273170997,0.01050963603495777,0.018093842316727664
2024-10-08,0.008729434677965052,0.006793634811237078,0.011481929075900935
2024-10-09,-0.0012481693673798233,0.007796630716763249,0.011462338666715453
2024-10-10,0.0006602588660852999,0.00401818796467865,0.006186399375086236
2024-10-11,-0.0013689902517646816,0.0030298642619103785,0.004350205168390799
2024-10-14,0.006535939888908111,0.00306025339702862,0.005661027040513746
2024-10-15,-0.0028135592532655376,0.004774042525159979,0.008137348674287259
2024-10-16,-0.003439985380697183,0.005148346320230361,0.007406549362213153
2024-10-17,-0.008907784090014885,0.004995271455150886,0.012145512563483854
2024-10-18,0.004201335956550517,0.007774983881593697,0.012816777069004566
2024-10-21,-0.002939498473548445,0.007295636123352925,0.012053588282337463
2024-10-22,-0.012547572909439223,0.00940877753272731,0.017824347960029418
2024-10-23,-0.0014966842167451323,0.006364018245568953,0.009254993375416914
2024-10-24,-0.0014784351216731097,0.004025245483707318,0.005715352412044577
2024-10-25,-0.00899959570008371,0.008787848435044964,0.015150433299920763
2024-10-28,0.006527218917237164,0.010156209153440834,0.014696454601298625
2024-10-29,0.0052329430871703615,0.00935618866848954,0.014045551270864189
2024-10-30,-0.00516313130612327,0.005476210579719494,0.007842718744972423
2024-10-31,-0.00558232586918934,0.004495690957601505,0.008256423170917392
2024-11-01,0.004081663627652918,0.0025593177881744005,0.0036228404653970195
2024-11-04,-0.012795285302364113,0.012181378904510968,0.020862359478997356
2024-11-05,0.009042055940529129,0.008390235236648945,0.015954073537513682
2024-11-06,0.011119815807918394,0.008585830289551899,0.01362310636851126
2024-11-07,-0.011696159889418445,0.005817362809830185,0.013401138185935557
2024-11-08,-0.0021159463488489003,0.005934794475881615,0.008675595149030102
2024-11-11,-0.00028571169910344984,0.009618234820265891,0.013760698931890742
2024-11-12,-0.010738381367723213,0.007883969251393305,0.016867312827610254
2024-11-13,-0.013675649189030194,0.008383308579479552,0.015450537603564978
2024-11-14,-0.0011191584619590343,0.0057447227102517505,0.008148236554488427
2024-11-18,-0.003358348106569627,0.006604256960368181,0.01093214669197573
2024-11-19,0.002754783503889256,0.009450061309772523,0.013429836485107469
2024-11-21,-0.007194627306794726,0.006401674416846086,0.010456164118071636
2024-11-22,0.02358904203763299,0.012212108322763324,0.024975670952326178
2024-11-25,0.013075438521712217,0.006250574295604398,0.008921742679762704
2024-11-26,-0.0011318641340202825,0.005089291584966767,0.009006195235487404
2024-11-27,0.0033175761911502914,0.005820125848206246,0.008605612680729171
2024-11-28,-0.0149725605075969,0.010282581064465408,0.0197540110314851
2024-11-29,0.009031098528695802,0.00558179036608064,0.010828301749808561
2024-12-02,0.005988850983542634,0.007845045092841967,0.012071519818674173
2024-12-03,0.007432322879372628,0.005375202150801561,0.008232750183855516
2024-12-04,0.0004210081782723239,0.0059543038997169435,0.008456068944916772
2024-12-05,0.009799651742121284,0.015601701931407808,0.022753363627833745
2024-12-06,-0.0012391968835286232,0.0035065157144570903,0.005290211328279766
2024-12-09,-0.002385583169878571,0.0035655960423184884,0.005075316574596856
2024-12-10,-0.00036357470666444975,0.004683988667435415,0.0067919563478653685
2024-12-11,0.0012892918089711122,0.003049753104542692,0.004378754279480323
2024-12-12,-0.003785351792322941,0.003992129914744392,0.006000349751219952
2024-12-13,0.008905773422254015,0.01629301095034986,0.02468881516744642
2024-12-16,-0.004047649614185296,0.004673079779129005,0.007276559950543715
2024-12-17,-0.01356025614827435,0.006777470407671387,0.013175969371507232
2024-12-18,-0.005651640286891943,0.006657746090576842,0.010107902372360644
2024-12-19,-0.01026582529903898,0.003472017738066262,0.0056196267390345314
2024-12-20,-0.015322359236337606,0.012300353302568035,0.022403865262321146
2024-12-23,0.007010839504245724,0.006605720698912797,0.009360811579502516
2024-12-24,-0.0010866989549987555,0.005318040965581888,0.007691448457623404
2024-12-26,0.0009498673594489271,0.005942800681738815,0.00845889286126054
2024-12-27,0.002657545248501766,0.004083472470050386,0.005805554760437618
2024-12-30,-0.007101000468431965,0.008522254256768415,0.01336646900192951
2024-12-31,-4.2127301519090045e-06,0.006513587540120783,0.00970193797559552
2025-01-01,0.004140304217561321,0.007251800274088957,0.010950641906523867
2025-01-02,0.018599976157659907,0.009256096737314048,0.01964344557578778
2025-01-03,-0.007631803596810856,0.004178127760507922,0.009183566533706871
2025-01-06,-0.016325128725884954,0.011379091495261883,0.022783183907793114
2025-01-07,0.0038817437019732417,0.004635013733315391,0.006639071149558284
2025-01-08,-0.0007996806978147784,0.007502740318615746,0.010794029586910168
2025-01-09,-0.006881216315863482,0.00399693677345342,0.007925072524599919
2025-01-10,-0.004046174437066828,0.006899910135333124,0.010765422614856069
2025-01-13,-0.014857097422370331,0.008457650479191765,0.01272199015804222
2025-01-14,0.003895278043635164,0.003977363347652011,0.0056437064864743695
2025-01-15,0.0016015971562733668,0.00437046922352227,0.0063412703474366935
2025-01-16,0.004238654922064901,0.003178320837708655,0.005130432028708636
2025-01-17,-0.004669537131428157,0.005501028167502364,0.00826394663047374
2025-01-20,0.006081952909099664,0.006537127816608579,0.00944320323627368
2025-01-21,-0.013806721311582606,0.008645511439442885,0.019520434154257738
2025-01-22,0.0056604403518015324,0.005567410381694986,0.008129870771797047
2025-01-23,0.0021570002277194853,0.005091759803657224,0.007763312928162864
2025-01-24,-0.00488797436469754,0.008720799450189016,0.012874511363499883
2025-01-27,-0.011456619090824587,0.006107503668085769,0.009660842578511832
2025-01-28,0.005595545512054291,0.008617939515988675,0.012209599500157903
2025-01-29,0.008926687592645893,0.0051669563021468036,0.0089301351228175
2025-01-30,0.003723148074350194,0.005136948419006113,0.007864752467795007
2025-01-31,0.011074194280356322,0.005882980703083543,0.0114597499680342
2025-02-01,-0.001117246011978889,0.00938262765178211,0.013378180118692214
2025-02-03,-0.005170435671733403,0.004714138627516073,0.006831867747280338
2025-02-04,0.016059657410686868,0.008197020077469556,0.014305405999557694
2025-02-05,-0.0018108456539069108,0.002579808345456655,0.005353222162016652
2025-02-06,-0.003930316218479903,0.00498339472463548,0.009206353540757217
2025-02-07,-0.0018404311807618838,0.007161338972693904,0.010666439851661661
2025-02-10,-0.0075988318246352615,0.006281304143460355,0.010790486208815208
2025-02-11,-0.013338245144624153,0.009041137834622934,0.017484564575160323
2025-02-12,-0.001151451956867338,0.010660444361336235,0.015029110527115133
2025-02-13,-0.0006011552347958088,0.00741417843516594,0.010563872674847697
2025-02-14,-0.00444513112662715,0.010090217657823664,0.015650298608763914
2025-02-17,0.001318406118349223,0.006538272774919065,0.010834295171933187
2025-02-18,-0.0006186376571162799,0.005877547551132186,0.008324144530547088
2025-02-19,-0.0005405787764224007,0.006866046200018059,0.010251629988813323
2025-02-20,-0.0008615791713867465,0.0023540621300059644,0.004848726931083943
2025-02-21,-0.005130286241460248,0.005990619308670817,0.008804180370630993
2025-02-24,-0.010697116011174177,0.004409469692479155,0.006617642283076195
2025-02-25,-0.00025714910818764225,0.0033831046854957024,0.0049406869821815805
2025-02-27,-0.00011088293493540093,0.0032211992128815124,0.00465292323547314
2025-02-28,-0.01882096814125905,0.006789643087028714,0.015616031503253134
2025-03-03,-0.0002440302652016664,0.007929823067265546,0.011612101351672332
2025-03-04,-0.001658315891150207,0.0033157956197717685,0.006360249761261779
2025-03-05,0.01146571185468711,0.007317009265811978,0.014643649766742114
2025-03-06,0.00924200854408832,0.009621099143044792,0.013777057141515562
2025-03-07,0.00034595413741610534,0.00516131608310267,0.007495877674315486
2025-03-10,-0.004096583464717347,0.007577715608633149,0.011028312628688431
2025-03-11,0.0016726478000064651,0.005005305044419,0.009218655386678879
2025-03-12,-0.001218651042867137,0.007590536751520874,0.011029999749671792
2025-03-13,-0.00326742167482874,0.004051007236602068,0.00806802538612616
2025-03-17,0.004968206335327962,0.005572824784546133,0.00994500402621203
2025-03-18,0.014359703182661372,0.006529310807699866,0.011325136030105477
2025-03-19,0.0032048904937790478,0.004006773377716476,0.005795020092182495
2025-03-20,0.012280480863664548,0.00617085749019823,0.010467580508140192
2025-03-21,0.0068649342763162065,0.0066020067722724314,0.011558621393419963
2025-03-24,0.013101970335000056,0.007348055273824791,0.011634370298210817
2025-03-25,0.0004353025297464832,0.007689214598630291,0.011331411564397098
2025-03-26,-0.007710730752587225,0.006406634520583828,0.012125967764374796
2025-03-27,0.004464845602965276,0.0056670455453555636,0.009929234665096128
2025-03-28,-0.003082049047667123,0.005579576974224557,0.008461118326192023
2025-04-01,-0.015150767296533939,0.012107788216225721,0.0185079671436369
2025-04-02,0.007168090205371445,0.004470446672487604,0.008209665312619626
2025-04-03,-0.003531376595912815,0.004097277086111663,0.00691176474294339
2025-04-04,-0.014978235581472139,0.0077969420989883135,0.015597406276311968
2025-04-07,-0.032970136904421674,0.011785067513924363,0.02302855472396078
2025-04-08,0.01674631338889978,0.013180800081442498,0.01891872801625535
2025-04-09,-0.006084328049671031,0.0032245285378424446,0.005154178472694233
2025-04-11,0.018988950673859396,0.006079414578825829,0.010009395786423559
2025-04-15,0.02166598602930882,0.004783319360240297,0.0069164008895350034
2025-04-16,0.004646504460063537,0.004825033602282464,0.007643764761647774
2025-04-17,0.017528943393621495,0.012488056820021288,0.024056986360597263
2025-04-21,0.011418063566753105,0.007062356780828192,0.011850522842661785
2025-04-22,0.0017269335569158489,0.00497178289576636,0.0070591237883913145
2025-04-23,0.006668556323176313,0.006943883551603153,0.009838138110606721
2025-04-24,-0.0033864737270896763,0.003750959290873821,0.005431634943867198
2025-04-25,-0.008588438645809417,0.013758327730099183,0.021531348301251196
2025-04-28,0.011956447831200931,0.005775414383312587,0.012374327563351625
2025-04-29,0.00030614622903455367,0.004759962340717365,0.00685818289333087
2025-04-30,-7.191266338548166e-05,0.005741297019922284,0.008112056158104392
2025-05-02,0.0005135484625769229,0.01011721165636898,0.01440237904425892
2025-05-05,0.004689876016656186,0.003477004329853255,0.005140804826914234
2025-05-06,-0.0033394596535795407,0.004126409435238785,0.0072950176469103786
2025-05-07,0.001426437150093386,0.004805915250349927,0.009404269844905347
2025-05-08,-0.005775526588332327,0.007650334220967723,0.012237505940126741
2025-05-09,-0.011010503428714508,0.006451859845172785,0.009517660779740087
2025-05-12,0.03747214018466671,0.010086988050449311,0.022706439379988758
2025-05-13,-0.013993290077199355,0.009829644461315989,0.01734456495351481
2025-05-14,0.003596321541244558,0.00651857347885965,0.009405316287253296
2025-05-15,0.015894449466611917,0.015160805127227419,0.024810402597610078
2025-05-16,-0.0016891866264205442,0.0031132941497054936,0.0046742665847940125
2025-05-19,-0.002976133107706799,0.0038619567147130896,0.005864750193194995
2025-05-20,-0.010540184450815589,0.005742426302588305,0.013800509045741401
2025-05-21,0.0052345883147392296,0.007227275918690771,0.010512428444566745
2025-05-22,-0.008245170966734258,0.007261743137471828,0.011178503521302815
2025-05-23,0.009843878373448323,0.006494188113595113,0.0118697225648817
2025-05-26,0.0059373186446142635,0.00462804204260609,0.00714763984688517
2025-05-27,-0.00702232377173064,0.009661810909182517,0.014452505520015948
2025-05-28,-0.002975073210803887,0.003020831720707369,0.005138853841325993
2025-05-29,0.003273116733106363,0.006138759771605156,0.008669658507489263
2025-05-30,-0.0033438193068198903,0.0038810519991824277,0.005920997497071974
2025-06-02,-0.001378673005562118,0.006442929529207209,0.009234684528102517
2025-06-03,-0.007068758288164619,0.007671737531288703,0.013973687226240195
2025-06-04,0.0031609038835467354,0.0029035362319839624,0.004622252656807616
2025-06-05,0.005294655304090157,0.00805167763200113,0.01158543711438528
2025-06-06,0.010135980900817266,0.007963362193462083,0.014320283727876332
2025-06-09,0.003997448256890138,0.0018634399936069731,0.003304328584861958
2025-06-10,4.18575835460567e-05,0.003352696182209529,0.00573016770068813
2025-06-11,0.001478750781646587,0.003962763363069363,0.005612241449669398
2025-06-12,-0.010122141121121413,0.007907894018552757,0.014878490198118806
2025-06-13,-0.006837783295332098,0.0051781654564353,0.011382101487185091
2025-06-16,0.00917755091754434,0.005250981712583826,0.010562603972501153
2025-06-17,-0.0037389519699400583,0.0036363354668978295,0.00677378386273068
2025-06-18,-0.0016651260767121068,0.005577239562489902,0.007943783616989287
2025-06-19,-0.0007580150449296773,0.0036897991009177586,0.005231231030623254
2025-06-20,0.012790324902965947,0.005857373710412045,0.014038834306600738
2025-06-23,-0.005610555258512813,0.006532918490380179,0.009296464706072365
2025-06-24,0.0028970292423300638,0.008284239261188119,0.012697474877964536
2025-06-25,0.00796997571939643,0.003225465426925582,0.005615028867388269
2025-06-26,0.011979963629751521,0.005028578874172222,0.011953516404751653
2025-06-27,0.00346967847107354,0.0032910666948627247,0.005095929975224267
2025-06-30,-0.004720968611190444,0.004129752463257765,0.007683052003370908
2025-07-01,0.0009694695897414579,0.002524631576806836,0.003586262776046802
2025-07-02,-0.0034670116851196766,0.005447475976149049,0.009010568562755727
2025-07-03,-0.0018915002785163046,0.005082491644281494,0.00799637809346198
2025-07-04,0.0021900252291445488,0.0037775526525083074,0.005443604311496013
2025-07-07,1.181334092876479e-05,0.002278385180867327,0.003242205964229108
2025-07-08,0.0024007330644550996,0.002546486871235963,0.0048545554167891075
2025-07-09,-0.0018196736296237606,0.0033198869108446278,0.004881030113779283
2025-07-10,-0.004754933244868607,0.0033839481942019058,0.007241165537709153
2025-07-11,-0.00813389240519248,0.0047556875528118,0.007691863838338372
2025-07-14,-0.0026894675348791744,0.003863026674040522,0.005946439759485531
2025-07-15,0.004514895720960817,0.0035343650803250407,0.006221274781496483
2025-07-16,0.0006447408512447503,0.0037494949750455074,0.0053248345866350804
2025-07-17,-0.003998199509757984,0.002492300937144751,0.0054696010643800275
2025-07-18,-0.005712845317742711,0.005351340426280002,0.00904940705912575
2025-07-21,0.004886187422514114,0.006068101648535735,0.009130857907849631
2025-07-22,-0.0011883501967580668,0.003187506034868457,0.005843733324313639
2025-07-23,0.006324502693684897,0.003653562981167139,0.0058683816235458285
2025-07-24,-0.006276651657225533,0.004576060421161542,0.00907947796859286
2025-07-25,-0.009022252428611252,0.0038537593752363004,0.008213552361396304
2025-07-28,-0.006304795850755804,0.006438810676076937,0.009829447286580804
2025-07-29,0.005664401180259817,0.004718272813764503,0.010013689367578286
2025-07-30,0.001366900490246142,0.003604426431508676,0.005244469771847491
2025-07-31,-0.003494369971240235,0.008602099754783968,0.01298027543499749
2025-08-01,-0.008229715141942045,0.005722342469523145,0.010140283502414915
2025-08-04,0.006386974825463857,0.00414069206640296,0.0073717527378629
2025-08-05,-0.0029651959185494695,0.003687165961160925,0.005793161481612954
2025-08-06,-0.003061596134311999,0.0033996191204753038,0.0053796736446301415
2025-08-07,0.0008928622028389917,0.007678790182712232,0.011792448148127854
2025-08-08,-0.00951200879308063,0.005499329819170302,0.010179244685550195
2025-08-11,0.009060632685991908,0.0049193854509367975,0.010307092422939309
2025-08-12,-0.003979850901478695,0.006537936236820686,0.009676372949768731
2025-08-13,0.0053739877432256436,0.00362108889145215,0.0052519982575316496
2025-08-14,0.00048532037708285097,0.002117632152922067,0.0031159539921019573
2025-08-18,0.009923616908863717,0.0045462844426380905,0.006799482892279641
2025-08-19,0.004159900285259885,0.0032413439043228313,0.005552344302734937
2025-08-20,0.002794273751954044,0.00397160174605163,0.0063471658323380805
2025-08-21,0.0013244115539841486,0.0023787078595944463,0.003936811680869089
2025-08-22,-0.008553963109247331,0.004184332584121823,0.00907512323211286
2025-08-25,0.003918729092601476,0.003573973872478769,0.005094618933424117
2025-08-26,-0.010293981565065833,0.004577115181039026,0.009309254957688438
2025-08-28,-0.00858114302373062,0.004018378764559599,0.00902214929760633
2025-08-29,-0.003026946376657732,0.0047366581971931805,0.006867443107997755
2025-09-01,0.008081328102276956,0.003231505211319199,0.00823959278002758
2025-09-02,-0.0018474345185382894,0.00644723288448908,0.00950991894558138
2025-09-03,0.005495586709857895,0.0052981284813423376,0.008248073787275056
2025-09-04,0.0007785744550393448,0.0047119638681701,0.011019142350553485
2025-09-05,0.0002708106342015157,0.005701683759962305,0.008518249060264339
2025-09-08,0.0012986346282709543,0.003744252463720886,0.005407032074559679
2025-09-09,0.0038455266535053208,0.0022107053594672883,0.003128474561175956
2025-09-10,0.004193282121674665,0.003386668944350302,0.004831135877690893
2025-09-11,0.0012965707489705478,0.002308239030961525,0.003885160889604287
2025-09-12,0.004329658895022681,0.00268470979186472,0.004037526379708529
2025-09-15,-0.001785489719644452,0.002207601293772374,0.0035780647785076153
2025-09-16,0.0067543940269436074,0.0034738043076218196,0.007565688746046696
2025-09-17,0.003604969810507005,0.001488084285873438,0.002808909924892174
2025-09-18,0.0036785274558399,0.003292259107124603,0.004688526431404508
2025-09-19,-0.0038048357551339826,0.0034101482830878682,0.005624390300328901
2025-09-22,-0.00493579674708062,0.004983391114308219,0.007167920463765043
2025-09-23,-0.001304284606843299,0.004882573638276361,0.007042253521126761
2025-09-24,-0.004483689738311146,0.0032016128010487832,0.004884897521913601
2025-09-25,-0.006649003929024595,0.004901438006337473,0.008613544369303007
2025-09-26,-0.009532730366893805,0.005453331146911198,0.009699992220676744
2025-09-29,-0.0008033674181471517,0.00474569355039975,0.00751379382765606
2025-09-30,-0.0009666077692868598,0.00359426410976257,0.005855145230695341
2025-10-01,0.009108779315782467,0.005165715533678499,0.01054907501353
2025-10-03,0.0023305289834215856,0.0029477084181628766,0.006316719724434357
2025-10-06,0.007340173682814145,0.0045527905087217385,0.008545410945082528
2025-10-07,0.0012214730903828323,0.004025641729920066,0.005759036050857807
2025-10-08,-0.0024783611817054724,0.005116084856677586,0.007346438359999342
2025-10-09,0.005401403691044332,0.004147106595236167,0.006947446700486354
2025-10-10,0.004103618794970308,0.003913955441709321,0.006877515767491041
2025-10-13,-0.0022964532241035664,0.002980139529889799,0.004558544666034344
2025-10-14,-0.0032497538671527296,0.00621211777179224,0.009934136450856017
2025-10-15,0.007055869574947451,0.004586668496489185,0.008126853261130287
2025-10-16,0.010283174673804386,0.005093729241073373,0.009714592897502641
2025-10-17,0.0048561734175648985,0.00640273219114221,0.010614624152662795
2025-10-20,0.0051714188632333265,0.0037390520444101154,0.005328267516484852
2025-10-21,0.000984272270986046,0.0028606648285030684,0.004196161746833059
2025-10-23,0.0008810194252249848,0.005248194145637775,0.009337077035336223
2025-10-24,-0.0037243774174138414,0.0051911728102142455,0.008759443866515304
2025-10-27,0.00660344071508198,0.0038923626831459893,0.006891660971379546
2025-10-28,-0.0011502994876563522,0.006317422407028951,0.008931472015087503
2025-10-29,0.004527837947802368,0.0033185201016242218,0.005279394872273878
2025-10-30,-0.006780108726120027,0.00440566472061688,0.007218558886064707
2025-10-31,-0.006036845980053782,0.005694006984849801,0.00942966495478452
2025-11-03,0.001602394830084992,0.0040232686197100055,0.006117201829906901
2025-11-04,-0.006452358545521922,0.0045196978916640165,0.008164811879630371
2025-11-06,-0.0034418242922323408,0.004768793584227439,0.007354050228750309
2025-11-07,-0.0006822649376453303,0.006312586057490715,0.00913219968835566
2025-11-10,0.0032134043686110675,0.003769687369835842,0.005863266164744689
2025-11-11,0.004704563337770722,0.0071214829211100495,0.010373664449801433
2025-11-12,0.007013755040664786,0.0040745367975461464,0.005928334041594425
2025-11-13,0.00012944111834060272,0.005483009409931158,0.0078170583296384
2025-11-14,0.0011933141887742222,0.004252194562055728,0.007695794932377985
2025-11-17,0.003982727442351947,0.0028042057036004805,0.004530333843235838
2025-11-18,-0.003982727442351953,0.0032095996409082397,0.0059185375848808675
2025-11-19,0.005488550984983714,0.0050033984508148985,0.008384988421508519
2025-11-20,0.005340256999340202,0.004750076612465634,0.007004051562740835
2025-11-21,-0.0047454848460117445,0.003294165211067518,0.004871845454968433
2025-11-24,-0.00417664636992243,0.004906690676024518,0.008885008980334752
2025-11-25,-0.002881677226487561,0.003918309105472317,0.006764572416637478
2025-11-26,0.012305756174877891,0.005229512663485279,0.014203277992569789
2025-11-27,0.0003910657620054032,0.004413594852591464,0.0064293452970498035
2025-11-28,-0.0004808059270205712,0.0028044650101449525,0.004135015813314192
2025-12-01,-0.001038560391932615,0.0041142003650156845,0.007701844741793454
2025-12-02,-0.005499206353098099,0.0040372777665497045,0.006021389075998579
2025-12-03,-0.0017762718275890193,0.0047540871341423055,0.00675168239629031
2025-12-04,0.0018358417105443499,0.004147858157038131,0.006119010179094444
2025-12-05,0.005848298407896911,0.003859126390840421,0.008296275611297648
2025-12-08,-0.008663963433110109,0.006159873153664555,0.011034019315063526
2025-12-09,-0.004667959097577137,0.005316100907135249,0.007571711987867483
2025-12-10,-0.003164890577820058,0.005242302693023407,0.008273142688679245
2025-12-11,0.005441754277616313,0.00549545036041849,0.00886346047656805
2025-12-12,0.0057136360690816825,0.002688038809016447,0.004574447073411159
2025-12-15,-0.0007546316435640039,0.0031004766002688667,0.005471193183719799
2025-12-16,-0.006444791966669916,0.003340308861931131,0.00566124619921904
2025-12-17,-0.0016079691231565723,0.003848190671627868,0.006150646587233108
2025-12-18,-0.00011620227379163036,0.004664039576526255,0.006819487587801745
2025-12-19,0.005826355812965194,0.0027826910502504725,0.00434794152930654
2025-12-22,0.00790202570190833,0.0022923287733293348,0.005077808512650007
2025-12-23,0.00018147242687454733,0.0030205538874598188,0.004374043709547799
2025-12-24,-0.0013398810760412456,0.0029868409961978652,0.004337845556381122
2025-12-26,-0.0038248575837020187,0.0031592781426225585,0.005206898212028537
2025-12-29,-0.0038550524856079535,0.004159397794380212,0.007189086573879407
2025-12-30,-0.00012528683662081574,0.0026927236542453404,0.0038070308239232433
2025-12-31,0.007326926621050068,0.004575546033880508,0.008379356056854524
