State_0,State_1,State_2,State_3,Date
1.0,5.81134409475051e-197,6.019415543701963e-95,0.0,2010-01-05
0.9609990640305015,0.0011758754326650247,0.03782503948596124,2.1051047369634845e-08,2010-01-06
0.9147060960208787,0.0025120718042766555,0.08278179027630975,4.1898950261133045e-08,2010-01-07
0.6150271552412278,0.0020583992614054826,0.3829142051591101,2.403383297566972e-07,2010-01-08
0.97244655269867,0.010416859497663548,0.017130552693356907,6.03511067300206e-06,2010-01-11
0.00014663023096742755,0.9969358554069935,0.0029014099457673214,1.61044167085011e-05,2010-01-12
0.9736975577621533,0.022254053955832048,0.004047667164305976,7.211175870444261e-07,2010-01-13
0.011571925203054821,0.005328642496560164,0.9830993959296223,3.637058158351789e-08,2010-01-14
0.9198692136529192,0.00043478578251544283,0.07969599356275041,7.001808201554765e-09,2010-01-15
0.9704409631845039,0.0028903676989331393,0.026667874066576856,7.950496497782237e-07,2010-01-18
5.793599292678199e-20,0.0490864851405896,0.9509102305096165,3.2843497249267993e-06,2010-01-19
0.9584172483904665,0.014529034513418112,0.027043661059945517,1.005603629062995e-05,2010-01-20
0.0,0.9419393379694846,2.6170838785778708e-15,0.05806066203067663,2010-01-21
2.0767306812345904e-13,0.9888954694900164,4.066340462332365e-13,0.011104530509502995,2010-01-22
0.06039862988900891,0.6463986618494455,0.2857936187951894,0.00740908946646809,2010-01-25
0.0,0.3044685701100802,4.2303482805014613e-26,0.6955314298895064,2010-01-27
0.0004938901173393001,0.9808485373384919,1.099924855794586e-10,0.018657572433821504,2010-01-28
1.696887506753806e-06,0.986094210523529,1.4199448879884804e-16,0.013904092588604337,2010-01-29
0.04122698764515476,0.957918100447495,4.731307356798517e-07,0.0008544387767789353,2010-02-01
1.7407253571507286e-47,0.9936367359465422,1.799656062056526e-11,0.006363264035160871,2010-02-02
4.769335729817911e-173,0.9894979329595541,3.3476457138110164e-07,0.010501732276115876,2010-02-03
2.2175640229310877e-144,0.997383762642576,9.84221250342226e-07,0.0026152531359268346,2010-02-04
1.003546224311922e-148,0.9883630799087485,5.599480186367327e-12,0.011636920086089684,2010-02-05
3.6827879420687624e-07,0.9857626172697945,8.510568280180536e-17,0.014237014451081439,2010-02-08
0.0075600853901562695,0.9848947356298865,0.007053047473748943,0.0004921315065135865,2010-02-09
1.317365197872005e-05,0.9963456925562262,0.003192552957301093,0.00044858083470623666,2010-02-10
1.3564772019606842e-69,0.9883181588015071,0.010860604278208504,0.0008212369204997865,2010-02-11
0.1239757840143001,0.7927207036278754,0.08288941915272888,0.0004140932050205547,2010-02-15
2.9787969433483626e-18,0.975295228229839,0.024430486233023678,0.00027428553752110524,2010-02-16
2.2415917142636472e-35,0.5210824435941472,0.4787706948039714,0.00014686160219821176,2010-02-17
0.002590947054442418,0.22087895943348482,0.7763330842992948,0.00019700921307121662,2010-02-18
2.0606059969312813e-07,0.8122317360366604,0.18775608137776756,1.1976525181306233e-05,2010-02-19
0.95433159046522,0.04361766050122608,0.0020505957169445247,1.5331694354749102e-07,2010-02-22
0.9744045351141511,0.0014473934894485394,0.024148062616935306,8.77969864544978e-09,2010-02-23
0.9409893631528307,0.001087093619078126,0.05792348525812337,5.7969527734988534e-08,2010-02-24
0.949687652360135,0.007227361737903747,0.04307593083717105,9.055064465662601e-06,2010-02-25
5.001994791755456e-20,0.9901831171985946,1.252491069820472e-11,0.009816882789089265,2010-02-26
2.127558514207875e-112,0.9966210428850716,0.000479652739292016,0.0028993043752402114,2010-03-02
1.0402609018460924e-104,0.9794631293018026,0.020519700862126167,1.7169836392845097e-05,2010-03-03
0.959062327556917,0.00649500932123205,0.03444264132018037,2.1801706718835475e-08,2010-03-04
0.9688158232694817,0.0005592258340824931,0.030624881384417164,6.951212922993645e-08,2010-03-05
0.00043122750567971453,0.009221483611643015,0.9903470214254623,2.6745686471327034e-07,2010-03-08
0.32053733449158767,0.0024974711781995916,0.6769651833580983,1.097218290081412e-08,2010-03-09
0.9487414600879559,0.0005883125071450904,0.05067022444481011,2.960300184594913e-09,2010-03-10
0.9527772760195871,0.001024557485305695,0.046198163293522394,3.2014200455563898e-09,2010-03-11
0.9366956149864855,0.0004383180000156456,0.06286602749162895,3.9521471648819874e-08,2010-03-12
0.9467280285187039,0.00661705163013248,0.04664822108618064,6.698764533977145e-06,2010-03-15
7.514685620097233e-63,0.6805412793144194,0.3187136967657755,0.0007450239196012114,2010-03-16
0.23551751518012784,0.7424555462165398,0.02202608463455203,8.539685373256685e-07,2010-03-17
0.9665836069250162,0.0020708446104283273,0.031345534681876765,1.3783123033112643e-08,2010-03-18
0.8647990138389499,0.0006210150599696031,0.13457878490695388,1.186194141331942e-06,2010-03-19
4.570816866859366e-32,0.11403444809357415,0.8859649602132343,5.916934773184102e-07,2010-03-22
0.9117877092173617,0.0012575897650325865,0.0869545067086892,1.9430902655676514e-07,2010-03-23
0.0017551053818821065,0.023036958672291656,0.9752068982936525,1.0376522949897635e-06,2010-03-25
0.09105853920848388,0.0052890348252141286,0.9036498879949766,2.5379713977305286e-06,2010-03-26
0.9364037807692811,0.06317776973941504,0.0004072998395017857,1.1149652229027725e-05,2010-03-29
6.585901774853828e-07,0.13708497931065822,0.862913417496064,9.446032542435464e-07,2010-03-30
0.9647995471356078,0.0028667012527331436,0.03233318413761315,5.674739160587545e-07,2010-03-31
9.729791304513321e-21,0.04352562249318052,0.9563920541729093,8.232333419632135e-05,2010-04-01
2.5000620177161914e-94,0.6657878392508604,0.3342097620350553,2.398714309598236e-06,2010-04-05
0.9484700334586524,0.0023717001848189453,0.04915810185908137,1.6449758502688988e-07,2010-04-06
0.9685016942969163,0.006380603178081221,0.02511210550963247,5.597014924174038e-06,2010-04-07
1.143891239725702e-56,0.7834082220712736,0.21622623270364588,0.00036554522509933907,2010-04-08
7.378163948975081e-37,0.41631905007819553,0.5836752119728215,5.737948665798212e-06,2010-04-09
0.9381639390843542,0.009088772917412448,0.05274680948697007,4.785115651760433e-07,2010-04-12
0.9120059690234306,0.013120887173611713,0.07486079325254642,1.2350550678231224e-05,2010-04-13
2.9120217484109395e-09,0.9991779499170635,0.0007953464833150598,2.6700687214080982e-05,2010-04-15
0.9418554710796997,0.031797673605043576,0.02631226671396456,3.458860157466323e-05,2010-04-16
9.35649039188345e-40,0.9995609400925236,0.00041281965099050486,2.6240256786490556e-05,2010-04-19
0.8473030253610383,0.023010605873998707,0.12968609384769142,2.7491740652090604e-07,2010-04-20
0.9237354968742904,0.0022279341459305814,0.07403222700941267,4.341970799734424e-06,2010-04-21
0.2808351137245686,0.719095549397662,6.642238881805283e-07,6.867265343186525e-05,2010-04-22
2.9101068486880676e-13,0.03943548856149038,0.9605611211655495,3.3902730034918496e-06,2010-04-23
0.32240495863115437,0.004011617778141973,0.6735833400679906,8.352313883946792e-08,2010-04-26
0.8595633948854324,0.0032698583853394284,0.13715800833964445,8.738389482580482e-06,2010-04-27
2.4884260875555148e-147,0.9996357212128598,0.000191343550764212,0.00017293523664909727,2010-04-28
1.8036706472226436e-14,0.05460449913052143,0.945384378700363,1.1122168981798246e-05,2010-04-29
0.0934713545577925,0.018674142543150744,0.8878364905497486,1.8012348871785132e-05,2010-04-30
5.240010444258131e-39,0.42544159636288115,0.5743202216898052,0.00023818194699930912,2010-05-03
4.709505178367402e-48,0.9993437512192263,7.50463022269137e-05,0.0005812024783199228,2010-05-04
0.05757799567825492,0.9418542081826443,1.0810078305016112e-05,0.0005569860609251472,2010-05-05
0.005251147723427608,0.9936547906497684,0.0005168004495455784,0.000577261176983394,2010-05-06
1.467659110908807e-17,0.9888463257937016,1.3988697730567122e-05,0.011139685508877626,2010-05-07
0.0,0.004596167363743176,2.0973852182345375e-23,0.9954038326364861,2010-05-10
1.6917764040908437e-25,0.9956913196336628,0.0034387619103756783,0.0008699184559128549,2010-05-11
0.8936185288937597,0.10425480315891932,0.0021167645345041724,9.903412865190188e-06,2010-05-12
0.9273238163067051,0.05278802900454876,0.019857459324773924,3.069536369203355e-05,2010-05-13
6.969464564152055e-80,0.9981773783976197,6.116337353323593e-06,0.0018165052647210157,2010-05-14
1.882130803394573e-05,0.9962134607957878,5.283941765283007e-13,0.003767717895533468,2010-05-17
0.29407024823084865,0.7044947651647152,5.611582560405446e-05,0.0013788707785674923,2010-05-18
0.0,0.801641113896348,1.6123648471183168e-22,0.1983588861036283,2010-05-19
0.47025054195346677,0.47457893630368037,0.053244743274169136,0.0019257784685406878,2010-05-20
0.006123668889239168,0.9922137050177885,1.3804880641568827e-08,0.0016626122882792218,2010-05-21
0.0028748143987930275,0.9895966176161011,6.384335502047758e-10,0.007528567346328031,2010-05-24
0.0,0.6908435898852827,1.073195894463285e-20,0.3091564101148459,2010-05-25
2.598406255682112e-277,0.8278620938083654,1.4258666268514696e-09,0.1721379047657266,2010-05-26
3.750113609503361e-81,0.9935589196245109,6.701552648118405e-06,0.006434378822606412,2010-05-27
1.059007436302324e-55,0.7203864961431387,0.2795056283026707,0.00010787555435771259,2010-05-28
0.9015344232761238,0.09126678091396397,0.007139149298467892,5.964651174279805e-05,2010-05-31
2.022842803031155e-308,0.9814366637396473,3.7206617474637255e-12,0.018563336256875677,2010-06-01
5.864772543446328e-26,0.7668710698953759,0.23237239312087216,0.0007565369839628583,2010-06-02
5.31963470645772e-128,0.997982307801057,0.0015320550925485908,0.0004856371065722433,2010-06-03
0.7797288195545576,0.179414172205564,0.040742423131893135,0.00011458510790308244,2010-06-04
9.178364355200813e-127,0.9966603690484901,9.126111477169554e-08,0.0033395396900272258,2010-06-07
1.8739938601734806e-11,0.9997847964525647,2.455588517704313e-05,0.0001906476438104526,2010-06-08
0.7365871754700786,0.2623071543852648,0.0009866769492620135,0.00011899319579629936,2010-06-09
4.847975434291323e-115,0.9398691571881315,0.058328909722392554,0.001801933089190208,2010-06-10
2.5815830322132915e-11,0.6140848016553712,0.3855103637747205,0.000404834544059103,2010-06-11
6.606181033566175e-131,0.9782880985533157,0.021642155484566796,6.97459621348971e-05,2010-06-14
0.9629369395242564,0.021433866589696374,0.01562907081698765,1.2306881064939893e-07,2010-06-15
0.9499982210010133,0.0016612286846155802,0.04833811204751737,2.438266944842235e-06,2010-06-16
0.00027731020882232647,0.4531921216817893,0.5465139272148745,1.664089442592744e-05,2010-06-17
0.9380611226851763,0.03653017318742797,0.025386139419577056,2.2564707912456552e-05,2010-06-18
4.013846078518382e-110,0.9153940264560585,0.0841502116797157,0.0004557618642064749,2010-06-21
7.080477569407356e-19,0.15066641872651126,0.8493314677035979,2.113570064195108e-06,2010-06-22
0.9524967590388913,0.0012561820713124765,0.04624700607652941,5.2813594015048747e-08,2010-06-23
0.9759571814605418,0.008168889156103712,0.0158692368927934,4.692490445390184e-06,2010-06-24
4.299143633498332e-37,0.21893462777696837,0.7806830354382374,0.00038233678437256575,2010-06-25
2.813054576469508e-65,0.6230961806761437,0.37619429200791044,0.0007095273158030435,2010-06-28
8.146960054976519e-73,0.996668139660634,0.00266734792745437,0.0006645124120798206,2010-06-29
1.1908512449516485e-12,0.9993492312474958,9.562605137929393e-06,0.000641206146159498,2010-06-30
7.605054734679446e-38,0.8343838940719356,0.1656113041388628,4.801789332130866e-06,2010-07-01
0.9581898443695459,0.0070806221001051975,0.03472952258750049,1.0942438602682221e-08,2010-07-02
0.9179497247396576,0.00020555719746359255,0.08184450485543295,2.1320734008487998e-07,2010-07-05
3.5167472113634193e-31,0.019323158673055826,0.9806680572656605,8.784061120851918e-06,2010-07-06
9.08077171821921e-35,0.045260886204386855,0.9547241416403062,1.4972155078877166e-05,2010-07-07
1.3257557648141056e-22,0.08026948358391524,0.9197234414181773,7.074997549369785e-06,2010-07-08
4.1967677187282223e-47,0.03724370170221936,0.9627536105994453,2.6876980933155595e-06,2010-07-09
0.0011154794688845392,0.004487150659500895,0.9943971068565929,2.6301487024157767e-07,2010-07-12
0.0007924503298922516,0.005431399359461402,0.9937757292409647,4.2106923963847315e-07,2010-07-13
0.9731618631007073,0.02383000183039764,0.0030081189194877647,1.614984635408821e-08,2010-07-14
0.9249899371398218,0.0004104104414027964,0.07459963837666693,1.4041813337332392e-08,2010-07-15
0.5877076101817418,0.0015573330533125824,0.41073500465495183,5.2109571638859295e-08,2010-07-16
0.9375563352844045,0.0009009196473162446,0.06154273308557277,1.1982637773864756e-08,2010-07-19
0.9399944100640498,0.001980905402005881,0.05802455947761554,1.250559494199425e-07,2010-07-20
2.9040950736095386e-07,0.005148122089517576,0.9948429781788878,8.60932249409494e-06,2010-07-21
5.0650591961804475e-06,0.10949896589528488,0.8904959175785863,5.146692171297003e-08,2010-07-22
0.9448823848665725,0.0004037231546055655,0.0547138333433718,5.8635365799588365e-08,2010-07-23
0.055625944361627884,0.012233726478465129,0.932140305103333,2.4056472075103915e-08,2010-07-26
0.9481703512104873,0.00023977486334099112,0.05158984572750741,2.8198975910025406e-08,2010-07-27
5.5976706027344954e-08,0.013241857475481013,0.9867580659380722,2.06100416033739e-08,2010-07-28
0.9382872913410046,0.00018867036339339444,0.06152395578575549,8.25102678879083e-08,2010-07-29
1.0914992786619743e-09,0.04132464196342557,0.9586436949574104,3.166198724649275e-05,2010-07-30
5.282009414698996e-28,0.29124744384126433,0.7087524033581564,1.528008423659499e-07,2010-08-02
0.945839112442372,0.0005143493273930329,0.05364648583204947,5.239787303660095e-08,2010-08-03
0.34946914153453484,0.004523799739647803,0.6460068469368324,2.1178919247158133e-07,2010-08-04
0.2047937984356158,0.003314859453405414,0.7918913342351104,7.875796342658973e-09,2010-08-05
0.9206733690283553,0.00021160493466146875,0.0791150079598334,1.807710199599619e-08,2010-08-06
4.179549245311335e-20,0.005056031277909092,0.9949436798084994,2.8891379203232966e-07,2010-08-09
0.024527807027265466,0.002136627139018435,0.9733352666025591,2.9923128371038484e-07,2010-08-10
1.7395083020338506e-09,0.013402672802566849,0.9865972707580485,5.469961307407336e-08,2010-08-11
0.9644477685001748,0.0015587478701963723,0.03399337090486522,1.1272483501445555e-07,2010-08-12
0.0347885733601733,0.017728754673146805,0.9474770521557075,5.619810708203003e-06,2010-08-13
0.00496292278013159,0.04510737147008548,0.9499296575141996,4.8235646374365894e-08,2010-08-16
0.9249132072581715,0.000466143822457401,0.07462023443374824,4.1448573978756213e-07,2010-08-17
1.3315003111118634e-55,0.1186841069043243,0.8811754193471613,0.0001404737488796468,2010-08-18
3.563064051309864e-64,0.19133571275371308,0.8086635159656699,7.712809319079557e-07,2010-08-19
0.9239342688358464,0.0006670601590168616,0.07539866926391807,1.7410621003558912e-09,2010-08-20
0.9357694428125866,0.00011914122264260795,0.06411137879998245,3.716508605831697e-08,2010-08-23
2.698766256285545e-06,0.005069774181570395,0.9949265840275213,9.430249490722417e-07,2010-08-24
1.53365117159423e-19,0.011469559570432117,0.9885302494833271,1.9094585211346492e-07,2010-08-25
0.8845836330719282,0.0028526528738666407,0.1125597841485083,3.929905399399952e-06,2010-08-26
3.492725841795017e-73,0.9666784647502813,0.033228997125760704,9.253812413123445e-05,2010-08-27
0.897314748227828,0.1018456472549914,0.0008365525787388104,3.0519387076525913e-06,2010-08-30
0.9653132860778932,0.015847175737563685,0.01883039696939829,9.141214842151332e-06,2010-08-31
3.1186813207964366e-76,0.30548495914753276,0.6945128658222945,2.1750299890885266e-06,2010-09-01
0.9474466849279849,0.0010880517806440115,0.05146523905591191,2.423511641818565e-08,2010-09-02
0.9279507869098982,0.0027078919677582707,0.06933466824834078,6.652873674957679e-06,2010-09-03
8.525503752660716e-139,0.9872748920278229,0.012279554658673003,0.000445553313208212,2010-09-06
0.26608015958359105,0.09298172636631884,0.6409374814177733,6.326322699516826e-07,2010-09-07
0.965538415643005,0.001698323394186946,0.032762887261145686,3.7370188068892335e-07,2010-09-08
1.0489222035970361e-08,0.03470880957561655,0.9651570834348951,0.00013409650056092737,2010-09-09
8.45549516429222e-230,0.9928670610069835,4.689492046633018e-06,0.00712824950057201,2010-09-13
0.115163250207936,0.7395813944174567,0.14498654614188503,0.00026880923274756515,2010-09-14
1.2262783621175785e-47,0.5687385667607244,0.43080888317670635,0.00045255006217559597,2010-09-15
0.34294336919992713,0.5284303588906186,0.12847350849337366,0.0001527634159316544,2010-09-16
5.786500484261427e-29,0.42202486276069523,0.5775733607965512,0.0004017764424175428,2010-09-17
3.240971375141359e-127,0.9724514424256524,0.027407027597444476,0.0001415299765092409,2010-09-20
0.881249283954847,0.0668680561548676,0.05187762192588838,5.037964640330769e-06,2010-09-21
0.9646930594376921,0.032677183101277846,0.0026255950763834396,4.1623850563723135e-06,2010-09-22
0.37272357799124395,0.03363031973031595,0.5936385019210301,7.600357088365434e-06,2010-09-23
1.4636450803102946e-24,0.03836902355524967,0.9616308587324705,1.1771197978336219e-07,2010-09-24
0.9508548730825389,0.0008090945284380029,0.048336011477840224,2.0911388311009096e-08,2010-09-27
0.9505734811223285,0.007806686051091379,0.04161185685877591,7.975968104024959e-06,2010-09-28
0.026893032711634478,0.8603760065257695,0.11225388866441696,0.00047707209821500925,2010-09-29
0.03251825270487399,0.9249063019768419,0.04219752648484798,0.0003779188332420102,2010-09-30
3.4637488014983048e-177,0.9997361892043143,0.0001069533638448288,0.00015685743191278602,2010-10-01
0.9729848031357484,0.0234783319176916,0.0035366463529248105,2.1859334366919801e-07,2010-10-04
0.9705469194837398,0.0030139616650306745,0.02643792340704523,1.195443874525437e-06,2010-10-05
0.14426698267641835,0.07996011287051737,0.7757323587596718,4.054569314256532e-05,2010-10-06
3.8079757086065485e-30,0.21250030387937344,0.7874927513863436,6.9447344102273435e-06,2010-10-07
0.9661424827576588,0.02422063295454675,0.009632990120700534,3.894167313289882e-06,2010-10-08
0.8544762373145783,0.09816425674561127,0.04730571099821216,5.3794941205429445e-05,2010-10-11
3.330732106615367e-05,0.6316738956013792,0.36751162196823284,0.000781175109646439,2010-10-12
2.5680648978370935e-304,0.9380734727271407,2.5040801407618947e-09,0.06192652476842439,2010-10-13
6.885072160950863e-10,0.9986943354208943,5.588271528272112e-06,0.0013000756194779736,2010-10-14
3.568973084910046e-113,0.9979065105224638,4.626019501993905e-08,0.0020934432170551225,2010-10-15
0.003439182644403859,0.9954410715742017,6.327304103454182e-09,0.0011197394537979782,2010-10-18
4.5267925163406105e-57,0.99708955782392,0.0026408179572422756,0.0002696242185087128,2010-10-19
0.48535099261479464,0.46890573728391444,0.04542820276575827,0.0003150673352330088,2010-10-20
5.641296836981346e-56,0.9960525554714095,0.0032268029439183094,0.0007206415850875258,2010-10-21
6.639434932261448e-08,0.3882438623571729,0.6117544376488743,1.633599733748036e-06,2010-10-22
0.9499501637776218,0.003547727342857875,0.04650154172105052,5.671587586528368e-07,2010-10-25
1.9042862813801374e-07,0.016502884462631484,0.9834529035295513,4.402157899661528e-05,2010-10-26
3.569540955650883e-26,0.479460148959439,0.5203934957547731,0.0001463552859681941,2010-10-27
3.242046894550552e-07,0.9210274093458651,0.0788707559073662,0.00010151054243130547,2010-10-28
0.6558837151512881,0.34380715895862995,0.0002648083595681246,4.431753011663864e-05,2010-10-29
0.00983067157622579,0.0980168871154533,0.8921518917295039,5.495786472927723e-07,2010-11-01
0.9380379908589448,0.0005802990612683813,0.06138170621590776,3.8639437783411675e-09,2010-11-02
0.9121234081347642,0.0007455269109265777,0.0871294066253712,1.6583284966898678e-06,2010-11-03
1.4528782525496726e-42,0.1430265921423694,0.8568856774800765,8.773037768081055e-05,2010-11-04
3.127877249209058e-41,0.08519026337299074,0.9148091090005607,6.276267699804783e-07,2010-11-08
0.9676950074279337,0.0013931632917441351,0.03091163931313703,1.8996707773685012e-07,2010-11-09
0.0017630686153650107,0.027460472534425365,0.9706544146314527,0.00012204421918631847,2010-11-10
2.0127270283492523e-74,0.9931347230815195,0.006477532750497716,0.0003877441682863671,2010-11-11
2.0763000405105418e-109,0.9981220136593805,1.4386490844268934e-07,0.0018778424756689276,2010-11-12
0.0038406480049375013,0.9873483153703563,0.008118030904076961,0.0006930057205529224,2010-11-15
0.0,0.958915680538354,7.244761012374255e-16,0.04108431946148388,2010-11-16
9.512804214800928e-17,0.9860943978139954,4.474096504318963e-14,0.013905602186028109,2010-11-18
5.074229056241002e-160,0.9963030365717279,4.4079225862862634e-09,0.003696959020431733,2010-11-19
5.127788246968451e-67,0.9977481939961991,0.0005320372554107145,0.0017197687487937085,2010-11-22
3.83083872452033e-07,0.9942160676312087,4.0129940582444246e-13,0.005783549284188728,2010-11-23
6.649265177471957e-32,0.99853626113671,4.885985458067126e-08,0.0014636900038504735,2010-11-24
7.506127318234297e-48,0.9992347479439844,1.8893731781535433e-05,0.0007463583242578767,2010-11-25
3.63693398539318e-23,0.9977509616208087,6.100135952205712e-10,0.002249037769111613,2010-11-26
0.00018493852863710054,0.9976642541969821,0.0016144540595966028,0.0005363532151057768,2010-11-29
1.1831617143880998e-05,0.9991654118336368,1.8100535319853138e-07,0.0008225755438746867,2010-11-30
2.3285633033594877e-90,0.9852812642962147,0.014696122876548574,2.2612827412853676e-05,2010-12-01
0.9395726770100422,0.01306575875882633,0.04736113962736533,4.2460388162742745e-07,2010-12-02
0.9051461132670414,0.004406180714103028,0.09044410707972547,3.598938762098e-06,2010-12-03
0.012210455985082701,0.28258402372515995,0.7052012888275351,4.231462005526846e-06,2010-12-06
0.9373638960115848,0.011449623130289518,0.05117953391010628,6.946947771334845e-06,2010-12-07
5.805901935049383e-13,0.4317013968005816,0.5675314434422359,0.0007671597569421996,2010-12-08
0.0,0.9434168486658916,1.358889651415686e-16,0.05658315133411812,2010-12-09
3.2771280164645706e-53,0.9955655266099231,8.633341071236616e-08,0.004434387056399898,2010-12-10
0.016846963324053155,0.9831077703626597,8.959366677225027e-08,4.5176719959133275e-05,2010-12-13
0.9467826688774265,0.0422412467871943,0.010953673184573519,2.2411150649911636e-05,2010-12-14
0.0004308353726539263,0.32587787275812885,0.6734647386306342,0.00022655323869635752,2010-12-15
0.20126746488601505,0.7946117029871833,0.004112967983313971,7.864143523643384e-06,2010-12-16
0.9740429286005627,0.023777138525329724,0.0021792345145214636,6.983591333163823e-07,2010-12-20
8.335119964059106e-16,0.004655217304796737,0.9953434230160458,1.359678900389085e-06,2010-12-21
0.01478076372646534,0.006312424842404585,0.9789066326941298,1.7873692798935774e-07,2010-12-22
0.060408607704583846,0.005093334944916488,0.9344936440576664,4.413292592217522e-06,2010-12-23
1.7877370801339966e-70,0.19503817966574064,0.8049608040905707,1.016243585232777e-06,2010-12-24
0.933855113404694,0.0017152358895359701,0.06442964906504191,1.6404627490410249e-09,2010-12-27
0.9372338927640637,0.00011833541796514608,0.06264769493377316,7.688394230634065e-08,2010-12-28
3.7684925637501016e-31,0.008385728720538966,0.9916132638088839,1.0074708485455013e-06,2010-12-29
2.6202246537691232e-17,0.00370017704971773,0.996299472901898,3.5004797937093644e-07,2010-12-30
0.0026929578835859767,0.0027278472112127706,0.9945791550073083,3.9898203249748326e-08,2010-12-31
0.5489979226461068,0.001223979345607073,0.4497779705316945,1.274767214481558e-07,2011-01-03
0.5605042536201605,0.005995926832991028,0.4334951912167488,4.62833008986724e-06,2011-01-04
2.4253748945304286e-31,0.23939465617020023,0.7604052943453773,0.0002000494843936266,2011-01-05
2.779027118216089e-15,0.6835783681795409,0.3162075806979747,0.0002140511221436692,2011-01-06
8.917557814841792e-151,0.9918328914771576,8.745032034515137e-11,0.008167108435798402,2011-01-07
6.51577736749684e-243,0.9806975919536208,1.4844846881578778e-13,0.01930240804628485,2011-01-10
2.973436983506655e-05,0.9903001116443738,3.639078237034944e-14,0.009670153986005556,2011-01-11
5.533811412131354e-13,0.9679626026854439,5.662938129595068e-17,0.032037397313777534,2011-01-12
4.57372342680706e-115,0.997642010296136,2.699349593151088e-06,0.002355290354277736,2011-01-13
3.306391440924911e-50,0.9946985340873761,5.71717413707214e-19,0.005301465912831631,2011-01-14
0.9635065068416061,0.032605536447917575,0.0038633131336403754,2.4643576546141108e-05,2011-01-17
8.259871839298939e-11,0.061116857061823675,0.9388134733779101,6.966947772278506e-05,2011-01-18
5.734338958059791e-07,0.5141715612454548,0.4857156715756826,0.00011219374459332843,2011-01-19
9.569651418893479e-11,0.7424714553495528,0.2575268650118482,1.679542580939111e-06,2011-01-20
0.9310847476817875,0.005032360079340346,0.06388004335584635,2.848882695237678e-06,2011-01-21
0.5661076849306683,0.06986848706288255,0.36395973032992596,6.409767689018382e-05,2011-01-24
1.856160039605621e-35,0.9987746133812178,0.0005516657853167162,0.0006737208332252794,2011-01-25
1.4441391298119195e-260,0.9924227470520266,8.833861099107159e-11,0.007577252859985718,2011-01-27
3.992596596842975e-76,0.9951735646575639,1.2171118179031562e-10,0.004826435220782314,2011-01-28
3.5476359016492444e-08,0.9993694744882019,1.1552352941145933e-05,0.0006189376826244416,2011-01-31
4.449887807415066e-233,0.9945224043012476,2.423461777431183e-10,0.005477595456141043,2011-02-01
0.000664379183321844,0.9429713795925255,0.05591005913051174,0.00045418209383355944,2011-02-02
1.3577643465438177e-115,0.9945817077123291,0.00013460440582104674,0.005283687881947131,2011-02-03
7.474317824362435e-135,0.9111591668489495,3.307150052980544e-17,0.08884083315075554,2011-02-04
0.0020264029557435282,0.7269904551188553,0.2697078500605099,0.0012752918647781566,2011-02-07
1.8868528053125047e-291,0.9903622422648756,2.2202581632953156e-11,0.009637757712946534,2011-02-08
3.216063230499607e-06,0.9991790374970393,1.843423489189442e-07,0.0008175620976546774,2011-02-09
0.3809842275303011,0.6160816360134898,0.0025889108214782234,0.00034522563485905113,2011-02-10
1.709294459233369e-50,0.9902927992366769,3.1886976193445447e-09,0.009707197574761782,2011-02-11
1.3712172180248604e-255,0.9552964453719591,3.2705446991732734e-08,0.044703521922474676,2011-02-14
0.24291737134555647,0.7570574857287596,7.78622807015254e-06,1.7356697599122793e-05,2011-02-15
0.9540973379341029,0.015210289145618493,0.030673549583584998,1.8823336714150623e-05,2011-02-16
1.7633227675379342e-05,0.9816366231554229,0.017693462800121997,0.0006522808171128078,2011-02-17
8.677250875905396e-72,0.9942207631860586,2.5930817391532622e-11,0.005779236787672369,2011-02-18
1.0706877497260496e-14,0.9992551503006837,1.145075819507498e-05,0.0007333989415257513,2011-02-21
0.00526577924975261,0.9493070680885733,0.04526553393297072,0.00016161872847664712,2011-02-22
0.6763918380427746,0.3093850663450058,0.013384312450456771,0.0008387831616875853,2011-02-23
1.430497483670727e-309,0.7181119980117833,3.180704020674385e-19,0.2818880019881044,2011-02-24
0.003378477521617971,0.9471369430194385,7.29679875006755e-09,0.049484572162529813,2011-02-25
3.7943444688322985e-10,0.27625003558631134,4.636132508384753e-25,0.7237499640339996,2011-02-28
1.485780919922973e-298,0.1898958245786491,2.9125081081791455e-13,0.8101041754214516,2011-03-01
4.694107462873821e-14,0.9947234735336531,0.00020020453817738107,0.00507632192822198,2011-03-03
5.047167776662812e-09,0.9523585471224645,0.0472641080057807,0.0003773398248230635,2011-03-04
0.018000142393328266,0.9472226192401679,0.03455369411147199,0.00022354425502338902,2011-03-07
5.082374116032225e-34,0.3116550999887841,0.6882905560192544,5.4343991628078206e-05,2011-03-08
0.9298164798095248,0.06946944076246049,0.0007076183360384043,6.461092052418873e-06,2011-03-09
0.37608859168083286,0.040540810569578124,0.5833080071669042,6.259058302633394e-05,2011-03-10
0.10459329416356938,0.894200823169195,0.0007069627631453589,0.0004989199043916792,2011-03-11
1.4642874033300037e-153,0.9957201514250543,0.00013838685384109646,0.004141461721317033,2011-03-14
4.687552894261622e-06,0.9981248305218019,1.3952350343132953e-09,0.0018704805299217088,2011-03-15
2.1942492361424178e-05,0.6513544440183154,0.3481222888607605,0.0005013246282467737,2011-03-16
0.06607366193323072,0.9032126761363745,0.03015738132404805,0.0005562806065933769,2011-03-17
5.395823628471263e-165,0.9996258955177925,9.84344043420113e-06,0.00036426104193963997,2011-03-18
3.548611681479818e-12,0.1603694188871998,0.83962146012571,9.120983486973273e-06,2011-03-21
0.5769575485277584,0.022768704607125715,0.40026294910452614,1.0797760794655329e-05,2011-03-22
3.895857957189768e-55,0.1446611650351125,0.8553043176028335,3.4517362016568444e-05,2011-03-23
0.20172928196466663,0.054949570731749574,0.743198086434261,0.00012306086903905757,2011-03-24
3.0603526381763463e-24,0.9923258268084594,0.007329255033266768,0.0003449181580943145,2011-03-25
8.67238941070039e-08,0.3592356912555486,0.6405720604173554,0.00019216160314939107,2011-03-28
1.0152969456403655e-07,0.49853927576482054,0.5014289431230418,3.1679582884959937e-05,2011-03-29
0.0002469671103481693,0.09181576212982545,0.9078685426070348,6.872815315033647e-05,2011-03-30
0.7712842473604844,0.2227384693189933,0.005976916159328917,3.6716162872181325e-07,2011-03-31
0.9436360800245839,0.0018289759238729985,0.05453349643216379,1.447619008778828e-06,2011-04-01
1.3378857303220896e-36,0.11482304469926397,0.8851742318160445,2.723485141656124e-06,2011-04-04
0.9841327985078914,0.005611912729788574,0.010255204511721048,8.425071282950142e-08,2011-04-05
0.9772433420476989,0.006527470317207994,0.01622908607908564,1.0155581902734531e-07,2011-04-06
0.9195157378525152,0.0034761625890757904,0.0769997868478751,8.312710965912495e-06,2011-04-07
0.0004805239670989963,0.9763716739592602,0.022881589323549674,0.0002662127504103559,2011-04-08
0.3232393956816771,0.38441279333475,0.2892843838580165,0.0030634271260025275,2011-04-11
0.0,0.6921449741071323,2.4563876710278467e-13,0.30785502589242303,2011-04-13
1.6148788561630267e-46,0.9940924684355398,0.002052663133343666,0.003854868430792451,2011-04-15
3.6804507386631804e-50,0.9977093462062544,1.203069650691278e-13,0.002290653793521797,2011-04-18
0.8652716095338904,0.12222092190350574,0.012431720402808839,7.574816007676335e-05,2011-04-19
5.341192011542676e-25,0.7876659740164875,0.2123270414365728,6.984547267181724e-06,2011-04-20
0.9555994724652049,0.006634951598007445,0.0377655098805289,6.605666728963805e-08,2011-04-21
0.928821655908218,0.0013755533621602949,0.06980155753641365,1.2331929214388511e-06,2011-04-25
0.7987630830431053,0.20098006650473993,0.0001755666073794154,8.128384449229436e-05,2011-04-26
1.0167920368750525e-15,0.1681710427083667,0.831712583115803,0.00011637417615913953,2011-04-27
8.215073387965288e-48,0.5603819553001069,0.43931321514508703,0.000304829554950814,2011-04-28
0.09153400854171813,0.906068780470624,0.002046346555234767,0.00035086443250697207,2011-04-29
3.578329397505147e-37,0.9307020492453524,0.06869410187305199,0.0006038488816833925,2011-05-02
1.891663523283136e-191,0.9925780503759418,2.8070998803312478e-11,0.007421949595793327,2011-05-03
0.1168522750721818,0.8549622596038271,0.027722861567654692,0.0004626037562308282,2011-05-04
6.385022633924604e-34,0.9991779844203722,0.00010192978218621538,0.0007200857974668029,2011-05-05
2.7837908916351002e-58,0.9384772897861207,0.06140177402094556,0.00012093619301322684,2011-05-06
0.8853710960950296,0.11317534586914409,0.001450015311178535,3.542724928928364e-06,2011-05-09
0.9771457807593076,0.018644031688683456,0.004209824133981216,3.634175931284364e-07,2011-05-10
0.938848026421652,0.005902220728557641,0.05524283698829483,6.915861218148478e-06,2011-05-11
2.4093885814653585e-13,0.982684687430861,0.01656655760265371,0.0007487549663020602,2011-05-12
6.643411143559036e-08,0.9986094646892058,1.0368288756555054e-09,0.0013904678401936113,2011-05-13
3.623785997145318e-18,0.5606717455191003,0.43847467662387407,0.0008535778573354872,2011-05-16
1.5253144048970733e-15,0.9713789833828661,0.028568718260035934,5.2298357311631834e-05,2011-05-17
0.3836164751238039,0.119777629762128,0.4966015064322819,4.388681589948413e-06,2011-05-18
0.770189557758332,0.01233047372300031,0.2174634258281321,1.654269073748364e-05,2011-05-19
0.01752523264330236,0.9594583592252968,0.022520128128205565,0.0004962800029165539,2011-05-20
7.205470304361368e-69,0.9845403975031051,0.015454084266842687,5.518229911585982e-06,2011-05-23
0.983752964656852,0.003823346666265515,0.012423312787878959,3.7588932862929467e-07,2011-05-24
1.1387381372608094e-10,0.010122112807712885,0.9898733256681048,4.561410555058657e-06,2011-05-25
5.176474321833273e-07,0.040697745160562016,0.9592942872379833,7.449954204770141e-06,2011-05-26
4.1774297412373784e-52,0.08751743053663526,0.9124821349459208,4.3451773103933767e-07,2011-05-27
0.8470593925906822,0.0011599125042761561,0.15178049461078236,2.002943536651733e-07,2011-05-30
1.568305251964991e-12,0.022783537209249236,0.9771885050837759,2.795770533726935e-05,2011-06-01
0.3530691981372288,0.02619300805300386,0.6207148281213078,2.2965688647880275e-05,2011-06-02
1.2654601507065766e-07,0.888161159133616,0.11182788849476115,1.0825825396831387e-05,2011-06-03
0.8241592477344376,0.03068793051391403,0.1451504795091097,2.3422429180565973e-06,2011-06-06
1.0946168184521467e-17,0.01291960417921914,0.9870802787019893,1.1711875980057593e-07,2011-06-07
0.8058276771020254,0.0011960787245495954,0.19297624114646664,3.0267652867087693e-09,2011-06-08
0.9094110573669724,0.0003241079638063837,0.09026464198039627,1.9268883637767698e-07,2011-06-09
0.01041016879926365,0.025373234354808358,0.9642163844772038,2.1236886770855027e-07,2011-06-10
0.9730272756939947,0.0016494846401632081,0.02532323851565832,1.150463780329706e-09,2011-06-13
0.9151767395139301,0.0002025529874914055,0.08462061043029016,9.706806744319273e-08,2011-06-14
2.7232614837055024e-22,0.014222430000145675,0.9857729933448083,4.5766546317753824e-06,2011-06-15
0.17135885313270505,0.021599737283792962,0.8070341373181188,7.2722650101573285e-06,2011-06-16
2.4583062339487235e-16,0.11879100353789247,0.8811512288872057,5.776757521176972e-05,2011-06-17
4.137566795250712e-98,0.9986708713510523,5.505072590720209e-16,0.001329128649287795,2011-06-20
0.9744267091751787,0.021547365753340337,0.0040211162487853065,4.808823003451121e-06,2011-06-21
0.07301300458896988,0.02483304182126729,0.9021245971571206,2.9356432911064538e-05,2011-06-22
1.3789367581817503e-14,0.5128624889773535,0.48666324993841925,0.0004742610842500716,2011-06-23
0.0,0.8609134048724065,4.969811277661665e-10,0.1390865946307621,2011-06-24
6.56304094835643e-58,0.9994845056264996,0.00048759035091093663,2.7904022699843964e-05,2011-06-27
0.9802546277105764,0.01055285299041216,0.009192111557693759,4.077412744584283e-07,2011-06-28
7.298497889785761e-11,0.003947450209637934,0.9960496452311132,2.9044864692106095e-06,2011-06-29
0.00010104169791572033,0.01919216137509382,0.9806977250951877,9.071831923037063e-06,2011-06-30
2.801674670496229e-68,0.3738056654889761,0.6261889636971187,5.370813860134503e-06,2011-07-01
0.005813126263989218,0.012091858846755904,0.9820939312814092,1.083607941461967e-06,2011-07-04
0.017554495842095136,0.0044366632396349885,0.9780087344006206,1.0651791623900905e-07,2011-07-05
0.9249351072528965,0.004418688494757448,0.0706431672781655,3.036973891729356e-06,2011-07-06
8.075294736279228e-143,0.9917225345876955,0.0033640945417828237,0.004913370870903295,2011-07-07
9.520099755063164e-65,0.9353061669329211,0.0644306168421079,0.0002632162246039595,2011-07-08
6.92841326906974e-05,0.2612253997063714,0.7383645077976153,0.00034080836291615926,2011-07-11
0.0018189814405484613,0.6547343928636,0.3433949088263953,5.171686905520903e-05,2011-07-12
1.3290487169118953e-17,0.08911419389340536,0.9108828166432335,2.989463794559029e-06,2011-07-13
0.9644285479474222,0.0057053029652252675,0.029866135774179632,1.3312759039213454e-08,2011-07-15
0.9040215407353932,0.0009020744765987109,0.09507535224962328,1.0325384153659781e-06,2011-07-18
3.066322011073549e-08,0.1388142001784848,0.8610976203912704,8.814876668886136e-05,2011-07-19
8.733845674861137e-68,0.613854107555115,0.3861404019865167,5.4904585972523005e-06,2011-07-20
0.8907231174321615,0.012128643993493539,0.09713497598600901,1.3262588443763715e-05,2011-07-21
2.7481463538005807e-28,0.30887359619395843,0.6907801575063551,0.0003462462997416338,2011-07-22
8.786980855582849e-07,0.7969796006491908,0.20278806575854977,0.00023145489421432807,2011-07-25
1.7683080629808385e-153,0.9994169429039474,2.5121744690517577e-07,0.0005828058782188433,2011-07-26
4.867342724051785e-07,0.2017158281300523,0.7982756126371626,8.0724985611263e-06,2011-07-27
0.21855139790697645,0.016342270640100878,0.7651049040688526,1.4273841005884499e-06,2011-07-28
0.9790301715486105,0.005064524253893364,0.015905262280583494,4.1916992626015305e-08,2011-07-29
0.9797510312185158,0.003395551926406747,0.016852845787853368,5.710669593605872e-07,2011-08-01
1.0057891979850918e-06,0.020629474323300284,0.9793614459086589,8.073978832215335e-06,2011-08-02
0.3456259802075727,0.04870050998014159,0.605625020690725,4.8489121230836e-05,2011-08-03
7.50593415307906e-64,0.9981608363848424,0.0009223011620223175,0.0009168624529894485,2011-08-04
8.60557930964047e-11,0.9619087003835406,1.2354686571938951e-10,0.03809129940710097,2011-08-05
2.9772082642695475e-12,0.4956459919729106,1.7669797152078803e-19,0.504354008023814,2011-08-08
7.27718083803409e-101,0.0024496189023327348,3.97929602641634e-35,0.9975503810974308,2011-08-09
3.251047859040647e-08,0.9971036720791879,0.00028572687721743675,0.002610568532829321,2011-08-10
0.7293416402747701,0.26239096009595814,0.008073456032642983,0.0001939435962386323,2011-08-11
2.9591378640442404e-256,0.9879638721671604,6.82011259110391e-11,0.012036127764775067,2011-08-12
1.0148433732492986e-101,0.9987944687562863,4.579888467674486e-06,0.0012009513551271525,2011-08-16
0.0336759573831891,0.9650200432458407,1.9808751062248297e-06,0.0013020184960491855,2011-08-17
0.0,0.9155027238472079,3.881049036610115e-18,0.0844972761528148,2011-08-18
4.258864753793967e-08,0.9951907009370075,2.9936143281555115e-08,0.004809226538610324,2011-08-19
5.495680666185712e-15,0.9991932062235283,4.568904956510141e-06,0.0008022248711027635,2011-08-22
0.0007923113457672145,0.9979872038261842,3.4526888041326415e-09,0.0012204813751434476,2011-08-23
2.234354685129972e-12,0.9986328580630246,0.0008037795327786418,0.0005633624018585192,2011-08-24
5.547504787117544e-92,0.9973588739404081,0.0002916922354742456,0.0023494338244055345,2011-08-25
1.395904704717903e-76,0.8788113721410872,2.023708713845859e-15,0.12118862785884661,2011-08-26
5.220678012674871e-254,0.699946318689656,1.8947254921234402e-10,0.3000536811208863,2011-08-29
9.118828339904774e-05,0.9955317729456035,1.2138596176277684e-06,0.004375824911345795,2011-08-30
5.358273253437107e-29,0.9995557538850227,5.875963585674605e-07,0.00044365851838161415,2011-09-02
0.6689629982392074,0.3240717213868155,0.006786966731041399,0.00017831364265501616,2011-09-05
2.843652879182346e-22,0.9967077828282048,5.352445925110396e-09,0.0032922118194016626,2011-09-06
1.5698219485044461e-09,0.9487802497424164,0.051037048168311526,0.00018270051946454424,2011-09-07
0.6319676903990304,0.36671325570892394,0.0011410586501226462,0.00017799524156930432,2011-09-08
7.492815434782297e-189,0.9959458539034083,7.242155287705031e-08,0.004054073674801167,2011-09-09
1.614001669581921e-10,0.9956474244519695,0.00293644284111119,0.0014161325452331918,2011-09-12
1.0722760009453659e-05,0.9977166194642402,5.7295489610498336e-11,0.002272657718500006,2011-09-13
7.1575068291439e-09,0.9984653725857895,1.5370983489569132e-08,0.0015346048858208509,2011-09-14
1.1131325207252082e-06,0.9941513923929635,1.9206930399273842e-14,0.005847494474245723,2011-09-15
6.0502194756791495e-05,0.8148626828359733,0.1848790166723229,0.00019779829703779622,2011-09-16
1.097761087475177e-13,0.4623715828580704,0.5369314474537347,0.0006969696877000133,2011-09-19
3.454342468393102e-145,0.9992123119432835,0.00028713471303271396,0.0005005533433763305,2011-09-20
0.8671298954458314,0.11403145977582337,0.018541621289461376,0.00029702348876623223,2011-09-21
0.0,0.7379442010874091,2.2894758198781356e-19,0.2620557989124401,2011-09-22
5.994067895362033e-05,0.9927685436846403,7.474520631490538e-09,0.007171508162203357,2011-09-23
2.8326309944625457e-07,0.996385879534338,1.0129681137563134e-11,0.0036138371923050594,2011-09-26
9.339089250597635e-76,0.9930282812510618,0.0028089037473465685,0.004162815001391254,2011-09-27
5.850983410743216e-31,0.9931012162913329,0.006433042408083716,0.0004657413006326138,2011-09-28
1.357393310630615e-78,0.9968520278401496,8.067346369315273e-08,0.0031478914866016785,2011-09-29
5.473443006794473e-12,0.9991675208041105,1.2341257895776585e-05,0.0008201379323329959,2011-09-30
5.1340706735373724e-06,0.9022025695572315,0.09566564614204424,0.0021266502297742954,2011-10-03
9.467931869028384e-16,0.9695075694257318,1.3997891605886838e-16,0.03049243057446109,2011-10-04
3.6414909324669716e-07,0.9991066619092754,0.00023468193158350428,0.0006582920099284374,2011-10-05
2.1794024535981328e-09,0.9980888887361983,4.502963285165213e-05,0.0018660794517937442,2011-10-07
1.69201598202317e-139,0.9959861045156592,1.2279503342722326e-05,0.0040016159810801425,2011-10-10
4.739524579612703e-11,0.9886005369397335,0.010987593888587834,0.00041186912456147657,2011-10-11
6.0001628162015e-97,0.9962865595206131,3.872304293593775e-05,0.0036747174367835174,2011-10-12
8.206876534246604e-31,0.8119824383937544,0.18748642006090271,0.0005311415455246882,2011-10-13
6.749797302477119e-94,0.9448860513480956,0.0541413350180832,0.0009726136341097511,2011-10-14
0.0007166773848042312,0.7807990615938869,0.21831420469268448,0.00017005632898176162,2011-10-17
0.008382440826672591,0.4132765017079713,0.5775773193310453,0.0007637381346747421,2011-10-18
1.5172723436717594e-44,0.5737135005359498,0.42578215365652633,0.0005043458072956799,2011-10-19
0.37587651452429927,0.5459733367589626,0.07783541750760829,0.00031473120903284193,2011-10-20
1.6822007355501345e-27,0.6964811661098516,0.30337241609629995,0.00014641779359234806,2011-10-21
0.6590129458789638,0.3201807830535296,0.02062655376625007,0.00017971730087580713,2011-10-24
2.229414533381544e-11,0.994968057696055,1.7206146727107624e-10,0.005031942109785114,2011-10-25
2.6258054000081076e-11,0.99904600347723,2.87784506612502e-05,0.0009252180461028108,2011-10-28
1.7733962077062443e-07,0.31803819147657786,0.6814281950535042,0.0005334361307127315,2011-10-31
0.04037486430626403,0.8577187161902552,0.10148556666828125,0.0004208528350249357,2011-11-01
0.0012510861942279276,0.9959255873711192,0.0027862587078091197,3.7067726417208947e-05,2011-11-02
0.9112555423154707,0.08750064474803466,0.0012272892718034139,1.6523664522897305e-05,2011-11-03
4.096139951688888e-07,0.08222440178189633,0.9177724867351603,2.70186879936203e-06,2011-11-04
0.9543239088356114,0.013185827076682626,0.03248349342228247,6.770665712568727e-06,2011-11-08
6.74438066719456e-117,0.9980417270817303,0.0009793287325104612,0.0009789441859536449,2011-11-09
0.26674357625058487,0.6355723220622287,0.097088955590539,0.0005951460963360586,2011-11-11
6.535390363956724e-57,0.9499596078587923,0.049489336260922896,0.0005510558805529839,2011-11-14
8.256484011942145e-29,0.999215058139683,4.563683477011855e-05,0.0007393050258562563,2011-11-15
0.028760574546169655,0.9657838370756646,0.004966245938274041,0.0004893424396960952,2011-11-16
2.2804641913563413e-124,0.9981651328450474,2.2776167317262556e-07,0.0018346393932364643,2011-11-17
0.07198633352072052,0.9273269523344898,0.00011473737183754533,0.0005719767731549147,2011-11-18
2.1223304060453356e-193,0.9963021409536509,4.059429054547665e-09,0.003697854986810822,2011-11-21
0.36842733518136495,0.6307036407879261,0.0005083348164161045,0.00036068921438133227,2011-11-22
3.1570869550875363e-37,0.9876672232856569,5.782004511185077e-13,0.012332776714045755,2011-11-23
0.36956257009897375,0.6295977402253663,0.00043734794902598994,0.00040234172701590767,2011-11-25
1.6175383001623314e-135,0.9874342011967333,0.00023720955842817905,0.012328589244524507,2011-11-28
1.1322945287973348e-42,0.9857883053491165,0.0135557780688192,0.0006559165820209345,2011-11-29
7.615604203958965e-38,0.99896352895376,0.0004956172999912808,0.0005408537458481623,2011-11-30
9.37278714398689e-09,0.9985717132654267,1.2847656873757632e-07,0.0014281488851603057,2011-12-01
2.5047495093019266e-133,0.9993427488780943,1.5234172377613047e-09,0.0006572495986546825,2011-12-02
0.9568750194736619,0.023447579055008334,0.019671559027665354,5.8424435713398355e-06,2011-12-05
0.942072582336775,0.053139921209656805,0.004754356920128602,3.3139533656232434e-05,2011-12-07
6.894923903040559e-110,0.9953091725862906,4.05047776334208e-08,0.004690786909046134,2011-12-08
0.000207699740087138,0.9939704994117498,0.0001536398854918914,0.005668160962238112,2011-12-09
0.0,0.6724494467699288,1.5130122385986914e-22,0.32755055322966864,2011-12-12
3.667715910802514e-43,0.9963005109992656,0.0003040728663546576,0.00339541613419404,2011-12-13
0.0032041973564882103,0.996015677041039,7.960375417545097e-06,0.0007721652272384586,2011-12-14
0.0025791008099307986,0.9870220488085081,4.6013608335450433e-07,0.010398390245093207,2011-12-15
8.525826842913393e-89,0.03975504136911585,2.797289805952092e-30,0.9602449586310748,2011-12-16
0.0037017375523462417,0.9869256680927387,7.306656944026508e-05,0.009299527785447887,2011-12-19
3.624358408409712e-183,0.9964759552215733,2.1270670585544377e-08,0.0035240235073112037,2011-12-20
4.765808025477796e-28,0.990294621032693,6.373072001546412e-10,0.00970537833023385,2011-12-21
3.0942798375808295e-200,0.9953535395794212,9.025835417523366e-07,0.004645557837303601,2011-12-22
5.640004017216931e-24,0.9022824346386914,0.09727889556864554,0.0004386697926586768,2011-12-23
0.04043535836447654,0.9556002784667174,0.003604960018936645,0.00035940314958433293,2011-12-27
1.1784516176188043e-27,0.8618876784672421,0.1376623238634219,0.0004499976694415846,2011-12-28
1.0221284224307426e-08,0.8476540324338027,0.1517847172322156,0.0005612401123534986,2011-12-29
5.003431748407916e-05,0.9981246483448573,0.001383492287366153,0.0004418250506388481,2011-12-30
1.159479538193356e-189,0.9941990009332032,1.3482122920387397e-05,0.005787516943665521,2012-01-03
0.30369624075034696,0.19856041847995645,0.49773053184655736,1.2808923224514172e-05,2012-01-04
0.9516042323674366,0.023748699850788976,0.02463187500934619,1.519277270012106e-05,2012-01-05
0.01885636264260979,0.9803648985028366,1.9501870845167244e-08,0.0007787193523382461,2012-01-06
0.6239238154795976,0.37336160270856344,0.002518496750862151,0.00019608506118266465,2012-01-09
9.581682294571621e-118,0.9784139913496931,0.02156343955413291,2.256909606794132e-05,2012-01-10
0.9671042645545875,0.004336136557454111,0.02855837435529473,1.2245330957715993e-06,2012-01-11
0.9401260827817962,0.03418704381119588,0.025684504066562416,2.369340038300079e-06,2012-01-12
0.9726061029753711,0.01916497831315791,0.008225047329759871,3.871381758920863e-06,2012-01-13
0.005910660671680246,0.036403322815869284,0.9576618440416197,2.4172470720902495e-05,2012-01-16
6.35765531100229e-70,0.2810383131690281,0.7189557285801172,5.958250844976238e-06,2012-01-17
0.6686368901214216,0.005933825513345198,0.32542880072077573,4.836444080961489e-07,2012-01-18
8.187468561556909e-05,0.007839902769820292,0.9920772842011178,9.383435780722104e-07,2012-01-19
0.9750957332020954,0.006023001240782599,0.018881044110122532,2.2144736200103513e-07,2012-01-20
0.37002510928793386,0.014943473183892643,0.6150020160964921,2.9401432113471837e-05,2012-01-23
1.4114676652928224e-30,0.8077875789744127,0.1922075430165701,4.878008848205044e-06,2012-01-24
0.958126551069147,0.008446357279621876,0.033425192858679384,1.898792506691985e-06,2012-01-25
0.9069755955669292,0.04350199409435869,0.049483971129277146,3.843920903155784e-05,2012-01-27
1.9510602280226764e-99,0.9970012570631106,0.00037686688405260934,0.0026218760528926356,2012-01-30
4.017148479299275e-64,0.9971743135664948,0.0011586405039595961,0.0016670459293386005,2012-01-31
0.01529388693701701,0.9801172845211241,0.0045310591442052715,5.7769397875724665e-05,2012-02-01
0.861037275872861,0.13260073961027583,0.006303926987497655,5.805752938081833e-05,2012-02-02
1.2843321046195958e-12,0.31819249394401267,0.6817796982621017,2.7807792616678898e-05,2012-02-03
0.9155527439316024,0.0649626932456527,0.01945435084692297,3.0211975751633727e-05,2012-02-06
1.8971765845770536e-88,0.8655780910361155,0.1342206707555066,0.0002012382085935698,2012-02-07
0.8077147421161405,0.18132712932915576,0.010886674505643736,7.145404872009421e-05,2012-02-08
2.825357693324267e-55,0.4080610040286233,0.591771704884026,0.00016729108768801778,2012-02-09
0.7404337200897966,0.2573448735338515,0.0022188547482521427,2.551627813202075e-06,2012-02-10
0.986006559073212,0.008096132572264067,0.005896352620498496,9.557342836401138e-07,2012-02-13
6.101272322016032e-08,0.018713507638968525,0.9812626402859969,2.3791062301161137e-05,2012-02-14
3.763651599614059e-73,0.4201458025156633,0.5798509675615238,3.2299230047062957e-06,2012-02-15
0.943472838028588,0.002972911624820872,0.053554158155068934,9.21913167456051e-08,2012-02-16
0.9619709969869163,0.004881308596135716,0.03314572358639057,1.9708301095234677e-06,2012-02-17
1.934817293171223e-16,0.06882309516956736,0.9310950841431785,8.182068741494857e-05,2012-02-21
2.036097773914822e-114,0.9994395102900331,1.7474211608270886e-06,0.0005587422889617564,2012-02-22
0.5019714203389699,0.49598087238964383,0.0017578070982485394,0.00028990017301680563,2012-02-23
5.559003968404138e-09,0.9896481265611973,4.071415684351767e-06,0.010347796464380183,2012-02-24
0.0,0.3279324886897817,9.387098699936029e-27,0.6720675113105513,2012-02-27
4.912194353009191e-44,0.9834264341654131,0.006210864880702466,0.010362700953815996,2012-02-28
0.0012070743989005136,0.9983104129290681,8.55904772049631e-06,0.0004739536239822853,2012-02-29
0.2706243061942307,0.6870269568575822,0.04219268541448421,0.00015605153384217323,2012-03-01
0.6857962021318196,0.3131792425810055,0.0008761005046033729,0.0001484547827702895,2012-03-02
2.2861179173029945e-46,0.8751552229426348,0.12334345412781449,0.0015013229297557154,2012-03-05
2.926832426221534e-13,0.9639246922049024,2.918802268140869e-23,0.036075307794730775,2012-03-06
0.8983947758620897,0.09971820787596113,0.001683280366511566,0.00020373589531309731,2012-03-07
2.5779956823938953e-18,0.1754011695255725,0.8241435075540429,0.0004553229199454279,2012-03-09
3.706863971553282e-21,0.5372839628828722,0.4626895245973869,2.6512520059196255e-05,2012-03-12
1.5141045924028716e-15,0.09705975810924604,0.9028632787042511,7.696318629723728e-05,2012-03-13
0.6005733812139195,0.12217951090944747,0.27719945670183715,4.7651175090062635e-05,2012-03-14
3.294591489430241e-87,0.996571113074018,0.0023391442551412797,0.001089742670666914,2012-03-15
9.969626590726423e-19,0.9961908966980833,2.0735395571330614e-11,0.0038091032810199914,2012-03-16
2.8504066408785737e-77,0.9981181524878785,0.0017947317573586397,8.711575465266598e-05,2012-03-19
0.8841335116412332,0.11117781633616362,0.00462629399472843,6.237802809694413e-05,2012-03-20
4.348676552693568e-126,0.9904359171507264,0.00026725413959669214,0.009296828709349126,2012-03-21
8.304217931970495e-205,0.8880795822049906,1.0053771007781939e-17,0.11192041779466066,2012-03-22
0.02347899629990868,0.9749325449114536,5.317923831225004e-06,0.0015831408645674385,2012-03-23
2.4430912731848568e-155,0.9974587328186569,1.0009370908069741e-06,0.00254026624429446,2012-03-26
0.020699837015623467,0.9789534651107378,4.082599079843399e-06,0.00034261527463547246,2012-03-27
7.3551574216857425e-06,0.4318274932799712,0.5680005312700483,0.00016462029286900493,2012-03-28
0.0007919534980244217,0.30951535102785926,0.6895096962816194,0.0001829991926528681,2012-03-29
8.826916961065312e-118,0.989209716285474,0.010754226403690923,3.6057310523803404e-05,2012-03-30
0.9328520314335395,0.013897022118849788,0.053250875784956714,7.066298900776029e-08,2012-04-02
0.8886015172998689,0.0009457084776474462,0.11045273923131603,3.499105157613459e-08,2012-04-03
0.672319897549204,0.001598271893191709,0.32607833661006713,3.4939471696407483e-06,2012-04-04
3.497185924543354e-30,0.093190412539437,0.9068088734274605,7.140330950658241e-07,2012-04-09
0.9549893793865503,0.0007884955066108112,0.04422209195023694,3.315643160334661e-08,2012-04-10
0.9815729592060425,0.008991526329959735,0.009433214929879252,2.2995336801190792e-06,2012-04-11
7.0089935897256435e-06,0.04654232489047166,0.9533654131494946,8.525296601412347e-05,2012-04-12
4.2416418144017885e-09,0.9997275218544686,1.0875890961383097e-06,0.0002713863147970497,2012-04-13
9.348010156577733e-09,0.3062709265329031,0.6934376627841062,0.00029140133511539593,2012-04-16
0.23521493641641156,0.7642808703832927,0.000499902253456082,4.290946663177998e-06,2012-04-17
0.8862515032240637,0.009647938860669268,0.1041000594365107,4.984788418360742e-07,2012-04-18
0.9522505143612481,0.009355345256599637,0.03838549965176726,8.640730426687166e-06,2012-04-19
0.15669835562216475,0.8418941015853602,0.0007813139244211329,0.000626228868073987,2012-04-20
9.033380398991472e-46,0.9999762488979562,6.403543732190292e-06,1.7347558573745e-05,2012-04-23
0.9736389228153767,0.012207223733561905,0.014153261202045759,5.922489223952508e-07,2012-04-24
0.9784669559188194,0.011583305404659634,0.00994926461251784,4.740642941303833e-07,2012-04-25
0.00024113083126780228,0.004367439149370243,0.995391008607688,4.214120733383731e-07,2012-04-26
0.9880438108446339,0.00493362880002475,0.007022294845358981,2.6551001899585813e-07,2012-04-27
8.404288622238894e-22,0.01881707791936546,0.9811827995517154,1.2252882477470673e-07,2012-04-30
0.944462192890158,0.0008049269761362248,0.054732759096982345,1.210367575879523e-07,2012-05-02
0.002085915161163583,0.03495591620772123,0.9628267671181885,0.00013140151323589653,2012-05-03
2.2201373006221148e-76,0.9991917160693691,0.0002241992401868309,0.0005840846908559866,2012-05-04
1.115490382799094e-78,0.9972348136857816,1.3310115750765587e-08,0.0027651730042056563,2012-05-07
1.541981648565805e-226,0.9985216457762128,2.7768883378827743e-11,0.001478354195908409,2012-05-08
0.8298877339665879,0.15403223567880214,0.01599683718486097,8.31931700173787e-05,2012-05-09
0.5896485821332972,0.4100230508311794,0.00013319145130108326,0.00019517558387000515,2012-05-10
0.5383128454500716,0.44814337484685834,0.013288099194409063,0.00025568050832069006,2012-05-11
0.2694838717322712,0.728111056684629,0.002028925707973762,0.0003761458752343538,2012-05-14
4.39098874302502e-81,0.8535957314931188,0.14609520138529447,0.0003090671218663119,2012-05-15
0.0016025686321732748,0.3271509157574069,0.6709167873453384,0.0003297282649188831,2012-05-16
0.7852319677352055,0.21368334392337177,0.0009993146378937355,8.537370349309381e-05,2012-05-17
8.573567088137556e-121,0.9977553569714633,1.329580052119094e-05,0.0022313472283943593,2012-05-18
1.169697697278731e-178,0.999643909550118,2.6805572370963386e-06,0.00035340989269644287,2012-05-22
0.811126379822953,0.15393876326867548,0.03480610134262831,0.00012875556591781124,2012-05-23
1.0918205205535473e-18,0.9997295212903666,0.00026465659298874767,5.82211625118443e-06,2012-05-24
0.9736963935144979,0.003913488016168131,0.022388519640774117,1.5988281194427472e-06,2012-05-25
2.6314831573217076e-44,0.05799636790208089,0.9420033403504169,2.9174794586189034e-07,2012-05-28
0.9011281408808071,0.0004777790398022639,0.09839406653070257,1.3548771811511874e-08,2012-05-29
0.5088517987999975,0.003018082481442886,0.4881249141867663,5.2045322302060926e-06,2012-05-30
4.505170431912962e-16,0.10408862824632266,0.895320335959412,0.0005910357946452194,2012-05-31
2.9419794180878274e-61,0.9956969455566317,0.0038660023128598915,0.0004370521303625391,2012-06-01
1.0831547463586799e-12,0.992384553578899,0.007588399601331831,2.7046819112509267e-05,2012-06-04
0.9240412568876978,0.06735599549918074,0.008552306658959764,5.044095376707554e-05,2012-06-05
9.48244721867524e-231,0.986051635557443,6.594427399249614e-07,0.013947705000183434,2012-06-06
0.7339896639028478,0.22870916176210576,0.03702839286013749,0.00027278147518798547,2012-06-07
0.4053307509140169,0.5942297954641625,6.353003284740605e-05,0.0003759235888613031,2012-06-08
3.8990783401286273e-07,0.9723281659764235,0.027247239072906954,0.0004242050424515937,2012-06-11
6.694092095611977e-173,0.9998063985443382,2.401840337044299e-05,0.00016958305197040287,2012-06-12
0.9414557870243399,0.044157399851540276,0.014350488511410828,3.632461290531913e-05,2012-06-13
4.320649716601772e-18,0.8677592858259615,0.1316104499527786,0.0006302642211564922,2012-06-14
7.224145820946153e-88,0.9753777943035334,0.022594504937326773,0.0020277007592952,2012-06-15
1.4599343959119993e-141,0.9977087074178956,4.375697630971645e-10,0.0022912921443333056,2012-06-18
3.4705182440666887e-34,0.330732398159591,0.6692645309813027,3.070859430584191e-06,2012-06-19
0.9517353803530675,0.004274388572708048,0.043986294778645185,3.936295479676564e-06,2012-06-20
2.286155303696518e-72,0.3310856500019654,0.6685835555707844,0.00033079442736665794,2012-06-21
3.234797050684591e-13,0.30668848605493304,0.6931641370646383,0.00014737687979150062,2012-06-22
7.528114907448738e-07,0.8970173285317187,0.10298118706717638,7.315895006896579e-07,2012-06-25
0.9671742657905614,0.0022938721682734184,0.030531853668214228,8.372973404488087e-09,2012-06-26
0.9397379487170505,0.0003485603383368342,0.059913469929471594,2.1015065317770013e-08,2012-06-27
0.9324097140717713,0.003003691599371907,0.06457943951424779,7.154814390289346e-06,2012-06-28
3.865411057296554e-135,0.9902772032531668,0.009691128665035863,3.166808164530664e-05,2012-06-29
0.9668917355332626,0.003279401373731691,0.029828832166692493,3.092630922089427e-08,2012-07-02
0.9676450731781638,0.0008467526322713367,0.03150817225199812,1.9377701721929486e-09,2012-07-03
0.9512758530710275,0.0003000881972003439,0.04842402804835626,3.0683747318825445e-08,2012-07-04
5.742587506798639e-05,0.004399651101285397,0.9955428965302466,2.649369222774335e-08,2012-07-05
0.9107926383975209,0.00042589543683310677,0.0887814555347698,1.063122436525929e-08,2012-07-06
0.5950809000524087,0.003564723000228701,0.40135008193970556,4.29500776929069e-06,2012-07-09
2.411492212361176e-59,0.08854824836780065,0.911449660163744,2.091468041955574e-06,2012-07-10
0.632135419022446,0.0016120368776308112,0.3662520069412371,5.371583453315354e-07,2012-07-11
0.04054186872422484,0.014610047100658186,0.9448479713621711,1.1281326562398838e-07,2012-07-12
0.9317072845490757,0.0004570077847418915,0.06783569040987196,1.7256610317360225e-08,2012-07-13
5.190100091909594e-07,0.004764239318558293,0.9952346689494287,5.727216030425819e-07,2012-07-16
6.062489704645572e-07,0.007247667406429405,0.9927517004173398,2.592765936729906e-08,2012-07-17
0.9609090874521756,0.0013097521771679736,0.0377811597394676,6.314472519425114e-10,2012-07-18
0.9362893163514605,0.0001518522427823644,0.0635587748284176,5.657755334112782e-08,2012-07-19
5.700589659177609e-06,0.004311217478224621,0.9956767453588526,6.3365732783688366e-06,2012-07-20
2.3266374129062367e-28,0.07182508252908168,0.9281745396065495,3.778646089779898e-07,2012-07-23
0.9398079208517206,0.0009371570875725397,0.05925488125804065,4.0802918477912657e-08,2012-07-24
0.9064051485918168,0.008235299410244786,0.08534801375684113,1.1538240779341074e-05,2012-07-25
3.0884360129641874e-130,0.9978357837336499,0.0003766828054053002,0.0017875334607815037,2012-07-26
0.08528305770921737,0.9106550094218854,0.0036151687557156014,0.00044676411342261656,2012-07-27
6.847180065904382e-91,0.9417122951647459,0.05768962220744293,0.0005980826276055863,2012-07-30
0.7953079390028831,0.2042636246187795,0.0004260957345554511,2.3406438317492095e-06,2012-07-31
0.47723874369217956,0.005181978780699824,0.5175792342763044,4.32510814093372e-08,2012-08-01
0.8994042897230394,0.0003893669002753638,0.10020633372886885,9.648226787082631e-09,2012-08-02
0.9182014209112918,0.0010266674877509115,0.08077182840545355,8.319539613649496e-08,2012-08-03
0.0035543792471836146,0.005966316436755687,0.9904684952763301,1.0809039628793476e-05,2012-08-06
1.1105145315127285e-07,0.05366285281197357,0.9463369836397878,5.2496732130301114e-08,2012-08-07
0.949976817512612,0.0005945300657186817,0.049428622268868384,3.01526944992461e-08,2012-08-08
0.42021095240275985,0.008536778969696577,0.5712522569973846,1.1629867004185108e-08,2012-08-09
0.9249311955866653,0.00014850709102321547,0.07492028690800807,1.0414169021993347e-08,2012-08-10
6.311975115046176e-07,0.001964818911909757,0.9980342345381045,3.1535253473455826e-07,2012-08-13
1.3706021171919307e-06,0.004470479612738431,0.9955280537358844,9.604965164222547e-08,2012-08-14
0.009587101785619926,0.00320783521680073,0.9872050127292054,5.026828133259509e-08,2012-08-16
0.9721812099941185,0.001469286319089126,0.026349311743363184,1.919434358596578e-07,2012-08-17
2.2007525417862646e-46,0.04522071424337634,0.9547785496869354,7.360692522502017e-07,2012-08-21
0.8371247552443127,0.0007893586119315585,0.16208588055844483,5.58487052284725e-09,2012-08-22
0.9691580202038693,0.0009389799360813706,0.029902995421778815,4.4382785425713275e-09,2012-08-23
0.7891289296837848,0.0005403653636227327,0.21032979472873672,9.102236798902135e-07,2012-08-24
2.667192892442977e-11,0.030304864702101926,0.9696538534357236,4.128183593769003e-05,2012-08-27
2.1417990377595842e-52,0.5558842932230106,0.443624847838229,0.0004908589383631239,2012-08-29
2.608938831305939e-06,0.7860631443130105,0.21386036115993343,7.388558867781643e-05,2012-08-30
2.8468355258362443e-09,0.22223617042302135,0.7777609331550666,2.8935746518378403e-06,2012-08-31
0.7255179499990911,0.0047575344190733775,0.2697243860432082,1.29538569930105e-07,2012-09-03
0.1739066416457824,0.0028025190503280246,0.8232906385441737,2.0075941878065604e-07,2012-09-04
0.21751985128276213,0.004300865068462159,0.7781792368465863,4.6801763860181604e-08,2012-09-05
0.6755319306627096,0.0009320825270456102,0.32353578504550756,2.0176509404200003e-07,2012-09-06
3.606433466448371e-16,0.021891403593021254,0.9781084013165007,1.9509071368137583e-07,2012-09-07
0.9226246838862281,0.00021069152552751044,0.07716454731892848,7.72693683923911e-08,2012-09-10
5.543613961714327e-41,0.014344197062400428,0.9856539407733452,1.8621644928060498e-06,2012-09-11
0.004814921338492168,0.0051417647652512765,0.9900432992648952,1.4631639415257784e-08,2012-09-12
0.9235650522526695,0.00035625601469546614,0.07607821047214147,4.81260063526369e-07,2012-09-13
1.2722004887214627e-31,0.12240687961439128,0.8775764690317115,1.6651353730809096e-05,2012-09-14
0.958856270229457,0.008074283743628348,0.033069434284505206,1.1742240852951038e-08,2012-09-17
0.8986694788571351,0.0004558693501402927,0.10087435199767951,2.997953302598952e-07,2012-09-18
0.47594886279716553,0.02735343349715087,0.49664549864203794,5.220506380419523e-05,2012-09-20
4.741726066204307e-133,0.9996790218272583,9.242755194937973e-06,0.00031173541799848245,2012-09-21
0.6683157709490515,0.02414386820600658,0.30754013121348467,2.2963146642397445e-07,2012-09-24
0.9495300426198123,0.000995126277155703,0.04947482864537199,2.4576507784751706e-09,2012-09-25
0.9161457982834594,0.0002791168874877132,0.08357505476446699,3.006440881862778e-08,2012-09-26
0.5755011833615243,0.003580725994186597,0.42091797057280356,1.2007150714922114e-07,2012-09-27
0.8135457300538005,0.004081137534666922,0.18237312293948288,9.471752946915005e-09,2012-09-28
0.9223749012135203,0.0003049890825843885,0.07732010585319121,3.850894066105482e-09,2012-10-01
0.9352908840869609,0.00036780519298483896,0.0643398587739081,1.4519462802018797e-06,2012-10-03
1.2294384794526938e-05,0.12734079409607052,0.8702137878587097,0.0024331236601079697,2012-10-04
0.0,1.9161129636319984e-243,0.0,1.0,2012-10-05
1.260949069260473e-104,0.9996892917072057,0.0001858129063407492,0.00012489538603812579,2012-10-08
0.9705592269613782,0.005579117470543787,0.023860692457005908,9.631106580347555e-07,2012-10-09
0.1515965838261579,0.012851358344817458,0.8355117796954747,4.0278133258373536e-05,2012-10-10
7.38362540565183e-05,0.3905123804695493,0.6094073110749936,6.4722011834372894e-06,2012-10-11
0.9157341489357349,0.028184942424530738,0.05608086954557822,3.909382169552496e-08,2012-10-12
0.9456164286583948,0.0003321846751169935,0.05405111769291553,2.689737839061179e-07,2012-10-15
1.764515849567867e-26,0.05590035930539568,0.9440993867475191,2.539468982759632e-07,2012-10-16
0.8779626181692657,0.0009216726753153091,0.12111547551685456,2.3363834711153249e-07,2012-10-17
4.003600780928817e-07,0.044655167935986215,0.9553440492028102,3.825011472392461e-07,2012-10-18
0.6912301674194017,0.0016028601842561834,0.30716687677588045,9.562013976716143e-08,2012-10-19
1.905573709476949e-20,0.005009650840440938,0.9949900778847239,2.712752349249448e-07,2012-10-22
0.03243387570122066,0.003003572974397068,0.9645625358202286,1.550446845894292e-08,2012-10-23
0.8704055820872411,0.00045111687087172195,0.12914317581538814,1.2522671515931876e-07,2012-10-25
0.7249657647657448,0.030745402905802584,0.24424922032879565,3.9611999273417204e-05,2012-10-29
2.4721537275376167e-17,0.7908726864315411,0.20911952363478953,7.789933680403484e-06,2012-10-30
0.5494497341244973,0.0092045735612966,0.44134464793742284,1.0443763482645084e-06,2012-10-31
3.7328221383172793e-08,0.004417162431989575,0.9955827203445284,7.989538137839345e-08,2012-11-01
0.8065376874055451,0.0015533617508401315,0.1919089481367237,2.7066810895832285e-09,2012-11-02
0.940209340470529,0.00010243943262953816,0.05968820214178766,1.7955124833887582e-08,2012-11-05
1.0127731407200135e-07,0.002101742549065773,0.9978973029004389,8.532732299678029e-07,2012-11-06
3.225043278863416e-07,0.0061490394975735425,0.9938505253693938,1.1262853068920514e-07,2012-11-07
0.008448652530280248,0.0030482259283610646,0.9885023492416377,7.722998877364531e-07,2012-11-08
7.313790024367083e-10,0.03727753007980122,0.9627224069943321,6.219455593131948e-08,2012-11-09
0.949759378941875,0.0008632535505246281,0.04937728026102268,8.724623713429703e-08,2012-11-12
0.2661075915192706,0.020696398593843698,0.7131576268666174,3.8383020174923745e-05,2012-11-15
4.2796319480635684e-11,0.4738755788284936,0.5261239951318063,4.2599708461033916e-07,2012-11-16
0.9461799011337689,0.0011515790217720028,0.05266828177573444,2.380689856140191e-07,2012-11-19
0.030889058295452423,0.013074674072347412,0.9560344020078754,1.8656238842206432e-06,2012-11-20
0.011349792036118408,0.01645610943043352,0.9721940760740361,2.245930467740295e-08,2012-11-21
0.9269974277963527,0.0004268412830455357,0.07257572913486855,1.785740806181532e-09,2012-11-22
0.9407423070702192,0.0005060834125635937,0.05875160209093093,7.426160168272408e-09,2012-11-23
0.9343204527699643,0.0012206366034090328,0.06445188923265653,7.021393549905743e-06,2012-11-26
1.4779499317498235e-72,0.6635146518520779,0.33459149227355295,0.0018938558741649735,2012-11-27
1.0984701694765023e-111,0.9084095518262808,0.09133588518047037,0.0002545629934597487,2012-11-29
6.167607848173939e-14,0.09817081105003791,0.9018288503355505,3.3861419758932975e-07,2012-11-30
0.9210974924769265,0.0005211456689549359,0.07838134295934773,1.8895112444615453e-08,2012-12-03
0.27707977515517124,0.0025671813288794163,0.7203529968446615,4.6671517196481724e-08,2012-12-04
0.9460809656623543,0.000714119959959048,0.05320310597585764,1.8084022415556501e-06,2012-12-05
0.625307677025407,0.3745779059610408,9.653736467936127e-05,1.7879648870817458e-05,2012-12-06
0.5855227221442961,0.025730308872052916,0.3887469112716278,5.771230896563864e-08,2012-12-07
0.9361250470115545,0.0003867161824272105,0.06348798065634526,2.5614940303535556e-07,2012-12-10
0.9581179229790318,0.041000309069968315,0.0008806980842977791,1.06986629990065e-06,2012-12-11
0.011230752737216831,0.0030854933967748455,0.9856833118046269,4.420613738207693e-07,2012-12-12
1.5487454813333442e-17,0.005458768554315029,0.9945410609041665,1.705411234675419e-07,2012-12-13
3.0174305222467166e-05,0.003635508207207497,0.9963342986041216,1.888385667203509e-08,2012-12-14
0.844921748469246,0.0007397367257135733,0.15433841315650934,1.016483906388171e-07,2012-12-17
0.975785055832566,0.01834643282084939,0.005868483174226779,2.8172579875520474e-08,2012-12-18
0.9287797735194172,0.0003888977151577028,0.07083132027002377,8.495397162334068e-09,2012-12-19
0.924811805642502,0.0006004793528243786,0.07458753670168607,1.7830333837890842e-07,2012-12-20
8.292091230722352e-20,0.023030074802797878,0.9769697756231333,1.4957384011426023e-07,2012-12-21
0.9251117796118623,0.0001344185016960762,0.07475376484737635,3.7039499862191815e-08,2012-12-24
2.2715601438928643e-09,0.007104591206015187,0.9928902229998162,5.18352239155502e-06,2012-12-26
3.064532975073662e-50,0.07699460393161618,0.9230035004562863,1.8956117199328647e-06,2012-12-27
0.4388428649529188,0.0037639412976762194,0.5573931820928925,1.1656932581648164e-08,2012-12-28
0.935013459814204,0.00018900437473237485,0.06479741766812519,1.1814262189339863e-07,2012-12-31
0.31758613444518974,0.010675151053745634,0.6717385301368027,1.8436413172541444e-07,2013-01-02
0.9395495725627371,0.0002764695363967386,0.06017395638906805,1.5119834533514267e-09,2013-01-03
0.926723203913751,0.0002357655394929694,0.0730408993917003,1.3115463434564766e-07,2013-01-04
9.42844838195749e-28,0.01825177723141598,0.981748165843207,5.69250559848593e-08,2013-01-07
0.8988417647484067,0.00021396689717101286,0.10094425349099308,1.4863561962112394e-08,2013-01-08
0.001093949762156711,0.004606472549412565,0.9942993032661614,2.7442193456522166e-07,2013-01-09
0.11305745755907391,0.0034459326488469125,0.8834962289024766,3.808899395193526e-07,2013-01-10
2.734865644333354e-31,0.019670623701709064,0.9803269108404848,2.465457409897373e-06,2013-01-11
7.540768414071402e-24,0.029358122052394978,0.9706418323822231,4.556557969814645e-08,2013-01-14
0.9093113250325092,0.0004258578360414385,0.09026278871524347,2.84165037343117e-08,2013-01-15
6.939624135647633e-16,0.006728099292986543,0.9932701353345681,1.7653723748055417e-06,2013-01-16
0.0005053129324851279,0.012994000765985413,0.9865006717945503,1.4507350131493237e-08,2013-01-17
0.9274044156013963,0.0004006355331205059,0.07219494808104489,7.84331313663281e-10,2013-01-18
0.9329454365279445,0.00016222289154788812,0.06689224537723285,9.520320660574534e-08,2013-01-21
0.019049010102282236,0.008895789949146762,0.9720551675058623,3.2442744057402654e-08,2013-01-22
0.9331423552606548,0.0004026435763335784,0.06645498950763952,1.1655522371926724e-08,2013-01-23
0.2139623742098242,0.0033611887540122877,0.7826757610205614,6.760158602903736e-07,2013-01-24
2.877146059322182e-17,0.010583612066388285,0.989416374478891,1.345496319090519e-08,2013-01-25
0.9398270422452172,0.00023593873079605303,0.05993700474709277,1.4276949957523233e-08,2013-01-28
0.9509176016274772,0.0038433531779531868,0.045239039976479566,5.218274159253802e-09,2013-01-29
0.9483695437060529,0.00020893522156885898,0.051421518404052666,2.66811014642705e-09,2013-01-30
0.8801283523076665,0.00021356809070166577,0.11965797627539011,1.0332665035008623e-07,2013-01-31
7.096107243157477e-07,0.007063580374192399,0.9929352243230745,4.856924369608048e-07,2013-02-01
9.738037758118446e-07,0.004729754722651814,0.9952692634821737,7.99149468279615e-09,2013-02-04
0.8422502643462486,0.00027162840090032113,0.15747804118215722,6.607054321182716e-08,2013-02-05
4.3576960710684634e-05,0.0036388445933441707,0.9963174569838334,1.2146214510992447e-07,2013-02-06
0.8875879837660912,0.0011742334696277876,0.11123771990469673,6.285983607157218e-08,2013-02-07
0.7214426453484225,0.013335274306990117,0.26522199920265105,8.114216222473807e-08,2013-02-08
0.6541977967863254,0.00070144592323346,0.345100681239134,7.605166479195129e-08,2013-02-11
0.003002649645252255,0.0035470432614303216,0.993450293972396,1.3120987007765138e-08,2013-02-12
0.9452709596753657,0.00019276779652210464,0.05453626150430776,1.1024128268790915e-08,2013-02-13
2.2676777999821406e-06,0.005792391108234156,0.9942053019190635,3.929486180907096e-08,2013-02-14
0.895107541356704,0.0005301395638235832,0.10436231864876007,4.306704514907282e-10,2013-02-15
0.9420301688118137,0.00011780458951470497,0.057851985035349364,4.1563691731548196e-08,2013-02-18
2.009649093599481e-05,0.006379495944430065,0.9936000670401717,3.405248827393709e-07,2013-02-19
0.04527111106545204,0.0033162163793303986,0.951408758284928,3.914270589995753e-06,2013-02-20
3.6810382290984264e-28,0.09561269357038188,0.9043871714454507,1.3498403985520625e-07,2013-02-21
0.9327368192430677,0.0004505228470853053,0.06681264193359446,1.5975980152059272e-08,2013-02-22
0.9558610531162182,0.0036559700908328717,0.04047887850377804,4.098289398112798e-06,2013-02-25
1.4017452561190343e-74,0.8920353804173214,0.10768005853897465,0.0002845610437584852,2013-02-26
0.8182649357059113,0.17548740442437674,0.006152044737009112,9.561513234600672e-05,2013-02-27
4.76761338979318e-226,0.9997326566975923,3.767785517379827e-12,0.0002673432986627447,2013-02-28
0.9767759214861981,0.009493424568865276,0.013730563767516935,9.017768086529009e-08,2013-03-01
0.8822284607929736,0.0014624583780258132,0.11630772699471657,1.3538344047581486e-06,2013-03-04
1.5632919631741513e-55,0.09282931971788703,0.9071698303330417,8.499494577851504e-07,2013-03-05
0.904097714142285,0.0005884441513300738,0.09531352587674262,3.158296208612739e-07,2013-03-06
1.2315002240301433e-35,0.02806703378796013,0.9719198120018137,1.3154209942543071e-05,2013-03-07
4.983080931821157e-48,0.06245779728432952,0.9375420650155725,1.3769982170369023e-07,2013-03-08
0.9177272903323953,0.00030286696817198176,0.08196981110735246,3.159208390986179e-08,2013-03-11
0.03514090845078763,0.0058136282573049815,0.959042430963127,3.032328634724093e-06,2013-03-12
1.6117337318427262e-06,0.04597263704791984,0.9539814276372047,4.432358146748625e-05,2013-03-13
1.986261641069088e-09,0.99963047932142,1.4943888608227298e-05,0.00035457480381598456,2013-03-14
0.00017992785029459306,0.726231358613416,0.27354530358018664,4.340995615086302e-05,2013-03-15
0.544535493583591,0.09160686311875739,0.3635654776913481,0.0002921656065730674,2013-03-18
8.360194932923118e-148,0.9986529468854439,5.186849470733243e-06,0.0013418662648516256,2013-03-19
1.6077108973428127e-16,0.62666887020715,0.37267453620201046,0.0006565935911068069,2013-03-20
9.089751217316977e-06,0.9987237788237608,0.0012579613436571402,9.17008159525552e-06,2013-03-21
0.9653105201948653,0.020364925919724358,0.014313130615530134,1.1423270227972478e-05,2013-03-22
1.5126613433482254e-52,0.24008527988659029,0.759891117607795,2.3602505625811143e-05,2013-03-25
0.006749073895671002,0.03634097459570342,0.9568717272870781,3.822422130743152e-05,2013-03-26
0.678100198717131,0.2821681340902269,0.03973136669139585,3.005012287249865e-07,2013-03-28
0.9510261832073934,0.0016550941800149977,0.04731745001691066,1.2725953105405102e-06,2013-04-01
5.481810143801164e-12,0.08924775817171969,0.9106789278339666,7.33139884089091e-05,2013-04-02
7.173598925216685e-35,0.8204734461836453,0.17927783203797926,0.00024872177868177534,2013-04-03
5.003623091199889e-56,0.8772164890917785,0.12277562226672026,7.888641838154177e-06,2013-04-04
0.9179502586861936,0.004977632212038579,0.07707197732860623,1.31773512530628e-07,2013-04-05
0.9216489069475596,0.002425715292897342,0.07591693123457188,8.44652461439917e-06,2013-04-08
6.791153140697968e-36,0.9980442298901658,0.0012997717463471324,0.0006559983631576717,2013-04-09
0.10007877094799526,0.8997903907848638,9.790488119353111e-05,3.2933385969513374e-05,2013-04-10
0.9360375703747522,0.05673704612308238,0.007208495310957086,1.6888190761182253e-05,2013-04-11
0.1477208551419572,0.11400176018488761,0.7380560795392587,0.00022130513356270512,2013-04-12
2.255216134026741e-19,0.8470561494306794,0.15269673442011353,0.0002471161490091867,2013-04-15
1.6635904687452671e-223,0.998455214355468,2.92976195643178e-07,0.0015444926684559878,2013-04-16
0.9144614676384841,0.07176164718623727,0.013720537274979195,5.634790066041532e-05,2013-04-17
1.944214289665455e-139,0.9836146217529553,0.015882928250901075,0.0005024499960785709,2013-04-18
1.1148499161364251e-17,0.10914867214958167,0.8908507096276672,6.182228994828514e-07,2013-04-22
0.9497765219520133,0.0008102336823496674,0.04941312348472828,1.2088083605938357e-07,2013-04-23
1.5458987002722145e-38,0.01781357105255351,0.9821847656360363,1.6633110637199602e-06,2013-04-25
0.0019905451042715222,0.0033496933805240263,0.9946592473997632,5.141155726112724e-07,2013-04-26
0.26880262910502645,0.011806285274617204,0.7193862101228762,4.875497301529192e-06,2013-04-29
0.6997813522675149,0.29966650516782073,0.0004481031851494515,0.00010403937986265385,2013-04-30
9.5196703591708e-72,0.6839853158764954,0.31589028160358235,0.00012440251964246157,2013-05-02
1.1044202142479567e-15,0.1110325475025947,0.8889643745887902,3.0779085549783994e-06,2013-05-03
0.3130382878115903,0.004704770348257205,0.6822550939858895,1.8478544514724948e-06,2013-05-06
2.7095129696014157e-43,0.03822084869285312,0.9617788806461068,2.7066126158535904e-07,2013-05-07
0.9574456328077483,0.0008799850450968864,0.04167436072551655,2.1421972697701557e-08,2013-05-08
0.007366816167714185,0.0027585313715323165,0.9898711487014429,3.5037592835934364e-06,2013-05-09
1.0958720922132378e-19,0.05286910277242096,0.947097585152106,3.331207578199767e-05,2013-05-10
1.0782439567205466e-194,0.9999158453907404,8.291839335010106e-07,8.332542566126214e-05,2013-05-13
0.9421004996730046,0.04369863789684244,0.01416261377088734,3.8248659396744445e-05,2013-05-14
1.474053858995337e-232,0.9963368506705442,1.3121692949884226e-05,0.0036500276367504906,2013-05-15
2.1147479190435418e-08,0.07978156122221662,0.9202179027293116,5.149010001439334e-07,2013-05-16
0.9554801505146976,0.0007867804237836024,0.04373275254454455,3.165171944339377e-07,2013-05-17
0.002358131069707117,0.0915113333590857,0.9060978641694236,3.267140172451395e-05,2013-05-20
0.003124203718796163,0.12181431598656796,0.8750286205676804,3.285972716477134e-05,2013-05-21
0.2765714683649698,0.2140033825709652,0.5093450514404684,8.009762397697976e-05,2013-05-22
1.5430875488541722e-47,0.9989072253666404,0.0008616428823579218,0.0002311317511880808,2013-05-23
0.7417492206991407,0.25156104226113746,0.006575672805326452,0.00011406423409200256,2013-05-24
6.261178665304752e-65,0.9853461659993062,0.01461695723766551,3.687676345420048e-05,2013-05-27
0.9617369252852036,0.024241590333894197,0.014021425112354005,5.926894712267649e-08,2013-05-28
0.9423633724312259,0.0007212913600351424,0.056914851904658594,4.843040692400607e-07,2013-05-29
5.27886419715425e-25,0.0751231816419622,0.9247493026223368,0.00012751573606751665,2013-05-30
3.2133875204281385e-163,0.9985652629290508,1.4328010217748988e-06,0.0014333042696470719,2013-05-31
2.731179260807495e-15,0.8675999065451396,0.13238685162849045,1.3241826444240915e-05,2013-06-03
0.9434804139430677,0.02980307057382021,0.026716435859504777,7.962384189813328e-08,2013-06-04
0.9528430105462896,0.0007993119880323762,0.04635742684325493,2.506221585289577e-07,2013-06-05
0.9450642494149898,0.049516949427005665,0.005397152691261446,2.164846708508188e-05,2013-06-06
0.6043937081640882,0.394139961515446,0.0013977850158084786,6.854530479222297e-05,2013-06-07
0.7434882417391746,0.1159457674029831,0.14051572917166846,5.026168626869337e-05,2013-06-10
2.844823652325664e-25,0.3338013674872666,0.6661958545694934,2.777943011386567e-06,2013-06-11
0.8919621246745593,0.003918622250758729,0.10411884217738875,4.108975883994223e-07,2013-06-12
0.24316437983950695,0.011146092847614603,0.7456707625638221,1.876474930770707e-05,2013-06-13
4.543681860831578e-28,0.1509189566702555,0.8490640056403955,1.703768944137576e-05,2013-06-14
0.9408553801587176,0.04436612213548126,0.014776517854496797,1.9798515273999833e-06,2013-06-17
0.09405490718304269,0.015605683293652108,0.8903390297152391,3.798084351364382e-07,2013-06-18
0.9503590347654075,0.0034778694126571764,0.0461609782649907,2.1175566303265213e-06,2013-06-19
7.11360909851037e-160,0.9995214663333334,1.777744052234472e-06,0.00047675592302122015,2013-06-20
0.8973819547209533,0.06166519111761995,0.04093114884290533,2.1705318083144466e-05,2013-06-21
1.794040985082848e-14,0.13955339792956162,0.8603891978998719,5.740417065136227e-05,2013-06-24
0.8562939579994662,0.14353482686629254,0.00015359662210836692,1.7618512288953418e-05,2013-06-25
4.660491022468172e-10,0.0681353065558959,0.9317909214850575,7.377149275061765e-05,2013-06-26
0.0002758870263500845,0.6114080321684303,0.3880695659601254,0.0002465148454591489,2013-06-27
2.7147784404938886e-123,0.9842592063906206,0.013881829071498049,0.0018589645378135353,2013-06-28
5.717229223717566e-35,0.2810868748535599,0.718903373604185,9.751542256377923e-06,2013-07-01
0.004395468827707959,0.009974840892837315,0.9856272613968488,2.4288825877023633e-06,2013-07-02
3.0468457340167213e-15,0.009601087528929594,0.9903970678040289,1.8446673935701862e-06,2013-07-03
8.496138798615235e-10,0.010584443770153095,0.9894154799267706,7.545354429885784e-08,2013-07-04
0.541756449357189,0.001287491323372182,0.4569559852152431,7.410384406339016e-08,2013-07-05
0.28865352253242843,0.005577484215865853,0.7057686414279293,3.518240603957964e-07,2013-07-08
0.0002434611908907008,0.0031964793822117474,0.9965567024935638,3.3569335185564475e-06,2013-07-09
3.3954787505562807e-18,0.02363255733379888,0.976363986671716,3.4559940397599716e-06,2013-07-10
8.028567483419428e-11,0.058706300269533086,0.9412829491420981,1.0750507941125887e-05,2013-07-11
0.8083898774652721,0.04661691521976455,0.14499216460447087,1.042710372055216e-06,2013-07-12
1.5991129366329158e-07,0.004444156362971355,0.9955548648189771,8.189072019190795e-07,2013-07-15
0.01918822486892701,0.01134510620519421,0.9694665886015965,8.032397358436936e-08,2013-07-16
0.9691343980168218,0.0012876361379275127,0.02957787719267036,8.865254114666665e-08,2013-07-17
8.335504650475315e-16,0.015567701554432743,0.9844315176873109,7.807583067011213e-07,2013-07-18
0.030165967985960888,0.003721957534728172,0.9661120450990742,2.9380488624497704e-08,2013-07-19
0.9217308332125425,0.0011174191068087887,0.07715174141527119,6.265061956188104e-09,2013-07-22
0.8845691101999608,0.0019357687202917757,0.1134881961041624,6.924976036339059e-06,2013-07-23
6.418104869530846e-06,0.39288416569580387,0.6068245146901524,0.0002849015093325058,2013-07-24
1.0812857898627026e-24,0.4623661024675982,0.537578251459414,5.5646073309758846e-05,2013-07-25
1.4492736190992286e-15,0.10916259326458938,0.8908050742151402,3.233252046862232e-05,2013-07-26
1.0542499333910646e-07,0.1089458016261787,0.8909661077951692,8.798515339682105e-05,2013-07-29
2.9837376480113146e-52,0.9802817184790632,0.019575931079195398,0.00014235044170004413,2013-07-30
0.5871569267414698,0.410076771430296,0.0025511216501613036,0.0002151801777547375,2013-07-31
8.35368020748541e-06,0.9984456108760386,3.320081815812067e-08,0.0015460022433596158,2013-08-01
7.582722407049293e-31,0.9980428552805873,0.0019199667297470167,3.717798967122237e-05,2013-08-02
0.9192932747342727,0.0708978992886409,0.009759013033753983,4.9812943511950985e-05,2013-08-05
3.3879815132819443e-221,0.9955331153727272,8.467738491603689e-10,0.004466883780451212,2013-08-06
0.4836666055575794,0.4068329399307392,0.10935470845640698,0.00014574605550502124,2013-08-07
1.554108007233954e-33,0.325069935174272,0.6746421097958055,0.0002879550300550076,2013-08-08
0.30618289032015655,0.693070769365035,0.0004911333819317837,0.0002552069327576683,2013-08-12
2.575681962345093e-92,0.9984846590587234,0.0007461050323191384,0.0007692359093151847,2013-08-13
0.6285476814714182,0.3428993967731156,0.02533616246775304,0.0032167592873371983,2013-08-14
0.0,0.0052225250405476525,6.329012128871274e-38,0.9947774749593765,2013-08-16
6.210281548802837e-45,0.9598591755235882,7.186238791323315e-11,0.040140824404246614,2013-08-19
1.1263612102928946e-05,0.9842555416224648,4.916914553713568e-07,0.015732703074000702,2013-08-20
0.0,0.002572756935179486,3.594348456907141e-34,0.9974272430646256,2013-08-21
3.5608983098087695e-156,0.5572357739647464,7.296781399268527e-14,0.4427642260348498,2013-08-22
0.00011555037551546161,0.998752058611371,3.1777610010869736e-05,0.0011006134027531124,2013-08-23
0.7745819079507618,0.22210853415116305,0.0021370835452993583,0.0011724743524132264,2013-08-26
0.0,0.26411272414445514,1.8980765352190062e-19,0.7358872758554902,2013-08-27
1.6351115689041462e-16,0.005989955328177387,1.033057623401747e-37,0.9940100446718527,2013-08-28
4.205571399509043e-82,0.9385066384206635,2.2753162259017183e-08,0.06149333882644823,2013-08-29
3.822520015897364e-14,0.9947221123900052,4.871190712556497e-10,0.005277887123065515,2013-08-30
1.5857032894480992e-56,0.9712535778840582,0.012726858906059884,0.016019563209505358,2013-09-02
0.0,2.4131798950805766e-06,2.6869267325054295e-58,0.9999975868197011,2013-09-03
3.4214049651722e-54,0.9146944389468851,1.4672331089354177e-11,0.08530556103846974,2013-09-04
6.0725695973116146e-12,0.9937240000986132,0.0024126567507199406,0.003863343144811989,2013-09-05
3.381114511735151e-14,0.9836130486306738,9.595684590396155e-08,0.016386855412880402,2013-09-06
0.0,0.18893876105326082,3.3414893331632947e-15,0.8110612389462925,2013-09-10
0.09283609305494463,0.9015210961235844,5.960104691904076e-05,0.005583209774197061,2013-09-11
1.1671363407856705e-43,0.9946267820514193,0.005327006131457234,4.621181716454711e-05,2013-09-12
0.8980596315599593,0.07350096753985702,0.028389969464638915,4.943143509281953e-05,2013-09-13
1.3960680819495003e-35,0.9998014279028433,2.0639948259408725e-08,0.00019855145723453397,2013-09-16
0.7287402064263538,0.046491569563772324,0.22474302592870335,2.5198081230895154e-05,2013-09-17
0.798494487352351,0.16834148254890724,0.03305294766595789,0.00011108243264098615,2013-09-18
1.1212712207866994e-42,0.9797309204588287,0.0006091063130203323,0.01965997322801616,2013-09-19
3.628690795006431e-32,0.8737807084076852,1.3445956913840897e-19,0.1262192915923348,2013-09-20
3.101024173612407e-15,0.9972365781675266,1.6313659828085173e-05,0.0027471081725166653,2013-09-23
0.0862939954828156,0.8261500811075072,0.08739566827941943,0.0001602551306658184,2013-09-24
0.6020766269731863,0.3974657808187852,0.00045311966383069303,4.47254426229479e-06,2013-09-25
0.9610811912055726,0.010930376712229468,0.02797834403634319,1.0088045456477757e-05,2013-09-26
3.753356206849205e-52,0.7038540171337613,0.2955272996521197,0.0006186832143646623,2013-09-27
2.4583464786443186e-35,0.8951877957541253,0.10438788753872266,0.00042431670751486787,2013-09-30
0.3746310425012739,0.6242684456306032,0.0008167817598256451,0.00028373010858772,2013-10-01
7.408312630162576e-75,0.9877030621799816,0.012271073788060775,2.5864032047769032e-05,2013-10-03
0.9782433515943514,0.011043467052702271,0.010712568538209406,6.128151382855668e-07,2013-10-04
0.9820071360097822,0.015662747698653237,0.002324690338063313,5.425953071933392e-06,2013-10-07
2.2939386782261324e-11,0.09056328990721368,0.9093634316188789,7.327845118452418e-05,2013-10-08
1.5072781959751807e-127,0.9993398013569467,0.0006526309267093681,7.56771643184851e-06,2013-10-09
0.9665946253011208,0.005236226661951793,0.028168075905462314,1.0721314727411567e-06,2013-10-10
0.741271056107825,0.03762371572784483,0.22110456457810967,6.635866432247529e-07,2013-10-11
0.8582198998896348,0.002761308143113459,0.13901333971687893,5.452250613000533e-06,2013-10-14
6.093438605738815e-12,0.5319612660265476,0.46784441946857497,0.00019431449847967427,2013-10-15
3.626924052977388e-15,0.4871706026669514,0.5125572986563587,0.0002720986767509172,2013-10-17
9.992781543938517e-184,0.9997942796683923,0.00014178440222275114,6.393592937911662e-05,2013-10-18
0.9726240921333194,0.007044403371878022,0.020331467952944444,3.654160268796791e-08,2013-10-21
0.9359019149353099,0.0007168787913063408,0.06337980048387483,1.4057892106661503e-06,2013-10-22
0.7651033085921085,0.23128333399695283,0.0035244488372669497,8.890857338667158e-05,2013-10-23
0.6805236587647606,0.31937332138335606,0.00010120865323089023,1.8111985093020936e-06,2013-10-24
0.9125505282852062,0.003058161748061686,0.08438806071524853,3.2492513625487413e-06,2013-10-25
4.766445574280188e-19,0.14173371261789292,0.8581354347104542,0.00013085267159922907,2013-10-28
3.905438076884037e-93,0.9998633399538063,0.00012713546187613178,9.52458420207414e-06,2013-10-29
0.9216620243727269,0.003685315715056964,0.0746511861266151,1.47378570816637e-06,2013-10-30
1.9589050456215458e-35,0.023977664751515828,0.9760222752880604,5.996067833941277e-08,2013-10-31
0.9189912566169516,0.00020294877570529334,0.08080577670007015,1.790730117212011e-08,2013-11-01
0.04144537898488366,0.006766022674191473,0.9517843405958245,4.257745375232976e-06,2013-11-05
1.999886941590903e-13,0.04533064871334548,0.9546391472237352,3.020406235880981e-05,2013-11-06
0.0703278546592148,0.8813852153105403,0.04824905667618197,3.7873354120017396e-05,2013-11-07
0.17038918750715767,0.15746479733337682,0.6720529837056043,9.303145358007057e-05,2013-11-08
0.031149095352843676,0.2012430775520414,0.7675015043190531,0.00010632277574769762,2013-11-11
5.5105061654829275e-33,0.40888674759221716,0.5911051163452532,8.13606288974852e-06,2013-11-12
0.9373587793780219,0.024966847225121047,0.0376701681204902,4.205275987429626e-06,2013-11-13
0.8075356164639536,0.06036059540561045,0.13205642020270533,4.736792745246304e-05,2013-11-14
4.715913808556328e-77,0.4786104213138618,0.5213700594051621,1.9519280941402623e-05,2013-11-18
0.951769061309944,0.00562933085278049,0.04258436697152909,1.7240865530416186e-05,2013-11-19
8.782909593326973e-23,0.8015620566066315,0.19784329246377097,0.0005946509297848307,2013-11-20
4.3908810709999864e-122,0.9991752937747344,0.00013540506421529861,0.0006893011609784115,2013-11-21
0.5345608261345112,0.37355900193593466,0.09172186216091285,0.0001583097685793048,2013-11-22
1.5287520329666397e-82,0.5315848406702639,0.4681528714759353,0.000262287853516642,2013-11-25
4.698864857409459e-07,0.08487575893099707,0.9151234616499266,3.095329727059347e-07,2013-11-26
0.9279879707484642,0.0006871676611806869,0.0713248561784771,5.411969375806755e-09,2013-11-27
0.9157393047138503,0.0009785544846503112,0.08328108699060019,1.0538105483184578e-06,2013-11-28
1.5421366650295337e-67,0.09424847665296081,0.905726154506681,2.5368840693876925e-05,2013-11-29
3.1135882440138086e-17,0.014150326064448967,0.9858496252583405,4.86771151710543e-08,2013-12-02
0.8753483613908554,0.0003047883851416912,0.12434680338917363,4.6834451416398276e-08,2013-12-03
0.2147455749078161,0.007631300774052939,0.7776210224121008,2.1019056010855466e-06,2013-12-04
0.648974083513189,0.03321283448005442,0.3178127162493505,3.6575734578707044e-07,2013-12-05
0.3155604374221439,0.001914917621005382,0.6825236819479716,9.630089646102646e-07,2013-12-06
1.2140021711763806e-16,0.022004133406447336,0.9779955631832306,3.0341075884049447e-07,2013-12-09
0.7179664139747364,0.0018942267883498471,0.28013935293292463,6.304002002372846e-09,2013-12-10
0.8350837756207524,0.0005163735496838398,0.16439978182078682,6.900857142132341e-08,2013-12-11
8.867943111449165e-10,0.0040826488119787025,0.9959164404383205,9.098630973885544e-07,2013-12-12
1.0004457149906374e-06,0.005804028021656365,0.9941949520805781,1.9452093141248115e-08,2013-12-13
0.8938582029389555,0.0002244645368980441,0.10591723061848295,1.019055238416214e-07,2013-12-16
2.349982568910376e-07,0.032067025278484464,0.9678889103250999,4.382939819515054e-05,2013-12-17
3.3402291940629974e-69,0.8794977594940607,0.12008122218129402,0.0004210183245368934,2013-12-18
1.5175471747218066e-62,0.9927402786005005,0.006714233769141477,0.0005454876300176226,2013-12-19
2.5380980796551183e-81,0.9865344450342228,0.013462890508706693,2.6644572418142937e-06,2013-12-20
0.9694422063821491,0.0013880109884503943,0.02916967438201818,1.0824720005095757e-07,2013-12-23
0.0018994082650228012,0.0036097495432281116,0.9944908106420342,3.1549781252150413e-08,2013-12-24
0.9388659421492636,0.0002603272317190207,0.06087372823060724,2.3883588464650915e-09,2013-12-26
0.5718053135101988,0.000868705959338884,0.42732547108529984,5.094447296111018e-07,2013-12-27
4.053552086251176e-08,0.010540220569591996,0.9894596363392014,1.0255571202375081e-07,2013-12-30
0.9382541636543311,0.0019145725470501116,0.05982753282348387,3.730974828493652e-06,2013-12-31
2.816900554361365e-26,0.9999817640053373,1.451208326768254e-05,3.723911302666334e-06,2014-01-02
0.9619759294569665,0.0018969040433753058,0.03612704609658818,1.204027671912231e-07,2014-01-03
0.08440254534316433,0.002999526702461332,0.912596440048916,1.48790542742112e-06,2014-01-06
0.0001579496521550316,0.028541090368583266,0.9713009377138638,2.2265008078128113e-08,2014-01-07
0.9323546962043537,0.000330669681510366,0.06731463146425565,2.6501975411216362e-09,2014-01-08
0.9263767914959553,0.0005671211032370381,0.07305533116342652,7.562373017592097e-07,2014-01-09
0.8695706204867995,0.129896346951011,0.0004615749646222993,7.145759735310337e-05,2014-01-10
3.7933104602329056e-67,0.42507270297546,0.5749222088665827,5.088158031295137e-06,2014-01-13
0.7843675971885474,0.0026473960231218727,0.21298370863225455,1.2981558613603348e-06,2014-01-14
1.8804274484171938e-36,0.025293292436724006,0.9747062548233867,4.5273963072711696e-07,2014-01-15
0.7456396859223168,0.0006148617663054518,0.2537452963110792,1.5600041819977005e-07,2014-01-16
2.9442432182210828e-06,0.02308923210419031,0.9769058636319072,1.960020781103106e-06,2014-01-17
7.973145219424845e-07,0.009591208640342255,0.9904079849987613,9.046789397350055e-09,2014-01-20
0.9360060371731225,0.00020823880745577455,0.06378570757241186,1.6447293451719225e-08,2014-01-21
0.5559301795016559,0.0052292414824541035,0.4388405601143641,1.8901728674850262e-08,2014-01-22
0.8361332891814087,0.0003656225278597091,0.16350077793737058,3.1035339571441025e-07,2014-01-23
0.00018710324761076803,0.034802713004852937,0.9649735788344767,3.660491282622592e-05,2014-01-24
9.634367172719625e-32,0.21956332492114372,0.7804228604386169,1.3814640667049941e-05,2014-01-27
0.981003725543602,0.007272899101514921,0.01172310540506479,2.699499678278815e-07,2014-01-28
1.1096145833706974e-07,0.005493686266771274,0.9945058763728297,3.263990839884068e-07,2014-01-29
0.6448477884017331,0.005840494818839563,0.34931170957898916,7.200698304659487e-09,2014-01-30
0.9394498126255203,0.0002454116702082343,0.06030429268641951,4.830181863636213e-07,2014-01-31
5.566727357343278e-23,0.07499029557043883,0.9249668934101435,4.281101902934436e-05,2014-02-03
3.9734990320820365e-11,0.08942760331890835,0.9105720863573822,3.1028431981828946e-07,2014-02-04
0.9765432231544684,0.002485555635480746,0.02097113178807168,8.942236732234928e-08,2014-02-05
0.9813186014827037,0.014835703278926022,0.003845662558760708,3.2679869980277225e-08,2014-02-06
0.9465322105924835,0.0005330181560763906,0.05293476417401393,7.077310486783187e-09,2014-02-07
0.7251630966001928,0.0009281855763137829,0.27390871215356893,5.670171054855502e-09,2014-02-10
0.9483508129039311,0.00020961880415590767,0.05143955382119536,1.4470361976576352e-08,2014-02-11
0.9368503297107645,0.0021688478303874075,0.060970857915769956,9.964543246583145e-06,2014-02-12
3.581901956846959e-82,0.9331688421918591,0.06679010916529461,4.104864298993021e-05,2014-02-13
0.943346231018707,0.03254321094962024,0.02410594900477744,4.609026985330762e-06,2014-02-14
4.610403351843947e-21,0.029608128729670894,0.9703915859673031,2.85303359042118e-07,2014-02-18
0.5736379860470859,0.0008001007847827468,0.42556179005695044,1.2311155983589884e-07,2014-02-19
2.07557536834823e-12,0.004884752352882108,0.9951129712166831,2.2764283401848398e-06,2014-02-20
3.778400898370541e-27,0.00678047444792701,0.9932185741164031,9.514353281244525e-07,2014-02-21
7.3107563605179e-12,0.005948419960931237,0.9940515748814633,5.150282449583815e-09,2014-02-24
0.9302354442450314,0.0001682690065027992,0.06959627871091609,8.037604630726724e-09,2014-02-25
2.0760519811978214e-10,0.002471036505546573,0.9975280530018223,9.102853505427796e-07,2014-02-26
1.3432141077809791e-24,0.00643370923355913,0.9935637773751533,2.513391047305052e-06,2014-02-28
5.553517557014163e-09,0.03383391645058382,0.9661495166523258,1.656134323028497e-05,2014-03-03
1.9949330388094258e-89,0.4786405562284196,0.5213551839251381,4.25984638557222e-06,2014-03-04
0.9394344458977929,0.0038234788695265666,0.05673906115604352,3.014076314945669e-06,2014-03-05
5.555494149226428e-28,0.10936895487113667,0.890435048483391,0.00019599664517540178,2014-03-06
7.002390598039146e-147,0.9868857253583738,0.01267913185581233,0.00043514278545505203,2014-03-07
1.3500579800549992e-05,0.1594012680094562,0.840582549001723,2.682408919794365e-06,2014-03-10
0.8265770069430158,0.007028351423555624,0.16639462215803003,1.9475377876682285e-08,2014-03-11
0.9460508312094305,0.0006882619020751213,0.0532608696442459,3.7244557537449e-08,2014-03-12
0.9758022670088822,0.008041331402651751,0.01615460898432689,1.7926039559013649e-06,2014-03-13
1.3218433679663502e-12,0.03315235271364224,0.9668473494376155,2.9784719009059955e-07,2014-03-14
0.9844387206096414,0.0024662371704892213,0.013095040996787578,1.2231371648703984e-09,2014-03-18
0.9339897208367687,0.00017782516915161112,0.06583242694317468,2.7051310869431464e-08,2014-03-19
0.22507532906405825,0.0027508497176607994,0.7721737466415066,7.45764190097955e-08,2014-03-20
0.5704644918284459,0.0009484768502363416,0.4285861735198334,8.578013600213931e-07,2014-03-21
4.626021608008574e-57,0.045583242463658386,0.9544107749436093,5.982592912398026e-06,2014-03-24
4.753505295567348e-09,0.006199878643999935,0.9938000948199288,2.1782369353306926e-08,2014-03-25
0.9417045282414624,0.0003036275095014076,0.05799183482803497,9.421068538599729e-09,2014-03-26
0.8927807273207786,0.005791524924443474,0.10142767304645646,7.470814630359361e-08,2014-03-27
0.8509216508836924,0.002484845366701768,0.14659348551589532,1.8233598196275385e-08,2014-03-28
0.9676412099343595,0.0009144540546248325,0.031444332175455246,3.835590538304274e-09,2014-03-31
0.9521612356425873,0.0007051920851664984,0.04713356955262219,2.719485847510245e-09,2014-04-01
0.9239534841720031,0.0003565447918647463,0.07568986135598084,1.0968012147850022e-07,2014-04-02
0.39563815957786996,0.01122049286909199,0.5931401856785821,1.1618741369918765e-06,2014-04-03
1.3170250416377774e-17,0.01108773587525366,0.9889115433650537,7.207593258415423e-07,2014-04-04
0.9705577370573171,0.005104768390882853,0.0243362022908905,1.292260808905698e-06,2014-04-07
3.2295914069506114e-27,0.22334770090438874,0.7766517677391321,5.313567542134118e-07,2014-04-09
0.9344977601723542,0.0007385345569680817,0.06476369770729445,7.563622643053933e-09,2014-04-10
0.8675543318178244,0.0006267886721829173,0.1318178160973685,1.0634124791391782e-06,2014-04-11
1.4989049298293315e-10,0.11377616659442424,0.8862047269932333,1.910626261055057e-05,2014-04-15
4.570166723789009e-10,0.056717683788091194,0.943263680979222,1.863477600037486e-05,2014-04-16
7.014254990571495e-59,0.11699090696510313,0.8830023032778291,6.789757173577003e-06,2014-04-17
0.005772915097598262,0.009880670995230734,0.9843463533891544,6.051774544432994e-08,2014-04-21
0.9337633413327714,0.00024552526167943964,0.06599113177051771,1.635359609245599e-09,2014-04-22
0.9166747863949825,0.0003523287937999603,0.08297223924445468,6.455671573316191e-07,2014-04-23
2.211652075865705e-32,0.09037392691804047,0.9096257989978364,2.740843433246094e-07,2014-04-25
0.8313392055713048,0.0005239607380801332,0.1681363618530063,4.7183799072971045e-07,2014-04-28
2.8978438751918573e-17,0.030315371744429612,0.9696563812544634,2.8247000840941336e-05,2014-04-29
0.7193834604223389,0.28045521557167613,0.00016108059114278107,2.4341497180525237e-07,2014-04-30
0.9435000986615376,0.0009221815848574446,0.05557771289295319,6.860324849683853e-09,2014-05-02
0.9532043222851955,0.0005978403429912206,0.0461978360301857,1.3417366234086773e-09,2014-05-05
0.9309463340145475,0.00021846323407441717,0.06883506067614609,1.4207551292089182e-07,2014-05-06
1.5196092164813857e-18,0.019545840107819887,0.9804537051238132,4.547679567426535e-07,2014-05-07
0.9773712462434175,0.002203826972083107,0.02039970955826609,2.5217226166416073e-05,2014-05-08
0.0,0.03765161633116562,4.062932704483589e-18,0.962348383669139,2014-05-09
7.167903514847747e-286,0.5972948659716599,2.3274456807930665e-10,0.4027051337958989,2014-05-12
0.07048337530442761,0.9279506259857894,0.0015423790194101544,2.3619690311799675e-05,2014-05-13
0.9674751685406058,0.005581155424965901,0.026943434798100307,2.4123668134283726e-07,2014-05-14
0.9844725834012457,0.005517111005263435,0.009927423016678193,8.28825770901968e-05,2014-05-15
9.415032212018506e-60,2.770436926581787e-16,1.242190705042396e-109,1.0,2014-05-16
2.1282257535047269e-16,0.998762743665594,0.0002085053846182252,0.0010287509494383885,2014-05-19
0.8624845237620654,0.13283134956622056,0.00468313058404582,9.96087724834825e-07,2014-05-20
0.9550361908065913,0.004235492930671661,0.04072829750293781,1.8759524640420572e-08,2014-05-21
0.9540986479033018,0.0008660910762355177,0.045034385667923796,8.753524410369301e-07,2014-05-22
7.821046298979728e-14,0.16613735529268975,0.833479715796551,0.0003829289110636779,2014-05-23
1.1813736529136262e-09,0.9443930518939142,4.4224484492325695e-20,0.055606946924323455,2014-05-26
0.04921286706822013,0.6534686092614437,0.29731059201965593,7.931650651587615e-06,2014-05-27
0.9506218161214146,0.0071915767436088185,0.04216898619974997,1.762093561714302e-05,2014-05-28
4.958428182796104e-43,0.6511335617884899,0.34806879138637653,0.0007976468247882385,2014-05-29
0.013257715029261768,0.9857184351566965,1.4467001755919182e-08,0.0010238353472593756,2014-05-30
2.8657085691497993e-50,0.9592972895577544,0.04045038941531765,0.0002523210268001426,2014-06-02
0.27854069629591444,0.23548489017835597,0.48597297510328885,1.4384227191576659e-06,2014-06-03
0.9236467857869428,0.0031561618376820186,0.07318844701213918,8.60536298432941e-06,2014-06-04
3.776656556659707e-12,0.6183406742561097,0.38147816755297004,0.00018115818679989722,2014-06-05
1.5147352367504924e-11,0.3443742555048045,0.6555904100274602,3.533445232347364e-05,2014-06-06
0.8676323735435152,0.06713023252226569,0.06523479359740296,2.600337236718651e-06,2014-06-09
0.9771696300267535,0.018217578199953618,0.004605624410013839,7.16736299407347e-06,2014-06-10
0.43191545793319996,0.23668963418051134,0.33139048982312586,4.418063379318314e-06,2014-06-11
0.9492289107483445,0.011435701444211174,0.0393235735514506,1.1814255992477063e-05,2014-06-12
1.7295079542000113e-107,0.9978114994596343,0.0021399678414082035,4.8532698815781285e-05,2014-06-13
0.9355077747897986,0.03308218806289029,0.031368910687360786,4.1126460319043895e-05,2014-06-16
1.433474531426734e-69,0.8840131688580266,0.11486053544074176,0.001126295701006763,2014-06-17
2.769034325314985e-13,0.9982198120502224,0.0017020271008922519,7.81608488150059e-05,2014-06-18
0.8059142886639704,0.15064799274779772,0.04343458124739722,3.1373405407457394e-06,2014-06-19
0.31040485329162015,0.009068008835113045,0.6805269417016889,1.9617180404606114e-07,2014-06-20
0.9795332517309633,0.0023199077910093847,0.018146667565135992,1.7291318960688482e-07,2014-06-23
1.4114225516129815e-25,0.013985037022047474,0.9860148663968887,9.658132367855336e-08,2014-06-24
0.8253473581642685,0.00035985191287261144,0.17429249356734836,2.963556846999308e-07,2014-06-25
2.3858546360138958e-14,0.021226229206400913,0.9787737092954486,6.149847980301451e-08,2014-06-26
0.9354325334868192,0.0003785284272016341,0.06418883030426231,1.0778160870117146e-07,2014-06-27
8.351979118878542e-38,0.038508774144301455,0.9614911485604929,7.729524473588067e-08,2014-06-30
0.9401180113922458,0.00015024555318652203,0.05973169667911151,4.637552518996811e-08,2014-07-01
1.3575631731987794e-07,0.006515069545443745,0.9934847282890934,6.640935102759788e-08,2014-07-02
0.8962134744282991,0.00036890024152467523,0.10341760882518548,1.650515304802871e-08,2014-07-03
0.9705948433200837,0.005740208555173251,0.023664890238200825,5.7886471276963185e-08,2014-07-04
0.9390284388335772,0.002447258920810857,0.05851078426481731,1.3517980645751512e-05,2014-07-07
1.34037936085467e-246,0.986128992989939,3.9473492090477584e-11,0.01387100697028997,2014-07-08
6.727200243123497e-05,0.8816137039289496,0.11366542542638733,0.004653598642100513,2014-07-09
8.359305473697659e-11,0.5032245361003138,4.954884390574085e-27,0.49677546381628696,2014-07-10
1.5323091694686912e-73,0.9999701753040648,2.307950572675716e-06,2.7516745069312554e-05,2014-07-11
0.9682803048045829,0.002315584530241201,0.029403239450993594,8.712137905456341e-07,2014-07-14
0.34462452135542,0.027806765925428852,0.6275473722736413,2.1340445496076158e-05,2014-07-15
1.2171498169989685e-06,0.1967789638092785,0.8032169715383992,2.847502533893169e-06,2014-07-16
0.3178829407897378,0.006961215644197432,0.6751553437654122,4.998005742311041e-07,2014-07-17
0.9419633043450634,0.003790580677462411,0.05424611276094758,2.2163973603377827e-09,2014-07-18
0.9351591155708611,0.00015006531703356456,0.06469075508943437,6.402289158463755e-08,2014-07-21
1.2714429994073093e-22,0.011231629727363433,0.9887682750128384,9.525968150463135e-08,2014-07-22
0.9259172182624189,0.00041725532023232097,0.07366551508244872,1.1335139764023722e-08,2014-07-23
0.34910422075984987,0.0029566112255830193,0.6479388207141138,3.473003547995563e-07,2014-07-24
0.5618295119716233,0.00889162295619484,0.42927849994009615,3.6513209448060407e-07,2014-07-25
0.0011420629465254241,0.005479853328517452,0.9933767193071206,1.3644178009825843e-06,2014-07-28
0.1375897776674767,0.025551479430900838,0.8368550627725851,3.680128745023953e-06,2014-07-30
1.449147264117468e-20,0.07028796604054897,0.9296510915287649,6.0942430975445964e-05,2014-07-31
7.77941151732855e-08,0.5864275328139912,0.41353239419432775,3.999519750999353e-05,2014-08-01
0.0004906685516442623,0.10948057704458207,0.8900043711633085,2.4383240031168912e-05,2014-08-04
0.9228448940785098,0.061730964535756896,0.015420947659567964,3.1937258310406692e-06,2014-08-05
1.1152529420366553e-09,0.02072776415429999,0.9792719873264181,2.4740376787617904e-07,2014-08-06
0.9374974137146045,0.001483599810593157,0.061018949896351794,3.6578094164651454e-08,2014-08-07
0.19279821112202558,0.004480262794193026,0.8027214423877614,8.369638358883753e-08,2014-08-08
0.8813659503506753,0.0005818246084369474,0.11805166639124944,5.58649944566534e-07,2014-08-11
0.07535409639092217,0.0478215694242239,0.8768242468456855,8.733950661933953e-08,2014-08-12
0.9310305322861055,0.000257448111595405,0.06871200484233092,1.4759682827027328e-08,2014-08-13
0.03271187150344078,0.0040574583057418154,0.9632259296214524,4.740569369949806e-06,2014-08-14
1.890310008866269e-53,0.07039344606242151,0.929606485538217,6.839954169048443e-08,2014-08-18
0.9314509568347652,0.00019640850564349528,0.06835260208473905,3.2575168134417544e-08,2014-08-19
0.00014672170223612496,0.0036580789792822572,0.9961951689229904,3.039537967885649e-08,2014-08-20
0.9502631072533739,0.00042100670269034886,0.0493158856263377,4.176775145750129e-10,2014-08-21
0.9554959826602576,0.00021944953530413677,0.04428455970354601,8.100648900541092e-09,2014-08-22
0.9063334460397796,0.0005818092522926201,0.09308472777257394,1.6935359911500474e-08,2014-08-25
0.43747379286420246,0.0019031185440578197,0.5606230752699448,1.3321581322963027e-08,2014-08-26
0.9371457512424054,0.00032494741151759937,0.0625292999245402,1.4218659440978514e-09,2014-08-27
0.9567580723562821,9.191385921942652e-05,0.04314997582120917,3.796336095992075e-08,2014-08-28
0.00022792885570427227,0.0023152554432814645,0.9974561665996072,6.49101762992325e-07,2014-09-01
5.740754957509384e-05,0.004195202189262541,0.9957473798758469,1.03855920990999e-08,2014-09-02
0.925085321182953,0.00041422706233845794,0.0745004502507429,1.5040560094385823e-09,2014-09-03
0.9059289225035025,0.000414660920396179,0.09365641331304349,3.2627094492237833e-09,2014-09-04
0.9442579765132472,0.00039880673898151783,0.055343173042935206,4.370494432292279e-08,2014-09-05
5.663339925188513e-06,0.005751659076601683,0.9942426328212173,4.4762501434297176e-08,2014-09-08
0.885182364804594,0.0002052130975750862,0.11461239838708008,2.371049939502221e-08,2014-09-09
6.466072981537595e-07,0.005066618795273981,0.9949325361435625,1.9845427371643976e-07,2014-09-10
0.8359717381781956,0.0010429212244741567,0.16298533976394503,8.329720121611906e-10,2014-09-11
0.933162391785636,0.00015846210509223887,0.06667899763287201,1.4847598690171082e-07,2014-09-12
0.08515976475498939,0.020819912439884007,0.893916341444945,0.00010398136061772982,2014-09-15
2.3829949974854212e-74,0.7664486805941088,0.23353350282341856,1.781658285006293e-05,2014-09-16
0.9326975067739245,0.024913792588994385,0.042347050237684064,4.1650399791325814e-05,2014-09-17
5.959269475171007e-199,0.9999066114732598,5.9326162351277754e-05,3.406236430181626e-05,2014-09-18
0.9677517017235729,0.002718236518324041,0.029526731315840285,3.3304418861919885e-06,2014-09-19
1.4501636369477167e-08,0.09365061476811119,0.9062782696082525,7.110112231224811e-05,2014-09-22
1.3600090248649282e-101,0.9945513866188974,0.005374478821845647,7.413455902889664e-05,2014-09-23
0.8747142636948958,0.11678052961423721,0.008434788628587936,7.041806259419438e-05,2014-09-24
3.47088085232595e-26,0.9680422614712199,0.03134077834900535,0.0006169601798808092,2014-09-25
1.8349723182227794e-11,0.9986490184356611,0.0013493351199548886,1.6464257350686464e-06,2014-09-26
0.9609621317953664,0.002867401824678643,0.036170268007340536,1.9837291497373e-07,2014-09-29
0.9885152250091644,0.006682936963594732,0.004801826095386811,1.1931550477552908e-08,2014-09-30
0.9079393544595248,0.0003455229709512397,0.09171409901667023,1.023552926781502e-06,2014-10-01
0.0030107340589121197,0.0890332166147083,0.9079558967649614,1.5256115914735203e-07,2014-10-07
0.9231035715682389,0.0002979571201913406,0.0765983932835374,7.802800652365562e-08,2014-10-08
8.468025856091924e-35,0.015803614638782933,0.9841888612171288,7.524143692570883e-06,2014-10-09
1.350540696986869e-09,0.017536773075840565,0.9824505667803932,1.265879351188935e-05,2014-10-10
0.01852761917923273,0.16187120165390867,0.8195713842571275,2.9794909902309223e-05,2014-10-13
1.8590742870888793e-06,0.30292328571432553,0.6969707066489488,0.00010414856261598884,2014-10-14
2.5822532741775145e-20,0.9990072037795573,0.0008204364765023856,0.0001723597439041991,2014-10-16
0.19597721397738802,0.3228495308074563,0.4811648765100751,8.378704690000851e-06,2014-10-17
0.5884710162380633,0.0195669138183671,0.39196183676286556,2.3318058764806937e-07,2014-10-20
0.9210529497025558,0.0007784305371534216,0.07816861374262703,6.017591970147856e-09,2014-10-21
0.8589803610440898,0.0007374742507967154,0.14028032215714403,1.8425479420597154e-06,2014-10-22
1.8079769690704288e-40,0.03499000188919743,0.9650090555483987,9.425621707360177e-07,2014-10-27
0.70168127056482,0.0012665370156017223,0.2970521681271579,2.4292069350059393e-08,2014-10-28
0.8900720687902267,0.0012056703501869017,0.1087195708234495,2.690036066710383e-06,2014-10-29
5.2540126239164665e-43,0.19139374915156432,0.8083069883269803,0.00029926252156224436,2014-10-30
7.210495547735053e-107,0.8455573975519826,0.15443701633049872,5.586117435641695e-06,2014-10-31
0.9370061892113922,0.002476187611993154,0.06051761289391611,1.028226213976415e-08,2014-11-03
0.9471238064083828,0.0002271533860989493,0.05264903437353632,5.831980806929242e-09,2014-11-05
0.9386945112529171,0.0008192623114187046,0.060486218106789794,8.328516194431055e-09,2014-11-07
0.9587526526836537,0.0010828791249195867,0.04016446461772417,3.573891190930286e-09,2014-11-10
0.9385868979334979,0.0004137646317631954,0.06099933599786265,1.4370753441784223e-09,2014-11-11
0.931270216655524,0.00016573576849429083,0.0685639698439279,7.773247331586767e-08,2014-11-12
0.011173336427374086,0.00848899458953439,0.9803376111275107,5.7855723766332856e-08,2014-11-13
0.6747003726209024,0.0005772443538883669,0.32472228094177524,1.0208300883257001e-07,2014-11-14
0.000821239722402356,0.010823016905176324,0.9883557321621644,1.1210681590649763e-08,2014-11-17
0.9266768970654166,0.00013355050122004498,0.07318951769378845,3.4739980858963895e-08,2014-11-18
6.083651820467222e-07,0.012585068651809736,0.9874143002140365,2.2768858385473036e-08,2014-11-19
0.9260608707452112,0.00022994310156940697,0.07370916987321431,1.627985554159961e-08,2014-11-20
7.079377277861629e-17,0.004833481318506729,0.9951661126475694,4.060336406006485e-07,2014-11-21
1.0214767905531972e-07,0.003701171024174694,0.9962956875131255,3.039315447907043e-06,2014-11-24
7.42120461817609e-11,0.022894884524722763,0.9771050890057592,2.63955905997499e-08,2014-11-25
0.9068973884525194,0.0004570294817453404,0.09264558157399942,4.919934465612077e-10,2014-11-26
0.9412704221300788,0.00012757639272065297,0.058601951103922294,5.0373024780185205e-08,2014-11-27
5.145140051033379e-15,0.008970749326321534,0.991028569357808,6.813157132831118e-07,2014-11-28
7.948567690044072e-05,0.0045883935358312375,0.9953321053604932,1.542674538718947e-08,2014-12-01
0.8639588254038014,0.0005907616370281693,0.13545041162504248,1.334453171890553e-09,2014-12-02
0.9449796988614179,0.00024969544386191063,0.05477059358491768,1.210950767941087e-08,2014-12-03
0.9851459631929893,0.0014305151238979293,0.013423309316635343,2.1236626142094129e-07,2014-12-04
1.3865926940169185e-05,0.01694052801076474,0.9830029189816776,4.2687081047704985e-05,2014-12-05
9.165116291187422e-64,0.5795578273051352,0.4201171524750928,0.00032502022014327744,2014-12-08
2.7199746281538976e-59,0.5495822479629238,0.45039583328314825,2.1918753514538718e-05,2014-12-09
0.06038018475743225,0.012020703248118946,0.9275976983337462,1.4136609128129236e-06,2014-12-10
0.00017873110441813802,0.0036500058570304605,0.9961703683268809,8.947117798356933e-07,2014-12-11
1.644373486079536e-23,0.02447138292145096,0.9755243056035543,4.311474597524532e-06,2014-12-12
6.614539948830827e-08,0.05923331304038467,0.9407425799793255,2.4040835338096238e-05,2014-12-15
7.225907933518754e-55,0.9139585424055161,0.08581352852760038,0.0002279290672124415,2014-12-16
0.5332017131002207,0.46521351534166483,0.001400951489153164,0.0001838200689473387,2014-12-17
0.23830654588360708,0.49042710170862097,0.27126263792019395,3.7144874341905304e-06,2014-12-18
0.8977137796519874,0.004344857235725609,0.09793767815958025,3.6849529120143997e-06,2014-12-19
2.1549652526310226e-12,0.058976172098357586,0.9409854931833364,3.833471644779297e-05,2014-12-22
0.00011580660907703365,0.2182700997830328,0.7815557262599004,5.836734767448871e-05,2014-12-23
3.466118193662985e-40,0.46210352152795714,0.5378939635603698,2.5149119767785678e-06,2014-12-24
0.97320042667701,0.0067277512720515225,0.02007174560210362,7.64489982592223e-08,2014-12-26
0.6572626957321047,0.00216133873044259,0.3405759605283668,5.00943268067998e-09,2014-12-29
0.9331855591559848,0.0001366001126822711,0.06667778767232563,5.305896690299039e-08,2014-12-30
7.673166185092969e-06,0.009251592559734512,0.9907028605741887,3.787369956381651e-05,2014-12-31
1.3734976677488162e-68,0.22989898913839352,0.7700908122225381,1.0198639241256963e-05,2015-01-02
0.89033122094821,0.02146874772460182,0.0881851848621469,1.4846465427453068e-05,2015-01-05
0.0,0.9994773942815722,2.7219201664525646e-14,0.000522605718621061,2015-01-06
0.9685058814199875,0.009703168860555231,0.021786661844860854,4.287874332656571e-06,2015-01-07
0.0003923842230508352,0.036933523384476016,0.9626642121574306,9.880235228470261e-06,2015-01-08
0.9601913880772868,0.033690197038640415,0.006118347413135878,6.747123858274559e-08,2015-01-09
0.9433418460390657,0.001212608199601598,0.05544538032477114,1.6543684765644953e-07,2015-01-12
0.019910503572775136,0.012779641878698412,0.9673087783295827,1.0762189033748555e-06,2015-01-13
0.9219463925664383,0.014740601721221628,0.06330778330335543,5.222409082480634e-06,2015-01-14
5.789393632274481e-11,0.9991757941950858,0.0008116917844925928,1.2513962507507978e-05,2015-01-15
0.9758924330270896,0.006607904938938334,0.01749959065677628,7.137712688133373e-08,2015-01-16
0.9304946550186374,0.001769332726769748,0.06772750464503226,8.507609593603242e-06,2015-01-19
1.0506957631617105e-91,0.6291196322586967,0.3708751284304156,5.2393111131444995e-06,2015-01-20
0.9552972185190897,0.0017160843147967747,0.042986689091179975,8.074597973821734e-09,2015-01-21
0.94389137381633,0.00026015837490456656,0.0558484500930543,1.771533300616007e-08,2015-01-22
0.8829282669960632,0.002552949244585139,0.11451847026407776,3.1349524179227845e-07,2015-01-23
0.8351812900955021,0.012731081128507385,0.15208719489532777,4.3388095170097967e-07,2015-01-27
0.9823751906864755,0.007902948690881921,0.009718486793884543,3.3738290392016364e-06,2015-01-28
0.2504376950268795,0.1850994224301171,0.564337561174384,0.00012532136834843616,2015-01-29
1.4113683335249614e-192,0.9999796604483305,1.6300384049252528e-07,2.017654806504308e-05,2015-01-30
0.9740938911312136,0.006628434853227383,0.01927674742721535,9.265883240157766e-07,2015-02-02
7.603275259374002e-08,0.014700907176281712,0.9852972696989963,1.7470924228385588e-06,2015-02-03
1.690031419427561e-13,0.012858848098176614,0.9871376789084996,3.4729929268623227e-06,2015-02-04
0.8906302596868103,0.10921971401738939,0.00014782921247946985,2.197083231227095e-06,2015-02-05
0.3903064648720953,0.012995232783917616,0.5966867584624782,1.1543881143276163e-05,2015-02-06
1.079512117131071e-10,0.1387142266904879,0.861098589816151,0.0001871833854071643,2015-02-09
2.584020875010994e-09,0.9992687487214915,0.0007279574668235839,3.2912279952112877e-06,2015-02-10
0.9297405271134083,0.009045536195133009,0.061208042010277616,5.894681525968979e-06,2015-02-11
0.9123198322898447,0.08358574675765083,0.004085745890908107,8.675061670557854e-06,2015-02-12
2.7247550738698016e-10,0.02409358092968411,0.9759063676074666,5.119016057216103e-08,2015-02-13
0.9449806511739188,0.0002734033640320123,0.05474592854696848,1.691520365678738e-08,2015-02-16
4.285201154223696e-07,0.007197165600727346,0.9928020735824991,3.3229642278470574e-07,2015-02-18
0.9886782117820809,0.005756897231295239,0.005564659647809672,2.3133916838638398e-07,2015-02-19
4.1741653653514195e-12,0.012864027759820934,0.987118012763678,1.7959472203447356e-05,2015-02-20
7.274211038753264e-40,0.1817507557157426,0.818248988233172,2.5605153486273823e-07,2015-02-23
0.9518743204295517,0.0012158633771592465,0.04690978497816763,3.1214785327957273e-08,2015-02-24
0.8840928200253515,0.0043521184695908205,0.11155165256178806,3.4089430921910992e-06,2015-02-25
4.187172839437827e-42,0.28754222790109685,0.7121642132203646,0.00029355887851196686,2015-02-26
1.9776489178675323e-60,0.5355839807291122,0.4642729744198821,0.00014304485107208972,2015-02-27
0.6402164460513478,0.1618017091783081,0.19797445708658312,7.387683667900499e-06,2015-03-02
0.9032309808400965,0.01589881266160556,0.08085563259088514,1.4573907559869481e-05,2015-03-03
1.1011660390050205e-171,0.9994121715647892,1.9297574156388068e-06,0.0005858986776915651,2015-03-04
0.8178066596094128,0.1782009512952387,0.0038934390661458478,9.895002930277104e-05,2015-03-05
3.874662964039448e-116,0.9971169254801463,0.002297413480740041,0.0005856610391037307,2015-03-09
9.902756457008606e-05,0.1897724424869182,0.810127903862764,6.260853672456268e-07,2015-03-10
0.8762677417570441,0.0011650293241042943,0.12256684243961732,3.8647968024301117e-07,2015-03-11
0.04472101512297289,0.034002409942785965,0.9211690289199345,0.00010754601465053044,2015-03-12
7.959084270815063e-266,0.9999797296167265,2.563547326521978e-09,2.026781954481365e-05,2015-03-13
0.936068254510889,0.003734667031589731,0.06019529108635517,1.7873716081247857e-06,2015-03-16
0.9243527340322227,0.02931859946060215,0.046321328472878696,7.3380345893631475e-06,2015-03-17
4.958048911635947e-08,0.047187052766996244,0.9527501315774043,6.276607543717001e-05,2015-03-18
3.019674753156523e-36,0.9151682285797419,0.08481817391804734,1.3597502037689871e-05,2015-03-19
2.0358063723610586e-11,0.041713583088030394,0.958281488528676,4.928362500293978e-06,2015-03-20
0.018838182137120338,0.0053282166898550795,0.9758335558812656,4.529198199587763e-08,2015-03-23
0.9672475766121333,0.001113288270667993,0.03163902949743062,1.05619638913421e-07,2015-03-24
0.011239668422110454,0.0239668291831717,0.9647187596885279,7.474270611579809e-05,2015-03-25
1.426365331554114e-84,0.9991840825653802,0.00014164600186703037,0.0006742714331129288,2015-03-26
0.057608365239710586,0.941365009540104,0.0006822542635401953,0.0003443709564275485,2015-03-27
5.636294903152268e-69,0.7933659665353567,0.2065497747171274,8.425874780903344e-05,2015-03-30
0.9118519228861053,0.03568396245195178,0.05244748438490457,1.6630277345305035e-05,2015-03-31
6.565725504704476e-35,0.2326577361336994,0.7673070078485547,3.525601781478093e-05,2015-04-01
0.3570005764658046,0.06385227286546599,0.5791464629956619,6.876731449867977e-07,2015-04-06
0.9849828386559628,0.003894381098682118,0.011122773486229373,6.758711979059791e-09,2015-04-07
0.9236657147350099,0.0005113775567947253,0.07582283788928278,6.981868426256828e-08,2015-04-08
0.9723214063982419,0.006898887536392012,0.02077969117284154,1.4892924712049208e-08,2015-04-09
0.924975588855466,0.000407313164632944,0.07461705019338186,4.778652180969527e-08,2015-04-10
0.8771015451840665,0.005849403754655386,0.11704273671970557,6.314341801090241e-06,2015-04-13
0.0007266344930005973,0.5053973045843295,0.4933755193378322,0.000500541585020697,2015-04-16
1.319733280400695e-53,0.8275337986412008,0.17124279002293954,0.0012234113357772374,2015-04-17
1.919551627536473e-186,0.9973006962837154,4.884511051954286e-08,0.002699254870958459,2015-04-20
0.10542680388489493,0.8804042613172883,0.013665540363402706,0.0005033944347224988,2015-04-21
0.013149202045226061,0.9859557978213704,9.210506034675061e-08,0.0008949080285338599,2015-04-22
8.404481137170629e-12,0.9935903146554307,0.0060186792798193785,0.0003910060561629666,2015-04-23
1.2348471117087355e-37,0.9894331046644089,0.010017888714457494,0.0005490066211562784,2015-04-24
3.883231119894905e-94,0.9955655178115531,0.003400944856320218,0.001033537332270859,2015-04-27
1.3036612196762408e-07,0.8215281430228792,0.1784555945544647,1.613205618563655e-05,2015-04-28
0.7209146617395692,0.03509724794234298,0.24398120418431415,6.886133806423354e-06,2015-04-29
0.021168814468654092,0.030787401933227126,0.9480188912562724,2.4892341672373755e-05,2015-04-30
8.010003872454848e-51,0.25225126803729436,0.7477427898294614,5.942133561661138e-06,2015-05-04
0.9487664216290357,0.012161080808894232,0.03905582779254152,1.6669769613125357e-05,2015-05-05
0.0,0.9396488787074337,8.4210482718747e-17,0.06035112129215722,2015-05-06
0.47362285351217087,0.5250639405861925,0.0007097458798122871,0.000603460022006067,2015-05-07
2.8018807953764004e-08,0.5447851369021255,0.4548238712064332,0.00039096387257740473,2015-05-08
8.853881497471092e-27,0.6095108287171362,0.3896689733838367,0.0008201978993885339,2015-05-11
0.0,0.9661453641242449,1.5360704034029975e-15,0.03385463587574132,2015-05-12
0.0007399572092702301,0.9992035492704864,2.530392814271123e-07,5.624048067584099e-05,2015-05-13
0.9562875910502606,0.03594389525999877,0.00776843992579959,7.37636968801507e-08,2015-05-14
0.9392971645514461,0.0005733860495455852,0.06012905314568872,3.962536528426586e-07,2015-05-15
1.7510030119996318e-33,0.05897472527109473,0.9410246656662491,6.090626842289151e-07,2015-05-18
0.9720505076151756,0.00178918305787644,0.026160278156408638,3.117023075397544e-08,2015-05-19
0.2534051884717502,0.003353498219051829,0.7432412718125107,4.14969781114354e-08,2015-05-20
0.9364475384095755,0.00041908485739350175,0.0631333753882072,1.3450363290553733e-09,2015-05-21
0.9118019206808645,0.00038416919751364407,0.08781379751861663,1.1260272130186599e-07,2015-05-22
9.071053644734675e-28,0.01569342472339827,0.9843038382685297,2.7370081474874224e-06,2015-05-25
0.009953755193742213,0.003141878885249914,0.986904312870371,5.3051086094757156e-08,2015-05-26
0.694784027499544,0.001265897765362974,0.3039500429655342,3.176988598088784e-08,2015-05-27
0.9617015641522167,0.005426114616819287,0.03286922677523507,3.0944556615798654e-06,2015-05-28
1.0259085784592619e-44,0.3463149463573237,0.6536794492799753,5.604362728931293e-06,2015-05-29
0.9494988891430306,0.006940573120893361,0.043544168800028676,1.6368936263080482e-05,2015-06-01
0.0,0.9385149966259612,1.1397326724225479e-15,0.061485003374014684,2015-06-02
4.15867171132173e-32,0.9746457687576283,0.025328594360288115,2.5636882142889806e-05,2015-06-03
0.9709568829702215,0.02463053522812122,0.0044124023165733675,1.7948546348760403e-07,2015-06-04
0.967825392616484,0.0025094644403731055,0.029664285791458436,8.571516113186875e-07,2015-06-05
3.182603332268467e-32,0.04794917853176919,0.9520496291044307,1.1923636975315476e-06,2015-06-08
0.8829454198298798,0.003407235140663511,0.11364280990802945,4.535121011344097e-06,2015-06-09
1.4710019776665542e-45,0.6824943534154544,0.3168869211931004,0.0006187253917854913,2015-06-10
0.0,0.999919775956515,2.8037208375502125e-13,8.02240433054772e-05,2015-06-11
0.9596194678773998,0.002970886895697481,0.03740915735724031,4.878694197813415e-07,2015-06-12
0.9845484712480057,0.011990170653008926,0.003460278133005517,1.0799655661969255e-06,2015-06-15
0.9180172840743983,0.029205664352372925,0.05277685831888647,1.932546026914524e-07,2015-06-16
0.9716595650242097,0.0021030454744643858,0.026237159596408426,2.2990463661613976e-07,2015-06-17
7.542434468827292e-12,0.010475506000703521,0.9895244195807225,7.441110703373516e-08,2015-06-18
0.863239388328269,0.0006916909420946859,0.13606852858079618,3.921490738201198e-07,2015-06-19
1.5828968472169248e-46,0.08907640420690326,0.9109231227628896,4.730303542426565e-07,2015-06-22
0.9348349787267968,0.0006684415873002121,0.06449655934143063,2.0344275495621875e-08,2015-06-23
0.40113487676377624,0.002879478250172279,0.5959851883017804,4.566843088249005e-07,2015-06-24
1.3342596004509709e-08,0.010260676731366717,0.9897392310863993,7.883980019361348e-08,2015-06-25
0.9205181613446776,0.0018677450275989026,0.07761305258505029,1.041042859364427e-06,2015-06-26
3.436314434038806e-06,0.36323895503912035,0.636743723237311,1.3885408939741938e-05,2015-06-29
1.0476351403419195e-05,0.022287996920286143,0.9776943356529929,7.191075391443583e-06,2015-06-30
2.610398502088903e-16,0.035963002668186035,0.9640368793424157,1.1798933460686015e-07,2015-07-01
0.6234473106282068,0.0009142779952543055,0.37563767900418876,7.323727991011695e-07,2015-07-02
0.006487082240152674,0.034875241399084767,0.9585981960626007,3.94802985405443e-05,2015-07-03
6.324462333997411e-131,0.9711790279916024,0.02881487305201022,6.09895601850919e-06,2015-07-06
0.9686956818985369,0.00630215416436667,0.024998195866656532,3.968070051720482e-06,2015-07-07
1.5094176707511964e-18,0.1204637428002805,0.8795282392870536,8.017912391450274e-06,2015-07-08
0.3461307271561405,0.009582101695648418,0.6442871019751666,6.917346701150684e-08,2015-07-09
0.9310690743672624,0.0012425986246597364,0.06768718774937502,1.139258870897033e-06,2015-07-10
8.663904305605169e-05,0.2380521979305877,0.7618609340007866,2.2902579901516143e-07,2015-07-13
0.9346293441939797,0.0003524530772468861,0.06501815765357141,4.5075236929564497e-08,2015-07-14
4.082647973059227e-20,0.004475684621267719,0.9955225833572116,1.7320213760653924e-06,2015-07-15
3.0729189141810863e-18,0.007751329559011,0.9922486534921725,1.6948575272257005e-08,2015-07-16
0.9354636930309314,0.0002492312435227484,0.06428707277326977,2.9520461857513904e-09,2015-07-17
0.9326312407124592,0.0012405775841472812,0.0661261021670059,2.079536328736966e-06,2015-07-20
2.716915093495554e-09,0.418908173819073,0.580873485240116,0.00021833822355746241,2015-07-21
7.350036512673464e-71,0.5381173428448482,0.4618314090763319,5.1248079271566384e-05,2015-07-22
6.671248413719213e-07,0.05708681279781421,0.9428637198306841,4.880024623935541e-05,2015-07-23
9.033655243664478e-26,0.16375850999308617,0.8359910606509906,0.00025042935582511003,2015-07-24
2.706768056864456e-140,0.9996207887911667,0.0003296255035585878,4.9585705247574045e-05,2015-07-27
0.7580215231470286,0.023459575873064298,0.2185188346606902,6.631925747342461e-08,2015-07-28
0.9355271989164662,0.000381344273833497,0.0640914530869458,3.7226249920735232e-09,2015-07-29
0.9138358247967296,0.00031980541491616376,0.0858441806713112,1.8911663303584887e-07,2015-07-30
9.304615475754058e-22,0.016606115915594123,0.983393351906149,5.321786265409661e-07,2015-07-31
0.41899951826319587,0.002466238135963387,0.5785332965634084,9.470372452524262e-07,2015-08-03
0.745432028478977,0.05603451984448897,0.19853336963053325,8.204610755803234e-08,2015-08-04
0.9066279000157527,0.0006083766641914376,0.09276371646276434,6.8571729726008684e-09,2015-08-05
0.9302398121065671,0.00043105520704850373,0.06932912485345588,7.833284279852995e-09,2015-08-06
0.904155485202262,0.0009509759489335822,0.09488948063487285,4.058214339834811e-06,2015-08-07
0.24002378944921968,0.3340671374134888,0.42577221749836835,0.0001368556392409327,2015-08-10
7.409894058408178e-28,0.34762891213683117,0.6521716589205967,0.0001994289424033993,2015-08-11
1.5782593801214726e-60,0.606862230958009,0.39310791335214296,2.985568951374365e-05,2015-08-12
0.9478594197664592,0.025985508362201072,0.02613978625162224,1.528561958582423e-05,2015-08-13
4.565407138990328e-56,0.6247388769279291,0.37496904793229563,0.00029207514011665416,2015-08-14
0.006185301593326663,0.1886148850633531,0.8051942977572126,5.515586169328531e-06,2015-08-17
0.7212395514189538,0.014170115751683116,0.264589913524286,4.193054114445941e-07,2015-08-18
0.9705107445114476,0.0094415116933606,0.020041827218775017,5.9165764490860635e-06,2015-08-19
1.0703740434325787e-33,0.7983519406031415,0.20113745402477043,0.0005106053718331302,2015-08-20
0.39202797997704236,0.5721445866630569,0.029170093186762322,0.006657340173477278,2015-08-21
0.0,0.0007846993577442272,8.425816376231665e-36,0.9992153006424166,2015-08-24
1.699155472551531e-16,0.035646054058275395,2.8777931880336746e-32,0.9643539459416162,2015-08-25
4.000747647997084e-13,0.9906180644817854,1.8396588179063347e-06,0.009380095859198025,2015-08-26
0.0003024843508218003,0.9974983223172884,0.001284714194207308,0.0009144791379520727,2015-08-27
0.03348411302078339,0.962924375082185,0.003400839296499406,0.00019067260073383658,2015-08-28
0.4767154405503399,0.4433130995791515,0.0797149643320266,0.0002564955382111404,2015-08-31
1.4712041607269767e-61,0.9978687707039234,1.6914463852715766e-06,0.0021295378497478965,2015-09-01
1.7933399842025772e-140,0.9986914024458237,1.2214676097292423e-05,0.00129638287812331,2015-09-02
0.00018906936526384772,0.9017320773770626,0.09743867321668943,0.0006401800409882028,2015-09-03
3.498142635475078e-155,0.9972957545250803,5.737893095591643e-08,0.002704188095996541,2015-09-04
1.1313257615010782e-101,0.9989318720644451,1.9788291035836833e-05,0.0010483396446100653,2015-09-07
8.178049527835272e-24,0.9977697650177467,1.5125021524902567e-08,0.0022302198575752537,2015-09-08
0.014073892893973467,0.9685132393863352,0.01651836872260969,0.0008944989973020554,2015-09-09
0.002699137304330474,0.9965203952594207,0.0004629087028277274,0.0003175587334693046,2015-09-10
0.26985451583209696,0.6554988720608346,0.07438713498740454,0.0002594771200570502,2015-09-11
0.00014546894110360327,0.735385795210945,0.26442789873014716,4.083711749022198e-05,2015-09-14
0.2260948284298446,0.08300990241514353,0.6908939779164602,1.2912388781133692e-06,2015-09-15
0.872012429940199,0.0037148476357966227,0.12427194631148873,7.761126867609884e-07,2015-09-16
0.9293977287567855,0.03582496070565272,0.03476440815351051,1.2902384271703385e-05,2015-09-18
8.337511599480924e-22,0.084388165184632,0.9154193792178817,0.00019245559765524226,2015-09-21
2.35817513e-316,0.9823836885200679,2.6233190960376768e-14,0.01761631147981364,2015-09-22
2.0101126795465048e-38,0.9980848902118333,0.0018571819939517326,5.7927794440188516e-05,2015-09-23
0.9040346737659608,0.08548497856604095,0.010432474965750744,4.7872702313768216e-05,2015-09-24
1.6639675828435148e-79,0.944761098228379,0.053110517498581866,0.002128384273045037,2015-09-28
2.8379783841060553e-25,0.9951450583368076,2.356339668507328e-14,0.004854941662997098,2015-09-29
0.6348835741571761,0.2345394743491827,0.13048938072365504,8.757076996032432e-05,2015-09-30
0.08155351028456949,0.11608860601219047,0.8022590643529313,9.881934996193002e-05,2015-10-01
2.2018741866355752e-103,0.8133139049742757,0.18667210673355725,1.3988291834198965e-05,2015-10-05
0.9723228317189618,0.005787732359603594,0.021889386656381214,4.92649375797084e-08,2015-10-06
0.5147895553425706,0.0009860958396670355,0.48422392053676777,4.2828140567506444e-07,2015-10-07
4.11548117339857e-17,0.01262396927104345,0.9873754881293482,5.425998343820146e-07,2015-10-08
0.959630471232888,0.007897251553407205,0.032470952887456224,1.3243264858974153e-06,2015-10-09
3.8517628567505965e-32,0.07829883166551853,0.921700914379359,2.539548509056687e-07,2015-10-12
0.9207805950350735,0.000776431982097148,0.07844297108270831,1.899958527649677e-09,2015-10-13
0.8768805521846229,0.00023432259919103083,0.12288503971606231,8.550000108444682e-08,2015-10-14
9.614306144569087e-07,0.004900447247612449,0.995095599511466,2.9918104166746177e-06,2015-10-15
0.518849443696912,0.0340485258343959,0.4471020089734338,2.1495018094535733e-08,2015-10-16
0.9394625645809584,0.0003540194730887002,0.060183412040746,3.9056195540393875e-09,2015-10-19
0.9272585622145111,0.0005031729622659014,0.07223825779850353,7.024338265893253e-09,2015-10-20
0.9463162834176087,0.001188532238515953,0.05249518171793706,2.6261586149689833e-09,2015-10-21
0.9297189068821018,0.00022697443641831876,0.07005392375081147,1.9493038417202705e-07,2015-10-23
2.274239145697844e-31,0.022749152156212416,0.9772506839970877,1.6384634493799682e-07,2015-10-26
0.8986750951251893,0.0004557798422253334,0.10086907016028766,5.487209955171781e-08,2015-10-27
0.7063982466961417,0.002438122864621182,0.2911632755121547,3.549271669889943e-07,2015-10-28
4.8240179480203476e-18,0.006906003801739157,0.9930906684748132,3.3277234174367446e-06,2015-10-29
4.612308946175859e-06,0.028859893815277173,0.971135437449429,5.642640516085137e-08,2015-10-30
0.9078174285299989,0.000990136232134334,0.09119243342315235,1.815164942348565e-09,2015-11-02
0.9208185080159028,0.00030159089066573297,0.07887985404980548,4.704353397977473e-08,2015-11-03
4.236384066938673e-15,0.007826269238479008,0.9921696013857892,4.129375564042624e-06,2015-11-04
5.532754276384372e-36,0.060067493980985,0.9399297546759074,2.751342753353463e-06,2015-11-05
0.9510177604360903,0.010250672897368201,0.038726219190626535,5.347476058280404e-06,2015-11-06
4.4821743423673307e-72,0.9958915535941314,0.0033159630157136772,0.0007924833905010695,2015-11-09
1.4914696859511456e-59,0.9598085666097779,0.0401741380090297,1.7295380887824196e-05,2015-11-10
0.9283724742374195,0.011301938932690285,0.06029489490826948,3.069192174049592e-05,2015-11-13
1.9106349614538398e-10,0.41496211314578246,0.5850353990296836,2.48763372437595e-06,2015-11-16
0.956949632373571,0.005788251772840118,0.03725765306616328,4.462787502022497e-06,2015-11-17
9.084497316999242e-44,0.2854462846427975,0.7144353407050743,0.0001183746524584623,2015-11-18
6.514791553521367e-07,0.14260725611994576,0.8573908089022494,1.2834983965937809e-06,2015-11-19
0.9813231257265632,0.0033896700042092874,0.015287199797425353,4.471382573390822e-09,2015-11-20
0.9123354075415704,0.0003661643129292347,0.08729842535793131,2.787700776601584e-09,2015-11-23
0.8977258353414015,0.0003247660087997237,0.10194934886375616,4.978645615935159e-08,2015-11-24
7.739871000257137e-07,0.004551736424984609,0.995447235372549,2.542155973556813e-07,2015-11-26
0.8321113492041601,0.004058111351719738,0.16383053477715168,4.667236015119071e-09,2015-11-27
0.91214571273386,0.000393147308973113,0.08746113792364134,2.0332606800973176e-09,2015-11-30
0.9317196171431015,0.000143951800475307,0.06813640311524859,2.794083114560826e-08,2015-12-01
3.318730358358841e-05,0.001871596040784751,0.9980950759786751,1.4067688833485542e-07,2015-12-02
0.0003124259149428367,0.0018364630546204724,0.9978509741271052,1.3690309832675734e-07,2015-12-03
2.1314611280374324e-06,0.003040364616100823,0.9969567961106578,7.078123833914929e-07,2015-12-04
1.0626744062600706e-06,0.004363684034119187,0.995634633579243,6.197120575418388e-07,2015-12-07
0.12594878855596217,0.03316125111939681,0.8408797360694034,1.0224255529451974e-05,2015-12-08
2.5490021169931363e-50,0.20118595336548617,0.7987245619552437,8.948467885033776e-05,2015-12-09
0.15800482302164168,0.1440469108362522,0.6978752160544811,7.305008719330475e-05,2015-12-10
6.690639019503397e-31,0.4294679881818001,0.5704529018884913,7.910992972695553e-05,2015-12-11
1.1730735561010656e-46,0.23855368468226681,0.7614205101787891,2.5805138901296563e-05,2015-12-14
0.0999186074880858,0.04851911979923297,0.8515616158930829,6.568196397568196e-07,2015-12-15
0.8430699093018577,0.003510444284663568,0.1534169591479756,2.687265879777702e-06,2015-12-16
4.064355197715722e-05,0.3158186739046302,0.6841028205087109,3.786203501711011e-05,2015-12-17
4.104259826653837e-25,0.07117831917868801,0.9287908489394694,3.083188145413393e-05,2015-12-18
7.538786492410747e-44,0.044782243137532166,0.9552164004878828,1.3563748440389543e-06,2015-12-21
0.00011605480832659877,0.003458833173836194,0.9964248389126076,2.7310523130795307e-07,2015-12-22
3.868140648393095e-05,0.0045289583924487216,0.9954323019810928,5.821987315558503e-08,2015-12-23
0.6643057601509738,0.0005066683665435709,0.335187505158418,6.63243018074047e-08,2015-12-24
9.385058343189957e-21,0.008513973316326763,0.9914860049862521,2.1697500025992e-08,2015-12-28
0.9180485083658274,0.00014811805955276312,0.08180335867989873,1.4895113923852357e-08,2015-12-29
3.3226620595380446e-07,0.0028004300265244177,0.9971957500019146,3.487705596508747e-06,2015-12-30
1.590031496109663e-08,0.02976986202094128,0.9702064697719089,2.3652307284914402e-05,2015-12-31
2.9416741391462e-127,0.9993547632489898,0.0005886899231856282,5.654682804043365e-05,2016-01-04
0.00044622338709796397,0.04713209097154982,0.9523934047106608,2.8280930687006663e-05,2016-01-05
0.00011250875014223891,0.07090498618258237,0.9289423649270048,4.014013983061995e-05,2016-01-06
3.717106936519282e-95,0.9926167459280525,0.0073755723370886464,7.68173526170183e-06,2016-01-07
0.9679905846692134,0.005076389212458917,0.026929417712004196,3.608405942414447e-06,2016-01-08
0.8636543328790068,0.10825547353664718,0.028033914259809112,5.6279324384943014e-05,2016-01-11
1.1072603423633602e-29,0.3421077489974783,0.6575994653761483,0.00029278562676026727,2016-01-12
0.000661044743968127,0.9980506341453029,3.561377007937601e-10,0.001288320754957256,2016-01-13
2.5743726103522617e-07,0.9992064579750195,4.1602303657718317e-07,0.0007928685643803074,2016-01-14
1.8647959172243538e-135,0.9983084278260796,1.1737186839622934e-05,0.0016798349875077568,2016-01-15
2.657714496632699e-13,0.9959240194007923,0.003566023551293318,0.0005099570477805137,2016-01-18
1.2440986022155417e-05,0.9519938553338354,0.04622189201448468,0.00177181166596176,2016-01-19
4.2963549171282616e-13,0.8258865511468552,7.258228482085885e-22,0.17411344885269447,2016-01-20
5.398218756415492e-41,0.9978021410345101,0.000626595249591087,0.0015712637155503504,2016-01-21
8.573363811360108e-15,0.8768837010936567,0.12309886781029442,1.743109644162476e-05,2016-01-22
0.6384678493962122,0.01666043034120365,0.34487107463392536,6.456288825773456e-07,2016-01-25
0.2801358265490646,0.0033323527800929176,0.7165316439971128,1.7667328124903427e-07,2016-01-27
0.9177731640835739,0.005056073888844166,0.0771658797455997,4.8822820538981885e-06,2016-01-28
2.0606260908019436e-167,0.997853076613121,0.00024706117307364686,0.0018998622140696615,2016-01-29
0.21188189930321288,0.22952087695215911,0.5582220233643039,0.00037520038030294366,2016-02-01
1.527261404737213e-64,0.965515599995481,0.03438548806885791,9.891193605714292e-05,2016-02-02
0.02442908733025915,0.16563117557823348,0.8099184693141607,2.1267777184030922e-05,2016-02-03
0.9644001724070286,0.024237254918982935,0.011354604183596496,7.968490756668168e-06,2016-02-04
2.326757055147681e-21,0.21975830375549066,0.7800475611116225,0.000194135132828747,2016-02-05
2.2756754612626765e-45,0.9767902620676711,0.023102809679324876,0.00010692825315747363,2016-02-08
0.13374726605794374,0.2510614329765627,0.6142492467679663,0.0009420541976624044,2016-02-09
5.321081258809861e-05,0.608732838241303,0.38682710365510825,0.004386847291176736,2016-02-10
0.0,0.18395950953962856,5.636850851713337e-29,0.816040490460387,2016-02-11
4.9200257977917637e-05,0.9668831884246688,2.003753987122676e-12,0.03306761131564338,2016-02-12
1.4314149712824636e-87,0.9937120404775955,0.000748656222599617,0.0055393033002469885,2016-02-15
6.065966715693194e-259,0.9922283393596446,6.032861495190664e-11,0.00777166057962203,2016-02-16
0.0005109928284548126,0.9988807221262169,2.825279002167736e-10,0.0006082847627249689,2016-02-17
0.7168394864678485,0.26053492814068724,0.02259710337099163,2.8482020860943702e-05,2016-02-18
0.22082278189785665,0.058022592175334425,0.7211527950337435,1.8308932072164696e-06,2016-02-19
0.7804897778934404,0.0088288557747433,0.21066987311807836,1.1493213949877546e-05,2016-02-22
3.866617031242177e-152,0.9994748628212063,7.525848157000946e-05,0.0004498786973212894,2016-02-23
5.024446811750809e-15,0.17545898045362696,0.8244945836753282,4.6435870990555435e-05,2016-02-24
5.6273060861869364e-24,0.05355446788826486,0.9464354319951106,1.010011694829013e-05,2016-02-25
0.9471746195691431,0.027799603169853557,0.024814371068064875,0.00021140619273584207,2016-02-26
2.2373967147757488e-17,0.002084987523316948,7.146747184341565e-38,0.9979150124770388,2016-02-29
0.0,0.17658138293408945,6.971446540026811e-14,0.8234186170659771,2016-03-01
9.289927998008193e-10,0.8404419449142645,0.15353941441239527,0.006018639744497934,2016-03-02
4.258970360895393e-05,0.2716403344096096,0.728315969287097,1.106599891705202e-06,2016-03-03
0.9516863987863053,0.0011615157144504926,0.04715205675342119,2.8745864814149098e-08,2016-03-04
0.9748754008060956,0.003950663021208234,0.02117186057846037,2.075594176572201e-06,2016-03-08
1.3177001582894518e-56,0.13364124747104117,0.8663023941811424,5.635834775965289e-05,2016-03-09
3.5394932445869685e-08,0.09341620958465238,0.9065833204374806,4.345828433838356e-07,2016-03-10
0.9720343655868119,0.0024507585495971576,0.025514868082089758,7.781885594753777e-09,2016-03-11
0.9543165463359556,0.0011558361053526926,0.04452685015639679,7.674024564301911e-07,2016-03-14
1.5136207336358388e-35,0.08860912771610287,0.9113544390269586,3.643325675233279e-05,2016-03-15
0.8464562232963349,0.07480745157485762,0.07872668923962135,9.635889157889678e-06,2016-03-16
0.550927774036934,0.11629323575207298,0.3327607701358529,1.8220075067112938e-05,2016-03-17
1.7201066659342536e-19,0.0615932763254274,0.9383804538382742,2.6269836438108966e-05,2016-03-18
2.0652113020251003e-53,0.10328886128065239,0.8967101074212076,1.03129826857202e-06,2016-03-21
0.9782816275925854,0.0022095932824068775,0.019508753509352238,2.5615627613991134e-08,2016-03-22
0.9293903659374821,0.003953752247862285,0.06664818859554554,7.693219558669657e-06,2016-03-23
4.015438757672878e-89,0.99750074616744,0.0024893330921649187,9.920740229036788e-06,2016-03-28
0.9625885765272428,0.008173339282084921,0.029233412324903906,4.671865593275441e-06,2016-03-29
8.569487605351577e-47,0.09902174961192267,0.9009767434525805,1.5069357476861603e-06,2016-03-30
0.9638099481778452,0.001574224629844724,0.034615814326959135,1.2864992482466693e-08,2016-03-31
0.9181733037186425,0.0021422216914672664,0.07968436456561778,1.1002383839108154e-07,2016-04-01
0.873903223650594,0.006615477959529573,0.11947058766799155,1.0710721614174986e-05,2016-04-04
9.7681870827929e-158,0.9999497309375035,2.970528327470801e-05,2.056377888947757e-05,2016-04-05
0.9467875218613648,0.004846455364083422,0.04835636658659361,9.656187558365446e-06,2016-04-06
4.038067679421293e-55,0.22020646444338526,0.779789065044985,4.470511898467398e-06,2016-04-07
0.9496371923179733,0.003492412746451492,0.04686231085199622,8.084083170993732e-06,2016-04-08
5.362595709954091e-19,0.9993038318215899,0.0006265921735904586,6.95760046632834e-05,2016-04-11
8.254777325138985e-05,0.03900438284557479,0.9608770630747776,3.600630612019658e-05,2016-04-12
6.061006631801013e-28,0.05408698859428306,0.9459116133654194,1.398040314183814e-06,2016-04-13
0.9219021994904806,0.005418481784694827,0.07267924191268428,7.681255119523326e-08,2016-04-18
0.5251357321885513,0.0030924217766510023,0.4717712976465011,5.483883112724293e-07,2016-04-20
0.5150887465418094,0.01922963930939472,0.4656815770303868,3.71183270805409e-08,2016-04-21
0.9061152250572667,0.0005055205019573195,0.09337866115893675,5.932816024206125e-07,2016-04-22
0.12267388732276888,0.08696620234218658,0.7902774071683789,8.250316650203874e-05,2016-04-25
8.440365401811895e-127,0.9632688693609629,0.0363205586617116,0.00041057197704800065,2016-04-26
0.0003520914126581275,0.2766958562139996,0.7221603384429506,0.0007917139299963584,2016-04-27
9.082916010615673e-75,0.994261683851128,0.005714007090393405,2.4309058145596492e-05,2016-04-28
0.9543037379220479,0.042037524254031435,0.003657677896128953,1.0599277785925302e-06,2016-04-29
0.800030165514787,0.00842740989712464,0.19151842243183473,2.400215656381896e-05,2016-05-02
1.912653579032517e-11,0.9957852256347555,0.00420970301448306,5.071331306086291e-06,2016-05-03
0.8947704630597115,0.006581817898465031,0.09864759810887354,1.209328589764262e-07,2016-05-04
0.9564691187279416,0.001212156409091342,0.04231870497818484,1.988476228604415e-08,2016-05-05
0.9438856788609628,0.0022952596611944625,0.05381532723153337,3.7342467121267244e-06,2016-05-06
5.7853890430487315e-102,0.7566705017638677,0.24331674028878258,1.2757947249162182e-05,2016-05-09
0.9662201803290927,0.003463594741957123,0.030313800067969947,2.4248608462032192e-06,2016-05-10
0.6694016356587822,0.12039247229774867,0.21020518596154922,7.060815016788248e-07,2016-05-11
0.810846547197058,0.002032471868685756,0.18712017754964688,8.033845333497882e-07,2016-05-12
3.348173220638231e-15,0.03259929283644988,0.967399276383225,1.4307807684969293e-06,2016-05-13
0.9802669589176999,0.008192048003123358,0.011540983127731233,9.951347874674288e-09,2016-05-16
0.9423134879226439,0.0006449534719678911,0.05704154829491491,1.0310848221279916e-08,2016-05-17
0.9137398935602653,0.0013505196341018673,0.08490832134574086,1.2654594559302986e-06,2016-05-18
3.8845691426394227e-54,0.16451398118710123,0.8354667344801912,1.9284333049309933e-05,2016-05-19
0.005705921403756192,0.016824074256439954,0.9774635953244961,6.4090156792837634e-06,2016-05-20
4.5533672266798406e-43,0.05554543627885938,0.9444541897142505,3.7400665133952593e-07,2016-05-23
0.9450105238977878,0.0023143590862432744,0.052671279775924916,3.837240434395974e-06,2016-05-24
7.330073610884203e-133,0.9840675734356719,0.007988785478878872,0.007943641085202407,2016-05-25
1.602361328723729e-31,0.9109606517591491,0.08885615867394464,0.0001831895665795816,2016-05-26
1.173841752615026e-31,0.2081261119078097,0.7918734888837464,3.9920869263738076e-07,2016-05-27
0.9441654678908723,0.00029818770121056563,0.05553629148450782,5.292377380306953e-08,2016-05-30
4.527999954301069e-05,0.005779618261041,0.9941750904939175,1.1245527585036852e-08,2016-05-31
0.9246011097635247,0.00015975163079875014,0.0752391146451249,2.3960603454467416e-08,2016-06-01
1.5457600699993072e-18,0.006748826519522475,0.9932511180058293,5.547498359599524e-08,2016-06-02
0.8286926727681077,0.0004179743983969239,0.17088934489063626,7.942474233085997e-09,2016-06-03
0.537412238903003,0.0014319816565481547,0.46115564586700036,1.335731586293068e-07,2016-06-06
0.8301983367030973,0.003470119328084935,0.16633154082554824,3.143282050297953e-09,2016-06-07
0.9459570143710229,0.00011993974921814169,0.05392289387268444,1.5200671704390389e-07,2016-06-08
7.511754881776971e-22,0.01871482675170294,0.9812838745916053,1.2986569751071228e-06,2016-06-09
0.9680367553603456,0.007347514732159827,0.024615673465337662,5.644254864623089e-08,2016-06-10
0.6261170637626009,0.0029703848868262188,0.3709125314604927,1.9889869201593976e-08,2016-06-13
0.9021600818291395,0.00031398654530692634,0.09752584074369414,9.088173554863102e-08,2016-06-14
1.3756190340292727e-16,0.018153573979106444,0.981837690326106,8.735695098812038e-06,2016-06-15
0.5318162286638192,0.0737011499093439,0.3944822358790205,3.8554741834327266e-07,2016-06-16
0.9384301168112149,0.0034204187854741082,0.05814480033997135,4.6640635034646215e-06,2016-06-17
6.614658560041484e-101,0.6319306543027698,0.3680043473617346,6.499833510773295e-05,2016-06-20
0.04764858826337739,0.029590938679377073,0.9227594168033686,1.056253605017591e-06,2016-06-21
0.9526377492222408,0.002393182934306688,0.04496838324771149,6.845956246327404e-07,2016-06-22
1.1698349148982738e-14,0.10594374127947039,0.8939635204263293,9.273829374378397e-05,2016-06-23
2.6653084139824352e-08,0.9998879157483608,2.9200984708706634e-06,0.00010913749976938215,2016-06-24
9.391327344575674e-08,0.063535278237333,0.9364637804927033,8.473564081082397e-07,2016-06-27
0.5279860209211249,0.001727893755304813,0.47028599237569196,9.294758143930443e-08,2016-06-28
0.24914029989555203,0.003705371334655968,0.7471540866502856,2.421195328892154e-07,2016-06-29
0.6721851660695024,0.0038623186156378424,0.3239525059288737,9.386151351917094e-09,2016-06-30
0.9353037539643639,0.00033516693078477453,0.06436107769956198,1.4056845256319044e-09,2016-07-01
0.9333689727113416,0.0001698205732070228,0.06646113273293508,7.39821923714063e-08,2016-07-04
4.269751808318195e-05,0.003813120950180578,0.996144154101995,2.7429563211703138e-08,2016-07-05
0.9222551990285269,0.00029332158351194425,0.07745147771897003,1.6685459863999736e-09,2016-07-07
0.8602793166034397,0.0003855520289036277,0.13933500516714795,1.2620044002597028e-07,2016-07-08
8.282602799067573e-14,0.014371758743944061,0.9856280840156845,1.5724038277906743e-07,2016-07-11
0.9132982394880623,0.00043765199659562113,0.08626410751537214,9.996086407294914e-10,2016-07-12
0.9219287490295922,0.00015316484349094637,0.07791805768075599,2.844643565799138e-08,2016-07-13
1.1458012011343264e-05,0.004402249780810656,0.9955862546085397,3.759908765977245e-08,2016-07-14
0.9286283761000188,0.0006202807540306145,0.07075130727749031,3.5868098785908646e-08,2016-07-15
1.9247452368293727e-05,0.010260399475605999,0.9897203374643495,1.5607417525237616e-08,2016-07-18
0.9419156273619949,0.00018758916326664561,0.057896773914236165,9.560279406333114e-09,2016-07-19
8.959010883938851e-13,0.0039597172477178295,0.9960348811338626,5.401617384263057e-06,2016-07-20
1.342192339835346e-31,0.027518002630308163,0.9724817795323073,2.178375923341162e-07,2016-07-21
0.9329871917239095,0.0011231255604248732,0.06588871384939969,9.688661896700687e-07,2016-07-22
4.2189684217734394e-94,0.3960145205808655,0.603910762630893,7.47167885274281e-05,2016-07-25
0.001553811748198417,0.025198737329413867,0.9732470899055659,3.6101711580731727e-07,2016-07-26
0.9771652706537958,0.001305825191188799,0.02152889859308027,5.561795074238441e-09,2016-07-27
0.5345587364741828,0.0009494060727217111,0.46449158355889714,2.738946100455442e-07,2016-07-28
0.04130303957889719,0.004598233821067763,0.9540969954641345,1.731136343451358e-06,2016-07-29
0.9869519900653729,0.009219469653205067,0.0038285306867328704,9.5944454789716e-09,2016-08-01
0.9200200112336412,0.0005706878685774688,0.07940896382115042,3.370765541822493e-07,2016-08-02
2.866960033549844e-44,0.049353764965267895,0.9506409681550829,5.266880020845037e-06,2016-08-03
0.002531016694520754,0.006060965570954089,0.991406747292761,1.270441748337312e-06,2016-08-04
4.3774889886373375e-33,0.029576869610382278,0.9704230882477544,4.21416483627541e-08,2016-08-05
0.9466996837139606,0.0002459564159151005,0.05305380943542069,5.504345451033211e-07,2016-08-08
0.006158916299809958,0.05078022934411107,0.9430113201095023,4.9534246873215884e-05,2016-08-09
2.3817387037999803e-78,0.7563421190829164,0.24365651161070978,1.3693064176256088e-06,2016-08-10
0.9656953395022446,0.0017067655199011762,0.032597869869610524,2.5107805897645227e-08,2016-08-11
0.9350920648647532,0.00137366651368538,0.06353426339402515,5.2272214795376326e-09,2016-08-16
0.9165760277054504,0.0004684751383226049,0.08295549169685565,5.459426868146595e-09,2016-08-17
0.8311440204516343,0.0006464427979288485,0.1682095213768046,1.5373883309500937e-08,2016-08-18
0.7242313989942802,0.0004733431189454904,0.27529515655813763,1.013282233832458e-07,2016-08-19
0.12572167452394287,0.0038196003911412863,0.8704587003494895,2.4735702233458988e-08,2016-08-22
0.924457493955743,0.000507012165963272,0.07503549314458761,7.33350863694355e-10,2016-08-23
0.9303469451885463,0.0001595058072549158,0.06949344072700606,1.0827690429774579e-07,2016-08-24
5.831223480165623e-23,0.00932776710206013,0.990671419926197,8.129713250844671e-07,2016-08-25
0.05197961799452096,0.004648146544589428,0.9433722191485349,1.6312634831710787e-08,2016-08-26
0.9517168814414986,0.000763060456313585,0.04751982931011842,2.2879222721891972e-07,2016-08-29
5.205440052812892e-58,0.10432967814626151,0.8956668518001207,3.4700537874524196e-06,2016-08-30
0.7193601569890343,0.002289596491223221,0.2783502396785514,6.840763506953352e-09,2016-08-31
0.9191163628439152,0.00031118773853556635,0.08057244779776744,1.620208526349495e-09,2016-09-01
0.9367728153985191,0.00021767253049606258,0.06300936248873897,1.4958264852175002e-07,2016-09-02
5.851603692448296e-44,0.02368491354633488,0.9763097524319115,5.334022144840626e-06,2016-09-06
3.450429595616626e-14,0.007263684201011958,0.9927358234640649,4.923351699337086e-07,2016-09-07
0.27772568482792287,0.0012953582595085944,0.7209788072893176,1.4962293043377735e-07,2016-09-08
1.3853165446444743e-21,0.008093817788918031,0.9919042152056781,1.967005527114686e-06,2016-09-09
0.0017928387146666162,0.009790876347487203,0.9884161899764257,9.49611965472668e-08,2016-09-12
0.9404194948360769,0.00023642744815985012,0.05934407678558741,9.298785530659186e-10,2016-09-14
0.9286811367533131,0.0003739568251591673,0.07094487956053265,2.686080701088115e-08,2016-09-15
0.9765311515816602,0.003089998145840321,0.020378847238923015,3.033159821550073e-09,2016-09-16
0.9337224588492194,0.00013179592792647872,0.06614571549993556,2.9723182931131116e-08,2016-09-19
0.0012023706785057409,0.003619424441549229,0.9951781618471534,4.303323809804522e-08,2016-09-20
0.94088646626859,0.0004049813624251143,0.05870854931699344,3.051681052905511e-09,2016-09-21
0.7578383135801413,0.0014132614700238329,0.24074815353132517,2.714184354366389e-07,2016-09-22
1.9218601408479387e-07,0.004077718466656082,0.9959156517427465,6.437604276416435e-06,2016-09-23
9.039320235531766e-45,0.07629462595588822,0.9236995096695774,5.864374127025563e-06,2016-09-26
0.0657894458442361,0.007610810883720942,0.9265990324484896,7.108238713591913e-07,2016-09-27
0.560119003870453,0.013270222526003506,0.4265989343230438,1.1839280839849964e-05,2016-09-28
2.392169170254833e-224,0.999953360733232,6.597224845820092e-10,4.6638607117789815e-05,2016-09-29
0.96760986182462,0.005069013517478992,0.02731881284766631,2.3118104724724575e-06,2016-09-30
8.068936294508413e-12,0.06575134797838394,0.9342485460796527,1.0593365708499171e-07,2016-10-03
0.9223431843654715,0.00024419808281072914,0.07741258795630841,2.9595084472717224e-08,2016-10-04
1.2051967196288987e-16,0.003619279333618353,0.9963794930616295,1.2276045900720232e-06,2016-10-05
2.215782635230194e-06,0.009364535208183753,0.9906332378492926,1.1160230938598401e-08,2016-10-06
0.889827045823251,0.0003644778497912735,0.10980846159624133,1.473114957267553e-08,2016-10-07
0.6655708069185647,0.004792477833273396,0.329611562698095,2.515254984296741e-05,2016-10-10
5.560212380784837e-32,0.5340950565499938,0.4659024267156322,2.516734095723461e-06,2016-10-13
0.9517336521859275,0.003535562017704942,0.04472453785383321,6.247942792421168e-06,2016-10-14
1.3248873003405775e-45,0.3632489510194682,0.6362839978612088,0.00046705111894467763,2016-10-17
2.824539882698544e-110,0.786654496745113,0.2132192015700799,0.000126301684744263,2016-10-18
0.06972569170833746,0.035397704496800846,0.8948763603449207,2.4344995891604854e-07,2016-10-19
0.9251727368320685,0.00048164905991486523,0.07434561195344053,2.154279258402803e-09,2016-10-20
0.931226498471612,0.00033009921019986515,0.06844340008367292,2.234151196576153e-09,2016-10-21
0.9284292744991786,0.0003268692572726716,0.07124384930165875,6.941809175465228e-09,2016-10-24
0.6447123990671231,0.0005755749004710719,0.35471190203325226,1.2399890765628738e-07,2016-10-25
5.6113777712070345e-05,0.004752155983800295,0.9951916403721504,8.986667429263134e-08,2016-10-26
0.9408548634862538,0.0008046031146849012,0.05834053175711787,1.6417111575711154e-09,2016-10-27
0.9526693349139506,0.0005698339592056108,0.04676082804175396,3.084874847937427e-09,2016-10-28
0.7931022226367711,0.0003423465298903389,0.20655532035542198,1.1047773648458825e-07,2016-11-01
0.002927452203651386,0.00686327936483865,0.9902090824270059,1.860046584629442e-07,2016-11-02
0.8771617044619336,0.00029935608858945367,0.12253890446687184,3.49824658116078e-08,2016-11-03
5.189334151302922e-13,0.00891999176356008,0.9910794422223539,5.660132754916127e-07,2016-11-04
0.0011079920788628096,0.004658043064921123,0.9942334701495444,4.947067588357096e-07,2016-11-07
0.9722726875111223,0.00954835837765631,0.018117688503430405,6.126560742175016e-05,2016-11-08
0.0,3.2561623078926794e-08,4.755516930397948e-55,0.9999999674382712,2016-11-09
1.6268958923426387e-08,0.9852119632760667,0.002015158328348083,0.012772862126712352,2016-11-10
1.874249017721428e-208,0.9902204207595341,3.1123831295763817e-10,0.009779578928842639,2016-11-11
1.006191983396146e-250,0.9937797043830042,8.39759519503719e-11,0.006220295532665171,2016-11-15
7.45138997154372e-40,0.613945880367185,0.38604511126977137,9.008362990211574e-06,2016-11-16
0.9450638500262929,0.01510048361574041,0.039835275145089916,3.9121276261024926e-07,2016-11-17
0.9537923530981964,0.0069973018874798015,0.03920369889054371,6.646124068316924e-06,2016-11-18
2.225201129296641e-273,0.9993892930643357,1.092340835679631e-09,0.0006107058433715378,2016-11-21
0.9186607869328757,0.04971042993455626,0.031628542843310854,2.4028890651051135e-07,2016-11-22
0.9719322323239266,0.0010709298376143767,0.02699654085560906,2.9698308065387233e-07,2016-11-23
7.0494139611007655e-06,0.030972670096931613,0.9689645869891087,5.569349990602038e-05,2016-11-24
3.0527175505397344e-42,0.6701138795660986,0.3298500128870054,3.610754708104309e-05,2016-11-25
0.010401746627571056,0.06731826306528055,0.9222798548297322,1.3547747272825194e-07,2016-11-28
0.9511470219196944,0.0004277840039156047,0.04842512844238436,6.563382890177693e-08,2016-11-29
0.0010735325481687156,0.01750750038144953,0.9814182166550277,7.504151624490905e-07,2016-11-30
2.1071697125479785e-10,0.0030762006685362856,0.996922874232789,9.248879658371868e-07,2016-12-01
3.0227545666085277e-19,0.018731660969733745,0.9812673511390413,9.878912156393097e-07,2016-12-02
0.5230698022877112,0.009531932126913953,0.46739825658083767,9.004989037421959e-09,2016-12-05
0.9376683720252191,0.00032084380969955113,0.06201030770667689,4.76458668393592e-07,2016-12-06
8.929747014051489e-09,0.10558704085120665,0.8943654476001663,4.7502619106696085e-05,2016-12-07
8.36683086123728e-64,0.22450970846894844,0.7754899029816176,3.885492528281879e-07,2016-12-08
0.9544834164910162,0.0002498198525818573,0.04526654914423824,2.1451184772573154e-07,2016-12-09
1.3190337993887725e-16,0.013773434684768666,0.986226419652696,1.4566295874137036e-07,2016-12-12
0.9188284404364879,0.0005444956789249176,0.0806270431249948,2.0759382440581977e-08,2016-12-13
3.9160682295431656e-07,0.004588343177608479,0.9954110405983801,2.2461680271466232e-07,2016-12-14
0.9724223294846737,0.0028607148619820056,0.02471691095763692,4.469536313856385e-08,2016-12-15
8.473361600436521e-05,0.003374957747009061,0.9965401732334862,1.354037939857934e-07,2016-12-16
0.6862892147466619,0.0009064052934930346,0.31280436396980194,1.599000727332742e-08,2016-12-19
0.7116700328402347,0.0005352199529359444,0.28779470538468066,4.18224961481658e-08,2016-12-20
5.509401603745966e-07,0.00210763550651516,0.9978906155668682,1.1979863860127489e-06,2016-12-21
5.760168937815162e-21,0.016494193129416836,0.983505732010118,7.486033130885531e-08,2016-12-22
0.9669472173277777,0.0008910570663664308,0.032161565857049,1.5974852700347195e-07,2016-12-23
1.1681688624772271e-13,0.05272055689353512,0.9471785411686525,0.00010090193750842865,2016-12-26
6.955177372665511e-79,0.7154366595809771,0.28456213156500515,1.208853920727219e-06,2016-12-27
0.9701687053286993,0.0016639394311979462,0.02816719184189407,1.6339834767935076e-07,2016-12-28
3.4023266793311714e-25,0.0070865453473328635,0.9929121354387835,1.3192134927782944e-06,2016-12-29
4.8755211111132667e-20,0.00952526000327643,0.9904746798578501,6.013907288354722e-08,2016-12-30
0.8871233504491065,0.0012415135637397776,0.11163513285639956,3.1303480746196142e-09,2017-01-02
0.9483994275121794,0.0008429192105916186,0.05075765211575004,1.1612363716568314e-09,2017-01-03
0.9396603045958533,0.00010741976746529171,0.060232239074783554,3.656179644217913e-08,2017-01-04
2.7944454392786803e-09,0.0031996280612134574,0.9967997630614183,6.060832085346948e-07,2017-01-05
0.12632647335720285,0.003682758173189019,0.8699907522576777,1.6211517384550607e-08,2017-01-06
0.6616894669291853,0.0006213493921127436,0.3376890837979098,9.988103627599146e-08,2017-01-09
0.10806540510687118,0.0024194640689721653,0.8895131927936419,1.9380302502108567e-06,2017-01-10
2.2302402735163688e-11,0.006247296130899524,0.993752695469923,8.37671029367349e-09,2017-01-11
0.9427654550630622,0.00010703717771724547,0.05712747671346685,3.104618009431819e-08,2017-01-12
2.8216508496614113e-07,0.007178273317925803,0.9928214264202605,1.8096571091383505e-08,2017-01-13
0.9211919992971459,0.00028544460564394053,0.07852255492036898,1.1766505142735882e-09,2017-01-16
0.9230440560174089,0.0004622209543636912,0.07649372031820233,2.7100233901580793e-09,2017-01-17
0.9479368457689458,0.00040920710476901456,0.05165394635641046,7.697525445626639e-10,2017-01-18
0.9428687722162881,0.00010491838841517839,0.05702627217891517,3.7216258954322564e-08,2017-01-19
7.302767101631202e-09,0.004205094164707667,0.9957944787404372,4.1979224027460856e-07,2017-01-20
5.338478467232034e-16,0.002960759996085031,0.9970388471815648,3.9282261342887295e-07,2017-01-23
3.57837707815738e-22,0.012419160621712434,0.987574470253689,6.369124936536893e-06,2017-01-24
7.27527439475594e-60,0.13355517219855226,0.8664439010643387,9.267374261909222e-07,2017-01-25
0.8033551248101096,0.0019296029551928479,0.19471526411260123,8.121946651685634e-09,2017-01-27
0.9104504829065517,0.00047564336858033074,0.08907251662353184,1.3571016001893752e-06,2017-01-30
7.671539310168236e-25,0.13374916576673604,0.8658962551921764,0.0003545790414623507,2017-01-31
7.629626109504836e-87,0.9929096187221431,0.0070856351242370545,4.746153372843556e-06,2017-02-01
0.9731195197869704,0.004235445204693645,0.022645024026066475,1.0982007071172371e-08,2017-02-02
0.9353822263194379,0.0002896684080066446,0.06432810153620702,3.736085315219763e-09,2017-02-03
0.9138314996257749,0.0002706945693933243,0.08589774773824607,5.806680450813467e-08,2017-02-06
0.1648474928092348,0.003366100226459778,0.8317863632220921,4.3742492932830873e-08,2017-02-07
0.9413344456315121,0.0008687278255082419,0.057796820183202764,6.359850005965962e-09,2017-02-08
0.9796295568625256,0.0017657589181494296,0.01860468146905219,2.750353432020607e-09,2017-02-09
0.9408596803019416,0.00025191073775025845,0.05888840616369579,2.7966839980117886e-09,2017-02-10
0.951412856635522,0.0004488347238895273,0.04813830445053124,4.190277397731379e-09,2017-02-13
0.6715944877514837,0.0005087246092233044,0.32789656444820536,2.2319130764495207e-07,2017-02-14
5.031625796840844e-05,0.005851817926248713,0.9940976714976184,1.943178958914484e-07,2017-02-15
0.06383109395966774,0.0017498487949433367,0.9344189584229939,9.882202579526623e-08,2017-02-16
9.853186467413434e-09,0.0032305249164623706,0.9967693368652539,1.2836467092847333e-07,2017-02-17
6.76000316128535e-13,0.005080032431362983,0.994919957514086,1.005362413523112e-08,2017-02-20
0.9415637248418237,0.00030744055232008395,0.05812883378779018,8.184943666457291e-10,2017-02-21
0.9332048254141463,0.0003879184348326524,0.0664072548851934,1.265987579563727e-09,2017-02-22
0.9399130938852946,0.00012216160067661503,0.05996471884547834,2.5668104346840605e-08,2017-02-23
2.461927049534334e-06,0.004174947824603491,0.9958225669721196,2.3276472394529257e-08,2017-02-27
0.8996821707036582,0.00014121870994200146,0.10017659799396493,1.2592337844549024e-08,2017-02-28
0.004593097434257559,0.002534458803123057,0.9928706667272237,1.7770358296753251e-06,2017-03-01
7.446711762818456e-22,0.021627188400292156,0.9783728026352574,8.964866568661071e-09,2017-03-02
0.9312114233504519,0.00012289620787312458,0.06866566393281913,1.6509195787219866e-08,2017-03-03
1.4029617266572938e-11,0.004270310380330462,0.9957287387742906,9.508317346949431e-07,2017-03-06
0.19183371338439031,0.0025464544411893416,0.8056197995520653,3.2622002803037586e-08,2017-03-07
0.854507798107833,0.0005939513397682836,0.14489824918308974,1.3693820471087088e-09,2017-03-08
0.9399050372187322,0.0002470292239480604,0.05984793100503659,2.5523365055409376e-09,2017-03-09
0.9469451101256017,0.0003310180832619846,0.05272367522224393,1.9656909225459508e-07,2017-03-10
0.08658635752173834,0.04485623257169403,0.8685572034359067,2.0647080205816132e-07,2017-03-14
0.9354852416058657,0.00022944358708296348,0.0642852799651353,3.484207926566838e-08,2017-03-15
0.3405316862912843,0.0022685263327848104,0.6571987400966323,1.047279057210781e-06,2017-03-16
0.0003202990486302041,0.001515245574036769,0.9981643035654967,1.5181192727669709e-07,2017-03-17
0.00015350646181856766,0.003875241944983879,0.9959712341968662,1.7396161546521904e-08,2017-03-20
0.9231838361895671,0.0002169224523986108,0.07659923623005364,5.127810833948009e-09,2017-03-21
0.29080560158020236,0.00161321811964339,0.7075805750115594,6.052886762978367e-07,2017-03-22
0.004134123345243051,0.003977800101211685,0.9918880608517222,1.5702061518596968e-08,2017-03-23
0.9285705794703517,0.0001367782009523738,0.07129262366618293,1.8662406302591607e-08,2017-03-24
1.8159665886890343e-05,0.00440727133855824,0.9955745111309382,5.7865026512460046e-08,2017-03-27
0.8942675745322375,0.0005835110782023518,0.10514891045780994,3.931999522228076e-09,2017-03-28
0.9399489025079237,0.00019554360584490157,0.0598555279004588,2.59860125644478e-08,2017-03-29
0.37782680807765884,0.0023748539885765285,0.6197983168942703,2.103961674342402e-08,2017-03-30
0.9448188752457565,0.00020262027963333784,0.054978500804596084,3.6702182889679187e-09,2017-03-31
0.9117317056508449,0.0005568260339321087,0.08771146184942444,6.465844304177218e-09,2017-04-03
0.9275872827790529,0.000468572011989194,0.07194414317336935,2.0352125878738296e-09,2017-04-05
0.9357190272327685,0.0001960760255458059,0.06408488826657432,8.475559924421369e-09,2017-04-06
0.5781144773355885,0.0008123295120159335,0.42107305651947996,1.3663272360590102e-07,2017-04-07
7.859814605857478e-08,0.002629722449500559,0.9973694083101762,7.906418663497184e-07,2017-04-10
4.51370215146091e-07,0.0028360509749629226,0.9971634432446774,5.440989622640106e-08,2017-04-11
0.4874022974653034,0.0016428070370036237,0.5109547745567764,1.2094121820912716e-07,2017-04-12
3.2858601100808423e-13,0.009925049127250108,0.9900748157116354,1.3516072070094167e-07,2017-04-13
0.9145411576718667,0.00033833703488781586,0.08511996759051384,5.377025790048891e-07,2017-04-17
0.018013097481425946,0.09749238578518385,0.8844944095741776,1.0715895990721764e-07,2017-04-18
0.9304379706980697,0.00031516406978807424,0.06924685431546723,1.0917035395911932e-08,2017-04-19
0.4986501233796525,0.0009535975775202481,0.5003958705158652,4.0852671614651025e-07,2017-04-20
4.8465879076559234e-06,0.003486957234709843,0.996507774441858,4.217359542257946e-07,2017-04-21
3.813934557186782e-32,0.01073484604261927,0.9892647126351422,4.4132210141582434e-07,2017-04-24
0.2829685866530672,0.0041240652979623975,0.7129073291904482,1.8858339921774266e-08,2017-04-25
0.9357193245066281,0.00046716124841807496,0.06381351350943631,7.355265590774553e-10,2017-04-26
0.9305475078616048,0.00013210033396453817,0.06932035559922704,3.6205577596106035e-08,2017-04-27
0.10050086310359017,0.003075775727158191,0.8964233348753301,2.6294078241092578e-08,2017-04-28
0.9460726209359638,0.00030844867607158214,0.05361892343403481,6.953743391599599e-09,2017-05-02
0.2064189789704102,0.0028142054665214375,0.7907667720621009,4.350100103019434e-08,2017-05-03
0.9145412428676111,0.0003132526528496219,0.08514514951470695,3.549647017559038e-07,2017-05-04
1.45204267111265e-35,0.045103779700054844,0.9548960338148864,1.8648464173325277e-07,2017-05-05
0.9348795447308991,0.0003600602468042814,0.06476039274300169,2.2789938077635836e-09,2017-05-08
0.9009235994083328,0.00023752167157836348,0.09883856148281563,3.1743708987414636e-07,2017-05-09
3.89656032104745e-19,0.007807793445793659,0.9921920485415621,1.5801268513129833e-07,2017-05-10
0.7286719219497252,0.0007169687777418738,0.2706110546487933,5.462345407313528e-08,2017-05-11
0.41651992027975476,0.0020015515300463235,0.5814785232651789,4.925044025759888e-09,2017-05-12
0.9591727857393285,0.00011859115961779152,0.040708532278906154,9.082184469142191e-08,2017-05-15
3.743892267663104e-09,0.0055963821511697985,0.9944035765385825,3.756602921928369e-08,2017-05-16
0.9327498693848353,0.00016455819117206476,0.06708555455093528,1.7873033776273454e-08,2017-05-17
0.2652864878164412,0.004909567315745965,0.7298036595364467,2.853310533997552e-07,2017-05-18
0.9260904125835079,0.0029105710226755687,0.07099898220139869,3.419231026436494e-08,2017-05-19
0.07891241619382942,0.001532468030713306,0.9195549515791512,1.641966215262383e-07,2017-05-22
7.418274794246392e-10,0.002391198619912463,0.9976083975717046,4.030668877725635e-07,2017-05-23
0.009431340549434529,0.010356842298793334,0.9802079929195454,3.824232458803475e-06,2017-05-24
1.4541839878255177e-73,0.20596012279288692,0.7940156170771964,2.4260130155646326e-05,2017-05-25
1.069360885813817e-24,0.03543077608653962,0.9645681510962041,1.0728176654510687e-06,2017-05-26
0.39945465083910503,0.0037906703761903917,0.5967546305066863,4.8277856811028e-08,2017-05-29
0.43268499374503894,0.001865237526370931,0.5654497596225563,9.105856599212342e-09,2017-05-30
0.9441790663077168,0.00021068109311634157,0.05561025053478547,2.064280469792844e-09,2017-05-31
0.9379028004199147,0.0002507257710069781,0.061846470320276854,3.4888426308888193e-09,2017-06-01
0.9415983274193049,0.00032145034851872075,0.058080219574771594,2.6577521298603914e-09,2017-06-02
0.9438343368352684,0.00010994125555585019,0.05605565237560575,6.953401350480514e-08,2017-06-05
2.5511774708809757e-17,0.008623908170491183,0.991376051081192,4.07480059939938e-08,2017-06-06
0.9240168716042593,0.00016273749834689314,0.07582037243287593,1.846434293288592e-08,2017-06-07
0.0349924730463462,0.003844204925429412,0.961163252815797,6.921216579953534e-08,2017-06-08
0.89377439424547,0.00027608635255153965,0.10594951129151031,8.110377681477897e-09,2017-06-09
0.31914982380511064,0.0025786509289545483,0.6782714751725655,5.009380518211747e-08,2017-06-12
0.9170833099129473,0.00036087805841922917,0.08255581102716338,1.0013628483165493e-09,2017-06-13
0.9272884069824191,0.00015254451096185882,0.07255900631073403,4.219586254258696e-08,2017-06-14
0.021155890471008458,0.0033900054580783693,0.9754540768150984,2.725579160807157e-08,2017-06-15
0.930436440017696,0.00023513454067875433,0.06932841982052719,5.621107197946755e-09,2017-06-16
0.6810895548084241,0.0015904669503531853,0.3173199687731609,9.467854294854539e-09,2017-06-19
0.9482420820477625,0.00023569193149893143,0.05152222091044517,5.110668482948245e-09,2017-06-20
0.9270393609738828,0.0002896196804756028,0.07267101434910227,4.996156761202745e-09,2017-06-21
0.9425681610915168,0.00032415605093895507,0.05710760910663789,7.375074012466981e-08,2017-06-22
2.8236577270170396e-17,0.011728131407365013,0.9882502493832166,2.1619209195193263e-05,2017-06-23
7.398949804363509e-10,0.12764160744713418,0.8723580167868501,3.750265111410472e-07,2017-06-27
0.6513149532122724,0.002257462650177482,0.34642756049691675,2.3640548426184546e-08,2017-06-28
0.9548747638116791,0.0004225419113643051,0.044702682148557424,1.2128787967814092e-08,2017-06-29
0.5930528606657904,0.0029575741460907442,0.40398949849287785,6.669510173314297e-08,2017-06-30
0.8245873681212723,0.0025334420954501585,0.1728791460693965,4.371431421098625e-08,2017-07-03
0.568939834476641,0.001436843686979235,0.42962331256720276,9.269440856239165e-09,2017-07-04
0.9516667182063587,0.00021332579486944898,0.04811995269118755,3.307819328245043e-09,2017-07-05
0.9389898997589731,0.0003113716121819911,0.060698724208095904,4.42037729995878e-09,2017-07-06
0.9247528292937565,0.0006863929398527431,0.07455799594683812,2.7818198404282473e-06,2017-07-07
0.6924626782826042,0.2013479679266111,0.10618909769652163,2.560943709436747e-07,2017-07-10
0.9484834275690932,0.0005459606573455373,0.050970609570356436,2.2030137652163494e-09,2017-07-11
0.9478771621231923,0.00012311340492987508,0.05199963541016052,8.906189290532939e-08,2017-07-12
0.003912796715304566,0.006138662782933013,0.989948386444549,1.540576259751381e-07,2017-07-13
0.9070823924256189,0.00036219087000372626,0.09255541616072852,5.440124847125904e-10,2017-07-14
0.9528395685282437,0.00019211425597639225,0.046968231450096445,8.57653978578717e-08,2017-07-17
0.4992585235397861,0.005338444206042551,0.49540263423177466,3.9802222465208565e-07,2017-07-18
3.700566083739616e-05,0.002447310917622366,0.9975149278989232,7.555228465667039e-07,2017-07-19
1.1045744209347902e-05,0.003983052784893381,0.9960058567803884,4.469066132621771e-08,2017-07-20
0.9512829226554981,0.0007875411067922745,0.0479295351334747,1.104440822415387e-09,2017-07-21
0.8584701669900666,0.0002904692562178034,0.14123932581833648,3.793547606983958e-08,2017-07-24
0.00047833468805054174,0.002229930454278823,0.9972914589561918,2.75901829890567e-07,2017-07-25
0.30762573336496496,0.002380567683142581,0.6899936201828729,7.876856679922233e-08,2017-07-26
0.8601059812660188,0.0034077525488780875,0.1364862624343214,3.751209533225051e-09,2017-07-27
0.9387528958330112,0.00029435163322767666,0.06095272737423226,2.5159211899214926e-08,2017-07-28
0.10054751664016152,0.0038549711553808315,0.8955974974473934,1.4757173128373484e-08,2017-07-31
0.9328321039581166,0.00015556419067123617,0.06701232414546687,7.70613049910468e-09,2017-08-01
0.00017099010274003088,0.0018022495474506609,0.9980265354645745,2.2488481004853405e-07,2017-08-02
1.4142199278606173e-14,0.0032797372203868785,0.9967199694242512,2.9335506949522203e-07,2017-08-03
6.856054577297565e-05,0.004342922968187097,0.9955885128747501,3.611313101194728e-09,2017-08-04
0.9346060158232218,0.00013141222108664283,0.06526246929906315,1.0265639262034198e-07,2017-08-07
4.577147182354324e-15,0.02392491393086766,0.9760741993555525,8.867134923297265e-07,2017-08-08
9.764435506885734e-06,0.0031730577474717576,0.9968160760679929,1.1017491723085007e-06,2017-08-09
0.038095100395149434,0.020270942799744875,0.9416332624063336,6.943986098141808e-07,2017-08-10
0.17381951581216024,0.008714397890404386,0.8174656491992576,4.370978401322824e-07,2017-08-11
0.17236143541731905,0.0034971998837547962,0.8241389778863145,2.3868122557794506e-06,2017-08-14
0.00011521886063756505,0.056811998623908254,0.9430719015202831,8.809949329197548e-07,2017-08-16
0.06231417967256107,0.004064705695942574,0.9336209812763793,1.3335467331453848e-07,2017-08-17
0.6633096339906277,0.0018867077573115716,0.33480288929279717,7.689594298055309e-07,2017-08-18
9.927360281540965e-37,0.06466606190330122,0.9353322995354777,1.6385614069493853e-06,2017-08-21
0.0008269965705853664,0.0028386214642287873,0.9963341170937936,2.6487135814486224e-07,2017-08-22
0.00021262836889961986,0.004051609273000172,0.9957357208482025,4.150971944577816e-08,2017-08-23
0.7681018356604409,0.0011202272268962684,0.2307779191264187,1.7985909021279278e-08,2017-08-24
0.9189132441420266,0.0004014453241978369,0.08068427824264889,1.0322908026781557e-06,2017-08-28
2.369254879998005e-36,0.07067753636723556,0.9293205737737034,1.8898592632981724e-06,2017-08-29
0.8124928901768488,0.001712879582523702,0.1857942217252241,8.515332399369568e-09,2017-08-30
0.9381450900555439,0.00037972048774027233,0.06147518122947803,8.227555390458912e-09,2017-08-31
0.6915794370922012,0.0011309763412360276,0.30728873445065,8.521161363424187e-07,2017-09-01
1.225012391147155e-05,0.039703357652832255,0.960284335103609,5.7119442381722073e-08,2017-09-04
0.9392245607843651,0.00035259895579052477,0.060422838607890966,1.652169877758111e-09,2017-09-05
0.8875490956261661,0.0004298214579160049,0.11202107880387897,4.111923640903761e-09,2017-09-06
0.9479200201982326,0.00020978430468338803,0.05187019346050772,2.0361514929262015e-09,2017-09-07
0.9187044907396883,0.00021701479694637976,0.08107847360276395,2.086056559634424e-08,2017-09-08
0.4968848632763753,0.001760309198731816,0.5013546539109023,1.7361369962950774e-07,2017-09-11
0.5066281993345251,0.002903357936278961,0.49046842820098463,1.4528241067243325e-08,2017-09-12
0.9228004602512796,0.0003561939490179565,0.07684334455518364,1.2446315347453427e-09,2017-09-13
0.9387502777008805,0.0002394922147633629,0.06101022775191765,2.332008760026157e-09,2017-09-14
0.9350937965058743,0.00033408284257934937,0.06457211818416181,2.467700208841563e-09,2017-09-15
0.9178459369540711,0.00043710202871472464,0.08171694366855405,1.734823500867209e-08,2017-09-18
0.8270557143986657,0.0006152253504793061,0.17232905198294582,8.26778668593563e-09,2017-09-19
0.9370898514612249,0.00029270531498266006,0.06261729965326897,1.4357041852443504e-07,2017-09-20
0.9498495157341685,0.008595905220251256,0.041545851443642055,8.72760152578213e-06,2017-09-21
2.0199214903478994e-88,0.9501338323948035,0.0480287966536042,0.0018373709512182305,2017-09-22
9.403869811959796e-12,0.6764081658456326,0.3235805908997504,1.1243245264134322e-05,2017-09-25
0.9383835726064592,0.022325882079459927,0.039263578225651005,2.696708879822068e-05,2017-09-26
1.9304873834236227e-178,0.9999594535764389,1.3543979200474808e-05,2.7002444674275737e-05,2017-09-27
0.977162686393904,0.008144614606726846,0.01469268348763066,1.55112875032499e-08,2017-09-28
0.9422050558589793,0.00037776629802821417,0.05741716697022601,1.0872333991768953e-08,2017-09-29
0.6199750085883254,0.001949316932353394,0.37807565318848013,2.129068499243497e-08,2017-10-03
0.9269917890755125,0.0005425578787454176,0.07246564009202808,1.2953444311791779e-08,2017-10-04
0.18143323326872304,0.0012936444508140062,0.8172725867330484,5.35547632507639e-07,2017-10-05
2.136074286117184e-19,0.007972015142678243,0.9920279512968755,3.356007813398315e-08,2017-10-06
0.9225978326842923,0.00034606579227119873,0.07705610090410601,6.191931550111395e-10,2017-10-09
0.9480180051619824,0.00014299748869631325,0.051838823380739446,1.739682112895315e-07,2017-10-10
0.013925123361415347,0.008402525568898455,0.9776707478426031,1.603226927796387e-06,2017-10-11
1.5398877040540355e-12,0.01777449153192135,0.9822251076383708,4.008285066226929e-07,2017-10-12
0.06506863343443167,0.004594615263969138,0.9303367306128039,2.0688673313848262e-08,2017-10-13
0.9153273747573681,0.0005081832199137322,0.08416444096512929,1.057457136148784e-09,2017-10-16
0.9422663028887727,0.00025298244381585897,0.05748070960145907,5.065956058531067e-09,2017-10-17
0.8799048634287892,0.0002613440768159608,0.11983371324890629,7.924591883714245e-08,2017-10-18
9.7172691082555e-09,0.005570092531232764,0.9944297844508364,1.1330084704401669e-07,2017-10-19
0.9620185892716805,0.0014751269475419086,0.0365062825331016,1.2473614348859322e-09,2017-10-23
0.9406348699589209,0.0002862026812290521,0.05907891568286411,1.1676982451019144e-08,2017-10-24
0.9213901638254436,0.001574343910070602,0.07703542330945715,6.895463230454602e-08,2017-10-25
0.009105102452593335,0.002130923106589021,0.9887637566391405,2.1780194453292948e-07,2017-10-26
0.03305032768277321,0.0031921569959350695,0.9637575032563769,1.2064782329256607e-08,2017-10-27
0.944297978039608,0.0001931023113580586,0.055508913007546117,6.641434795842308e-09,2017-10-30
0.5374338834145255,0.0008995316677397145,0.4616658937142777,6.912036357486812e-07,2017-10-31
7.884991652927246e-05,0.0052325865373892165,0.994688535856669,2.7689825596886197e-08,2017-11-01
0.935243726840431,0.00024022621294919648,0.06451604484640922,2.1006256208254187e-09,2017-11-02
0.9357948379325153,0.00033312419272337135,0.06387203121372859,6.660834666408392e-09,2017-11-03
0.9387404602613452,0.0008082461598278202,0.060449973299707666,1.3202788742886126e-06,2017-11-06
3.6023941042345345e-66,0.2770851590608131,0.7228840400428288,3.080089612694766e-05,2017-11-07
0.0005618116072421932,0.01881626688245319,0.9806207754631454,1.146046931122612e-06,2017-11-08
0.36131058457725557,0.0063273670644455665,0.6323620396330929,8.7254253276267e-09,2017-11-09
0.9535683492375622,0.0004137635642999909,0.046017781951764536,1.0524648883322254e-07,2017-11-10
4.281404281325485e-32,0.030626904647251933,0.9693725018831001,5.934697186644445e-07,2017-11-13
0.47765764302814373,0.0009526728463842499,0.5213896333041126,5.0820940095701796e-08,2017-11-14
5.954054197311188e-05,0.001929668908098385,0.998010527843236,2.6270693564983325e-07,2017-11-15
4.384007540699859e-06,0.004250893319857305,0.9957446265436468,9.612931413195204e-08,2017-11-16
0.3279949233098534,0.0031655390094970388,0.6688395327245852,4.955790377819891e-09,2017-11-17
0.9425601503084735,0.00023203807466378828,0.057207809868592405,1.7485171574855205e-09,2017-11-20
0.9387217263409231,0.0003021482154791728,0.06097612075309663,4.6902831205301615e-09,2017-11-21
0.9348121545106749,0.00032128727024127013,0.0648665550957719,3.1231983927722617e-09,2017-11-22
0.9323144459870706,0.0003762282067528664,0.06730932373360468,2.072946342533725e-09,2017-11-23
0.9264772194933713,0.0002532720396197682,0.07326947589275369,3.257403153178404e-08,2017-11-24
0.5187708595673993,0.001597851105748277,0.47963127494421176,1.4382581534947767e-08,2017-11-27
0.9018122914822977,0.00035272408212980394,0.09783497556989837,8.865757582287125e-09,2017-11-28
0.9392845040597864,0.0009714396786329062,0.05973860114040308,5.455121421905812e-06,2017-11-29
3.105776035343442e-47,0.5695594262842956,0.42919728205220564,0.0012432916632329793,2017-11-30
2.6245477917585423e-84,0.8651805562058305,0.13477452519488373,4.491859920127759e-05,2017-12-01
0.1834820225247063,0.042186772092394235,0.7743310536058938,1.5177703932601862e-07,2017-12-04
0.9156603674481997,0.0003969728232055546,0.08394264189066754,1.7837626845217405e-08,2017-12-05
0.003945832561775413,0.0021647754580434715,0.9938878404625947,1.5515171701810848e-06,2017-12-06
9.194971081718249e-40,0.015522025231917234,0.9844766466839041,1.3280840942966681e-06,2017-12-07
1.6342209488598535e-17,0.00967501707149103,0.9903249473454346,3.558262862720607e-08,2017-12-08
0.9263330673788612,0.00023075333255171811,0.07343602001623493,1.592723466287216e-07,2017-12-11
2.04850763400846e-29,0.03136242646568044,0.9686290311879455,8.542346676965291e-06,2017-12-12
0.8588820554345121,0.0159485493097,0.1251690317713849,3.6348484276774983e-07,2017-12-13
0.9805962747272818,0.012711141957781898,0.00669229835496983,2.8496041200379676e-07,2017-12-14
0.907343525077174,0.005427312012797481,0.08716117275908003,6.799015074783398e-05,2017-12-15
3.930952531409575e-12,0.8259920494302961,7.059579324450399e-27,0.1740079505655578,2017-12-18
0.000923202399386578,0.13766850095057423,0.8610699096985427,0.0003383869514518359,2017-12-19
5.5345723163795154e-08,0.010695906247402421,0.9893021695827636,1.868824334902907e-06,2017-12-20
0.27270175861868856,0.0017763872399519803,0.7255216474847056,2.066565247812207e-07,2017-12-21
0.2967086585949415,0.002674526854131807,0.7006167984405454,1.611027617626851e-08,2017-12-22
0.9390889699713011,0.00023268761304854707,0.060678333845459516,8.57022667378307e-09,2017-12-26
0.49051325408903873,0.002304363435672642,0.507182374763717,7.711552251252224e-09,2017-12-27
0.9221882923807245,0.00017973536131351664,0.0776319565360527,1.5721757739110794e-08,2017-12-28
0.0271014028848693,0.0030643057172346287,0.9698334634933993,8.279045320171284e-07,2017-12-29
0.3676449382561136,0.003492830461702404,0.628862188127225,4.3154870352116834e-08,2018-01-02
0.5397500393259955,0.0014203182740376683,0.4588296217321656,2.066818617840914e-08,2018-01-03
0.7695588461216869,0.0010832892397278193,0.2293578599141218,4.724386329815248e-09,2018-01-04
0.9058169841962623,0.0002734354510633294,0.09390951014690835,7.02057810173055e-08,2018-01-05
0.3050177992076716,0.0038542530505619546,0.6911278713757328,7.636602778717374e-08,2018-01-08
0.9327554732730803,0.0002848547931423725,0.06695967036339995,1.5703696879513467e-09,2018-01-09
0.9338358497367701,0.0002742738390815283,0.06588987469394605,1.7299583481517997e-09,2018-01-10
0.9460934179277021,0.00023729538925544255,0.05366927867757492,8.005375191448777e-09,2018-01-11
0.9476842491130663,0.0010598063373473247,0.05125594208043661,2.469049473262258e-09,2018-01-12
0.9229969908625338,0.0002090170966312797,0.0767939624034338,2.9637674337240115e-08,2018-01-15
7.007133929791234e-10,0.0029248705083093273,0.9970727030570815,2.4257337804334298e-06,2018-01-16
5.0467668582561e-09,0.015448082220597693,0.9845516708201225,2.419123578376385e-07,2018-01-17
0.060525138276376046,0.00369794578240157,0.9357767536900541,1.6225110166576166e-07,2018-01-18
0.001399004677355224,0.00533794041896388,0.9932628653610401,1.8954236550953885e-07,2018-01-19
2.5853360990283503e-23,0.004856636182668659,0.9951424407644375,9.230531653176529e-07,2018-01-22
1.515748957994244e-24,0.01144855302499039,0.9885514196000091,2.7375204888536163e-08,2018-01-23
0.9345852579409365,0.00026096569492323576,0.06515377550955026,8.548751468042557e-10,2018-01-24
0.9251870880795129,0.0002790941459056043,0.07453379969411665,1.8080538113170557e-08,2018-01-25
0.20252950882631107,0.0024835738745834783,0.7949865098492013,4.0744974221938114e-07,2018-01-29
2.092350321539442e-13,0.0074444066157743774,0.9925552176669206,3.757172721195784e-07,2018-01-30
0.9064041934451238,0.003920799732333525,0.08967165281571912,3.354007070191132e-06,2018-01-31
0.01072286928449812,0.9874565417912067,7.1689078454019775e-09,0.00182058175543678,2018-02-01
2.3923576112660096e-106,0.9987341161876215,2.1095553771360907e-05,0.0012447882584415378,2018-02-02
0.0011410065151352443,0.6316584183045831,0.36656743555546356,0.0006331396248516257,2018-02-05
3.809414409651036e-73,0.9919564313560474,1.0227170095985046e-11,0.008043568633633738,2018-02-06
5.471100494546405e-47,0.8951079564551746,0.10458085606770808,0.00031118747702187034,2018-02-07
0.44999490820069116,0.5311125049630533,0.018869846384936544,2.2740451315697165e-05,2018-02-08
0.059201572713898885,0.04662713408947792,0.8941707495095093,5.436873554169775e-07,2018-02-09
0.8798115056386951,0.000713416896372663,0.11947481597907933,2.6148554227490907e-07,2018-02-12
4.508199028536438e-10,0.02703061227559865,0.9729681232691264,1.2640048694504757e-06,2018-02-14
0.9597426160006002,0.012074646331530943,0.0281780504982656,4.687169702392868e-06,2018-02-15
6.141153308519366e-66,0.9350340142844449,0.06415661868696351,0.000809367028245034,2018-02-16
2.521549351907123e-16,0.9739917981383507,0.026006162931248,2.038930075353672e-06,2018-02-19
0.9439827727440249,0.004130832369772337,0.051886376984247175,1.7901783892399563e-08,2018-02-20
0.930790153277872,0.00041497506722193016,0.06879486968930577,1.966050548365303e-09,2018-02-21
0.856681640901717,0.0002220126795610002,0.14309627581141912,7.060696719294723e-08,2018-02-22
1.7723676964700706e-19,0.004316164156704894,0.9956835016204508,3.3422322431383416e-07,2018-02-23
7.659241230989188e-07,0.0020820710774854816,0.9979169778896988,1.8510866586010316e-07,2018-02-26
5.30940542041726e-05,0.0035476550063321156,0.9963992216694734,2.927013288614751e-08,2018-02-27
0.724972129784685,0.0014770795020585964,0.2735507840613906,6.65168311797846e-09,2018-02-28
0.8866708351790712,0.0005294800952583934,0.11279919519613774,4.895298252373434e-07,2018-03-01
1.2657383731712366e-08,0.06536630905067188,0.9345395107808919,9.416751059904711e-05,2018-03-05
7.058405918309573e-85,0.9961474856359134,0.0037702932734226904,8.22210910784949e-05,2018-03-06
2.4713851139294972e-17,0.17440083399349116,0.8255852574172969,1.3908588956072788e-05,2018-03-07
0.9601607666394512,0.01620676129505734,0.0236320788363253,3.9322919167627694e-07,2018-03-08
0.2714183485684132,0.005285727505191697,0.7232897991424531,6.124783610267366e-06,2018-03-09
2.532689803554567e-55,0.14312586654657977,0.8568726425679595,1.4908851788495478e-06,2018-03-12
0.9255051854521932,0.0018438110157810985,0.07265100004832607,3.48362917394454e-09,2018-03-13
0.927589532463815,0.0003859854201733386,0.07202430628581497,1.7583052906188213e-07,2018-03-14
0.023912000408948,0.02532838729502781,0.9506879654761579,7.164681989653535e-05,2018-03-15
1.7222500592396745e-109,0.9920251976542102,0.007272358708999659,0.0007024436366208502,2018-03-16
4.277222226892e-50,0.7123829774627662,0.2875513358207152,6.5686716505118e-05,2018-03-19
7.087231096394768e-09,0.07431603906363114,0.9256838014956276,1.523538147177708e-07,2018-03-20
0.9567603174569654,0.0004783103391206078,0.042761347207930706,2.4996436766246205e-08,2018-03-21
0.03609074193269541,0.006142039638070213,0.9577651203845792,2.098044467143191e-06,2018-03-22
0.10232589874116317,0.03002926601923585,0.8676058703653862,3.896487384803862e-05,2018-03-23
1.9498024919903301e-53,0.717219629404716,0.282779066188722,1.3044066374219264e-06,2018-03-26
0.9459806822311937,0.0025853459456059106,0.051433911913914894,5.990890543953888e-08,2018-03-27
0.4587249422994998,0.0009660445453011716,0.5403086973984688,3.1575647971990596e-07,2018-03-28
2.4576415902467908e-05,0.004232925775399828,0.9957412095034379,1.2883050561779842e-06,2018-04-02
3.0439118311976357e-05,0.023940337622222994,0.9760125344639649,1.6688795645232153e-05,2018-04-03
1.1789785126838738e-90,0.9080362932896812,0.0916838057853222,0.00027990092473469325,2018-04-04
4.9956327787966166e-46,0.5125321528836908,0.487464982147108,2.864969151953386e-06,2018-04-05
0.9455460760046636,0.0006222164692044229,0.053831606250789595,1.0127571300037918e-07,2018-04-06
0.02247307552222291,0.0036884404635097387,0.9738384647673601,1.9247143302968395e-08,2018-04-09
0.9466405676535015,0.00021667272299570516,0.05314275860927061,1.0138420898061046e-09,2018-04-10
0.9344018981633112,0.00020696784322488105,0.06539110629439734,2.7698765399133575e-08,2018-04-11
0.02153025872197761,0.0036682362230385404,0.974801466966772,3.808817510337031e-08,2018-04-12
0.9383229178978716,0.000560343205614562,0.06111629600996924,4.4288652002089026e-07,2018-04-13
1.9798997720434326e-70,0.22610719189900655,0.7738922184380264,5.896627093237974e-07,2018-04-16
0.9359091203824953,0.0003880988313556678,0.06370273228942308,4.84964817979146e-08,2018-04-17
0.0041126571714382556,0.003825263520106636,0.9920620623057933,1.7002571756845074e-08,2018-04-18
0.9539429965831396,0.000288585185921928,0.04576841347808724,4.75282386907186e-09,2018-04-19
0.9220432419682102,0.0003648109633000824,0.07759191683031662,3.0238609976736126e-08,2018-04-20
0.982117517944039,0.003055985842612513,0.01482648221326857,1.4000507164706381e-08,2018-04-23
0.729167172797965,0.0006109166854939964,0.27022184498426344,6.55326856191636e-08,2018-04-24
0.2426964209792799,0.00261962767340155,0.7546839328035367,1.8543832636827778e-08,2018-04-25
0.880791788867033,0.00033139499524620304,0.1188768015910383,1.454660454239786e-08,2018-04-26
0.36142558852222295,0.002497228053146865,0.6360771354718407,4.795285119826247e-08,2018-04-27
0.6314170410474123,0.0006035938927377712,0.36797926474858067,1.0031090375572971e-07,2018-04-30
6.209108384376791e-07,0.0026403521497308543,0.9973589628599795,6.40798865045438e-08,2018-05-02
0.30732260622727864,0.0009726565263324053,0.691704645265093,9.198085994762441e-08,2018-05-03
1.0067800944134039e-20,0.0048253805314902335,0.9951741682886197,4.511802126239239e-07,2018-05-04
3.5273103004114532e-06,0.003695534658635062,0.99630090139097,3.663976469688381e-08,2018-05-07
0.40791688278245036,0.0007941210748296445,0.59128896480085,3.134184838128865e-08,2018-05-08
0.03337898263952631,0.001375576228032777,0.9652453437669043,9.736526057316393e-08,2018-05-09
3.638492445146796e-09,0.0018314425904090326,0.9981683709209399,1.8284979401090155e-07,2018-05-10
1.0081490003609504e-07,0.0045746294057278985,0.9954252594997037,1.0279703526239463e-08,2018-05-11
0.9240364162065983,0.00033019242062947167,0.0756333667859299,2.458686871674329e-08,2018-05-14
0.9867164960388798,0.008563587144912137,0.004719867795913907,4.901997929015771e-08,2018-05-15
0.7948475303598745,0.0011789465906601453,0.20397327219246184,2.508572747209327e-07,2018-05-16
7.974849302942991e-26,0.0084547127095558,0.9915431661453634,2.1211451377976637e-06,2018-05-17
4.2376621217520834e-21,0.011735584013680026,0.988256226827462,8.189159150864065e-06,2018-05-18
1.5541869775559757e-36,0.04411940770262684,0.9558805388105626,5.3486505511357495e-08,2018-05-21
0.9397181190054446,0.00019790903450942794,0.060083910250118895,6.171011111666414e-08,2018-05-22
1.8607364190925846e-23,0.02165426648346294,0.9783440814254921,1.6520907279325631e-06,2018-05-23
0.7012323867426841,0.0066342406144812745,0.2921331913503685,1.8129280144079182e-07,2018-05-24
9.666750088986657e-09,0.004926195675898381,0.9950736570486658,1.3760911556724742e-07,2018-05-25
0.2568946358300092,0.001564329587958891,0.7415408627540994,1.718275817408802e-07,2018-05-28
0.006704914927623779,0.005800317019759082,0.9874947152607606,5.279192099634949e-08,2018-05-29
0.8703895394144213,0.0015339650644566548,0.12807579010859577,7.0541268530969e-07,2018-05-30
0.06800038125824634,0.2318150952217138,0.7001692190810762,1.5304439097953972e-05,2018-05-31
0.40852316437579367,0.03085424948320858,0.5605809928840805,4.159325722717519e-05,2018-06-01
4.290519861697939e-81,0.5910124875781883,0.40898243374372834,5.0786785315201616e-06,2018-06-04
0.7710539315503996,0.003299638369390762,0.22564592220367505,5.078763285891799e-07,2018-06-05
5.499069785566558e-13,0.006724494356507912,0.9932751152048498,3.9043819278269206e-07,2018-06-06
0.44230179648910206,0.005269710062529125,0.5524284840554899,9.39296427118641e-09,2018-06-07
0.8914980036570561,0.00040240677906550954,0.10809958714681879,2.4174190072770964e-09,2018-06-08
0.9356087889638366,0.0004261481707669619,0.06396506009095675,2.774054228514063e-09,2018-06-11
0.9201941336976778,0.0003782796946450624,0.07942757967115201,6.93657931216783e-09,2018-06-12
0.795421709757108,0.0007162376521106302,0.20386202860330804,2.3987063873520953e-08,2018-06-13
0.8276712366873963,0.0006199066209609364,0.17170884899479485,7.696426021930259e-09,2018-06-14
0.9330522780043299,0.00038619187924474985,0.06656152125666245,8.859676256850109e-09,2018-06-15
0.5543658125777563,0.001042830109465711,0.4445894599974168,1.8973154610752387e-06,2018-06-18
4.1586168433996306e-24,0.013964143035938877,0.9860349889843929,8.679793133924962e-07,2018-06-19
0.30807823924146094,0.00125699826191116,0.6906646370444964,1.2545256669653226e-07,2018-06-20
1.7044480170018042e-11,0.0023775489955190333,0.9976219127704797,5.382173997905268e-07,2018-06-21
3.34147219327723e-07,0.008179643342705356,0.9918198201856552,2.0232457476484912e-07,2018-06-22
2.5270178075653943e-08,0.004823705861435759,0.9951762536949138,1.517332519567365e-08,2018-06-25
0.9255383058020699,0.00023409913802693,0.07422749019192244,1.0486819828022493e-07,2018-06-26
6.533117377414749e-46,0.05801719389071302,0.9419732823430393,9.523765979707002e-06,2018-06-27
4.980078123252785e-07,0.011012095867212478,0.9889855189630774,1.8871623470320064e-06,2018-06-28
3.0960517005476145e-43,0.02286452226127026,0.9771275216970388,7.956042065684874e-06,2018-06-29
1.327787551857398e-05,0.0286687808779002,0.9713179185955763,2.2650978868400354e-08,2018-07-02
0.922225721149007,0.00028769583541623963,0.07748656499580554,1.802019163105837e-08,2018-07-03
0.059524691851169695,0.005759663870501868,0.9347155071879057,1.3709073994328146e-07,2018-07-04
0.46082534354537846,0.0016359486516765625,0.5375386983740328,9.428513016951457e-09,2018-07-05
0.9362807309538366,0.0003615410212117717,0.06335772658090816,1.4444372355043922e-09,2018-07-06
0.9014983128184721,0.0003787000602457147,0.09812288557173303,1.0154994303603978e-07,2018-07-09
0.2237741836280529,0.00478974230992155,0.7714360508673225,2.3194970832442236e-08,2018-07-10
0.9286512349313992,0.0002781787627546772,0.07107058243394637,3.872281535305541e-09,2018-07-11
0.9156262212565046,0.0007111343604833915,0.08366263506269771,9.319952737316888e-09,2018-07-12
0.669387589023181,0.0005402793947454986,0.3300719415766773,1.9000574967998797e-07,2018-07-13
1.51351252526054e-23,0.00814559077967045,0.9918533307696235,1.0784505157652078e-06,2018-07-16
2.8451036470673398e-08,0.002144467557428284,0.9978553673046135,1.366869583915803e-07,2018-07-17
2.966628781297095e-09,0.004354109085922955,0.9956458454057054,4.254216209018937e-08,2018-07-18
0.21109410783256294,0.0014033189730649456,0.7875025309393014,4.2255244930650295e-08,2018-07-19
0.2761971228469056,0.0014026740753265864,0.7224000932216461,1.0985582747683876e-07,2018-07-20
6.7702313522412075e-09,0.00434457357754775,0.9956554010893514,1.856279860254882e-08,2018-07-23
0.921348605258221,0.0003112117412523773,0.07834018191332978,1.0875948607776704e-09,2018-07-24
0.9486727419911248,0.0001935258910679405,0.05113372495719485,7.16058580161394e-09,2018-07-25
0.7679501267811518,0.0004213716826500419,0.23162835426243814,1.4727421201716986e-07,2018-07-26
0.05104186085183506,0.005361660488879837,0.9435964486266936,3.0032241644040226e-08,2018-07-27
0.9381994537291924,0.0002440000381475248,0.061556542088924866,4.143879856835348e-09,2018-07-30
0.7872669939961552,0.0015721948881663478,0.21116080701300272,4.102926850600045e-09,2018-07-31
0.920746142598109,0.00021926442082970918,0.07903451101217901,8.196890827668729e-08,2018-08-01
3.970379174244991e-25,0.012865050135887601,0.9871291684656217,5.781398139428724e-06,2018-08-02
6.805253159567252e-11,0.007483144310943703,0.9925168268310423,2.8789880332033636e-08,2018-08-03
0.9425628750994015,0.0002214113797610934,0.05721571191515758,1.6058042230811388e-09,2018-08-06
0.8627837478927953,0.00045870781876703544,0.13675753382801512,1.046007361481696e-08,2018-08-07
0.8403549295525848,0.0008483794413929798,0.15879668902767166,1.978304343212184e-09,2018-08-08
0.9438605499210693,0.00011789217631915273,0.05602148923446964,6.866818414177145e-08,2018-08-09
0.0025579559327036337,0.0037731483396336984,0.9936687224201866,1.7330755721707725e-07,2018-08-10
0.6899456217505283,0.0005503085725628006,0.3095040036208857,6.605590480251216e-08,2018-08-13
0.006762879461416679,0.004002210049698772,0.9892348554903931,5.499862616535228e-08,2018-08-14
0.8359266026828944,0.0007543270355521861,0.16331906343739527,6.843795968826436e-09,2018-08-16
0.6145747539838302,0.000885023256159185,0.38453986998103923,3.5277932940237216e-07,2018-08-17
0.001035497814694699,0.004433877684860595,0.9945305927008128,3.179984002694541e-08,2018-08-20
0.9423577135898694,0.00022943269597239835,0.057412848912415194,4.801911902807555e-09,2018-08-21
0.7973136248196784,0.0007079027904705113,0.2019784674496853,4.9399755620568675e-09,2018-08-23
0.8925658980070037,0.000248024370427851,0.1071859879123056,8.971049562050789e-08,2018-08-24
1.7990339873830768e-17,0.009238868155026418,0.9907611034388742,2.840576551770256e-08,2018-08-27
0.9312890791623704,0.00014781989509339745,0.06856307759080142,2.335207398587439e-08,2018-08-28
0.0008775088222488088,0.0036931341489748804,0.9954293227909349,3.4237727466151865e-08,2018-08-29
0.9254161026267859,0.0002596367160262546,0.07432424913264646,1.1524948564836328e-08,2018-08-30
0.9350167833508966,0.0035483940220355187,0.06142856295478205,6.25967189883902e-06,2018-08-31
2.7346245531551988e-111,0.9375449936309778,0.06225774650543666,0.00019725986336847657,2018-09-03
7.236471533213475e-11,0.08420440499917432,0.9157894115246843,6.183403868087929e-06,2018-09-04
0.9684871352985241,0.011086220424561604,0.020426569349742296,7.49274417286213e-08,2018-09-05
0.9750599501224539,0.00312662969971824,0.021813296117757924,1.240601427710108e-07,2018-09-06
0.9658821908968264,0.008299747385695895,0.02581067307339842,7.388643959563874e-06,2018-09-07
7.710985005143696e-67,0.9087853394134789,0.08892354548436243,0.0022911151024490204,2018-09-10
3.0614527598004595e-153,0.9999087705807959,5.045848397545265e-05,4.077093494297535e-05,2018-09-11
0.9715207540905687,0.017503971259544625,0.010974455553293579,8.19096687495905e-07,2018-09-12
1.2872567533825157e-10,0.005802898232402509,0.9941926964924936,4.405146544384333e-06,2018-09-14
1.5917647415121394e-26,0.025282013328778937,0.9747006166699885,1.7370001107657316e-05,2018-09-17
2.0692678114237208e-20,0.0421135044739562,0.9578703850904666,1.6110435735020477e-05,2018-09-18
1.5016908998750927e-17,0.14545872424959985,0.8532687741989748,0.0012725015515110125,2018-09-19
5.879254740206713e-24,0.00016851048745769207,2.929719501268582e-48,0.9998314895124181,2018-09-21
3.8257289618316324e-152,0.9713202249667752,1.5408670662881972e-08,0.028679759624150127,2018-09-24
4.585098507359684e-06,0.9983958524703473,0.0012100232597876063,0.00038953917107271827,2018-09-25
9.276149652262812e-09,0.5616018148339498,0.4382134465854649,0.00018472930417175214,2018-09-26
2.885564943957591e-23,0.47733754711989457,0.522322281985379,0.00034017089477175803,2018-09-27
0.004732046300867615,0.9867301861720635,0.008224952221102354,0.0003128153059711034,2018-09-28
0.00300007504087266,0.9963281591002213,1.3404470807103716e-06,0.0006704254116033738,2018-10-01
9.437849686504324e-56,0.98248077327448,0.01613406536682569,0.0013851613590603108,2018-10-03
6.3666728255163e-69,0.9984104777261417,3.4385213549781615e-05,0.0015551370601403773,2018-10-04
3.535639829620227e-106,0.995003589468525,3.0120264576963495e-10,0.004996410230345357,2018-10-05
0.16534863136381509,0.8342816027528379,1.0449570354232834e-06,0.0003687209261002375,2018-10-08
1.1478374097117108e-19,0.44735590905487355,0.552270605396209,0.00037348554883524424,2018-10-09
2.458824545375145e-45,0.8148880812747439,0.18456450480166658,0.0005474139237677074,2018-10-10
9.886169138096965e-09,0.998560713760317,9.021999272614657e-06,0.0014302543540615756,2018-10-11
4.29539512920192e-68,0.9682053926423654,0.031752206841939856,4.2400515379397186e-05,2018-10-12
0.9707997460866196,0.01974560389747507,0.009453959950164615,6.90065583036811e-07,2018-10-15
0.8428328619122317,0.00913689345643032,0.1480126979167969,1.7546714340804605e-05,2018-10-16
4.643519750289701e-230,0.9934428246370761,3.699005104861899e-09,0.006557171664333588,2018-10-17
0.0060731336197276204,0.9643216735441559,0.028640101093590664,0.0009650917429673553,2018-10-19
4.508046772739332e-108,0.9968849473507087,0.00261585230927134,0.0004992003396659358,2018-10-22
0.4287405470675447,0.47803169012285973,0.09303743979780672,0.00019032301134941858,2018-10-23
0.6881271845300624,0.30846406725981906,0.003388025515261671,2.0722695045399638e-05,2018-10-24
0.38361963159501594,0.050818476520413304,0.5654956083340358,6.628355088287007e-05,2018-10-25
2.0193817536745997e-22,0.20976880880739424,0.790077301480952,0.00015388971134069578,2018-10-26
7.992810835688955e-60,0.99929284282531,2.4023917858105405e-06,0.0007047547831793447,2018-10-29
0.6666571608567223,0.24341719152992886,0.08973606192889705,0.00018958568429014753,2018-10-30
2.806453561023805e-44,0.997592146261714,7.829339468988865e-10,0.0024078529549650687,2018-10-31
0.0006600828005658685,0.15235119650747014,0.8468479349393147,0.00014078575309821157,2018-11-01
1.0697044613220035e-11,0.32685027302517555,0.67314855341992,1.1735438164108366e-06,2018-11-02
0.8393737746837812,0.0027597223273959806,0.15786647601311582,2.6975404379134778e-08,2018-11-05
0.9718800750990946,0.00111954499020252,0.027000377275511,2.6348594296769408e-09,2018-11-06
0.943087392260084,0.0003805309401294328,0.056532027465574536,4.933461207286391e-08,2018-11-07
0.9018909418665436,0.0017500674370771016,0.09635524990182388,3.740794533311512e-06,2018-11-09
4.740196384700146e-33,0.5600675352425987,0.4397277692386991,0.0002046955185086315,2018-11-12
7.401490381515296e-55,0.36388081726374005,0.6360618721403576,5.7310596052234356e-05,2018-11-13
0.14557115923216252,0.07487636209463898,0.7795522861560679,1.9251704794809413e-07,2018-11-14
0.89879770221724,0.0007776441206919526,0.10042463592880749,1.7733551601361865e-08,2018-11-15
0.4186482155353966,0.002370526816205017,0.5789812164063579,4.124180462889692e-08,2018-11-16
0.8728447032811071,0.0006298298545187239,0.1265253777949486,8.906982213264556e-08,2018-11-19
5.989916686905284e-23,0.009465428385643552,0.9905325045613469,2.0670530471196694e-06,2018-11-20
2.116957756480027e-07,0.004999928130262869,0.9949988366310206,1.023543341782349e-06,2018-11-21
1.3455649731703717e-11,0.03799414830798344,0.9620005133121242,5.338366711649964e-06,2018-11-22
0.6965724359487776,0.11128518744790662,0.19213966882409125,2.707779285875894e-06,2018-11-26
5.8735071615765475e-05,0.013939599485717949,0.9860016427428542,2.2700147039857726e-08,2018-11-27
0.9360837695585357,0.0001667572735304977,0.0637494190942397,5.407388698213918e-08,2018-11-28
0.09077838716937968,0.018614567611535043,0.890606975216782,7.000273052417842e-08,2018-11-29
0.9469055531124203,0.0004142904086007578,0.052680148297989504,8.180697118169388e-09,2018-11-30
0.5470497061955382,0.002771533248480946,0.45017875258167306,7.974473737544753e-09,2018-12-03
0.9075156348199851,0.0002283831444783149,0.09225589306996358,8.896518917463772e-08,2018-12-04
0.19632065713333172,0.010387247373883605,0.7932597922275667,3.2303264778831136e-05,2018-12-05
2.896149943453673e-54,0.399338667692212,0.6005944754522758,6.685685506758627e-05,2018-12-06
0.501174782842439,0.0557831625623054,0.4430106984664258,3.1356128790981314e-05,2018-12-07
0.00020963594297181723,0.16826066960251093,0.8308486157994519,0.0006810786549533548,2018-12-10
2.1706204164670185e-140,0.998822656676283,0.0001948414935727725,0.0009825018298061801,2018-12-11
2.3151243321099135e-53,0.9789486594511743,0.021045990000877684,5.350548096103129e-06,2018-12-12
0.9713881780447944,0.004793831820791294,0.023817982121217444,8.01349762587224e-09,2018-12-13
0.941473069074171,0.00017680318400469696,0.05835011722755262,1.0514238776117108e-08,2018-12-14
0.40548182283986833,0.0013240996123353873,0.5931936912030957,3.863444113508723e-07,2018-12-17
0.009954393078206569,0.003098929685381617,0.9869466191673958,5.8068826086136275e-08,2018-12-18
0.39822523697951917,0.0013912614846765883,0.6003825565381355,9.449979694104734e-07,2018-12-19
2.6172003939674904e-10,0.0322518396062095,0.9676852611918442,6.289894053004147e-05,2018-12-20
8.072838462619946e-134,0.9991121419304975,3.36406761352495e-05,0.0008542173931219896,2018-12-21
2.5153190683080818e-54,0.9592275096925508,0.039451801104866215,0.0013206892025244932,2018-12-24
0.00010402085722509729,0.9998451935382766,4.252805923941121e-05,8.257545418459753e-06,2018-12-26
0.7753510020869127,0.010185467360675701,0.2144632363044345,2.942480113033564e-07,2018-12-27
0.5827471838544309,0.001258728128457602,0.4159936667114841,4.213057481514931e-07,2018-12-28
0.0007880839133458053,0.011596306252062797,0.9875868566036905,2.8753230545704012e-05,2018-12-31
0.001980660361940083,0.45216914585754264,0.5457674108012879,8.278297886894621e-05,2019-01-02
1.1694756073392862e-48,0.4992934393349336,0.5007021090697441,4.451595387361891e-06,2019-01-03
0.9732280077692644,0.006441569251752166,0.020330403473002013,1.950573524100892e-08,2019-01-04
0.9138356304248039,0.0006738635392061588,0.08549050184245387,4.19324759341583e-09,2019-01-07
0.9489031865281428,0.000556985690995707,0.05053981305915725,1.4722109322782342e-08,2019-01-08
0.9735040477859099,0.0027198098901888186,0.02377606068733015,8.163654212547442e-08,2019-01-09
0.2106864997499756,0.002827415095038427,0.7864859749070463,1.1024748640975203e-07,2019-01-10
0.8933837587912833,0.000894970127116932,0.10572121699041147,5.40907662900607e-08,2019-01-11
1.98423444412775e-05,0.007988434273157673,0.9919879044722251,3.818910088552954e-06,2019-01-14
5.552491066815821e-49,0.055792151169085535,0.9442077087127695,1.4011842533936845e-07,2019-01-15
0.935518500751834,0.0003317507588150596,0.06414974533347548,3.1562496754887728e-09,2019-01-16
0.9475283881081554,0.0004990154214521164,0.051972593696892985,2.77380592524033e-09,2019-01-17
0.9276866617058397,0.00046206956286297515,0.07185125594424063,1.2786795268894306e-08,2019-01-18
0.8620866778530082,0.0017354557819859783,0.1361778589239446,7.44108026796783e-09,2019-01-21
0.8780120798272731,0.00045783228728906567,0.12152984249527335,2.453904737526477e-07,2019-01-22
9.48038283541123e-23,0.02750181545406099,0.972497716615973,4.679302836311568e-07,2019-01-23
0.9315188532332532,0.002578887312434785,0.06589921440309962,3.045050973686891e-06,2019-01-24
0.0005562241828469219,0.89805245307983,0.10094204019649454,0.00044928254041223575,2019-01-25
1.953423338171014e-43,0.8637887789466038,0.1362069026743235,4.31837902872417e-06,2019-01-28
0.9693887548573102,0.007057797037958695,0.02355265320769607,7.948972129628342e-07,2019-01-29
0.23645561330763204,0.015161718908543379,0.7483657655712534,1.6902212323532364e-05,2019-01-30
8.747999494549554e-73,0.38454035339023723,0.615349181502306,0.00011046510724007894,2019-01-31
0.8821195244756288,0.11668851096381706,0.0011916227204661226,3.418404339994048e-07,2019-02-01
0.969439999558122,0.001770879486754896,0.028789118855418384,2.0993377455947314e-09,2019-02-04
0.9354208605357948,0.00016479273064469438,0.06441423771686947,1.0901700723636751e-07,2019-02-05
5.7555715101730834e-33,0.02070521230190422,0.9792946871992038,1.0049878047167586e-07,2019-02-06
0.9210979522317723,0.00023036205145710376,0.0786716593244336,2.6392294961723455e-08,2019-02-07
4.069536618638391e-12,0.0075448382565137554,0.9924548547920916,3.069471153957811e-07,2019-02-08
0.16092539719717563,0.0013131012534790187,0.8377614309387035,7.0610357051801e-08,2019-02-11
0.04680709438391176,0.0019092322688758908,0.9512835439290226,1.2941806307865052e-07,2019-02-12
0.10414410925163099,0.004024758302947757,0.8918300988039977,1.0336417646171063e-06,2019-02-14
0.9574273381916558,0.03096143516869868,0.011608837036842205,2.3896023543770472e-06,2019-02-15
3.261437720905806e-22,0.03612933880423555,0.9638698690890465,7.921070089532437e-07,2019-02-18
0.9740914054219011,0.003941723571462041,0.02196673282003467,1.3818649219895295e-07,2019-02-19
3.204202181146026e-14,0.008064404715102249,0.991935162520983,4.327638155911241e-07,2019-02-20
0.4242005552803343,0.0030699888628823347,0.5727294530925625,2.7643898259388464e-09,2019-02-21
0.937273624236425,0.00014269769688452232,0.06258350302676614,1.750395826610735e-07,2019-02-22
3.109902279831221e-06,0.020654687488532792,0.9793190540123126,2.314859672397805e-05,2019-02-25
0.5866604129492549,0.35965973227042625,0.05360236133620288,7.749344442180642e-05,2019-02-26
0.10714067811274125,0.8624880333702737,0.030302554701889833,6.873381544499074e-05,2019-02-27
1.0651019682853282e-19,0.12680385257970575,0.8731928309367551,3.3164831857824507e-06,2019-02-28
0.9195377228852623,0.0018310216016809444,0.07862706217511536,4.19333814438126e-06,2019-03-01
4.623467056481836e-24,0.3328479381950301,0.6671511740458317,8.877587408028668e-07,2019-03-05
0.9128735479705418,0.0014394197274628232,0.08568702561042248,6.691931180299318e-09,2019-03-06
0.9406506419115249,0.00023971966380636683,0.059109636793047406,1.6317025507526695e-09,2019-03-07
0.9115038994046418,0.0001911498904518351,0.08830474064885867,2.100563286826103e-07,2019-03-08
2.4195746908285346e-26,0.007947198051043528,0.9920514288971881,1.3730519369241207e-06,2019-03-11
1.9753268742790843e-09,0.007026778494763463,0.9929732027249847,1.6805017034438695e-08,2019-03-12
0.9358281057397925,0.0003131410438756372,0.06385874982444267,3.3921246298823685e-09,2019-03-13
0.6227230372613047,0.0011175297021825434,0.37615921631647015,2.167201680234082e-07,2019-03-14
0.6844049169372703,0.007526247276310472,0.3080687779689287,5.7817713287641715e-08,2019-03-15
0.9712415048650682,0.0016359125032795482,0.02712257630789793,6.323417846436397e-09,2019-03-18
0.922856356480527,0.0007263435169021231,0.07641729458867513,5.414120596731349e-09,2019-03-19
0.7610954543166015,0.0004228992945819577,0.2384812987455543,3.4764287416395075e-07,2019-03-20
2.9960335118258382e-12,0.008447390713394582,0.9915523655642174,2.4371911009507306e-07,2019-03-22
0.11709960201754196,0.0021076108665406073,0.8807923233151058,4.6380121302354033e-07,2019-03-25
3.2466170231153625e-22,0.012069810500413955,0.9879296143390309,5.751601515174509e-07,2019-03-26
1.983567079883034e-09,0.006929388594642865,0.9930700216513864,5.877699968497281e-07,2019-03-27
3.505120695959143e-24,0.01755603469988846,0.9824438109266396,1.5437321712445958e-07,2019-03-28
0.8722810279827777,0.002648802643386508,0.12507016575984017,3.6141391895635353e-09,2019-04-01
0.9218238162681794,0.0002447990669375525,0.07793133107878487,5.358645612381571e-08,2019-04-02
6.372023942044893e-13,0.005486814485565074,0.9945127441644135,4.4134910734413716e-07,2019-04-03
0.0018559563788466662,0.004451855090208898,0.9936921806295449,7.901650027164298e-09,2019-04-04
0.9156801963928369,0.00031672920037060907,0.08400298425262191,9.015407349493594e-08,2019-04-05
5.228750348669364e-11,0.032493625709130336,0.9675051151675673,1.2590711550689614e-06,2019-04-08
0.13209471172912843,0.005598649013144642,0.8623063475394473,2.917180963952894e-07,2019-04-09
0.0007297044887588487,0.0062197347463249395,0.9930505485258875,1.2238835528030605e-08,2019-04-10
0.9271880569966925,0.0002947039064111807,0.07251723740531538,1.6911437331556633e-09,2019-04-11
0.9274025304357025,0.000385691897002718,0.07221177656662363,1.1002704515091583e-09,2019-04-12
0.9386324021179814,0.00012802972727536305,0.061239518747834135,4.940732440414515e-08,2019-04-15
0.021351268308759244,0.0048736346829236,0.9737666931313046,8.403876582932484e-06,2019-04-16
5.120111376486975e-32,0.08960031389909318,0.9103266129462296,7.307315462037478e-05,2019-04-18
8.294123874441673e-70,0.6605263225120355,0.3394683886900704,5.288797629608708e-06,2019-04-22
0.8653131604284913,0.003197127312350918,0.13148665315547753,3.0591035869429448e-06,2019-04-23
2.7005852324214374e-31,0.06680998467080575,0.9331519905292343,3.802479956481873e-05,2019-04-24
1.9358745662791504e-07,0.11991462385389465,0.8800815696397486,3.612918453692772e-06,2019-04-25
6.493519836403436e-07,0.015241403899618445,0.9847578273819326,1.193669044320119e-07,2019-04-26
0.9288893620037586,0.0009741839014238528,0.07013645096388454,3.1313466926147327e-09,2019-04-30
0.9072226564791217,0.0007527263099301245,0.09202461371457571,3.4960410636553484e-09,2019-05-02
0.9160260808324469,0.0002960486090597428,0.08367768837567023,1.8218274876421372e-07,2019-05-03
0.31069599365792366,0.02151340172029938,0.6676530942987615,0.000137510323294377,2019-05-06
4.254407499335419e-83,0.8518008682677584,0.1475338328680139,0.0006652988640111908,2019-05-07
3.0560138017072196e-53,0.7518316461354767,0.24814679550029525,2.15583644497572e-05,2019-05-08
0.9076091349476451,0.010436227441780375,0.08195437186717504,2.65743225910636e-07,2019-05-09
0.8883936794052095,0.0035365281586817706,0.1080648524009119,4.940035288715126e-06,2019-05-10
2.2623642798961864e-18,0.6136957413941915,0.3859569103642518,0.00034734824187726744,2019-05-13
0.2810591138753027,0.7112547981790013,0.007528371613347466,0.00015771633267232555,2019-05-14
5.0514130195445515e-30,0.4230201254249921,0.576748417112978,0.00023145746240829228,2019-05-15
0.0002045778379390899,0.4512533416586979,0.5483317207602987,0.00021035974286528624,2019-05-16
1.5590536491515168e-68,0.8060671038796442,0.19296789602993297,0.0009650000903855319,2019-05-17
1.0553651118807738e-60,0.9887692951632321,1.1718180512121077e-06,0.011229533018672622,2019-05-20
1.15198407939796e-53,0.9645702904284561,0.03540529288328038,2.4416688125082063e-05,2019-05-21
0.954174767401925,0.03148773028973027,0.01416418012840604,0.00017332217998469127,2019-05-22
1.0330758912397138e-83,0.6223380773294119,6.821643256504145e-20,0.37766192267081156,2019-05-23
1.1546798616861075e-06,0.9975886919905778,0.000713330886129686,0.0016968224432811747,2019-05-24
0.21005275411007887,0.4093684095030653,0.380578339391331,4.969952379761976e-07,2019-05-27
0.9517829401720277,0.0009155683205965782,0.04730146424693442,2.7260005430331623e-08,2019-05-28
0.3929494291745022,0.001856902865434212,0.6051924409310397,1.2270287161731046e-06,2019-05-29
3.5368618006349995e-10,0.028531490346367216,0.9714412592652164,2.7250034607457797e-05,2019-05-30
0.30095185349012205,0.6922507956949181,0.006679498879966685,0.00011785193528422529,2019-05-31
2.0115114225668628e-30,0.5627607413636746,0.43721604018370946,2.3218452358923442e-05,2019-06-03
0.8121805366767425,0.03530076899252061,0.15245757995584402,6.111437494221997e-05,2019-06-04
8.190968578515753e-157,0.9997889470563759,0.000153455643838879,5.759729992476311e-05,2019-06-06
0.972782011112338,0.016786756511337105,0.010431158165382103,7.421114848296233e-08,2019-06-07
0.9509346952640119,0.0010690380170118388,0.0479962628388088,3.880568040438039e-09,2019-06-10
0.9388337638254205,0.00038593132320611465,0.06078026513465791,3.9717009758954356e-08,2019-06-11
0.018419875471870517,0.004160530070980093,0.9774195527058885,4.17513677421348e-08,2019-06-12
0.9404022785726392,0.000649558018261921,0.058948027110983035,1.362980811382483e-07,2019-06-13
1.767890144587531e-14,0.06248445005833835,0.9374040540865849,0.00011149585547907076,2019-06-14
4.132859397773948e-116,0.9897693443090425,0.010225501951679176,5.153739597364276e-06,2019-06-17
0.9702250060183192,0.004683529208595112,0.02508853831803821,2.926455090815466e-06,2019-06-18
0.8906869038070664,0.10503688368240614,0.004220183621548678,5.602888925475591e-05,2019-06-19
6.534024944668156e-88,0.6927368854759557,0.30692354867208216,0.0003395658518811133,2019-06-20
4.6831298810151984e-29,0.2262735521818512,0.7737255680306453,8.797873748275125e-07,2019-06-21
0.9156639166420475,0.0005944114828000687,0.0837414293127142,2.425626227470237e-07,2019-06-24
1.0511951904609682e-19,0.024147993367646305,0.975850522456581,1.484175674773905e-06,2019-06-25
3.9689328530464155e-08,0.006721992809801331,0.9932779600036868,7.496748266622486e-09,2019-06-26
0.9315751502263686,0.00019905962122484697,0.06822577888980301,1.1262437956224337e-08,2019-06-27
4.039044812968645e-09,0.0047794076298072205,0.9952205453182867,4.301291914936423e-08,2019-06-28
0.9047962053585404,0.0004456327820764781,0.09475815676056445,5.098640471637407e-09,2019-07-01
0.9546669548269253,0.000763540376730669,0.04456950295055673,1.8457972646002895e-09,2019-07-02
0.9426327471669652,0.00024431307007507646,0.05712292889266997,1.087045218082856e-08,2019-07-03
0.9596194056646946,0.001244628850504513,0.03912634042854171,9.625056536438976e-06,2019-07-04
5.055626003283799e-66,0.9187998112782935,0.08012221879174641,0.0010779699300443714,2019-07-05
6.488823217379324e-147,0.9999761914529084,2.46713085925835e-06,2.1341415895470557e-05,2019-07-08
0.9792645872332116,0.00875294770465421,0.011982336201365868,1.2886046228410662e-07,2019-07-09
0.861621702959635,0.0031168272455393484,0.13526145457570626,1.5219046954684016e-08,2019-07-10
0.9057469431664553,0.0006083022711895869,0.0936447123354987,4.222700115677145e-08,2019-07-11
0.44134035986929965,0.003227307121923605,0.5554323258665048,7.1423406276266535e-09,2019-07-12
0.9416753611586006,0.00017560854281300584,0.0581490131163389,1.7182298229420965e-08,2019-07-15
2.9315036292379326e-05,0.004736605091186317,0.9952340656582224,1.4214315894292243e-08,2019-07-16
0.9434328458167798,0.00018418864482566588,0.05638276815962119,1.9737858925376512e-07,2019-07-17
7.504751942114882e-16,0.07008458054171082,0.9296904003680929,0.00022501908981740823,2019-07-18
2.2539356960180004e-150,0.9998140391978212,0.00013454469553747872,5.141610684450588e-05,2019-07-19
0.40755348410513553,0.044192982219096094,0.5482529743791598,5.592969945293658e-07,2019-07-22
0.8012542229574132,0.001302711739290538,0.1974429230225512,1.4228048244055486e-07,2019-07-23
0.6406313596123084,0.013831103618570133,0.34553740475764944,1.320116027864694e-07,2019-07-24
0.943126381792396,0.0020061147137430593,0.054867487255854205,1.623781698862149e-08,2019-07-25
0.9286927737628019,0.0017451337703205322,0.0695601205918601,1.971875454504029e-06,2019-07-26
7.126977308219833e-30,0.3448635659562194,0.6548686672847097,0.00026776675882617573,2019-07-29
1.0572798080711944e-27,0.8443401166293389,0.15542552187285982,0.00023436149762860256,2019-07-30
6.869212951229367e-06,0.7584254151805051,0.2412333297618371,0.00033438584484045717,2019-07-31
2.1597688516536472e-05,0.998724833409158,0.0007038347762772965,0.0005497341260272667,2019-08-01
0.017497245935746916,0.981805216802173,9.650337921320405e-08,0.0006974407587510726,2019-08-02
0.08442423659224929,0.7147568962674773,0.1999839996534506,0.0008348674866366213,2019-08-05
3.478694367635293e-26,0.9731271380920193,0.026514908020450784,0.0003579538876383548,2019-08-06
3.7101612275048793e-23,0.7857673583734547,0.21366547804700864,0.0005671635792443574,2019-08-07
1.4551557861796326e-23,0.9977072665549644,0.0021958810608159116,9.685238436445178e-05,2019-08-08
0.8555030408680967,0.1331043770615868,0.011306959801887279,8.56222687036558e-05,2019-08-09
2.5797281802074933e-178,0.9993055306842938,2.7217124672889574e-06,0.0006917476028532911,2019-08-13
0.7933737848642168,0.20035401591080007,0.006265207461728751,6.991763324221927e-06,2019-08-14
0.9724486780495645,0.021420382231571035,0.006130861411660418,7.830758604486406e-08,2019-08-16
0.9065474578666581,0.0009936277190231984,0.09245885749225786,5.692233284174034e-08,2019-08-19
0.2759912628324539,0.004943971180350944,0.7190584785711607,6.287416130874824e-06,2019-08-20
3.4656441361337465e-25,0.15713316456087603,0.8427470022978788,0.00011983314104264913,2019-08-21
3.8556816709757637e-103,0.9979552874848318,0.0012553987821292071,0.0007893137333430443,2019-08-22
6.426077190892635e-19,0.9993268898249095,1.2824411143431849e-05,0.0006602857635989401,2019-08-23
4.706912680751456e-12,0.999167608935301,5.621311481053373e-21,0.0008323910596587392,2019-08-26
0.9665360907572531,0.007343603538965833,0.02611716580776581,3.1398959686068356e-06,2019-08-27
0.6738469738085621,0.0241226169647931,0.302026779450883,3.6297756397133815e-06,2019-08-28
0.057398600649120335,0.022820636981459645,0.9197573261969464,2.3436172579541875e-05,2019-08-29
0.7322412228642828,0.2665714651896943,0.0011166947909430586,7.061715550589178e-05,2019-08-30
1.0350625631162432e-93,0.9944159501997772,0.00542465757005026,0.00015939222987357708,2019-09-03
0.6098003103727869,0.07905356591824685,0.3111459340387632,1.8967024550790363e-07,2019-09-04
0.9609877558071959,0.0006900007996662327,0.038322191762071536,5.163092774165302e-08,2019-09-05
5.7506360993539965e-06,0.0055134717560813735,0.9944759121427104,4.86546468688929e-06,2019-09-06
0.1953265789283312,0.06300093966375098,0.7416724627727191,1.863506106527481e-08,2019-09-09
0.9424411678844009,0.0001692660904526174,0.05738950402111938,6.200443708923013e-08,2019-09-11
7.332016731663205e-08,0.00517608508231192,0.9948220450422678,1.7965548008032456e-06,2019-09-12
1.309196094798425e-09,0.02777180596719222,0.9722273003973465,8.923261607359358e-07,2019-09-13
0.7049654968855794,0.01693839381036733,0.2780795862094663,1.6523094640102146e-05,2019-09-16
6.798599796843854e-142,0.9996736642415277,0.00027997742037137393,4.6358338466242276e-05,2019-09-17
0.9478520164234839,0.019026325958693253,0.03308787756219714,3.378005538617482e-05,2019-09-18
3.1707220889757997e-59,0.9522390932881674,0.0327569663124588,0.015003940399005777,2019-09-19
0.0,9.405492124515434e-17,1.504220055399992e-77,1.0,2019-09-20
7.058193406684594e-27,0.9993193284490869,1.1341869602186647e-10,0.0006806714372707617,2019-09-23
0.9672091480785919,0.013298586397908332,0.0194806484004944,1.16171232480932e-05,2019-09-24
1.9276719976057547e-45,0.1219551144560295,0.8779956479954325,4.923754890757495e-05,2019-09-25
3.458085306804372e-16,0.04615850405266511,0.9538406136007785,8.823462907010712e-07,2019-09-26
0.43117008255149447,0.003957258549140917,0.5648722920612832,3.6683838218334724e-07,2019-09-27
0.9302084397070933,0.015277480956219395,0.05450385836205003,1.022097451134656e-05,2019-09-30
1.5536760442437442e-23,0.9994486459922033,2.812858446238104e-09,0.0005513511949115394,2019-10-01
0.8526339939597702,0.11672377709796429,0.030536816850079626,0.0001054120921105865,2019-10-03
9.330484335487494e-175,0.9983860932087228,2.0690309361627024e-05,0.0015932164815926574,2019-10-04
0.00014736934415172153,0.542892149613601,0.4565513260543495,0.00040915498810936555,2019-10-07
4.794704488261291e-42,0.9900966941395328,0.009843272874111715,6.003298615690849e-05,2019-10-09
0.16271757706112824,0.0636983724582037,0.7735544816078292,2.9568872556625635e-05,2019-10-10
0.9443239419104988,0.05343576586223289,0.0022400767655306538,2.1546137441347557e-07,2019-10-11
0.9816871389746152,0.0024023253948063238,0.01591020760917153,3.2802126583143264e-07,2019-10-14
0.003463128202280927,0.015791667525560764,0.9807451704047957,3.3867595563762137e-08,2019-10-15
0.9206487257432872,0.0002712081679331394,0.0790799738094113,9.227920886257991e-08,2019-10-16
2.7255214802302747e-27,0.025855462367461852,0.9741415457675,2.991865060534113e-06,2019-10-17
2.5982336537426378e-06,0.011526967350179369,0.9884688142272526,1.6201885466394973e-06,2019-10-18
0.008498078052895255,0.03361714984373203,0.9578847312978829,4.0805668577530875e-08,2019-10-22
0.9428714739432497,0.0005613176115672754,0.05656706588735779,1.425576931835677e-07,2019-10-23
0.0003340571062960737,0.042136770940988166,0.9575213051803011,7.866772780965662e-06,2019-10-24
0.8382404617190592,0.061585273209158964,0.10016104022370119,1.3224847903052184e-05,2019-10-25
6.181587082880459e-45,0.30007051130661,0.6999269771294339,2.5115639862021637e-06,2019-10-29
0.9098110188240723,0.0024772947900106074,0.0877116778403312,8.546020080106967e-09,2019-10-30
0.9454658820256815,0.00050239329155291,0.054031721996544914,2.686579396542465e-09,2019-10-31
0.9278816153336694,0.0004131063056610324,0.07170527533363188,3.026753736818474e-09,2019-11-01
0.9343263730487225,0.00034895245228213647,0.06532462356142871,5.093724073346164e-08,2019-11-04
0.2969982510324945,0.0067275680500668514,0.6962738472520731,3.336654016229258e-07,2019-11-05
0.9626156959626724,0.0073030421213758434,0.03008125562608194,6.290122313239657e-09,2019-11-06
0.9271836008091068,0.0003008694696057687,0.0725152703097867,2.5941108283980746e-07,2019-11-07
3.287720542739845e-05,0.030291268153863602,0.9696758024352258,5.2205628385624685e-08,2019-11-08
0.8944636756221817,0.00021581550096191367,0.10532047246605603,3.6410813530232643e-08,2019-11-11
0.001522910043786022,0.010119876144314192,0.9883571691381424,4.4673494891827e-08,2019-11-13
0.9430004887698912,0.000562794776251119,0.05643671499440733,1.4598252289166897e-09,2019-11-14
0.9462277547765573,0.0005693366321929644,0.05320290587737968,2.713782921403084e-09,2019-11-15
0.9093908948735873,0.00037216062839937243,0.09023694157357874,2.9245782093751473e-09,2019-11-18
0.9375963160418234,0.00038939110105119107,0.06201429080652259,2.050195701939155e-09,2019-11-19
0.918136498127152,0.00024577203562434663,0.0816176990115673,3.082520447495314e-08,2019-11-20
5.41682255338193e-06,0.002137231165957187,0.9978564322320312,9.197792261564535e-07,2019-11-21
0.015812238076992467,0.004727893145892107,0.9794558768590349,3.991917726639433e-06,2019-11-22
6.718256406684547e-78,0.16210994899249437,0.8378699303255975,2.0120681546355624e-05,2019-11-25
0.0007268715499967852,0.024354038186454055,0.9749190092046196,8.105920347252402e-08,2019-11-26
0.862472805123638,0.0006099033455229841,0.13691728990749508,1.623450133984326e-09,2019-11-27
0.9413699939491166,0.00012709144612031478,0.05850286903924539,4.556536405402989e-08,2019-11-28
9.742158727188305e-12,0.004833177786414183,0.9951665046855476,3.175185590334788e-07,2019-11-29
4.7407663424553775e-15,0.0025405775950078755,0.9974593406380924,8.176733126210927e-08,2019-12-02
4.217031044519631e-06,0.0021288334164355784,0.9978668746008601,7.495142204803266e-08,2019-12-03
0.00030427854597736727,0.0029993640028302647,0.9966962916505868,6.580038432063328e-08,2019-12-04
0.02088742031012671,0.0026030256192848913,0.9765079073028141,1.6467674202215927e-06,2019-12-05
5.235584770916015e-30,0.06927949226634939,0.9307204458380695,6.189548804454061e-08,2019-12-06
0.9352659820461208,0.0004651289706386664,0.06426880891322902,8.006984868020489e-08,2019-12-09
1.4158104070137789e-24,0.016470628586703596,0.9835289731685177,3.982450390196927e-07,2019-12-10
0.7996943054210639,0.0010826094394707992,0.1992230837460843,1.3932759203593392e-09,2019-12-11
0.9207690453640354,0.000175752263621398,0.07905517763836624,2.473404195754176e-08,2019-12-12
7.586740387315114e-07,0.00258390552532918,0.9974145940986232,7.417019926195545e-07,2019-12-13
5.99779294154031e-16,0.0035481333443930837,0.9964512947151006,5.719407444756749e-07,2019-12-16
2.2797809461466258e-10,0.006165315897274708,0.9938346739807731,9.894025884225142e-09,2019-12-17
0.933366822144092,0.0003108280049435394,0.06632234850245511,1.348296127575017e-09,2019-12-18
0.8897950983366355,0.0004582639228327451,0.10974663512123893,2.6192338758935476e-09,2019-12-19
0.9477330382912734,0.0002600016613936091,0.05200695660367371,3.443897174281698e-09,2019-12-20
0.9221176965503813,0.00013430170812391918,0.07774798555842061,1.6183427527274156e-08,2019-12-23
0.004289982342585166,0.0015825157467987993,0.9941270777087834,4.2420212105700936e-07,2019-12-24
3.527058796707105e-17,0.004220619893402457,0.9957789275667468,4.525394627936916e-07,2019-12-26
1.5129503631553635e-07,0.005413321872760686,0.9945865211382681,5.693929266202895e-09,2019-12-27
0.9344359509642024,0.00012585618828289203,0.06543817356084491,1.9287011650193733e-08,2019-12-30
6.91937569951938e-14,0.008445332357765508,0.9915546372068508,3.0435201076558274e-08,2019-12-31
0.942929420530743,9.994519061559286e-05,0.05697060831543356,2.5963564168023838e-08,2020-01-01
1.743510999486777e-18,0.008128823139375973,0.9918698902125741,1.2866483050413436e-06,2020-01-02
0.7529486195072107,0.005806105465736979,0.2412365914508744,8.683576145056681e-06,2020-01-03
4.471466556243335e-99,0.9923562227130006,0.007618477581836347,2.5299704816318173e-05,2020-01-06
0.9816167635048753,0.01316808102327768,0.005214766902432692,3.885695001102663e-07,2020-01-07
5.077655387264475e-12,0.0034662630051123223,0.9965329144728085,8.225174522491696e-07,2020-01-08
6.617890208170218e-06,0.010649281227426489,0.9893440533165174,4.7566023681085006e-08,2020-01-09
0.9449262974843212,0.0005444217556400114,0.054529277674843904,3.0848083610620862e-09,2020-01-10
0.7831442790159088,0.0010838302367367119,0.21577187398050476,1.6766925400019766e-08,2020-01-13
0.9314290668781715,0.0002620421525985662,0.06830888709500618,3.874476493341419e-09,2020-01-14
0.9016926326615738,0.0004939326398826796,0.09781343058990506,4.1084144277386135e-09,2020-01-15
0.930832122879655,0.00035365607235707844,0.06881420889409802,1.215401849327047e-08,2020-01-16
0.9412016763791728,0.0016054473959879148,0.057185816278864744,7.059946017459347e-06,2020-01-17
6.5398212453410475e-180,0.9999247191960714,5.90711276353544e-05,1.6209676013642553e-05,2020-01-20
0.918454696622723,0.0021558484119975976,0.07938830715633384,1.1478090005210757e-06,2020-01-21
5.0406530459377025e-28,0.010169846300685993,0.9898296076159533,5.460833280754335e-07,2020-01-22
0.04865107283368761,0.002059106044654894,0.9492897092947559,1.1182702773164131e-07,2020-01-23
0.0005097836409752619,0.003499755209190339,0.9959903509931528,1.1015633058875258e-07,2020-01-24
4.195021770383164e-10,0.0038202271780055632,0.9961791806983533,5.917044314918651e-07,2020-01-27
1.2224120567448248e-10,0.011317625073478475,0.9886823595914656,1.5212882327742188e-08,2020-01-28
0.9144846315065331,0.0004476448030411285,0.0850673474467883,3.7624388760858815e-07,2020-01-29
7.830484490418749e-28,0.08131245708504403,0.9185892028993796,9.834001542945806e-05,2020-01-30
8.627239305965076e-58,0.4360477436049784,0.5636860432545076,0.0002662131402356864,2020-01-31
2.0801350941257265e-11,0.612871987443932,0.38608962297664495,0.001038389558319396,2020-02-03
4.065167734820029e-155,0.9925685958950002,0.004554476308230315,0.0028769277969787205,2020-02-04
0.00011959956205860179,0.3716118585587896,0.6282681783151625,3.6356385550670714e-07,2020-02-05
0.9466952274620031,0.0005157962967843737,0.05278894138037143,3.48608477174126e-08,2020-02-06
0.013968388972628167,0.0015422741966296001,0.9844888878665713,4.4896374663538297e-07,2020-02-07
4.246630345286498e-05,0.004898176402610478,0.9950593473382316,9.955255745844144e-09,2020-02-10
0.8960069155542129,0.0003917827397351766,0.1036012814629891,2.0243231036179327e-08,2020-02-11
0.16993279881135798,0.003280808866890373,0.8267863047321876,8.758978736586941e-08,2020-02-12
0.5278585455608178,0.0009110714247942405,0.47123004592037454,3.370941861184393e-07,2020-02-13
0.005241290947368895,0.025176566458954705,0.9695807333018424,1.409291789696252e-06,2020-02-14
7.042872099594839e-11,0.008802710528570038,0.9911972087501582,8.065120697545684e-08,2020-02-17
0.902536617739759,0.001917843950948782,0.09554551237976772,2.5929225411230055e-08,2020-02-18
0.690761688689238,0.00412706506861494,0.3051108359134512,4.1032848380584475e-07,2020-02-19
0.7207406847363491,0.007311434046887449,0.2719299441185159,1.7937097985510505e-05,2020-02-20
2.1533393394596575e-131,0.9989157277114024,0.0007939163255134444,0.00029035596305739436,2020-02-24
1.2722728426627335e-11,0.06766805038296678,0.9322745744059747,5.737519788922808e-05,2020-02-25
0.05525113980826097,0.09411697129661345,0.8506266307699759,5.258124947797824e-06,2020-02-26
0.9300144339261719,0.02691218284249261,0.04305270402815306,2.067920319370658e-05,2020-02-27
2.1670610166466526e-129,0.9530133454900355,1.7811803012275983e-07,0.04698647639208872,2020-02-28
6.038523837800633e-114,0.8207474801107486,2.3693503283352367e-18,0.17925251988889793,2020-03-02
3.0002202262085814e-06,0.9977077069753233,0.00011297787346055226,0.0021763149312207723,2020-03-03
4.419260696476419e-06,0.9996517253614376,3.890150764057733e-10,0.0003438549891911835,2020-03-04
0.8536217616815617,0.14298144400187793,0.003286540985266949,0.00011025333107477806,2020-03-05
1.5261871829678787e-09,0.9498771645969005,2.2048720393106495e-06,0.05012062900447214,2020-03-06
5.5856576936190684e-198,0.0005312168563645356,2.574652069375684e-38,0.9994687831433996,2020-03-09
8.52638089428342e-24,0.8937476231665635,6.517124082707464e-07,0.10625172512119872,2020-03-11
0.0,3.2585429244438605e-13,2.2954574174238417e-89,1.0,2020-03-12
0.0,9.984006173225774e-197,0.0,1.0,2020-03-13
0.0,9.081909620683067e-11,1.0822973152114313e-76,0.9999999999090505,2020-03-16
0.0,4.5571449354643153e-10,2.724927653030364e-60,0.9999999995443432,2020-03-17
0.0,1.2921703262346206e-34,9.816715296098187e-190,1.0,2020-03-18
3.254471938350629e-178,3.1369622977697877e-52,3.429195229616619e-280,1.0,2020-03-19
0.0,9.261741406044267e-38,6.4583824451013945e-167,1.0,2020-03-20
0.0,4.0271381211166525e-36,6.913341848256226e-180,1.0,2020-03-23
4.558424150476904e-112,1.0675180226179505e-28,1.89521028235569e-169,1.0,2020-03-24
0.0,1.467699343883004e-38,1.5504535953187376e-150,1.0,2020-03-25
6.265717342065591e-99,1.8757962115284656e-13,7.228526234383994e-81,1.0,2020-03-26
4.338683948186958e-233,1.3607929138990034e-14,3.2810059262727335e-81,1.0,2020-03-27
6.295702574329201e-68,3.027865597360473e-06,3.9434391396464435e-44,0.9999969721348317,2020-03-30
1.6856372519008803e-41,1.8746417611456225e-06,3.1160240388375835e-49,0.9999981253585538,2020-03-31
0.0,2.687107351742933e-07,7.249008960790288e-52,0.999999731288917,2020-04-01
0.0,0.0005710674573576576,2.449692313479656e-33,0.9994289325428091,2020-04-03
0.0,2.429548844933424e-18,9.307882655106587e-73,1.0,2020-04-07
1.0600238989221622e-63,1.0991869193864431e-13,7.63263962694225e-93,1.0,2020-04-08
4.835468138467208e-68,0.44532643029288543,8.061449414569589e-14,0.5546735697066347,2020-04-09
8.263572592036266e-23,0.8941864465101323,2.858912697717757e-07,0.1058132675983066,2020-04-13
2.0221776971835748e-262,0.016036205148300335,2.9459455761355754e-29,0.9839637948515316,2020-04-15
2.995653536945733e-42,0.949190181460823,1.6903435083068838e-10,0.050809818370374536,2020-04-16
8.252142558213235e-16,0.9463681273194303,3.901174037620689e-17,0.05363187268055274,2020-04-17
1.2030453080368408e-64,0.9913534550085451,0.007505235867432044,0.001141309124453446,2020-04-20
3.63625290650051e-13,0.9940900005033456,0.00014292143912933327,0.005767078057259258,2020-04-21
1.3663274640511665e-51,0.9716044549460805,3.974251363529641e-13,0.028395545053853884,2020-04-22
7.807570786476837e-08,0.9990406671311954,1.4686051949110157e-05,0.0009445687415659778,2020-04-23
2.2382386726413178e-05,0.9988769422333528,2.9783466058245232e-05,0.0010708919141256964,2020-04-24
0.0347272429026008,0.9636627605611476,0.0010558949247730035,0.0005541016115764549,2020-04-27
0.03184729107695858,0.9675255656305882,6.414313481519437e-05,0.0005630001580184782,2020-04-28
6.315358694736967e-54,0.9975797910891855,1.992281573901587e-05,0.0024002860950249364,2020-04-29
8.945073519021759e-33,0.9613229063838118,0.00015840440412184795,0.03851868921178798,2020-04-30
0.0,0.15854538930118076,3.9121006572693384e-26,0.8414546106986188,2020-05-04
9.922326908395473e-270,0.8622411090665334,6.741855019864052e-13,0.13775889093236746,2020-05-05
7.917669886674902e-05,0.9933800748758511,1.770644924562958e-13,0.006540748424956313,2020-05-06
0.4729984283903639,0.40833932804247997,0.11827660803946705,0.00038563552807242715,2020-05-07
1.688257601459695e-78,0.8978883342665515,0.10112674262191147,0.0009849231115330941,2020-05-08
6.176651415444538e-18,0.9988786781274478,9.017405807193156e-08,0.0011212316985441287,2020-05-11
0.0009151459925196212,0.9973125729862236,1.0464384959158802e-09,0.0017722799750727006,2020-05-12
4.029275790620989e-203,0.9849842191125767,4.4777484626395343e-08,0.015015736110312398,2020-05-13
8.250561930736654e-14,0.9987512111693517,0.0002491647155986886,0.0009996241147339142,2020-05-14
0.5740900906000128,0.42177664809509763,0.0012250070869163489,0.002908254217972476,2020-05-15
0.0,0.0007550154912477761,2.547184335188866e-45,0.9992449845087764,2020-05-18
1.6574572603098432e-12,0.9912846831688472,2.576010117131143e-07,0.008715059228236947,2020-05-19
2.2710292654628517e-134,0.9982848204706671,3.830207157436447e-06,0.0017113493219144728,2020-05-20
0.7555777205212793,0.242710272275459,0.0015883892362982864,0.00012361796654202878,2020-05-21
0.01265330536783959,0.986058483382266,9.382160200412131e-07,0.0012872730337810422,2020-05-22
5.318452616537977e-05,0.9939744320739757,8.028826675923258e-05,0.0058920951333101225,2020-05-26
7.6132203008748425e-149,0.17987109320771497,9.169208838512429e-20,0.8201289067927279,2020-05-27
1.2739947362931855e-43,0.9869071151754424,0.0001884086689120748,0.012904476155854522,2020-05-28
1.7169224455877899e-62,0.9985280980322094,5.515376124866856e-06,0.0014663865919218927,2020-05-29
1.0651364926795398e-16,0.9951024594579477,1.7329742183036869e-10,0.004897540368828341,2020-06-01
3.258093555908988e-13,0.9974870325986404,0.0020902594957447032,0.0004227079048817059,2020-06-02
0.3402875378206202,0.6535060430332474,0.00593772999216692,0.00026868915413269415,2020-06-03
0.21215346541510366,0.7873541117113262,3.0115974571962403e-05,0.0004623068991883448,2020-06-04
0.1801486828897732,0.80591101719309,0.013511101248595293,0.0004291986680897251,2020-06-05
2.2287578536537612e-73,0.9979369391820513,0.0013504166352604518,0.0007126441827882663,2020-06-08
2.3890670576580096e-26,0.9991426781107925,2.992998220886363e-10,0.0008573215897202144,2020-06-09
0.7299854062619119,0.23407806999735487,0.035695484201854435,0.00024103953848706808,2020-06-10
4.237992807112713e-164,0.9464609196670445,9.514123807217665e-08,0.05353898519208772,2020-06-11
0.0,3.475550608445261e-06,2.9003711550026863e-47,0.999996524449344,2020-06-12
1.726523505873426e-21,0.9281571516876554,3.5581184413690457e-09,0.07184284475467091,2020-06-15
3.830788529508866e-12,0.7460309701849376,3.458112369711167e-23,0.2539690298112172,2020-06-16
0.06750779335702711,0.9289135373828413,1.0339840648581718e-05,0.003568329419415792,2020-06-17
6.21251421049188e-212,0.9749462161604737,9.620768951278263e-09,0.025053774219205405,2020-06-18
3.7915787908313783e-25,0.9991413225888579,0.0006656563270574208,0.00019302108398603686,2020-06-19
0.8043640483666332,0.1877510225404798,0.0077736276597591926,0.00011130143338238572,2020-06-22
4.991491985638857e-27,0.9695865095464237,0.029602393250016307,0.0008110972035107812,2020-06-23
1.1138169139536215e-190,0.9984583763388947,3.935258075582664e-09,0.0015416197257241819,2020-06-24
0.6340695842296731,0.3647662158919962,0.0011560804269176777,8.119451640371289e-06,2020-06-25
0.8984706090001102,0.02162479301404319,0.07990339533564814,1.202649796520942e-06,2020-06-26
0.8283699033746476,0.01040532467935975,0.1612220776207355,2.6943249473302613e-06,2020-06-29
5.8691338600326734e-08,0.025985395901922288,0.9740078220179906,6.72338893234315e-06,2020-06-30
1.6184737829424148e-23,0.05587114735313854,0.9441219573914247,6.895255227515823e-06,2020-07-01
0.00891808594505348,0.04437440751085517,0.9467073679068235,1.38637419741992e-07,2020-07-02
0.9178166310855667,0.0009573079146602427,0.08122546634647466,5.946531408556001e-07,2020-07-03
0.37773779423841436,0.10840569412777616,0.5138521706591418,4.3409746103480116e-06,2020-07-06
0.9721834156548408,0.01010937357834115,0.01770330815180432,3.902615065290907e-06,2020-07-07
1.1753788085863062e-21,0.16645759449513275,0.8335244825578698,1.7922947337609907e-05,2020-07-08
0.009948009647292195,0.03719880293958486,0.9528523905095097,7.969037025286096e-07,2020-07-09
0.8992555101865264,0.0045109685772154046,0.09623287513854396,6.460981286198378e-07,2020-07-10
0.910028990872368,0.05536216120648635,0.03457701330808392,3.183461325397567e-05,2020-07-13
2.5444224712483393e-54,0.9905793419330111,0.008315739079287432,0.0011049189873678024,2020-07-14
8.76038123096494e-06,0.9984731232850461,7.924170313356049e-10,0.0015181155415395773,2020-07-15
0.10202826327352395,0.8971554238885202,0.0003602002533933986,0.00045611258436246223,2020-07-16
1.0031019506533591e-64,0.8896579071056457,0.11031812191206343,2.3970982634138526e-05,2020-07-17
0.8494980890621177,0.021204194105304313,0.12929146542855058,6.251403732690439e-06,2020-07-20
0.20667431938906194,0.02500499633309394,0.7682449732847714,7.571099327753598e-05,2020-07-21
2.023442237271688e-07,0.40122190188936974,0.598740453495946,3.744227041681746e-05,2020-07-22
1.4231713486201645e-05,0.15585165060476966,0.8441321068611632,2.0108205923635538e-06,2020-07-23
0.9594191042645083,0.006931683728823992,0.033647393541701105,1.81846467651991e-06,2020-07-24
1.4357034438777396e-13,0.10290548758220151,0.8970108942388153,8.361817860547897e-05,2020-07-27
2.9779190039210405e-73,0.7691450126983559,0.23019394275259308,0.0006610445491402793,2020-07-28
0.0013975267192052835,0.9961521715331355,0.0019967746158340714,0.00045352713146966936,2020-07-29
1.1748007288300478e-47,0.993887408004471,0.005776952710817788,0.0003356392845202319,2020-07-30
0.007169057845338364,0.6183773015015159,0.37404106706794465,0.0004125735855224257,2020-07-31
2.8534836713828694e-138,0.9973976894253065,4.6839728803558305e-05,0.0025554708461180587,2020-08-03
5.620582719597438e-45,0.9928927431972414,0.00693538643568803,0.0001718703666442167,2020-08-04
0.8281909490013326,0.16510555838484733,0.006697039605537318,6.453008208674357e-06,2020-08-05
0.940966612490973,0.028050991380425085,0.03098233846939818,5.765941434944991e-08,2020-08-06
0.9492347024549629,0.00048446649774372023,0.05028082465133795,6.396228827032883e-09,2020-08-07
0.9463813737945922,0.001291472696904858,0.05232714681088774,6.697844040147947e-09,2020-08-10
0.924957914666641,0.0005866130957131854,0.07445546785512044,4.382300707209737e-09,2020-08-11
0.9264263944339577,0.0004138917627818248,0.07315969043477594,2.3368692626679583e-08,2020-08-12
0.9085074175026389,0.0037415269130306123,0.08774487749049482,6.178094206264415e-06,2020-08-13
1.2975496745500237e-56,0.9993776145364142,0.0005978368137065766,2.4548649997972658e-05,2020-08-14
0.962292353352112,0.023692854523154047,0.014009774969453458,5.01715488300927e-06,2020-08-17
3.284014863515458e-45,0.03945961584086841,0.9605384134308583,1.9707281877542963e-06,2020-08-18
0.12994486358643503,0.002738170432019079,0.8673168380660156,1.279158016208211e-07,2020-08-19
0.43021309122993096,0.0017157764899818119,0.568071061337861,7.094240315492421e-08,2020-08-20
0.2888852769695678,0.0013065998251251638,0.7098077217837194,4.014216962541931e-07,2020-08-21
0.007009437171578298,0.004700857289810202,0.9882896669634812,3.8575456060710676e-08,2020-08-24
0.8913655832182903,0.000828356183183999,0.10780605864496498,1.9535314943280768e-09,2020-08-25
0.9021268053619,0.0006258798261089848,0.09724726947315607,4.533855573751026e-08,2020-08-26
0.03192320064567776,0.0033758274996754504,0.9646994524380542,1.5194164766549054e-06,2020-08-27
0.8226477396290491,0.01843673238446081,0.15875732299853723,0.00015820498769866518,2020-08-28
0.0,0.07285297301544956,1.1996092906138406e-27,0.9271470269849004,2020-08-31
0.02759225529943942,0.9718235863036981,1.0351116254046914e-05,0.0005738072806035703,2020-09-01
0.7422019934192924,0.06944975182199375,0.18834700684085354,1.2479177761828668e-06,2020-09-02
0.7623473834634945,0.004577102504561549,0.23306576022559686,9.753806220963795e-06,2020-09-03
0.008335584151750373,0.5056028398029224,0.4860484119653423,1.3164079583426664e-05,2020-09-04
0.9741640663093174,0.01201985048577256,0.013814722089482317,1.361115536428752e-06,2020-09-07
0.486739205858683,0.029866429056830467,0.48339264671565524,1.7183691132949735e-06,2020-09-08
0.05935131342950926,0.008118512334850026,0.9325271456555031,3.0285797656709165e-06,2020-09-09
3.8081401476983e-09,0.051218098676801445,0.9487817262103696,1.713047945939399e-07,2020-09-10
0.940085097660545,0.0013048143402485095,0.05860855471331317,1.533286069983938e-06,2020-09-11
2.0777523646716234e-07,0.4925388670518551,0.5074598357637397,1.0894091008221057e-06,2020-09-14
0.9150381611790345,0.0021492569416821884,0.08281239903878912,1.8284033214087354e-07,2020-09-15
0.00011582805747880491,0.004762550881877491,0.9951214161489361,2.0491179668496733e-07,2020-09-16
0.6007789072231968,0.0029996748815198314,0.3962195037005271,1.9141944727693804e-06,2020-09-17
7.057121634620777e-05,0.12888475378203257,0.8709658910272743,7.878397390862288e-05,2020-09-18
1.017071574845567e-191,0.9954390609866969,1.266745348357086e-10,0.00456093888657609,2020-09-21
3.604957621059064e-39,0.9988404910573901,0.0006200077463772642,0.0005395011964853245,2020-09-22
4.502652075644355e-16,0.9993256704952334,8.693889410011585e-06,0.0006656356149062683,2020-09-23
1.7369669776089394e-203,0.9905517628300964,2.2185583791539598e-10,0.009448236947958516,2020-09-24
4.5932389930133865e-31,0.9990239868241959,0.00027919542638726186,0.0006968177490579808,2020-09-25
2.422709509200147e-09,0.42325772908299075,0.5766818443904725,6.042410411676598e-05,2020-09-28
0.01700145767107894,0.08307660065716228,0.8999216781223657,2.6354976128550445e-07,2020-09-29
0.9628485722298208,0.0010678738472754416,0.03608346609132318,8.783122475707215e-08,2020-09-30
0.000464957924588092,0.011603323598751648,0.9879308986761142,8.198003732701265e-07,2020-10-01
0.9591275328739596,0.003706761673001207,0.03716531953174818,3.859215898854103e-07,2020-10-05
0.017044575684562514,0.03182389573539245,0.9511265243258478,5.004254540099196e-06,2020-10-06
0.6092369864469367,0.020373642077556164,0.37038918499785933,1.8647794261165966e-07,2020-10-07
0.9234984584999272,0.004366182429621479,0.07213472450119443,6.345693788198877e-07,2020-10-08
0.4260960857013081,0.02335697077865424,0.5505464830060116,4.605141168298322e-07,2020-10-09
0.9853059089613777,0.0045812339925428765,0.010112841528662809,1.551707962079219e-08,2020-10-12
0.9407300081115905,0.0012133699478779143,0.05805594163471286,6.803062704348822e-07,2020-10-13
0.9066424645564151,0.09007898673795385,0.0032232458158380304,5.530289014987535e-05,2020-10-14
0.0,0.988426620719008,1.761194862882043e-21,0.011573379281177793,2020-10-15
0.9537120308065566,0.027082358343989518,0.019203172518860088,2.438330242938771e-06,2020-10-16
0.8174277606455631,0.0028840605098547846,0.17968799556624288,1.8327811971599157e-07,2020-10-19
0.9551479274144566,0.004178945189086149,0.0406692288176022,3.898579004047923e-06,2020-10-20
0.1518497541705365,0.8481305011974384,4.894149527302007e-07,1.925521678231186e-05,2020-10-21
0.9433772163948104,0.01415820372005604,0.04246442030813326,1.5957725072611845e-07,2020-10-22
0.9391154168473008,0.0019428285840950071,0.0589346112185506,7.143349808089547e-06,2020-10-23
1.5734843559498342e-57,0.9946744631385572,0.004472323526403938,0.0008532133354372019,2020-10-26
0.001127819718997587,0.9931704295984181,0.005248868196597298,0.00045288248631330223,2020-10-27
4.769226699543998e-92,0.9996865310202685,0.0002220563281745563,9.141265124611494e-05,2020-10-28
0.8778074014735814,0.097712782654044,0.024435895597663942,4.392027445134912e-05,2020-10-29
0.6673051171870265,0.3326208274452578,6.280353739691442e-05,1.1251830155589654e-05,2020-10-30
0.9790864432339702,0.019130051676844756,0.0017824754325791803,1.0296562751256365e-06,2020-11-02
2.61144980933539e-09,0.008738271266842157,0.9912567343897958,4.991732226222928e-06,2020-11-03
1.590745997863889e-24,0.03842145807408594,0.9615762807603188,2.2611657350717763e-06,2020-11-04
0.0005350120245770456,0.0217711943013246,0.977687553222544,6.2404514614653275e-06,2020-11-05
5.553252002665223e-17,0.025697131054584186,0.9742959798511678,6.889093949150315e-06,2020-11-06
0.0006311665034025105,0.08919445041861901,0.9101044245587331,6.995851938820048e-05,2020-11-09
0.042150171901705044,0.6288623520912473,0.3288649277262938,0.0001225482804162476,2020-11-10
0.5112277290356876,0.48342302382849417,0.005346260300018502,2.986835362466332e-06,2020-11-11
0.8986151561676302,0.007380585089499924,0.09400397653829078,2.822046288137111e-07,2020-11-12
0.6240717611355796,0.004290216101376613,0.37163701342914895,1.0093336387720234e-06,2020-11-13
0.31671928245913167,0.03240642684610626,0.6508626257639998,1.1664930814116811e-05,2020-11-17
0.0006589669736222418,0.06566254597228982,0.9336357526213582,4.273443232861278e-05,2020-11-18
0.01425949274790652,0.9667144830693897,0.019008453128949256,1.757105375463709e-05,2020-11-19
0.9425080991217419,0.05088041071212054,0.006611147295603296,3.428708172938439e-07,2020-11-20
0.9759928577937188,0.0026855074986262906,0.021320972635893453,6.620715632602912e-07,2020-11-23
0.2697975192514582,0.04423116046209937,0.6858859823222775,8.533796415404001e-05,2020-11-24
3.49360315303029e-207,0.9973304402678604,4.0012881434406314e-08,0.0026695197188882146,2020-11-25
0.0454917172336453,0.9543733961835739,0.00013008857065259556,4.798011985733664e-06,2020-11-26
0.9526023673648927,0.007882507382085234,0.03951346503230892,1.6602211651663183e-06,2020-11-27
0.9119824556417614,0.04568623384488884,0.04233102372871098,2.867845242319889e-07,2020-12-01
0.9730319119933646,0.0017469507907876306,0.02522108209223236,5.512320583804202e-08,2020-12-02
9.720934580895275e-09,0.001953047177782213,0.9980466571963409,2.8590515354911287e-07,2020-12-03
1.7136671005629983e-05,0.0037500959479293784,0.9962325930689178,1.7431236596729355e-07,2020-12-04
7.008655657459556e-10,0.0056124844859705885,0.9943875011393746,1.3674216315506176e-08,2020-12-07
0.9526486358424658,0.0005666866772461766,0.04678465672484129,2.075518299056194e-08,2020-12-08
1.5254898562049008e-05,0.00543273318456797,0.9945518819636913,1.299530159771171e-07,2020-12-09
0.8569589727590653,0.0011439004923360257,0.14189707574855065,5.1000073289575306e-08,2020-12-10
0.9838365723400594,0.009798276195235512,0.006365106808520616,4.4655796644201214e-08,2020-12-11
0.9588719642769377,0.0012162668028952734,0.03991175502976206,1.3890654159212443e-08,2020-12-14
0.9720984521316443,0.0016085201035987019,0.026293015295331335,1.246980537851663e-08,2020-12-15
0.8726851004253029,0.0012073925706587094,0.12610749625500167,1.0748988609195286e-08,2020-12-16
0.9434236955439748,0.0004543760133178071,0.05612190039432614,2.8048784133707627e-08,2020-12-17
0.9761418945433641,0.004305581971875667,0.019459226211295227,9.329727328032987e-05,2020-12-18
4.9176426256573527e-228,4.1169292415001066e-05,7.807261493033478e-43,0.9999588307071577,2020-12-21
3.8251222402541265e-08,0.9906894425183732,4.6838193656025344e-11,0.00931051918366712,2020-12-22
4.0761940496493036e-16,0.3392741811663495,0.6606839265341241,4.1892299808228406e-05,2020-12-23
0.013296007027212665,0.05918027900939426,0.9275198901401743,3.8238229538400765e-06,2020-12-24
0.0003677554627285538,0.009305086690254403,0.9903270324167008,1.2543023131144872e-07,2020-12-28
0.9425985941053487,0.0005581990325317462,0.05684320306577249,3.796193841730909e-09,2020-12-29
0.95585435083721,0.001581447061553156,0.04256419714788493,4.95308377221719e-09,2020-12-30
0.9273606981914659,0.0003905658647474234,0.07224873388589109,2.057990853817909e-09,2020-12-31
0.9538130025429694,0.0002441583050922081,0.04594260720773853,2.3194375056879456e-07,2021-01-01
0.9665184827458411,0.026125514999224837,0.007352424812797547,3.577441899520616e-06,2021-01-04
7.400802676740286e-18,0.022021569167898984,0.9779654512274749,1.2979604907786427e-05,2021-01-05
0.052579304705474304,0.1344392331808542,0.812977712058385,3.7500554067415753e-06,2021-01-06
3.768223573911017e-27,0.02053327951456085,0.9794583218030739,8.398682631434221e-06,2021-01-07
6.198227213775421e-06,0.02505266374714329,0.9749408815722972,2.5645306549966574e-07,2021-01-08
0.8203948248768765,0.002440681380776567,0.17716412286255748,3.7087971554390153e-07,2021-01-11
0.0022459718212339856,0.01801021623598884,0.9797413181149881,2.4938279154458382e-06,2021-01-12
0.9547171453460189,0.03303493711773711,0.012247651540714779,2.6599535246465697e-07,2021-01-13
0.9630232661453836,0.00662453032158818,0.03034630188479526,5.901647997376988e-06,2021-01-14
1.95712239669993e-21,0.92789003159104,0.07157918214105867,0.0005307862675209582,2021-01-15
2.357399617268902e-37,0.8546364361074233,0.14513503490044885,0.0002285289919638323,2021-01-18
5.4128210674157156e-30,0.41598813253528916,0.5838387881542755,0.00017307931059946984,2021-01-19
7.340420124771422e-11,0.2009218220707402,0.7989035595011938,0.00017461835464815492,2021-01-20
5.900593253759196e-13,0.8179573362553076,0.1818475941031003,0.0001950696412632973,2021-01-21
4.1293853071968644e-80,0.9977652161072895,0.001383182652110337,0.0008516012404825798,2021-01-22
3.1492305790713277e-130,0.998574991093428,2.8786093264304444e-05,0.0013962228135379704,2021-01-25
4.819359051825672e-178,0.9970001563687421,3.2457731864022247e-08,0.0029998111735188575,2021-01-27
0.039945637771467306,0.9525470547850222,0.005862555609623264,0.001644751833740422,2021-01-28
7.624628646483258e-223,0.9093700606305472,5.3160452595536414e-11,0.09062993931662892,2021-01-29
0.0,1.0674933693988662e-07,4.007077616497529e-42,0.9999998932507935,2021-02-01
1.1570561823504896e-35,0.9764117384349472,1.8878931805386257e-06,0.02358637367148962,2021-02-02
0.005171564525801587,0.9938590716655672,3.67360115558581e-08,0.0009693270728745133,2021-02-03
0.0008241188052944391,0.656836909384785,0.342337437801901,1.5340078525981583e-06,2021-02-04
0.9780502071554007,0.0034502958938330427,0.018499235237626546,2.617132430738e-07,2021-02-05
0.3570310031350181,0.01172434770605201,0.6312440426529216,6.06505626305826e-07,2021-02-08
0.9787415347899686,0.004493501005024643,0.01676492697695148,3.722847051224562e-08,2021-02-09
0.9859916054150291,0.003387257082904735,0.010620938575805941,1.9892627293145084e-07,2021-02-10
9.71273383206569e-13,0.005671947143050626,0.9943279158773081,1.3697862482850162e-07,2021-02-11
0.9692259785106143,0.0014566564995286931,0.029317354952589365,1.0036995798556644e-08,2021-02-12
0.6903756393838386,0.002462707188154793,0.30716156807686795,8.535139019080379e-08,2021-02-15
0.9752786843367381,0.0018570242609958366,0.0228641941201507,9.72824677555184e-08,2021-02-16
0.07233480486200951,0.0070210777670769295,0.9206383207770676,5.796593823270983e-06,2021-02-17
5.824092018991512e-13,0.07684571564527819,0.9231201155137219,3.416883997511744e-05,2021-02-18
0.011761560523162936,0.9737239074553016,0.014241881271374797,0.00027265075051080643,2021-02-19
3.4027116917077946e-222,0.9966654250998892,3.3310288366776063e-10,0.0033345745666500727,2021-02-22
0.461020763060963,0.5294771843273841,0.009123016451840719,0.0003790361597313703,2021-02-23
1.851599519516641e-30,0.9573604561868115,1.4357016909033763e-20,0.042639543813196616,2021-02-24
0.8693356372196838,0.0931700501939025,0.03536998027815013,0.0021243323086605256,2021-02-25
4.247592754561593e-241,0.897677671163455,7.965408354938269e-16,0.10232232883651171,2021-02-26
0.04309598877236195,0.9086669676313154,0.04691941382193278,0.0013176297746770973,2021-03-01
0.2999879173384867,0.6953372078344597,0.004306427065386217,0.0003684477613785597,2021-03-02
1.2256683483087313e-28,0.9968543209127513,0.002014332294237069,0.0011313467928475475,2021-03-03
0.06289600454866713,0.9312150857755674,0.0054226845886837585,0.0004662250866297988,2021-03-04
0.2409877475735768,0.7541811322745263,0.004817870877575522,1.324927452093253e-05,2021-03-05
0.9719672632093601,0.022655479422012733,0.0053749631019843125,2.2942662403600633e-06,2021-03-08
0.9430178158639326,0.042850913298572976,0.014130516609319483,7.542281354488227e-07,2021-03-09
0.9448450891303628,0.005115874687876697,0.05003099500095979,8.04118087561408e-06,2021-03-10
1.4303171151808256e-114,0.9977786515428088,1.2560475561022674e-06,0.002220092409620537,2021-03-12
0.00022516656847244523,0.9993422364266823,1.1495805516221524e-05,0.00042110119937798277,2021-03-15
0.012601028360815078,0.5635412258878771,0.42347204250472065,0.00038570324681583485,2021-03-16
2.8698024461142517e-103,0.9976298964969811,0.0013971229564720522,0.0009729805469234949,2021-03-17
1.2222155836653105e-127,0.996974663407312,2.9163590754536554e-09,0.003025333676575448,2021-03-18
9.795385205671053e-56,0.9995390715324021,3.811964465613318e-12,0.0004609284634422944,2021-03-19
0.9626410201198371,0.026706989599627622,0.010649943649977081,2.04663036072066e-06,2021-03-22
0.9634924242615189,0.019139181666325535,0.01735525316289979,1.3140909270499742e-05,2021-03-23
8.739288743717577e-39,0.8515322197162105,0.1473331375913494,0.0011346426919928614,2021-03-24
6.97415404259671e-102,0.9990934119047474,4.717885904480691e-05,0.0008594092360745798,2021-03-25
0.1832706859995012,0.7987322759041081,0.017425712475164366,0.0005713256208497061,2021-03-26
1.633221978734685e-82,0.9622886242966651,0.03609572048971479,0.001615655214005766,2021-03-30
7.250843434275537e-26,0.6000660610298832,0.39884621234539636,0.001087726624771497,2021-03-31
0.2510411061280606,0.7074531665146666,0.0411636195801926,0.0003421077769588236,2021-04-01
4.922631261919312e-25,0.9990059518653751,1.0975723524103337e-09,0.000994047036775598,2021-04-05
0.7678010603834514,0.23072185710746276,0.001371972841227988,0.00010510966768999146,2021-04-06
0.03821280538684147,0.8290618212224798,0.13271745740867263,7.915981666737744e-06,2021-04-07
0.973742989678369,0.015087261386154887,0.01116932480144072,4.241344814840121e-07,2021-04-08
0.8935579930132311,0.007482797059510995,0.09894476002870932,1.4449898959220401e-05,2021-04-09
1.9194935135293524e-232,0.9599581910432098,1.2988015238700274e-13,0.040041808956224584,2021-04-12
5.5633608419888364e-11,0.9978519468236927,0.0017798085937964939,0.00036824452681701015,2021-04-13
0.5768198523561753,0.42308615878712075,8.573920931601099e-05,8.249647783315133e-06,2021-04-15
0.9567994960903234,0.019336062786699252,0.023847990192590554,1.6450930499220844e-05,2021-04-16
0.0008616744282418564,0.8803517540575868,0.11750001224581869,0.0012865592682431445,2021-04-19
6.667740488246511e-67,0.9992385054756447,7.74310246029705e-05,0.0006840635000907346,2021-04-20
9.746518838908565e-33,0.9915775541501184,0.008374082589581111,4.836326042007805e-05,2021-04-22
0.8970240948101745,0.09500369094628557,0.007970322118772397,1.8921249365791595e-06,2021-04-23
0.8738474080727426,0.008129387058216146,0.11801837166953238,4.833199697670694e-06,2021-04-26
2.778101711146378e-48,0.08725713889459233,0.9126377006488644,0.00010516045624168621,2021-04-27
1.1598349832759509e-32,0.2033055013455588,0.7965908589801114,0.00010363967389041765,2021-04-28
0.48049685795583885,0.5060307391042603,0.013336708475665461,0.00013569446463034346,2021-04-29
1.1638209953856639e-09,0.9958769412772303,0.003201816552602504,0.0009212410067854036,2021-04-30
2.14831880717838e-14,0.9955493358862229,0.004075793834538277,0.00037487027887241395,2021-05-03
3.6497659299727744e-46,0.9767480661117958,0.023239293709132223,1.2640178625271978e-05,2021-05-04
0.9337900331908555,0.02331358667786682,0.04289593802970569,4.4210164539639316e-07,2021-05-05
0.7999619554703087,0.0031157434101325896,0.1969222765216047,2.4597508519271902e-08,2021-05-06
0.8992037291342422,0.0009169354592805775,0.09987932653478865,8.871644485173572e-09,2021-05-07
0.876755981030701,0.0005528658711657832,0.12269107759315528,7.550530286975313e-08,2021-05-10
0.28401135010350725,0.002395204196942587,0.7135925176293345,9.280702186215128e-07,2021-05-11
8.669291663941262e-19,0.018506235349281332,0.9814928602965282,9.043540960714687e-07,2021-05-12
0.5355126430179799,0.008319708399933423,0.45616577074570464,1.8778361496186724e-06,2021-05-14
9.89029724371642e-38,0.09601103477227248,0.9039847572436699,4.2079841000897445e-06,2021-05-17
0.5055529071487004,0.008076279859407573,0.4863706689015129,1.4409069634291237e-07,2021-05-18
0.8294286924530698,0.0012348619692230485,0.16933561654777698,8.290294999323433e-07,2021-05-19
7.84996966730353e-22,0.06913961919054862,0.9308035580364443,5.682277286034178e-05,2021-05-20
3.322644331512175e-77,0.35623644747310845,0.6437625267683096,1.0257583758736517e-06,2021-05-21
0.9462554660550543,0.000660539591301274,0.05308393001083955,6.434274127309542e-08,2021-05-24
0.0006277540417377891,0.00418549055303645,0.9951867148451526,4.0560248709333184e-08,2021-05-25
0.916325982346711,0.0007957618144090065,0.08287825423070759,1.608041848825866e-09,2021-05-26
0.9404298254649192,0.0004901498476438185,0.05908001890816579,5.779099756220976e-09,2021-05-27
0.9144919546388621,0.0008503570700800729,0.08465473145134751,2.956839889875832e-06,2021-05-28
4.547880986258098e-12,0.1930518765626285,0.8069473363065992,7.8712631775199e-07,2021-05-31
0.8696928963172247,0.0018546959399669864,0.12845239685578239,1.0886606832939656e-08,2021-06-01
0.8951396791083309,0.0008486113661909375,0.10401170439995933,5.12565932383701e-09,2021-06-02
0.8979375370500499,0.0006363707704965369,0.10142608574032941,6.439405987369494e-09,2021-06-03
0.9058666452914305,0.0004283249642575662,0.09370502691043858,2.8340698011135897e-09,2021-06-04
0.933490572669968,0.00039459768555270223,0.06611482554124673,4.103282826150546e-09,2021-06-07
0.9263016240253759,0.0004784941825394765,0.07321882083216012,1.0609601617187203e-06,2021-06-08
3.948431362147788e-08,0.18438582897304845,0.8156134947870405,6.367553608161142e-07,2021-06-09
0.8714847900914724,0.0015310546601649713,0.12698414647914397,8.768830620578604e-09,2021-06-10
0.9267620869107198,0.0004637055424220387,0.07277407109215026,1.3645442237301804e-07,2021-06-11
0.980870185326887,0.014601160719239049,0.004528640993818379,1.296048046642162e-08,2021-06-14
0.9383053431272435,0.00016974272738555626,0.06152480138997498,1.127556908259271e-07,2021-06-15
0.003751238666742412,0.005401322538222785,0.99084676865952,6.701357173662356e-07,2021-06-16
0.8775803284011079,0.01025785957557583,0.11215735350027532,4.458523341342895e-06,2021-06-17
0.23709239531514772,0.7622315844054159,3.5132247526069784e-06,0.0006725070545949651,2021-06-18
4.072682236730854e-74,0.8001703279139769,0.19979077836901607,3.8893717157121505e-05,2021-06-21
0.7052520192235244,0.0448940436658372,0.2498183129119182,3.562419863250845e-05,2021-06-22
8.239572589627062e-66,0.31974926575140195,0.680244072261828,6.6619867500207704e-06,2021-06-23
0.8374465883826029,0.003658079244567541,0.15889532415060273,8.222098298604798e-09,2021-06-24
0.9315996278425902,0.0001942613460955025,0.06820607873846107,3.2072714632450676e-08,2021-06-25
2.4755372894611392e-12,0.0037436281952697124,0.9962560808578123,2.9094455989519636e-07,2021-06-28
0.34896330383542706,0.0019506997525003472,0.6490859856719735,1.0740001599035914e-08,2021-06-29
0.7901561934638938,0.0005101188141847854,0.20933364228333026,4.5438372848142904e-08,2021-06-30
3.7052555532553847e-07,0.005582176417222092,0.9944173621741939,9.088329047916598e-08,2021-07-01
0.9338509555943687,0.00035392950328130525,0.06579511288536939,2.01722993289576e-09,2021-07-02
0.8582550530287191,0.0007255919678716892,0.14101934444814404,1.0555135354882948e-08,2021-07-05
0.9166150180403492,0.00045260046515584217,0.08293237117337449,1.0321279716669615e-08,2021-07-06
0.6278522828502563,0.001049297416335089,0.37109762332224816,7.964108426978064e-07,2021-07-07
3.0361171189483894e-11,0.035166976801056175,0.9648329434856415,7.968309068289609e-08,2021-07-08
0.8747893557108524,0.00041106458192445615,0.12479954600056628,3.370629355162352e-08,2021-07-09
0.25070335501210617,0.004772210925527662,0.7445244048239348,2.9238035421524022e-08,2021-07-12
0.8944329408249683,0.0006577027190445707,0.10490935154650914,4.9096033044199005e-09,2021-07-13
0.923151523965604,0.000355971125283066,0.07649249871842184,6.1904176561230195e-09,2021-07-14
0.7602747832960174,0.0009582611517623763,0.2387669512050781,4.347232581004339e-09,2021-07-15
0.9270064977001017,0.0001493882507810901,0.07284407230747593,4.174136209618766e-08,2021-07-16
0.194898318008456,0.004926753989259022,0.8001742070877282,7.209148943292066e-07,2021-07-19
0.07957010137695814,0.0037607202014104772,0.9166688615511824,3.1687065232429735e-07,2021-07-20
2.8811753195066563e-09,0.006792638186916066,0.9932072961623268,6.276979825227059e-08,2021-07-22
0.9411873576200939,0.0007358789742914159,0.05807676260168848,8.041204445570826e-10,2021-07-23
0.9102472430535113,0.00020469277508277975,0.08954792187317545,1.4229868054628485e-07,2021-07-26
3.88230034600202e-08,0.017213098621096823,0.9827827885899986,4.0739658651382235e-06,2021-07-27
0.9442460230199522,0.05484901416203279,0.0009049246650589225,3.815260579283829e-08,2021-07-28
0.9379103138122138,0.00044453608075332383,0.06164514439363514,5.713842679053712e-09,2021-07-29
0.9266333976080754,0.0004039064382617919,0.07296269164278563,4.310463230757023e-09,2021-07-30
0.8969854125154132,0.0006880639157257684,0.10232363065972867,2.8929089429448647e-06,2021-08-02
7.417454045845713e-35,0.07784652047143742,0.9221496867088749,3.7928193086805915e-06,2021-08-03
0.30198274847214357,0.006183020408784888,0.6918342030816127,2.8037469410332646e-08,2021-08-04
0.944435080357739,0.00044785371169647997,0.05511704929628695,1.663418310708879e-08,2021-08-05
0.12697310982046425,0.003069468387763761,0.8699573814814833,4.0310491975665167e-08,2021-08-06
0.9531791214326383,0.0006440180560761661,0.04617685719436674,3.3166776710331804e-09,2021-08-09
0.9614987239848616,0.0013053548153746759,0.037195915043092324,6.1569298386993365e-09,2021-08-10
0.9736137713773318,0.0007044661306836214,0.025681742941419373,1.955055182632852e-08,2021-08-11
0.11641027866717435,0.0018326623665272975,0.8817554418828577,1.6170835969462175e-06,2021-08-12
2.222291960384486e-28,0.013215606655224855,0.9867843667296565,2.6615288155038184e-08,2021-08-13
0.919173268882648,0.000247839634993738,0.08057888795686817,3.5253799675808426e-09,2021-08-16
0.5205018606315734,0.001086095791364733,0.4784119339298337,1.0964711030841216e-07,2021-08-17
3.150100197222769e-13,0.00333662753532415,0.996663207736047,1.6472816758406777e-07,2021-08-18
0.1153520246950318,0.002806517961147851,0.8818407990670291,6.582771367764821e-07,2021-08-20
0.14465200088186844,0.027497334031928163,0.8278504669221497,1.981641603863118e-07,2021-08-23
0.8001925638500613,0.0033870693863527744,0.19642036198690271,4.776588311052231e-09,2021-08-24
0.9368166182668142,0.000283965643642606,0.06289941389961463,2.190331843878517e-09,2021-08-25
0.9293176657151695,0.0003010180674242216,0.07038130846574688,7.751762781610664e-09,2021-08-26
0.9034168653889297,0.0006792842817265158,0.09590372355226005,1.2677731755640364e-07,2021-08-27
1.263394001124538e-29,0.01325089573284121,0.9867422017591276,6.902507905918998e-06,2021-08-30
5.68210611536101e-33,0.028210943349032045,0.9717883826254768,6.740255054792451e-07,2021-08-31
2.1560961694065656e-06,0.003808853952707698,0.996188667577817,3.223732880602558e-07,2021-09-01
1.4809542410338649e-15,0.008985791792055314,0.9910141679551331,4.025326019948188e-08,2021-09-02
0.7832023436660479,0.0011006972369763004,0.21569695737210162,1.7246046236144312e-09,2021-09-03
0.9452072862138974,0.0002530252688941721,0.05453968403061111,4.486171745345919e-09,2021-09-06
0.9439694968066411,0.0005804598128294285,0.05545004141247637,1.9682308456273523e-09,2021-09-07
0.9297372646725617,0.00030682354501294874,0.0699558879330313,2.3849714295359522e-08,2021-09-08
0.25367168552587116,0.003112182282653532,0.7432160488757378,8.331535843855602e-08,2021-09-09
0.9093087146282932,0.00042935260047584155,0.09026193159351062,1.1775845439564044e-09,2021-09-13
0.9126167261740002,0.00016829847155667307,0.0872148463489142,1.2900524288294096e-07,2021-09-14
7.442012596485905e-25,0.006739509299685112,0.9932555602683746,4.930431643158722e-06,2021-09-15
0.000670817661213183,0.01726599450275415,0.9820490145315186,1.4173304185041792e-05,2021-09-16
0.0015510017515497194,0.5705125138924139,0.4278271327621052,0.00010935159418995541,2021-09-17
0.14599423309669077,0.836914218843726,0.01671005638695055,0.00038149167228646605,2021-09-20
0.10232339284416189,0.8072753743962682,0.09040066914033325,5.636189715736246e-07,2021-09-21
0.9589203259659667,0.0008463750283600559,0.040232368565555766,9.304396705514636e-07,2021-09-22
7.318545374312571e-21,0.023709471129523135,0.9762904526791838,7.619153717966888e-08,2021-09-23
0.9332769036411557,0.00026205866229199736,0.06646099238781676,4.530871256016861e-08,2021-09-24
0.2831977431714257,0.020934729831562193,0.6958306079540824,3.69190433728009e-05,2021-09-27
8.284383134228359e-06,0.9919816840318805,0.008008608349802875,1.4232349828240968e-06,2021-09-28
0.9674209462628487,0.0034967569961292747,0.02908208037719427,2.1636339020410913e-07,2021-09-29
4.006164368804448e-05,0.004653400679332792,0.9953064782074207,5.9469912508592854e-08,2021-09-30
0.7689916575998437,0.000756857516593702,0.23025142745250998,5.743080221559485e-08,2021-10-01
0.5325150462993529,0.005702491014138644,0.4617805940068618,1.8686799450804004e-06,2021-10-04
5.519699463450415e-28,0.0321856637818705,0.9677836390207384,3.069719741824349e-05,2021-10-05
6.534209270514314e-49,0.2923809482000098,0.7076183027250859,7.490751580535489e-07,2021-10-06
0.8933349685047262,0.0023308344287743463,0.1043341683186272,2.874767720296766e-08,2021-10-07
0.9110203923347311,0.0006146654997984822,0.08836490543049996,3.673514125198024e-08,2021-10-08
0.9127859370899877,0.0028423766931939994,0.08437163786470461,4.835217884419685e-08,2021-10-11
0.46714652669256646,0.0021989949132852553,0.5306544153411372,6.305308143324157e-08,2021-10-12
0.6685193813714065,0.001901128971644026,0.32957934613174844,1.4352524567779079e-07,2021-10-13
0.11970851393049912,0.0047464400677220365,0.8755449678791698,7.812294105176653e-08,2021-10-14
0.8896897747982185,0.0005401741361072263,0.10976957373661761,4.773292030607603e-07,2021-10-18
1.9334901806653148e-32,0.059410864052128684,0.9405369144714951,5.222147680447614e-05,2021-10-19
8.293501367637414e-20,0.27945293851356684,0.7204515855096811,9.54759768016223e-05,2021-10-20
2.0579257254600134e-19,0.9704288121946001,0.029338330295820076,0.0002328575097359075,2021-10-21
0.06016844341334905,0.9065201559666586,0.03321120708716274,0.00010019353276432369,2021-10-22
0.7359285854834624,0.2473046305876588,0.016736316259299156,3.0467669965072567e-05,2021-10-25
0.0053048149102365195,0.09233863398950766,0.9023381511782452,1.839992239188506e-05,2021-10-26
0.26620889355003885,0.06123813283880373,0.6725109436419355,4.2029969147065334e-05,2021-10-27
5.434231591986375e-145,0.9984391104593434,3.7820709102150544e-06,0.001557107469906741,2021-10-28
4.864647839061868e-11,0.9908292740866509,0.008761871794704989,0.00040885406957336687,2021-10-29
4.530739362920584e-08,0.8290779179448275,0.17090064990009846,2.13868475645196e-05,2021-11-01
0.41466982778416556,0.03224278664569777,0.5530726923262972,1.4693244219508475e-05,2021-11-02
0.002157570936195944,0.06325219418284489,0.9345901526382144,8.224272765568886e-08,2021-11-03
0.9612995968084282,0.0004987692930268088,0.03820050464454417,1.1292542052468217e-06,2021-11-04
0.9222567891521587,0.07117475727910594,0.0065683102500637735,1.433186478211408e-07,2021-11-08
0.9275699818379227,0.0005547149070404872,0.07187530075789225,2.4971921023435247e-09,2021-11-09
0.9267316372236213,0.0002597762611994853,0.07300854527777745,4.123769067964886e-08,2021-11-10
0.004632716241905023,0.006465999401866989,0.9888968963464385,4.388009409755895e-06,2021-11-11
1.3046902957271125e-05,0.05410162774618645,0.9458852946236327,3.072700729366665e-08,2021-11-12
0.9404302991646676,0.00024602660455103374,0.05932365190099867,2.2329353007616905e-08,2021-11-15
4.623863082782725e-12,0.006854246501498652,0.9931452301971521,5.232970118345375e-07,2021-11-16
0.7969717663436477,0.006176978950363617,0.19684673585251805,4.51885330072865e-06,2021-11-17
0.0002942103776693773,0.6781065305992998,0.3211714518318208,0.00042780719131154895,2021-11-18
3.134060772416753e-135,0.9910715975644432,1.1535787087172525e-11,0.008928402424275297,2021-11-22
3.6220565162892093e-28,0.9960888383674759,0.0035049463555629806,0.0004062152770021125,2021-11-23
1.7381281125522295e-06,0.7647485898019064,0.2349688595291394,0.0002808125406901965,2021-11-24
0.0002863780429693441,0.6673974962413459,0.33195395021511953,0.00036217550086234504,2021-11-25
9.677163523975841e-151,0.9959748663983421,6.366647846035103e-08,0.004025069935277221,2021-11-26
0.00036324424597845834,0.9975865272610603,3.501438059320241e-11,0.0020502284575769653,2021-11-29
0.0019229697602632944,0.997581954926731,5.147928251613041e-10,0.0004950747979265681,2021-11-30
0.6019120467169288,0.2274379186775879,0.1704059256907135,0.00024410891453444079,2021-12-01
5.07858527270702e-51,0.7358888831385307,0.2634060142746681,0.000705102586769937,2021-12-02
1.2780309224860199e-50,0.987588626375441,0.011873499420876095,0.0005378742035503396,2021-12-03
1.4544338851015984e-165,0.9973039098026549,6.79777903801973e-07,0.0026954104192744703,2021-12-06
3.022219550103246e-06,0.9765933620473582,0.023204311595161474,0.00019930413752064377,2021-12-07
1.1257188726791049e-33,0.3290965911750555,0.6708965002863346,6.908538208619849e-06,2021-12-08
0.960431067455472,0.0036992138167698686,0.03586967410288738,4.462471942641959e-08,2021-12-09
0.9417284256258547,0.002390604259041253,0.05587639529763294,4.574817758711024e-06,2021-12-10
2.5534962351519677e-96,0.9104085181172947,0.08958744867796996,4.033205171928565e-06,2021-12-13
0.957852632523905,0.002275798484363608,0.039871363644010636,2.0534774639139524e-07,2021-12-14
9.643510330237491e-06,0.00500047027351263,0.9949855410027649,4.345213679403192e-06,2021-12-15
8.692980980715943e-08,0.06665036504464028,0.9333279255366628,2.162248871544842e-05,2021-12-16
9.006158061083729e-138,0.9990217029058547,6.546835664212274e-05,0.0009128287371729138,2021-12-17
7.891678839853266e-24,0.9980767341205783,2.3216104884819055e-10,0.00192326564733607,2021-12-20
0.6223529288044914,0.3763779135740727,0.0012392991801056157,2.9858441177037463e-05,2021-12-21
0.0030164970201086725,0.05615588610867164,0.9408265591143381,1.0577567361498419e-06,2021-12-22
0.8885448266772851,0.0027622397186211362,0.10868950699439481,3.426609928567906e-06,2021-12-23
1.9866391461987827e-09,0.33406296130059676,0.6657691698491516,0.00016786686356580295,2021-12-24
1.230198768983205e-05,0.6972744859318091,0.30270598577003865,7.226310830656446e-06,2021-12-27
0.5079423310250051,0.022639832106692064,0.46941753141480375,3.0545345344732615e-07,2021-12-28
0.9097190923872779,0.0005009642111955026,0.08977994059248118,2.8090263990145403e-09,2021-12-29
0.9138193723421746,0.0003129882656134871,0.08586743309748915,2.0629440730327522e-07,2021-12-30
6.565448381138468e-07,0.02569559378330776,0.974271637980748,3.211169148989611e-05,2021-12-31
1.0916441700008543e-87,0.4758091845555917,0.5239161960418516,0.00027461940212819,2022-01-03
0.0009845271839134422,0.2968802124283175,0.7021108898056695,2.4370582048444302e-05,2022-01-04
0.023567951088554515,0.056209940870478904,0.920219500533466,2.607507519724793e-06,2022-01-05
0.3004876925952068,0.010096601391568698,0.689415568736511,1.3727661627185663e-07,2022-01-06
0.9786178948037619,0.001561464035932232,0.019820573468762242,6.769125394862589e-08,2022-01-07
0.0007699348476490488,0.006318197290996397,0.9929117945922816,7.326878254254227e-08,2022-01-10
0.8320812140249892,0.0005696724272262129,0.16734910885911358,4.688677053519827e-09,2022-01-11
0.8484079854485206,0.000963828383214526,0.15062817562387484,1.054406478149068e-08,2022-01-12
0.9268708818811274,0.00039391632838087855,0.07273519502474433,6.76536563804625e-09,2022-01-13
0.8521465119439221,0.0007346713484560836,0.14711859709616823,2.196111679783595e-07,2022-01-14
0.0050549975864521484,0.02001482354064213,0.9748216027880428,0.00010857608503887721,2022-01-17
8.612428718325385e-61,0.6353479863078068,0.3643689219661583,0.000283091726223593,2022-01-18
7.463464303904652e-35,0.6855421745381906,0.3139775112805505,0.0004803141810273143,2022-01-19
4.151215447608696e-11,0.925905812674038,0.07381286507020375,0.00028132221443516106,2022-01-20
0.29886210540267805,0.6830810638860849,0.016555463916809274,0.001501366794470405,2022-01-21
4.139798266223665e-174,0.8271140510543308,7.510532219466746e-18,0.17288594894597978,2022-01-24
4.7173139597887454e-35,0.984735786024123,3.727720756879875e-11,0.015264213938194623,2022-01-25
0.002677595436054637,0.9963498895066152,1.951961767475208e-06,0.0009705630957510681,2022-01-27
0.05278267856643092,0.9460899655710817,0.0008798013498991702,0.000247554512133981,2022-01-28
0.312411298885158,0.5541551890785879,0.13275903130753472,0.0006744807285912154,2022-01-31
0.00040350195587480055,0.9991496802521763,3.192034890860871e-09,0.0004468145995271874,2022-02-01
0.04275029946747382,0.18187149230219063,0.775026406614036,0.0003518016160444334,2022-02-02
3.44219727245815e-42,0.368333647602662,0.6316342786725694,3.207372497649899e-05,2022-02-03
0.5482589192966137,0.06992904786213694,0.38174313194068354,6.890090049945436e-05,2022-02-04
1.8986348019988641e-35,0.9997417697892089,4.301121506726175e-06,0.00025392908924545956,2022-02-07
0.8391145650234803,0.1603970926798867,0.00047929893708518437,9.04335984503912e-06,2022-02-08
4.316531424063655e-05,0.02251707622135787,0.9774376178993397,2.1405648122251796e-06,2022-02-09
0.9669646500793009,0.008737563742431604,0.024296406103741622,1.3800742665594193e-06,2022-02-10
0.0031201010174100588,0.07093986889530512,0.9257490423893079,0.0001909876978139223,2022-02-11
2.889940234061903e-79,0.9968897284425392,0.0002144224288152619,0.0028958491282895064,2022-02-14
7.4401710498953505e-183,0.9651709814015603,4.381387509014379e-12,0.034829018593998035,2022-02-15
0.8102486576508333,0.1553329755899139,0.03436457773374289,5.378902546578933e-05,2022-02-16
0.4843062730339734,0.046548413488046406,0.4691447525083422,5.609692779272683e-07,2022-02-17
0.9461740587863434,0.003670295472913425,0.050153041255577006,2.6044850158387775e-06,2022-02-18
0.547075609285698,0.45196522843487336,0.00065236764840911,0.0003067946307340223,2022-02-21
8.388627691910899e-66,0.8479449334478861,0.15168519643355685,0.0003698701187324114,2022-02-22
5.6015344094986524e-11,0.4959473017484785,0.5020361228540793,0.0020165753412439646,2022-02-23
6.107201304952166e-99,0.7386129085960778,3.188779348460853e-17,0.26138709140391475,2022-02-24
3.537208360040427e-14,0.9938174779606613,9.079410400432384e-05,0.006091727935190509,2022-02-25
1.1675282363975484e-68,0.99612751407484,3.0109045719781126e-09,0.003872482914309705,2022-02-28
0.06039087471489264,0.9087595563223926,0.03003532040944972,0.0008142485528143198,2022-03-02
8.851248280426141e-44,0.9981350015151326,0.0013535027835184347,0.0005114957014924677,2022-03-03
4.730752634559524e-06,0.998824178109447,6.560713936228513e-07,0.0011704350666989452,2022-03-04
1.8241929523466827e-08,0.9976274300864916,0.0003072889502903159,0.0020652627210353243,2022-03-07
1.282115793511724e-70,0.9988023894756337,2.772800574665552e-05,0.0011698825184730068,2022-03-08
1.3357966804451544e-48,0.9929965015590637,4.5023932352634727e-10,0.007003497990412153,2022-03-09
2.484131295228239e-12,0.9992351283690141,0.00011104335710682039,0.0006538282714051341,2022-03-10
0.087564393621036,0.864679033944773,0.04738100390800923,0.00037556852642633016,2022-03-11
1.679628562322782e-75,0.9780961989695084,0.020722811438551043,0.0011809895922409292,2022-03-14
2.8801402518502166e-40,0.9995334421501012,6.933036706686597e-05,0.0003972274827286046,2022-03-15
2.0096238319417133e-07,0.47272505606760035,0.5265607429801294,0.0007139999902594623,2022-03-16
0.0007845341439945032,0.5534576766233837,0.4451962890385875,0.000561500194250884,2022-03-17
5.731990104130263e-57,0.8897203547343463,0.10968386089877268,0.000595784366887512,2022-03-21
1.0864933789036248e-16,0.9933713089019499,0.006468213565178458,0.00016047753245766695,2022-03-22
3.5051786788017693e-15,0.2882811230106331,0.7117029867824685,1.5890206533909853e-05,2022-03-23
5.716490016982275e-08,0.0344936811236519,0.9655001530057892,6.108705223528773e-06,2022-03-24
3.255027932447962e-09,0.033878128000982444,0.9661211597579349,7.089858432975292e-07,2022-03-25
0.9843688759165901,0.010865828771433777,0.004765284152769067,1.1158873273323156e-08,2022-03-28
0.9253872262180484,0.0005205199235626417,0.07409222238736349,3.147074564901783e-08,2022-03-29
0.8313998808587993,0.003102076637013516,0.16549791911453038,1.233895477103594e-07,2022-03-30
0.838975089854967,0.0032989211462489646,0.1577191541198342,6.834879085201277e-06,2022-03-31
2.3004869100247172e-62,0.6919158839218819,0.30734979061533807,0.0007343254625902033,2022-04-01
1.5858103715732226e-52,0.8935884935125883,0.10632389040353644,8.761608361549296e-05,2022-04-04
1.0294675286127394e-09,0.059168201095622895,0.9408307021563627,1.0957188432668217e-06,2022-04-05
0.5018038303349547,0.0017313227016215172,0.49646443138041046,4.155827367274198e-07,2022-04-06
0.010455011671802532,0.008990701436220749,0.9805526019171154,1.6849749596311775e-06,2022-04-07
0.9311309656585903,0.025370968128940123,0.04349786795142745,1.9826072370389508e-07,2022-04-08
0.2518261322312751,0.002821203331027244,0.7453524425816084,2.2185604645436484e-07,2022-04-11
0.482295730104362,0.002765464878422778,0.5149377894334608,1.0155834290437594e-06,2022-04-12
7.195752660614548e-07,0.03474274118390435,0.9652393939283795,1.714531247206828e-05,2022-04-13
0.001470637139614887,0.3023925719394768,0.6958141073794756,0.00032268354159870397,2022-04-18
2.6134168458537776e-69,0.9995070839322742,5.27693427096238e-07,0.0004923883741627985,2022-04-19
0.36769851351519206,0.3390211749566681,0.29324801442781273,3.2297100750337305e-05,2022-04-20
2.1947173755706484e-25,0.06121050399990176,0.9387810258108771,8.47018905710179e-06,2022-04-21
0.015478840542071479,0.012995979879323763,0.9715230704658998,2.1091129295704327e-06,2022-04-22
0.0644501780659618,0.011959807543171653,0.9235872491186112,2.765272347180945e-06,2022-04-25
0.025919911254460914,0.026185755766918197,0.9478896009424113,4.7320361188832255e-06,2022-04-26
0.43367813254966714,0.04057947312571354,0.5257110415258697,3.13527985272881e-05,2022-04-27
0.3008413047983579,0.6943243900749925,0.004514492297769017,0.0003198128287325184,2022-04-28
1.0690874788378985e-41,0.9504029539150987,0.04929648510529289,0.0003005609799568614,2022-04-29
1.6365203927358846e-23,0.5403140952566617,0.4587805372984559,0.0009053674453020288,2022-05-02
7.207585691268216e-259,0.9802724625189264,1.1253824687467748e-13,0.019727537480939517,2022-05-04
2.8225207156828213e-15,0.9691040448980012,0.03065751230215715,0.0002384427998995082,2022-05-05
0.004563429133415851,0.46460448933437215,0.5300754948427338,0.0007565866894349386,2022-05-06
0.574990719729915,0.41935591171026265,0.005592794602167523,6.057395799536673e-05,2022-05-09
0.8176940199078161,0.1705098871991248,0.011695397768305464,0.00010069512516701294,2022-05-10
0.013462607394228951,0.9855811275972157,4.948676017139044e-06,0.0009513163328145474,2022-05-11
2.172080606703105e-49,0.9987627697512391,9.47648481809371e-05,0.0011424654006987633,2022-05-12
2.2296474950444745e-23,0.9995800815462806,2.9266371537250358e-05,0.0003906520823063651,2022-05-13
0.37579041847613687,0.6236745829339783,0.0001913047912470338,0.00034369379902560334,2022-05-16
9.129651691617661e-226,0.9875866927297922,1.3185662857245716e-06,0.012411988704274266,2022-05-17
0.5803730838653418,0.33296729413471493,0.08636658647627206,0.00029303552398690934,2022-05-18
2.315023868476933e-13,0.9134476922309113,0.08390561051726574,0.0026466972512394294,2022-05-19
3.086343301433663e-65,0.9879916890258278,0.011585808207034061,0.0004225027673300961,2022-05-20
0.8539832102726462,0.1267078429453501,0.019288111230462552,2.0835551925254004e-05,2022-05-23
0.000664292637255086,0.07185852476460096,0.9274317674856316,4.541511241111127e-05,2022-05-24
1.9229553818222873e-35,0.26926092102130844,0.7306323070532029,0.00010677192503406001,2022-05-25
0.26851972398406554,0.7314388998885534,2.296034447788571e-05,1.841578280124469e-05,2022-05-26
0.7653429538351852,0.03796495770539617,0.19667597267768974,1.6115781746074894e-05,2022-05-27
1.843220947228938e-15,0.061289977531377375,0.9387079327481327,2.089720867691475e-06,2022-05-30
0.8997934088137413,0.004858496355597235,0.09534799345148989,1.0137912862157612e-07,2022-05-31
0.9221610506544303,0.006072359113090015,0.07176592310107505,6.671314692870973e-07,2022-06-01
1.8257834515104766e-16,0.013557092772669213,0.986438178410659,4.728816297121584e-06,2022-06-02
6.262170483763179e-35,0.04886544762023507,0.9511344677074451,8.467205423641495e-08,2022-06-03
0.960599096630633,0.0008463405017537679,0.0385545356517287,2.7215511228658552e-08,2022-06-06
0.30625465668650154,0.006218883811493074,0.6875184521349965,8.007366619197057e-06,2022-06-07
6.676985175034789e-05,0.10044825994378978,0.8994571664599177,2.78037441262479e-05,2022-06-08
5.45457617746827e-66,0.22771652839969742,0.7722158182267346,6.765337384529386e-05,2022-06-09
1.1042973168189896e-05,0.14395125589745641,0.8557833359055472,0.00025436522415969183,2022-06-10
9.867719242726978e-12,0.48540209557966435,0.5145688313961259,2.907301460702e-05,2022-06-13
0.9599232068986935,0.019656232643446386,0.0204203507725878,2.0968560115917488e-07,2022-06-14
0.9114919319822213,0.0032513379937028114,0.08523124287101595,2.548715287511319e-05,2022-06-15
0.0,0.839412242766093,5.511346123392245e-21,0.16058775723386856,2022-06-16
0.6546919032305559,0.34245107939035674,0.002517033987995483,0.0003399833907564597,2022-06-17
0.8790755980978994,0.11445672511282336,0.006401951213833785,6.572557556983574e-05,2022-06-20
6.1049583335935835e-25,0.9817400062235757,0.017383231655314288,0.0008767621207263223,2022-06-21
6.62621685072914e-21,0.7903715435237451,0.2086408705859679,0.0009875858900690176,2022-06-22
0.04051822322070397,0.9540002291043553,0.005477971790039968,3.575884542372064e-06,2022-06-23
0.9224904806092351,0.007330554319652346,0.07017845247722372,5.125942477467442e-07,2022-06-24
7.056991041829998e-12,0.0036708829345430227,0.996327371039119,1.746018913034203e-06,2022-06-27
0.06935365655788822,0.009787813193977707,0.9208580531831544,4.770653431985542e-07,2022-06-28
0.0012689814245028298,0.012543893792534925,0.9861869982256654,1.2655705720016056e-07,2022-06-29
0.9559430348119559,0.003682914613996441,0.04037319786061973,8.527130195372546e-07,2022-06-30
0.8054927766538289,0.19434631225256108,9.635658994881483e-05,6.455450387802056e-05,2022-07-01
1.6327974372937504e-09,0.1163366038000435,0.8836056610912429,5.7733475956796684e-05,2022-07-04
0.346171152376768,0.33543800932520484,0.31835575707084657,3.508122711141148e-05,2022-07-05
7.779036239708139e-38,0.1651135277787081,0.8348847427147703,1.7295065420291211e-06,2022-07-06
0.8547471093530608,0.0029455286822177716,0.14230734342771073,1.8537103488468888e-08,2022-07-07
0.8363297409550065,0.00042524532248989214,0.16324498274959218,3.0972841195548866e-08,2022-07-08
0.022052229034698705,0.001793539891352481,0.9761540292375058,2.018368130373606e-07,2022-07-11
0.01647944659097868,0.003660516650814462,0.9798582288018913,1.8079563456285283e-06,2022-07-12
1.2420495153635688e-39,0.04980911523102884,0.9501869594539049,3.925314934961128e-06,2022-07-13
0.8802303922562628,0.026162400875111742,0.09360717198518484,3.48832147599357e-08,2022-07-14
0.9320460189006154,0.0007372626551255517,0.06721660605149292,1.1239254440110789e-07,2022-07-15
6.739960712045119e-25,0.00893553655107082,0.9910579848714882,6.4785777637217805e-06,2022-07-18
1.6518824203843821e-37,0.019564979987696633,0.9804347977885444,2.222239972964639e-07,2022-07-19
0.6460014920172531,0.0014885049612229533,0.35250983112751494,1.718939283829277e-07,2022-07-20
0.058630488492333974,0.005097111984667052,0.936272331834908,6.768770601542829e-08,2022-07-21
0.8432572179079808,0.001427037577971988,0.1553157379128352,6.601012499982011e-09,2022-07-22
0.8307575472223488,0.0009497663055515768,0.1682923164800225,3.6999188365803406e-07,2022-07-25
4.968799962848352e-33,0.02156421092001232,0.9784262575053302,9.531574552338734e-06,2022-07-26
1.5586614272507613e-27,0.01880170086078222,0.9811960782383861,2.220901242781863e-06,2022-07-27
4.0415178758054546e-24,0.023928530944964863,0.9760679687881948,3.5002664742595545e-06,2022-07-28
0.038364220318959835,0.020197781817767543,0.9414314542255249,6.543637580964963e-06,2022-07-29
0.09499925204778942,0.06623525971299117,0.8387653167709669,1.714679512570621e-07,2022-08-01
0.9676498602049676,0.0014299078693814353,0.030920214643837526,1.7281605916286505e-08,2022-08-02
0.9740323657643275,0.003610153287934391,0.022355225497788896,2.2554503634715537e-06,2022-08-03
0.6904326447627497,0.3095314415455996,3.5467441147747345e-05,4.462506740353337e-07,2022-08-04
0.9501704111345848,0.0005431101383794626,0.049286335973914325,1.4275355230248907e-07,2022-08-05
1.2524859207989854e-07,0.011372971362485001,0.9886268791658053,2.422352088160537e-08,2022-08-08
0.937881830056198,0.00027800155913634123,0.0618401643992769,3.985063953238062e-09,2022-08-10
0.6423803158489537,0.001740947430534688,0.3558787146398087,2.2080988802485526e-08,2022-08-11
0.9451077728714067,0.00032234762118841777,0.054569878237524516,1.2701345621780105e-09,2022-08-12
0.9175854920029091,0.00028125019490274166,0.08213316480203027,9.29999515385263e-08,2022-08-16
0.18255709870377282,0.0038762403252094765,0.8135665235893057,1.373812833359194e-07,2022-08-17
0.8312344689446601,0.0021916759104144454,0.16657091765695034,2.9374883341891353e-06,2022-08-18
2.933410223149729e-37,0.538763429180076,0.46089125919683244,0.00034531162334091155,2022-08-19
6.96136305383264e-52,0.6245708014613652,0.3748566312393791,0.0005725672994880323,2022-08-22
7.062004613191457e-46,0.4132226830486094,0.5867670142273655,1.0302724067094541e-05,2022-08-23
0.04507995759815771,0.014033250775193086,0.9408763546601107,1.0436966106235007e-05,2022-08-24
1.955512304306311e-14,0.04177149538933743,0.9582283269127021,1.776981037441195e-07,2022-08-25
0.9258930944153294,0.0023934035861150264,0.07171248898865973,1.013009941390461e-06,2022-08-26
3.354449746306504e-08,0.2779695687483642,0.7216627374641763,0.00036766024335019553,2022-08-29
2.3229921791245954e-194,0.9920484609984538,4.929190068139369e-05,0.007902247100658408,2022-08-30
0.15705984992785982,0.7226162490447395,0.12032162200702833,2.2790201152309227e-06,2022-09-01
0.9538592616955694,0.002341791595399333,0.04379874647836421,2.0023042736375867e-07,2022-09-02
5.568514959162984e-15,0.0067440294733735395,0.9932559122520815,5.8274318710290865e-08,2022-09-05
0.9604637814783316,0.00045173883719181536,0.03908446645691073,1.3227926002542076e-08,2022-09-06
0.00013916747274635746,0.004638911848418574,0.995221862799817,5.78786393262576e-08,2022-09-07
0.7105409345799559,0.0009350688524219673,0.28852393526499925,6.130244553920862e-08,2022-09-08
0.0031752197788994245,0.0035258584354998334,0.9932988964015856,2.5384378943638877e-08,2022-09-09
0.8804212556925926,0.0004867940547037934,0.11909193471001986,1.5542883269717384e-08,2022-09-12
0.9199179405713663,0.0025196492848823474,0.07754685479601382,1.5555348058040884e-05,2022-09-13
9.81492018361476e-40,0.6935495706514339,0.30613584341342165,0.00031458593529380674,2022-09-14
7.199087796803413e-22,0.6103275126980634,0.3892991030995813,0.0003733842027547514,2022-09-15
1.0207286319218007e-90,0.9967456225558127,0.0031694186833711,8.495876101171295e-05,2022-09-16
0.9137301182938575,0.07908463191874482,0.007182842693363531,2.4070944387027436e-06,2022-09-19
0.8428080996660827,0.014563416749243689,0.14262815795493317,3.2562942805630924e-07,2022-09-20
0.8592952758277317,0.0035128105434420014,0.1371911880154473,7.256137491053149e-07,2022-09-21
0.8942724835201362,0.03449260645307675,0.07120399183220505,3.0918194618960295e-05,2022-09-22
5.561069818280741e-75,0.995524658355085,0.003575823084580532,0.0008995185607150386,2022-09-23
2.175706994663974e-15,0.7552721236556921,0.24406433523975887,0.0006635411048947243,2022-09-26
0.1609998812658521,0.6099602295907756,0.22889864117524636,0.0001412479678085468,2022-09-27
0.5384244606378161,0.39703882558582215,0.0643144787579734,0.00022223501820780564,2022-09-28
5.995230467495187e-28,0.5124507216882238,0.48724028966416166,0.00030898864721801915,2022-09-29
4.0312188895985084e-63,0.9973546367184456,3.334116938660357e-07,0.0026450298700987913,2022-09-30
3.1267318874521326e-61,0.9284631359041475,0.07113234387268627,0.0004045202229109458,2022-10-03
1.582615154548421e-16,0.4192764147449753,0.5807206165405353,2.968714444672499e-06,2022-10-04
0.9291951325367597,0.0013232051151875895,0.06948165255187931,9.79655248882331e-09,2022-10-06
0.9254459292610513,0.0005128839688092288,0.07404039458318001,7.921871130499836e-07,2022-10-07
2.7485211544943333e-13,0.12967291245895063,0.8702307781766878,9.630936418690359e-05,2022-10-10
1.751279212506625e-117,0.9935275040381608,0.006345401196687031,0.00012709476500821418,2022-10-11
0.03329011266296398,0.14383420754155646,0.8228718522435625,3.827551977220851e-06,2022-10-12
0.2371499146837773,0.006315429275503391,0.7565340491494574,6.068909865666103e-07,2022-10-13
2.2457110780408694e-17,0.005979889861447669,0.994018725991592,1.3841468320850725e-06,2022-10-14
1.3549531323846463e-20,0.024672927833626693,0.9753269185900284,1.5357624584461124e-07,2022-10-17
0.6342773790767879,0.0024773571172118916,0.36324525123043794,1.2575198436560939e-08,2022-10-18
0.8889583303704106,0.0002826783301608245,0.11075893356907913,5.7730160170060326e-08,2022-10-19
5.403043522804858e-24,0.010186694782515562,0.9898132339651163,7.125265811738425e-08,2022-10-20
0.9433616275520014,0.0004542992656300433,0.05618407155896361,1.6233160309271647e-09,2022-10-21
0.8519494857811962,0.0007679238099244529,0.14728077665193806,1.8137572470017253e-06,2022-10-24
7.348227233032171e-30,0.033445010314734264,0.96648752520319,6.746448168310102e-05,2022-10-25
1.0,1.932577304872831e-197,2.3292866566750062e-95,0.0,2022-10-27
0.9437963311373208,0.00038467824170927733,0.055818794552497254,1.9606844899191303e-07,2022-10-28
3.5038327796926616e-34,0.036794264830583276,0.9632025433928623,3.191776619749538e-06,2022-10-31
0.8033723952098764,0.0027877661882439574,0.1938396876407552,1.5096105871044899e-07,2022-11-01
7.995949096246743e-19,0.004621864003359169,0.9953774286336519,7.0736290638114e-07,2022-11-02
2.5010677444620255e-06,0.004923897586747218,0.9950732794003316,3.2194513520128767e-07,2022-11-03
0.0043310811781695855,0.012606783420123542,0.9830564735626844,5.661839066567179e-06,2022-11-04
0.7045852311086278,0.2905025232401113,0.004883160671779728,2.908497942317722e-05,2022-11-07
5.919074732397092e-33,0.1364843181398086,0.8635021377374188,1.3544122667529103e-05,2022-11-09
0.29476759847734324,0.031255488352791044,0.6739662688024233,1.0644367408558032e-05,2022-11-10
3.868892821294262e-19,0.040505313797284156,0.9594803242029644,1.4361999768924571e-05,2022-11-11
0.0405580119381722,0.0046956290921973225,0.954746193319268,1.6565044271714772e-07,2022-11-14
0.9680224139573816,0.0019511124349176447,0.030026472143046132,1.4646470454199462e-09,2022-11-15
0.9379339330498909,0.00028421052933752885,0.06178184831828918,8.10256443015233e-09,2022-11-16
0.7930311609245743,0.0013308205494259014,0.20563727609704147,7.424288616947758e-07,2022-11-17
0.814648743623794,0.039113084454586916,0.14623627773928655,1.8941822661301604e-06,2022-11-18
1.0054555571148647e-13,0.00880259043705087,0.9911959517120825,1.457850732558407e-06,2022-11-21
0.007313581991303351,0.004450056364613799,0.9882352199424119,1.1417016304615466e-06,2022-11-22
1.9342017350077942e-07,0.04059028132360169,0.9592843019595376,0.0001252232966190218,2022-11-23
1.1549067207741349e-32,0.9141324147218803,0.08586337035425165,4.214923865175888e-06,2022-11-24
0.9648273360511107,0.00982869059567143,0.025318707699215005,2.5265653941858065e-05,2022-11-25
7.672402128653505e-08,0.9913803643303302,0.008569599263638466,4.9959682029890376e-05,2022-11-28
0.020135887116052655,0.064098167389221,0.9157295854852483,3.636000947489822e-05,2022-11-29
7.542812924705825e-22,0.09334757535459895,0.9066508957091047,1.5289362928441145e-06,2022-11-30
0.008089076016880442,0.004627337228060041,0.9872824814688375,1.105286234726934e-06,2022-12-01
0.11970394779465622,0.013584430854976242,0.8667115908577846,3.0492508547625246e-08,2022-12-02
0.9575178811519196,0.0006249401404533852,0.04185716602416847,1.2683398016276004e-08,2022-12-05
0.045779591020936095,0.0021004818243730784,0.9521180147750663,1.912379631684057e-06,2022-12-06
8.228659883266175e-06,0.006218359346961287,0.9937731921437467,2.1984943503435686e-07,2022-12-07
0.6655942781451096,0.007690802951875348,0.32670317257213377,1.1746330924288488e-05,2022-12-08
2.3845549950684995e-32,0.9608674955235743,0.0389722974485715,0.00016020702795384477,2022-12-09
0.00012835391467704246,0.28213331264287855,0.7177259155820891,1.241786037502237e-05,2022-12-12
1.1111799031555177e-09,0.02785442174031457,0.9721451631598779,4.139885317196376e-07,2022-12-13
0.9540602225788457,0.0017763131354379827,0.04415581561352636,7.648672275986384e-06,2022-12-14
2.2984246854603876e-84,0.9983667411307597,0.0001860150458085367,0.0014472438235317796,2022-12-15
0.053174539378302646,0.9344744729521494,0.011796938774996019,0.0005540488946575255,2022-12-16
5.85061130410947e-28,0.7957155537713955,0.20385172991668418,0.00043271631186505676,2022-12-19
0.24116309508032716,0.7581332961320277,0.00031447184433089945,0.0003891369432173414,2022-12-20
8.920611187788707e-120,0.9977597907403063,1.282586920049898e-07,0.002240081000897439,2022-12-21
7.649445873368186e-33,0.9992455314500402,0.0002305676415651687,0.000523900908487004,2022-12-22
1.3932696641264865e-45,0.9977641322423129,3.100863897851413e-07,0.002235557671355227,2022-12-23
4.665257021658832e-31,0.9982392787976303,1.5659265711540104e-09,0.0017607196364430905,2022-12-26
0.6011791238612673,0.3968956703184355,0.0019175513802130444,7.654440006381806e-06,2022-12-27
0.8549303037967918,0.016507413580823055,0.12853307228353622,2.9210338766132893e-05,2022-12-28
1.0058543900424095e-18,0.9713904028943444,0.02816662852366082,0.00044296858201162424,2022-12-29
1.5300792785426754e-69,0.8320423270910114,0.16788209253714126,7.558037193896985e-05,2022-12-30
0.02458907228633895,0.05973135556765336,0.9156610858255776,1.84863203624426e-05,2023-01-02
5.6767054835641465e-08,0.043451626989606376,0.9564701798184511,7.813642494986428e-05,2023-01-03
1.0221983026436595e-111,0.9984133563778685,0.0008359981653632512,0.0007506454568101594,2023-01-04
4.595228642037624e-06,0.9993789540363638,0.00014792219994427664,0.00046852853506379146,2023-01-05
5.8145331337432e-23,0.9993345447690345,3.647835267127248e-05,0.0006289768782693368,2023-01-06
3.6358169141291694e-42,0.9898157108285571,0.009155733245821368,0.0010285559256449273,2023-01-09
1.5829887056484237e-95,0.9999300252950275,2.7117099019855688e-05,4.28576058748701e-05,2023-01-10
0.9536372050750238,0.03716452607108266,0.00918823769822466,1.003115575360635e-05,2023-01-11
0.8644121415314742,0.12601509767519964,0.009503564944762616,6.919584866028395e-05,2023-01-12
0.24618041505156918,0.7529906873718981,0.00046292804939323715,0.00036596952713695725,2023-01-13
9.730418568250207e-33,0.5485965697101766,0.45127498009387945,0.00012845019587981186,2023-01-16
7.792486131407445e-28,0.27186246105803086,0.7281027907110545,3.474823100031235e-05,2023-01-17
3.0703100673247475e-08,0.062228895690858425,0.9377709221765076,1.514294651919671e-07,2023-01-18
0.8121346660669405,0.0004696190107183089,0.18739561148110517,1.0344116222980102e-07,2023-01-19
1.0787112551272477e-13,0.007712488520695604,0.9922874569974891,5.448161512039267e-08,2023-01-20
0.9019960600424043,0.0005056427384816076,0.09749814514160769,1.5207750471324083e-07,2023-01-23
0.002943057332318277,0.033033198708578716,0.9639768068277859,4.693713130483491e-05,2023-01-24
1.0078821357194027e-104,0.9984910207979155,9.390012839114294e-05,0.0014150790737976757,2023-01-25
2.0616790363613415e-128,0.9226136046481197,6.863893430296878e-17,0.07738639535193373,2023-01-27
5.764699536234792e-05,0.9913169335094011,3.6527760436824964e-14,0.008625419495098163,2023-01-30
0.4196135089336924,0.5755259909799224,0.0001035836435669691,0.0047569164427993344,2023-01-31
3.595351930022665e-46,4.563748868011396e-13,8.554331828135563e-96,0.9999999999995453,2023-02-01
2.255993239284964e-15,0.9934502849968777,7.267165537562539e-06,0.00654244783767644,2023-02-02
3.038241076203529e-10,0.999597537307652,1.659958836742322e-10,0.00040246222262436954,2023-02-03
0.18233994874245163,0.07162646348010195,0.7460148118613084,1.877591617993253e-05,2023-02-06
0.3305711473118928,0.03530009596570214,0.6341235168278879,5.239894489421909e-06,2023-02-07
3.6282100204773814e-37,0.0409961407381224,0.9590032079946522,6.512671840638549e-07,2023-02-08
0.9617734356490839,0.002677423530893689,0.03554913822405296,2.5959723699249897e-09,2023-02-09
0.8894098645910242,0.00022891137419567265,0.11036090736235053,3.166723450262847e-07,2023-02-10
1.6430146671980682e-06,0.01909961609336022,0.980894484269273,4.2566226000752935e-06,2023-02-13
8.040833501195415e-08,0.02843278231187469,0.9715627211898237,4.4160900414995476e-06,2023-02-14
3.800564607999032e-18,0.04496672777749552,0.955032411372363,8.608502343260431e-07,2023-02-15
0.3882168406858714,0.0080739893274527,0.6037087606076046,4.093791815386878e-07,2023-02-16
0.8026002936833347,0.01526891082428992,0.18212559544616536,5.200046266383291e-06,2023-02-17
2.387504211136441e-20,0.07799883255185282,0.9219840139093711,1.7153538832786515e-05,2023-02-20
1.1022074467568247e-08,0.05543707217398958,0.9445146692884043,4.8247515578642904e-05,2023-02-21
3.3606325960350575e-128,0.9997271513800756,8.795933893149043e-05,0.00018488928091816588,2023-02-22
0.7791027299445982,0.15844514714152913,0.06240717945519487,4.4943458736365944e-05,2023-02-23
1.880646497830146e-28,0.15610156466459138,0.8438784924473235,1.9942887997208805e-05,2023-02-24
0.8704903170870072,0.06350867281440718,0.0659741729905552,2.683710793825678e-05,2023-02-27
0.11628195438458297,0.40225306015961376,0.4814203498399307,4.463561576224025e-05,2023-02-28
2.705900949489283e-19,0.07711897935323347,0.9227900254098133,9.099523706048167e-05,2023-03-01
9.00560354644702e-22,0.173630328894904,0.826224956923629,0.00014471418157961161,2023-03-02
7.312945995756599e-31,0.9536850957536132,0.0462733778864738,4.15263598961397e-05,2023-03-03
0.8946064872153722,0.05959261368437943,0.04575984827456359,4.1050825697127725e-05,2023-03-06
0.00014001339577821711,0.303777392873789,0.6959027933824528,0.0001798003479308266,2023-03-08
1.9053111224997456e-149,0.9977451711540447,0.000167712682002602,0.002087116163911955,2023-03-09
0.011295002247585267,0.8030002123741338,0.17572299390626975,0.00998179147212321,2023-03-10
8.62409875539102e-108,0.6029464854215284,3.7308479422995385e-21,0.3970535145784813,2023-03-13
3.1004931304193484e-10,0.9953121209182606,3.6066850460936356e-06,0.0046842720867002465,2023-03-14
7.241301852204826e-75,0.9989521109205323,2.127464355732213e-06,0.0010457616152218386,2023-03-15
0.0009675828532342079,0.9982426195145463,1.668544042622085e-07,0.0007896307778612093,2023-03-16
0.003943796237402301,0.9954492177747312,1.138863652795081e-05,0.0005955973514452875,2023-03-17
0.00391031831059892,0.9959937941846733,4.304921342313841e-07,9.545701259581085e-05,2023-03-20
0.4952973435217088,0.07506461866470983,0.42963754457406483,4.932395442062727e-07,2023-03-21
0.9379060038334965,0.001095209106481824,0.06099786633955792,9.207204229213645e-07,2023-03-22
0.7782423435690915,0.17465497750828013,0.046976896375093065,0.00012578254752037985,2023-03-23
4.253542338304213e-31,0.5723473202261665,0.42748677184195544,0.00016590793189763032,2023-03-24
0.709130778508525,0.2879081636704041,0.0028745153227633306,8.654249836041884e-05,2023-03-27
2.9776045302515924e-05,0.2622468172249608,0.7375634868171397,0.00015991991249785344,2023-03-28
1.491040586484272e-08,0.821722166439469,0.1780514348151845,0.00022638383491524242,2023-03-29
2.172718952094627e-77,0.8639097114046399,0.1360820216502409,8.266945148572964e-06,2023-03-31
0.9719494197346655,0.002379021924041471,0.02567051646464081,1.0418767626195653e-06,2023-04-03
1.8373462688348047e-49,0.04791656771314697,0.9520731329164518,1.0299370350353941e-05,2023-04-05
0.08967478778220235,0.015861462800045897,0.8944637317269157,1.7690948020830432e-08,2023-04-06
0.9424477725035443,0.0002994944100452825,0.057252731823046264,1.2633516489587917e-09,2023-04-10
0.8874456327101901,0.00045579510485375014,0.11209848968281534,8.250213069724142e-08,2023-04-11
0.10120791586558098,0.00509062187899202,0.8937012808371531,1.8141833629974708e-07,2023-04-12
0.9512533549232046,0.002907406061655772,0.045837264026065784,1.974988976034973e-06,2023-04-13
1.0175136557431668e-16,0.9996366463479535,1.8632222546905625e-06,0.0003614904297246046,2023-04-17
3.7773107279513066e-18,0.17472804485829793,0.8252701538522512,1.8012893937235575e-06,2023-04-18
0.6099930610367728,0.003022077469833999,0.3869848396092774,2.1884029523918163e-08,2023-04-19
0.9390580350852572,0.0003423027476951269,0.060599660018583086,2.148467468999427e-09,2023-04-20
0.9419883055239919,0.0005191235992291454,0.05749251995627744,5.0920550006045544e-08,2023-04-21
0.9308795060764292,0.009755539338646337,0.05936493846267556,1.6122352612629933e-08,2023-04-24
0.9438681029188799,0.0002621843168883706,0.05586970557024107,7.193918278631523e-09,2023-04-25
0.7826445441936565,0.001148046463909958,0.21620668383830616,7.25504207572834e-07,2023-04-26
5.115601129463274e-24,0.05233106528885679,0.947590336114672,7.859859639137199e-05,2023-04-27
5.102263186796319e-09,0.6871857569288001,0.31281352781594185,7.101530268562585e-07,2023-04-28
0.9266075513004527,0.0024964437706997476,0.07089560554242293,3.9938640816555346e-07,2023-05-02
0.7602375570050994,0.005577531625462671,0.2341436090237899,4.1302345759774136e-05,2023-05-03
1.1782705608949193e-99,0.8154694462718078,0.1830866859146647,0.001443867813561164,2023-05-04
0.012834792460699684,0.6915165114396379,0.2951593289506273,0.0004893671490667533,2023-05-05
1.7168705013651446e-45,0.5134050136041242,0.4865923977726204,2.5886232008220933e-06,2023-05-08
0.9181000260050037,0.0025197348858418023,0.0793802310983097,8.010950536764657e-09,2023-05-09
0.9430884675396431,0.0003510175940387218,0.0565604783506975,3.6515616968481826e-08,2023-05-10
0.016349861926994436,0.004388659774084567,0.9792613932103723,8.508848562898573e-08,2023-05-11
0.9757367061879626,0.0017318429685276569,0.022531299491718396,1.5135185578357903e-07,2023-05-12
0.9209893268318264,0.05802742589640287,0.02094794665566436,3.530061604380346e-05,2023-05-15
1.4696663071435106e-72,0.7935350158073782,0.20476493723055894,0.0017000469619687676,2023-05-16
2.217128144360986e-15,0.784327694856602,0.21533396302037008,0.00033834212297745894,2023-05-17
1.6733851263952323e-68,0.7943559948977705,0.20561204212601367,3.1962976117299785e-05,2023-05-18
0.9481617671665185,0.039749582671462835,0.012084190783560031,4.4593785200107065e-06,2023-05-19
3.161246446532596e-23,0.02346581131974324,0.9765341380473578,5.0632993956380886e-08,2023-05-22
0.9411671542379444,0.00027749563647160854,0.058555343362566514,6.762981774433456e-09,2023-05-23
0.8501489347967502,0.0029488863184449583,0.1469021360738784,4.281096195867903e-08,2023-05-24
0.8648671083231066,0.001523102917761028,0.1336091781038821,6.106553496867995e-07,2023-05-25
2.2286182746947414e-33,0.0514866809856549,0.9485128779911373,4.410232590434012e-07,2023-05-26
0.8594213659264109,0.0011999357528564045,0.13937868676182996,1.155886776260865e-08,2023-05-29
0.9067175159786157,0.00015727257168547863,0.09312518123034841,3.021935318215712e-08,2023-05-30
0.004248399976093616,0.002679298978471128,0.9930712999794784,1.001065976363948e-06,2023-05-31
7.22934391344239e-22,0.012200818599156301,0.987799142326192,3.907476070932309e-08,2023-06-01
0.9393415831894849,0.0002839712501195109,0.06037444449975803,1.0606843373274117e-09,2023-06-02
0.9319236258104975,0.0004406656434249112,0.0676357013426503,7.203492763179418e-09,2023-06-05
0.9340904875709677,0.00012561280856857534,0.06578387857087077,2.1049591806930227e-08,2023-06-06
0.0002157306901513037,0.0025863972148578718,0.9971967501048066,1.1219902883110876e-06,2023-06-07
3.110271540756747e-07,0.009445813815342029,0.9905533500474296,5.251101725691454e-07,2023-06-08
4.639494932745909e-20,0.011821420754596048,0.9881785611081592,1.813724740951149e-08,2023-06-09
0.945980706794168,0.00012549009451084684,0.05389371376271685,8.93486274909399e-08,2023-06-12
6.8281573624967915e-25,0.025665165919725043,0.9743346225846639,2.1149554411902008e-07,2023-06-13
0.9422072309197158,0.00010999358571535923,0.05768276104506927,1.4449423996667576e-08,2023-06-14
7.432528804574606e-13,0.003135779486826791,0.9968633888869033,8.316254410511761e-07,2023-06-15
1.6790311439287502e-14,0.0072350021423599285,0.9927641765694394,8.212882390341658e-07,2023-06-16
3.32425069270879e-25,0.0219394025212115,0.9780600349576243,5.625211156591635e-07,2023-06-19
0.9739303187049957,0.009467599346462687,0.016602079476029753,2.4724358883853433e-09,2023-06-20
0.9455016037063592,0.00011065644090255916,0.05438771050475936,2.9347903950589744e-08,2023-06-21
5.356352845742525e-10,0.0029278493862989145,0.997071428409824,7.216682044558682e-07,2023-06-22
1.918444376401429e-11,0.007199415463490971,0.9928005730209298,1.149649385394159e-08,2023-06-23
0.9440626238921138,9.273925500673516e-05,0.055844621768134484,1.508475159545687e-08,2023-06-26
2.2424356773724758e-05,0.003966684805714636,0.99600869638273,2.194454793847789e-06,2023-06-27
0.1776126292064018,0.025384241018051003,0.7969996317250103,3.4980506042474895e-06,2023-06-28
2.2871558942018308e-14,0.043976000078631595,0.9560216234297988,2.3764915388869892e-06,2023-06-30
1.822834059098667e-09,0.008596210003562971,0.9914036738929184,1.1428065383108456e-07,2023-07-03
0.9538279379563536,0.0010995003225127357,0.04507256083153857,8.895154763188155e-10,2023-07-04
0.9419233648057275,0.00021305796931961164,0.057862916048639565,6.611762232359344e-07,2023-07-05
1.1117571298448442e-28,0.08387411194566267,0.9159386248251717,0.0001872632291316226,2023-07-06
0.004373157413599905,0.8749780920813023,0.12064549597577405,3.254529348280922e-06,2023-07-07
0.8148158983826101,0.008018846376859247,0.1771652174405392,3.7799944579305946e-08,2023-07-10
0.9249289060376005,0.000332332735596655,0.07473863450244644,1.2672431789590117e-07,2023-07-11
1.994209791976527e-27,0.015702194542875962,0.9842859483817205,1.1857075346465678e-05,2023-07-12
0.21631781813649964,0.05406297551593561,0.7296152107844499,3.995563204234164e-06,2023-07-13
0.16709417507357407,0.04528640888425577,0.7876123203195695,7.095722587530352e-06,2023-07-14
6.867678751842953e-08,0.03732522734012872,0.9626746250784626,7.89045428184271e-08,2023-07-17
0.9361342658784747,0.0006459106211039328,0.06321981341565457,1.008466922877223e-08,2023-07-18
0.9354333943838113,0.0037792103828471224,0.060782028572993606,5.366660411267799e-06,2023-07-19
2.1708418659639637e-18,0.7444361678784838,0.2551871362614725,0.00037669585998996414,2023-07-20
0.002858762224859457,0.6942662374200613,0.30282733774487386,4.766261024547702e-05,2023-07-21
1.8629125530438082e-06,0.03610087043931731,0.9638962649749585,1.001673275566741e-06,2023-07-24
0.5677173568576597,0.0016330030056394783,0.43064945420839806,1.8592820401946746e-07,2023-07-25
0.6003461120948201,0.013312940981905864,0.38631723244048327,2.371448276636047e-05,2023-07-26
2.613603718025447e-55,0.9396031538627357,0.0603944169345926,2.4292026075338266e-06,2023-07-27
0.9655726425540287,0.003929866586040659,0.030496080431503265,1.410428389480207e-06,2023-07-28
0.010109867709980873,0.036740941824897747,0.9531419333271434,7.25713801530296e-06,2023-07-31
0.030097395911918148,0.03129722659768047,0.9385198221770791,8.555531326617807e-05,2023-08-01
1.4620832957748892e-10,0.9986198921342917,0.0009961791606487326,0.000383928558820444,2023-08-02
0.0198383213882294,0.9798453866641597,0.0002546601201021243,6.1631827592564e-05,2023-08-03
0.02983486645374405,0.07188390073824344,0.8982809041495813,3.286583729903338e-07,2023-08-04
0.9187853510049881,0.0002566776131776972,0.08095794343757434,2.794435154118557e-08,2023-08-07
0.008291555342066471,0.003509906275083088,0.9881983618450371,1.765377655035559e-07,2023-08-08
0.9866908330478449,0.0020023373814205075,0.011306766943367621,6.262743064522688e-08,2023-08-09
0.012070413830042499,0.009070231709373133,0.9788455079569809,1.3846503668515028e-05,2023-08-10
1.729887017746536e-49,0.1907624294750783,0.8092092823235308,2.8288201294736594e-05,2023-08-11
0.9679316824181262,0.030771698865403818,0.0012953480260062455,1.2706904863882983e-06,2023-08-14
1.652569909203669e-06,0.009647707233010444,0.9903499697243543,6.704728209620598e-07,2023-08-16
3.0908463489269176e-09,0.006162428579229155,0.9938375426857047,2.5644200449605554e-08,2023-08-17
0.8406204895137734,0.0005557703971068684,0.1588237056163989,3.447273450590362e-08,2023-08-18
0.0003865686875222323,0.005287489187290117,0.9943259181751546,2.3949980722945462e-08,2023-08-21
0.9179186201906366,0.00039307883061188216,0.08168829438760135,6.5910683564455555e-09,2023-08-22
0.9409706747972841,0.000440012961289458,0.05858865351995622,6.587215320415404e-07,2023-08-23
4.7527408245359374e-30,0.1235661509582206,0.8764304554588611,3.39358292516457e-06,2023-08-24
0.3075583626805892,0.007885290791596855,0.6845562962601002,5.026773073154e-08,2023-08-25
0.9460114874529107,0.000419304953761274,0.053569204443152434,3.1502580715987186e-09,2023-08-28
0.7009795028044429,0.0006958270999713786,0.29832400776832246,6.623272303916304e-07,2023-08-29
1.108018579790129e-13,0.005890398372652699,0.9941005419621116,9.059665165409598e-06,2023-08-30
1.5543446431984954e-27,0.09254130700383383,0.9074154086994265,4.3284296803735995e-05,2023-08-31
2.0537163335328315e-92,0.5763343808382709,0.42366119600396007,4.423157860332585e-06,2023-09-01
0.938185342231546,0.0039008186182464474,0.05791382891059224,1.0239675476716864e-08,2023-09-04
0.959165693210569,0.0002482068519387061,0.040586086883455774,1.3053970081606275e-08,2023-09-05
0.968926679321188,0.0006519046084980506,0.030421204257501645,2.1181290510771397e-07,2023-09-06
1.6309417537094945e-20,0.03319257915653974,0.9668072637010551,1.5714233334441687e-07,2023-09-07
0.9059757307139381,0.0009175787253200664,0.09310664331603848,4.7244754129548446e-08,2023-09-08
1.7162208049866123e-20,0.006814076031034367,0.9931820099596762,3.914009276340411e-06,2023-09-11
2.554342647741792e-10,0.022967307418219313,0.977031910645495,7.816809564815719e-07,2023-09-12
0.0029539193616051076,0.011882176734774506,0.9851638888864817,1.5017120891894075e-08,2023-09-13
0.9479688668641649,0.0003647475377704624,0.051666383605396826,1.9926804725160924e-09,2023-09-14
0.7709696437769171,0.000943116665632181,0.2280872194943606,2.006312084669952e-08,2023-09-15
0.7999369658074503,0.0004976625160517992,0.19956408516869306,1.2865078716239128e-06,2023-09-18
1.0613084997260227e-05,0.03452180998413957,0.9654618769596495,5.69997124066957e-06,2023-09-20
5.041063486019642e-17,0.00972192180090705,0.9902766611435244,1.4170556119487533e-06,2023-09-21
0.0046540169923254375,0.006494173184861139,0.9888517865053453,2.331744773281921e-08,2023-09-22
0.9420024387715134,0.000850386471313749,0.0571471721097877,2.647446620545071e-09,2023-09-25
0.92955750035886,0.0007840950142307828,0.0696508580632163,7.546563665945618e-06,2023-09-26
0.41651836378520657,0.21566919167482118,0.367682973862717,0.00012947067718931913,2023-09-27
5.3536462102893e-165,0.9998776088964718,3.346161390715511e-05,8.89294897162366e-05,2023-09-28
0.9416650152211609,0.04155685422596332,0.01677567582968305,2.454723136868226e-06,2023-09-29
1.0610795298056054e-11,0.011140699929802272,0.9888587923363001,5.077232574362404e-07,2023-10-03
0.644765543207452,0.003289250874644962,0.35194519078029757,1.513764160063356e-08,2023-10-04
0.8599289035989137,0.0006993641880360874,0.13937171583733982,1.637582016803877e-08,2023-10-05
0.7414897388145741,0.0007210057368404205,0.25778912858171477,1.2686691104741504e-07,2023-10-06
0.16680484729717568,0.0024574521790366225,0.8307361482538267,1.552270065212409e-06,2023-10-09
1.789664118546309e-37,0.01318946490275469,0.9868093122878677,1.2228094337165316e-06,2023-10-10
0.06187291429453115,0.005020989928860263,0.9331060225518597,7.322483915361919e-08,2023-10-11
0.7890522263604753,0.000457700105491597,0.21048964541318235,4.2812089907616047e-07,2023-10-12
2.103836932380166e-06,0.016072876578693298,0.9839249936399838,2.5944287219053066e-08,2023-10-13
0.9175404035833735,0.0002661079958770184,0.08219347927424893,9.146409713177028e-09,2023-10-16
0.7473621442405148,0.0020777774624314944,0.25054752245165746,1.2555845444216733e-05,2023-10-17
5.012600736338359e-56,0.1891375477149469,0.8107762633492035,8.618893578988676e-05,2023-10-18
0.06550267984818188,0.07051999457662447,0.8639753475384013,1.9780368610885083e-06,2023-10-19
0.7760861210975323,0.009287441996959097,0.21457716550676798,4.927139879085696e-05,2023-10-20
1.2114431338609376e-134,0.9976502385173797,2.0557205720110937e-06,0.0023477057619531046,2023-10-23
9.951426978861693e-27,0.9992693366269676,2.3752085360604807e-05,0.0007069112877068199,2023-10-25
6.511620185743235e-85,0.9967211315804172,0.0020088897481531595,0.0012699786714152044,2023-10-26
1.6615245085192222e-33,0.5746570664314282,0.4245208428767303,0.0008220906917871509,2023-10-27
0.375030464957111,0.6217587467225457,0.003007115808521221,0.00020367251187836908,2023-10-30
1.5273878516191503e-71,0.59790646265941,0.40201458807035945,7.894927012190834e-05,2023-10-31
5.580358916395117e-07,0.041732272600364224,0.9582649720392973,2.1973244919999484e-06,2023-11-01
0.7702334378183933,0.004440208420856364,0.22532634454384065,9.216893199259903e-09,2023-11-02
0.9196077238906616,0.00025216444575449146,0.0801398552347835,2.564287249860329e-07,2023-11-03
3.88127078654971e-05,0.008353172945525199,0.9916079626052564,5.174139480266435e-08,2023-11-06
0.927981250098201,0.0002760210403904833,0.07174272850602627,3.5533481601676234e-10,2023-11-07
0.9583304737500974,9.972213646624484e-05,0.041569734370812586,6.974264589219954e-08,2023-11-08
7.469733923242245e-08,0.0035750964445515105,0.9964234517505778,1.3771075747231271e-06,2023-11-09
2.633046430261238e-05,0.0018476142226948754,0.9981259676269743,8.768608447244502e-08,2023-11-10
0.13764338093335457,0.0036840037389378345,0.8586662290715736,6.386256089883865e-06,2023-11-13
0.0867159213916125,0.1031134247179262,0.8100754134918953,9.524039858645894e-05,2023-11-15
0.6049893973035412,0.39470774006183756,0.000298767329468489,4.095305081152734e-06,2023-11-16
0.5939904082591095,0.01117900031997924,0.3948303918668614,1.995541527785269e-07,2023-11-17
0.5446607977551563,0.0016780975135033867,0.45366107985416365,2.487714607643052e-08,2023-11-20
0.926396932448243,0.0003870496057195808,0.07321601229338795,5.652680297579467e-09,2023-11-21
0.9488654651265102,0.00038782550264097144,0.050746707365247376,2.005660303774226e-09,2023-11-22
0.8930031950139836,0.0003761899681171728,0.10662061111930615,3.8986298097071805e-09,2023-11-23
0.9403024098385219,0.00026335927380643815,0.059434200261547596,3.062604481537386e-08,2023-11-24
0.7263907514023543,0.0010115382107835809,0.2725971481499624,5.622368708310688e-07,2023-11-28
2.6044800100695956e-33,0.026019162023642167,0.9739805641577001,2.738186019690964e-07,2023-11-29
0.961533549016123,0.000650888430373058,0.037815438472180725,1.2408125972290326e-07,2023-11-30
3.510262314574774e-08,0.040912491197023906,0.9589304298305881,0.00015704386969245653,2023-12-01
1.7522487716863594e-09,0.9747578486657171,0.02515534801817047,8.680156383049999e-05,2023-12-04
0.8078131210244166,0.08874164713321327,0.1034449923325284,2.395097367937629e-07,2023-12-05
0.9342795891130509,0.0006266605511577488,0.06509374189244552,8.44340367309028e-09,2023-12-06
0.8146740324193227,0.0006670922189873917,0.18465885553522626,1.9826441237208526e-08,2023-12-07
0.9549800369576761,0.0007426756069590376,0.04427728600618671,1.4292185868903304e-09,2023-12-08
0.9072816651386528,0.00017709864946721833,0.09254113041319482,1.0579858940531626e-07,2023-12-11
5.4494665916278826e-14,0.01293790015374558,0.9870610130956818,1.0867506286209645e-06,2023-12-12
0.9624904168048728,0.012221482920833134,0.025285655945914035,2.4443282911932165e-06,2023-12-13
4.2717909435489045e-05,0.12660225223399768,0.8730838998141732,0.00027113004234382253,2023-12-14
6.814863210669758e-27,0.8228244900205749,0.1771738594759156,1.6505036197536283e-06,2023-12-15
0.9395291977468029,0.003135288954202721,0.05733506124898939,4.5205007073366867e-07,2023-12-18
0.9703439749871299,0.011595896013042239,0.0180154929201133,4.463607963921811e-05,2023-12-19
5.552922135117364e-262,0.6999585273253486,1.228018237245926e-18,0.3000414726746566,2023-12-20
3.3029214350874143e-54,0.9996004869801819,0.0003694055102548838,3.0107509524656426e-05,2023-12-21
0.9547493101513008,0.006950334774972058,0.03829987440260345,4.806712157371668e-07,2023-12-22
0.01240994511478508,0.006041036984509697,0.9815451646110149,3.853289785737967e-06,2023-12-26
5.0315017193369716e-61,0.05936119461347297,0.940632646455552,6.158930875662413e-06,2023-12-27
0.030073011814145033,0.0075342612782613025,0.9623926894131528,3.749435082075145e-08,2023-12-28
0.8852142141660917,0.0003990945711611719,0.11438668504844221,6.214372856269114e-09,2023-12-29
0.9557878979013875,0.0009574018117929327,0.043254336356002884,3.639308501219829e-07,2024-01-01
0.32535322737129113,0.05217888652720294,0.6224495840406433,1.830206076695798e-05,2024-01-02
2.3428002907137818e-42,0.08454063817531669,0.9154526273079069,6.73451669043082e-06,2024-01-03
0.31518818857556974,0.007468903170638521,0.677342728871202,1.7938253118161308e-07,2024-01-04
0.9454328713629498,0.002501606658513523,0.052062304261296294,3.2177171464933466e-06,2024-01-05
5.892583580485523e-132,0.9970639863039736,0.0018405376793006766,0.0010954760166313284,2024-01-08
9.729197431944648e-05,0.48629000045717846,0.5135316584796947,8.10490889150251e-05,2024-01-09
0.26299784499748735,0.20302972991442417,0.533971805795837,6.192921776421584e-07,2024-01-10
0.9247674500982219,0.0019032607574072874,0.07332745878140254,1.8303629469292057e-06,2024-01-11
5.18117046288692e-09,0.2267823313076277,0.7731889587185393,2.8704792635174884e-05,2024-01-12
0.5637628449588754,0.04858656732936059,0.3876469690688976,3.618642818667211e-06,2024-01-15
0.828135398771427,0.015666086809075514,0.15618098920651802,1.7525212912128994e-05,2024-01-16
9.417423930873708e-15,0.9911507698698049,4.888481724382977e-08,0.008849181245444785,2024-01-17
0.03362220529698605,0.9662093708492591,6.82509168990425e-05,0.00010017293691709058,2024-01-18
0.8867163240752003,0.07026222277971368,0.03945345130792511,0.0035680018371473873,2024-01-19
0.0,0.04656819728571433,5.60966765706245e-29,0.9534318027142964,2024-01-23
4.0108458512938144e-111,0.9634220007732033,2.3327400357959642e-07,0.03657776595272383,2024-01-24
0.0005313235645159429,0.9560380463389886,0.04219824671947171,0.0012323833769506466,2024-01-25
2.1709856134768264e-254,0.9537312245273838,2.5511639013146078e-08,0.04626874996101942,2024-01-29
1.1501719642454812e-126,0.9976713843291701,3.140168083346055e-06,0.0023254755028114435,2024-01-30
1.0686393554359335e-100,0.9962597597325592,0.0028459131564254315,0.0008943271109890302,2024-01-31
0.035904540903728244,0.5853861942666152,0.3783037004024982,0.0004055644270966909,2024-02-01
4.309416735820597e-05,0.9982983079246206,1.725972285538692e-10,0.0016585977354351353,2024-02-02
3.2435414969392334e-18,0.8779602145798724,0.12170334569533763,0.00033643972475663286,2024-02-05
0.004859259230540532,0.7871763863982493,0.20771982938063863,0.00024452499048142375,2024-02-06
1.7319823183608062e-08,0.5398737614831459,0.4598357987645493,0.00029042243256520363,2024-02-07
1.1397311469866493e-178,0.9998789931158083,1.3058053399193071e-06,0.00011970107891234453,2024-02-08
0.9296304245958702,0.05842319450675208,0.011910756482771677,3.562441463440033e-05,2024-02-09
5.766670313759584e-44,0.8167754710100004,0.18278314063633902,0.00044138835356306134,2024-02-12
0.3673465850227667,0.6300515234136933,0.0023238632572566155,0.0002780283062196036,2024-02-13
3.0627899993441353e-94,0.9995020753777973,0.00047985842578741455,1.8066196515059477e-05,2024-02-14
0.9683858188453297,0.012997414639900617,0.018616699294965896,6.721978533406506e-08,2024-02-15
0.8733098996781263,0.0009042845693401214,0.12578577313115005,4.262132172477413e-08,2024-02-16
0.9608047424363764,0.0017649164945216277,0.037429641347926715,6.997212074781518e-07,2024-02-19
1.994588395699814e-05,0.05272041132778828,0.9472084333699098,5.1209418383106e-05,2024-02-20
2.2249163507282252e-57,0.8807269884643707,0.11896444914764907,0.0003085623879617052,2024-02-21
5.8316861681971e-05,0.9995146852798856,4.762730413948489e-13,0.0004269978580370519,2024-02-22
2.862654943112695e-07,0.04979456518213479,0.9501996778771273,5.470675266975853e-06,2024-02-23
0.4362762826378628,0.0028955821787613476,0.5608256218751085,2.5133081551007505e-06,2024-02-26
1.0196200073017577e-22,0.07914107781558959,0.9206461644230503,0.00021275776130346606,2024-02-27
1.4949718950305632e-142,0.9997654695355721,9.243749425797836e-05,0.00014209297014978778,2024-02-28
0.8493605036333604,0.14797847788946425,0.0025872132112574222,7.38052658804556e-05,2024-02-29
4.964794207691429e-258,0.9998936193866821,2.659655328151622e-06,0.00010372095790423254,2024-03-01
0.976889691174273,0.0016974980110295065,0.021411928536953267,8.822777284938352e-07,2024-03-04
0.9001244335848729,0.007889444818785934,0.09197455651788418,1.1565078451029385e-05,2024-03-05
5.952599820896802e-07,0.9357436610149796,0.06425223038702534,3.5133380044310175e-06,2024-03-06
0.9689431808157385,0.005981661444527708,0.02505218341455243,2.297432526837218e-05,2024-03-07
2.513121016926633e-70,0.6495384229116345,0.35011030332036136,0.0003512737680172507,2024-03-11
0.7949576031483542,0.19771576882784592,0.006509458979267559,0.0008171690445138712,2024-03-12
1.5e-323,0.4892037006088117,6.292758724419038e-21,0.5107962993910911,2024-03-13
8.062120208275435e-14,0.9986129520324499,0.000559685605260119,0.0008273623621594135,2024-03-14
0.733007852911232,0.18847910532544873,0.0785086910962656,4.3506671234968085e-06,2024-03-15
0.982319435305844,0.009376298994321157,0.008301346277580352,2.919422206116105e-06,2024-03-18
7.708007852068448e-23,0.09787574509732484,0.9020424104078615,8.184449483136729e-05,2024-03-19
0.8615810529726587,0.13263183414417942,0.00577626186784017,1.0851015309093741e-05,2024-03-20
0.7473519666317718,0.06912733198537514,0.18342648352516133,9.42178576593007e-05,2024-03-21
9.542153887641594e-11,0.9893906219000855,0.010584456255823833,2.4921748673367033e-05,2024-03-22
0.19883984335356347,0.03155913245532753,0.7695728298244608,2.8194366629966585e-05,2024-03-26
0.040492480690120645,0.04872589927949505,0.9107355684751101,4.6051555242984826e-05,2024-03-27
3.256060408055478e-08,0.9999921051537656,5.781227693365743e-08,7.804473424765206e-06,2024-03-28
0.9370899987796636,0.0059585878747646405,0.05695136700387086,4.6341746940896676e-08,2024-04-01
0.9301182014307858,0.00031842685106677875,0.06956331299683025,5.8721330144488627e-08,2024-04-02
0.9540615492910375,0.008542300493426642,0.03738882705859562,7.323156832166306e-06,2024-04-03
0.05844531903700871,0.941552408398862,1.7987393218785767e-07,2.0926902022222853e-06,2024-04-04
0.9601390712093287,0.0008644598930628226,0.03899632871633262,1.401812753061027e-07,2024-04-05
6.62051451031392e-06,0.003135326224650641,0.9968571520285805,9.012323086288806e-07,2024-04-08
2.0265759546682233e-24,0.010565751271777623,0.989434179957731,6.87706012046704e-08,2024-04-09
0.839906923403343,0.0007822529493018277,0.1593099535120946,8.701352632710763e-07,2024-04-10
2.534697105538054e-31,0.10446189405481807,0.8955043789776861,3.3726967489411775e-05,2024-04-12
0.0005610825844283056,0.04758385200802949,0.9518428191615395,1.2246245939169582e-05,2024-04-15
0.5183983229128396,0.029433375727173968,0.4521324536215791,3.584773850551314e-05,2024-04-16
2.4977932841048975e-32,0.9987007005401753,5.362045129251599e-07,0.0012987632553080584,2024-04-18
5.342008512766527e-81,0.9988456428301367,2.7189982090885e-08,0.0011543299798987107,2024-04-19
0.641265308639815,0.28110758468487806,0.07759125803910057,3.584863620612344e-05,2024-04-22
3.0891108404223055e-12,0.05332234475150458,0.9466731426715503,4.512573829822057e-06,2024-04-23
0.9452898755176508,0.0018441129447479521,0.05286064347233514,5.368065379431715e-06,2024-04-24
1.1777201570027106e-94,0.9954547888421704,0.003058443886738851,0.0014867672711308209,2024-04-25
4.860718214079438e-85,0.980180729005223,0.019083505652112236,0.0007357653425928697,2024-04-26
4.83731636114882e-43,0.5230455668671957,0.47692416618621675,3.0266946557455692e-05,2024-04-29
0.9391810796108309,0.02988995791872213,0.030924639324427496,4.323145923644115e-06,2024-04-30
0.0009937078398881383,0.03666623812162503,0.9622759327921091,6.412124642104505e-05,2024-05-02
1.4500206592593437e-67,0.9984373122314355,3.337399713707298e-10,0.0015626874348418315,2024-05-03
1.9157102056614796e-13,0.35443721870486083,0.6452644363904312,0.000298344904409032,2024-05-06
7.993852810708582e-38,0.6908808919240573,0.30907320430226043,4.5903773634828424e-05,2024-05-07
0.8010438651414452,0.12850983853789905,0.070372835522774,7.346079797325039e-05,2024-05-08
1.2388251811260664e-90,0.9994168644360067,5.945919524485286e-07,0.0005825409719695504,2024-05-09
0.810359462697948,0.16562220618653578,0.02391928622618219,9.904488942169089e-05,2024-05-10
0.06085423691685731,0.9387733504109096,1.9578100120821716e-07,0.0003722168911765896,2024-05-13
3.3171996786741816e-05,0.234509425060788,0.7654477621674647,9.640774991062335e-06,2024-05-14
0.7851947669672658,0.02227964652968957,0.19250432385083316,2.1262652103734937e-05,2024-05-15
7.562619073945496e-08,0.9999465963659813,4.119487192797898e-15,5.3328007787931956e-05,2024-05-16
0.966440112760183,0.0031181829377151886,0.030441217571201735,4.867308343124089e-07,2024-05-17
2.589442291249976e-14,0.010980624929143729,0.9890190638500197,3.1122083966776634e-07,2024-05-21
0.9508128121319064,0.004547278880745991,0.04463748871212173,2.4202753175900674e-06,2024-05-22
9.089657437829054e-226,0.9997501465476808,1.0207632960626163e-07,0.00024975137598695374,2024-05-23
0.9600168654434269,0.0038383552989839508,0.036133701659097676,1.1077598486185697e-05,2024-05-24
0.26190418050823033,0.17728303908178028,0.5608074498275747,5.330582327863457e-06,2024-05-27
3.979703436052808e-07,0.009785503632123044,0.9902061740720621,7.924325554561578e-06,2024-05-28
0.011564913652547155,0.04534787641483513,0.9430309250434966,5.628488906085964e-05,2024-05-29
9.505206479316554e-06,0.9960469202009224,0.003910731976947972,3.284261556450014e-05,2024-05-30
0.9136067592882263,0.08217590864034857,0.003933738979774799,0.0002835930915459086,2024-05-31
6.115848345328405e-27,0.5919052180483858,1.9374575413027705e-11,0.4080947819322399,2024-06-03
0.0,8.003973687374319e-109,0.0,1.0,2024-06-04
3.401482430555205e-154,1.2728185789071912e-19,7.265757407839027e-111,1.0,2024-06-05
2.1857875348167874e-23,0.9525928940378079,6.2028270983110706e-09,0.047407099759312676,2024-06-06
0.0,0.7603545391959471,1.6961560967743764e-17,0.23964546080412588,2024-06-07
0.7231484467156042,0.24373739061273408,0.03307983690804811,3.432576351458536e-05,2024-06-10
0.9700286909319945,0.005060978819971126,0.024910322596108158,7.651896540348427e-09,2024-06-11
0.949927733732384,0.0002471807730538392,0.049825059469026635,2.6025487545859162e-08,2024-06-12
4.579736619022566e-06,0.00408763935836663,0.9959076865607783,9.43441749828014e-08,2024-06-13
0.9464146545354467,0.0009734648888982887,0.05261187680597312,3.76975820836659e-09,2024-06-14
0.9454710338236664,0.001084832649014339,0.05343489517195068,9.238355411354154e-06,2024-06-18
0.12396846167779639,0.4533468428344931,0.4226781533493471,6.542138304595378e-06,2024-06-19
0.962992334804277,0.014582302363951858,0.022417606585047573,7.756246748896751e-06,2024-06-20
3.160464964548729e-13,0.25495532908702756,0.7450250944919891,1.9576420683749118e-05,2024-06-21
1.9041553321847674e-28,0.04226959324818247,0.9577230526787411,7.354073093633288e-06,2024-06-24
4.1557842300497744e-26,0.026549929433387496,0.9734357007968686,1.4369769794588155e-05,2024-06-25
1.9003710805761284e-16,0.13323422675921523,0.8667231898119568,4.258342893643792e-05,2024-06-26
4.600206266417244e-11,0.7502195549408677,0.24977415318566645,6.291827517431875e-06,2024-06-27
0.7264036470058592,0.02268226038714964,0.2509100490099033,4.043597009357964e-06,2024-06-28
6.556679038789474e-44,0.026430255365224073,0.9735622943835934,7.450251149985476e-06,2024-07-01
4.556182164744412e-06,0.006924564217799377,0.993070859807974,1.9792005453362018e-08,2024-07-02
0.8293804302884736,0.0005153763754109176,0.17010415514330685,3.819271582586838e-08,2024-07-03
0.010374599292710304,0.0016267385314203274,0.9879978219916545,8.401841937986213e-07,2024-07-04
1.815631509645966e-05,0.008333392067140764,0.9916484469105866,4.707118782263009e-09,2024-07-05
0.9317968102839523,0.00017073449093853033,0.06803228923160082,1.6599353441118836e-07,2024-07-08
1.6166104319251708e-08,0.04918173473686906,0.9504985624253744,0.00031968667159178415,2024-07-09
0.01585979894497713,0.9830876260408002,0.0009984270080332462,5.41480062490662e-05,2024-07-10
0.785346494791769,0.17497642278835185,0.039586306393939584,9.077602605015694e-05,2024-07-11
0.09794997136202462,0.7710669572798357,0.13098197643939483,1.0949188259547564e-06,2024-07-12
0.9631304315028242,0.0016890263477791082,0.0351804876205667,5.452883893558415e-08,2024-07-15
0.9662512978640919,0.001414239720431822,0.03231452802046939,1.9934395017293553e-05,2024-07-16
8.801005070516474e-74,0.9866516154800167,0.012197578505729376,0.0011508060143331329,2024-07-18
1.5530056807958522e-251,0.9982607107602633,1.4230795141680176e-09,0.0017392878165722978,2024-07-19
0.7843336205233369,0.21299668238382397,0.0024666124821176986,0.00020308461063540145,2024-07-22
8.49238147714859e-14,0.93638593313132,5.412905684004585e-26,0.06361406686859988,2024-07-23
0.8481805983542405,0.12702047484121134,0.024140700232822457,0.0006582265717467154,2024-07-24
6.190302998975601e-45,0.3712640593020886,0.6274889413590964,0.0012469993388459976,2024-07-25
0.0,0.9263460662410087,3.4893530146147753e-10,0.07365393341004464,2024-07-26
0.049057363028880877,0.4572516592790657,0.49368848565576984,2.4920362512705245e-06,2024-07-29
0.9653887766243889,0.0016783959541315505,0.03293275693521423,7.048634519168245e-08,2024-07-30
0.14442770823298276,0.003383553496091877,0.8521887114039367,2.6867085984256052e-08,2024-07-31
0.9375857826275394,0.00029058804806023796,0.06212330218670142,3.2713766716368923e-07,2024-08-01
7.186821915959589e-05,0.11516063812401581,0.8838104293199222,0.0009570643369777804,2024-08-02
8.867903080823503e-45,0.9492201145234964,2.447902201538316e-14,0.0507798854765372,2024-08-05
5.402693294396412e-12,0.9946111239330968,1.8355460123362306e-11,0.005388876043209896,2024-08-06
0.01913858675944877,0.8266933372625399,0.15289180960917856,0.0012762663687714195,2024-08-07
1.6004538176837763e-06,0.8158306121528444,0.18402324303163314,0.00014454436181743038,2024-08-08
0.32681050171192316,0.2662839773283439,0.4060543335791534,0.0008511873806607919,2024-08-09
0.4222148052340378,0.5760790291487464,0.0014314222404034538,0.00027474337670482514,2024-08-12
1.7671651098110408e-71,0.8411313208283802,0.15880641418993824,6.226498172926196e-05,2024-08-13
0.8457391455964213,0.03624475099890408,0.11781749765647884,0.00019860574817599503,2024-08-14
6.5682377333039814e-21,0.9998310077061551,2.2524955275292276e-05,0.00014646733866591514,2024-08-16
0.09034064811855194,0.038690453444120546,0.8709677468422786,1.1515950077172392e-06,2024-08-19
0.6742851506363475,0.0008327352717574349,0.32488205620523525,5.788655376138344e-08,2024-08-20
3.9328546023710294e-07,0.0020226347201481158,0.9979763665767993,6.05417652862875e-07,2024-08-21
0.03910568242489693,0.00627085256895454,0.9546234212214445,4.3784603503414624e-08,2024-08-22
0.9343745139950652,0.00012614830273392826,0.06549927976549698,5.793680726151947e-08,2024-08-23
1.7759051095095085e-07,0.007470243909083628,0.9925295565788412,2.1921599053400064e-08,2024-08-26
0.9428355023368558,0.00020617847900594483,0.0569583179734716,1.210766859506353e-09,2024-08-27
0.9534859176275446,0.0003078776826494136,0.04620615461903286,5.007081825602753e-08,2024-08-28
3.7778109100721823e-07,0.008619919023668876,0.991379690606138,1.2589055021228305e-08,2024-08-29
0.9548539989824724,0.0001722189887270795,0.044973714607561985,6.742124954078761e-08,2024-08-30
0.12959687427107527,0.00396093875800446,0.8664420780337849,1.089370388998687e-07,2024-09-02
0.8607287340738994,0.00031545707347488037,0.13895549124065784,3.176119538208032e-07,2024-09-03
3.2180842755043537e-19,0.013412341693702786,0.9865501872414695,3.747106489856054e-05,2024-09-04
8.661556489790022e-12,0.04107814612717169,0.9588625190622565,5.933480194695161e-05,2024-09-05
5.205187831822103e-44,0.998094377948153,0.001799866119712787,0.00010575593210692109,2024-09-06
0.00021041424298158374,0.21263622003109386,0.7871284115331566,2.4954192751064017e-05,2024-09-09
0.9271580640782875,0.06531842155094093,0.007501432638409246,2.208173232138025e-05,2024-09-10
0.0001483113106477636,0.3046089372961332,0.6950139440189207,0.0002288073743537084,2024-09-11
7.041684102660321e-72,0.9978938961637738,9.216536807055074e-11,0.0021061037440628433,2024-09-12
0.03751369154692822,0.04691338728333926,0.9155725955260344,3.256436463285164e-07,2024-09-13
0.9387451755926399,0.00027398976194505277,0.060980833524591264,1.120802042517574e-09,2024-09-16
0.9572456810408715,0.0002036812859448694,0.04255060124741921,3.642586656544212e-08,2024-09-17
0.9476224592933395,0.003129992859424153,0.04924709704396055,4.5080323803942666e-07,2024-09-18
0.9630942039991662,0.027642637370513003,0.009246730589918891,1.6428040305395827e-05,2024-09-19
5.484753160729512e-37,0.9995290267550683,1.9116604558586204e-06,0.0004690615844883389,2024-09-20
0.006719994603185918,0.0801884614666073,0.9130909558370317,5.88093260476025e-07,2024-09-23
0.930657701633043,0.00016729294072539348,0.06917498234740257,2.3078820697335153e-08,2024-09-24
1.4889989556862482e-07,0.0038124319886599853,0.9961827941542313,4.624957263716655e-06,2024-09-25
1.1065051611634134e-61,0.07575776946096026,0.924227437163551,1.4793375382990524e-05,2024-09-26
0.02195295209796757,0.040001515248114516,0.9379362602612764,0.00010927239254418763,2024-09-27
5.004496636292148e-65,0.9899305700058828,0.010050063045179294,1.936694894598656e-05,2024-09-30
0.9432930283437427,0.03242640603180808,0.024229698497190595,5.086712724973548e-05,2024-10-01
1.077483681357652e-25,0.9629153538776112,3.0270395280000325e-09,0.03708464309539304,2024-10-03
8.503437153818325e-12,0.7983967386448271,1.4838900736539331e-22,0.20160326134659162,2024-10-04
3.1113326069066063e-56,0.9893929710285881,9.773470449572758e-10,0.010607027993951601,2024-10-07
1.0377931216440843e-18,0.9591623980707059,0.04071455244189608,0.0001230494873963523,2024-10-08
0.7917659027323778,0.20786176329881947,0.00036922512581519164,3.1088429261889983e-06,2024-10-09
0.42836736950723775,0.007254073734182061,0.5643785382301704,1.852848358405312e-08,2024-10-10
0.9009361869931148,0.0001551169868448315,0.09890866127592321,3.474410866912475e-08,2024-10-11
1.042608773795475e-12,0.003355771092951045,0.9966424555249347,1.7733810066002096e-06,2024-10-14
3.332663304760903e-11,0.00958205473624034,0.9904174893335024,4.5589698535791247e-07,2024-10-15
0.8711428367242977,0.018293631383550668,0.11055479483915433,8.737052884820752e-06,2024-10-16
1.1421953085121137e-177,0.9952483808637843,5.066281805370337e-06,0.004746552854302048,2024-10-17
5.007170400047664e-16,0.9989570797985187,0.0005732902509628191,0.00046962995047744756,2024-10-18
5.470495072056226e-15,0.9956352677159352,0.003968021445847922,0.00039671083816666703,2024-10-21
3.2245078384393914e-123,0.9998812040680867,1.3937346325536363e-08,0.00011878199463803018,2024-10-22
0.9575893909425018,0.0368062469609465,0.005603879403944918,4.826925606024198e-07,2024-10-23
0.9149826612785509,0.00428442632994653,0.08072367632506147,9.236066357343675e-06,2024-10-24
9.623533964876193e-41,0.9988535879270868,7.042147610037205e-05,0.0010759905968062637,2024-10-25
8.561183114727837e-05,0.997997874790313,4.3375157602912664e-11,0.001916513335072596,2024-10-28
0.008789220430812272,0.9911610027848915,3.6398886210939777e-07,4.9412795502202536e-05,2024-10-29
0.8252548352978041,0.05125567705075288,0.12347789547820624,1.1592173135173002e-05,2024-10-30
2.2380120591307594e-23,0.03286531442070376,0.9671340436037659,6.419756312406745e-07,2024-10-31
0.9452762746805676,0.002299580796287657,0.05241322303098712,1.092149210781954e-05,2024-11-01
4.166247873966794e-71,0.9678736853717435,9.925554966905193e-14,0.03212631462811324,2024-11-04
1.5970235031585724e-99,0.9969885112120194,3.437111967806427e-06,0.003008051676001939,2024-11-05
5.499122919102203e-12,0.9990532584793891,2.5215108579405117e-06,0.0009442200042950122,2024-11-06
7.79935513570727e-182,0.9994587817294077,4.837581933393678e-07,0.0005407345124045161,2024-11-07
0.836957543305981,0.15147542492557356,0.011474579010029318,9.245275835402415e-05,2024-11-08
0.0038005941731745338,0.9946818827658014,4.59993946516367e-08,0.0015174770615703917,2024-11-11
3.389744942946846e-211,0.9954983248128789,6.524784132857452e-10,0.0045016745346407394,2024-11-12
2.1561798617078622e-79,0.9998092432453046,6.395639406216515e-06,0.00018436111533848916,2024-11-13
0.8649489702911299,0.12126827515240829,0.013705061973986112,7.769258257943348e-05,2024-11-14
2.656943383663196e-12,0.7262497629107725,0.27337026773517,0.0003799693513219621,2024-11-18
0.0008919135949799836,0.9980961415660953,2.8783188430875417e-08,0.0010119160556648036,2024-11-19
5.5729543563189344e-11,0.9740987657744147,0.017695361940369775,0.008205872229515281,2024-11-21
0.0,0.006696319704974419,6.868631755846865e-23,0.9933036802950727,2024-11-22
3.281661328952466e-05,0.9964822597490647,0.00024928047485293746,0.0032356431628438663,2024-11-25
8.554303945122202e-19,0.24492682923816628,0.7550489085215698,2.4262240355439618e-05,2024-11-26
0.9291407990881569,0.048619340974167216,0.022215312743487956,2.4547194176467505e-05,2024-11-27
3.654458043999631e-165,0.9856073961665123,2.8153316428394544e-11,0.014392603805253673,2024-11-28
9.462498272749519e-55,0.9654312952315262,0.033518499954745644,0.0010502048136308932,2024-11-29
0.00341692451093084,0.9948542590706235,0.0015248567102219906,0.00020395970824410817,2024-12-02
0.18672612508444417,0.42496855326729094,0.38826008002806855,4.5241620251721026e-05,2024-12-03
0.9016277140174052,0.08601852868483603,0.012230605855497552,0.00012315144217126442,2024-12-04
6.975377860806643e-14,0.8657578496349003,3.6687896679015157e-31,0.13424215036509982,2024-12-05
0.7144303958557554,0.10977089814810496,0.1757811740402225,1.753195587400271e-05,2024-12-06
0.8772627915139818,0.0008952935273357629,0.1218419006662056,1.4292549249709433e-08,2024-12-09
0.943518165881947,0.0006364817721749772,0.05584535091910252,1.4268198498901494e-09,2024-12-10
0.9414545233704849,0.00022235301742915323,0.058322923199121024,2.0041297564255347e-07,2024-12-11
0.6851406562957756,0.020103242393091626,0.294072482116739,0.000683619194350523,2024-12-12
2.304890277184085e-17,0.044632458252586146,1.6921305747490778e-33,0.9553675417474846,2024-12-13
0.001318827536156919,0.9448871681363981,0.03899518698086107,0.014798817346547527,2024-12-16
2.6144261794528953e-84,0.9985634235153323,0.00027285686431481485,0.0011637196203942153,2024-12-17
0.10333190662662405,0.7862374552148298,0.11017976838170034,0.0002508697768031396,2024-12-18
5.525312933995418e-06,0.4273607804975129,0.5693453967018605,0.0032882974877616227,2024-12-19
5.154664263754319e-144,0.9670454897303387,2.4986576531685792e-15,0.03295451026969377,2024-12-20
0.4034927212726734,0.5907531555434571,0.005748459915839617,5.663267928649098e-06,2024-12-23
0.9671909007354738,0.006183760459317623,0.0266252188041113,1.2000118350489145e-07,2024-12-24
0.9785896028993651,0.004216072412162957,0.017194266152183453,5.853630692948391e-08,2024-12-26
0.9490930101668007,0.0029056284399255,0.04799599297922105,5.368414102063119e-06,2024-12-27
2.6484052770648047e-07,0.9978066237167645,0.0020157301389204406,0.0001773813038729773,2024-12-30
0.7731852058384016,0.22039323402485547,0.006330778662213583,9.07814746260958e-05,2024-12-31
0.3485646769231715,0.643321629432927,0.006791837037567136,0.0013218566062613048,2025-01-01
4.006762964993425e-274,0.7771773725360359,2.0838816030126798e-11,0.22282262744309014,2025-01-02
5.71697653641928e-75,0.987744758242471,0.003454056173350084,0.008801185584232627,2025-01-03
1.6453942356712837e-275,0.9982636373042045,1.4549251138469434e-17,0.0017363626957547392,2025-01-06
0.9672289396857362,0.011203464437766042,0.02155250069363206,1.5095182814488234e-05,2025-01-07
0.8872209616519378,0.11126127867128187,0.0014556965115791372,6.206316524000774e-05,2025-01-08
1.7390648013797727e-35,0.34505400397775055,0.6542024357994046,0.000743560222752811,2025-01-09
0.00077816066029182,0.8934623251944591,0.10549114688553189,0.00026836725967938486,2025-01-10
5.8778158260106e-08,0.9998712305231053,0.0001227614570351393,5.949241680240734e-06,2025-01-13
0.967204304123001,0.0036655127157043683,0.029130172784088155,1.0377294960917406e-08,2025-01-14
0.944780788808543,0.00022017987698393969,0.05499901085708223,2.0457376468204665e-08,2025-01-15
0.01611777158525416,0.00358343474131445,0.9802958044695373,2.9892040072544275e-06,2025-01-16
0.44996363708271186,0.03161554403287616,0.5184143123951217,6.506489218973124e-06,2025-01-17
0.8196229679890213,0.17140573701382583,0.008892996258805656,7.829873842345155e-05,2025-01-20
0.0,0.9981537808417665,3.658738609492315e-14,0.0018462191580971734,2025-01-21
0.9445540292753893,0.036807585337217945,0.018628096876902693,1.0288510545607781e-05,2025-01-22
0.6056390749795801,0.05065786185704337,0.34366187128544723,4.1191878037189735e-05,2025-01-23
0.082338237925134,0.9169596073003752,6.335338368628821e-05,0.0006388013908176639,2025-01-24
2.6063640240366955e-08,0.9311134274143756,0.06801090236491802,0.0008756441569915938,2025-01-27
0.011382148015403977,0.9883460461692464,5.260413307851542e-06,0.0002665454021194735,2025-01-28
1.2630016625836513e-15,0.3552864983482071,0.6446098183204606,0.00010368333122315378,2025-01-29
0.42464334484956434,0.17862631712882615,0.39662792800063223,0.00010241002087945092,2025-01-30
1.7519610595544145e-62,0.8682408457756381,0.1308706471626921,0.0008885070617216093,2025-01-31
0.008361197476216343,0.9914477945450435,3.4053137876841126e-07,0.00019066744741398455,2025-02-01
0.6545687056120327,0.1941082739856529,0.1510745590350208,0.0002484613671865514,2025-02-03
3.421907724579032e-43,0.9980197979254528,0.001475807175247214,0.0005043948993294779,2025-02-04
8.68512645463039e-21,0.20080065423910698,0.7986445740515948,0.0005547717093464577,2025-02-05
7.713432818238989e-29,0.15224553259079882,0.847697216185953,5.725122324997313e-05,2025-02-06
0.7753518031063514,0.21613858082034282,0.008445206790894657,6.440928233239874e-05,2025-02-07
4.808480998467067e-21,0.7353073344268841,0.264175406700898,0.0005172588722652256,2025-02-10
1.8832352671553136e-136,0.9971212896708365,1.3238529825106074e-08,0.0028786970905456074,2025-02-11
4.040429855872037e-07,0.9975851225691459,3.476894732106705e-12,0.0024144733844159434,2025-02-12
0.19385178485200935,0.8054792808955408,0.00023649125438449074,0.00043244299810782426,2025-02-13
7.477857913748453e-08,0.9988661842780375,1.0877706380636963e-07,0.0011336321664033044,2025-02-14
1.3956655701796078e-11,0.7992124091606398,0.20077572972274396,1.1861102624448423e-05,2025-02-17
0.9518452487419818,0.03138639477518253,0.0167669381772998,1.4183055594837289e-06,2025-02-18
0.9698483020140036,0.014348284799860108,0.01580177634006655,1.6368460440645897e-06,2025-02-19
6.258777306608245e-17,0.01911156821724203,0.9808756952469757,1.2736535826780555e-05,2025-02-20
0.7918037014274112,0.012390663417377355,0.1958048098781868,8.252769807095089e-07,2025-02-21
0.0014244104300912537,0.015260062441478543,0.9833153975522302,1.2957618585183105e-07,2025-02-24
0.9018154634277391,0.00034168755389136894,0.09784284254899689,6.469363876856712e-09,2025-02-25
0.930690277344728,0.0018291199746788295,0.06747311068715402,7.491993498006501e-06,2025-02-27
1.817287941569734e-247,0.9959820393663222,3.3208863762395944e-10,0.004017960301667467,2025-02-28
0.7377384636857096,0.26202354753468365,0.0001531217487005376,8.486703080789149e-05,2025-03-03
4.854443019304e-19,0.18333024561749334,0.8161956459491894,0.00047410843340313396,2025-03-04
4.1427707780897095e-115,0.9981343835950439,0.0004939019961590636,0.0013717144088237021,2025-03-05
5.5955358891258924e-05,0.9999292928104182,2.2330319239493e-09,1.4749597696539562e-05,2025-03-06
0.9760529750202713,0.008991603752763845,0.014952907336126562,2.513890849047395e-06,2025-03-07
0.9071933383812405,0.08770857118831361,0.005078491781804908,1.9598648588520034e-05,2025-03-10
1.5019013940909913e-27,0.054068207793123414,0.9459240113633699,7.780843618704587e-06,2025-03-11
0.9582864480505006,0.04041849464472692,0.0012890817208164218,5.975583875576302e-06,2025-03-12
2.7375574192872027e-36,0.07611595201906368,0.9237808324886091,0.00010321549236258005,2025-03-13
1.680519664430477e-24,0.22489759876789817,0.7750290806619715,7.332057011086101e-05,2025-03-17
1.1616194746284492e-26,0.7301463702072895,0.2698468224548673,6.807337733916804e-06,2025-03-18
0.9527871116564359,0.01134681667969951,0.03585008031140061,1.5991352374230482e-05,2025-03-19
3.912840681512609e-18,0.7566104653977609,0.24269964779150272,0.0006898868107146608,2025-03-20
1.714734008707415e-27,0.935416315529997,0.06416536264010177,0.00041832182994394233,2025-03-21
1.754342223844477e-09,0.9980461359951558,0.0015469650447841714,0.00040689720572462075,2025-03-24
0.43718809236920453,0.5623979156271318,0.00015995304811753608,0.000254038955579553,2025-03-25
1.6714418015058823e-57,0.868005782858088,0.13165874259238167,0.00033547454954502797,2025-03-26
2.66058352430703e-20,0.4547005131543178,0.5451766573684607,0.00012282947724917155,2025-03-27
0.40208662598967915,0.29740268179595997,0.3003371500207122,0.000173542193556473,2025-03-28
5.975695045222057e-14,0.9970093929417719,5.049175200884163e-13,0.002990607057726344,2025-04-01
1.9642663407825642e-22,0.13005958364587605,0.8698748971891694,6.551916499402504e-05,2025-04-02
7.798279142799131e-08,0.07830703164720816,0.9215703967757746,0.00012249359415161156,2025-04-03
9.851395405704666e-135,0.9839163950072483,5.862691660738358e-07,0.016083018723632346,2025-04-04
6.818650593240449e-271,0.1712010304546903,6.22926298469053e-24,0.8287989695452583,2025-04-07
5.09465647327248e-17,0.483071185335609,5.0922999688291255e-24,0.5169288146644303,2025-04-08
0.0020412596225904828,0.634402187556313,0.3331069662314925,0.030449586589688646,2025-04-09
2.268345819655232e-17,0.9850898232791783,0.012800866728013179,0.0021093099928685233,2025-04-11
9.021384469698449e-10,0.9886023103822436,0.008408778795942203,0.0029889099196541125,2025-04-15
0.0088282452606649,0.6936990753253496,0.2903565999385386,0.0071160794755186114,2025-04-16
1.946264409547824e-242,0.19017741466697008,2.5608947510197732e-18,0.8098225853330294,2025-04-17
4.9897402779586905e-20,0.9973357585373109,0.0025223902888112408,0.00014185117383596558,2025-04-21
0.9674203407923905,0.016577235982022438,0.015991665981088983,1.0757244428679903e-05,2025-04-22
0.7151075251428575,0.2719071818285102,0.012976239992886116,9.053035768036688e-06,2025-04-23
0.829656541634917,0.01628357772429868,0.15394552885510643,0.00011435178566301062,2025-04-24
1.3725116079520677e-20,0.8591194909239855,2.673935851469442e-19,0.14088050907604638,2025-04-25
1.857346211412411e-116,0.9964670791801493,0.003492854217081207,4.0066602723963985e-05,2025-04-28
0.9756942145580508,0.004847309529037833,0.019457648562720108,8.2735013026229e-07,2025-04-29
0.9412765282897405,0.029815309519439486,0.028883959156845832,2.4203034031163387e-05,2025-04-30
0.001810187581337445,0.9981806355016184,1.092572981357165e-08,9.165991401484847e-06,2025-05-02
0.9201973201279113,0.003097962986021751,0.07670329859503343,1.4182909278107516e-06,2025-05-05
1.199280645529171e-13,0.0159376517250301,0.9840411712729491,2.1177001991007223e-05,2025-05-06
7.322021737591896e-43,0.2519686195914772,0.747927744536557,0.00010363587191886032,2025-05-07
3.2564584009628544e-09,0.9859294865227318,0.013729025980632114,0.000341484240065014,2025-05-08
0.0007569459712523717,0.9768370160186636,0.007304335006951413,0.015101703003201232,2025-05-09
0.0,0.00015613403379528395,1.3195982415665094e-24,0.9998438659661156,2025-05-12
4.8908098191050574e-73,0.9882183497634314,3.868961881548868e-10,0.011781649849584436,2025-05-13
0.7163908896577882,0.2814072884663419,0.0015162677161641273,0.0006855541596881879,2025-05-14
1.277987623398492e-56,0.8235715843981679,1.6427069191757194e-25,0.1764284156018652,2025-05-15
0.7026071089500853,0.13098380585692693,0.16533692353338383,0.0010721616595218263,2025-05-16
0.4295498142516462,0.03410161421948613,0.5362493637518757,9.920777709031983e-05,2025-05-19
3.235484500369954e-219,0.9969499909715075,1.9458515536494454e-07,0.003049814443393026,2025-05-20
0.31995107892436725,0.6794047291332006,0.0003019398008935421,0.0003422521415107832,2025-05-21
0.00016908246508758355,0.9755532394126706,0.023686539402637177,0.0005911387195297496,2025-05-22
8.350857417902696e-43,0.9251538280185526,0.07450204720545603,0.00034412477610301504,2025-05-23
0.14243245137919722,0.4714605262167674,0.3856989916505425,0.00040803075360667135,2025-05-26
0.0037236839921630472,0.9961892314505877,4.248201653501204e-06,8.283635551172082e-05,2025-05-27
4.678026338177099e-05,0.06569925682313016,0.9342411185020187,1.284441143556393e-05,2025-05-28
0.9673014249211949,0.010883222545293005,0.021815156951024782,1.955824129777274e-07,2025-05-29
0.28378604211673847,0.004452650669044024,0.711758332192515,2.975021725288961e-06,2025-05-30
0.9328561456927169,0.05546761026995411,0.011654720583917606,2.1523453371347067e-05,2025-06-02
9.264581779170939e-56,0.9736413823823825,0.026189479651628926,0.00016913796594035063,2025-06-03
0.21975801706046752,0.19260340158508468,0.5869777750446659,0.0006608063097558007,2025-06-04
0.1891882987177429,0.8103627461889306,8.799167625996e-05,0.000360963417017585,2025-06-05
1.0630074718784667e-52,0.9954328666228248,0.004483744349178024,8.338902794330312e-05,2025-06-06
0.004269353286477336,0.0615281363604935,0.934153593517308,4.891683565053404e-05,2025-06-09
2.821479179170951e-06,0.006425028083460689,0.9935719595156607,1.9092161938815067e-07,2025-06-10
0.9458027599621467,0.002221957032811548,0.05197346052381732,1.82248130212171e-06,2025-06-11
6.950390710696568e-83,0.9986061250533195,0.00013521224150903088,0.00125866270510499,2025-06-12
3.4024012671869e-110,0.9974943125258806,0.0014451063319046568,0.0010605811422338088,2025-06-13
4.120789348886171e-63,0.6811812301828741,0.31870596645541344,0.00011280336175857259,2025-06-16
7.673466165825759e-18,0.09189015963296274,0.9081061632588936,3.677108197486328e-06,2025-06-17
0.9506956467147285,0.00458068036537388,0.044723635681580866,3.723827254389611e-08,2025-06-18
0.9289600541997681,0.002416490743919437,0.06861559406351236,7.860992747813154e-06,2025-06-19
6.980921349351398e-223,0.985232755467974,8.907664864999684e-06,0.01475833686710249,2025-06-20
0.11871781300682542,0.8719945724032564,0.008565800870406115,0.0007218137195752314,2025-06-23
0.015428807853099117,0.9835383381362829,0.0008131913099226435,0.00021966270063086238,2025-06-24
5.4189301124625125e-08,0.4092695597121402,0.5896864885414216,0.0010438975571368007,2025-06-25
6.723310907966219e-159,0.9939357452749885,0.005988842937795128,7.541178731448834e-05,2025-06-26
0.581464056379827,0.012060499725446207,0.40646917142735794,6.2724672647494085e-06,2025-06-27
1.9013233684224679e-22,0.016814589538799166,0.9831853869111398,2.355001804362765e-08,2025-06-30
0.9492239616063495,0.00010741231830060519,0.050668563234226895,6.284110951285403e-08,2025-07-01
5.7448139307116384e-09,0.011991919857472437,0.9880065939254634,1.4804722286560722e-06,2025-07-02
0.00863471345487391,0.012358653487932563,0.9790066212459102,1.1811353117040937e-08,2025-07-03
0.938183436501623,0.0003077433368746667,0.06150881983954815,3.2193291145222096e-10,2025-07-04
0.9506457579696476,0.00011583480492458741,0.04923826144627647,1.4577921358302795e-07,2025-07-07
2.969606203536322e-11,0.0070111986230268234,0.992988625365782,1.7598145874323828e-07,2025-07-08
0.822551757058229,0.00038426419616591505,0.17706373452935564,2.442161812812785e-07,2025-07-09
4.656756193287039e-42,0.04284442496157954,0.9571396651037514,1.5909934630623718e-05,2025-07-10
1.0233302504642999e-06,0.010636122878913716,0.9893626146302951,2.3916058161538804e-07,2025-07-11
0.19520199837172716,0.0013903532547311526,0.8034075401185751,1.0825507031732736e-07,2025-07-14
8.258325438804591e-10,0.004369803682721856,0.9956301866938763,8.797660553314399e-09,2025-07-15
0.9344875720517872,0.00017989015647277111,0.065332476732262,6.105936947197198e-08,2025-07-16
6.861170975569238e-28,0.032340303520092165,0.9675789635414328,8.07329385723207e-05,2025-07-17
9.009605298353819e-13,0.03321496383282664,0.9667839297293779,1.1064368168435413e-06,2025-07-18
0.8744377207951708,0.012432277983108616,0.11312980329149792,1.97930199764862e-07,2025-07-21
3.2779856177194464e-12,0.0034631191352788686,0.9965348233646824,2.057496666877222e-06,2025-07-22
0.0035960898374015698,0.012781399810308477,0.9836125154479585,9.994904413875e-06,2025-07-23
6.604013320217322e-45,0.32946164222336777,0.6703493114370825,0.00018904633963865325,2025-07-24
6.187499425251041e-54,0.6830639072624421,0.31580473057925273,0.0011313621582995936,2025-07-25
0.029380753999165385,0.7046320242135854,0.26567249877589844,0.00031472301138034755,2025-07-28
5.019805165808014e-73,0.6562437676886368,0.3437461216815997,1.0110629758399432e-05,2025-07-29
0.9493473717144663,0.008206695877925364,0.04242969967381736,1.623273370214315e-05,2025-07-30
0.15703807212632373,0.8416417240690933,0.0010106418435838012,0.0003095619609437631,2025-07-31
1.614418999758383e-25,0.41339620183586046,0.586584370373235,1.9427790818655737e-05,2025-08-01
1.484441046382378e-14,0.023748739633356344,0.9762501756098125,1.0847567600093737e-06,2025-08-04
0.037607328309367936,0.0023885663721137924,0.9600032885532533,8.167651685486729e-07,2025-08-05
0.03203665739238651,0.020296343955579863,0.947638822521563,2.817613042625942e-05,2025-08-06
0.06103553438023769,0.9202373296137367,0.018547289032385755,0.00017984697362241744,2025-08-07
1.8713060893488168e-37,0.8700553194802264,0.12927261571144646,0.000672064808233821,2025-08-08
8.322692335623422e-74,0.8038918189051258,0.19591321544522905,0.00019496564974827728,2025-08-11
0.8282038708629734,0.14149939033908893,0.03029627343475605,4.6536310863911244e-07,2025-08-12
0.8900344030831498,0.0014625092625780958,0.1085030810033759,6.6508712297350236e-09,2025-08-13
0.9327468208546632,0.00022861479913936428,0.06702415586871255,4.084775787865654e-07,2025-08-14
0.17425026356762202,0.012128154390746734,0.8136208668633765,7.151782171818987e-07,2025-08-18
3.1320965800389236e-06,0.001958748449088371,0.9980379594435566,1.6001067249195506e-07,2025-08-19
0.008696921858071083,0.0022039466293927515,0.989098762725482,3.6878696139123276e-07,2025-08-20
0.035035397616360195,0.01850458287085334,0.9464025712468758,5.7448265917891e-05,2025-08-21
1.4257365689381162e-68,0.5978013172256446,0.4021882201268454,1.0462647462104885e-05,2025-08-22
0.94657639118473,0.009694938711951389,0.04370855088812368,2.0119215147586787e-05,2025-08-25
1.700729781033417e-55,0.8163326252928453,0.18192832486357763,0.0017390498436380922,2025-08-26
6.647207944469176e-78,0.9452748883746512,0.05460005935884632,0.0001250522665157601,2025-08-28
0.8900976120050419,0.04993302576118568,0.059915231277841284,5.4130955879771e-05,2025-08-29
5.326889831601021e-95,0.7604098556602444,0.23914781968561208,0.0004423246541560466,2025-09-01
0.9198716612897421,0.06854921410225982,0.011551869266454316,2.7255341443276822e-05,2025-09-02
0.04072602242774978,0.22184609199793456,0.7372653637140815,0.00016252186017044935,2025-09-03
1.0033727976947636e-126,0.9727999349278035,0.02716612503523775,3.394003699500786e-05,2025-09-04
0.9444922697022708,0.02541227249483404,0.030095424415911853,3.338687123029036e-08,2025-09-05
0.9394508017455842,0.00034106368148203797,0.060208132756262106,1.8165599493340685e-09,2025-09-08
0.9534729747030477,0.0003001369383478132,0.04622688202828873,6.3302297947756496e-09,2025-09-09
0.9233047155137274,0.00019829552189403328,0.0764969384823499,5.0482012642841016e-08,2025-09-10
0.012397379980192622,0.004789968251969353,0.9828124336502199,2.1811768503890143e-07,2025-09-11
0.7882679158529616,0.00047269464183619396,0.2112593321271198,5.737801779808681e-08,2025-09-12
0.13420889407925138,0.003009369216445184,0.8627706788189061,1.1057885431803965e-05,2025-09-15
1.1749304523735678e-48,0.028453306568760484,0.9715370930814923,9.600349834484121e-06,2025-09-16
0.000655796344519148,0.020494339609934083,0.9788494877341042,3.763115198291006e-07,2025-09-17
0.9286016541646362,0.00016030382628745205,0.07123802557519845,1.6433966483053525e-08,2025-09-18
0.00015104982751629808,0.0035847009585397898,0.9962637649454177,4.842684973780736e-07,2025-09-19
0.7028244469398804,0.004854921955199319,0.29232062064652187,1.0458451230654362e-08,2025-09-22
0.9362990300040104,0.0005487572366341251,0.06315219799698264,1.4762351836492728e-08,2025-09-23
0.21474027956382505,0.001579223354574155,0.783678856711185,1.6403704882813453e-06,2025-09-24
6.008112476557677e-18,0.015255867934224432,0.9847399268469036,4.205218845814425e-06,2025-09-25
2.6121738788565046e-25,0.04879432841596745,0.9512041984315144,1.4731524451791724e-06,2025-09-26
0.006577990930913105,0.005306167262456737,0.9881155942948963,2.475117902760799e-07,2025-09-29
0.0013044134192645607,0.004395147478559543,0.9942972173757189,3.221726463294286e-06,2025-09-30
6.89807804874927e-68,0.13929772033105337,0.8606860742383375,1.6205430517994736e-05,2025-10-01
2.8413976916323054e-32,0.03555482693431153,0.9644210807876699,2.409227794869894e-05,2025-10-03
1.9572958081493156e-28,0.025493062565264842,0.9745068948582671,4.257652295363909e-08,2025-10-06
0.9437217968876684,0.00035208526890620224,0.05592611592192973,1.921510461284992e-09,2025-10-07
0.9164959748131227,0.0008698161498434465,0.0826341576606896,5.137644459669913e-08,2025-10-08
4.800396672847041e-07,0.002783220237585174,0.9972160359262271,2.637966094205139e-07,2025-10-09
2.268821446164955e-11,0.0034782409197140493,0.9965217202116953,3.884583357806228e-08,2025-10-10
0.4615901966272181,0.0012524384938852231,0.5371561581983352,1.2066806213493271e-06,2025-10-13
1.8096839517601518e-05,0.05148334556304547,0.9484944547276744,4.102869725277319e-06,2025-10-14
1.0195583687402183e-16,0.02137040993651702,0.9786205925912858,8.997472247396769e-06,2025-10-15
1.723578715987955e-40,0.11549960074446709,0.8844511444102399,4.92548453570664e-05,2025-10-16
2.541988515903791e-11,0.23794553542049662,0.7620540959313254,3.686227965989435e-07,2025-10-17
0.9143072515908834,0.0016597975054304256,0.08403294655952064,4.3442082238507646e-09,2025-10-20
0.9140905166042735,0.00015954899974109543,0.08574979988710596,1.3450883222150928e-07,2025-10-21
3.982262838655656e-21,0.011164943760678312,0.9888340888780535,9.67361290675728e-07,2025-10-23
2.4500783309433784e-11,0.008168159714363472,0.9918315079339062,3.3232728658769524e-07,2025-10-24
1.266524052005101e-12,0.007039408449174058,0.9929603265156435,2.6503391131029065e-07,2025-10-27
0.9630388158769577,0.007754164698435929,0.029206936381719277,8.304296380514543e-08,2025-10-28
0.04456955914938459,0.0019870887663779053,0.9534428344113294,5.176729448247407e-07,2025-10-29
7.993284533329312e-07,0.004854470283511088,0.9951434090529269,1.3213351950939608e-06,2025-10-30
1.7372404617585781e-10,0.03345630647498957,0.966543595136734,9.821459368757565e-08,2025-10-31
0.6320561869944861,0.0009407587515008306,0.36700293990132193,1.1435276652110642e-07,2025-11-03
1.2738223827900624e-20,0.010256571720872546,0.9897420864872581,1.3417917810643914e-06,2025-11-04
0.08731307101262376,0.008219891194467376,0.9044669618990561,7.589395318312112e-08,2025-11-06
0.9854045624293599,0.002737425714388159,0.011857969092855596,4.276336285037768e-08,2025-11-07
0.227084229358056,0.004121498544377222,0.7687929182666448,1.3538309058719097e-06,2025-11-10
0.969646481632977,0.027723304800037252,0.002630032239777557,1.8132727815146182e-07,2025-11-11
0.7969736463252982,0.0031278056030943817,0.19989851534882344,3.272270828558631e-08,2025-11-12
0.9685458626302198,0.0008705730999440063,0.03058351994153233,4.432834604626883e-08,2025-11-13
1.4103249454886598e-17,0.0036956877730998645,0.9963041329176984,1.793092765192765e-07,2025-11-14
0.041740766006582136,0.0016439305681813807,0.9566150705295698,2.3289559244253072e-07,2025-11-17
1.4917496397675897e-13,0.0036482890182576713,0.9963506049988221,1.105982685410485e-06,2025-11-18
2.135983274522659e-09,0.013484834608074633,0.9865151105486345,5.270721865753073e-08,2025-11-19
0.8799201863657568,0.0016028853233343427,0.11847691758281635,1.072803975072071e-08,2025-11-20
0.4694176139564961,0.0010845201234450695,0.529496851841235,1.014078763859901e-06,2025-11-21
2.2445142925330067e-23,0.014776063308734771,0.9852199695296822,3.967161515199176e-06,2025-11-24
1.3770904195148876e-09,0.03725280700814236,0.9627171252324473,3.006638231326598e-05,2025-11-25
5.64524e-319,0.9998850640751948,2.6627839473794483e-08,0.00011490929688693305,2025-11-26
0.9691631020964607,0.003273445994412949,0.02756344017377072,1.1735366252784575e-08,2025-11-27
0.8837365520214607,0.00020299296622181175,0.11606032149132883,1.3352094329207604e-07,2025-11-28
8.771265458291979e-23,0.006756989441774006,0.9932425562171733,4.5434111544895187e-07,2025-12-01
0.2680649586968536,0.003573941482966598,0.7283610693105207,3.050974992092303e-08,2025-12-02
0.913433838720835,0.001105302395141456,0.08546085382407584,5.059853422597369e-09,2025-12-03
0.9084212966794517,0.0007871931429788483,0.0907905574262058,9.527513089092716e-07,2025-12-04
1.8793532163165974e-54,0.1598344062397069,0.8398483772663891,0.00031721649385295353,2025-12-05
1.7737237440555565e-32,0.36998250076326156,0.630012292595762,5.206640866123773e-06,2025-12-08
0.7915898442628483,0.013735162517729676,0.19467353994276645,1.4532765679806117e-06,2025-12-09
0.002319952641004805,0.009795848536904147,0.9878826365894957,1.5622325776518039e-06,2025-12-10
1.7866535571427198e-05,0.01574426795403078,0.9842376443797832,2.2113069191222096e-07,2025-12-11
0.00019170132429565306,0.0025258959207905282,0.9972821302729448,2.7248207137245014e-07,2025-12-12
4.6988506955347444e-08,0.0017617014661537747,0.9982381153168842,1.362283636277587e-07,2025-12-15
4.5919659542588416e-07,0.002450404404997706,0.9975488749982776,2.614000864459778e-07,2025-12-16
0.007073192494063477,0.0032844944229441946,0.9896423049521992,8.130870432025393e-09,2025-12-17
0.9304175662102052,0.00037211761559422603,0.06921030986393448,6.310303283063217e-09,2025-12-18
0.24192024811447008,0.0024248295426453313,0.7556507117133635,4.2106294458175595e-06,2025-12-19
1.4664776791408637e-25,0.02884604458767865,0.9711536339792453,3.2143314728157225e-07,2025-12-22
0.9247062580441754,0.0002748936879317919,0.07501884705988382,1.2080796617124082e-09,2025-12-23
0.8889311048908637,0.00017342709966063327,0.11089542898921934,3.902033218647262e-08,2025-12-24
0.0004530686859905298,0.0018933960232413788,0.9976527147683192,8.205225301726433e-07,2025-12-26
6.161101832772596e-11,0.005870204570433154,0.9941297905024309,4.865559055429741e-09,2025-12-29
0.9388681388123321,0.00012922903676750025,0.06100252035610939,1.117947329164574e-07,2025-12-30
4.404935140933819e-23,0.026533234065169456,0.973435659143204,3.110679171566296e-05,2025-12-31
